1	1	1
-0.231939253900911	0.665171514938717	0.734733996838438
-0.640574191998109	0.0651080743964174	1.03372398841708
-0.435901294292501	0.435542988095165	1.60373810766553
0.749673090400133	0.0518203011089066	2.26408219293617
0.42066426652314	0.218276382653224	1.58481532529549
0.00677484406387213	-0.166062872639837	1.63770926814462
-0.0386053353594282	0.228388317423086	2.40881796201146
0.301653428424612	-0.248991792133487	2.08006736793541
-0.0960872995508955	0.354248960631281	1.90387137703348
-0.251595406609513	-0.451353186489258	1.16871140724825
0.777204685910573	-0.0754848584608876	0.99401112397192
-1.0016862057904	1.82308673034737	2.07314259485765
-1.15583268075051	0.497059067365548	3.61627599128487
-1.58098558211783	1.23258102336984	2.74458285052238
-0.321036253241201	1.48505177859345	3.29510068743837
-1.3886632177596	0.678319257133689	1.41609551708983
0.156088783716112	0.876218710290346	1.43069154459473
-0.43222497774261	-0.106859824033564	0.699495829991265
-0.0778676943058325	0.93881997532029	2.25514447190245
1.19429659986965	1.12441028552682	1.53868355892437
0.0149192708004871	0.692872873931691	0.493687747448691
-0.762430477551435	2.46420716843934	3.37630689861012
-2.69311154215178	0.700222595730347	2.27939854673114
-1.85451217543033	0.25030791333367	1.53291704039393
0.278806457013519	0.889643225454278	2.87556057885551
0.788887764020978	1.57100097624549	2.0028572330515
-0.328447053878315	0.601844798376405	0.70264795715704
-1.22260528297106	1.28525774584524	1.3122977766653
-1.16418166341952	1.57163365079417	1.77412020125906
-1.12801189470188	1.42237569327996	2.42798479046275
-1.95920114451938	0.919755961317603	1.24166918564531
-1.13801455075356	1.45968226275579	0.649716005975458
0.018280627362679	1.38256140774424	1.80394797568718
-0.324403887462104	0.763102094023422	2.51677698194239
-0.997580513414673	0.924352545828995	0.899705162730579
0.183587294539431	1.65223027604635	2.44660575592313
-0.449070199470547	1.23133137034462	2.6292774044199
-0.449070199470547	1.23133137034462	2.6292774044199
-0.336825099485368	1.10576542392974	2.41373611851184
0.502733892938668	0.632886678280187	1.33101901208167
-0.993565342523599	0.653474121870799	0.35706068459519
-0.266015390696226	1.43445252425936	1.85142671730669
-0.854984383257452	1.44710201302249	0.891856207285067
-0.229507699446689	2.50579524322655	1.96867243424589
-0.899343968461132	0.528129070383149	3.05076156354425
-0.787582587063401	0.48589588151793	1.74619735465179
-2.29511679473899	0.967222354228373	2.66421703885073
-2.34186663040668	0.176102494175084	1.95008521340332
-1.20192976262302	1.06036815683007	1.35839000916684
-0.522186694550486	0.892846338827451	1.76202431086983
-0.0640930553281928	0.980303426799497	0.993259904077253
-0.375449258790498	0.593413514577489	2.15671368032983
-0.721268528560481	0.781622422570811	2.33816316816406
-0.387064272390459	0.387576454027359	1.97507269089833
-0.136372477015862	0.603261865456519	2.44824729016985
-1.70768411615011	0.486102836995142	1.11457302199693
-0.0114781691381989	0.898976401378256	2.77792145375646
-2.05698702624975	0.549411199320631	0.324272781762822
-0.901265259200371	1.52065980779379	1.47099178573926
-1.39260138851636	0.216166289255359	-0.27909195173905
-2.47692873016091	0.830931163307034	2.79450468833134
-0.871121286395829	0.914279370818303	0.872439732509328
0.153668125896615	1.24270949579487	1.92479339164175
1.00291151671402	0.546200762654009	3.18350580140623
-1.90333327359137	1.03527208922668	3.37646444215114
-1.34837584632839	0.343924756162865	3.47451382172759
-0.0828150762428357	0.832309138084382	1.69006074805563
0.439457713408512	0.950478542785523	2.29184005910966
-2.20209342625675	0.798537357576425	2.43246712662313
-0.706359492023888	0.310921817734932	2.13432015406512
-1.22322548834462	1.21621708319212	1.73685528138718
-0.800566631669526	0.675876906240871	2.99652735443391
-1.22065278384648	1.15249308357667	2.67970944252049
0.0665647262692236	1.23652008885229	1.84931117853103
-1.58708403791445	0.0327292422114175	2.26618286301215
-0.340980641249077	1.40068153624936	0.705822091623123
-1.91471671099503	1.87043084810287	1.48643664795232
-0.410447660216828	1.58608202612799	1.69363607266452
-1.08464441088417	1.17246449637691	2.43357537434157
-1.07203685150227	1.41316008904987	2.04801691427092
-1.36182924518283	0.33394877215984	1.74858690958963
-0.661488172362495	1.54017299860671	2.26347004606996
-0.980163906294646	0.531299504195691	1.7736722576138
-0.262146625214229	0.214474429969605	1.5625347448465
-3.06987535726971	-0.432227502114081	3.31779102163474
-1.58168019192202	1.18867775250164	0.958584801573587
-1.59818539110334	1.12052357161358	2.05904429931012
-0.300723880810851	1.56150266404537	3.55223302009278
-0.555869423104074	0.92304528803337	1.28607129929221
-1.3644920030432	0.978503558412911	1.51932739296226
-1.40224528570121	1.19089220912543	2.35293064919524
-1.50630365727581	1.42836883784668	2.09420581707655
-2.079831253744	1.67666051477712	2.21194337876956
-1.97861577139166	0.507569516515511	1.81788962266147
-2.27885216680373	0.691459528516418	1.79520321650128
-1.0122158547345	0.0285604631204739	1.04640870842911
-3.11434681394544	1.10169559659313	0.962642996991591
-0.717026478597278	0.833354205616829	2.05133554239331
-1.28288411426383	0.917581932031657	2.17430451338298
-2.56731051506233	0.865394944544887	1.11816668277246
1.78785349339449	1.1441598933287	0.993155882939203
-0.310028294681189	-0.831520584526003	0.855633062168848
-1.60471889172154	0.500688532567208	0.953915189591185
-1.04870668704967	0.694034418960059	3.56090268353833
-0.0744060285872618	1.73316616725033	2.73085670011139
-1.82513893632193	0.357209278938658	2.72477346632683
-0.29771451829154	2.59887056654192	1.76625908216679
-1.22317084793907	2.53944932242208	1.88918763771557
-0.732074301574395	0.929960926646401	1.66527533027627
-0.767777503203261	1.22652286067776	2.03866247099385
-0.875295073723856	1.57481358270396	1.19951120918999
0.00800766851211066	0.920390961379265	0.934290211553069
-1.73614662499492	-0.298993376086723	1.38215957065143
-2.31410849497552	0.724225901424014	1.97135466126237
-0.291185509925609	1.15724241886068	2.41798573797342
0.042395490673151	0.567218016760483	2.29304695176703
-1.9639573420965	1.05858266115709	2.31146491439282
-2.30982327987055	-0.148755990589549	0.669072127501264
-0.462155547839348	0.0543620911722208	2.38477303461756
-0.116340501853686	0.153543119439425	1.27109647061005
0.255600837514647	-0.128834436866271	1.47043677276456
-0.760265686179983	0.963956431760666	3.50862475067606
-0.992441070768004	0.567809827762594	2.73474185567753
-0.0972049153547944	-1.47561901742874	0.854460332857012
-1.02561084853055	-1.16209519096339	1.11115666136936
-1.66260335157454	1.04331572575743	1.09303543233381
-2.57441757840609	0.359223551205198	1.41478283880974
-0.522154183657794	0.525808889438055	1.95114724712002
-1.61626434614968	-0.463130951926289	0.658432200823015
-3.21002319585913	0.0712618500043984	1.27033217354408
-4.01556213848735	0.808110009974181	0.387007442072881
-2.70825901192619	-0.00273586015676064	2.03751839549668
-0.112157840176857	0.183995712894626	1.07857772572874
-1.30546119875955	0.393128202266171	1.16465744298427
-0.787312015389741	0.704458484802005	0.814664462308578
-3.72226843739066	1.35544066271632	1.9939625192221
-2.67872384988989	-0.460393672469612	1.07875402318126
0.168362537369196	0.527613753461282	1.37242165490912
-0.656003764586853	0.826593227746032	1.65007439204065
0.485511412447751	0.755388376909226	2.29850157371186
0.00436996707427206	-0.606318961091472	2.80476111918743
0.747100802857102	0.164510873672823	2.91214525474064
-0.276492856765678	-0.542976405475318	2.02462210481411
-0.810957466368862	1.42298261369408	2.04810977317523
-1.4479376312294	1.47380453587774	1.80097126176089
0.161138787352792	0.340760506837959	2.75309094068766
-1.27419582000656	-0.239253126612815	3.1860989088443
-0.707101491446537	-0.327895843629863	3.96745556620677
-2.02683678683189	0.556867343874619	1.36811970598618
-2.3010868938606	0.612719011661221	1.86494611370932
-0.273022996128889	-0.11588290494157	1.39346249653702
1.30981757261253	1.01651162093077	1.68681319572949
-0.102654977548857	2.43018027870682	3.5601857036588
-1.13675824888894	1.69347655950401	2.46580657345838
1.55247727963073	-0.439116772693647	2.24461170043636
-1.48489760376593	1.13576473196855	3.30554252354155
0.0536154962154856	0.925121197132882	3.30131134976579
-1.93648077124685	0.560691495560167	2.31571035403705
-1.21868800386608	0.0672738244122302	0.953609553442384
-0.477564817833162	0.614765740677232	2.0735713918811
-1.80454252046479	-1.18594244952242	2.46658646071157
-0.635504258021665	0.503744015831209	2.31966530384114
-0.327949013654599	1.52930144078175	2.79693499745427
0.515232997554028	0.989821740928116	2.35953227071645
-0.548085624779985	-1.25104328836018	0.752252014308151
-1.02573666133555	0.298634330763997	3.0054132446176
-0.584426927471108	0.341833423445623	1.1143207115408
-0.584426927471108	0.341833423445623	1.1143207115408
-0.405371759130247	-0.949493238385967	0.696215406865508
-1.1976599137141	-0.659404557253958	1.16677615893082
-1.57592078956296	1.13364683628522	0.807231207080357
-0.55608414434435	2.92469846628617	2.76870879814708
-0.619658832108286	1.26275296745704	1.91191133283658
-1.31389119351108	1.02663406388892	1.93253529319754
-1.47728530353199	0.77583350948026	1.77065424646285
-0.703505647871324	-1.6588337208419	0.891470681318494
0.120247052606704	-0.591020452245633	1.47456531617833
0.433734729588521	1.61761812504604	2.04168139648423
-1.64763807109042	0.79378669506368	2.19769062971625
-0.796023729596291	0.65106311145022	2.73971426754766
-0.325483084374794	1.12045577555158	1.98048032409962
-1.09694905894019	-1.80004871463166	1.61579779808094
-2.94739205434498	-0.166854677958176	0.798476182596896
-3.82854820238757	0.28075520728902	1.69929288871687
-0.571579565173812	1.5710514321837	0.838571668096852
-1.71594871768591	-0.473712892471409	0.937685401278926
-0.985455989042119	-0.260240599786625	2.03431713303435
-1.30908328616742	-0.407815108387995	1.90789467964995
-1.10379727222931	0.013506339552874	1.33809766354326
-2.71730670370308	1.04767224418928	2.29545885878383
-1.36718650123364	0.92711879568481	1.63004717357072
-2.22778161803709	-1.43192839562288	1.36735936373564
-2.22778161803709	-1.43192839562288	1.36735936373564
-0.80647749792398	-2.08588711903954	1.85468292961009
1.88944990543761	-0.800248490148636	1.75560094082677
0.0370817554716889	-1.16214558796401	1.54519935361499
-2.12854845215689	-2.12439163751234	1.55877216821699
-0.898099723725985	-0.589104598323471	1.79279686774602
-0.466986120752672	-0.367693008310169	1.14713751247461
1.39152204293783	1.24601165209901	1.95458148708118
-1.97119775740807	0.680040601988049	0.853712372128222
-0.791640789490631	0.0898778802834943	1.7660398873511
-0.771315066837877	1.28683653752679	2.27237596688651
-1.10100870036566	-0.79601803221027	1.43415247085751
-1.15778565415367	-0.452449626758855	1.84637601342973
-3.44654075905764	0.0282174263123108	2.10020954512643
-2.78066814434343	1.39313609381995	3.22614182031998
-0.990902617717728	1.01026066225484	0.853274921525731
-0.100617906132948	0.957662247461941	2.40502107217817
-2.79362255417045	0.43304780372212	2.06733030520921
-0.27996147691786	1.57631554049809	1.79734514385324
0.757193125081588	0.346413683194194	1.25890789881115
-0.729579075949555	-0.986519651466246	2.23056735397013
-2.02136110535927	-0.0269534816756419	1.19965259673626
-0.165607800905556	0.300013784826816	1.59251490750405
-2.00315310707643	0.220415343747406	1.02254373633337
-0.874199890985704	-0.730756884572588	2.66415678431237
-1.44335399904432	0.871131597571415	2.75928158720641
-1.59775860525294	-1.48757134127299	2.48140020399119
0.190057316017509	-1.33067783072198	3.44933527107993
-1.75751457336418	-2.21233344780627	2.73314269294615
0.278727152772511	-0.458964307948444	2.31745928831508
-1.54170251522315	-2.03733993048694	1.32116880333204
-2.36381696215615	-0.991623335236131	2.00617320205172
-1.22703599564525	0.246553117917281	1.30713242859694
-2.07855288879143	1.21904227057711	1.31339331709809
0.457553675182294	2.72393016798329	1.97314390828418
-1.58019106340265	0.8287865610225	2.57249979906637
-0.931162813427491	1.76168914473021	1.57304142476763
-2.69158262441544	1.18716980532183	1.65759958686805
-0.557173330427029	-0.683178750895979	1.41690839277358
0.668945859402845	0.315929435006781	2.87745898663392
0.0565284840181509	-1.44488673691949	2.42307264606076
-1.65848186411922	-1.73545039025962	2.00706384145613
0.30091664639471	-2.4822665491077	1.87969885140141
1.43824271584021	-1.53413354196907	2.56575488010003
-0.227054535351641	-0.993056350604236	1.69318009613725
-0.709610121774032	0.365438789464929	2.81207744460264
-0.467751097328371	0.157882999791865	2.17128092003941
-0.812358843792083	-0.0309894550853763	1.2685352613545
-2.3912748189381	-0.0978282005509068	2.53267061083525
-2.97284584695467	-0.744290644959056	1.79704152770206
-0.0378783249344133	-0.805976935666271	2.15639104048007
-0.539243803979515	-2.77988679557858	1.79072290617316
-3.02193552075143	-2.00142548577776	2.23251045157666
-1.9130163363392	-0.984663978422936	3.1831134066054
-0.606348640422657	-1.4567012743798	2.61053674828884
-2.83405240092351	-0.570412031298428	1.70671547379099
-0.656896984433471	0.356599530599905	1.83444918144466
-0.119769343492075	0.729760337553419	1.51285432648866
-0.948624062579086	1.81639559660633	1.98584370356999
0.0498544421190952	0.941313240556583	2.19218341863842
-1.9923003181904	-0.145870016332279	4.01483532352295
-1.29866324195263	-0.213129571274313	2.66052658800416
-0.902789682923271	-1.39289993368582	2.72832610380983
-2.32142608289287	-0.720537639951722	0.818096000105208
-1.36533576552825	-1.93960554349572	1.74686333312033
-0.396570168830066	-2.24615166487902	1.69590144105381
-1.33062457625395	-2.24420443120806	0.190756129546013
1.05066028319389	-1.15884837903387	3.52291027551742
-1.62662215805856	-0.155294508181135	3.4854671307821
0.138210365468252	0.0625996649450767	3.27794808074266
-0.883509235129033	-1.72103291635188	3.10354966740471
-0.223740332969467	-1.24972832493816	3.362052188373
-2.48928180943814	0.80026869626433	2.75573660058323
-0.952568513964012	-0.144424000200545	2.54231308359808
-2.69344536692003	0.818725178755055	1.72715019424754
-1.14086212554764	0.895026359358056	2.11578534061117
-3.72623574100855	0.0171076644440985	2.21400366529504
-0.453103691677643	-1.22867422788689	2.42791246604027
-0.506014388326704	-1.05430085715786	2.79614082278203
-2.93752812226104	-0.410413838006042	2.38360328534149
-0.694098533838054	1.61430797956979	2.39040310424381
-1.97866029577949	1.64828155946487	1.55822726482639
0.426766602331213	1.55263161700007	2.01379179554229
1.32606714868512	0.780273240976143	2.16931985153082
-0.00848557746530343	1.84335903147777	3.01365324203107
-0.829816513000152	2.40759981742844	1.88994456763732
-1.16990913054018	1.85871247780111	2.47937532195908
0.948908211714297	1.42148403946603	2.27560965293953
-2.03021903486187	0.890647862099308	1.67456684217531
-2.10700450915673	0.58978225173418	1.66793505625174
-0.133765425190512	0.044390024822361	1.83985030703935
-0.133765425190512	0.044390024822361	1.83985030703935
-0.349316629802916	2.21048633734547	2.71397843725909
-1.30733043625941	0.491312457066325	3.17681626258036
-0.2586830407943	0.765508793129729	1.74737648095558
-0.2586830407943	0.765508793129729	1.74737648095558
-1.0139913209774	1.25284815234443	2.63143830259297
0.723014514997813	0.762411133895142	2.20155187733046
-0.227286224145857	0.71231634876163	2.92511546725196
-0.89733223816527	-1.12205120580157	1.44211426244928
-0.670367544970397	-1.43988927841598	1.9773058481977
-0.0806240700747897	-0.67315877886782	2.87276000073834
-0.657340120605596	-1.64358505069354	3.2265071308078
-0.796833147294626	-2.66311393851081	2.6897867635914
0.978350099891133	-0.998851799946932	3.51489125925612
0.0108540079103302	-1.22621417641891	2.02154456232819
-0.356658949225216	0.0763149251789831	3.46737978988031
-0.507138828895803	-1.44366358990741	1.93970858447193
-0.432496876888969	-0.849604136933548	2.43090966897704
-0.184979518108899	-0.9653082971884	3.49045144926777
-1.57034388069237	-0.352581739223126	2.51541492799239
-1.86758144515499	-0.716897105830049	1.98875223921795
0.180231712542557	-1.79923244788978	1.61317206545266
-2.01108302660844	-0.816931531767689	2.99155752726807
0.0743693142297698	-1.37267057476782	3.4066541392745
-0.382695133562047	-1.43885469595483	4.51925724679774
-1.02683579917833	0.810036253309338	4.03405730945175
-1.44288979452311	-1.11178728915434	2.21864251107013
0.123217127260034	-1.16931659919395	0.493629442851274
-2.47476415199403	0.360906341051415	1.41932350624011
-3.1415213107779	1.4833766616556	2.3380466345992
0.951104271993276	3.82241426972551	3.03473288472537
-1.01017053848914	3.26572623440785	1.86194156576382
-1.32213665653947	2.12569702801587	2.67438996436283
-1.15193807658129	2.29649621323477	2.20980923192392
-0.70140983431058	3.21784238457868	3.48093300762407
-0.345571183196988	3.11523524965748	3.95635385378355
-1.66023255664272	1.56480810282809	2.20385716032592
-2.28591803440286	3.05030559266602	3.27858140095081
-1.34387876095107	3.10591477798355	2.66175899361728
-0.195088177553648	4.06526847014765	3.61660346312029
0.821146558471682	3.22939316909031	2.47890253350912
1.35218778811644	2.56890720461125	3.02262649066136
0.140286011243582	2.56188589640376	3.03248033845398
-0.55234169383514	1.15085155448647	1.8529774005437
-1.41177926995081	1.97344590653371	2.21645632097229
-0.509439462187766	2.2425138690717	3.4886539508746
0.168553034442749	0.817643268225916	0.656600893842227
-0.624010385785973	1.02007840422266	0.924539864403469
-1.16735299960144	1.97717708801108	3.11846419946625
0.370326921449665	3.79624367287437	2.56278024227088
-0.76501067006528	3.31036464543348	2.67362661890544
1.53845775663261	2.59034600382285	1.93318572644599
-0.498932248615641	0.419426762064115	1.10472628345285
-0.123592095917545	1.34365766551852	2.1088267745991
1.02700191174317	1.26854900767243	1.86653478344463
0.736853822465547	1.50919279242498	3.17980359203942
0.159582522792064	1.32496636237627	2.26163149617494
-1.02295484899825	2.58870027858746	3.64433221011609
0.88533186976436	2.4074246294784	4.27837494285392
-0.853397600470643	1.57916652764402	5.00085791899107
-1.3449287222032	1.10704576225066	2.55840024317867
-1.63708231540109	0.308209235528286	2.28304733724039
-1.61900783200758	2.24800299257119	2.83285244864838
-1.41189687375774	1.08011720164783	1.8738441678658
-0.715545451986498	0.841035569717646	2.34286090428033
1.36630537736642	1.31113630314515	4.75243559921011
1.18665508955989	1.34120142274381	6.19978096261969
-0.202771197105501	1.4959321833071	3.42693842573537
-0.202771197105501	1.4959321833071	3.42693842573537
0.160050596596964	0.882366124561157	1.96588023184918
-0.202893364815075	1.35347354824812	1.31082543992348
-1.40012651424441	1.53668147192388	2.15068317081102
-0.704738558084241	0.901846689631556	2.83968983984485
0.0303878685031597	1.06255130322076	3.77499311431379
-0.587780157699407	0.271531528663487	1.35369234372082
-0.287857920968237	-0.660547217048849	-0.138771018774146
-0.764998408126217	0.809353223853329	2.3734392963309
0.420928235279998	2.40133143608212	2.10345498441924
-0.852038604566661	1.32327898349355	1.29023155297723
-0.885407554787406	2.6616677804816	2.79721778553217
0.279621315800103	2.00303349139729	1.13207368035974
0.550601810394431	0.50324182040502	0.463734091942015
-0.750171173688296	-0.0501232894498236	2.79896270460767
0.30414518484523	0.840874140880942	2.78170712398232
-0.0247035753087549	0.495220113735747	2.80212353663747
0.316061110265709	1.94924102312713	1.78972779953169
1.3758861707469	1.48771860879658	1.38990999219098
1.04980198341898	1.16731353261246	1.20031910850268
-1.52907309602911	-0.285981960631636	2.16429521624237
2.24267818662594	0.440318915757801	2.74825865959566
-1.74967221707836	-0.184514702111747	1.15496708944754
0.0790544120559806	0.0454339447682732	2.46149898511446
1.12660572921574	2.27178122502805	4.02428700848092
-0.226322037568121	2.47959845145339	2.23580476613883
-0.918891825652388	0.264830127473545	1.82882842639175
0.783946316633353	1.66317980161736	2.48743002078983
-1.88755412107974	0.576479967627691	1.91881924139179
-0.150654584327162	0.815700868565535	2.18483610301586
0.736841881905164	2.51399807045946	3.08681695942257
0.196205597120637	1.05293680250554	1.74181547489753
-0.51716984976795	-0.188242404253018	0.433159775206317
-0.249446501104047	1.44718135784173	1.55761525199256
-0.874038465319206	0.64507575341402	3.02255303302396
-0.715044297567328	0.275764953866082	2.12791021096005
-1.36684556736814	0.897311563296315	0.17861314728383
-0.469588364350947	-0.0588891524851629	1.82504808029195
-1.44976846310662	0.29613311746673	0.933290336359125
-0.492585617601064	-0.0694461565980637	1.10690670048072
0.419595874793195	-0.0634316678297778	1.47496170878984
-1.39710979673291	1.55778049402436	0.333039977925568
-0.748351148570075	1.79552114205459	0.407009120515968
-0.294699592013203	1.97622106159209	0.670136043215464
-0.544826469731557	0.515019733407031	2.40739115536181
0.125933012554323	0.0399627833633545	2.05569010866121
0.00820972574258994	0.566522961314457	2.80490923939179
-1.56386510409041	1.84551600809387	1.81269436306133
-1.10296285171461	1.0834555066088	0.473467031918624
-1.04693337602365	1.51600023449974	0.150513614360409
-1.29741777548515	1.7584603933191	1.59068060071669
0.502173301190226	1.61445052010966	2.06389864532356
-1.06849885885378	0.191227212034679	1.54481980055241
-1.7994901778571	1.76711685111291	2.79849405512813
-1.7994901778571	1.76711685111291	2.79849405512813
-0.497693978018578	0.805287036141479	2.26051621124953
-1.22566473028092	0.539620864795842	2.16515376508521
-0.101663995539176	1.13572466339931	2.97879739486151
-1.02912518510369	-0.0374742548223541	1.65829422122638
-0.550103524912269	0.337066552497654	2.20341352554513
-0.109481013704772	0.832653366060496	2.41767234636783
-1.08645822515635	1.63573035798302	3.0349743688093
-0.219964012664236	1.16710789399505	0.978137502903858
0.233281981970669	1.02712544065255	1.11122155129853
-0.0767489975269408	1.23875709570268	1.82192946978148
-1.32473731002639	1.091868416896	1.46497685616161
-0.73230519505165	1.24355175482991	2.37007372224901
-0.419679291181702	1.77040401090934	1.88454554487813
-2.2658173641602	1.89136772273534	1.98745038452501
-1.19447714700336	1.25469458553571	2.1510455287833
-0.758698190937763	1.74481480908276	2.15913064218014
0.260107377599566	0.387454764767719	1.83935709411614
-0.839773812449797	0.425281126209269	2.87120989769634
-0.839773812449797	0.425281126209269	2.87120989769634
-0.489530179027006	-0.693164719671473	1.59444079724029
0.0602842942298868	0.567215741324313	1.97906162233127
0.0602842942298868	0.567215741324313	1.97906162233127
-0.568800528041558	0.796148258135455	0.702463412648245
-0.910742635306393	0.717325865983628	1.92660961627898
-0.256553298282349	0.444839875495969	1.96474224243903
-0.835360575319953	0.934574981793091	2.65693351046129
0.161907740802767	0.54585706421887	1.67634294388463
-1.08945155411759	-0.186392443085972	1.16893610223912
-0.357844435917449	0.535404090968325	1.99828849983924
0.143961351974459	1.00414882246729	2.92352723563698
-1.52589569036605	1.60385462110159	4.13058904673148
-0.571928019818714	0.940691251823613	1.83726333843278
-0.571928019818714	0.940691251823613	1.83726333843278
-1.1841899399757	1.99245803845701	1.5769364568507
-0.523054005957634	0.604747793675978	1.56041245577469
0.420887667884375	1.06913930797539	1.18637122960236
-1.35270860970105	0.365537188955715	1.13949496350947
-1.06175083241352	0.792793765933359	3.99581717881582
-0.608013581354644	1.36644579987969	2.4983664742178
-1.04357604195232	0.178306405442505	2.53223364408449
0.0120260215556031	0.366011061261665	2.84503300888982
-0.713269506785674	0.690141369449725	2.18404737090223
-0.914675385644244	0.620402879552579	2.48456623665007
-0.415877027695896	-0.261781246228711	3.45388084489138
-0.850768043627219	0.628508562152682	3.7150149544891
-0.202248432894614	1.53294860872613	2.25215891989797
-0.821926594519359	1.44800827817628	2.09535209721927
-0.873044605152798	0.916258699169165	1.48501735360064
0.08422802674534	0.0624616931351365	2.12877193259528
-0.707846244657219	0.168244750651539	1.97626334673989
0.0448088122038357	-0.0513950925709754	2.08050285667999
0.0448088122038357	-0.0513950925709754	2.08050285667999
-0.440721183567684	0.578555860772632	2.82075568241575
-0.440721183567684	0.578555860772632	2.82075568241575
0.0747222182082598	0.363941621696569	2.87443787136038
-1.10185495386049	0.854023037645418	1.87839549849475
0.231041493087734	0.812235420444536	2.88305119918164
-0.253789925516748	0.386552801262267	1.90361058007315
-0.470851407674177	1.17821842048477	1.06443520000745
-0.363718992944614	0.938499019732629	2.4307876814037
-1.43916379906541	1.04589625950348	3.92454684615174
0.281043130539158	0.178528488200889	3.42749623392545
0.281043130539158	0.178528488200889	3.42749623392545
-0.283568202782457	0.710957877414662	2.85959979112828
-0.571810436009041	2.59335288924891	1.60277976809607
0.103379851609988	1.73055717785379	1.9644894112678
0.398251653168803	1.18452472093001	2.34245820681034
-1.83048159299086	1.59279996778181	1.29266837695144
-2.96553746486187	1.45187454872106	1.34961455970553
0.166746992560002	-0.0189994917825878	1.87931241533729
-0.668664476064702	-0.130444509188968	2.03509889724712
-1.55486750735855	1.03443163501387	1.27963540411352
0.257724010586669	-0.607958598662579	1.55127878804242
-0.177790556078224	-1.20992219483091	2.69065128449817
1.01308094902369	-1.18810982242088	1.75042392388145
-0.157516831566811	0.783266213910152	0.565171337423359
-2.37145574591271	0.989823053615103	2.38735597934582
-0.714621238181332	0.79590782144522	2.1994343723765
-1.26162402625213	0.343702667510257	0.299269251028878
-0.96557947498275	0.983090022164456	1.36131122122995
0.459462692568676	1.21171244096068	1.80794052716007
-1.01867359795999	-0.317281545817787	2.97585785265379
-0.519175670727101	0.683210345282075	2.44555824775078
-1.66488717212528	1.02992417001513	0.795088591556076
0.609138209104381	-0.838143284815401	3.23292115783923
-1.43376347416644	0.223647425339748	0.653873402863063
-1.63986803863507	-0.050758351865368	1.21396567925363
-1.16276763803801	1.7649368452591	1.77471697943575
-0.37602208473696	0.422397941361824	1.48106050052699
-1.25809777149305	-0.240141044444764	1.5858584204709
-0.277447323168846	-1.10150624330045	2.83458172733735
-1.72055298654497	-0.598972960092609	3.09371885092511
-1.34292684711224	-0.546294592988866	2.45901193305949
-0.495995566681834	0.439235095888789	0.466988227478603
-0.672619007775465	0.809090426887356	0.936392451707568
-1.03368885877476	1.41171035674634	2.07249337014585
-1.44372171957683	-0.481817630819309	2.5175113083037
-1.96103460050338	0.224126792733383	1.69027310375956
0.0821267396855283	-0.445276926042312	2.18248293722798
-0.571202718680247	-0.896381639027125	1.00806327785414
-0.753914047607241	0.169589491855194	2.75932111833343
-1.93787760594383	0.449377177329095	2.54576302783878
-1.02202801881191	1.64640955575084	3.07088223137721
-0.109606672215524	0.916032300330043	1.17666688387239
-1.67434592221368	0.0767988395206999	2.71965050431712
-0.318115344596712	0.681487558102589	1.00979594983142
0.198320096713358	0.938167816774434	1.43159150041936
1.428643599393	1.04533220464586	1.02151179065785
0.194069247090593	0.840325560362592	2.59833731152896
-1.30108479722725	1.16529648633907	2.18293536382981
-0.54265347397006	1.12251370823706	3.20653301997005
0.947242347570882	0.012381672745424	2.64605213913693
-0.962482205652205	0.12678675494255	1.72393590707648
0.260087747700214	1.21673276159478	1.00185268352738
-0.756144055561977	-0.0598806527897359	1.22959947782923
-0.147073869953527	0.478808908763834	1.83637140907855
-1.8500990057571	1.83155410285011	2.19691621525474
0.216817615763662	-0.0459907657030843	2.69030028594284
-0.439155334902049	0.102658637510049	4.17597227454699
-0.926153907983458	0.853114130367834	1.50758234328613
-0.00619037627230246	-1.27121067180562	1.1998707225115
-0.18725060552828	-0.414438539399345	0.876888596498672
-0.149030568202174	1.49969971030385	4.2375149178771
-0.403276564979727	0.204937892269797	1.54250028578911
-0.36313283417577	0.8758164314295	4.60697414899641
-0.883693519095195	1.36997307516249	5.66911789231267
-1.20192662219399	2.15475231687339	4.05254434208906
-0.539958294394202	1.46970779909683	2.0449739916296
-0.297514176740742	2.13308908719873	2.41380738877085
0.1879175927294	2.06166200016456	1.96778475856413
-1.4994638324563	1.52919084215653	2.46198782952119
-0.696477743768528	1.68369008335459	2.73723601404754
-1.0076734861663	1.00411825698226	2.97621388542763
-0.733927030852061	-0.605703027671612	1.50499128720889
-0.563114340347839	0.108139616973478	2.6672793496765
-0.563114340347839	0.108139616973478	2.6672793496765
-0.091153798839116	-0.0114449669349722	2.43077208821512
-1.2238828185183	0.383329573628297	2.28235005726683
0.50854850144943	-0.362125752358116	2.77965418116036
-1.5604716749607	0.462142103808397	3.2775998189886
-0.823678876088167	-0.817745146076938	4.80807155070231
-1.43837906529826	-0.311507223608407	3.82992146454404
-0.441150702211799	-1.05064690104352	-0.0426700138011009
-0.709822837731437	0.0866039114233144	3.67534221751501
-0.383186941466447	0.605105175329226	2.42515675012241
-0.383186941466447	0.605105175329226	2.42515675012241
-0.991403440645507	-0.400413054286826	2.30640587882324
-0.47501775355945	-0.181300684362442	1.81703168295322
-0.326970492548574	-0.638604805850587	2.44369197913161
0.102305216067759	0.206546717908239	3.60813281194232
-0.345656907140185	0.598910047507996	1.89406349291269
-0.227552339191229	0.719668286532261	1.94557108345326
-1.062610708261	1.45517401482595	1.51296014971559
-0.560149146594585	1.45999052676635	1.20455842870495
-0.338248556943531	-0.0677952702592064	0.274061021460439
-0.25762846723478	-0.244211313450203	0.733312160247681
-1.51545794864218	-0.0967113663766195	2.42975250953042
-0.4798588500613	1.35941628383717	4.94001368984952
-0.463463531741535	-0.229642040684343	3.55334579759022
-0.377936964540396	0.0418942186334839	2.05098084692514
-0.0710096613998148	-0.142394569375102	1.33494080762884
-0.252705584541966	-0.115279946807204	2.20726431758836
0.459573300018283	0.585950851093148	1.93208506039386
-0.258486877270871	1.85972320664105	2.03960217416061
0.087279234436886	1.00381582673084	0.754226617128682
-0.527190502968994	-2.25324043276317	2.29116870691877
-1.80890009631992	-1.3809989632686	1.91786684167917
0.0287729239158787	-0.13824582215382	1.1065537564833
-0.0660469163561323	0.112297105423515	2.8515489431737
-0.390657329559864	0.0957528294879038	1.47690794477795
-0.512199177885673	1.80487592138727	1.9354176316495
-0.112345204987716	0.668845291564317	2.29799337589112
0.124015915772799	0.809616562083818	2.66164739527653
-0.203803077458474	0.345734511961155	2.13606280976573
0.894214850537343	0.505776419153987	3.27499466086016
-0.391491115908825	-0.248427077345631	2.34426172933081
-0.781137423682553	0.874711548170206	1.94418886203646
-0.122336502789908	0.913389503308239	1.0514242211335
-0.341917689023298	0.507398486003963	0.117304293982398
-2.1468621322121	1.49584891785101	1.33490552172963
0.365271773879364	0.386338841757203	2.14972416402469
-2.49278071603278	1.11568121870525	1.85029073133897
0.817200026527934	0.599056112185121	1.6690964836012
-0.592076530698653	-0.323887365266316	3.48646843784952
-1.13019762472411	0.269716859978316	4.17378248202357
-0.456966037979474	0.215729962219629	1.91418817879667
-1.15646617175073	-0.3513622789617	2.92874449168265
-0.819828506206158	0.461498689342046	2.5196240104985
0.402607253919268	0.0185303182791118	1.57202684293603
-0.547963287470864	2.52157753216057	1.45474690462087
-2.46464047573223	2.10865682550498	1.57357036743685
-1.70603130555438	1.16088686918897	1.06900070967353
-0.865188408260477	0.394460128442688	1.38349517419715
-0.243143550710073	1.54446328102333	1.01555976358514
-1.31292374089424	0.885610853913133	2.06611610228618
-1.42018173440861	1.58493189878155	2.3181642255435
-1.04196845205925	1.5443539850812	1.91267259967581
-0.912194389548712	1.20277956904732	2.54335539143822
-0.69198881920704	0.728706711693198	1.78675404664687
-1.11253811211805	0.201842398360696	1.41469615693232
0.276078889431226	0.756751472358197	0.479989447786045
-0.621611915637323	1.5126760762501	2.29816602480676
-0.0168069199541017	0.483969065433882	1.32490437293606
0.0866419488220072	1.13088638918761	2.43382808755016
-0.264657272534584	0.66228943935524	2.82734034807209
-1.24049200971328	1.67686408700445	2.41629539949327
0.169029191168247	1.46202987705443	2.30227339379748
0.225413577828026	2.19104280658888	3.17798973718412
-0.69822056835594	1.25186219880351	2.74566831388297
-1.21109031933116	0.185535089342716	2.15308891346889
-0.343537644384768	1.94515311072745	1.76964920251656
-0.00469074845039108	0.409896308605936	1.26658472510606
0.792145319549472	-1.1883781432549	1.58841603630749
-1.45804727684032	0.564467041093336	2.14652358433623
-0.816810912299015	0.519957975523386	1.74311140901081
-0.274489828835287	0.712443877914333	2.35869917224509
-1.55960831101337	0.0436773685263852	1.83069172337765
1.09595844817902	0.576925061816896	2.96471703277734
-0.893471459229856	0.7335972563263	1.9051330586103
0.12109304644897	1.29298309181988	2.08751548061311
-2.63238693691112	1.45374505421691	1.64145442522142
0.779735639172974	1.19512664385714	2.0191617189417
0.111147934115995	0.715065717417269	1.69604810307435
-2.7925353366471	1.33935590764789	1.79801100217965
-1.90807662695842	1.92748057071593	3.04645599245612
-0.436882666241376	0.15901947490687	1.93706334011373
0.440410181379121	1.18121714404207	2.05053643884329
-2.98509005932923	1.05860717088312	2.219012628294
-1.59895491344117	0.713643547806582	1.85058387203295
-1.60156898984875	1.07619463035517	1.9722887103774
-1.25426289569378	1.56276228663233	1.63954109286617
-2.32314961073995	1.76806121612105	1.88224300310415
1.37926467335334	0.810813705612626	1.68446643631553
2.488552419142	0.751692551151438	2.77438630623457
0.979262958921483	0.706602671658174	3.07384101441887
0.785664944310817	0.523692224750387	1.25243554406415
1.14295531978166	1.11933050411494	1.16501352192307
-1.32148369953868	1.13959261433716	1.75182555440047
-1.752100378213	0.0475696217043811	2.07073882783945
-1.45662245010072	0.550022216696126	2.47405548729435
-2.48815295653817	0.265764210631299	2.11012032875256
0.663405580245703	1.76047050806575	1.22224394582801
-1.00395826101794	1.35524059670019	1.4570881023794
0.629420215466276	1.14845848922544	2.77182936458033
0.939994937563378	1.19729808735776	1.49294125101917
-1.53858208197266	0.418898777499345	1.56672150245465
-2.58156987392948	0.630174772495971	3.11650581436679
-0.976097718958912	-0.908857889463642	1.78195409009543
-0.985129978821867	1.36614384389282	3.1142345775391
-1.46836491240304	0.622032134949804	1.84489365771472
-1.42237025297144	0.854305096415615	1.98507793299759
-0.82130130534494	0.0915023786546691	1.0785948192944
-0.311717594291472	-0.406302703567979	1.19366939365892
-0.842582212667704	-0.64699925225559	0.844082986264572
-0.369701220085643	0.0737891301914107	1.53697478057476
-1.94981941244123	-0.565311339315882	2.35201370142076
-2.64978516829713	0.589576065553798	1.70716846023286
-0.426101374943727	2.00175681366766	3.21129604986754
-1.10755551201223	0.185790769390389	1.19002869922586
-0.849153902648387	0.894369048169708	2.78064315519218
0.0821713531279682	1.53089844033935	2.7108672684909
-0.59922129361652	0.905824525629049	1.85296017331707
-2.49203087036833	1.07926587401148	1.74326629487453
-0.915920771595429	0.212696238798812	0.476634226855549
-0.717088363228	-0.34245055828454	2.41325251844877
-0.578654785940777	-0.752594998684973	2.64591817936702
1.72948306862077	-0.856699150126158	1.44728945979792
-0.684737628526332	-1.18157936506836	1.8344490280513
-2.09833064930996	-0.646949704342607	1.18625599880478
-0.974113527527606	-0.24396911082	1.86021898410542
-1.2405204205706	-0.262411495929867	1.08615975564913
-0.152324751610099	0.162728757483264	1.05157974155198
-0.760229864038987	0.299222752202898	0.923664857996448
-0.410978642930194	1.39880821606903	2.35718403574621
0.402182715154413	0.78752209673306	0.141366466348196
-0.847722245101294	-0.285920436322642	0.718888003619272
-2.8032706159352	-0.374452803455559	2.79768568620256
-2.33220954750684	-0.0434190640393697	0.0501477707659015
-1.53829490427376	0.281237658810401	1.27538576536118
-0.0501519745524388	0.170956825920554	1.08343134142316
-0.947889938540869	-0.62754008543277	2.58805504947718
-1.38258309064369	-0.625514078189094	2.29814744564323
-0.899461466480484	-0.608388171437975	0.131838840140534
-2.56248585782697	0.387535333314184	1.77498099308403
-1.23289794083737	0.152161751427992	2.05725185039267
-1.27059702000312	1.34891746361262	1.30503006114221
-2.10052798786517	0.153680354077701	2.08029652240735
-2.57535452615483	0.268856603141215	1.14651649776671
-1.51407813325663	1.07113779242012	0.965498066322628
-0.564072526564083	0.345619952151319	0.869077975632506
-0.122273209108891	1.02369911752143	1.45080199009884
-2.71117249199678	0.980081142593156	1.8780079090562
0.185442523593405	0.0543265864382855	1.07868125583243
1.65593696533453	-0.626439532754229	0.697354980224067
-1.23177482531411	0.967011029292214	1.32851389102266
-0.754888968872314	1.28017420855847	1.67682334441715
-2.88866563363388	0.646028620389016	0.939966530154327
-1.45551572427993	-0.0346461153668722	1.91036824963829
0.596100228714604	0.595470170944866	1.1869694574027
-1.54322918303442	-1.294721479423	1.60270977877632
-1.67572910380277	-0.302469596941703	0.919006646702591
-0.560304442054509	-0.582663995011374	1.02089070013197
-0.38211215560705	-0.901899816393508	0.297563852920952
-1.69315545781734	0.337915820667352	1.37355247401764
-2.28148991089691	1.2537652371427	2.07731420179251
0.339599557050974	0.573529142901368	2.80007560090347
-1.18343015712106	1.52733885106238	1.61180836025736
-1.56117617454249	0.106137590333305	0.561371177327192
-1.28027895396766	-0.120067273887213	1.93751469437722
-2.21935506691811	1.26011063993571	2.36257950023015
-1.35442502631849	1.24280133062893	1.17677828072979
-0.383536894548347	1.59516399710198	1.39009843301543
0.106818754267199	2.74095625709226	1.6095399599905
-0.867767049118576	1.36166185783614	2.47482697406642
-1.74034852298623	2.46518072588707	1.93778633930815
-1.91331603814277	1.09151663203093	0.461643167755994
-1.21095051251391	0.812626404324273	2.33470437567373
-2.28304784828352	-0.726323137297869	1.17479131024273
-0.888380721037341	0.858248138947542	3.25404325770878
-1.37056192436939	1.22940064497604	2.06250466526582
0.0661847759679348	0.506099311929156	1.6867956656011
-1.57091387912877	-0.192324770847306	0.268966147108438
-1.25454561357902	0.964232985521182	0.384479000980807
-0.940090931738982	2.78907086951049	2.32914841097554
-0.776989203736272	2.21756248094054	1.26324200085266
-0.972496839460024	2.0968805705249	1.32645952492446
-2.14123346848379	2.03704319298872	1.85381772605086
-0.808946129096802	2.5428919756571	2.58383332937899
-0.882896461819813	1.67017492247191	1.72584504775288
-1.90241552872312	0.396645147011612	2.87697802307564
-1.16581618949069	0.84051049002699	3.49540258909669
0.986271719676636	0.177434383545223	2.81134181210789
-0.912336707732624	0.237351033146483	3.52867161479741
-0.685465663560092	0.286387890216313	0.685522687177309
0.0174331193107087	-0.304385239510466	2.18234497742766
-1.9031263383083	0.518124955644357	-0.401717047348965
-1.03028235964777	1.84118645552346	1.96703695989324
0.111029716605593	1.09459501219056	0.963500381060821
-1.5601673199835	0.603732926284366	1.77965890517156
-1.91311470056573	1.0768373379667	2.52301690278896
-1.3694698310524	0.790277664782948	1.2797206178102
-0.483860262754847	1.50942736739146	1.1682437855223
-0.874437627148941	-0.104731225889877	1.79956713484642
-0.68874032760825	1.31923832703774	0.696795294212382
-1.93066073204496	0.592288754409147	2.09489376586188
-1.37908386049592	0.722486524806628	2.60849197362556
-3.00880837442549	1.33129363169931	1.83767189304056
-0.602553182132412	0.684688026885632	1.64951210774621
-1.45951845573307	1.06378932257933	2.24649160409973
-2.13427174375652	1.28455022442448	2.1375958209539
-0.614828591758201	1.68363109284214	2.06018783706528
-2.18484953329888	0.296513622753699	2.29056355361953
-3.02212058256371	0.81463133677682	2.76202909273273
-0.382977151687056	0.954885737355652	2.25553049842788
0.43659550124119	-0.472982059987556	1.56870984071303
-1.76266659305801	-0.22432859126735	1.05593030593075
-2.08929027315109	1.15084734043193	1.30909869457806
-1.88347004940422	1.19789182399217	1.20841987940231
-3.40373305341915	0.435086896102345	1.08858706809188
-3.67190760802035	-0.847734630139861	1.58028768060179
-3.11662159303329	0.154580492545196	1.22957278284318
-0.0384829574894978	0.807044613237561	1.89720369349221
-0.772142093547924	0.482252956246213	1.78413729035942
-2.35854876598289	-0.0188673884408191	1.88808440812537
-2.35854876598289	-0.0188673884408191	1.88808440812537
-2.57305143572877	-0.00232036218601045	0.614039299336366
-1.26132041887437	0.229459176730528	1.43425405197739
-0.653488997540579	0.489705195104637	1.35788152441558
-2.26128837780289	1.10344774662357	1.37504983402694
-0.845752159795247	1.31210700275156	1.71861850087555
-0.317405237902535	1.14807143649889	1.8332567329859
-2.06202171936273	0.975345829724039	2.94833806088755
-0.862347721392607	0.601309421893725	1.05114070072229
-1.26276393243927	0.943091197746008	1.09351682331829
-1.07873441199233	0.999822811205724	1.0424935625548
-1.97887154757152	0.229800516053956	1.72051509196379
-1.97887154757152	0.229800516053956	1.72051509196379
-0.0193642213485026	0.113704507941903	1.26499652732921
-1.101359696679	0.874829501965033	1.59450846816164
-1.13471379873777	0.551664947000875	2.08195749013777
-2.59314101814985	0.158124110879359	2.69712602928623
-0.261718782059998	-0.0507048149095457	2.5907227588853
-2.1020347617702	0.215204762511017	0.501534796658225
-0.78315584927442	0.963861871078207	2.09953046580242
-0.78315584927442	0.963861871078207	2.09953046580242
-1.81457408213066	0.899985220775238	2.35316825471296
-2.95026887060789	0.850843234950572	0.531214469722299
-3.57145392122511	1.06053703092729	0.733390385761284
-1.37801945006588	1.34660666786124	1.19055504580531
-2.36443374476777	1.19664153306378	1.35627146599669
-2.16441205046216	0.759562824095871	1.33764820512041
-1.69054594916186	1.26006985055875	1.01662500906816
-3.75227507082488	0.237955810968009	1.27371746877715
-1.06051198114671	-0.0802276493291182	1.93258259679725
-1.26647988258721	-0.0212534210345477	0.598973653227667
-1.44069352680261	0.686922402391707	2.55043089755032
-1.5933810825648	-0.237579914755275	2.23143021362542
-2.52637440928289	0.394182538088346	1.84718823550732
0.4805947606784	0.640918978508882	1.75071347622518
-1.55626146876187	0.126150665517783	1.83226292258559
0.523117271747013	0.424565474998731	1.30383140406434
-0.476567576461514	-0.126411602160755	2.60553046801578
-1.28426686757242	0.198954748767168	3.26298003943626
-2.89477972030836	0.190219721893102	2.73349747737038
1.7763703194193	-0.305182009952039	3.39996626640782
-0.201672966121372	0.74640935496921	2.22950344433378
-1.89919197820999	0.329525327184154	0.35617467418727
-2.59420912214972	0.80291321754771	1.32527398054108
-0.429835730927406	0.769294953396248	2.49132382893672
-0.425842904368918	-0.192520062456491	1.85922655064861
-2.67166885164487	0.195254497764814	0.123334172337229
-1.06534739683606	1.8569947420756	1.30080395211271
-0.0979458450530518	1.39005227414709	0.525687401135455
0.273428245550124	0.554965114056022	0.968207218546073
-1.20315375276443	0.236495084557385	0.927157507809239
-2.04709564189668	0.0286188180298022	2.02748128997001
-1.895105786246	0.362276766443387	1.93021394569851
-0.0823912435404445	-0.328473453035913	1.39025133561752
-0.132120524946288	-0.732304669319579	1.9315347698668
-0.0988832277787479	0.592215992766783	0.966429625685693
-1.50742054896826	1.29451382859454	1.92825029679731
0.871226379893047	0.617004407369452	2.49211601297041
-2.4316248415169	0.227988033502966	1.83200310547013
-0.946517327299602	1.14979430551168	2.04902783830486
0.0945687302010657	0.423918933045871	2.97679860901797
-1.53729642053199	-0.644949620276839	1.84899332683927
-0.368489489094665	-0.55327957754813	2.83024604083988
-0.622608343333561	-1.95168697596329	2.49527460960196
-1.10217796483015	-0.661152984330346	0.884710428645043
-0.166764333124664	0.135232703340788	2.2925094470613
0.163301947359344	0.999361300893849	1.63659963484709
0.274459474843835	-0.94639453977457	1.75613387998346
-0.555358638642622	-1.18262029189895	2.67002854919216
0.6379480851872	-1.26669965214006	1.22552579289191
-0.450418156812208	-1.33028750075284	1.64277864220889
-1.03679229123433	-0.574575280871369	1.33612514513356
-0.180363358832821	0.538231083428677	2.19694321212273
1.58960247159561	1.23564434804372	2.66454665459037
0.0792604509004391	0.17390922289358	2.25549976139818
0.776676456349797	0.233124051386356	2.74001205883793
-0.88185321837613	-0.645184426065097	2.21875289817767
0.00830723723478116	0.737563665788587	1.01478220311594
-0.942873860660719	0.391133572934589	1.6605111297837
0.810567276679957	0.228593957924507	2.32681435814858
-0.765921492733089	-0.547225875996648	1.4457629354872
-1.75990303365182	-1.24079462431087	3.30756194936562
-3.30779541838024	-1.53686742784675	2.43096303891643
-1.19401700815863	-0.147660296475677	3.05010502061624
0.808967777912946	-0.799981294573849	3.36909497173467
1.68126030241958	-1.89386431653887	0.315200944408011
-0.683200345683669	-0.185589719512392	1.41790601918171
-0.475878762888655	-0.51677764470366	2.09604752468602
-2.2203304447429	0.466470539872877	0.490176717261622
-2.11536500800397	1.11189116320778	1.75409390983701
-3.31197647922443	1.94506071664217	1.23792226656941
-2.45332464498693	2.43170268215951	1.84917449667028
-1.60230418799574	0.0790753683581218	0.426757798906845
-3.3350970505461	-0.0655860849540375	0.967031622681098
-2.04052867122527	0.0577951793394222	1.98731008343046
-2.94811836259342	0.785713064424378	-0.877934562972949
-3.33423224270012	0.563675965538725	-0.460330620392425
-0.123736131568387	0.0554198702378725	1.75744483844074
1.47436732792684	0.312177725286551	1.60891177905256
0.363653914326594	1.62418061330294	1.91480116679309
0.0367639927040558	1.68166660110233	2.0395333231763
-1.42431177015738	1.36230031143271	2.31278962309903
-0.84766068518923	0.355708923736723	3.17899238637979
-1.58611638982271	-0.12049077083391	-0.481004842116392
-2.30278734714984	0.523570238076836	0.771760378518968
-0.408386902799506	0.959311986644604	2.47229552966584
-2.06489472821638	-0.0779648838750937	2.66839647352578
-2.16969683474716	-1.02660577970526	1.92055527687377
-1.82983096336978	0.346612918804771	2.01394025816944
-1.31830955230819	-0.875543556553966	1.63754162094875
-0.429444336972114	-0.639237290481976	1.82326722574702
-0.703653037831149	-0.14511391365643	2.59437191443353
-1.54251721715021	-0.412155604682085	1.15193163160148
-2.23953000655003	-0.475947622706905	2.27182018691691
-0.00480124013084637	-1.19142936798074	-0.147339851960974
-0.205513908466885	-2.01861088871463	1.02561831406568
-0.414714409034569	-1.93386661234232	1.67002164524668
-0.771236968681976	-1.55117440966075	0.737412761132034
-1.93429856341866	-0.803775914543956	1.78779643679139
-1.33831772504881	0.727684143809439	3.27481767173711
-0.849755503651855	0.171746624403333	1.61045221907738
-1.73430871826813	0.477671744633293	1.52736272834719
-0.406758807700631	-0.214281812969735	1.70574620455499
-1.42031367830438	0.578365950506884	0.676753719899657
-0.558864750079845	0.580645970722438	1.80185187533429
-1.46269302131529	-0.112244668668305	2.25354856546622
0.542802636512336	0.114205925190981	2.19315086329924
-0.348273151331301	-0.887476539064126	1.80407995686787
-0.364619606691361	-0.432540565299338	3.09754434095516
-2.34852500956064	-1.1231635730196	2.74950968542596
-0.838456931249102	-0.476047155932253	1.70031785307656
0.411383878648642	0.473291912536973	3.13698783635389
-0.934082604630276	0.110857680342044	2.4953371226211
-0.727968424183873	0.371797671236444	2.20479813094389
-1.06726293348315	-0.0646071003077525	2.23273943975902
-1.0317340840875	0.475888112886713	3.00962702651971
-1.35292109654361	-0.788039705532245	2.47690529782635
-1.06235107466566	-0.275797770824763	1.35093169380397
-1.91454770283313	0.0333285273811366	0.36910817852258
-1.52231295095725	-0.252982026816443	1.86565750785907
-1.00791945762271	0.345922029726703	1.18399992107315
-0.485808809403199	1.26235740011313	1.54087930324551
-0.616071595497136	0.230972000802741	1.73940719263416
-1.03158145742861	1.33239029449457	0.93430511841866
-1.0247388232814	-0.744232920552415	0.314210576726513
-1.03520174834467	0.366853103878461	1.66456819857428
-0.840779543570638	-0.696457692397711	1.2559851738897
-1.62531697881486	-1.55457074547948	1.66650968954179
-2.12463151122247	-0.849414717358761	1.95482958117673
-1.07225906603045	-0.398942593596549	2.43302685695262
-0.156817601965445	1.00332183177543	1.12157321266277
-0.974792203437528	-0.621536598020387	0.698885624875771
-1.89249225978527	0.0785004224985596	0.995700181856526
-1.0261288998597	-0.29180113649505	0.389465444813858
-1.17884416858679	0.0539982503044462	1.47741154524492
-0.282706130819157	-0.244890080926921	1.48187301499328
-0.309003206673689	-0.209553510227479	0.238429416970569
-2.20606033512844	1.26153014829194	2.08477354368638
-0.437673597480713	0.810220289025501	1.00217641708335
-1.82000328713142	1.80173450998259	0.955865200755971
0.0708756439397595	1.27826556752093	1.31465256179434
-2.37713913671907	0.136217836657676	0.708020740396585
-1.55318671189365	0.659098287373116	0.766224318324627
-1.78162969260945	-0.312178662437579	0.884017371810316
-0.772952353455407	-0.16715886960229	1.15856712321989
-2.06705531019854	0.723618665431534	2.13599484201231
-2.06705531019854	0.723618665431534	2.13599484201231
0.235101956773879	0.513380746303412	1.43575510849261
-0.251424484686259	0.466308205272308	1.51706662585163
0.174599040579498	0.576322048714953	1.43676257833937
-0.780849292863645	2.12579204749698	2.53571621362301
-1.56503317179526	1.82747815895802	1.37851837761986
-2.82782865107442	1.2769974865428	1.89039355945968
-1.58545155062887	2.08587582748759	3.09587521051652
-1.28901716869232	-0.0715496702754218	0.756205651993826
-1.76872170647443	0.490833235853109	1.83330068989061
-1.10351239193124	0.277069481108214	0.903607863548178
-0.867674583987208	-0.0927652979697017	1.80627186550039
-0.867674583987208	-0.0927652979697017	1.80627186550039
-1.19083999958297	0.190252280230422	2.16421352047934
-0.0674197128430731	0.33012637265244	3.3285478715702
-1.91659436884027	-0.622641137337443	3.1711282939841
-2.38241224461927	1.43810834462944	3.88793695330498
-0.912372303386135	-1.16983663611645	1.72345584149031
-1.58617863443156	0.236619477928151	1.1674821897775
-0.304914253130951	-0.506788789667496	2.50649641105771
-1.10153288638772	0.0175039362464494	1.74671845466783
-0.852038891924761	0.816516865648133	2.46901684019525
-1.33553108111477	0.38264546541234	3.60000774084278
0.0936793126657656	0.417105720960631	3.27685692698017
-0.408813569319917	-0.111806616747925	0.809367590182687
-0.535956744371041	-0.45871624852482	1.33662301219163
0.578241127748934	0.574351302723042	1.44337260608939
-1.40885082726297	-0.263442043200571	3.14506112635199
-0.218033310634311	-0.0329259805357481	2.12554032337955
-1.36677274830418	-0.753170338411112	2.60902558260148
-1.13260394248234	1.15182632929807	1.70796591635873
-0.683656200522708	1.25122687854167	1.97552383196262
0.0165256393283598	-0.16663563686023	3.25366640466109
-0.575361864148456	0.581902866716466	2.83200381193715
-0.593091059964977	0.159792123921145	4.38633524150751
-0.745587055306336	-0.880079817703373	1.69125198902953
-0.333589893744566	-0.0178904449694343	1.27110562693107
-1.23078148694657	0.502426158775666	1.69636649282478
-1.01571657229199	0.211037926214456	0.8279209485596
-1.23280904052752	0.909819706867613	1.90265178351988
-0.77003660439828	1.42710204873199	2.42057436187946
-0.591588489858484	0.857254030430871	2.02640648324203
-0.272407667271405	2.04079364376098	1.6254749732163
-1.6738739742588	0.892440461958669	-0.299131967689154
-1.28532769718436	1.0583960025115	1.75933314095892
0.978599076050822	0.701039858960111	1.45699889608046
0.70949869738938	1.28770022273823	1.7208993814108
-3.59122883059209	1.44819041587313	0.812866125029975
-0.608355568649692	0.181607612642439	-0.704245656841631
-2.02037759548143	0.450367624509503	2.12009002051411
-2.24445541741749	-0.258021090257011	1.96369090075539
-1.12316959674645	0.32972749247093	3.43339818392577
-0.195996695804729	0.1502399073819	2.75954033574133
-2.2759173025265	-0.701917790953485	1.26779086709824
-1.82323614635117	0.455876406046134	2.85825195065896
-0.666591880122283	0.677864528525535	2.66010967199205
-0.417295778771317	0.0524319474551379	3.54830625529886
-0.147694222225037	0.420674447125719	2.1964917353367
-0.946111953477012	-0.228461732950287	1.74402797751613
-2.36013495077721	1.41649498435247	1.91573905793852
0.162078921955552	-1.04694736579393	0.304047646676519
-0.742530115550628	0.290626988799171	-0.526380640339884
-0.656611584112112	2.03230312039401	1.48636400852397
-0.747283544745882	0.522995557673973	2.3323281789807
-0.953955851734541	-0.305015110696587	2.17039935486235
0.320329142346665	-0.0604508869862463	0.850145407857768
-0.697618998670121	0.23404051896835	2.18427981417751
-1.11559827449376	-0.34823375534868	1.11326559016489
-1.15388200361477	0.394654743934588	1.34825698386356
-1.85277946157221	1.1369608011459	1.46222350419723
-0.799975697169135	0.297285874077465	1.18648719852322
-0.955940473151477	1.94889860664316	1.57934265367465
0.138475500420132	1.75359499879036	1.56946598657521
-0.356526861032284	0.24239952525381	2.46619963107461
-0.700862347335954	1.72631346815941	0.997573256642517
-2.12897786539851	0.62826272216554	1.34882276549941
-2.16463377887209	0.464757051430621	1.50374083532787
-1.55731458620916	0.998473322047889	0.834492150926835
-2.25135499706543	1.77789187317054	1.51238599134622
-0.975602767658742	0.0762514052429197	0.858285641323565
-1.26347488399457	0.31992345956176	2.07555048294251
-2.29567911895377	0.136535308097954	1.2662004413817
-0.240563952475433	0.136224992333071	0.182688775851349
-1.40998259539989	0.894330974523928	0.78876242455132
-1.47925689730344	0.921914756861315	0.792289164669151
-2.78583234872516	0.858004258059319	1.71091667876011
-1.72195361356986	-0.209416060203006	0.663796239682879
-2.20158555190923	0.830660866542992	1.55392492977245
-0.169330957543169	-0.673595865174657	0.481646911796275
-1.10889517792546	2.00527380409804	2.17704568915117
-1.54892344609698	1.40712815512499	1.48246398325364
-2.13338275535972	1.84030105979857	0.8560416439348
-1.99170549820639	0.154579308594865	-0.420822727110187
-1.89281393623368	-0.766144207826172	0.32646680471025
-0.0067764978929668	-1.40320804368331	0.841632337177153
-0.513186469431755	0.809857249192389	0.195719526570999
-1.7234598297702	1.51904516811084	1.09723071858595
-0.91860490858788	0.896584249266668	1.01900673292372
-1.60072050353143	0.627800005063678	1.66684870004789
-1.97010314938168	1.37650930606362	2.07657328461782
-2.02791017863634	0.99794353443566	1.6256852063334
-0.614252228663513	-1.18686425062649	1.16584746536376
-0.730672416535849	-0.47463592279002	0.377800926438584
-2.11360820728651	-0.680020391575264	2.94380940694362
-0.178813387219161	-0.505577362121118	1.86612889284727
-1.12740492398548	-0.0113336933293518	1.68557983248195
-0.871284668270748	-0.312087611952525	0.0193533714528932
-1.35043227177809	0.531853803180279	1.94695394674989
-1.35330104023593	1.03972820605387	1.26510591876419
-1.35330104023593	1.03972820605387	1.26510591876419
-1.45936472656992	1.46253168786403	1.02119721267508
-1.95614814349953	1.88816079140236	1.99077265502239
-0.253561189824004	-0.12554105569722	2.09216859518614
-1.65397680634791	0.651442584201412	0.654156071870096
-0.30106321019211	1.91326279798224	2.78848549146528
-1.50969699267864	0.624538634961604	2.32751272249676
-1.24893282250074	1.0812888674858	2.28052595245605
-0.673151066293641	0.358898348375763	1.31358782726215
-0.169497469657715	0.942559623367855	0.429335620394462
-0.289015936209602	-0.270744809243096	0.983608163966424
-1.04363959647228	0.742845105612077	1.56034849917352
-0.379989370034342	-0.229745099911608	1.74051221453093
-1.56678240818808	0.405052105218199	1.8351787576676
-0.153278905345153	1.39518977781017	2.59500842549192
-2.05489246871069	1.30264927401092	2.05869426410096
-2.5542463174988	1.7556661817935	1.17605356587325
-2.90791349617665	1.90818800270812	1.52524551399742
-1.17609580919999	1.24516376526198	1.51492420577734
-2.74020616134231	-0.794227059756488	0.984366062735242
-0.376290516418207	-0.0629541524411138	1.37671109321297
-1.57131681158493	1.07389640381958	0.909037190774925
-0.0178541582952878	0.636318016217961	2.61783788310131
-0.591821096655441	1.32084597414311	2.46961231605336
-0.68898135689718	0.570145554012168	3.17887251023202
-0.325236715371891	-0.440392587502583	1.35461408211699
-3.1722603443175	-0.337745629264997	2.58844261342127
0.536961121880796	2.28233412985777	2.16447479090322
-1.73726539100838	2.47581487784923	1.83679875689958
-0.95465321010992	1.20629842481072	3.05917674538266
-1.76241111886651	1.84026919677313	1.06799000588287
-1.78258914503162	0.375135812807353	2.09755354212539
-1.13518637296586	-0.709926414524456	3.65353162287344
-0.843392505086466	-2.20313241915204	2.53210068884723
-0.187150793979899	-3.21330868722957	1.85378774123754
-0.950931845563343	-1.36728629264197	2.62834637001832
-1.00422858821768	-1.75252691792684	2.46242529302836
-1.18646582783113	0.103782858695204	3.65339611430736
-0.810636591541942	1.53866626581772	1.68522065113723
-1.2273855445221	0.805431779084264	2.21323474817319
-1.13929438139515	-0.966574153625486	0.862118134029478
-2.68051283716584	-1.13795606134845	2.09453139125934
-1.56059419208753	-1.15066905716277	3.0012695072902
1.13745383810744	-2.52633734990688	1.30755885368113
-1.28341785346345	-2.59709054161041	1.93368969630258
0.00210754813108049	-2.71954224242802	2.39800790825451
-1.7457349103616	-3.52425696287346	0.831794037119174
-3.4218392952789	-3.00255112032754	2.78255593446252
-2.35982186578778	0.710633786682726	1.02788209492025
0.997227705233585	1.16630780113877	0.590250632492157
2.22751262351087	0.685822145007427	3.54143203145098
0.393936098263272	-1.22212187446616	3.274679836443
-1.15465583243758	1.09786961853848	2.16727662025199
-1.92169867447446	-0.956403190446369	2.88572273747385
-2.03729068892927	-2.57673583295912	2.05326624243514
-1.4940676547518	-3.26948960087467	1.1645345181087
-0.504469242651467	-1.45928204303393	0.853515530204167
-1.36004695255735	-1.90839662133893	1.70834072955458
-1.4559609042619	1.57762827609781	1.29904861372805
-0.141065969299301	1.71308000605377	2.04619932060373
0.334908603668334	1.55993082105494	3.4635885652439
-0.585043706771762	0.225868072870591	2.71016945241033
-1.20064908101224	-1.49903751335941	1.8152139174596
0.885182549037747	-2.58778282249855	1.54622951096222
-2.04720726053726	-2.41251724536089	2.46422423082894
-2.45322134765646	-0.244447341881285	2.79169161390241
-1.57328961995703	-1.10108900459928	1.55786181450027
-1.57328961995703	-1.10108900459928	1.55786181450027
-1.1840982278106	-0.828528762872998	2.99075311841366
-0.561921481365779	0.730555813933973	-0.015257989738379
-2.30376691503704	-0.881009942265019	1.03884135773701
-1.68434635838513	-0.426672849649926	2.07006250705503
-0.833214884237874	-1.0433268408663	2.49766858219636
-0.897694717693814	-0.911726683353117	2.47792329428932
-0.899858343243336	0.639423308163365	2.91541388808378
-0.734281933536608	1.25363742524305	1.45995448486747
-1.25693123522799	1.47513961908932	1.61277125432351
-1.26209623753031	1.36523714087461	2.09223492174692
-1.29282160664013	-0.198174342789725	2.25384464238067
-0.975846549016074	1.72512180578639	2.35338199420864
-1.98867025348928	0.351772266352844	2.59461994374868
-0.53439371091455	0.845658070891254	1.02729420628907
-0.508892468192676	1.06797620083666	1.96100494418698
0.0594062920762977	0.733291288434647	3.098748016517
-0.59717551330162	0.312827227495929	2.51226592750829
-1.18811627192153	0.573676448542468	2.17326347680853
-1.11742804424213	0.897578874222753	2.27610171094128
-0.715878443218443	0.572738294036439	3.32113726458405
-0.850040563205128	0.675956875071612	2.73982204072624
-0.858313109091768	0.246514201275914	2.34404815408671
-1.79674661588446	0.729330586174621	1.22882373634712
-0.390870360120366	1.29159793847728	1.18840448877072
-0.915247159260544	0.485335493068582	2.07326045449265
-0.562534309384829	1.60995655189585	2.2136496258798
-1.87083337612162	2.03564652776395	2.39141952945699
-0.989734959666035	-1.67582590509327	1.72327710172252
-0.416742680487386	-0.977437583229039	1.58689052729294
-0.469490840875333	-1.08423689244246	1.29314105506506
-0.738622744043716	-0.628088718264255	1.56209579966591
-1.65704729079828	-0.575265924080341	0.719887130962141
-1.45014691613846	-1.75727208587188	2.14013321062065
-0.184121743357499	-1.83988914165501	2.30059238854072
-1.48140586162373	-0.510666826260742	2.55982381523463
-1.07781179414042	-1.22827697813963	2.0137141591522
-1.12028631059555	-1.43558218168219	2.28527719260549
-0.590576934834328	-1.05603909413496	2.15127136307722
-1.7042155337234	1.63661835527748	3.02762637707401
-2.53984515961548	-0.564398470315475	0.259097471274602
-1.00416407207177	0.497256968923646	2.05551780697768
-0.459532644879101	-0.0994318020818961	2.57757752346281
-0.840371022503998	-0.554270500847688	0.276803281823705
-1.250900658161	1.36700773327946	1.18672301792564
-2.28666534790194	0.308320374778876	1.50074860770685
-0.394101694155183	1.33114013008285	2.46383606002767
-0.299644798338729	2.54060505788237	3.15659739654878
-0.755916826436513	1.24392495567581	3.16098999221889
-1.49669201965608	1.5911306686163	2.12782844951388
-0.570037312258267	0.677112732305244	3.66071688514427
-0.00432346504360959	-0.466254330308806	3.76514603955724
-2.88146835800151	1.30253306762293	2.72732644949396
-0.229887753134971	1.67842307232941	1.96689238806573
-2.73860036990298	1.21273188077103	1.15452124987482
-0.973099325686105	-0.143243936711765	2.69499705206677
-1.10962341435048	-0.260770505942048	2.64198472096885
-0.351879155945112	0.997487451028378	4.15171206437653
-1.0202437571126	0.788552847681229	3.36545162210953
1.37849311330002	1.39153121686581	1.74120182641168
-1.68696496184902	0.862716370216755	2.14379106549962
-0.995616080343878	-0.762022340404005	2.07239556781532
-2.72580281847498	0.973307631327217	1.91708202560996
-0.0686205716377106	0.209044681498249	1.93450625062141
-1.46742214778029	0.624079938112585	1.61201404197861
-1.23445252023902	0.485960243486174	2.10166492490148
-0.5043818901936	0.752598909080168	2.18375328859473
-1.4352397332008	0.579596653631539	3.1169946258935
-0.913572913933295	0.983744257142747	3.03297786402594
0.862334848813449	0.760334632881168	2.33843743001722
-0.211380506839248	0.336772572256973	1.17877356944341
0.0926063669949061	0.750128357214631	1.39421025979364
-1.46723854257515	1.48840472188783	1.87507180874758
-0.27541652667296	1.87831041153584	3.0388935104062
-1.61099478008999	1.02016657185244	1.94001479802675
-1.14062294014248	1.15353029452036	3.22159914308044
-1.49154612513379	1.16465522368449	3.71387708153865
-1.37987167632619	1.15415293710464	3.71905139272302
-1.5137671737535	0.59914247407773	1.73417254558215
-1.65486369410118	1.31113038944942	1.63370581366837
-1.90225064344015	1.82794602223341	1.35050993667881
-0.711551733550134	0.788752485559708	2.20781248310835
-0.83402208233711	0.658151350127847	1.91384401771626
-2.51290993845642	0.109788053305345	2.28639177228097
-3.28695020469796	0.876770330257419	2.06614071632842
-1.64809303079047	1.02115228805886	0.810270582866914
-1.2920012842608	0.511243439801029	1.24050181619651
0.228923703726856	0.30501106552445	1.53784897908896
-0.488106862400225	1.18528399570025	0.975897406953205
0.0671282105368185	0.743443316573428	1.61880937616596
-1.11546441606463	1.89803258049502	2.28009084856662
-0.396221548912671	0.808090365517529	0.854664825937242
-1.60872384765812	1.28936955305786	3.03556785964242
-1.67524064090383	0.833613441975326	1.75523483328806
-0.774856462163809	1.70256217411012	1.88462017280763
-0.209370840279877	0.864005621949735	2.22098113663234
-1.33409639689741	1.6815133128345	1.78552333780119
-0.772770950666622	1.28890599428343	1.73859978242716
-0.305584570115061	0.965357994439047	2.02408161167226
-0.390823636585726	0.799779038003035	0.643067480737415
-0.971284166055638	0.364291278989182	1.71202803327623
-1.8490814167727	1.55806801925373	1.26537992186589
-1.6176218040876	1.19985036927431	1.67743021549793
-1.15677123390758	1.94496618481396	2.94115066059103
-1.73995858046785	1.60928252989763	0.676644432880296
-1.61321660555217	1.17721488006448	3.0787213636105
-0.788571036245058	1.37143407477279	2.50981941411668
-0.838937521953038	0.658638820513419	2.24176340596192
-3.45303319732122	0.869931019362137	2.50860399734042
0.86979440122817	0.290108262500498	2.76186046140839
0.187947576730582	1.07290198488478	2.71548164802014
-1.04679258522038	1.74435691218015	1.22092338900282
-1.32219148279388	1.38127900081493	1.17538951526131
0.31379170676902	1.12622676598204	1.20796202561159
-0.609761009170971	1.73922464829277	2.95207254658357
-0.644290639467727	0.7882499710772	1.22090552058299
1.08866785778067	1.12700472489123	2.37206780602019
0.188045869315152	1.31173739752986	2.29615199664563
-1.12721681459222	2.30975112094134	2.02757155949299
-1.74445876047734	0.480166026790728	2.56642556510824
-0.130441793628077	0.504132346006718	1.79027163539935
-0.0626765813112474	1.5578855175024	3.06278605646917
-1.64691351370357	1.54113488361994	1.21205595636444
-1.65489794268234	1.59637466276208	1.12779858092528
-2.01539187501137	1.01886508753536	0.198823503363656
-1.07505349502621	0.514530156056288	0.362285560588777
0.450869629444571	0.308109912303252	1.38725221539272
0.609036600664246	0.102298406734758	2.4054379107551
0.737202092912768	1.27551628674596	2.80435285670556
-0.217492379716881	1.47457071314499	1.47702409835099
-1.63694554198799	0.601613720843897	2.43115734371309
-0.83148843251639	-0.208578918011041	1.85947567335103
-1.10358746407115	1.27134782024429	1.9200208409011
-0.855627033270509	1.50567596022077	1.75190482744303
-0.998890513016114	1.32821616799658	2.52100271786608
1.01348508339219	0.876843069579135	1.84706821288961
0.714173138944491	0.731502614794089	3.19802833956173
-0.2718561006446	2.04175646939825	3.89199507749413
0.225199521228182	1.78562274493471	1.57526781766468
-0.818424964260853	0.322600619792917	1.25653278115071
-1.33631338833975	0.42539323665847	1.12258323370054
-1.01930560627125	-0.545750136375352	1.91734630656623
0.0700010212481649	0.865918312148221	1.80736782206316
0.188795629581264	0.997107665135471	3.45300669805432
0.0624464485170315	0.428642092470733	3.42455166500331
-1.28379169999794	-0.702064753073857	1.72972139652979
-0.9135115908125	-0.0299325849153849	1.62163870177143
-0.974039904700898	-0.692610051793372	2.72923769230139
0.346293047815163	0.554911401639571	1.98202733334985
-1.72474089672237	1.83800141367143	1.66028536678365
-0.21957082249533	1.39812274535469	3.46458278143287
-0.147273781073784	0.364236615890953	3.01294054038859
-0.0742351595515426	0.796610238897002	2.83262390693013
-1.60854968221519	1.07698215026051	3.52213492771437
-1.56673632374235	0.0601514885250376	2.53345913002075
0.660568701757818	-0.225081630480437	2.67879612901511
-0.213634659001123	0.649306240571352	0.801478225863933
-1.05791659651989	1.20398998485662	1.18498907583578
-1.65912620474106	0.740904491142257	1.98337677283525
-1.27661382522296	1.03627754790177	0.504478629274086
0.0412558707929487	2.36748345672653	1.63594350627718
-2.13812135840613	1.90034386988437	2.94629998384871
0.344169157238164	0.872559363869285	2.7147087623239
-0.818223128938939	1.27968211741326	1.61798017509084
-0.316033680810694	0.942130627630373	0.467568667744103
-0.556449619208353	0.671643896487464	2.5133558431483
-1.3159149179882	1.31693334287808	3.15076723387963
-0.464192311356918	0.426023265359822	3.31635712844243
-0.459114639102156	-0.0625196650113342	1.55752580578428
-0.625257676482409	1.80814005554535	0.811407674798596
-0.501825247399778	1.47015206792431	3.73972493124871
1.24769147256558	0.27111587249827	2.71953399697979
-2.38444399723399	0.102271485073957	1.92703267315478
-0.493601460085627	-0.933933275601858	0.549492154082552
1.63406021091574	0.19680929736571	3.43613910960257
1.87504542703578	0.786801089866025	3.41443763832114
-0.698468044662048	-0.809092068716355	1.10365307252404
0.479275191948091	-0.719479341737074	2.26187518902194
0.281447209433368	-0.974890264956553	2.46015448338505
-1.15617940121532	-0.332487617544502	2.10288869777684
0.363983525516592	1.06080857041755	0.596280065963577
-1.82068095762983	0.748277192275197	0.998459462754847
-0.625648988839077	0.104277638717781	1.59439852643767
-0.507934132767048	-0.416726096912971	2.18387819725774
-0.409336205551337	1.24393882749016	2.2310561230338
-1.16092967190689	-0.140264599554162	2.64435229600158
-1.29416084140218	0.691084034200335	0.215513808335944
-1.22472370725216	-0.426339367440354	0.589095918286964
0.0111563554212428	-0.205281758732121	0.618694285344608
-0.634547992835506	0.351678046587136	1.17324961205757
-0.929801139742479	-0.223596920605748	1.23417570954021
-0.0470162738107353	0.802991858231478	2.22890181983451
-0.525827782733753	0.601669259435757	1.29485818439522
-1.14815731527623	2.02374233010891	2.02966875186864
-1.60632265426472	0.353921248610964	2.17596209539769
-0.130599655557156	0.0362908457225462	2.99208147848981
-0.882654084568493	0.751805232862235	1.81504226458667
-0.991344185888083	1.43007188466379	1.24102180625152
-1.71028042408083	1.4585988864296	3.49585818412103
-0.728817400507797	0.259442040423796	3.52576169533204
-0.846164884550183	1.24410016151206	2.61634677755231
-0.621712661615446	1.00631067517798	2.26191093980524
-0.497511672485493	1.00076971240296	1.443237132234
-0.314345685846521	1.06204735605556	1.30407129336911
0.626611063796781	0.969955460170517	1.01171954274134
-0.95184374313808	0.908443085488974	0.661683238714938
-0.477693869944276	1.4214500172118	3.05032841876514
-1.11449850685368	0.0828257179326927	1.49333493329863
-1.17665943829149	1.50802785942934	2.40415596829517
-1.55569452030077	0.664849372995943	4.31374312198319
-2.0752155956594	0.105086679408187	1.49306018060276
-0.840257149922272	-0.656218917194764	1.03495792430015
-0.415325407749284	0.329743827092132	2.72095104556981
0.186062096630377	0.0132616168308976	2.56820771773119
0.417980721186245	1.55149906097584	3.73101996798701
-1.10536154470879	1.36513506167217	0.661022942536865
-1.42021774865769	1.40960414768374	1.26792426563663
-1.82509342831114	1.42575139786585	1.5474841959684
-2.12022783404603	-0.15024967105103	0.0856450564804892
-0.355239992014486	-0.0150899074026029	2.00892276605047
0.00333308891669998	1.05426992303347	2.71001434180338
-2.38125683312007	-0.349769136525308	3.66613365071207
-1.45528907938164	-2.53322067073385	1.81063019777725
-0.461852699137669	-1.76884316493776	1.04752045822426
-1.26483367139574	-0.198552208805775	1.25751913355259
-0.364611619336824	1.31131391125406	0.908101468555514
-1.76852737000272	-0.138773358313113	2.18150000889969
-0.518012215026085	-0.325155183508479	2.42794127961906
-1.76122643869734	0.257466118320136	0.265017451537785
-4.00241084061848	0.143464310079068	0.92132225205117
-1.13138746407551	-0.081182057981987	2.47902519822304
-2.55022367295681	-1.92247406247873	0.376304838729873
-0.284983839576837	-1.45105752181878	2.12966619227262
-0.708335900695711	0.0229315557124376	1.40562907116123
-1.14303927128787	0.114997331272638	0.814742686236435
-2.23020586999741	0.200863079045597	2.52016361521581
-1.35113726044612	0.42623760034573	3.0670646892769
-2.88654478756845	0.161715756386349	0.404603505106803
-1.26257262131268	-0.703291561213819	2.08050320953379
-1.64805424917087	0.726360348756878	1.23095116973562
-0.747715783641181	-1.67982653191897	2.17133710509884
-0.715029593092024	-1.39882616277251	-0.326145519833953
-1.5565039633825	0.195467025905814	0.525827096386325
-2.22622720800804	1.07950171156486	0.543557681232357
-1.11821213124418	1.41163928531722	1.38742869431008
-1.7201707229881	0.757948577801634	1.51584985504579
-1.8554494346492	1.01510122928871	0.606613381500098
-0.884061482949534	1.83520184108272	1.17792199738658
-0.518584232279423	0.581222988056017	0.68037216277017
-1.21679467578026	0.523604510254162	1.40297475129141
-0.851169783464459	-0.373386951088082	1.42548535694174
-1.81984675654151	0.397334459283902	1.23541993783949
-2.67484398619292	-0.209967924818776	0.814750525290855
-1.59052567306343	-1.13734092120177	-0.000525743005044321
-1.62810925394399	-0.961356398199335	0.269668411426969
-2.71500608960852	-0.507988362351502	-0.179624518160293
-0.87906020642589	-1.88459953841877	1.19804326696387
-2.73383548755606	-1.00335280159305	-0.33238818666418
-1.56916606899989	-2.45236339278953	0.491213931789976
-3.46184573707978	-1.21451409754407	0.868282248249093
-2.52684606663428	0.228747279621444	0.930259480701519
-2.07340210669821	0.66176113717376	1.31686788199332
-2.32118205927263	1.14173392532552	0.905697566750729
-1.47919629211543	1.26551594838259	0.55840700644424
-1.54574346366741	1.28521694732436	2.52400575000864
-1.26253157156293	1.14001782342046	1.83517104229943
-2.11875258491672	-0.909265267890581	0.0297830662544096
-0.176761012124628	-1.46839492301859	2.09458183626207
-2.31232849831321	-0.30009492087606	1.0327706698626
-0.314865098917033	-0.170732441299251	-0.0413169050892153
-2.28243795593874	0.409239738724419	-0.172529995102504
-0.56364763141472	1.45765729300793	1.59892141079565
0.152701178732678	1.14162289492465	1.37369016097249
-0.919434911836586	-0.0647936710041943	2.19307883365076
-1.60318237180405	1.57871044730945	0.297994956503217
-1.01231195178952	0.297683077242814	1.78233004747048
-3.47777107094608	-0.761104494518626	-0.128522678434657
-0.477535966155909	0.789136911554365	-0.0262342277467666
0.0998577548157076	-0.129786676204121	1.09264193539034
-2.43429563854941	-0.199915701309836	2.36629438280365
-0.0159956549302618	-0.657174278786011	2.2159866371887
-0.565706046603455	-1.37236538573434	1.47970463682665
-1.7431991772105	-0.497560934183413	1.90726984142797
-0.423522992055852	0.302447158243044	1.36553775901952
-2.00935631025656	0.414090180151378	1.96636989078024
-2.10650388243231	0.370746497352451	1.0413806127139
-0.552126248515172	-0.234250422946143	1.69262805438042
-2.23152508118385	0.324763354413591	1.23749924397783
-0.247309326649121	0.2133112238068	0.410027853619564
1.05305134912896	1.69681102686716	0.9150161993692
-3.75050401086355	0.752224087879392	2.80689659315944
-0.0394335828559071	-0.724083943433275	3.26930549096744
0.540903774831516	-0.644363250062041	3.42256533090403
-1.31713501923883	-0.716790402980418	2.25277317968366
-3.3155298064765	-0.281171108785578	-0.596159754787993
-4.15330273522118	-0.278933320964739	1.58745270445889
-4.34511016340209	-1.48366829948162	1.80253731421283
-2.86341180270899	-1.58160918233455	1.9986876013161
-1.62261422295485	-0.269897047369856	2.44382713044078
-1.57996640387755	-2.5549548643375	1.89691839200254
-1.294619683697	-1.0077980866527	1.22107730740755
-1.12543903128958	0.59168621724608	1.56524460099044
-2.34612039364763	-0.70633807801591	0.235708215095755
-1.24276853991421	0.389645610846511	1.168993900221
-2.04973246841371	-0.228430116254332	2.24561790610872
-1.56561128931394	-0.521781178964521	1.98380643326488
-1.27081175523169	-0.980246859296815	1.86712713499328
-1.37159676616968	-2.42793870361401	1.45232909940192
-1.73397157636547	-0.0851990601476764	1.33900537842941
-1.54387070274178	0.471087788490171	3.11628293234199
-0.955045702075704	-0.930271976802843	1.2298422384456
-0.652125613014045	-0.889795856819453	2.72134773421852
-1.16218332982931	-1.47226273841205	1.01939554541236
-0.811301129062156	-2.4815521135568	2.51941106203545
-1.19725868214416	-1.77198800389402	0.0781514940970125
-1.26970236640381	-2.82506074492909	1.1738608585004
-2.16741035021649	-3.25910553805442	2.29582948551916
-2.41688325384065	-1.23789018041456	0.123411976077529
-0.279203659225415	-0.548260486533342	1.82061634734391
-1.77339464142047	0.144611842316054	1.14231448070638
-1.77789487495945	0.499508405456298	1.9572189613405
-0.292434869226528	-0.314404291476861	-0.172121409281666
-0.379282478447077	-0.137113176712526	0.688259819037029
-1.54451371166247	1.28307522075758	0.671771864181083
-1.54734735135001	0.87231635718889	0.377524086022994
-0.716203421069495	0.70316162600708	1.91806074652566
-2.59584850585609	-0.343269372071249	1.06345990886153
-3.58507433203979	0.754949046199682	0.603350390131593
-3.63219319884407	0.353322891778845	2.12688709213395
-2.60277669272101	-1.54948368168585	1.05035045896606
-0.936763105195907	-3.1294504622184	1.24046040237179
-2.7731948534757	-0.588490916348763	0.430155008183995
-0.202766273170262	0.642527139188583	1.26274140108748
0.244020941843959	0.201789399489341	2.60181653622113
1.14802047419286	0.956279275923116	0.882486156213109
-3.41915286880204	-0.0715207498984008	-0.215905941423726
-1.34922965220334	0.790053231466494	0.0819262002164477
-1.20877296525612	-0.0132865891950511	0.0306134379888441
-2.10792431754364	-0.867973680350244	0.578409695250333
-0.374589827954877	0.42480681889703	1.67629715806675
-1.83417850878374	-1.086349210496	1.3710918038498
-0.827047676766271	-3.10621955151344	1.59892301878542
-1.13657968920997	-2.03363611473071	1.25717349722086
-0.189143532543394	-1.96702196002127	0.216661885951507
-2.13268149755944	-1.67219220636171	2.07064004904825
0.0491797339774592	1.37398731991266	1.57017052066329
-1.69706687982766	-0.364325747239799	1.40761431765912
-1.74301170453299	0.721107832079724	1.16830335913459
-0.743773656207097	-1.34722144127386	2.91513516693392
-0.559826594236281	-0.358471697046042	-0.483206212898557
0.674023709989335	-1.10116379254625	1.03390869734836
-1.4524429180362	-1.19006653364499	2.47741365387212
0.600038641694011	-0.652506745520728	3.06488613674795
-1.0038036094106	-0.688472370571963	2.82686075393987
-3.67985049330937	-2.3223814100066	1.35749586591448
-1.11945720333039	-2.59736889444704	0.341989897905065
-2.52029906910979	-2.86674378721357	0.72586551620111
-1.43050383437633	-1.06228994329323	0.95639647449938
0.21687112516167	-1.69670851382246	0.356720555942368
-0.0174835801602576	-1.59339869956307	2.1525035376883
-1.46313330552955	-0.906951317510267	1.33925733027036
-0.670893877872717	-0.0868340431270648	0.755163959863437
-0.766444857740229	1.47813524974378	2.00469059491863
-0.996708341801612	0.280475156460493	0.0672658746424568
-0.175258556518053	0.623444077199048	1.21658768423634
-1.02400081604568	1.74207151006785	1.21975775010466
-0.981804409476735	0.897965227065422	1.80644534617096
-0.980843627049631	-0.924880918959573	0.949529208274359
-2.69467825432409	-0.0304341774687068	1.92863569689897
-1.40887430051341	0.895829124393547	2.08544374833907
-1.99254563327702	0.378528595637378	1.85090083516627
-0.0599105149068996	-0.0429723269658213	1.4186681775668
-4.26624841378595	-1.32244981129643	2.70377272153198
-4.06904270457659	-1.97797147750261	0.955141177947664
-2.9163431233573	-0.236915047332127	2.48326917194875
-1.17003424712556	0.0164953651130963	1.58611055632461
-1.26032978672687	-1.31714120751677	1.92769196648757
0.949529330243851	-1.5046162683559	1.00948559196847
0.374252062621192	-1.68305730128789	1.59876438004081
-0.364935642668181	-2.0746891082261	0.804483892268163
-2.96565991226986	-0.887431417452452	2.49095818545391
-1.98757182302226	-0.416925063499228	1.19002448911538
-1.70577086007853	-0.00915514747016333	0.855706746814689
-1.10435089085292	0.836624550750745	2.0995910801341
-2.00152472911461	-0.114212090617806	1.29520804211235
-2.56058480011398	0.0577376705314031	1.87125397343607
-1.62217784004859	-0.438234241059487	0.591628596672392
-2.11918660412094	-0.172873945484577	0.297495049547953
-2.58185647663242	0.685676919386248	1.2423457519966
-1.71267503090395	0.0079237339670783	2.58182751806964
-2.7709259908425	-0.285621046291317	2.26986865711764
-1.75996771924645	0.929498037286588	1.22230634847392
-0.897578201366527	-1.79311621615626	0.485825788773181
0.722507359747431	-1.99627878819109	1.29941384576629
-0.582145846843081	-1.47320939416494	1.91807420976581
-0.650562385604819	-0.416238284556854	1.45600225610639
0.0199727674621386	0.462141172682909	1.98089386302897
-2.33240339110707	0.562199098357103	2.30452441235309
0.178774387987038	-1.20525498234727	1.65693098426305
-0.102022136120193	-1.2116119683464	1.40173801197956
-0.729782346337247	-2.28976311727183	1.21804980233704
-1.44806786623586	-1.62116077825046	1.4183542023849
-1.70553217829878	-0.830521724958008	1.76617231528192
-0.918062531637436	-1.81510836531828	2.60903912096416
-0.0975147648239085	-0.823728001930668	1.79205082512881
-2.12951536690749	-0.434110113735164	1.23440802371
-0.31674317883831	-0.338729501658627	0.383335605242229
-1.10862578938873	-0.274578734338749	2.87112390004941
0.357321440824436	-0.259585428996508	1.5382795123858
-0.157098843957079	-0.0284237216979504	1.55284327158253
-0.94045514044988	0.76516698616333	1.95018885642341
-1.24831498965305	0.294881579884673	1.7824593615945
-2.14139492586564	-0.537325449742621	0.424099047899056
-0.385733650249092	0.259699097124632	0.591325835024266
-2.16308189884081	-0.716119116033904	1.93367303281304
-0.307174304478553	-2.42134533988881	2.37165507825031
-3.44333775192174	-2.51639410609183	0.492118849620758
-2.33253088861967	-0.279389544871251	0.534294515354907
-1.73949147682711	0.263514193211142	-0.0898074910852824
-2.61477471601319	-0.418218734179695	0.599871676630468
-0.24069666625669	-0.886758160204371	-0.713905247521647
-1.85900688181479	-0.156685470809766	1.05296960636258
-0.026725591228576	0.0189037912617485	1.43220464612133
0.132900389583726	-0.370680831864498	2.60180016049261
-3.6452367282741	-0.346487591464431	1.28908788883629
-1.66441827309131	0.0686205206349349	2.97480069196258
-2.08080505878652	0.81763927588494	2.59414970980233
-3.2160250584766	0.603862737610085	2.49311804313076
-2.091221730093	1.48997828178052	2.87357012544398
-0.180118483879823	0.925055873853753	1.64956405141732
-2.78606569632543	0.9478234499126	3.21848947531338
-1.50993577158499	0.534275921220758	4.85269220864098
-1.80315984809778	0.665665527511284	3.8493525354903
-2.12128870772571	-0.40302806442289	3.694945634378
-2.16470824218764	0.292416851046874	2.54591470419235
-1.69956592087312	0.338009236118113	2.26836655671237
0.312531999985926	1.00692422729705	1.51461645265576
0.254914899614	-0.568275387606175	1.9245214765931
-0.848288430001171	-0.283028486641075	2.49070591528992
-1.27276101379868	-0.0770759549296069	1.29813682450133
-1.33762313858467	1.04813226459461	1.05155032156875
-2.29409864237796	0.0240942405688587	1.46875607715704
-2.67545119813472	-0.178731433376856	2.51540635144053
-0.146012025024439	0.562514960789201	0.271253901381537
-1.18156063543541	-0.0173293791344943	1.02087107563428
-3.06170421867155	0.243582273497966	1.86739565778629
-1.37825365159847	-0.221783700239926	1.54982929192238
-2.27739946024341	0.787262182170395	1.12965065234116
-1.1834566857517	0.403892932415067	0.565704365852754
-0.715852800727076	0.842572291692576	1.26142315403227
-3.64316885319722	1.06028568913778	2.25988448557849
-2.30573062939907	-0.122080265282365	0.981233747836337
-2.47290525815443	0.286466590047089	1.92955789364487
-0.986163192418434	0.196787444553455	2.56430764980066
-2.03645565950381	0.0550325211763398	1.25730584960677
-2.02028156928133	-0.210555536361499	0.604211234694852
-1.86998087519185	0.327681724609735	0.888517801549727
-0.428574241842677	-0.587598792026875	1.45875833712081
-2.13492308169753	0.00488804532029014	1.56770547163813
-2.17246590663851	0.940770440406956	1.40052061802532
-0.739588428906909	0.490033944203758	0.291282530756227
-0.915507952866726	1.09436594178284	1.13239143510213
-0.915507952866726	1.09436594178284	1.13239143510213
-1.081715568294	0.63559165177725	0.340214650824925
-0.925514390006348	0.408903888230729	0.690073122909689
-1.15863447560872	-0.242179704895064	1.58347490009744
-2.12728351613623	0.268278303152344	0.680260797366231
-0.851843891510176	-0.338851066577601	0.631601644541701
-1.30606012600595	-1.05094597707441	1.35606685975465
-1.59123842880402	-0.196266079545405	1.07558901335839
-0.609848989767746	1.10507605199086	2.57938327373177
-0.365025351759095	-0.656797616260867	2.07556667961872
-2.33109795760541	-1.07634628454562	2.87576818074373
-1.27189238834594	1.12711475313982	1.3781379155507
-0.996257311145199	0.280133816050618	3.31848766384358
-0.398028138430421	0.216894011080622	4.29740196198484
-1.52890964082953	0.428795490969975	1.77491519573518
-0.872775148562188	0.286139765276307	1.50281612248927
-0.975488937327802	-0.106851737913393	0.451755799105403
0.0736689038944567	0.122111525617188	1.01887480121272
-0.696228022239288	0.000820058171849825	0.678192918330266
-1.59968563569037	0.745019831641444	0.252230120333664
-2.16965261709949	0.0537675251689472	0.875004501221057
-1.10636571746614	-0.425904818676054	2.15863278026771
-1.21548243398805	0.162306654173752	2.65586424583566
-2.1057544698866	0.506969968693353	2.48641095975503
-1.22943437469331	1.06913725795035	1.82049033415804
-1.5572261742354	-0.100365228625429	0.190062793522693
-1.47708276209798	0.350056455128861	0.336388706377239
-1.03288910639852	0.885805725796583	1.62798094795502
-1.32899370713919	-0.348923790704056	-0.0250973073456247
-1.00762527197705	0.957350224550407	0.903897215667055
-0.484226226937774	1.28864386479713	1.90780765271995
-0.988964167234743	0.499468047230748	0.687473432153991
-1.45432597153285	0.468075620216857	0.322271153844752
-0.978589882534288	-0.87036180591761	2.34365577104433
-1.19247074918245	-0.856612482089574	1.95644614770464
-1.38531218253733	-0.0851061725078789	1.85831243602197
-1.24970376695238	-0.524007483760881	0.736976082907512
-1.82397733637716	-0.643848790134569	2.89727784462977
-1.40295805817498	-0.291323079218451	1.37238760528477
-1.39220293932206	0.0709508438312367	0.893235082193869
-1.77458896147093	-0.010927585237241	1.31088091938391
-0.604176863722237	0.594968710117439	2.83291920560803
0.33642562108876	1.11768395359842	1.62212084054273
-0.906493282395055	1.58971253220396	1.25233139479893
-0.751335911629705	1.58102603850482	0.899262005483959
-0.885690612208965	1.16547501044683	1.74978740577205
-1.88234182860976	1.01994578330419	1.58401566162923
-1.8074905925898	-0.411115997605078	1.62503736793611
-0.557386777629744	1.45708675569516	2.38298179680899
-1.41662321717501	0.688717830973291	2.91209730355851
-0.381958353739789	0.163563525529121	2.40753882861271
-0.570502585836247	0.438607322955573	1.63645358119697
-0.185269410774264	0.865659764245816	2.1666517920211
0.265454630896687	0.281737922777395	2.40884167969664
-0.75039281104055	-0.723833038560291	0.649422875810715
-2.55441580758544	-0.0886590325188278	1.61798594767514
-1.80551923612459	-0.166346852063711	0.484479353023137
-1.63639338074116	1.01912189285894	1.16460230713756
-1.35107935290582	0.0801452556376625	1.40806793529313
-1.20642638597599	0.0789187915243227	2.21815846921464
-1.0298416884409	-0.574682501151358	0.724650082519152
-1.35560314239621	-0.331491633372469	0.33009238051001
-0.605878059917926	-0.396221021296362	0.905004829541804
-0.605878059917926	-0.396221021296362	0.905004829541804
-2.09466309204138	-0.527253607440124	3.28076930703955
-0.989567622209586	0.0536466897302568	2.7868112604963
-0.796026615043811	0.416197518553053	2.25927728672258
-1.54451257288278	-0.0208207166822261	2.36548151931068
-1.32537635924968	0.365128642889628	1.91222340845694
-2.00496284839341	0.602653577711983	1.56217073418043
-0.766630006832077	0.734847213841451	1.33048210886223
-1.69315092367928	1.54176585673317	2.14479333622587
-0.159810901212598	0.00843014931635233	2.24571467770024
-0.755309075081928	0.000311759716689647	0.469511568950149
-1.07708390077296	1.40052465622691	2.69774102054272
-1.50858537758218	1.47671986377086	1.71758203224543
0.119847520375703	0.060904475422999	2.18341179830453
-0.863107867928017	-0.0960871983217516	0.675340680936595
-1.71508536864192	0.917242877877	2.46151836470442
-1.64360039074786	0.340890198343076	1.59645139944966
-2.68656820847189	0.90833122646484	1.65877167915432
-0.652209437346482	-0.00695514328573538	1.7870089279243
-1.90153039073703	1.36421747322668	1.13739270624326
-1.8400973031762	0.386829187681151	1.99876851313455
-0.470368352986554	-0.642223020118287	0.899280036945719
-1.42935124944609	0.140000244310009	0.663159998713483
-1.96768116639299	0.849745062034963	2.05587310186135
-1.24793700910815	0.707124132525802	1.34405072352
-2.755780052454	0.0967956736540714	2.35505945320934
-2.29004795496195	-0.585651032356088	0.65116057655002
-1.88127253609325	0.433034449611214	3.45667762472266
-2.08574919354759	0.779848583557485	1.89414940790782
-1.63509853037361	-1.05443131991618	1.14948220083033
-1.9656945152816	0.108909188085672	1.55764133756442
-1.01559966284561	-0.100098129605425	0.128698845486664
-0.594182052523328	0.652382231082709	-0.738411401474761
-0.520165504521619	0.810488197174848	1.77198618485723
-1.31274423357746	-0.341323001760846	2.21064060000308
-0.515821683032515	0.230197315098154	1.88098418212956
-1.69237879863966	-0.144076259672731	2.07581774061636
0.0747039745964746	0.880604483032611	1.62459130250786
0.337683404907729	0.560077751914295	1.61879584174418
-2.02943071612895	1.60579511124422	2.08071290878662
-2.31169854982398	0.316812191339895	-0.360086997584753
-1.42025612864455	0.392164496563365	1.62897787480975
-2.13499300499141	0.407694573992824	-0.378977256764415
0.0499817505280333	0.24311296290116	-0.200912146075123
-0.408705903145317	2.47788110727257	1.02054882275771
-0.978417150727222	1.06887170218652	1.12626938620029
-0.877355806822795	0.886508253290869	0.980454245133294
-3.84560063039526	-0.71078940325352	-0.223323610674539
-2.95136627823318	1.20291350481666	1.54869100705796
-2.04546292068739	0.00325695730940528	2.28484454200743
-2.55821218096208	1.62832267140297	2.50277848680229
0.158269788146071	0.887190502569244	1.79842813225371
-1.25738399260583	1.23885732438077	0.596348013665641
0.598185142301984	0.205893894977695	1.86975107316603
-1.72389711626784	0.0495245810226696	1.10066812610159
-1.07674938567694	0.41006499434148	1.5552043622995
-1.84485805608435	1.23033877644676	2.12729608823395
-1.98880527836882	-1.1936385100116	1.02388935067052
-1.30442365329735	0.563824813953176	0.842480478587175
-2.40953970640703	0.16439340781308	1.87285504541576
-3.23302314946311	0.281570205048155	-0.318114426935392
-2.18208154496312	0.764350988110519	0.0411912324274004
-0.575471423617249	0.926961527134209	0.997454746656533
-2.80502020700246	0.624081093187179	1.2929633359343
-1.35762173878272	-1.00448046077351	-0.0824494289569986
-1.34519358257238	-1.35783775503044	1.48029496119275
-1.81381997178019	-1.68415112378301	-0.0196991724037419
-0.201305933514133	-2.38487945392065	-0.289945281689209
-1.74769325638179	-2.83583829809199	-0.852252821215294
-2.71029612468112	-2.16018721386743	0.385832709364146
-0.258112679057378	-0.289601362834716	2.49087321768
-1.51745568104519	-0.927496529365421	2.36787227468942
-1.08379116765019	0.687612750280098	2.30397481520894
-1.63174066870089	0.440472406884706	0.238015672280235
-1.25902176847831	-0.193390571925979	-0.183774857652171
-0.685347696974999	0.0392756473547816	2.48431033288219
-2.16863014645203	0.249388437975548	0.683584563083594
-1.8176818630061	0.265428572282181	1.24236459964677
-0.971413001765505	0.274855740539131	1.35834175585755
-0.791035101782774	-0.898082144946108	2.15913508516106
-1.70742150521803	-0.642760057954895	1.52228082363448
-2.03061357555504	-1.04962934417986	-0.231220409619818
-1.09397025294691	-0.39921899215593	0.509936708702928
-0.0550558726949069	-0.276518871679665	0.524493834272102
-1.89089855391797	-0.23233047687052	0.692605654662232
-1.4935311280189	-0.314912745064238	0.340920277657783
-0.651750231532797	0.215312673332164	1.19723828690167
-1.72466995265691	-0.0163495045042758	1.28559125254399
-1.12046112348498	-0.0484810418389485	1.98692572907452
-0.662308139818311	-0.505906728600621	1.00779408928731
-1.46692147941751	-0.333806219723567	0.429294909345642
-1.51767815342331	-0.238514978649849	-0.208535509741935
-3.25100705708027	0.124780020530136	0.765171376442888
-1.79175038401863	-0.469594432679369	2.13085124958719
-1.99734364230435	-0.130012137544464	0.915629528293275
-0.852240070939888	-0.587602984945638	0.689030529196195
-1.32299576520209	-0.171814581367798	0.519570573956134
-1.29179535900266	-1.08209254688422	1.91352857052959
-1.29179535900266	-1.08209254688422	1.91352857052959
-1.25645918789586	-0.842024492811531	1.36648075764309
-2.12115106349713	-1.05319082855607	1.20565628573569
-1.601398936754	-1.50166654156043	1.75055759853361
-0.946400622955877	-0.569388180179105	1.42298007145483
-2.08832694595044	-1.16372117009914	0.757906554782378
-1.45710135143174	0.844281695704667	1.11540878548426
-1.15342441030471	-0.343631995414909	2.4715904080371
-1.85691403746751	-0.319864494223583	0.986206689390616
-0.973357130151742	0.315842796462072	1.08574130849942
-1.13120063037627	-0.771840985741509	0.508783309366653
-2.24819538044321	-0.4934884326831	1.66006570922793
-1.82356156202548	-1.29788108390545	0.703494455915639
-2.246906237377	-1.88619927309154	0.286106805099986
-2.5024027605456	-0.316149296759184	0.123326803776376
-1.80394644325736	-1.41024317319055	-0.969338227745352
-1.7270663335784	-0.733962862834935	-0.405557035316705
-1.29874812327737	-0.0976870594174858	0.870444875553016
-0.487286137972489	0.439356640441974	1.11310519069578
-0.791479077923018	-0.577938809838214	0.326251154006207
-0.927695872651529	0.0357632383114314	0.855395626091638
-1.41513266003812	0.483275737410083	1.37046489519298
-2.06961640491874	1.76999886613382	1.26868944261782
-1.29784064889076	-0.192273579386908	0.881164237161896
-1.17837372481556	0.327430144307928	0.903435366540278
-1.87079660489258	-0.347799258882948	0.635519806464581
-1.40520471013989	0.00821051551663055	0.539738766260915
-1.87411231622748	0.0914843129567105	0.91334638115841
-1.53123359907621	-0.942242521964388	1.14886965363802
-3.17790416796973	0.327998816968541	2.20364892272449
-2.29326897220847	0.627514250013467	2.11865936507776
-1.68324908961157	1.48340487234162	1.59617900145485
-1.40757554942194	0.292055645126198	-0.825640704191257
-1.63374241676	0.518716523909149	-0.280895106231183
-2.34487396049375	0.336743552659586	0.395986369606875
-2.40830911299801	-1.46210413011884	1.34019995945518
-2.70208989620226	-0.612655802138194	1.56202612380318
-0.911880826564765	0.526068526761148	1.01045807084248
-0.616964724049419	-0.495101774333066	0.710875327211614
-1.09603821245137	-0.178833498992542	0.89563508898175
-1.01073712496008	0.0638045027655239	1.37534899961252
-2.13738704697082	-0.357480230301854	0.724060197674604
-2.13738704697082	-0.357480230301854	0.724060197674604
-0.0433605300899851	-0.140181209847643	1.17077953564225
-0.699403422227509	0.115696093936049	1.08575152828282
-1.41324961896921	0.0859553077595176	0.248845239297518
-1.91256094423495	0.914115319031228	0.719197497555758
-1.19558283315305	-0.216740195433944	0.880576172813999
-1.42976089611574	0.137982452773601	0.940555510029803
-2.33208588031955	0.12231554142638	0.514338388490306
-2.00485209156597	0.107085600170101	1.19046877638173
-0.488261186961704	-0.0244118028302474	0.487967126757716
-2.14249436581727	0.0343576391339722	0.436564253241814
-2.06668248092112	-0.195143371612392	1.0599971566302
-2.06668248092112	-0.195143371612392	1.0599971566302
-1.93706051084955	-0.755588710699105	0.765333093125414
-1.08242425462574	-0.779173556520841	0.991428102787648
-0.489887523013202	-0.525019143937901	1.02716409013805
-1.70188042002491	-0.32920170267442	1.21706884956957
-2.03543419798937	0.139116251754942	1.31654884702675
-2.32167616779893	1.01077157613157	2.0689713324537
-1.99895544002127	-0.66430016907497	0.685587271288676
-2.71975110762308	-0.300920126536642	3.10694358351075
-0.652274322762509	0.965661836453064	2.36225733139287
-1.82364075849509	0.616500507352401	2.30642739658294
-1.17500841228541	0.62824316871302	1.94413683751231
-1.85033514650536	1.05800312541923	2.37011603024355
-1.86801112087527	0.893576907045549	1.46488379897606
-1.63693444332786	-0.0196935587272532	1.6187634740751
-1.72337368128158	0.260683120606714	1.04013013449552
-1.64910747886647	0.802572428818466	1.42264086844981
-2.36801368724613	1.87302702853895	1.40953840051044
-2.55985764620988	1.45670120688024	1.44634730587981
-2.41767897919268	1.28209777070229	1.20184253249558
-1.52112462470007	0.623008577631587	0.726497890914896
-0.4962140466736	-0.095781662040543	-0.120716519282833
-0.964401961535411	-0.0518541838793051	0.0651977325870575
-0.768985739118486	1.13630100901348	1.32542012228352
-3.1250695573478	0.642289714738198	1.19513321986125
-1.93240837741992	-0.246534672056717	1.7112661479553
-0.807965594118045	0.130792686635625	1.17807518809183
-1.3572513314649	0.105364582642764	0.96193517850847
0.443116879844791	0.0121465030548074	0.848239348050168
-1.84571577386366	0.237583735569119	1.32923185592766
-0.571941664987964	1.25883820955453	1.1589143914109
-0.901903756450198	0.952865201456841	0.931573009138466
-0.135486227138476	0.141117941015943	1.30474445097798
0.128242266475411	0.9370876898767	2.18042270958773
-0.894434629508267	0.274901312638043	1.96357856003605
-0.0304779253924278	0.507016776005861	2.02684418339329
-0.297843812521253	0.764310382661888	1.68676923796725
-0.587475735203755	0.684708540241375	3.2214761439307
-0.419183921346604	0.457012621193049	2.65729873670206
-1.15745911274234	0.397968532063263	1.07397483196443
-0.453020019114262	0.805521274829738	1.03729256334312
-1.39527831536136	1.11553357434636	1.38348188094379
-0.683637873371206	0.69785800810793	2.36968389451672
0.497712397331866	0.862084842478902	1.18266841962602
-1.69734631416463	1.31684235695981	1.81340083890727
-2.08383969089077	0.834743120803135	1.37999752538226
-2.97384599826637	0.457121587539165	1.05359741170503
-1.39162119287161	1.08261990134687	1.97456054670643
-0.806160772138595	0.470119275057949	1.38764156490245
-1.17648392266908	0.201735089840512	1.08948528106093
-0.408196585877137	-0.366846327024869	0.599738689946654
0.601034251840617	0.70938853198031	0.782140298078747
-1.53941003075884	2.04063296675122	1.6690121406929
-1.15588334886024	0.512319630000999	1.7771932459517
-1.03310947233785	2.11162423949998	2.10694169783263
-1.48195652453971	2.28230303399829	1.11901382498998
-0.909127235317338	2.33201717245631	1.53240150950393
-1.44146658310186	1.16173091450222	1.61928429242922
-2.11775370637113	0.71894184012679	2.40801355790535
0.404140601202341	0.285625884808625	1.89179268016916
-0.220004642254539	1.37929841919451	3.04343941353703
-1.77010335460665	0.351064021017372	2.50681034127622
-1.917422074091	0.815610136793938	0.527201130476315
-0.709324983742765	0.780350208768201	0.281039648417787
-0.268562723805604	0.186548061537914	1.20467895907611
-0.795892722568911	-0.13811655619158	2.81234788082936
-0.915281559012405	0.602070584949742	2.16585218708043
-0.594187725333555	0.437284017003659	1.54573152269032
-0.646775259573223	1.71177250541634	1.21500597317539
-1.22874266900873	1.53417040772804	1.72809599409648
-0.283352891873446	1.38088884399813	1.32024117969118
0.0380316010661445	1.14049484295089	2.49194209561946
0.774756536006486	0.640025076474953	2.72963202913505
-0.821880643713189	0.930229639958586	0.493802887847046
-1.71935561435815	1.46491275574403	0.533773856124963
-1.4179426182219	0.349890051011093	1.65885451015841
-1.26390216024392	0.667524907509593	1.65130765724972
-2.07568148295567	0.362840799434918	1.04294309082314
-0.543655796309967	1.11600569900611	1.56167413185024
-0.666922633398182	0.546303362608692	1.61122293834619
-1.56875663228555	0.343054293403586	1.71450188421766
-1.87238266535724	0.455803737929378	2.69070812237301
-1.18605441701939	-0.0416837731894719	2.93971816536139
-1.16092647529846	0.889880953857717	1.75527663262553
-0.0472069692318393	0.428602246003393	1.65289361286896
-0.967462771918285	0.273935040500162	1.00637809735865
-1.11051171315986	0.523945529971742	1.70304517757589
-1.35280382785524	0.713166567912485	1.11272846987452
-1.63746641819126	0.679481802179421	0.366425312981936
0.0109822904551187	0.285422292802172	0.935507794862514
-1.27604741100631	1.27164632362117	2.22843691117459
-0.859555718616101	-1.13957180309291	1.20830998670716
-0.502873283440267	0.801933917846519	1.85282874117059
1.33780434485161	0.504831907664184	1.87121286558372
-1.24237596588268	0.049718578092834	2.96679872023323
-1.26787378705631	0.820872382518271	2.48979569934258
-1.08397139811924	1.02239215119861	0.970832110732291
-1.44878859719064	1.28544433584528	2.25038102898906
-1.65896569657653	0.529453080717462	3.04568923953728
-1.0893968210119	0.662810189295052	2.26758932723722
0.533867380072335	1.2544083993855	2.00700094085667
-0.33656198352043	0.754036240056155	1.28587763914949
-1.64793007140334	0.629856946914759	1.09589002720531
-1.9799156251339	0.401070690466321	1.56480074357858
-1.94866272051198	1.60288808900484	2.20531093151035
-2.38920280846268	-0.42313958563571	0.694464595208259
-3.77027884440674	0.261730882732884	0.250770905301816
-3.68478362888907	0.296961928652253	1.53613264803576
-1.92412808203064	0.277024885687568	2.44561596917572
-1.37024568590956	-0.727667906071262	1.51905553536326
0.0578764603881661	-0.131290910591252	1.39293176320285
-0.470948048546982	0.108402490489064	0.312381705678862
-2.22276682963367	0.0919948390897029	0.703637300342881
-0.852909796120212	-0.775973079337898	1.63039812581594
-1.18213797715948	-0.00270598725934734	0.289159166838421
-2.97465714322255	0.552947224046068	-0.731859079416571
0.0015903664529618	0.0100853279907267	1.00062072471302
0.601139770355421	1.55125958712228	0.850105161005069
1.24936118786768	1.72673530839293	2.96082539928268
0.111154052080244	0.2486163447199	-0.11580444280585
-2.69327104040815	0.582352411827588	0.527121266880557
-1.35604909114798	0.814166840352027	2.33562129085213
-1.52574006149761	-0.376081006124505	0.916017001853539
-2.29140108142977	0.381823421588812	2.41011169111253
0.273398037866644	0.802750856392706	1.82167957008998
-0.562431281116139	1.29189444156664	1.31387749985666
-0.563816768445343	1.07654372529644	0.500893987073659
-0.306202518396968	0.7059037272057	1.11117277144853
-0.58312390048671	0.195080218972067	0.652320626418777
-1.53177078054917	0.484438763594162	1.42503514285872
-0.527790225873291	0.800435544261828	1.69002576664458
-0.200476853667187	0.576511205775124	2.31516150018756
-1.99626613958293	0.866312368388167	2.83845250042721
-1.30390162549308	0.459126658158466	0.892977989828023
-1.64161371337195	1.12603031712157	1.86448173628048
-2.08113623235083	0.0352136387187726	0.491928602649294
-1.36372515756093	-0.247689604915166	1.87043756107364
-0.688330842479018	-0.251646362474896	1.94072673780396
-0.300460174651124	0.53978023144058	1.66810742293051
-0.145751515304118	-0.622920820914682	2.47738536753512
-2.54076083041232	-0.478020521612177	2.73129833549336
-0.636059090383052	0.278029633115289	1.8875733303052
-0.636059090383052	0.278029633115289	1.8875733303052
-0.605604840390134	1.43846931092514	1.67499582572617
-1.85592626698005	0.581914763730399	1.47264244810194
-2.01982612000015	0.527963136420978	1.28782224960827
-1.46621031127866	0.640118718614864	0.947640839839775
-1.18245589090774	0.797915663320606	2.36632447453297
-0.94865778137768	1.1092294230948	0.923111356815575
0.0880062175874566	0.526772804253914	1.9730797372983
-2.58257095959781	0.111387434145652	3.51592368056816
-0.937684113404252	-0.756429011584897	1.39495631174422
-1.31079843830859	0.672513740383179	0.520060643912508
-0.245971794905252	0.384161882262272	3.5856549134995
-2.83490825931704	-0.577219326856379	3.4514816252133
-3.10514457718813	-0.35838208891599	3.81729573696313
-1.08629674473765	-0.240805580485785	2.45045145928276
0.25723060741958	1.30606915717353	3.2139027814148
-1.16157210341493	1.03748270034567	1.82278452818172
-1.04135444551531	0.277339981058687	0.877473001778802
-0.800478139426619	1.07877522393814	1.22217466445826
-0.747524583623942	0.437731766537748	-0.0988782740312943
-1.12610084921238	-0.158975452920407	1.05443776101661
-0.0663950147990378	-1.05516230885771	0.461211895549837
-2.24914027339471	-0.401777512924993	0.489586243610987
-0.0491774532886207	1.55152501170659	-0.216113995923676
0.255492840121536	1.29101373973894	-0.219981143657747
-1.00675845258231	0.800119748100865	2.55318122561567
-0.672342346776461	1.13992730535242	0.926553533820404
-0.694798763326974	-0.183201078951412	2.68352072030138
-1.78160722928364	2.00745271806348	1.3158120116416
-1.1099144626241	0.665929305657055	0.642310764295841
-0.487207325798065	1.64853903884274	0.786081263759419
-0.712170349498738	0.686237903799038	2.57250121059357
0.0221173071796914	0.208440148236591	3.65984443390862
-1.08081854925126	0.411087275975997	1.0101482847088
-0.170783482614458	-1.43336622691207	1.47646585353575
-0.204829392088609	-1.94015541451611	2.33993519413828
-1.16796748186612	-1.86383364580671	1.11685102825293
-0.266888820553474	-0.927427513651099	0.154934873985253
-0.0207858762834039	0.656577006756927	1.09782351450819
-1.5281205853285	0.950932322414156	1.37635082983379
0.314773059706704	-0.0810522239679691	2.10388052873063
-1.42657433318031	0.888172304763234	1.22261774186921
-1.71834376631757	0.616978814510785	1.02057415675186
0.144810096129208	0.329061973887646	1.14698725286176
-0.305800181941875	0.377401572189925	2.62994259257505
-1.16426137399204	-0.139978774993009	2.30309718936169
-1.49424258272031	-0.685361132828926	0.927151557580544
-0.410104926453166	0.623578645655117	0.334258078889405
-0.24392074310303	-0.939029769416517	1.32168654736917
-0.616495011955973	-1.67609048332505	3.51943074230072
-1.08554550554193	0.0296977224889241	4.24571691565057
-1.42666640593247	-0.591954995211912	3.90523817104205
-2.49333911353152	0.0449323368509332	4.23268574991761
-1.72224168459767	0.0540992873473742	4.4672473444577
-1.13604829270963	-0.193370792302279	4.74353923917658
-1.47948892802791	-0.265399623779131	3.79694640593927
-0.626461167901243	-0.882990081341141	2.28781407181623
-0.0954761712675638	-0.117169157619241	3.26891708946621
-1.89011546814224	1.13153767305589	2.16275690662714
-1.89011546814224	1.13153767305589	2.16275690662714
-2.16995829138784	1.74762890588239	1.23907417324434
-1.16976404409914	-0.55543479828759	0.630538056796139
-1.70522941616283	-0.236316115281454	3.70200364547392
-1.78573076245786	-0.530851419207093	1.75144872707027
-0.974192727664177	-0.701714776497884	1.87619978554448
-1.92041739295113	-0.30080660002417	-0.276452203796562
-1.79311178470486	0.00214526270358872	1.11874969969955
-0.288976769534781	0.980555045749219	0.519800985653872
-0.363169047451409	0.338281294009171	0.734759265490757
-1.41561115472526	-0.389901903215316	0.37955976632151
-0.946459683772869	-0.659818410417959	0.89816662975489
-2.26146382066191	-0.536193280071093	0.264415042336853
-1.7374467439262	-1.6359486790075	0.87839627252046
-1.26766980855568	-0.0150962452874117	1.64071693814084
-1.38636413392531	0.130278281223585	0.45773055678567
-1.56790486241791	-0.0032683637293095	2.3355829820893
-2.62473510550119	0.240105409659462	2.29151816909596
-0.992754198036481	1.02699593206111	1.37554768893834
-1.13591213595748	-0.556279506915692	0.351025287573918
-0.839158223809432	-0.200605807169571	0.631462026542643
-0.839158223809432	-0.200605807169571	0.631462026542643
-1.39037043940511	-0.8190692971214	-0.0473746776056052
-1.25826704824624	0.859587981621642	0.675795508416977
-1.32480056636648	0.312547737371687	1.09345375187725
-1.44795160947652	0.323376841570557	1.29092353523629
-0.129149653624476	1.05524181074104	0.6845918296129
-2.35890568118301	0.0154719263458204	1.30117592739371
-1.2088138934456	0.782919773299378	1.8584582040039
-2.05431114123061	1.33573243561845	1.42392517949368
-1.93157642807939	0.279656019250043	2.4968886381849
-1.91480151887359	1.09700062786965	2.33513126036868
-2.29620855631972	-0.738389088919941	0.769284578958203
-0.69185795417733	-0.646462244949071	1.65564681063626
-1.13126931248709	-0.960483679468724	1.03903071881022
-1.09412196261705	-0.706842468286533	1.97687805420445
-0.753979962708833	-0.547781234870978	0.759136674868221
-0.875557506344924	0.661114850165099	1.3962404078509
-1.89282055429028	-0.504310386797314	2.13289299640105
-0.488468370479529	0.229826300917353	1.51391041890158
-1.03750765265628	-0.229279308303034	0.461709497843605
-1.19864326765316	0.125704008698746	1.3330112274165
-2.14486415991076	0.344270903266687	2.68275441224401
-2.00554618060517	0.244131201217517	2.30463163237304
-0.859613159074154	0.779204723259051	0.917845894796599
0.821378339472855	0.572108188376429	1.15038023279377
-2.12737217373689	0.591809198710967	1.17128814436489
-2.66605093424537	1.58725179667982	1.71869642338081
-2.48700353415382	0.47770971532295	-0.35444911982303
0.220023681117137	0.454313890204784	0.152703019415234
0.28241129606863	-0.192393170073287	2.20858361506272
-0.247366928921184	0.0872858037355197	0.576531980746877
-0.774033432337714	0.161715592564789	1.18038671893168
-0.981957171327431	0.802431055768581	0.966135364161313
-1.8263212680286	-0.231920538609223	1.42012287268737
-1.20227648208409	-0.302103946600548	1.07716041031163
-0.703402943662243	-0.0492852260472303	1.24073359086663
-0.240683846714424	0.9059507060423	0.870024509611433
-1.23698245755116	-0.285077808903309	2.32876006926594
-1.29930606817461	0.169190187495608	0.75048660180204
-1.504928770977	0.863910569494869	2.22730153318209
-0.106704996319315	0.262616169460386	2.57447699983688
-2.03025165580315	-0.800216635295345	2.83278804498092
-2.35728205896205	0.00306857840328323	3.41524111742698
-2.32896916558081	0.683230342434698	0.666512589467905
-0.84651997711192	0.406350087835431	1.13519091975454
-1.72972467614768	-0.195329146004899	0.233542767488038
-2.53882953965204	-0.016859377688059	0.711120955976928
-0.763267602686052	0.653808371823622	1.39826328495125
-0.527439416932309	0.183135857861188	2.50056895457562
0.876812716023351	1.01256100792213	0.389894710339251
-0.560850101005102	1.82852445667466	1.94297366556823
-1.64984538595444	-0.449038705470193	1.71190557774717
-0.78711366843589	-0.286800366306839	2.4275332106223
-0.467101148002353	-1.65328710597276	2.39539013912302
-3.93865956593078	0.504466514700096	2.82747886137219
-1.24776324670324	1.23234544707711	3.40273879787208
0.30660040906709	-0.70390115113387	0.721876751193555
-1.63189585382583	0.858538212235322	1.75356914544962
-0.860006446292414	-0.722952205534866	1.35533194597068
-1.4272572841132	1.03906412530657	2.88981226069199
-1.47864564878925	0.832519745862146	1.68698183489894
-0.316654644609852	0.691313638431233	2.06686496609533
-2.14789236741242	0.0212540662664318	2.05599095112247
-0.938454304197919	0.551498117006778	1.66692921303666
-1.54177847834137	0.488935760022848	0.730383532127668
-0.679903352821383	0.0267206333765078	0.564100610042537
-1.19835299441397	2.23721412344455	0.870057255767626
-0.891483680964044	0.194709620886371	1.92136033143155
-1.86034843888528	0.488935815156702	1.6034879954211
-0.590346491733425	0.20477030739093	0.957516846567272
-0.493682040384542	0.641524606616302	1.39748396093172
-0.642681955509282	0.563971206862796	1.37570637887978
-0.952987458737917	0.538813386602497	1.71438784444674
-0.0452927407623256	1.2142572098107	1.43107076323739
-0.879112432539552	-1.08768049231332	2.43766345606195
-1.43411784640929	1.43270391983715	2.28564114454997
0.400783022237369	1.18099835693418	0.506309165008783
-0.589933597549449	1.02845078039811	1.29076445023134
-1.52992965501561	1.34757337594483	1.31814132651964
-0.650191717097563	2.00131709501323	3.66378763913539
-1.26422587039103	0.425839396308063	2.47826624245593
-1.77956824025109	0.262868527542847	2.8991314238521
-0.863483538686771	2.46355766187573	2.28666341833296
-0.832899036279483	2.22037310383137	1.33553882410564
-0.302150214954314	0.7678343952071	1.53578640298796
-0.694738693873223	-0.27092378627835	2.9385903069642
-1.96356504491827	0.862999803091695	2.60526576558699
-0.940998401179644	0.822894379043569	2.24355533842746
-0.644128144780176	2.07674532173664	1.73453105649171
-1.47162278827872	0.630246384871004	1.62314727276251
-0.772351801594924	0.119313182691651	0.572730300122027
-0.717610879901155	0.267166918902023	0.694950624155905
-1.22397842679919	-0.66930520456932	0.266113390104707
-0.269410971692602	0.0291365012136841	-0.0541589188031218
-0.62008954299683	-2.22230042905768	0.548082021820394
-2.60366748152808	-0.802019882725569	0.874785458348238
0.282852529885177	-0.167575214822868	2.35949629181146
-1.91274048539545	-0.88175293621933	-0.755904523782808
-1.39362073456334	-1.11629285273321	0.888846323125694
-0.984168178618613	-0.0579952110761453	2.06843919969508
-0.453317659626102	-0.116037610747462	0.382953049142194
-1.84247303309239	-0.0321629731369244	2.26472006241491
-1.56305361564152	0.203516118620792	1.91622753435389
-1.07783250301411	0.27022101015629	1.39866837717298
-2.11092520177357	-0.585280999004836	0.281665642361316
-0.475569255956603	-0.270725259826988	1.13099362446067
-1.68147713062119	-1.52933273750203	2.85293026843048
-1.48531507552325	-1.99346037928943	2.15792251213963
-0.348737849408065	-1.80547384727673	2.55209442678396
-1.51102702020631	-2.93818473099962	1.22349616476452
-0.888222587011906	-0.959468264357713	1.53424645324995
-0.0660457738788023	-0.439792459248288	1.75467003015469
-1.04024402349058	-0.186946653638204	3.33276207518762
-1.84541353206758	-2.05852646286163	2.31690048755954
-1.13344069997315	-2.62827823273284	1.9791771401705
-2.64225304928207	-2.32245898479539	2.72219563259886
-0.956699595255936	-0.850545505500256	-0.341286800672996
-1.4270883103793	-0.10104046551735	0.34320704338388
-0.798674430942481	-1.61672121423379	0.816158873933527
-0.798467157967824	-1.25051631469936	1.73388550569298
-0.835806797169786	-0.712652761098258	4.30072039803542
-1.3448647192878	-3.40705061520007	0.898281221693291
-0.573465114567425	-2.00383164892091	2.07221038217188
-1.83614224764217	-2.80594128093023	0.266382441029965
-1.27936251326207	-3.2959008085717	1.81163154566382
-0.693981543435129	-2.46279129677613	2.66772716843055
-2.04523413127807	-2.36736622186433	2.61606068479625
-1.49385295475872	-2.58681479256433	2.73219604336572
-1.71388501647065	-2.6933545702411	2.16073003740922
-1.64238393697255	-0.717823909699335	5.21495092830616
-0.994918978483758	1.39921382575635	2.1211681650606
-1.73946779990006	0.18440214917353	1.37878041878153
-1.87232572867174	0.731078248780731	1.23040450870753
-1.07027526305788	0.0125986022910523	0.992509072960061
-0.709391025030856	-0.0880886218727491	1.03628696145157
-1.22279994485044	-0.195887872324355	1.90415509818998
-1.14097458215218	-0.269204554063067	1.18036779655535
0.288614671101744	-0.0279385081230769	0.640594631986184
-0.379865237138477	-0.594823761461499	0.73388085622782
-0.472647192121235	-0.350268671354215	2.23585727954438
-0.621734435810862	-0.0501580759925172	2.6459950278617
0.211541004812089	-0.0163003553000215	2.16945304664346
-1.39978034618791	0.967997545399662	2.43729751998429
-1.57493153489222	0.0961992849671653	2.03218028589571
-0.161610853064769	0.160936224060746	0.327565412403262
-1.6500025788627	-0.325888304238547	1.28868221416769
-0.871643691991854	-0.541345799729302	1.22242190823877
-1.68187917928374	-0.241191322776303	1.21474798845274
-3.19050596539203	-0.285974202460894	1.91156750709163
-0.840335653691248	-0.0287484135785602	2.41102010568417
-1.81992392202901	0.00262463718725503	2.28130857649315
-1.46561575060611	-0.490996871884474	1.79554952278034
-2.25339725419182	-1.02035903109473	1.32307189539771
-2.2839528348372	0.280085353600574	0.786530672277348
-1.05414421595556	0.407907284112892	2.64372077322091
-0.91065294827474	0.444301894687335	2.22345314908916
-2.21174738584493	0.525118972529974	3.03514509984701
-1.12521920642284	1.2614482411767	3.05150264365206
-3.37102498458919	-0.254436256037369	1.13833146236284
-0.553448705530955	0.777927741450877	2.51114656163982
-2.33916800478952	0.182392267598931	3.19652480500024
-2.34185363388657	-2.1114837092036	0.0358422799476552
-1.46795784400257	-1.82304497754376	-0.565604520009222
-1.50804316212542	-1.04884403129609	2.70194099683314
-1.76206513292972	-1.82688143611023	1.6092116770921
-2.14602255004063	-0.747509556195977	2.05663432894302
-2.42799592647261	-0.729224024959172	1.83677871127087
-2.19454860491635	1.42861517758059	2.87620767368954
-0.649214842094797	0.332069157811007	4.11955823103656
-3.10369995183343	-0.900620271774337	1.54286728768911
-2.56797821640626	1.02378638423009	1.5779086091331
-1.02709198385074	2.29072821683525	2.47795960595459
-1.15084012566454	0.754470063742595	0.886401708303402
-2.24565322518685	-0.00815765007446956	1.96258056380757
-1.40288718551061	0.400397265887093	2.08871964357015
-1.1355075256046	0.359794393392375	1.92619282011758
-1.37449454416304	-0.693079848470555	1.47536319240905
-1.38308565603516	-0.746786152071624	2.53429890567547
-1.22593301660199	-0.980949123270308	2.15158925003768
-0.787128337436183	-0.391012947932579	1.42999887394247
-0.211099131395309	1.24626247172592	1.14927277483721
-1.83884693282549	0.372157774715373	1.04091036099314
-1.6861845805345	1.65605812861138	1.0695152689226
-1.52906937757756	0.602577912114344	0.534281929879837
-2.02438864073824	0.548959536896584	2.09952472461882
-1.44368246018854	-1.19065690024034	2.88788307237566
-0.968447212538417	-0.206300719663452	3.25666699856388
-1.71879878083727	-0.0740943295350528	0.809880512363818
-1.56807870694675	0.335867029136364	1.37146954396459
-0.70118366276915	-0.278604455757209	0.583588417794908
-0.736573920419272	-0.507035289437646	1.97157912663345
-1.21303550779234	1.76398850623139	2.44605079577266
-0.630311321292742	1.27473937357973	2.25989150158155
0.371599136923697	1.22273431139912	1.47223298124953
-1.29420138425589	0.0242107099201457	0.176115007374303
-2.17490958691472	-0.0847103515950494	0.0632365645945536
-1.32763905225172	0.078228640348839	1.43971431444448
-2.79220589282239	-0.420106946733903	2.52687181511297
-0.43589131912605	-0.445684083453394	4.4289319696142
-0.0206059357108588	0.0517116332121917	0.746976177389817
-0.358144102430536	0.329474164283999	0.35421166239114
-1.72102806311484	-0.278456500794605	2.07315001445436
-0.773166402712641	0.419011342463079	-0.160193047833389
-0.602916157632244	-0.725127034901755	0.901222128804368
-1.429513085008	0.00923925965422701	2.72659455250648
-0.595049159674066	1.25025107367406	1.75696001358747
-0.935492326014357	0.523172440656741	0.387337277181499
0.0377139892772498	0.894911686366786	2.21712457656473
-0.781543180028036	1.70691274291623	2.11188468963937
-0.724464164783894	0.551922552565591	0.420526408843183
-1.43027323684334	-1.19868721938966	1.33007651497477
0.019735305895678	-0.575605043407149	1.51851798830189
-1.54757342301685	-0.152077373858756	2.44103676257717
-0.355066920644261	-0.91731917199343	0.257152064262313
-0.746502113922942	-0.033978089633418	1.36171621016537
-0.736469973846581	-0.0516157247840296	1.7061828392421
-0.870049132173872	-0.139550036971841	2.12786583710655
-1.34375886535233	-0.122593375419874	1.55701520758027
-1.56746358648343	-0.122289758953784	0.448637153722516
-1.11303025083797	0.490650574315307	3.0705914703778
-1.97128145306142	0.315645871347266	1.8912485907671
-1.33915976955669	0.929326837192417	3.19918944443138
-1.11149536183635	-0.081394983305323	1.01992104498947
-1.73750984501299	-0.767539703374007	1.99637843421051
-1.05259466300084	-1.4274730584609	2.47423091527063
-0.117302626319953	0.19293297245302	3.66145210950623
-2.38806883719958	0.809438635579402	1.32789286808599
-0.988477689070025	0.843730026832069	1.65644447534072
0.174301223519267	0.439682139477672	2.25491370800849
-2.04179526518059	-0.428179022567169	0.88936796632484
-2.03016225390401	0.0425628226603422	0.681851360439023
-0.923511135383332	-0.159667751697471	1.43624197546192
-1.04691284679242	1.53846079374665	4.01083366029429
-3.19695115649076	-0.790379133633082	1.79065994360954
-1.56287832215333	0.427235160502649	3.18351711997282
-0.885586717150695	-0.355998804818969	2.4698512639115
-1.02721829744305	-0.0334428911246234	2.31883147587574
-1.45372265594171	-0.192801660590802	2.14326360425768
-1.0645370694531	1.32959297332422	1.39606450266272
-0.931829690531165	1.03685100181878	2.03476958192586
-1.44941253842836	0.251750101817198	3.24303921364671
-0.334937013391001	0.274023661648251	2.42610611441771
-0.218480946840602	1.70075969974759	2.68956464078106
-3.46947855272754	0.757406223305987	2.2755511161489
-0.67822057754934	-0.144880716053914	1.73782739040005
-0.954373569112396	0.48678668384507	2.43005135773319
-2.74683490304872	-0.191696684910028	1.99012506602006
-2.64040103020551	-0.262942789043325	4.12083039120191
-2.18472665322312	0.174458363266367	2.12108591206652
-1.27928260562712	0.688885713091245	3.19115892240426
0.286633702232564	1.48591959295122	2.94338172703398
-2.51207900813528	1.95103710265167	1.40141775436512
-1.91890061311771	0.956676365474283	2.11053858688424
0.214113405317176	1.67809173047058	2.2853256137838
2.9192266906493	0.422785697396894	3.47875155194023
1.04620612779226	0.023621834193394	2.19053416725915
0.607194348497327	1.82126723510395	1.91004777097045
0.980624021042124	0.652554564901598	1.53366320384269
2.18438527976563	1.24728111582895	1.86605483551431
-2.88137136079365	-0.214475635972471	1.47656435525451
-2.08171757217289	0.0490908706432829	0.587416879366893
0.857367874587709	1.33973262692043	3.40764410976925
-1.10582725180644	0.663885658527589	3.31870148238938
-0.941436399229874	0.568963331563661	1.59081169904821
-1.24046676432667	1.52998909239014	2.06259252704555
-0.823221255798051	1.28378271220462	1.75936079687835
-0.538170730822823	0.253552679313977	3.31158617969904
-1.20988897799941	-0.480849373697554	1.89742871462827
-0.305883146966643	-1.08145240277358	1.89323019253548
-0.744681276775336	-0.954939490242275	1.63448204885831
-0.671516352129331	-0.271393875384688	2.52997179083581
-0.499382204532543	0.199701784487227	1.54706661042419
-1.05275247683536	-0.0807470008678739	3.3921351985584
-0.752477977633743	-0.923691620995691	2.23514636241071
-0.306902907428712	-0.118685644617206	3.44732682130531
-0.932930561789118	1.26130138079746	3.25577773553484
0.33166460473537	-0.42790632059218	1.70759332408831
0.638007975127033	-0.654276282645669	0.347890234829444
-0.453004289919195	-0.170096341939484	1.49840876710923
-1.37200141929004	1.30177883142077	2.60450319901481
-1.0889991403841	1.27581359382462	1.56556022645833
-1.37161333231489	0.729884095933947	1.00039515562584
-0.954756949473445	0.39422992939973	3.35134872178668
-0.317666305231467	0.781245409035528	0.81848500120613
-0.512617442420755	2.28655310710142	2.73431998965886
-1.38426824052639	0.789352809768785	2.37210190051561
-1.5158433774406	0.902380835794682	1.1138706775268
-1.05355751783507	-0.223985238994187	0.635516851360795
-0.0587694534715116	0.163290409885082	0.530917257879373
0.349239840461961	-0.49235852685726	1.47147259500896
-0.47834897940828	0.317337232492504	1.62823825441266
0.85880413464743	0.610821254262667	3.26203723161359
-1.02495503428338	0.335987521491401	1.98471200439052
-0.413013716570122	1.71620937699522	1.78184026045096
-0.967822364963026	1.31602515128334	2.47961423420074
-0.938603691474255	1.40815009496674	1.88930556274289
-0.721594849186676	1.86329500954244	3.71439385298565
-0.290344367643619	0.526341445589907	2.46692449010722
-0.31674015575867	1.69206682355647	2.40699638051369
0.126838918990461	1.99345343830592	2.51582522172183
-0.49673840051826	1.27667596935926	2.02231113115132
-0.116605049938586	0.182387360997237	1.81108017903866
-1.12999420312525	-0.533456276962936	1.20339920552329
-0.804595164403606	0.749085930153731	1.60542990304649
0.460342947155006	1.18693210565692	1.78720040455296
-0.52133542465948	1.15457867937741	1.99334459630126
-1.33002887191896	1.96182679227789	2.97364358381055
-0.400003797366644	1.38074238019813	1.3294101358975
-1.56368106337316	0.830364729921513	0.773504414372763
0.0139744603097447	0.936090649888562	3.33518090981595
-0.600561586475775	-0.0595713982416064	2.37842836852393
-0.0224141802791742	0.512835304259909	4.90239146638807
-2.40726418764806	2.14476481691654	3.04083271256138
-0.910733722123166	0.61676740828845	3.60963570084216
-2.03801097208462	0.167615596467919	1.22799745307114
-0.525554321162909	0.401536719266416	2.48726439559568
0.819650216687626	0.290906442296961	2.49413366280716
0.738910101646168	0.817378256881535	3.88359195954374
-2.80487056486367	1.01255597418138	3.96582483275748
-0.888975425280658	-0.316572611235145	1.65030685856645
-1.4567611594603	0.928951994183924	1.24714714475953
-0.272550175816683	0.739928380240519	1.03043077436211
-0.0042114762386144	-0.118293062819515	2.15897169953696
0.573454098171046	0.139726192521864	3.03675522549413
0.928985330331841	0.733045555764636	2.21780952975064
-0.714006758441018	-0.750611600091726	2.64759871748265
0.148627669275002	1.00978543803813	1.67511816004882
-0.123773103687606	0.682257289155693	1.54762169086902
-1.46362674880624	1.85550513917928	3.61136268806136
-0.159004002851122	0.0581990184468444	1.02511419957074
-1.00282780148779	1.48106793007349	3.43865660566248
-1.72811669853465	1.24672865337294	2.8481536338633
-2.30594903588051	0.218848658490317	3.19332475067793
-1.18618752086822	0.455827004465368	3.07272585972764
-2.07900139776112	0.461992447679456	2.24028610229197
1.0079441285084	0.289734081421325	3.4106157266363
-0.62316090303265	0.167590084680551	3.0969245350892
-1.36378612735801	1.31039299259148	2.08685963186164
-1.87613702941591	0.855255611722179	1.80480914587434
-1.61466024559939	1.43781295574724	2.01980211885004
-0.296807149782987	1.3752794890279	1.0983329473474
-0.647892094319233	0.478093259556053	1.53085697011054
-1.47441077829036	0.876223140580665	0.636661140539725
-0.932399747027167	0.226502559545684	2.28910028609288
-1.23223771853338	-0.373466721638886	0.0589841147246962
-1.54906299233993	-1.1893303502633	0.316981673190509
0.242200089266658	-0.206153204455928	1.08917794587968
-0.814405511622596	0.288070434248482	2.02923521526139
-1.20181823287251	0.853855650988724	1.57685034438564
0.208429001966574	0.704981494072928	1.75238703454731
0.505979417214574	0.751400785983692	1.69466705958106
-0.511917930743446	-0.956347561001789	0.68039584358322
-0.150973762855054	-0.563698387799006	1.3456861015209
-1.36134086883511	0.179249224498632	0.0882686560323116
-0.934893938144928	0.819124854813383	-0.0806848480038557
-0.702840644704658	1.33482022672295	0.766985293951565
-1.1174286305394	1.32809832617901	1.58498776000818
-0.755040487963538	0.45849354503198	2.06844102627979
-0.906730268809962	0.826255320871282	2.24625667487536
-0.800043364430938	1.3265548936507	2.33036770769579
-0.37810388976452	1.34494495911894	1.48755737640378
-1.04854944898852	1.28830413213159	1.20121393509892
-0.0887018747756209	0.817018872206506	1.26318999418916
-0.732107918978086	1.16676137539593	2.45008289199778
-0.771777244566513	1.7550657408108	2.15042554362563
-0.585016454068692	2.29707821167836	2.02553683730917
-1.2810647514807	1.66562360356198	1.58205472125683
-1.10840129874382	2.34306280374939	2.195512840299
-0.554776516356344	1.58463308072238	0.434126533319162
-0.111118382290107	0.297878612065066	1.11146043433956
-0.254829346793641	0.930217308011412	0.733394766614311
-0.413617923740788	1.72840910670198	2.62889250314132
-2.29025584620405	1.99781822765005	2.63381295546501
0.624669089725833	2.36722623497649	4.04482403659734
-0.0525492630717317	2.06015772821644	3.6901859658754
-0.532927218976781	1.99760503352754	3.03791408433197
-0.575671838923355	2.10800391468941	2.48497089543904
0.105435128936011	0.457149618414357	0.903888957147163
-0.605872735980033	0.249222797392128	1.93054811410631
-0.616486406523055	-0.111577659411183	2.27237640920855
0.145708402301839	0.538338056257175	4.70856078336607
-0.324005173689308	0.0523499316456531	3.31477114023482
-0.359777659094218	1.03995082086648	4.13107180216398
-0.516428961270146	0.540752847913435	4.02910347205871
-0.835182705741228	0.579325669957419	2.49022497467515
-0.247224804415592	0.564022100511714	4.33390508094965
-0.576905929428887	0.59059314028885	3.44475494459391
-0.802610358156864	0.449686614232175	2.55340847460355
0.00900251128761686	0.952708375401482	3.34350786434209
-0.656341272472571	0.799185068389945	2.41032357772211
-0.317122036919587	-0.0589021527354121	2.68382769996606
-0.518876975206581	-0.0101305510564664	3.46914077785536
-0.780341462879697	0.440821984710507	2.43238460992553
0.10179286099714	0.383261783464326	3.10772407186618
0.602392350129377	0.823101792473342	2.00950544858187
0.448268864231376	0.490060690632259	3.11086506566737
-0.612606993645415	1.44589877761887	3.45325495695727
0.0242907255952048	1.54086181917121	3.53920146564729
0.0242907255952048	1.54086181917121	3.53920146564729
-0.000134733943590204	0.915605170844125	2.94127712469218
-0.779750630036992	-0.139857739770928	2.40136260141924
-0.157742480086686	1.97716552338151	2.65633149977564
0.624423644198477	1.4514691583052	1.65354291033729
-0.222460525084992	0.0210419073213257	1.56178851749186
0.805659355979423	0.585478434589212	1.76533351118645
-2.39385095137732	2.3446737621674	1.94986014995739
0.103265379808357	1.95923195563776	1.17302568507836
-0.226785741467165	0.699380744232637	2.20938250491036
-1.44538691690029	1.20813896963584	0.0846782970940887
-2.04110895545662	2.34434743688293	3.78333225506355
-0.493479435682068	2.4662121655838	3.49239130732318
0.0427400100310557	0.244822550152027	2.53881576608662
0.618815329498937	1.2023093856407	3.67723652209416
0.123967797916833	0.974941896268369	2.30887410345759
-2.198238611646	0.454343968014036	2.51082341564004
-1.40512507659701	-0.337816951849902	1.77652594669657
-0.542110449462578	0.0990183958784475	3.15755417341122
-0.332723585925521	0.794839538789953	3.24813534978083
-1.04401633560174	0.932086768382819	4.44055053967116
-0.32362626126384	1.17535474291693	2.01109428903161
-2.69987322875943	2.21541902260088	3.16295820275509
-3.14535706758692	-0.653375658399138	0.501489354393894
0.17528004097754	1.75333553959307	1.72639839492287
-1.29838243672014	-0.0862779494676608	3.53311055565808
0.478654667214107	0.675288395582457	3.23914765793811
0.136523321954573	0.468086147069387	2.75202311507906
0.395583041417328	0.519511308217006	2.11640541401949
0.86098153192116	1.33360832078005	2.44785991164569
1.12129060454464	-0.599247894629583	1.69902710683895
-0.22789135767588	0.817682290266103	2.08064654996281
-0.608009518949195	0.100687003373391	1.87006013704851
-2.07017006791775	-0.888956305178744	1.79970054876663
-1.69030452922098	-1.28845018840295	1.96207217682972
-0.454393991960425	-2.98666150476546	1.8118872605881
-0.541892992106368	-2.9387817378494	2.98870088469511
0.435462051841677	-1.22550087238232	1.88560707478421
-0.97810203295961	-1.8415428531879	3.05549800471171
1.03210983090847	-0.932470105721423	1.52794915276624
0.498703675060211	0.151192433508438	2.63089229769362
-0.337522019485627	1.89163280864882	3.56164050533277
-0.764088115630112	1.961059232521	3.44013514530656
-0.694461052700289	1.85056509873328	3.0298221455674
0.458961396178414	1.08455816625015	3.99293302542595
-1.72448994926246	0.229997620570343	3.87010257817193
-1.19963255010456	0.496740330473811	2.25680037696049
-1.48199526319797	1.68681796118869	1.56808770823332
0.329831591578432	0.913303816443182	-0.0247729947355063
-0.134716443115987	1.47014849180941	0.682815870834359
-0.826143328916474	2.77971418108136	2.82086149252477
1.11040298979151	1.71095563824646	1.70964501879762
0.331055964250302	1.5262026825352	2.11945051265768
-0.307113821248822	0.951052674298737	2.9833004083353
-0.55239695120593	0.297779614090502	4.41006322813757
0.068671068920375	0.612815931031454	3.3559605254226
0.175330335306099	1.84997389344311	3.71049332150675
0.752112990752778	2.22016290892733	3.76211421509551
-0.19424676855873	3.32688835085311	3.78034497552191
0.261382939736389	1.97463110323413	3.27767159793997
-0.453568253394118	1.31302712715073	2.83844055456342
0.261844917002292	1.20219423624231	3.59760070553609
-0.225072338226287	1.74513437004703	1.39371370921589
-0.225072338226287	1.74513437004703	1.39371370921589
0.232699688523344	1.45977999165712	1.95899873767814
-0.460796433530052	1.31152956847824	2.47770213933949
-0.708548165260449	-0.27578624346441	3.3517077089801
-0.31707890770332	0.0151620541093669	4.63014109114671
-0.502085700748262	0.738825463532117	2.15991546797104
-0.0273497652665514	1.08257237253592	1.63129665674458
-0.398610771044327	0.926700125772401	2.30287365783426
-1.00535718231862	1.62693479456062	3.44777336379162
-1.16812724861884	1.50196872037933	2.25584350984155
-0.688185347510256	1.62228129059643	2.26355097957215
0.407666662170096	2.3560080090581	4.10185236852893
0.49228107741184	0.719573892296419	1.5600573223855
0.726152292246917	0.476577287489844	1.39349137242945
0.568243395159385	0.47631788754318	3.17911688687296
-0.663000454122397	0.466384906004028	2.41769827512911
-1.20011674103789	1.52905581331325	3.24674472822329
-0.13036367317882	1.62332347232989	2.93616933699636
-0.273792911965584	0.0643111833982566	1.6991323503903
-0.45296430603738	0.455593123628993	4.33771102780541
-0.00778894554967206	0.699857901080554	4.51931846076201
-0.0412119627215473	1.572197713447	4.0653749796803
-1.02336214713844	1.10244889504937	4.25419183732074
-0.608023419839786	1.07505340514634	5.94787767889436
-1.50667475414886	0.923228848052881	4.10288771368378
-0.330791378867896	3.05527849287006	4.97632469782734
-0.641848895532348	1.61233845953346	1.9719459231605
0.0228924660725256	1.19692528959717	1.74389495502836
-0.466391588847301	0.597101119256582	0.93655768028167
-1.39151918238854	1.36493806646812	2.67915318744699
-0.726800798480748	1.94443657118003	2.3006278907672
-0.465318351567613	2.67326310275119	0.860620207097411
-0.465318351567613	2.67326310275119	0.860620207097411
-1.11646947048534	1.81955411330703	-0.0501217159091769
-0.503627007372567	1.51137527565682	-0.698737341725414
-0.66526565227008	2.01532243323684	0.101643394718429
-0.467292084654324	1.38499666748097	0.599384808478116
-0.467292084654324	1.38499666748097	0.599384808478116
0.136973184760113	2.2313684598835	2.75942316771154
-0.0708532644844444	1.27756069174643	3.22268121262692
-0.22046079032421	1.15058865873975	2.40242185593492
-0.22046079032421	1.15058865873975	2.40242185593492
0.288383058865285	2.21210286423192	2.11922366539836
-0.174801897375997	2.12786201864203	1.57127720487644
-0.125479370840096	1.17471636617729	0.330901482280448
0.0803455497135572	1.40245596766313	2.16941631849302
0.28304619225388	0.660129524999043	2.21260781898897
-0.170954324126218	0.983045456490916	1.64222264894462
-0.313550890030412	0.861642497833427	1.79348885791764
0.134358675695586	0.874612794220319	1.61195949065655
-0.337997321707494	2.08757906330326	1.0457799356759
-0.337997321707494	2.08757906330326	1.0457799356759
-0.337997321707494	2.08757906330326	1.0457799356759
0.0939645830703672	2.50266846064097	1.71710572309426
-0.356794516485938	1.69791897514925	2.47733616340989
-0.603025298533414	1.12351717948429	2.51120553314005
-0.456135848480712	1.1200029535989	1.98644061048651
-0.676408107172909	0.911565319788621	2.75711919689103
-0.87031573610042	0.642368930157166	3.08195017429857
0.564842873643552	1.83501414396671	2.28769209807475
0.0519033537420573	2.39023948648018	2.6949312142984
0.845274297831181	2.12050972107628	2.45787660706909
-0.11835530395585	1.63221757565727	1.22854092602707
-0.11835530395585	1.63221757565727	1.22854092602707
-0.764301878179474	1.86415538180648	0.922104574334298
0.288041998186882	1.60470393291336	1.27303444927224
-0.853212132718073	1.02146913657816	1.63621335379835
-0.067735790570799	2.02330919932965	1.66876100057402
-0.067735790570799	2.02330919932965	1.66876100057402
-0.469450373155162	1.34371182741187	1.5899290907941
-0.619785910293873	1.16746917204325	1.64123090369655
-0.502496491461724	0.984341492525924	1.38074356971664
-0.45795881723699	2.1094069675427	2.57414358153337
-0.526156429387602	1.74109197488611	2.0854032067246
-0.378995539451547	1.7363306274908	1.7150739226798
-0.245016669515774	1.15840423942244	2.1411945632174
0.25589537905954	1.33507116459524	2.11005479883809
-0.397411369435406	1.79719813939988	2.74031950937981
-0.274939711132409	1.65337268038131	3.14824619817011
-0.102559153762017	1.2795692014084	2.86514278992396
-0.230597135029879	0.796717180690244	3.00689600121963
-1.09809993567393	0.00773226133659186	1.8215525159703
-0.112766492871003	1.25257588059222	1.50945809191628
0.154798267197481	1.16251131913372	0.904662234975754
0.0249085373022147	0.972069755314566	1.35086222351649
0.272747160710966	1.32617233472726	0.991178887261972
0.272747160710966	1.32617233472726	0.991178887261972
0.132917182143276	0.7024070880088	1.15038946959987
-0.42596987814288	0.426360016778661	1.89564590865716
-0.42596987814288	0.426360016778661	1.89564590865716
-1.82302851086914	0.611782400126058	2.88700084236972
-0.379072029530943	2.17121288317794	1.50165207020398
0.160022879136348	0.699511006451015	2.40519256048973
-0.0442190147471034	1.19345247337493	2.45407192166554
-1.36555236858011	0.954006343874178	1.80909150757777
-1.80989440071385	0.740258020223762	1.40179512702217
-1.02257240774182	0.255230533140834	2.48733181425782
-1.0891915135618	1.37241035314818	2.33887760007909
-0.21682895773045	1.46975150422306	1.19518556700892
-0.858351451466475	1.22727857376019	2.02692779568575
-0.869899016688542	0.943311377794664	1.08617247598062
-1.68697889391753	0.784149066950883	0.0958605367036587
-1.90817129032565	1.48405431602907	1.52748213976794
-0.69773007009824	0.37146247454147	3.76420325102862
-1.42217712807285	1.37072263150819	2.79726128311274
-0.92260758289278	0.872304631109964	3.6260904092544
-2.11614367442713	1.59353122922114	1.94132619677961
0.229281195424587	0.746799538781989	0.339577686018096
-0.961917384075451	1.24076918294734	1.08249851703418
-1.02010950426781	-0.0286164847889523	2.88867072002598
-0.537514899745451	0.467303386805176	2.96222288068661
-0.885048456200931	1.33482455843451	2.26169434284026
-0.202396014800569	0.100528856969856	2.8579409973851
0.566462000864755	-0.555670204717635	1.97703980080738
-1.1439492525645	1.16927238187364	2.53033932204826
-0.0144386478251199	0.794113535509585	1.88753163564091
-0.182014352741408	1.20324278211902	1.11038582582653
-0.814232325330656	1.38175374522783	0.93419289646106
-1.8015909644555	0.222943300977833	0.510697473890849
0.25557416005406	0.380456961029463	0.479022799973734
-0.70488893656932	-0.304472743584854	2.29420517201738
-0.0743294007526258	0.0181398703603715	1.16436463464746
-0.653143836898015	1.74949383662421	2.35299946463068
-1.35653946103709	1.81067998925681	1.77744610683429
-0.696830330643851	0.849139831178707	1.17447530066184
-1.32549009531444	1.36257793317332	1.92296774760971
0.398421876891143	0.253021509779684	0.248621980365161
-1.50367102910544	1.40151360547614	2.50595845779432
0.56902474936452	-0.875212937211977	0.979196629880189
-1.41881842508691	-0.133597449026811	0.786107375737561
0.00696120684370394	0.78315109580829	2.45821137727708
-0.738671178517461	0.0876201437646185	1.37263684475501
-0.10524684758779	1.23944484407428	1.07901640831621
-0.856041816107771	0.276347840597453	2.51701668558939
-1.19315010557904	-0.875102390225089	0.726002136132465
0.881665390990438	-0.616823314152978	1.20554022850242
0.900850388512564	-0.291432463096318	0.273906357112488
-0.916013399940822	-0.6125604947023	0.721374311185197
0.105412157281249	-0.550465837218193	1.13252565027162
-1.214138674432	0.957474921655005	1.46292783865468
-0.762908070372218	0.741381921500259	1.79450848179748
-1.03122149372881	1.27405173073506	2.10383560725915
-0.987814604947779	0.947551252640218	2.55775534618511
-1.56950495450922	0.332103820918223	3.19358422482586
-0.0958025219797982	0.517988219556314	3.83814313095062
-2.60606906241359	0.526462117099709	0.884350640095333
-2.37554740482596	0.092948372335668	0.982275271707609
-1.82114099792309	-1.06737474114677	1.51675108590408
-1.95775323886861	-0.155528968310571	0.846498971812326
-1.35754480290533	1.35491008713904	1.85487588822166
-1.1581196413503	1.59556658729372	1.66733719455243
-2.55472121029688	1.49762364492199	3.0901393740571
-0.792070456089274	1.33918097534739	3.00947605674254
-2.73025925541691	0.131905768641334	2.54809759101396
-3.31259862358443	2.93295619658513	3.10394084803987
-1.12087188725476	2.5573135063395	3.24102181667054
-1.16354060228083	1.76053183948362	1.58619717839122
-1.97071971523414	0.479781915528929	1.65421610271436
-0.737482227908455	0.82388140495875	1.12796456629398
-0.279319741813359	-0.918857720866087	1.97771059233499
-0.369315947813877	1.35161391440344	1.95606593553729
-1.52219990542423	0.757187305010259	1.79432731351209
-0.23567236161126	-0.348820844029932	1.46407706553938
-1.92653424901858	0.0700762821198676	1.53978751053063
0.463773449779211	0.428266890195784	2.77540658784056
-0.774398810651862	0.0248200097495008	2.64087576487517
-1.95924048328442	-0.183461972719187	1.46324529504031
-2.25720773877264	-0.401153870644327	2.40227403905691
-2.42200947378193	-0.929124428641431	1.7479027186364
-3.21589838529683	-0.545970168542099	1.88740629778687
-2.76683416522588	-0.328725408757501	0.5379566057861
-3.210598055078	-0.485454995438475	-0.118242594160242
-0.199984665174394	0.965004980204938	1.13332572728488
-0.658046173954662	-0.358191764700265	-0.0686248265550191
-1.03988432697082	0.6632805253413	1.73772736323673
-1.56058031155113	-0.441749636304216	1.3025178517382
-2.81644774696276	1.54202157574537	2.83356279151837
-2.07245661693946	0.735542462959885	2.16749239057989
-2.34842946690401	1.43146419930271	1.26537299648997
-0.719096787005543	0.934831437043338	3.02839159865813
-1.97093567052431	1.69306257227406	1.38228964625633
-1.36846690479041	1.90511250317378	2.38713109503795
-1.84225965558726	0.128722791718294	2.13199017303867
-2.29194000426644	1.59538171388012	1.9214482519004
-1.6944160296096	-0.390038923758152	2.60271723123487
-2.36577438283436	0.399625525743805	2.73906408852762
-1.05878399293764	0.78778200698528	3.33567615766137
-0.225365002883978	0.134110948102412	2.30627318262308
-0.263710413669074	-0.81224681075524	2.89134643987238
-1.59079298131573	-2.21438729809473	2.51348614374741
-0.521348291740662	0.144584219263377	3.04812690687296
0.71170972180962	1.21385618735971	1.68492629193456
-1.72929502944131	0.646607059655641	3.0173721697089
-1.29027999530401	0.873149701166947	1.14673531215222
-0.230388418208867	-0.830353598360249	0.787035453618625
-2.06369744524721	-1.12014154284064	1.92917359641502
-2.01509222911189	-1.3800918805982	2.02457540600595
-0.679966759545942	0.747793644646623	2.63574147100565
-1.07214101148297	1.85101348045118	2.26659532122687
-0.69104497282368	0.920339551016417	1.74396123627889
0.144712409243991	-0.157755347453187	1.23849730384539
-0.328674713454256	-1.10219550947668	1.81445281701621
-2.0001990827133	-1.00283318365004	1.61215365199956
-1.48163114149396	0.363289183032593	1.42886835340545
-0.840433052920997	1.25882072120127	1.08889041614364
-0.948836150869266	1.21241187255622	1.71966982647039
-1.25886998102014	0.861646327262236	1.19641895846417
-0.304096694126923	1.99049893019522	2.43171259152442
-0.739000674654283	-0.121633192371406	1.45092442797721
-1.06715123322028	0.362591374033111	2.46216536197861
-0.551471139550252	1.45892035042448	1.22274119082378
-1.8584135479179	0.432156214597249	0.555878490911847
-2.91156890588097	1.86274430057023	1.21694693685431
-5.23457854108646	1.1682193057669	0.791599009778507
-1.84019103019631	-0.122417709388254	1.2974044961184
-0.464876528808947	1.14918559367916	2.48629360838188
-2.05824085852211	0.0602473986455754	2.13390267593061
-3.2789287916246	1.10531881551047	2.14178893925652
-2.37618400016565	1.34103089247217	2.10561734697827
-0.927016473242815	0.685023220203533	2.79109498263097
-0.604563366886283	-0.0448597696809077	2.69780707712741
-1.03728853388548	0.239843040534884	1.64128923378558
-0.590429426426678	0.718504596613071	2.81667345032288
-1.69298497822051	-0.351854566231232	1.0780055443242
-1.35115212223487	0.0156831144946043	2.73507473311658
-0.210755764735816	-0.0517895090383372	2.49895048217657
0.69228759472136	0.861517754181071	2.86589211193688
0.0737045982404185	1.52582513006815	2.91424765901423
-1.44387143538643	0.295269007239401	1.7370546738309
-0.186826262106661	0.686305708222112	1.31304611748949
-0.998192140330498	1.34173026155982	0.0561019737016851
-1.23680207540732	0.239125225091315	1.11748559408618
-0.885271893056153	1.36112599591919	2.55009135840039
-1.67784254835205	0.0280574574758231	2.72408418553704
-0.343886696677655	0.142486139467799	1.08799590783238
-3.33553466713542	0.408971149229685	2.03693650476449
-0.523659624110258	0.313680661569021	1.72249190637244
-2.21634197071875	0.647681078305488	1.35528204587001
-1.09661259213221	0.785110555964589	2.04372289062143
-0.653013988749468	0.712031709184738	2.30721940247776
-0.653013988749468	0.712031709184738	2.30721940247776
-0.947665914655831	0.104752403844917	0.69338624518721
-0.153804516258712	0.85806614332492	2.72995904442727
0.717577382612072	1.15294094303086	1.928270758425
-2.12523546882074	1.35762653081584	2.41725272594415
-0.809591752487914	1.16635352013666	3.89549889450995
-2.10700755686667	0.828008130390413	1.83300477035241
0.617579414496408	-0.143711284894428	1.00163369617065
-0.635295870184163	-0.0552647264125389	1.0799780340458
-0.763472924300387	0.318468448165549	1.81623407353494
0.422209021708671	1.11475975349801	2.81328988813321
-0.825287470361468	0.715639080651924	3.44941485502764
-0.100287790021334	-0.0942640291750697	3.1826884548169
-1.69259014900907	1.14044974162496	2.58510553128205
-0.355203939307341	1.01854672029576	1.95467689660611
0.0471427209054252	0.285689627514872	2.72973993044294
-1.34347498780429	0.915615293382083	2.13361819277802
-2.40226551580856	0.71831428130256	2.08589482351125
-0.987256682762344	0.359923359011485	3.98618744577229
-1.11915544198775	-0.407093288616691	1.08520719360911
-1.75374790239656	0.234800290591311	2.935524937643
-0.743040718872067	0.587903480608015	2.77034163979514
-0.743040718872067	0.587903480608015	2.77034163979514
-0.957971571257254	2.64136205062044	4.04523029914382
-0.569178771973525	1.85422916184766	1.17048480731698
-2.93720232663058	1.40871210167687	1.97927358666809
-1.81798570730588	1.45393883336908	1.88155281872644
-2.07869126141705	0.591943879146222	0.421293861637223
-0.197537651680688	0.253712947153495	1.39979171469702
-1.18792421069509	1.25645434675222	2.36247888883202
0.115164015963853	1.17501640416075	3.62231793856472
-0.0994483943102179	-0.507712228739554	3.92890168229404
-0.140686619168576	0.81922228202821	1.342542614765
-0.656143671944495	-0.220820948724838	0.508115793264938
-0.656143671944495	-0.220820948724838	0.508115793264938
-0.923955341574973	-0.193126988639213	2.15139253656034
-0.000728739729227268	0.439019528037912	2.42536102102347
0.371309535984295	1.28714314550994	1.94403698098428
-0.163085131230902	2.86598540995791	4.44122500037197
-0.184275523478595	1.36651743296165	1.88292507149367
-0.681986761093458	1.56790381547711	1.62262167632177
-0.241244216160665	1.31303135439526	2.84987349470648
0.284006053844001	1.06730712401311	3.26288207473094
-0.89971632478467	1.61634789523091	2.69177387016695
-0.798132435412541	-0.647658627276075	1.29310086098287
-0.680030709620866	0.506764225678676	-0.109537356012075
-1.09835628700898	-0.0951784426008634	-0.918261636996556
0.0399299120506944	0.97770698080151	1.08024530407697
0.673841159241367	1.03794438743064	2.29686497054646
0.236804506841053	1.66007272866349	2.47450140347206
-1.56072714840007	1.13550383205375	4.25675887754038
0.597806090677679	0.708040401266984	4.40430258021398
-0.716985805407908	1.16224700284888	3.69998015545563
-0.777824566199077	1.23188319407685	2.83053450218629
0.598025798580461	1.04960735319587	1.19739441896881
0.0532598068489307	1.34972937258578	2.48340198692352
-0.31179299127959	0.238633711067059	2.54844302755911
0.458655863745897	1.30206443625279	3.41138170195531
-0.239546625994749	0.658984998323561	4.30451584314079
-0.418957315766518	1.23704400515214	3.5511480020644
-0.418957315766518	1.23704400515214	3.5511480020644
-1.1403156968651	-0.0830417819416757	1.16359890623122
-0.153622296443657	2.00875723243064	2.77358518875059
-1.74160256911649	0.58411497715537	3.25609522239617
-0.0840098662979859	1.63879232092321	2.15937627484489
-1.04530994088077	0.716017433504899	3.09539614581142
-0.825462799530292	0.827414488610345	3.03419677405088
-0.137138659826684	1.10281739216669	1.20061516006411
-0.137138659826684	1.10281739216669	1.20061516006411
-1.59599324930129	1.1195400298344	1.98600144501194
0.489024348917639	1.19102558512409	1.06500164092783
-1.21363759923961	0.644025422496451	2.64639730949197
-1.26696838509325	0.377936126643398	4.18653278947029
0.571100170611031	-0.588752787731037	3.91534809635803
0.134717418709808	1.27718713013539	3.76276982677236
-0.221021806178433	1.35070651869886	0.342611141549869
0.117807353140002	1.68591421967775	2.31488957007283
-0.000774911954547486	1.87471027195709	1.93647488164548
0.0560561523925808	1.08946971075373	2.15390233296448
-0.383045395290679	1.02060082627675	3.01473042121232
-0.197729358647446	0.870900562400232	3.587019641053
-0.206386626097278	1.1473372521598	1.21498553669157
0.114911376520143	0.679611746345266	3.30811830106943
-0.552546514826662	1.75441535889936	2.23862987434637
-0.366846104762424	1.33817555440313	1.43146672606431
0.360788457854862	0.807656339060698	2.93401737155437
-0.00595719413412887	0.728244667844899	2.7129695308755
-0.387374464676212	0.659944028458714	2.96490280860069
-0.777043337202682	0.0914740557107346	0.526721799007554
-0.225505043218094	0.793581915752221	1.61799839524676
-1.21326081747665	1.16904452980477	2.6517285107475
-0.387357504789834	-0.533932044140502	0.797135466747399
-1.29600353896888	-0.624398962257492	1.58992327423156
-1.4746066512783	-0.0805410681026569	2.89432354061665
-0.548352877735547	0.697167615200002	2.40233917733943
-1.52426727971057	1.52821944720728	1.69684280406903
0.024789737292108	0.931774056794199	0.236851847120663
-0.199126835642133	0.962718099060986	1.77788934425805
-0.357035690377869	0.463474291224128	2.22905356805899
0.406264306610915	0.415719687353542	1.40905146869369
0.644362519145972	1.84685991076385	1.66461292020943
-0.807271716701803	0.957750718896252	2.62509393790432
-0.753597404939283	0.657282090340965	2.99333979812316
-1.25798580983999	0.465718155424628	1.8657148034921
0.25300320933876	1.18590820632134	2.33970545109006
-0.702766643768532	1.94592845651606	3.57599092456829
0.149506925961484	0.704590518238973	1.45649406274259
0.458923753472056	1.83980808464772	2.32619568350593
-1.15882622807357	0.526352930457618	3.20042005050476
-0.380730119119603	1.04837487444188	1.33090508807596
-0.142930376939387	1.91789836694278	2.28029097975485
-0.313064904361569	1.3575946942676	1.74361478311266
0.120039607341066	1.49728017153651	1.98558740224429
-0.819997815210787	0.986440891589059	1.52459354726449
0.158631445899268	1.40273861357703	2.70381775085262
-0.858192290171023	1.88048975068331	2.75947489113726
0.501192596000345	1.04693062190677	4.83491585458902
-0.686075057526451	0.774019337273911	2.65382484674377
0.626062317097285	1.7473891267118	2.41536685224091
-0.328379994804425	1.30966888213783	3.25646093389472
-0.0305001891149861	1.566221190704	2.8125518152718
-0.920515107938208	0.906847072120626	2.70980280699866
-0.672846262332994	1.70257736000787	1.53804899177675
-0.256692148453136	1.24913307976112	3.17803908860989
-1.14407666659131	1.73786775200596	1.91872796869443
0.286012815705294	1.46104602414475	3.82400580696825
-0.684299578364497	1.13657187488686	4.34832332041022
-0.855528665793152	0.38762671799729	2.77036096751373
-0.702990001052543	1.47835097602793	1.05519857025564
-1.10745807826142	0.556052158716836	1.30664664189531
-1.19960622210666	2.25977939904481	4.09555096097706
-1.47389603223069	-0.483502698049261	2.4818294718817
0.328507193272431	-0.0276258309899691	1.1588688998523
0.865771513056926	0.376579842957296	1.71363333094567
0.865771513056926	0.376579842957296	1.71363333094567
0.0467233871468493	1.92128948096201	2.22433740066108
-0.585374374254378	1.44542733403254	5.474560745924
-0.205910200768648	1.77291406212442	3.42111456560377
-0.496889709127878	1.30881752813912	4.23968557684208
0.553879848977036	1.02017143437083	2.47894091760983
-1.57880284056424	1.55145739544191	3.45582226714331
-0.768189816084486	1.61059987203854	2.44010839346303
0.452200094046564	0.790059679141434	1.72640424283111
0.326786191113593	1.28204994042473	1.9201250571155
-0.582523178021746	1.50471855631645	2.18666260767782
0.60120113978425	1.53052424173236	3.30939273240148
1.77788513308262	1.39524351203483	2.36016618022105
-0.470507825398378	2.03126471722216	2.38427494536269
0.0489424087025145	1.7994032169612	1.15096789490019
0.00509991284125899	2.09402476203947	2.21202214709275
0.274297607177311	2.10884641910723	2.67447849201677
-0.64685926141927	0.98405551635308	2.48473283063156
0.191284648472505	0.93036364091752	3.32311237414808
-0.43235667466453	0.877651595956004	3.15361672067357
-1.10548293656459	1.63675550595998	2.59281881074775
0.201501085996516	1.05033169521095	1.69399285165823
-1.02805160330201	0.873338246953276	2.19857703608804
-0.863238722713541	0.720583681030044	2.29126476256678
-1.69270265175014	0.641210736639686	4.4165139033096
-0.362342009062915	0.81729847721324	3.97354964741109
-1.98814800551409	0.938412610487898	3.9620470194262
-0.0314549318499673	2.26355924013571	3.11534239811169
0.132937919776982	0.74888182782889	3.41934546136369
-0.592450931524187	0.645844190397325	3.41492381412264
-0.738540398697859	-0.415191380842126	2.10374570487046
-0.010001654791545	1.61514855170275	2.2112592203485
-1.6080711831288	1.99878446547636	2.56491665845982
-0.352663377796462	1.79100922071877	2.87242079163532
-1.18976136872869	3.24990994294253	1.75273252645064
-1.04163052197803	0.188002186560613	2.99217515689686
-0.846687147876148	1.29917305007041	1.9262030296082
-0.846687147876148	1.29917305007041	1.9262030296082
-0.267960454508085	1.49006257789101	1.87524932973251
0.358168279719061	0.910977201174081	2.04217588389606
-0.35357874843378	-0.183905111827794	1.57822361532413
-0.586388696178351	0.0525718022329178	0.739975120831866
-0.789793632226831	0.780044506817841	2.52134021343307
-2.54119095874043	0.974547067226637	3.35053127473
-1.64917808243528	-0.532802351094144	1.98461838280342
-0.342355650390674	-0.746382574299827	-0.494561843847716
-1.090261086711	0.703411072346308	0.837429401530465
-0.545658506208716	1.89987573729948	1.70403176345623
-1.23173718475614	1.83357000003138	2.42333355979891
-1.84971267582278	1.58482772594608	2.23031313345975
-0.749491695238374	0.925718295223391	2.5003691189008
-1.0735302460924	0.460505482956044	1.37305682925806
-1.13422051538139	-1.01598653480899	1.81094720275126
-1.74996575386064	1.14689934527817	2.92256021728631
0.18119465785267	0.411256690363327	1.19710621391849
-0.962479188447843	0.779898321443017	1.02234982459858
-1.96507655553023	1.5923249101639	0.653863403265834
-2.31459619360644	0.554565480259174	1.06604140263146
-1.59965014604541	0.810287660916576	1.19985516929344
1.33891501111077	0.530468013821024	2.45192865650609
2.00809204257396	1.02781636959716	1.8505175253168
-0.310448340149921	0.0645563195308881	2.52097554891108
-0.233644953935545	0.359905134685971	1.52776500370531
-0.421363520895545	1.08636625004826	1.44302772183729
-0.634246673797738	0.271674664980597	1.51675524261281
-0.792227192075806	0.483165000967307	2.21510561249136
-0.588765600343618	1.21059147396487	1.3117271676289
-0.475711444061359	0.62386067861536	1.34803256054034
1.12713843690396	1.42519834204447	1.76560934897621
-0.985586424781115	1.14754815414392	0.349958818098774
-1.17603053520313	0.974533864279415	2.31025975376606
-0.332229845790268	0.458366737560557	3.11983837686176
-0.762684592134634	0.646898760655978	4.15961773683264
-0.946106744707867	-0.150866490395274	2.29304650196533
-0.349558465624072	-0.281394441729446	1.69817546686805
-0.0433053767895342	-0.126247822016968	2.42392570457505
0.700307391083789	0.737883879338084	3.83850286229973
0.187856213735724	1.89534102279959	2.73440345612739
-0.593314426938281	0.109179295642063	2.51088125874067
-1.13474202125456	-0.176203251776648	2.1915033065757
-0.548357821694721	0.665812444700172	2.10914438092907
-1.24392434140561	-0.0944841483430859	3.81816482874611
-2.22213814031402	1.09721360477116	1.0488488052087
-0.446033094255058	-0.590945116062123	2.19570120833282
-0.251936401545371	-0.783492908873477	1.63692441526739
-1.09770266615264	0.714863477048096	1.59371888490489
-0.403748128389878	0.488595821094702	0.965630653058877
0.390547435618376	1.1086680299301	0.632223349534073
-0.205368931658402	0.548731616632439	1.12941852123862
-0.712804896759072	1.02526101383548	1.12311571961851
-1.48438631404702	1.21829387596968	1.69426475577019
-1.82987783267474	1.7038613667433	2.77580345658111
-1.48725324467076	1.75128059343041	3.07141228919972
-0.578722719504355	1.4473223345477	3.31138970137933
-1.7246486314664	2.74347073720542	2.50140430199759
-0.77976930822429	2.67565410895994	2.72404761659916
-0.872918982697211	0.0434578733409508	2.50533306874052
-0.904428322900521	-0.0378682225480066	1.82954633177353
-0.786081180509429	0.670311286253246	1.65219428746115
-0.82456605469928	0.48309841277425	3.78216517796475
-0.107412202891796	2.50202992559943	3.56143020932751
-1.53363686650591	2.48262930703582	3.25898445714601
0.792972771904699	2.05314505119939	1.35989991512371
0.228755341369677	1.44078554395213	1.05063557427623
0.0650145321796191	0.264731977072939	0.550366769887046
-0.696649439423893	-0.0966124119994394	1.5138151516602
-1.2628269778198	0.176186081872453	0.825218191866378
-0.225997398922893	-0.458012810715541	0.704397537105038
-0.225997398922893	-0.458012810715541	0.704397537105038
-1.22613501992738	0.780098237448956	1.97831444703036
-1.4521198961686	0.162810967585136	1.89699168100476
-0.0737616325332191	0.224036253674713	1.35167465901186
-0.98473248916906	-0.283956597968696	2.39225617605883
-0.0731520725793708	-0.425709884004637	2.03120500216598
0.070491929370808	0.807986018880657	0.976574968594265
-0.95775370487174	2.16826617358649	0.677229832008003
0.0475147552972318	1.46772600466371	1.64784118022092
-1.44399222958902	0.745690715245547	1.70539478212991
-1.08915752953063	-0.485549363644977	0.99966003181326
-0.156680201539754	0.847366868521538	2.22501849648286
-1.4079618075171	0.78779122245446	2.12857673035579
-1.01641931767408	0.786367985925776	0.940895890324873
-1.01641931767408	0.786367985925776	0.940895890324873
-0.386711293888689	0.864925256313096	1.67628376005461
-0.708309575565163	0.553571660288316	1.85393219896125
-1.40385915577738	-0.886915112851583	2.66341741008024
0.0207079799255051	-0.693811172308861	1.65422267672039
-0.791015062477297	-0.995610244272639	3.21532880149629
-0.346282758248454	-1.10376938238016	3.09988143617941
-1.99655598867233	-0.733015772813217	0.974429816547662
0.281998450855796	-0.158216415887972	2.19594666041167
-1.34015314329653	0.452739353408372	1.41383391448545
-1.48495545210503	1.02861640764174	-0.517539338954742
-1.68803947566456	0.918446567577334	0.657744923682948
0.15705581384239	-0.374091011934968	1.15830738349033
-1.17861691917925	0.219876375408673	2.68943841914664
-1.29193746286937	0.900453530134905	1.79507237990103
-1.45085581694808	1.51248275159003	0.20108312344451
-0.274404899553641	0.160527656664903	1.73898272058889
-1.05250833130289	0.505318193069096	1.42002395874622
-0.811432178555256	0.145012491648236	2.38182025890203
-0.181634352468552	-0.165945734325644	0.0671327915188616
-0.946262227141012	0.753977895140071	0.702383555432585
-0.55301028558833	0.896877568490588	1.82630717069278
-2.91805445229394	1.65818767375123	2.29668546734012
-0.671586821234711	1.36594257969197	2.2775900145344
-0.996569844728783	0.357211796689727	1.01304070613723
-0.452002047898551	0.995536204594605	0.605891968960482
-1.76738543933916	0.166326905615004	-0.149989679044477
-1.39701314119912	0.310877708557646	1.21364043396976
-0.143010151903143	1.02208389738446	2.50429992438981
-1.88355382873891	0.19178102045929	1.01188304436402
-2.62589170587234	0.0696620695531827	1.10874696448916
-2.01473945685136	0.907110162594916	2.37911687566601
-0.963240642777275	1.26281407647461	2.31104276491918
-1.61848522858755	0.720262210557877	1.52395553513501
-1.33660708879002	-0.0517693989016581	1.78110100558728
-0.709118562965392	1.41398465532129	1.85960401910894
-1.52318997046065	1.01405786685848	0.756682134111129
-0.225726279122656	1.73841461812106	1.86050049349102
-1.86281009975223	1.42911337264955	1.60573492605408
-0.267053351628058	0.693574376143359	1.03139626936134
-0.433238109198755	-0.353308684482488	2.43206090249139
-0.140060926948815	1.21227338069982	1.75533636132773
0.0117525399608713	0.702164933527565	2.07380970243169
-0.807135104249144	-0.566944350517694	1.1161786681959
-0.438756053896991	0.216237059514518	0.84544079305673
-1.46798914696446	-0.618206512681928	2.15210230469992
0.605513215812873	-0.769340221954748	0.763266703308538
-0.593759860930186	-0.90805706391348	2.05893029608605
0.0158107863823025	-0.53784190381557	2.03966553762815
-0.439324644505667	0.60138266764269	2.29165092635982
-0.374524314744	1.25986659586373	3.0885621646781
-0.958513280713151	2.36530618224415	2.43215148219443
-0.231809544703399	2.59744414411803	1.40503309980855
-1.25138753762975	0.76793319914878	2.5057586058114
-0.570137445127095	0.693694934405651	1.84740029403168
-0.373483403608271	0.858800718461965	2.30289600189559
-0.986519242395642	0.38089858450624	2.37177544193581
1.22656471048487	1.12708386480679	2.11194514501222
0.194267967783866	0.262668032973049	1.86373972104892
-1.40896997478542	-0.193408027434959	0.990038436534578
-1.01290730845914	0.828790534557897	0.759270169723375
0.409801807898121	0.0864174090070838	2.94754467940899
0.397465213367895	1.5134889446801	2.66552300944387
-1.29317301648569	1.52474291549714	1.4412211936148
-0.928885034869156	2.82308570791412	1.69720690207267
-2.24725301382416	2.7172402000319	2.64215739363681
-1.25748460219692	2.0517693599795	2.77807099616563
-1.40572413061472	1.10259031823411	3.29597198481073
0.904139119013645	1.13851076654581	1.43954984667748
0.504641116246783	1.15700553891874	2.15055552402206
0.160788709370235	1.30922178449615	2.47852451742412
-1.00858242695295	1.5593106939209	1.66513008299637
-1.0907250081636	0.372582052213984	2.44596541628792
-0.161860397102243	1.11096813214724	1.1488733447913
-1.79218606707605	1.32144719426658	2.42928368228584
0.0751199919237962	1.17679786454171	2.04496407648061
-0.926790988771647	0.873496517010364	2.56677733512346
0.210617503550305	1.68018013225737	1.53701092880743
-0.324288244846232	0.115457165687443	3.22035524468549
-2.04416519017698	0.775516633374897	3.76341980554557
-1.49549639498199	0.452055246621024	0.902424628529346
-1.7665259329968	0.0875599221708132	0.833497945212928
-1.47335705391213	0.727353439112342	3.72010344353389
-1.29900784585218	0.269786383946307	1.38614045610815
-1.85977165596294	0.656304856068405	3.06031797811691
-1.25804777030844	0.297746851088699	1.36473963609653
-0.648756413690245	0.499646240739513	1.94614228368072
-0.66263923449521	0.6867632158135	-0.357533102916786
-1.28541265665174	-0.181942832178984	2.42265201110232
-1.0024157837282	-0.270303874506493	1.09565590181137
-0.756332902173261	0.774414744116973	1.49504263959495
-1.84221480768067	0.601736564077063	1.90508271686055
0.101100832327334	1.23475304444944	1.85717027645347
-0.695659411293006	0.160292266014649	0.34967995569383
-0.627570296403049	0.215007516513989	1.79499673866187
-0.883833862433464	0.870271193393964	2.72543502832128
-1.00201720524222	1.17643918127028	1.94682411347142
-0.912464322507873	2.17484083697184	4.000233043276
-0.953422734999516	1.67809575856075	2.12453850632065
-0.0369676935154902	0.574799017126603	1.51583681405859
-0.200443146564779	0.857079818310727	1.77233409915749
-2.33348406150795	0.375455881217771	1.27742624331668
-1.12583025234796	1.11672326232026	2.28239715737061
-0.415124293187725	0.329730176166765	1.51224333978069
-0.815714505270843	-0.582190953296581	2.30901028336619
-1.59424150877396	-0.198540512287541	2.13180629498476
-1.3836043745647	0.663839357333114	0.662196734203572
-1.72856029050967	0.921639120927575	1.87660657548367
-1.33299756152514	0.293335954079653	2.83795399342751
-1.33299756152514	0.293335954079653	2.83795399342751
-1.00827215614568	0.517598124304367	0.50276939397319
-1.00827215614568	0.517598124304367	0.50276939397319
-0.249571670508659	1.14251426445683	1.63373282574758
-2.12752355571657	0.677793812062744	1.14257803308122
-1.01708902710754	0.229241756515555	2.55825532113251
-1.07167952056583	0.112830988265999	2.69099752368292
-1.05937184152836	0.0114715059160028	3.01240340724169
-0.681453972823792	0.943093340511815	1.5022084427069
-1.61013785531793	-0.202973024714335	-0.313350191774931
-1.07369594857873	0.338816370579149	0.700669853041423
-1.56730210887603	-0.313013214423634	0.809018812020216
-0.264360735033617	0.687584778441126	0.267122645127262
-0.94936847599511	0.339080790685337	-0.0036845751998171
-1.26981055278141	0.0190707374025556	-0.142128306895693
-1.47838130021057	0.6328693612976	-0.573043853385686
-0.709791826042213	1.02617005699325	2.61673879484507
-1.59157446153056	0.518065082619227	2.68169589787808
-1.5948863674507	0.40221352952573	3.83526689417537
-1.07065581772669	0.846761022439478	3.81627848875453
-0.405173669437797	0.418116888767617	0.986296586161729
-0.917337237015642	0.0716918119426871	0.133635688987319
-2.39562168496653	0.346396301320339	1.68335029433698
0.0177902439626594	-0.168922837658644	1.80083776413777
-1.30202226830596	1.11291983111423	2.13644716186614
-0.885646790678726	1.82121730727735	1.21478545758974
-1.29982748550388	1.1183046741135	1.75399554941307
-0.146373579039039	-0.646450009747483	2.79897895351615
-0.893358723194353	-1.25203089342695	2.12597193682334
-0.698586343404315	-0.0407391924585904	2.90849568755897
-0.438918579996695	0.182972497045201	2.08842786303613
-0.825960144771606	0.156461610450024	3.76927200675683
-1.67922057359962	0.381526146873539	4.72054836800607
-0.334648339710671	-0.0359105896076871	3.82896780703013
-0.0385273809866394	-0.202618881799253	2.66662735218572
-0.400296637607714	2.11112699634512	3.19048000793881
0.0841077960156598	0.342453953420374	1.79496314070172
-0.575427828846543	0.459715574529221	2.73829381005855
-0.0690938389021266	0.523757183648071	2.46364533962772
-0.359817934226296	0.0729126213789252	1.11773978385683
0.206986949794075	-0.856960233795641	1.68589802930252
-0.0662710304576382	-0.616739447162877	2.64415567218051
0.136883904233204	0.23456546543162	3.02336255497795
0.136883904233204	0.23456546543162	3.02336255497795
-0.693107889568083	-0.724395097138992	0.482842018345135
-1.34355595902818	1.40906902202663	1.45872895685603
0.0305356624213307	1.79836195700544	1.85599569248644
-1.36556976720613	0.268855027066973	0.753139183398691
-0.308548826387436	0.93689614386888	0.893602361514104
0.150315027942412	0.165164681279882	1.1994557239519
0.231386473214626	0.131383477898245	0.812581270842904
-1.39764411527135	-0.366443234070267	1.93133972060807
-1.01383861312637	-0.480273625608795	1.24223290890892
-1.436214941925	0.746680950145114	2.4953530947044
-0.748261111747564	-0.193078460816131	2.36774706846727
0.425239783814335	0.231654394710853	0.880091032115423
0.0567127273843992	0.705835193347196	1.71575844005925
-0.0281356380833285	2.53002352779928	0.169800677644123
0.495058978416657	2.30496221281716	0.647840961121701
-1.43976116103114	0.253302105170755	3.72811504037574
-0.967160948992167	0.908974030312678	2.40112999790689
-0.264736730760377	1.11561385223092	1.54009587422091
-0.645421371740878	1.66300919013114	1.96277989071032
-0.0333787986244833	1.21738569558743	2.35793993110324
-1.53885108848174	1.55889523212575	2.29905980547148
0.459464581573637	1.28047217995952	1.20199475010768
-0.9174455744311	1.21971810951118	3.20124186345781
-1.09758185870156	0.690035272480709	1.90427916579058
-1.07611532444163	0.403603663271826	1.22004787356764
-1.03936232434714	0.508546589448145	1.46293980841803
-0.70212389532478	0.702171185799199	0.736597105110291
-0.301383435243123	1.08109714840958	1.63272580096302
0.280167471729728	-0.100178306838046	0.725833707183448
-0.801802096666264	0.902792924769074	0.732842349207302
-0.611777074714413	0.217948763896372	0.348528373944614
0.105440396363455	0.44874760631589	1.68645287452925
-0.83131746986691	1.27250407430092	-0.131803066472571
0.178924060073983	1.00615236366077	1.52578333619228
-1.6243074920999	0.148172770573878	1.23382222085808
-0.217761330323702	0.173127803384185	2.68472337239138
-2.15896739032458	0.373902698227323	1.42581124001182
-0.569949094858826	0.985807351494071	3.28031536911925
0.437537483200472	0.829141896682615	1.89883856573224
-1.43526374942344	-0.336039680328218	2.2814380217757
-0.699526739510257	0.643592226639405	3.2177595855734
-0.0756834196637748	-0.269600213897073	4.68620241549908
-0.514944024498675	1.17426745628498	3.65661100063389
-1.31815889464438	1.90507187511384	3.71359930029058
-1.5960381609697	1.64443149242665	1.33696160593578
-0.775353555068138	0.870545722502737	2.06853988306628
0.362566204078137	1.64802960240743	1.48353643045176
-0.84294415303085	1.07354862976727	1.94045257300957
-0.472549653592343	-0.646909067878361	0.642977099454924
-0.0468469511411737	-0.049780510501791	1.92639470572608
-1.21761402903066	-0.367790723030162	0.94101881255316
-1.59532225387511	-1.94207974432612	1.78662562117295
-1.54880324717311	-1.57013345783798	1.21366204584723
-1.22562998738368	-1.57261751677347	0.810241909802659
-1.22562998738368	-1.57261751677347	0.810241909802659
-1.36549656715955	-1.69008208344975	0.434349298878978
-0.940942230500218	0.568515024945177	2.65101102524112
-0.785480074968237	0.568752266859827	0.744809310623051
-2.08394622334004	-0.735369252711954	1.35174771525113
-0.153583498320208	0.66556497118393	0.549507799299447
-0.247979493671631	1.35574091543327	1.93351504944082
-0.719943082372228	-0.262520490436358	1.53006647546306
-1.73218677830069	-0.084308496256491	1.79137306390334
-0.990297078333912	0.586232882518918	3.33678979572881
-2.00595773313241	1.71796836864109	2.04745178887878
-2.34651052675052	1.44203083069363	2.13035156242543
-0.1954730413516	0.506579577457827	2.19693283128457
-0.952651135876821	-0.0480144042377428	0.832283026449434
-0.684541035274325	1.01444745265091	0.953096601480565
-2.1745698865227	1.07737269994939	1.28266526563703
-0.787725877163985	0.235350032947505	1.37098242324371
-1.79025268090119	0.664446905122722	1.62472678836286
-0.814887019960355	0.246153912443108	0.841037522963138
-0.411657394036257	0.524469241593438	1.64294272594699
-3.00038087885041	1.17338336102033	2.68551203702109
-0.735561331507456	1.34201469649026	1.63034193570447
-1.34969387198604	1.45241451504259	3.65132323359751
-0.829333545800066	0.48531229445403	0.552913607644657
-1.05916831889127	0.54004525048151	2.86984651604482
-0.451185404716245	-0.602250781160256	2.42913769714064
-1.28362011854916	1.36741922043301	-0.282770183967089
-0.630434385997717	0.326211900113563	-1.02016882530648
-0.903421411446729	0.289179358456461	1.10421790131786
-2.10366999501917	-0.0320883278917622	1.89261175571988
0.00161930186333881	-0.299377411820814	2.72001118908208
-1.65937166133451	0.896001572226352	0.391235126599999
-1.74694787691771	-0.0936227013543043	-0.00870523824084701
-1.05369112855563	0.339290170468449	0.532178374446649
-1.23019460812728	0.48190995678064	0.301465451015619
-0.245886210699308	0.393896998210478	1.04606334804267
-0.309181801919703	1.19309263407532	3.32000625378969
-1.29054822896843	1.46828793713195	0.469642113294939
-0.820573221092296	0.932228148811975	1.2977150584835
-2.17964077423059	-0.0668742625020686	2.3288041792963
-0.772508654385436	1.18454167160326	4.54696826623985
-1.10540672458948	0.475812576050902	4.34264370900342
-0.546204809730745	0.81665524657917	2.91410791238129
-1.9652502442752	0.284336320486865	3.40510311981229
-0.404633009113402	1.05181693350642	2.31611978843252
0.0192390828073112	0.153004364503951	1.77171158457086
-0.360317442487557	0.468411089924148	1.74408318284373
-2.53842120647695	0.681750477843337	2.01960781059086
-1.03508405875724	-0.0421790683326168	1.97386206345064
-0.447582743556132	1.17661297050167	0.831746651068825
-2.27265466434925	0.490832672637565	2.4105564627537
-2.34540297011364	0.872667311821136	1.29289471369426
-1.26819107103828	0.675458009648967	3.79179623901858
-0.196997932066926	1.55266090368509	3.3503664422864
-1.55875378509551	1.88343928159948	3.03480021768182
-1.87197295464501	0.1811521772068	-0.317827607751664
-1.61175321515591	0.618467290942925	-0.254718178513235
-0.442743258513331	1.38530615453657	1.91617261766309
-1.61169096218743	3.01018849454178	1.55089165612637
0.125777227763459	2.0499128556929	2.76142395393226
-1.30183388205477	0.195565439115846	2.97112892124819
-0.0876652331708949	-0.729887981094326	0.559300429753859
-1.30253858516753	0.750296929409713	1.4312707277186
0.0084825833154306	0.035840134155971	2.67055853326372
-2.43359360960269	1.25547711600495	0.495244807456578
-0.825389703960106	1.75973041415907	2.35841522145608
-0.411081067406571	1.71380913735236	1.22341735446864
-2.08717144405893	1.43255680380771	2.92456766850689
-1.57231671601201	-0.420036187666564	1.91200534200995
-1.61073322109073	-0.322502901631277	0.943247421649501
-0.0160164460994821	-0.188476980020654	1.95610385377575
0.406912804067165	-0.45555334900704	0.5717525219568
-1.00087524510014	0.628569794974299	1.0090805825752
-1.64937485630527	0.180581671348703	1.22552070358675
-2.41112635493106	0.777174995120158	1.61054791323919
-2.52087771837882	1.80626113249797	2.20909794593341
-0.8801860765209	0.301654109225135	1.64831820434733
-0.8801860765209	0.301654109225135	1.64831820434733
-2.22231903662142	0.152303804356031	2.09358529358438
-2.03015806839051	0.663296571929336	2.8778294550755
-1.66206858284004	0.422037574437853	1.23723416006415
-0.928743905740384	0.473693109217085	0.704624291689272
-1.41055603036337	1.16545111343282	2.70023209576983
-0.635753918725811	0.459262188768845	0.838940119995651
-1.37436377771842	0.596208904765631	2.2106480090626
-0.0235160612575018	0.661031543687976	1.76175075239824
-1.54781751549716	0.413136777809423	1.88853482223919
-1.8121449657803	0.593192706273001	2.61603316384455
-1.69634114317116	-0.798655841694107	2.4653846170895
-0.850708218302747	0.461656927765853	2.28983810113424
-1.68425149636228	-0.365789820321422	1.66384194328297
-1.65001532620593	-0.254821140955616	2.29464620623407
-1.48453409082209	-0.59622497670003	1.47397312982112
-1.69959558198326	1.18766800413447	0.523885701214609
-1.66127643596232	0.0240111056877592	1.01724327614059
-1.36020495336231	0.219429660388207	0.728989297992152
-1.63364065067816	0.783143573946544	1.24264268893713
-0.706348790197189	0.00898821928558791	1.39700653226149
-1.07135279048599	0.165106490953567	1.54702412023372
-2.23793190380593	0.290620323955202	-0.187481693773294
-1.42419625659641	0.624107773295358	1.25597706786876
-1.78527262324297	0.536557285607993	0.510476366622399
-2.66727046808958	-0.3027223816204	0.436627487724247
-1.0628777655862	0.361773966808859	1.12297886957656
-1.33748069896864	-0.297310475461037	5.04173884033243
-1.01014915461567	0.743432521550343	2.01570921905877
-2.08162419079711	0.987503637784643	0.893938902444351
-0.838322001860078	1.37855223121052	0.552306238958473
-1.15842202875271	0.528483151310705	0.527006972801149
-1.15842202875271	0.528483151310705	0.527006972801149
-2.03215089282207	0.0440172807689794	0.691405738923674
-1.15260807065255	0.294387142408411	2.91382367490941
0.0634065833877647	0.144057071733823	1.18941074124016
-0.19098354115649	-0.0778283195831566	1.42253810997802
-0.599865494821347	-0.856372963547527	1.34203551811239
0.391180183235578	-0.0628133909255467	1.71235714542928
-0.574444826736295	-0.659749707750899	2.42365005959389
-0.730087795700698	0.666574798805262	1.52227885454041
-1.17085497560822	0.575281224798631	2.67601940916486
-3.52221730262134	-0.569608666773586	-0.272164374178741
-4.46144214857906	-0.80791238311502	0.302743312037054
-0.549582287541194	0.0748847038057605	1.02735354975082
-1.55007102023076	-0.371742612753597	1.11561245801777
-2.82184218305085	0.446709331280387	-0.00391228819788334
0.671247945454068	0.782224092092927	1.71810681388929
-0.36021829275795	1.35759594457645	2.43021229001753
-0.93160432118811	-0.106467705271038	2.11267758293795
-1.56326572163369	-0.740320327692749	1.00342592056265
-2.40175157659369	-0.680683959748605	1.95152621770554
-2.92593457324243	-0.218069933789825	0.656018865123761
-0.155398776867903	0.312068487545813	1.90722681190921
-0.155398776867903	0.312068487545813	1.90722681190921
-2.23205812716662	-0.415625582610083	2.09123806411197
-2.06469274075671	0.431750945029273	2.07195201050332
-1.8633649237391	0.435627145525879	1.40003153714526
-0.867180130820082	-0.0757930991095805	2.57435903479257
-1.28762350752986	0.0840388038706225	0.36385494904963
-1.18548896260808	0.727886931548415	0.0641785243330504
-0.358050782283159	0.801232663705433	1.03380909221122
-0.220408174015079	1.07022511237615	1.16467488854585
-0.220408174015079	1.07022511237615	1.16467488854585
-1.17819059898553	-2.25915626855626	1.95641269751984
-1.7745528389833	-1.0473450515722	0.901243785296861
-0.0878609085515684	-0.664417159239612	1.3718460699541
-1.09294700368797	0.656842627658657	1.68469705890203
-1.64518726653771	0.950799133317186	1.93013422808836
-1.03354392993018	1.42376595432972	2.30817931721891
-2.02479684373621	0.21847205304848	0.977833943331441
-2.77505218993054	1.70539271579297	2.36645290698171
-3.6286674894406	2.27133101959964	1.53449423083959
-2.33658149030495	1.51681087443384	2.14610824043303
-0.476532800290637	0.044704636509884	0.620044913510649
1.40743933649209	-0.564056065022538	1.85060585971665
-0.653727857845158	1.07293286788573	1.91722961274641
-0.97958014971272	-0.0206802378536759	2.08810565561559
-0.0787609366280185	0.759181706664051	0.718842361748065
-0.040718649511425	0.649093263621352	0.832690736443758
-0.155441508318197	0.647801405364286	1.55504186135262
-2.55390029571176	-1.08564056193953	2.65413051282672
-0.589412672359165	-0.604779637725821	3.13793556150207
-0.481567433656388	0.834277196096868	1.60461546539366
-0.547766699116813	0.349812632080697	2.37200762828666
-0.659191767650892	0.669249260427871	2.42341607196253
-0.116429270638966	0.319656458557479	2.45558502382814
-0.0960769613007012	-0.053286126487352	2.56390148907635
-1.3221850047392	0.0298971454041082	0.577863248164458
-1.20750707662792	0.309513139497187	3.15025849888626
-0.176062863192884	-0.42152759786364	2.372471521046
-0.0739241129494301	0.209772919374388	1.1884465563549
0.396968945526801	0.897636549762065	2.46360421119828
0.497607693642646	1.09085554886987	1.80767494684627
-0.120877891022299	1.79037031476193	2.47191114223647
-0.0700263410430329	0.667763428302708	3.66319474566811
1.24007324022581	-0.135526623082328	3.49754134516612
0.643155083955402	2.30107566026964	1.59107051023954
-0.492392476769049	2.68233621167861	1.87519578643404
1.52790612492352	1.43830238835324	1.76674444475548
-1.77135339422632	1.17918914078794	1.93459851721472
-2.03450178504098	0.811564971112843	2.36795605298358
-1.54805412716446	0.316004457788969	2.21880410573818
0.468275096482619	0.597421563718832	1.82951938214962
0.948621955539313	0.274648581789073	2.16709979516225
-1.71903905444069	1.07024969738161	2.33456956231404
-0.456074324884258	-0.0625489135223565	3.00995081979512
-1.84772969304825	1.63303994275878	1.19422645005594
0.885717032303885	0.357266287793483	3.61507874647683
1.46382027984104	0.622394339306667	3.70374053339182
-2.03021442549951	0.0870921373409653	3.77030238560808
1.21148478331121	0.997569483926556	2.471371792366
-0.648351294600425	1.20105410264072	2.2193569433869
1.80593962422958	0.736149850805359	2.64313333360033
-0.96427575669912	0.92689423330085	2.52248560018394
-1.78921750063214	1.46938946582209	2.19547988251311
-1.92194558139691	1.49863034504431	2.18890002294071
0.03321400088095	1.75860813390449	1.90611774034917
-1.59307630763585	1.86259399158036	2.18402515709575
-1.53255009137998	1.42362319815726	1.86389017805866
0.290208324878318	1.36016087752894	3.1065926454933
1.43839196629776	0.632996830655568	1.88644386679752
-0.119903567249609	0.92022002099115	1.46292011833848
-0.249759408695409	2.50579340853219	1.98708195941729
-0.249759408695409	2.50579340853219	1.98708195941729
-0.0920868294791275	1.48406780636233	3.22414277576391
0.366571213450668	0.793725617590108	3.387459218141
-0.947175637447327	2.21142114430658	2.41252498801742
-0.582195417113299	1.25558339640695	2.41551245985855
0.513981420522317	1.40659642289253	2.20973301801897
0.513981420522317	1.40659642289253	2.20973301801897
-0.231533780486397	0.840050468654496	2.44089993776025
-2.49268502752039	1.40894483321784	1.59289911624689
-0.338744847623677	0.718305394518146	1.65043976719071
0.151059539427117	0.205594882523629	1.29663310544003
1.20453893359538	1.15385149555523	2.06009779056633
-1.03740100603117	1.55960253798055	4.23777787821226
1.98541039322809	0.533353886439526	2.78885223301287
-0.203162188078122	0.458185149236738	2.42183855261761
-0.446700619907912	2.19540792126967	1.58796135700899
0.75566415350019	2.29990638633931	1.40355053706168
0.179979433229776	1.20123200767659	1.529728969142
0.44927678103002	0.902499246116845	2.66264510589796
0.551640329392769	1.55999336253319	2.91979316994364
0.601514099113535	0.868004605805281	3.09747930645757
0.282755590720726	1.2763451763362	2.87338158201206
0.604400301957145	0.394208408961848	2.82957967365243
1.02871294034601	1.3988507396128	3.19327266456902
-0.0762437074325767	2.42023930083094	1.81242759231016
-0.639303895259961	2.49055591144055	1.73495916902048
-0.824643146205231	2.53890887219006	2.35080882163537
-0.687893678389732	3.06711886548152	2.38422827109229
-0.0550910247570177	2.78176552779135	2.98844365087578
0.26362624444454	1.71094777165009	2.38032262621771
0.717380326810272	1.21282923304313	3.08431103470334
0.566306521355746	1.65410099153969	1.62846205571501
0.456632312225832	1.96242424420435	2.9032199300948
0.608798342369443	1.28851073047479	1.99136935274197
0.608798342369443	1.28851073047479	1.99136935274197
-0.111256534452519	0.924999787525439	2.01574562913412
-0.729769712433693	0.406834181717171	1.47872650623372
0.557446831858786	0.694596421237364	2.4131513314752
0.193265117371659	2.1483615439041	3.34955065618675
-0.133935860669307	1.15431323254288	3.78783354666228
0.134316407610774	1.81527020843458	3.83197618944204
-0.719585312473639	2.04734890904	1.47588724714483
-0.568755271361418	2.44858789248905	3.05931863698917
-0.651099464934802	1.43483645929975	2.81749886991086
0.253445875446414	1.42437929814228	3.85272317128566
-0.0465651238934137	1.64422675495908	1.55955263038644
-0.667496800740466	1.80829860302487	1.9426067153524
0.699361937673709	1.38733750899193	2.3666331367121
-0.540344040185071	-0.581609487820547	2.59271625024649
0.186220226638439	1.21877284318109	2.46586870009634
-1.27350809004633	2.21438744693596	2.08762759966733
-1.01399540661092	1.84005034217432	1.64215833719861
-0.874054771134526	1.00362298708625	2.19925132197442
0.453966903173567	0.764850750529466	3.29187047630592
-1.63619498655592	1.82643908290122	3.57466770605149
-0.756935234459576	2.45434253164924	3.72501522056632
0.407822567782501	2.67986419401512	2.13230787685705
-0.615641235439757	2.09570536840578	2.24673772997763
0.983532687612344	1.73026488542042	3.1744177469233
-0.589449520644743	2.10607320909704	3.49563056767476
-1.15854423195091	0.772576904980568	3.14739992715155
0.27929614995854	2.64948401847642	2.76566900174382
-0.816456313919517	1.51729612590312	2.48571497993886
-0.299695755008861	1.47066869416323	2.83298118752237
-0.0465241460920281	1.43516835736601	2.38262265499233
-0.730505356318581	0.22524816274757	2.10185656887824
-0.168897924818102	-0.0297495495993696	1.81578215756632
-0.610108460462603	-1.19211480881673	1.59145910092527
-0.444349060134991	-1.06026341635654	2.94150306457704
-0.492341881506626	-0.0760205583707773	0.648288112501858
-0.945932044611324	0.680418350429182	1.87567202837579
-0.62966004102143	0.685676695158706	1.47346058925827
-0.493177564578147	0.506431186874712	1.95902813895934
-1.71402686635565	0.439877023656771	1.65661596089911
-0.263944826975312	1.22252566938827	0.356198981290176
-0.181141435364821	0.736601790662458	2.208570067537
-0.675352564186273	-0.659611828233016	2.04295191882697
-0.431438896325755	-1.40816429195768	1.60150728173446
-0.385941502207138	-1.31642525384644	2.09696519530127
-0.188111460302484	-0.0820261124884642	2.35137673605993
0.43718155032172	0.591325247963163	2.79154501800832
0.106938275150188	-1.16721562833347	2.48145055242282
-1.00725092244348	-1.85197623768454	1.58435867020503
-0.579337234983879	-0.607200970691398	1.60730416106044
-0.0324145663845449	-0.682133466099274	2.53740918502236
0.0344114455840916	-0.837173923618952	2.11724554326558
-0.854443527410298	-0.0721725315760367	4.27384420238638
-0.861779272604567	-0.708865831530931	3.13641669589977
-1.0361697838424	0.369305041376837	2.03880339636147
-1.80856842212263	-0.286751309332435	2.81680620954915
-2.20688753611739	-0.731352917387214	1.65279555159305
0.0737077643798087	-0.125659754385457	2.76862377283285
-1.10316688185185	0.262219824764844	3.13945079532055
-1.30926784797719	-0.91468518180492	1.82990672942988
0.0922365111992072	-1.36063651954912	2.05935032524607
-2.20203574837342	-0.0463434756314025	3.18834046868862
-1.09883703285894	1.77200909546416	0.846132003792081
-1.023881446084	0.87237433786472	1.84306604852646
-1.04191333091538	2.18916640104785	3.25252312144427
-1.66812571428863	0.842421039618144	1.97834287572025
-1.11540195888318	1.3860827116428	4.00161193217292
-1.23286995782176	1.5694632978807	2.65800559945923
-0.364658578314077	1.40536981502262	1.45938373002678
-0.608514256894036	-1.27457665033675	1.34837072702019
0.369994455383944	-0.517480766010603	0.813671220776079
0.300632777167409	-1.03531722608032	1.98422607558702
-1.34834907693779	-0.483359267699569	0.951306660870826
0.422701089351492	-1.04489136549845	1.17827031854999
-2.21876351026004	0.205069694207224	0.061533818834175
-1.82735668513747	0.100235275027528	-0.0952868620197051
-1.01329241252031	-1.50499502070267	-0.369604619931655
0.209177730187562	-0.370039436437125	1.50688407835843
1.32226999101343	-0.478480781608568	0.9101230627938
-1.71106834479313	1.14577961907115	1.69909811424007
-1.57645501084062	1.79977005569053	0.914270722715246
-1.33660671757383	1.49247371111471	3.39398217535471
-0.700613622849207	0.137395739409177	2.23431886319698
-2.44951033727538	0.24530307625361	2.69279106697951
-1.54130649162083	0.361550722956392	2.15642177754585
-1.57450644388584	-0.261871947120101	2.66561132059042
-0.717149135899225	-0.368488205151572	0.919779492944108
-0.80359350159399	-0.205498023783957	0.612063831795011
-1.27697860346736	-1.85158154518933	1.64683110794881
-2.5550409922259	-1.25285741755958	2.21421041130509
-0.784920413536624	0.215366683816531	2.5277814848504
-0.504460493819159	0.706751426780812	0.96713343533757
-0.63924244440904	0.816794871695425	1.73666198460211
-1.98474516015435	0.207652064652633	2.37131391933215
-2.24423393339169	-0.780331131978803	1.71281819901247
-1.07316814760735	-1.01197800230429	1.19398698107973
-2.72270090700236	-0.641220314310195	1.74799747567402
-2.3061087632866	-1.86235358209784	2.74149956330204
-2.53158568960643	0.135155654573323	2.15150251910753
-0.627582807685273	0.64405782246248	0.645785469143111
-0.392786710496616	1.99956412977678	1.65378306889978
0.764579752648613	0.937170757906899	2.02243960659443
-1.48519064573589	1.2679081839213	1.21638458598337
-0.713253789161112	0.299050297927911	1.66087474747457
-1.16938779832886	0.14410435329558	-0.042735454529066
-1.47133628519552	0.113744569983776	2.02529266945496
0.264882306200204	0.0778863061020211	1.90779122363328
0.7562285424063	-0.059361145357603	2.6241763654841
-0.762336840061012	0.658476873635075	3.21553082512857
-1.29055611320167	0.0530212597882984	2.18972347955938
-0.44106073904006	-0.0472545541961836	1.68057109735467
-0.0338460638113034	0.14616825664416	1.9552083608231
-1.51290635351049	-0.972636157920288	1.37357894519205
-1.63281122149125	-0.12484027268217	1.16589747746633
-1.32339338348363	0.521798496505421	1.16226311340405
-1.23080581971271	-0.719604748321076	0.663384219551195
-1.20577827622476	-2.04375907923579	1.94579734817463
-0.221680331875541	-2.96880099676844	0.803675718860999
-2.12589847497565	-1.94603048996447	-0.213241253593688
-1.43890592024852	-1.59578500640846	1.04389304916938
-1.22449455754339	-0.824153752622149	0.408372270348258
-0.949534931776105	-1.03237010852917	1.4177414370148
-0.113705128922943	-0.38857014460953	1.21403180842244
-0.331555389153428	1.09118077622497	2.14765197881751
-0.597955033721608	0.846424805283137	1.02699493607387
-1.49511011141161	-0.179505652537927	1.60516793061676
-1.0414285657399	-0.693688101647602	1.32479861294515
-1.18905395992448	0.266644047614559	2.02108961829934
-0.401128159761356	-1.91189268425944	0.584428673701394
-1.59182341468111	-0.514863529503909	-0.0812292839712817
-1.26594863492357	-1.56947086572567	1.07370557261441
-2.83243930599385	-0.351426542867423	0.573828568180471
-1.68934149430341	-1.98982984847636	3.07062257595445
-0.722849514921809	-1.14583928488748	2.10355920758423
-2.98605096506566	0.178359617678545	1.39442700382116
-0.250404493840078	0.267045584090251	1.11079288899803
-0.608521611086012	0.372111416228259	1.14034983926288
-2.23983257310065	0.779894949729205	1.57011157912973
-0.963008815870912	1.67405550561412	1.62680723374574
-2.39365399676632	2.32387980226037	2.27747792711817
-2.16356062799679	1.48571010661401	3.36823116848305
-0.542038196805155	2.41389780195049	2.61152172559745
-1.30925213818828	1.57159426793795	2.57745780187248
-1.01671662188613	2.10434933178194	1.82783958324464
-0.30340518866121	0.23971338701404	2.70815248108666
-1.33302266923543	-0.343506307726329	2.16294954671558
0.617215602496232	0.956719667826038	1.04868733794137
-0.34585048297743	0.536719063503912	2.3281948616089
-1.38968085216599	-0.235925322876793	2.27704056514862
-2.12797775595922	0.524260039563306	1.94319081945816
-1.54319181888156	0.205509101271167	2.21822239912326
-1.82871981414892	1.28309159578516	2.60849478870341
-2.22406347532139	0.133842660878019	2.11088169151674
-0.28508564994391	0.167591812307321	2.22018442808678
-2.05012237880868	1.08056945585262	0.755949485457193
1.00603248171686	0.40040583501543	2.03884574261312
-2.53673855482758	0.393107670381949	1.62468587227395
0.688084779362705	1.44009050550596	0.563235902677145
-0.921486507185269	-0.150380754869796	2.13854033086893
0.682443605045224	0.0420378645790688	2.00533683041537
-0.0955511016780064	-0.655685314767782	1.14873901287271
0.285548809182637	-1.4093768496961	1.13929794673275
-2.8209743556155	-0.928942279077173	1.69961574398327
-0.852172277043934	-0.57504574106174	2.6914580589636
-1.2075299960179	-0.971391276835068	2.07786104878413
-0.809657997343293	1.34670341313819	2.09342475925827
-1.11093002379839	0.311147776724335	3.38699308290654
-1.31877774969589	2.33563356188959	0.932969613721226
-1.16159993588614	1.51526560391643	1.21115362827111
0.224395505129054	1.47086220456423	1.66799951529499
-0.283372489201907	1.91629228357101	2.73091767534356
-0.436347315062925	0.488925272477426	3.72322829079204
-0.61960313275511	0.117405064234818	5.05110188222258
0.71715150328923	0.352241974568453	1.99179160546556
-0.946534518627127	1.23278019804455	1.21164240183567
-0.946534518627127	1.23278019804455	1.21164240183567
-0.607631198887426	-0.542822069706093	2.49356544818816
-0.639845798393921	0.38818735021467	1.99682248914673
-0.690065125894804	1.82078037780462	2.11615868022576
-0.520289444198511	1.20090543095231	1.99055222611304
-0.461900049491301	1.3016791987306	1.49982487730713
-0.496861374673031	1.22613917017253	2.26506778320976
-1.0947466570453	0.5819374249401	1.86142140675922
-0.553364432765959	1.09398997456309	1.629999851317
-0.531398245591985	2.15057397717633	2.11804666950558
0.981069844962759	1.29192472582795	2.39454568155426
-0.64455706701229	0.563875815068349	2.30371444340116
-0.0167922173479436	0.744539779898391	1.24869220538107
-0.485934446616483	0.328876322746255	1.8610798110911
-0.409922299920628	-0.384411517304006	3.04792387171654
0.195540071550587	-0.848603802254556	0.741832925536225
-0.0313888663416629	-0.566091812573345	3.60919348317145
-1.38365741420443	-0.573823046534285	2.7560079585063
0.190994193372968	1.0012597241224	2.91981878232638
-1.36349163497894	0.469467448078358	0.735652625065867
-0.645395917664295	-0.262883897751164	1.70020664736249
0.481123059549281	1.68396545331473	2.23148445183919
-0.793878730132414	0.284980265975386	2.30312928497475
0.679555554587334	0.785846491188071	2.59175411964137
0.481881261075536	0.575288437410817	2.65653978615792
-1.19452565552637	0.673282999789449	2.26395914322562
-1.10246826771693	-0.0111119747284398	3.33394856861453
-1.56328574814455	0.208176369906269	3.10983594941761
-0.384439444342863	0.443839908150155	1.3481569234908
0.329738301924313	0.510881640727471	2.52915103352594
0.139356049806981	2.21933081090343	1.13749936493813
-1.51129803708433	-0.575812007642547	0.234886633790693
-0.832976694755505	-0.0249453121948761	0.731829662106801
-1.10483459459754	0.4099699395672	2.32436752980138
-0.745240337048158	0.783863015771334	2.28202823661184
-1.53449731240593	-0.0941026157031541	2.15896869852174
-0.00863101477710016	-0.798381591493404	2.28613836611077
0.722295777995088	0.907958721162696	1.89754367570022
0.45954465706051	-0.000950143635976675	1.78943858540876
-1.7136001712683	-0.822751623329772	2.47590039810325
-0.0702448669299767	-0.260857750140647	3.43808752138919
1.13505883287341	-0.813019244987323	3.59543088921297
0.072727050866651	0.28019658936864	3.12200904330794
0.160874255170721	0.50866563997206	4.02420633386347
-0.385263184982796	0.632262333032726	0.26715934873982
-0.5956702292882	1.04546883194831	2.32371849890713
-0.121226393097843	0.70381867371873	0.72724154302031
0.461214815726626	0.520189420513678	1.74072285184115
0.654916620051854	-0.139350797257067	2.01321712346328
-0.434901134080496	0.391781600072303	3.01725337396119
-0.562775948724928	0.636499404290957	3.19795237367543
-0.429104310880477	1.50425396723744	2.84599099328039
-0.429104310880477	1.50425396723744	2.84599099328039
-0.134293602210114	0.613861044938838	2.58045808858015
-1.97500740816659	-0.505725685763551	2.24956140335608
0.907680943310757	1.3280291473504	1.42341969298822
0.108992715125994	-0.0776825247364049	2.14110267766825
-0.224394359340315	0.845508598464266	3.23164430783233
0.209896995185993	0.627415660674596	2.83298380720263
-0.463310437625289	0.447539242876835	2.98673944057313
0.214597233867969	0.381247378895362	0.61365297485196
-0.0178659875839612	2.05862748791607	1.44890430407062
-0.707850627981096	0.33831677294251	2.97104744780686
-2.89912728436526	1.21127727477733	1.6721291700574
-1.56714468748662	1.79218056150073	1.41116590419671
-0.8952078151778	2.16373583495923	2.99157332353294
-2.36926386735351	0.79299700570729	1.12581921633382
-1.73560495880159	3.2469621540755	2.256803970647
-2.15501161160876	2.26191495553478	1.86104997478694
-2.93927485365844	2.46329266984846	1.36390913950528
-1.08086922280008	2.06896451663493	2.15142988413309
-0.884119468322639	1.05759640257318	1.94773500410668
-0.217302739381192	-0.0728370712497109	1.99689627215226
-0.963522770203659	1.13719109841555	2.1509525146768
-1.34058089016949	1.0388632771929	1.48471828298326
-1.06288459442213	0.00233128459278298	1.83826908283463
0.663801463332331	1.56447622596911	3.58202081142954
-1.50493148804969	1.28876188563165	1.69845792523838
-1.72620523785843	1.42740950829955	3.31659872451242
0.16100558440139	0.194443836635069	3.70866053505282
-0.686891046228019	1.29398751920902	1.83418173374453
-1.1805456269924	1.93750749156094	2.58484907707603
-2.92756062531371	1.20440693391394	1.12843787335028
0.218962378895304	0.570955701974974	2.26522824472516
-1.25630709471494	-0.394675682548797	2.29618639635182
-1.54080585748205	-0.120222307271447	2.7265567403099
-1.50029612783659	1.73859384546195	2.33539793398593
0.00834070534929565	1.55450634663093	2.37671773372887
-0.370644083513101	2.43684696053148	2.17012071583719
-0.264312805185692	2.06302819433493	2.51251732430014
0.305740160848934	0.933361941699461	1.86248886929851
-0.261015734195631	-0.641774240375812	1.3484330789298
-0.878183616730468	0.955662673964253	2.44749670743927
-1.2447425174329	1.23756987409636	0.768342622994851
-0.452582141218705	1.7593687547664	1.37021110487567
-2.39577741910568	0.620310133417883	2.99669050388737
-1.05433122128207	0.635615621553067	2.66823466719688
0.279997458804929	0.794549362090807	1.85973675919331
-1.38110951937145	0.848969486565563	3.05131311255929
0.813717850054461	-0.154204590109343	2.1884248623335
-1.25406288769833	0.147126261340494	2.51587070304218
-0.131134039647928	2.08425022779365	2.84223640534659
0.180769023176311	1.7719812804609	1.77252030674679
-1.43036092764174	1.85315637241316	3.09053118510592
0.607486194990484	0.685599464909145	3.50580080413915
0.625308117136158	1.85171811444183	3.87259746569441
0.199198653605125	1.20184614132243	2.90560258552483
-0.0151702141111194	0.50385584025223	2.17129859158477
-0.815950439886101	0.716229725250336	2.22669282250803
-0.125776864284187	0.581550752165701	3.09247846294095
0.443009527070415	1.75902311172951	2.36617139396794
-0.646733041657497	2.22203477638071	2.6431718948848
0.00385584606248779	0.794916727712396	2.89910240191922
-0.811726678331939	1.2421259155489	3.53058441004184
-0.538692241845049	0.822570032384243	2.59333101901927
0.180953306381098	1.28118670245686	2.57915045724254
-1.04808614338206	0.837375686947247	1.54173286895071
-0.0547941235464987	0.441098216550245	3.18721926098101
1.13940696448266	1.62944279231079	2.98491873353363
-0.134933897746765	0.905484015662302	3.15351085537783
-1.11437689084131	0.392647731322263	1.15100068817481
-0.94652195309262	0.656672879144716	2.53740968709646
-1.6866612598109	0.951738583056146	1.39493607701472
0.73160333495477	1.56426686685342	3.22234322970036
0.54199924377346	1.51235405838287	2.95461623120972
-1.87373368483296	2.13774323657777	1.2455995995907
1.01647756931596	2.70873706457482	2.37571333290539
-1.13125605498037	2.60412965844169	3.55445629148217
2.85545599117943	2.97440386549754	2.36532307767412
2.18249602243778	2.2144006254384	2.6555575221657
0.337392446024424	1.40980553837636	1.42635430633763
1.9808181116424	1.6888091062461	3.0194676832112
1.24507162884976	1.08563153451022	1.95745355388102
-0.159468790767191	1.04458585208518	1.65962066071277
-0.799407561839529	1.44780396397223	1.67586989776211
-0.893809870045905	1.58685989292021	2.78154863888225
-0.713687881904408	1.69994176727675	1.526200750327
0.552315136829442	1.54531898228643	1.57721458520734
0.350527249415943	0.878096545436465	3.07403704769805
1.06874020514176	1.24980174975591	3.13821152242533
0.984905983669481	1.12625896401608	2.44680368819771
-1.15106145442969	0.683070149436176	0.930268358316172
-0.940686956157105	1.18551928222421	1.18001491853437
0.775409813383456	1.05420958905454	1.57023247058514
-1.67965807982171	0.703717188841746	2.55621140711668
0.309186133872966	1.26799059319008	2.02847295111715
-1.86435734076811	0.854491728133411	2.45127189836628
-1.09442686354731	0.762359663206714	2.86949277809866
-1.14620501332515	0.477848710158887	0.811798738645369
0.762229107502792	1.1990062325061	2.33672720524209
-1.93275680812461	0.777317200591226	2.61388387445901
-1.06844974893515	1.36841699758531	2.47597962054382
0.543638330142199	1.07606889175955	1.58608152357745
-0.42667873735653	0.843773411927072	1.32729292691626
-0.241878286321955	0.840634010319346	1.76730668058547
-0.692965803468715	1.10354099168135	1.71240027274975
-1.48095441069424	1.26218652120491	2.23916876089928
-0.8797445408726	0.679436439543616	1.53838999539041
0.21891977913899	1.88732290557712	2.91403894842427
0.646957728219169	0.834302730752837	2.21983679958532
1.56516152590617	1.01121061458545	2.30751228644905
0.337831581277819	0.688492622162316	2.22758790766711
1.46267371809973	0.515647899674151	3.18595134849507
-2.07625764831104	1.34994580342666	2.87312848456542
0.113147567326173	2.08843869238829	2.86655407875753
0.544230762689826	1.30465698955081	2.78818744398083
-1.5077450931616	0.147778122796047	2.26127151513545
-0.926152452291192	1.21142508177439	1.41033135090603
0.0556310071834729	0.332467827684543	1.13701063518261
-0.611728984307356	-0.279710531616108	1.73899948390555
0.932907422532818	0.745256210148549	2.93844020314511
0.55688569501431	0.0905118359712728	2.8402655460668
0.472246486774742	0.111482914214438	2.95431461598918
-1.00373572659435	0.385476757051892	2.38468690907816
-1.47535263313283	0.426731341590496	3.10503809605235
0.874405312473817	1.27630259731041	2.29897712785423
2.05435994072338	1.54645893617184	1.65294394457661
-0.464852289172932	0.299332397353599	3.11081474773354
0.173394843707488	-0.0676978804216417	0.675303669873619
-3.66478629941361	0.127967667254286	1.52070241637013
-1.29822553388576	0.18544849395246	2.24306935376957
1.46403264559535	1.60459521337336	2.06628029480841
-0.371555487259958	1.51387134100115	3.05070415104284
-0.862691146971957	1.0509831121726	1.89430380616499
-0.568153929968458	0.475980678524729	2.7695434251903
0.638358046646055	0.550356517050959	3.7940981625855
-0.452863179731621	0.991018480883435	1.80274070782365
-1.12678493765109	0.296491743341424	2.0817824911975
-0.271649695975471	0.037631766417032	2.00965082258498
-1.82229991523268	0.217020096534148	0.883647425746988
-0.0989989408989197	0.883096453397146	2.41355556104694
-0.0631450270962219	2.19498683319815	2.74123710607333
0.611404292691686	1.71409339865495	2.56182247177967
-0.132762118366012	0.383354362797124	2.16049192306716
-1.06738786256173	-0.334303266557837	1.95556099177766
0.860784572229595	0.303240436574657	2.74271470026049
0.927401176879642	0.945303490645412	3.25102930187007
1.2829747609813	0.290540289103852	1.81863568139195
0.24669946384798	0.280070911068064	2.00234813983903
-1.43026060315632	0.8886131509399	2.01652735890873
0.62554752956065	2.17010922649922	2.4740891955893
-1.75820262407391	-0.371876306490602	2.94151277993398
-1.64808861519059	2.34669482028574	2.88738277096048
-0.805078753080157	1.54984055972992	2.0187908263982
-2.03716217414521	0.844247372365681	1.44881771215609
-0.056712489429797	-0.531581104886404	1.52859954063912
-1.78471758178713	0.683047656395962	3.55924549793053
-1.24467648166331	-1.32851957075848	2.55297735994873
-0.980982382474636	2.4056183894734	3.12555094802364
-2.60349656265415	0.636330495226457	2.50967520892759
-1.35039522589456	0.683317978348265	1.7519135449767
0.153554924826129	1.2808733826077	1.72727028861123
0.98272363433631	-0.0754097064447315	2.23414900491785
0.27838281375279	0.562809948643465	3.05142172386171
-1.58645385117586	1.11248137377449	2.46558209102434
0.900764514618145	3.02749374574926	3.47780693055641
-2.37108410915458	3.78454590929995	2.73475380529967
-0.00168976417412425	3.58573898491054	3.72884324356565
-0.527235126767432	1.89246417251899	1.72332226892543
0.349636635590285	0.669015592842474	2.11958604606893
0.191214267404811	1.33095148302162	3.28747368028467
0.722987042301942	0.0205988338526156	3.59637295118405
-0.673934089083681	-2.0015024783603	1.7783601273073
-0.692698864349497	-0.899964687416451	2.16792032408885
-0.748329298639181	-1.02462436289902	1.74897395880464
-1.54798984313422	-1.10024858775197	1.2492084003781
1.81318646569574	-1.67071375138193	4.31775663626546
0.0708608582118226	-1.80904239114607	3.61445019806611
-1.41339853378644	-2.08206681505357	2.86108887712658
-0.890606348109686	-2.00915331173498	1.23076918134189
-1.7527049490749	-0.572266520830954	0.917503439714086
0.116216992974971	0.668205815533718	1.83929678391036
-0.738721674090038	0.345610386672228	1.12667721338809
0.193434015499025	1.18941886337664	3.01604022668874
-1.61770972233388	-0.11368323108438	2.1443528030843
0.326705953734633	1.00117576449488	1.82085874128052
-0.0755016669887412	1.81076510609092	2.698117587472
-3.57564431101519	0.850840777609122	3.66915350151281
-1.28678076012309	-0.129898299380191	1.18915663319617
-1.88696642489858	0.618482275721496	3.89352577999732
-0.527570325720887	-0.700954319347033	3.87005138427706
-2.96914106731639	-1.12212892643752	3.48710397086774
0.0431123248340825	0.46699689047419	3.06064694115042
0.877428520726735	0.0925644079621467	2.23461718419236
1.47069392099758	0.666186256235848	2.61664778512034
0.263156705446026	0.00259895035410684	3.14150771926253
-0.626894073407735	-1.73548611654077	1.30814265858141
-0.510859231972843	-1.20942847452307	2.35880180313733
0.0195192478216508	-1.32388828016955	1.11895746329759
0.414914060565111	1.56178317671298	2.22003383940652
0.433031781866718	0.862320979750651	1.35161114621997
-0.712562929383943	-0.456642405841015	2.11816018268881
-0.759425064500785	-0.673060859256976	2.3038562473785
0.195777554972838	-0.431556729557908	1.34258826151454
-0.372512841784094	0.251420484358805	3.58934149107428
0.658121066740862	0.460175326417019	3.22106771527342
0.0459883856975303	1.26331688452268	2.44791129485591
-1.40765646517628	0.140262809457218	2.25682250563875
-0.268666830287999	0.142459808115927	2.35111571100662
-0.880699101207093	-0.842960076374425	1.7845895679719
-1.72516522947592	0.112272022226414	1.96451802361182
0.896408757465158	1.2537996887875	2.5195659852543
-0.225123454271859	-0.142110706591159	2.14737536480637
-0.0215327477191351	1.07540228671489	1.82648345280217
-0.83421151726096	1.46324791944287	1.87180095006399
-2.71193805509616	-0.255153294952031	1.6203197024462
-1.16859856014668	0.697863855401538	2.22947294510242
-1.10735777993749	1.44200926263005	1.74657335802372
-0.575452174970644	2.55060814938373	3.3047698629363
-1.56771208371993	2.40239005739249	2.78577220405715
-1.12786122345852	3.17894315449846	2.90459457423667
-1.96203112867842	1.7256321210289	1.60538126750714
1.275057948769	3.82886529703868	2.12874467029173
-0.69730485641478	1.86889490359839	1.69805919512933
-0.115305005601042	2.19751310584235	2.36160317375426
-1.09387598136733	1.16557575507537	2.33040467442018
-1.71617378564146	1.33662611770091	1.30339585916679
-0.601268042275878	0.770612725437339	2.82670912290523
-0.969374342339963	-0.335373245774702	0.36181142321319
-0.14319294022788	0.274724482568291	1.28239775629808
-0.956973720595443	1.14269599930555	1.28381455651192
-1.14440455026273	-1.26668491455288	2.4623674900247
-0.17705089054649	-1.08317417978767	2.4677470516962
-1.52618738548481	-1.20973795988128	0.294324932438069
-1.90518277466508	-1.37437116500406	1.97945516746756
-0.407937981603911	-0.551250299797186	2.50916172904038
-1.32808406231094	0.335891353305253	1.97603192816225
-2.05628779144504	1.25527364014174	2.33216830476016
-2.16806054472697	0.798561736771401	2.78056199462041
-0.873619151976543	3.35131344986304	-0.268811428579864
-1.75800733604213	3.06512517837462	2.9098609645762
-1.68292204374438	3.88878984880074	2.60864632879156
0.454435718213138	3.58247914645309	3.02928334927808
-1.35515220909104	4.42993660926953	2.91523129607708
-1.5854340640314	3.77774498293407	4.49324999755275
-2.6289749871579	2.05873897253232	1.75953977572776
-1.61903581735607	1.67128974667927	4.0005099392404
-1.21622661907437	1.27534549571694	4.10152915786646
-1.75407483464471	-1.08258342484185	3.15038750998261
-0.747481122947952	1.19859374226008	1.50555894291673
0.0948098561271991	1.29606349413376	1.76268298251108
-2.14602764881466	0.859398028169851	1.92538295103292
-0.318589414338284	-2.51484400104373	1.11151501069798
-1.33003196170765	-1.09947241449707	2.66747599452065
0.0175487530277043	-2.46190549064726	1.17930354694786
-1.10608022379892	0.000212379299648902	0.885883770339044
-0.933312588986144	-1.17957187439537	1.47601728396351
-2.04667394773648	-0.0240189973147393	3.15077933688634
-1.58173210650232	0.40037987353123	1.9995423620827
-1.01128328711311	-0.284712836395157	2.16010371545986
-0.0910290520065096	-1.78776820742754	1.32374884444928
-0.506391938778842	-1.02529063791001	2.73224869499834
-0.614365945317778	-0.337387589874483	2.50294025545294
-2.20179661775914	1.24776347257473	2.16018655386066
0.442529862069102	1.24810538526852	2.55725530490627
-1.84699548603654	1.52504285523353	3.07904894833113
-1.19524847683252	1.27804953303599	2.08027648525924
-0.97551902173469	0.939829486393906	1.00401762962523
0.102854191662353	1.43750157960971	2.06692243989425
-0.654251079367954	0.51469873031594	1.73793436124053
-0.36326819901838	0.043877079258566	0.742128156214555
-1.08473170291472	0.303197338424213	0.0431414129153048
-1.24634794047379	-1.2743553326465	1.19500656632185
-0.530262376769109	0.637239476123064	1.93055220974557
-0.212098072966599	1.25881267282459	1.17163622580805
-2.39337554498932	0.316991400880988	1.72355127117926
-2.52153982229162	0.126590940091673	-0.428599694034233
-0.925866689480035	0.221784073898917	-0.873468036782158
-0.299411025172466	0.535976257148125	2.35430591600708
-1.04386981987724	0.074719431886146	1.57079657272281
-0.518622170423808	0.0192080300761868	2.275796129865
-1.94098834841862	-0.641382920156445	1.31731651263452
-0.853018366034363	-0.293092780046847	3.88088861719292
-2.44513497080203	-0.073383609419307	4.05432881053997
-0.259248550823413	0.943443449648403	3.51384002331631
-1.19467368321067	-0.247386766428666	2.38312552337244
-0.58125170997321	0.663549772414259	1.61725989061958
-1.83884539738709	0.398803470826353	3.8375804105756
-1.19258989682433	0.371110425225081	2.17832193740046
-0.300787805804482	1.36476891627527	2.56071278612973
-0.652796998153932	0.919842625036056	1.94937309016662
-0.392036706195167	0.589692614741797	1.59043309452473
0.283666695047062	-0.415808292173709	1.62241305449623
-0.828445712440366	-0.475274746752112	0.190578155840951
-1.5474526615887	0.798629146610554	2.87492504908354
-0.753803190238131	0.64760543796287	2.7757515577606
0.506586596487791	1.46899121676272	3.73546040498462
-1.80698211613145	0.50336950438743	1.2190989447824
-0.688428223022234	-1.13398618261175	2.1285415528193
-1.80891953628767	-1.7499121722906	2.00756864750154
-0.918381528190039	-2.44180124091832	1.85707074877758
-1.568415281004	0.249208496883384	2.31918450106679
-1.29701866321863	-0.335792114018191	2.37761710284153
-1.64090246174324	-0.961668358129769	0.998755496582973
0.515095846120059	-0.854767191513855	1.72164813404875
-1.2463520914103	-0.712752663816136	1.19629758034181
-0.350074299654092	1.7708368397021	2.3926600261737
-1.02395597912348	1.84297180504849	2.60518461327181
-2.1740478492394	1.82386824830341	2.77135749955968
-1.62854414826056	1.27105306322844	0.477146397221577
0.43929651246006	-0.167535680578311	0.551324381660859
-0.833068003919349	0.554832284870859	1.18668827760769
-0.395226846491771	1.11660400342511	2.58270284092382
-1.16298352207775	1.1477588804537	1.70153999364584
-0.535733868787728	2.70835206996097	2.88372188311991
-1.87980546122702	0.629288729386015	3.18224521892464
-0.716653056722059	-0.557172048528358	1.60071891917211
-1.95549354234528	1.36809584295041	0.584505251209946
-1.88578723732858	0.410642643277106	2.45673446925476
0.00118012234134335	-1.28655514300417	1.84938434842783
-2.2845917584782	0.523683529609039	1.54938197302666
-2.16668125432043	-1.21793669745391	-1.12956920361037
-0.331303735110332	-1.5868465675195	0.391867894331709
-1.51246568329832	-0.756957733004268	1.98169650647473
-0.618095149946149	0.569904252631797	2.80337751505209
0.177283280376009	2.35093149106268	3.06035976160922
0.581069662933339	0.405404125980235	2.15880526891854
-1.69113571008605	0.0897911516558529	2.94349586560418
0.172726661810608	-1.0255907821841	2.48157286472016
-2.30803322555595	-0.557330202508996	3.48725243116157
0.508554415688257	0.81695525448572	2.00105000569002
-0.777237220748037	-0.826418082045088	1.911441632094
-0.799616673523832	-0.45608951355627	5.06159191371644
-0.193543609704276	0.235741367512183	4.36897617107228
-0.342102444555764	1.02187489189288	5.79534051827801
0.0466490686102365	0.883940459343083	4.17000175219625
-1.15695146844457	0.026260496730123	3.77897062269698
-1.05545884420342	-0.0953933954664931	2.98380148345474
-0.00175853920133151	0.793413762824789	2.13869075457845
-0.534233098782149	0.941429513772114	3.3305697536062
-0.760888445033562	0.37854897024502	2.57400260906869
-0.675381164383031	1.44322965266353	2.1942577789817
-0.675381164383031	1.44322965266353	2.1942577789817
-0.346878745511603	1.46933739964445	2.70496924510822
-0.948388567433724	0.154515281289047	0.846807054153855
-1.35528766517192	0.512949583820583	1.19228573312878
-0.477244645687104	-0.153256366450799	2.80588490240822
-1.04715032486485	0.676661264039895	2.04461390558773
-1.38149829059868	0.248818408877358	1.94215671395235
-0.0992873341311604	1.3582182514533	1.67783140490997
-0.543405914042098	0.455196328033742	1.97905058368328
-1.1391930224641	0.253526227731593	0.77433069072761
-0.976666798095651	0.305447032448518	1.61142166570289
0.830445355112021	0.195921421773631	1.75210401037483
-1.88392259439342	0.565755038342873	2.22968094705273
0.683114888396975	0.340106690064528	2.41645630470394
-1.22128312505566	1.94367683738889	4.25507084028846
0.724418260734211	1.23105480302813	2.09643696327991
-1.5074695959925	1.80363903038995	0.475912941133736
-0.460684525307088	1.24910656810256	1.35901818618679
-0.389282632595076	0.65363415768609	0.6622185530396
-1.41955898626	1.24462542171873	0.689830189321532
-1.66788506356501	1.4464838034298	2.78172504590379
-1.84194964208931	1.54290908789714	2.60782046405054
-1.5549248143668	0.146449845107507	1.05341329922935
