1	1	1
1	1	1
1	1	1
-0.940091000353353	1.97019225603826	1.26897806944362
0.918141454429304	1.149083342477	1.51824514473041
0.910691795530752	1.09784790433788	1.17248728054711
-1.40445506400655	2.04847426120036	0.100661409041011
-1.30842808132893	2.14397388820578	0.37153116562337
-0.712976093883248	1.4818072936022	1.11951942965398
-1.01722946384848	1.20780341525115	0.920909611517347
-1.24389303895801	1.6503595255502	1.64011673359361
-1.13836241521732	1.59771245895634	2.22982444712346
-0.293552652074971	1.79166576878147	2.01607798596011
-0.0725787472272209	1.60469484924045	2.17580355922322
-1.61762129385204	1.47223950420087	1.07369756165627
-0.919803714938622	1.707115027607	1.3967892295242
-0.919803714938622	1.707115027607	1.3967892295242
-1.03073237332221	1.9297219270397	2.311161299863
-1.11855420768743	2.27070429918603	1.32556547801964
-1.78084060875312	2.2112646363157	2.65874240193376
-1.69707274503044	2.05788434503058	2.8835922135988
-1.5033327143545	0.16602207228551	3.59153736458594
-2.10354090924389	0.578336018319608	1.25431537019262
-2.92848121171621	1.16886731634113	0.357369239255452
-2.50815748739626	1.24599285417033	0.691625757402985
-1.14726767169639	0.395162127689355	0.578009285842965
-1.47635257857569	-0.0970945523628504	1.69918513526197
-1.69421535981955	0.909876330372458	1.17126690236762
-0.937229111448681	0.853035125106419	1.72592461044654
-0.717011865622117	1.03175201134193	1.87732761888304
-2.63450226205348	1.64182107768224	1.45805029508553
-1.49058216319584	1.18305640670483	1.11376693786529
-1.61479173777593	1.04786169945019	0.826226839569355
-1.61479173777593	1.04786169945019	0.826226839569355
-1.72205469496944	0.718183688882624	0.703491565336784
-1.72205469496944	0.718183688882624	0.703491565336784
-0.20123067467403	1.60175645751675	1.74256280733744
-0.939227884852689	1.35557790819697	0.85262927832686
-0.939227884852689	1.35557790819697	0.85262927832686
-1.18341481755189	1.41885177867458	0.976670985526629
-0.177489993634469	1.09128589816132	2.28733858571569
-0.539276957968245	1.15795038562233	0.791216091316145
-1.59091068657729	0.883129094472705	1.26334151881428
-1.59091068657729	0.883129094472705	1.26334151881428
-0.673888919142434	0.462288796257961	1.39162100252314
-0.673888919142434	0.462288796257961	1.39162100252314
-0.673888919142434	0.462288796257961	1.39162100252314
-0.877254517181232	1.18189592842661	1.52658236965619
-1.64797069625642	1.45457313867151	0.873002456525621
-1.35081584391475	1.42469322844324	1.4153014467233
-1.42446610884958	1.36843451394235	1.61362005046094
-1.00098112356919	1.88475222173893	1.40997851946902
-1.08633718845882	1.24146250639659	2.04542379413573
-1.28119500428457	1.27384786542644	1.92927099383395
-0.583752784817396	1.37866879120356	1.21367339325817
-1.41276208067035	1.56750751928111	0.0613088063424685
-2.10426942353966	1.19367615935964	0.494287372643446
-2.10426942353966	1.19367615935964	0.494287372643446
-2.13698366346706	0.513573936210588	-0.370736911105261
-2.13698366346706	0.513573936210588	-0.370736911105261
-1.84950234046507	0.487860197672698	0.233240532133934
-1.84950234046507	0.487860197672698	0.233240532133934
-1.84950234046507	0.487860197672698	0.233240532133934
-1.84950234046507	0.487860197672698	0.233240532133934
-1.73289554559583	0.257074625889455	0.42778828960221
-0.884968091042692	0.988581040036137	0.55077726919778
-1.48109989454116	0.439811045829646	-0.278850044744104
-1.54830580921847	0.411741218409395	0.716138630183843
-2.5747135493657	1.4467062085852	0.997926408089319
-1.19817510500098	0.862359393600406	2.34767272338543
-1.13247004404927	1.40930000011429	0.894439542702899
-0.868347572700865	1.22797540563903	1.4710024334963
-0.868347572700865	1.22797540563903	1.4710024334963
-1.12250339096538	1.04578053789162	1.34123961910202
-1.20318655071746	1.39974692822156	0.431752927126231
-0.607532639361163	1.35491336527955	0.951082166430688
-1.48266398250747	1.39188348847184	0.579527606649337
-2.23038874954225	1.43286427305829	0.231847200311183
-1.55988359995379	0.732381594616563	0.69073176155678
-2.49304776466286	1.38175108185611	0.943963852586507
-1.39409167277617	0.540328026133978	1.04456722742179
-1.39409167277617	0.540328026133978	1.04456722742179
-1.08596763014095	0.126794149739468	2.3988624051932
-0.225175613395006	0.302013411691125	1.90587949369291
-0.463393070977677	0.549772626417526	2.08577667403103
0.246739326691737	1.34587494709388	1.66526237131267
-0.664572925425302	2.2078877254846	2.191214362247
-0.65601657053885	1.29999487666178	1.46021978576426
-0.65601657053885	1.29999487666178	1.46021978576426
-0.65601657053885	1.29999487666178	1.46021978576426
-0.0951914109321329	2.05286390544038	0.664592673099932
-1.18056564082344	2.37217416854741	0.539758574948853
-0.0922934408497627	2.22949190835948	1.52822811476794
-0.0922934408497627	2.22949190835948	1.52822811476794
-1.18544186229284	2.02601468072845	1.98120313659173
-1.0884845025268	0.753470920412616	1.74499730495887
-1.68426790778536	0.893226063814241	0.613598123466981
-2.51950995743159	0.933681113255739	-0.110582294192807
-1.56837437801046	0.687875847460206	0.804101544612236
-2.74084878668613	0.329851080992725	-0.205314002594744
-2.08069293687126	0.152882202426215	0.306566779875127
-2.23489173413098	1.11785714097542	0.630280672881567
-1.36277918778559	1.34470471283728	1.26317722359021
-0.358531042920587	1.04102703081312	1.40757231461785
-0.360911185918192	0.588378517970308	2.41446681994249
-0.825546027613607	1.9192533081281	2.38047126155051
-0.77749747411931	1.97583381907771	2.32811125070077
-0.344725428644974	1.92341480121467	1.33884898984437
-0.344725428644974	1.92341480121467	1.33884898984437
-0.275256640357665	1.49423266511468	0.731385988383694
-1.4461225534932	2.07076900479243	2.22716198136198
-1.02083332908518	1.49429992270641	2.10900919377718
-1.24271083684091	1.46824426667528	1.41237635634323
-1.35161545525311	1.87325346947172	0.638586535195075
-1.35161545525311	1.87325346947172	0.638586535195075
-1.81102411424058	1.84008893891279	-0.42969913230952
-3.26491376560714	1.16771120198609	1.45539774121491
-2.47513309765842	0.955794587184296	1.65230996345298
-0.947100228905006	0.397290315300723	1.69118948665408
-0.382507440454957	-0.392691542764928	2.2475669543551
-1.45711097271104	0.329683637176827	1.37290620954053
-0.876374968903686	0.0665767152626569	1.06937283903938
-0.563590001129829	-0.226708106558641	2.79535936781591
0.164426884725903	-0.537935383128084	2.83023176888966
-1.87528058424542	-0.0187765492278588	3.01370564594672
-1.89324805098582	0.843908294973299	1.3474077345233
-1.13796306138137	0.389555144297479	1.85019849512329
-1.05858669837068	0.0276779962593166	1.17685756371202
-1.8419023873694	-0.0714369970855169	0.234461952004816
-2.03389713916074	-1.0529623267644	2.0455400321425
-2.25876185817178	-0.294957663362446	1.30718594664765
-2.45414094263202	0.307269377215835	1.0193700034851
-2.49753127541739	-0.992029725348902	1.70936549926175
-1.45600185038194	-1.11696807230385	1.4782765259701
-3.32125132102803	0.965757980592047	1.33036472065493
-1.03658956364209	1.25010875043427	0.821939192317665
-2.45432887942122	0.872614989249304	1.10565332825744
-1.32993843627092	1.45067483058866	0.818554996291646
-1.38719155470032	0.521812896515081	0.570204837097855
-3.36541669578751	0.843973922978167	1.39345518947519
-2.87231987502264	1.81389722171066	1.49306635930297
-1.01643312325138	1.82902344175538	1.75483201483612
-1.01643312325138	1.82902344175538	1.75483201483612
-0.660082524082452	2.34512128199354	1.80747726019681
-0.637554160959927	2.56322613462209	1.99573080986906
-0.420708148528688	1.86326459060873	1.62438296549782
-1.88231828036961	1.64315004271522	1.78283034512754
-2.07178964502325	1.58125987146018	1.60319726918843
-2.1195687709985	1.16554981299183	0.531867065536115
-1.25691071156363	1.43890498309897	1.45816252045498
-1.06086130925056	1.18147506005214	0.370112737538682
-1.05220133355004	0.702655193064731	0.786891158561244
-1.37793886525134	1.49863199433579	0.577091406034632
-2.51719659372061	0.0232390095541115	2.13119679951921
-2.74167064365259	0.0488537721719142	2.07217653856848
-0.437564167062662	-0.429222960380122	0.849531298487733
-1.93454879215534	-0.373500627647653	2.27997609644774
-1.28403174976195	-0.517723549369609	2.43516195564575
0.362987934829823	0.465556248446408	1.6363647670924
-1.98589468185727	1.22681598700236	2.33615541427868
-0.159834818264165	0.883849351951786	2.01528850294809
-1.28331159096843	0.87182612931181	1.84267994215621
-2.37451327476107	1.77189580077615	1.93847470219456
-0.591516579218266	2.01400882811813	1.47831041420899
-0.960764008111544	2.51555876646282	1.70485328985007
0.00746100852321285	1.55405841058284	1.83516039933573
-1.00424888431514	0.878641891116908	1.67495863575284
-1.25230072025904	0.4984974290142	1.594629077703
-1.54253656094082	-0.108989596182432	0.644511328935318
-2.03835552900329	1.60934737857665	0.556222258213484
-0.794614813694883	1.22218493140797	0.989694064295486
-0.42614946213474	1.29209498156108	1.35955426285402
-1.59580585666893	0.0988624640314577	2.09363389197148
-0.580037044963348	0.14645243595547	2.72604154572284
-0.689413695051166	0.82823914591841	1.80198009780051
-1.26749233428482	0.301887912943652	1.45263951011402
-1.26749233428482	0.301887912943652	1.45263951011402
-2.27049953943802	1.65968685953726	1.90227993998715
-1.83583877078537	1.99703132517902	2.4321689047556
0.0131125113423174	2.16152154826952	2.39245995100604
0.211613048011951	2.14834485523456	1.97737070326808
-0.666133656720384	1.63598557779615	1.30228430233287
-2.56397855510753	2.5559430616712	1.62570343100182
-0.425394634083626	1.26477731417218	2.13231739425462
-1.38803235438712	1.14558050624045	1.40824396070949
-0.577560569636126	1.36559503373862	2.4233618846164
-1.66971300959101	2.41290067424447	1.78443217900371
-2.96397665433591	2.28651857033654	2.55870185216249
-1.99214407913147	2.31922941910996	2.20976364771141
-1.96419416120143	1.83122011580413	2.18211609137013
-0.537604245101137	1.00494750741171	3.24615016816344
-1.4699423307111	1.73085825555113	2.30696881296335
-1.29548467888416	1.97905686606056	1.89570684979148
-1.1341284591869	1.75200736563141	2.08131461355289
-2.19753636917653	1.0286228122665	2.17237135727562
-1.73735409482287	-0.234606946348144	1.88191808375008
-2.49846795905447	2.02754711572007	1.60004676283711
-1.30601399043211	1.56530998656959	1.4524717810932
-1.30601399043211	1.56530998656959	1.4524717810932
-0.799566105721088	2.17022477907511	1.35724555825012
-0.786967526079476	2.233996524359	1.99043857346107
-0.643732231569749	2.41895407311833	1.78494673019093
-0.527643419883651	2.16543427430289	1.71905324132101
-0.968076692898104	2.17761848512779	1.20049217429055
0.264730393400613	2.79518951011539	2.1683331406652
-1.00801303863424	4.25620711637152	1.28360866286081
-1.4758742652942	3.20230006038507	1.44739262638182
-1.72979924838139	2.28846342753156	1.73742754817166
-1.37937626801852	2.84122740458954	2.15766636093529
-1.95180924289073	2.989769234459	1.70534135916013
-0.633543603040212	3.13541374637469	1.94752951818933
-1.40175114187791	2.21687646226059	2.26387876243252
-2.41285928231598	2.4015739187766	1.89224578434789
-1.39297735222013	2.64874765373875	2.07643081113595
-0.857806246311916	1.75073703790411	1.88321561064728
-1.31376673443399	1.14244272129683	2.15643248748484
-0.220650399682846	1.77803908359843	1.08636434722098
-0.329594131089891	2.44785079633678	1.25775985766318
-0.276516906022415	0.658919619322153	3.22603543783834
-1.06267020743415	1.11181033014019	2.03895426118786
-0.815699981277709	1.11347542994963	1.67707601945912
-0.126302027726708	1.2509526430653	1.79997417102839
-1.11425849975147	1.6890529946698	2.53878914935332
-1.11425849975147	1.6890529946698	2.53878914935332
-1.96280774502362	0.20709285384113	1.57915014142783
-3.06024063200338	0.243637176382278	1.19534863342898
-2.94777640781514	0.754631587785037	0.833333191321637
-3.23263696929949	0.842207210217395	0.902508811838076
-2.07733274167795	0.424855491276856	2.35243280421831
-0.943102502582652	0.0242285538060053	1.93863559007921
-1.40108366405655	1.2450262659017	1.69856363084183
-2.35726751738659	0.414627375228209	2.46290942714471
-0.659426180855995	0.213817018404763	2.21417308615142
-0.659426180855995	0.213817018404763	2.21417308615142
-0.013924372210913	-0.950206615367335	1.39727489365977
-0.895385642405262	-1.3551194219383	1.71767214038573
-0.856505329181711	-1.01401532104307	1.61259021756235
-1.0555445213331	-0.851578317217877	1.12941260115218
-2.029115977854	0.3744722432101	1.25590848887261
-2.2048487692191	1.19409070561264	0.726526220224732
-3.01586682506362	0.635257102665102	1.43864799308952
-2.48558014804202	-0.160988037152597	0.780315640551349
-2.18253161984803	-0.632098976957337	2.22139911170549
-0.805725984374974	-0.778417953008971	1.98827187734409
-0.10372263670818	-0.869189746970978	2.64680910938983
-0.10372263670818	-0.869189746970978	2.64680910938983
-0.429767267519892	-1.08796581638822	2.1093055103708
-0.159473684098443	-1.53194135767156	2.43092751204447
-1.73998169130727	-0.435539404648252	1.22970261780791
-2.52038709021671	1.11355506460915	0.772149898392506
-1.74396686538151	0.76411222723077	1.11373155556965
-1.6930998594189	0.600277756850404	1.14530187325118
-2.43866156986719	-0.844644811285935	1.14148768806506
-2.54544539730937	-1.36243854136018	1.19574077984355
-1.14848576815566	-1.70491557302511	2.92836406401619
-2.23729497706665	-0.350528255096741	3.145940842297
-1.00209655475492	-0.636762455165832	3.49939662159965
-1.05393326709596	0.219652442494469	2.20407263643029
0.866720712250958	-0.999129389284579	0.899240246821525
0.899858174832949	-1.24869371937193	1.7584541470042
-2.01831467233313	0.812903536398047	1.15444583841256
-2.33847511193857	1.8848844074567	2.24459540902626
-1.94327303072801	2.11904673020241	3.16477330696878
-1.13632487880039	2.31602691438353	3.81629014143625
-0.728500971388072	2.28755947307199	3.01014119003462
-0.25961693970599	2.44017496672786	3.1219632265685
0.891058744824793	2.12126108825661	2.68262106978202
-0.334016296268618	2.70401441622622	2.17703599610034
0.00487378508868497	1.47320081821315	1.65171337773375
-0.0729598127393234	1.90268535668293	1.31881649056238
-1.98640055785161	1.73030616258405	1.83693617664742
-1.90819105725495	1.78555323651475	1.36690603359245
-1.80539829630134	1.7585603270093	1.71850878940328
-1.30100466966712	2.41020169988516	1.18259747067293
-0.166308457237347	2.02679215142741	2.90430418222246
0.367447195877691	1.65419028195368	3.49199985995553
-1.22073436771464	2.4656546502753	2.34448640532344
-0.593660558473731	1.88330170504506	2.82706879082166
-1.09857719725767	1.86465331703803	2.0422018484041
-1.30404668115663	1.66417142839891	2.16551959827653
-1.30404668115663	1.66417142839891	2.16551959827653
-1.06167387560839	1.89068913018796	2.08930986794282
-1.82185589639687	1.9507220620494	1.85338560036186
-0.932175804077778	1.68860355881826	2.17717862311411
0.446492350751472	-0.320317769580497	2.85603467797163
-0.753022347312065	0.0826241650456108	4.07825393156957
-0.975120544356166	1.23816803102613	1.72948730631322
-0.900932606518558	1.69049814372342	1.9617633639274
-0.900932606518558	1.69049814372342	1.9617633639274
-0.837761379651648	1.58054537692772	0.718885711107322
-1.76642370777418	1.62539561777419	1.39661569373618
-1.58259060266149	0.985969696668821	2.17118085464452
-1.21288884211074	0.825447758615782	3.32349620995826
-0.691467727555503	-1.43492784225339	1.81559588406246
-0.691467727555503	-1.43492784225339	1.81559588406246
-0.980199993656001	-0.179088052053986	1.5222021505343
-1.11954207914656	-0.329190981956752	1.64291624417307
-0.576569542852042	-0.291337636917288	1.43702327372076
-0.645496720608272	1.11501288885972	0.67232154085151
-2.25812111975381	1.18238457522526	0.509311288060002
-1.67580855650282	0.298168313266629	1.46101479030865
-1.15866854313851	0.125596399334037	1.80463433446797
-1.15866854313851	0.125596399334037	1.80463433446797
-0.203084898644637	-0.326841234154551	2.8123175842055
-1.2955706036076	0.902001309569163	1.69594167593504
-0.370161939635143	-0.717395826550027	1.66861266210764
-1.4597971637566	-0.320903524067423	2.70718599849568
0.399397267353353	-1.02587511885045	1.68712640645967
-1.87128114885862	-0.986277207415859	2.06341729001662
-1.44667113446941	-0.615483115462842	2.52692420691502
-0.852850380250951	0.195715062540969	2.27508478648536
-0.31592776124531	0.614337046874745	2.59729038735886
-1.31963670563776	1.61711794751098	2.10236202953026
-1.51409131887921	2.49697755684539	2.2130546600267
-0.192034391433444	2.22534555429609	2.37258225022206
0.373852096930016	1.7412505830142	3.1971819381231
0.312585572324591	2.10179522460662	3.14814715897166
-0.297296632812717	2.59963346685046	2.07414155247303
-0.500782923078076	1.71556574551142	1.50856712575071
-0.638722350862445	0.845111393033011	1.64167995731554
-0.941465725786788	1.03990412198866	1.70048936866886
-0.941465725786788	1.03990412198866	1.70048936866886
-0.76013002829656	2.04136298066006	2.77965094782098
-0.251196500065128	1.75213304463522	2.44669180313292
-0.651326149333105	2.62217262498924	2.04265012785314
-0.492828282986105	2.16836838480064	2.09504988654473
-0.166832779976387	2.19017239051129	2.36793842907745
0.905713898759231	1.213689162761	2.83754275190516
-0.820193872955441	2.33292716960391	3.08313376547348
-1.20520380359619	2.22800437824105	2.36978453041331
-1.25401830628143	2.25084642306961	0.614255499249463
-1.33299694507011	2.63859422394872	2.07218574273632
-0.477351415669673	2.62319124341545	3.10720652595611
-0.392593974871917	2.17583946312868	2.57457609729578
-0.392593974871917	2.17583946312868	2.57457609729578
-0.392593974871917	2.17583946312868	2.57457609729578
-0.130895221728364	2.61493166712937	3.54391052693735
-0.23217607433537	2.50069736916663	2.84693911037469
0.62144932320784	1.47636214334701	2.82982577875514
1.06451287894105	1.44631946437077	3.63573988314832
-0.590694598556924	1.64019235794863	3.35006690375534
-0.219769355806759	1.32652430039393	1.78819876963829
-0.238012678529886	1.52535620368546	2.04821193904294
-0.471950520360166	1.95462759689053	1.99105835591716
-0.885980095725532	2.378450460546	2.79624764906252
-1.12752933051727	1.32138561020101	1.3076098118223
-1.26349730073957	1.8984740333239	1.29627971401052
-0.386607581965058	1.22884765951706	2.0406593616505
0.694201518223813	1.60809480426352	2.4008508741216
0.203156624885583	1.27440009775978	2.72372427456114
-0.3747615664785	1.99798160943744	2.3449745943809
0.0191741278369507	1.22482754110578	2.6081651551571
-0.7740088145692	1.45162068919692	1.92173472668406
-1.31246357237501	-0.621513483932497	2.55300065267766
0.012642496282653	0.496993139127553	1.78539249171937
1.28046791991723	1.5788828978212	5.19676380539296
0.540273673518726	1.29736709691664	3.37525616783458
-0.926201973866303	2.01850406703862	3.29464995009403
0.0327283212874481	1.21537975457978	4.38073726998181
-0.176981585649519	2.11842130177105	3.26552074933217
-0.478703195086263	2.17592141496191	3.58929081196235
-0.828314956352951	1.689613773944	1.87916505138947
0.0953444297585274	3.0483758444107	2.70637069958935
0.193542314697968	3.18010350233363	2.73166798467254
-0.175154158284774	2.69420754046359	3.41561186605522
-0.504243170989354	2.46577437591138	1.7919609662203
-0.655729163015509	2.0017171591167	3.12516572849502
0.162832397897456	2.31460319414867	2.30737045359224
-0.726560585292945	1.82448289322507	2.33544005084714
-0.162451460640057	2.03283876820726	1.90253677341777
-0.968300737890934	1.86868594226078	2.20992021328976
-2.13682936310173	1.68091133943703	1.78138322104479
-1.0711591419158	0.722580493911714	1.31284007074265
-0.882819271858903	0.358779426213315	1.86674546081491
-0.725348019459451	0.540368462017907	1.44421684464627
-0.725348019459451	0.540368462017907	1.44421684464627
-1.19721752591222	2.54593302486394	1.1084606444652
0.0270177251087662	2.58721225168948	2.35806245926216
-0.449527338855304	2.16854593458707	2.50916573755575
-0.536658296578161	2.37771671275521	2.05210018849153
0.111431157760617	1.54358968144595	2.37041568221135
-0.822761418132508	1.9756271531381	1.0623490414937
-0.605746684882274	1.88201467623855	1.54187805533726
-0.6658536905417	0.749524528273936	1.76145383764543
-0.6658536905417	0.749524528273936	1.76145383764543
-1.12224010290367	1.14458533532407	2.27193329510346
-1.3373914207863	1.20328972641922	1.42060438715351
-1.61149552545554	1.27246090737605	1.31144934657452
-1.75379423754229	1.27163661330495	2.0266576942647
-0.676705936570958	2.33919526827679	2.54125001142689
-0.884766577956933	2.44512185693809	2.19514771791178
-0.884766577956933	2.44512185693809	2.19514771791178
-0.884766577956933	2.44512185693809	2.19514771791178
-0.79163214058701	1.55008853222329	1.82867334855116
-1.44176040336686	1.5854916757468	1.67148688416098
-1.3013031826457	0.672081727870587	2.66210565083792
-1.63938824777912	0.719653464228165	1.5684780960898
-2.24169906992109	1.24066780382105	1.34616066795631
-1.38300549035887	0.560394211241027	0.985227027313682
-2.0199887217364	0.62864115777524	1.08538218392032
-2.18063742341517	0.117368150633696	0.153527332210537
-2.56852222952964	0.682250637404092	0.117359696147445
-1.70041832824968	1.03480671220618	0.342837718253855
-0.377623546803263	1.42588833311437	2.24931685621774
-0.776384377442918	1.69566413085651	2.24611744559
-0.817925641355856	1.83016256693958	1.83011995185973
-0.197990938879336	1.1332192418722	2.36251227064396
-1.59425905210415	1.39244889517199	1.68015807525112
-1.59425905210415	1.39244889517199	1.68015807525112
-1.85077074860578	1.44768621745817	1.52996152843666
-2.15616717820852	1.32334001486721	1.39600656416882
-1.00630393082126	0.419114475036504	0.880909559525211
-2.74632385570683	1.87130781086281	1.33673082398536
-1.59593172745792	1.91624263915364	0.839560732342588
-1.08537229898695	0.924853817714727	1.3288341114012
-1.93553205095873	1.40388902233448	1.80604673035014
-2.23142816078452	0.284855954697159	2.73774815334304
-2.18791208607373	1.10759614227957	2.6914240890404
-0.629251273025264	1.08468126882372	2.28326132020768
-0.629251273025264	1.08468126882372	2.28326132020768
-1.8200148999908	1.64509509558677	2.23519971777584
-1.03925826930342	1.69436330089941	2.23501791813886
-1.03925826930342	1.69436330089941	2.23501791813886
-0.321592436191992	1.86164762812454	1.70824217778899
-0.321592436191992	1.86164762812454	1.70824217778899
-0.718858550862363	1.50080204326066	2.09323372103284
-0.584236548472008	1.96152919056031	2.54565338136593
-0.0996223383677855	2.32027282834485	2.08425554088861
-0.0996223383677855	2.32027282834485	2.08425554088861
-1.56544963867785	2.64734930463522	2.86208888039442
-1.18520552172988	1.69623367775634	4.47702393475224
-0.0146599833003129	1.77782090320013	4.57119184365658
-1.20510275115647	3.19004372957122	2.46668738066544
-0.475155458460135	3.00784697377938	1.38299352043535
-0.431118879388873	2.86746808549204	1.32284145412625
-0.448858244980524	2.43953941371572	0.89470524871462
-0.448858244980524	2.43953941371572	0.89470524871462
-0.935761149917126	1.81537356587018	0.895720338741736
-0.966351977994056	1.7928473149268	1.29312333591001
-1.26586752297012	1.30794951882265	1.73109459522164
-0.969361865487374	0.888600219010817	2.03401595198158
-0.609470733494459	0.311918161382956	2.41993295377418
-1.74225452996638	1.18083449435211	2.13529177455426
-1.29662987005508	1.08887235352576	2.29695668154923
-0.922651696866372	1.52885271354125	1.95944092318998
-1.26229789052752	1.48872362533974	2.04570271953733
-1.56535072497163	1.55663203130602	2.32944792060172
-1.05390747817295	1.05349733039846	2.59026833437777
-1.41011903689193	0.88999589025586	2.20316974287914
-0.811745623191328	0.787327125125754	1.98464857007564
-0.811745623191328	0.787327125125754	1.98464857007564
-0.140640848220529	0.985019690030999	1.62070780445616
-0.727779182127598	1.1072708264152	1.30132340758435
-0.0565006652105592	1.04606660549065	2.02288118126301
-0.151438320912968	1.52873108540032	2.0808100114047
-0.151438320912968	1.52873108540032	2.0808100114047
-0.575578202736906	0.881679158093038	2.08186916308659
-0.539470344569994	0.823077900437092	1.44369329167194
-0.15315281491284	1.32645205175329	2.17651398460712
-0.451425951582245	0.885833731852163	2.16857302119156
-0.299154977178318	1.85820459145071	1.95409058599912
-0.299154977178318	1.85820459145071	1.95409058599912
-0.505161455247217	2.24400919638386	2.11391646091654
-0.505161455247217	2.24400919638386	2.11391646091654
-0.685036180756656	2.63777148816554	2.01182423577479
-0.117047839644346	2.77217188741568	2.24580979619829
-0.598377508004403	2.04756417151439	1.58687278994176
-0.743984612317248	1.59591254684456	2.05672766197332
-1.24564354202007	1.23285981936649	1.96457132514631
-0.698262901706702	1.53749944917946	1.62599216917887
-0.698262901706702	1.53749944917946	1.62599216917887
-1.82615617988714	1.84281277430784	1.26570042677766
-1.21537780027479	1.36632749313848	1.25427709019178
-0.692210320374532	1.42909277136561	1.29157058938672
-1.05176609283024	1.99300091174596	1.28154088246221
-0.696679017656895	1.98030123301958	1.17124497325058
-0.944390432937286	1.56610903331398	0.591345757214842
-1.27726695599	1.45859213993977	2.24603290812322
-0.399442377476749	1.78864410491954	1.60311836300122
-0.579233565984482	1.19536698579118	2.12889099199661
-1.35835345769765	0.977842025241546	0.582704134609833
-1.65564635057149	1.35906681371406	1.73028416026544
-1.34915210226379	1.55439743370636	2.16532780354521
-1.22159582164345	2.06261679648786	1.38580458301135
-1.72806243306808	1.04283440847628	0.941502384011979
-1.03431579526859	0.887250860509912	1.10337996149075
-0.49067725082566	1.48814135801729	2.54502628930352
-1.39413771584551	2.21352303085653	3.31665154739169
-1.57192907447135	1.74231215397077	2.38863455293487
-1.1709642102092	0.976005648430983	0.367612875191546
-1.4599783223186	1.11017243511599	0.99746313428655
-1.4599783223186	1.11017243511599	0.99746313428655
-1.4599783223186	1.11017243511599	0.99746313428655
-1.57030325616597	1.31248288031156	1.33865733262208
-1.4399746018146	1.58534421752449	1.56349556026003
-1.93914312051848	1.29251102021618	1.33948990759755
-1.59353509974929	0.386192931652463	1.07009051574189
-1.41964676877863	-0.634755556338261	1.91629199494942
-0.504944903673877	0.286863293087387	0.935430811274578
-1.63140216405332	1.04479812089835	0.872979833819836
-2.02675704903352	1.80105912137877	1.28204144981236
-1.03967584489215	1.21289442221702	1.63896661322591
-1.16270183727286	1.2456511533571	1.32129339020593
-0.82955783537897	1.58776634208233	0.905223381529515
-0.82955783537897	1.58776634208233	0.905223381529515
-1.91840108502109	1.62318446789223	-0.164751435276561
-1.02445261460649	0.461007827214515	1.29169927570672
-1.02445261460649	0.461007827214515	1.29169927570672
-2.11981088841898	1.00573718471058	1.95786838472475
-0.553690357275942	0.600844381528212	1.85066264905416
-1.51258610207748	0.817374534199816	2.31204360390998
-1.03258926606962	1.82233800792557	1.99574994901777
-2.56780726645892	1.47153774318087	1.69773330746044
-1.81942654635531	1.1428098468008	1.28649591319028
-1.57813551654592	0.942623897594294	1.36705038484249
-0.526388676848544	-0.0982670649713098	2.17607121600746
0.273084750044635	-0.256576250863741	4.36785068385823
-0.20066328391799	1.68920401083428	2.18771837199858
-0.20066328391799	1.68920401083428	2.18771837199858
-1.14079681787742	1.58164174349667	2.00544351255054
0.47569632062417	1.89301631901008	2.25437410663817
0.131282043050436	0.923404599778096	2.13138020452051
-0.818468012149701	1.88822876431207	2.77717337620743
-0.252123621921719	1.78017813709005	3.28910114175893
-1.81885704888974	3.02207956895134	2.21260591299408
-0.675739346063604	1.84194970710954	3.35172512147211
-0.525113060133357	2.60314797925254	3.00227008909361
-0.240414262772992	2.23522558403761	2.87069590045082
-0.809946875482673	2.12726914049807	2.5545528822502
-0.137896301746429	2.61095965035472	2.16950267581186
-0.137896301746429	2.61095965035472	2.16950267581186
-0.426572583467709	2.77956435879764	1.35173671001814
-0.264697563971794	2.58626318076667	2.2724509387123
-0.195023485646772	2.11838833465444	2.06666398452763
-0.195023485646772	2.11838833465444	2.06666398452763
-0.851301654197693	2.44682372648623	1.99609940097838
-0.851301654197693	2.44682372648623	1.99609940097838
-0.0398124750388602	1.1632643319538	2.47045634410849
-1.09280871473257	0.0457297628225588	2.49498623428869
-1.09280871473257	0.0457297628225588	2.49498623428869
0.27959499782308	0.15438917630452	1.91978915979165
-0.675612070987217	-0.355999447385814	2.91222934235739
-0.19914767804867	-0.201914136560456	2.28518704926634
-0.419192055800715	1.10492223720587	2.38479951448745
-0.419192055800715	1.10492223720587	2.38479951448745
-0.419192055800715	1.10492223720587	2.38479951448745
-1.18079678180015	1.31498731578472	1.24283973826376
-0.391644462742621	0.542981528480615	2.4296778802827
-1.06447081782145	0.878766874060637	2.39020435408066
-0.267634186981425	1.69934140527866	2.46996195272892
-0.838477220429908	2.0877438641068	3.96225933916563
-0.173867288809752	1.76656346638	2.92003988679301
-1.19470517561112	1.61435813012972	2.30677599264697
-0.752975950478205	1.79129414354876	1.62734148593825
-1.13020149482606	2.63658987356623	2.5087481736737
-0.955795395265254	2.83668566570779	0.482669319619456
-1.13035285960797	2.92811831973391	1.96868072081141
-1.13035285960797	2.92811831973391	1.96868072081141
-0.966654287588033	3.2091464598467	3.44394721473648
-0.565536879680653	1.59361266412759	3.63774039166599
-0.280095623617939	2.34099202542532	3.63431707278413
0.452621063957581	2.71555521957459	2.14801907964417
0.325333564939637	1.71692517453635	4.41012308021461
-1.25895450124958	1.37085604362563	2.78896866526427
-0.46033716341167	0.983949524365417	1.57311354172665
-0.810162310753501	0.270982313615756	1.63190277880874
-0.602390176313919	0.885494272733039	1.59381235231622
-0.522707495667759	1.05765510542728	2.43152235576827
-0.466956812093052	1.16927378431946	3.33383251988826
-1.14681733204962	2.09507514794069	3.34394315620649
-0.343672641818709	2.00920932699955	3.21987291929456
-0.939033210046006	2.11286396908385	3.56766722544375
-0.641101915422892	1.09744060820983	3.43964590409322
-0.750804902673034	1.81225545134745	3.25974260576593
-0.473203646440309	1.94506063867534	1.82315067001197
-0.08465781479143	1.5967577496692	3.29104924017092
-0.173237468449363	1.49402496426706	2.28121032066991
-1.61978455397414	2.2809548162375	1.34272386822052
-0.383198351946284	0.309728080808461	1.12394164754619
-1.28136187380394	0.989090499541003	2.58793767187809
-0.179567686007366	1.13300489036059	2.22701631053633
-1.22514539234647	2.38217373364883	2.16984342655746
-0.66032956925388	1.39440786387812	1.79572128336136
-0.536798040294979	1.64681230090733	1.5657060859992
-2.07237988614506	2.45580092481475	1.87044296499168
-1.2762837880881	1.87802879232878	1.99833789193645
-0.434204672733383	1.01756181518078	2.22181763340189
-0.952322882101827	1.70205689866892	1.87965255746657
-0.419218542190372	2.05620524999369	1.51041448847892
-0.426579203311737	1.6898688818543	1.27359167442779
0.0983602640575974	1.09568479329708	2.80291873914507
-0.126405572394872	0.392951652842755	3.02093925547613
-1.44489651229568	2.0920542346587	2.18851693263333
-0.505234654826506	1.70392931141405	1.30099352250244
-1.16067848458667	1.74657852182792	2.50042143925341
-0.248231728327518	1.21653824382369	2.45577937739722
-1.46577504417067	2.54939973694819	1.5929590740124
-2.20384514374578	2.5520409915259	2.26508673675948
-1.31513367565793	1.11250473990089	1.89391055886275
-1.31513367565793	1.11250473990089	1.89391055886275
-0.635696955019986	0.987393849965802	3.25711418725046
-1.10862969881766	0.566976171432569	2.01125404404724
-1.63234664531175	1.24742117260992	2.33688380217971
-0.894453455665911	0.875022646313194	0.456941727001744
-1.4509363516068	1.76531949883078	0.949750367417948
-1.4509363516068	1.76531949883078	0.949750367417948
-0.946655226835956	1.72017708250783	1.81494213746628
-0.946655226835956	1.72017708250783	1.81494213746628
-0.571367772830813	1.15321813295254	1.02031842626172
-1.62773459287938	1.30983072216733	1.93432925813835
-0.322449893132544	-0.508080809185721	2.61048471346863
-1.40117077145123	0.111968535271666	2.22523341244009
-1.25213885777007	0.933310833420483	1.39359767812334
-2.8946835355313	0.541850629960578	0.953342236794095
-1.43837533193401	-0.794012601349021	2.19882808011267
-2.04032944573375	0.635645365992003	-0.00671326806799688
-2.23742898839324	0.720647831260909	0.357934450228435
-1.27496694014946	0.391316966310933	0.833303871561518
-0.685810724947213	0.807520176928333	0.629694983783551
-1.76002458558888	1.09770293647883	1.93170026970691
-2.63019936608034	1.49832722942515	1.38645047492637
-1.37525143068253	0.627031236378364	1.19160784048829
-2.1121592162592	1.12099846673855	1.82046114484318
-1.81204030368816	1.66346387714497	1.18722124611491
-0.976412366739891	1.61930468844873	2.35973632035521
-2.63364039466358	1.84622185684534	1.1415681059583
-2.38122160967308	0.99910922877548	0.808300988762803
-2.85771678338913	1.15020536758612	0.746863100699541
-1.2228802114176	1.0639509238726	1.11408936183497
-2.96467982380643	1.19937101893517	1.55100375036025
-1.47078623668208	1.66139931424704	0.149314091565246
-0.724193762170441	1.42154019616088	0.305967809130988
-1.74843575528838	0.895732721607509	0.43679883983348
-1.66782370015697	1.88294279245237	0.939509915729591
-1.66782370015697	1.88294279245237	0.939509915729591
-1.57239474649612	0.345563717017173	1.56607233186522
-1.392830017024	1.07138844502142	1.35971398743054
-1.392830017024	1.07138844502142	1.35971398743054
-1.392830017024	1.07138844502142	1.35971398743054
-0.457459255414731	0.831876420615804	2.13248293819171
-0.457459255414731	0.831876420615804	2.13248293819171
-1.07398117442022	1.03920134145218	1.34719965926626
-1.07398117442022	1.03920134145218	1.34719965926626
-1.07398117442022	1.03920134145218	1.34719965926626
-2.42403482701788	1.16293670693279	1.39680232918979
-4.12181131580884	1.16949355404484	1.02944215794605
-2.35334829710121	-0.0851465786072676	1.29018384751553
-1.42631906871292	0.0542705941688608	2.67191703845054
-1.96164010264414	1.20056266927913	1.11019125110632
-3.0404236476508	1.46388968902864	1.35698299680853
-0.62466458988284	1.36886977715637	1.33275300701306
-1.21729891622508	1.53552372885437	1.47368244410356
-1.21729891622508	1.53552372885437	1.47368244410356
-1.21729891622508	1.53552372885437	1.47368244410356
-1.05109984983742	1.00080770158662	2.15368138916916
-1.25652297634552	0.77444465525879	2.33184020456081
-2.10617627659545	2.38195388607087	1.33988718870687
-0.317769537334194	1.61576497374522	0.914672664909706
-0.745757145754811	1.75614865072759	1.13907450383717
-1.60995787559219	2.27077328878815	1.08165988998467
-0.70643480780986	0.967275514880081	0.956969318891574
-1.18752861704399	1.17169296140142	1.73652026758343
-0.798805469120408	1.05151191662287	0.919088805707918
-1.27492577252865	1.39132489698937	2.17139233513358
-0.689623619311863	2.16219074135389	1.71238485712318
-1.62512831481558	2.74590685754938	2.11799241407587
-0.154882091090584	2.40430634208175	2.54139805518083
1.15418817248155	2.97793831979497	3.27643268579368
-0.990555825084296	3.31913852055953	3.19031106410218
-1.17200816039702	2.67961786978448	1.75645155485439
-0.952332896981637	1.82908605466323	0.680695726523917
-1.35530186334995	1.95332297039531	0.401682814740271
-1.36364260014481	1.28299807313721	1.16642820450227
-1.78492958363493	2.01484021902508	1.40289832058901
-0.881802572580606	1.76704421656606	1.3793859774709
-1.46737442914145	0.570538382277681	1.28741577050911
-1.46737442914145	0.570538382277681	1.28741577050911
-1.71602910124822	-0.643610743621104	1.03750034880019
-2.39703864468776	-0.216189348871691	1.39960544934054
-2.33656498343309	0.098715401678826	1.38116897050707
-3.17816505328804	1.1778447939442	1.17623296657988
-1.71986075340499	0.17341201266647	0.681570701252762
-2.92010159778933	0.81961943373674	1.77684111886542
-0.775941276264146	1.1029974919651	1.15014605596276
-1.41014470722301	1.20754989963754	1.9023156407589
-2.81957230763471	0.565101475480258	1.76183527711068
-1.59361813049509	0.773559719410529	0.434129381331172
-1.65835916952595	1.29281335857075	0.717665541579939
-1.74598698339976	1.00996396960289	1.36711626253195
-1.41639180028658	1.78162046211334	0.97752181230853
-1.10341265014702	1.37097522094344	1.21995117796032
-1.10341265014702	1.37097522094344	1.21995117796032
-1.2404257301387	1.20109306425422	1.03031831510467
-1.2404257301387	1.20109306425422	1.03031831510467
-1.17640825258924	0.716685472917532	1.31520893822465
-2.12696484731216	1.58020924964979	1.20963797485055
-1.18298070710342	1.25370511512819	1.33715985571689
-2.69662233650935	1.63280123278566	1.10294742379609
-0.732899205097386	1.19287416983037	0.454932077386367
-1.4097543987195	1.29714220601976	1.12764405114498
-2.13862618243244	1.63910175707336	1.50710819910674
-2.13862618243244	1.63910175707336	1.50710819910674
-2.16504228781438	1.78628996705689	0.673002335807727
-1.03148534084809	0.47840160895442	1.36807230528142
-0.869607013336563	0.717401735115687	1.63627553339757
-0.869607013336563	0.717401735115687	1.63627553339757
-1.10647693746873	1.24105281467198	0.90884504671606
-0.745509356061402	1.71517362000047	1.29971225043417
-0.830370920722511	1.85038886381231	1.87539689664949
-0.361883991623022	1.32787750014239	2.24686719657477
-1.3262334605964	0.908586792891837	2.2225709838487
-0.991973804659567	1.61170407048961	2.70299355551163
-0.356423046597181	1.55422439530187	2.15233311895188
-0.316280239769658	1.78206683071464	3.6400713460026
-1.33597175220066	2.37700429599128	1.40075682990969
-1.45665760097184	1.76324951662189	1.82116986615654
-1.77245333242418	0.261377501154023	1.77885483199327
-2.5302700367079	1.55418292993888	1.45101150451958
-2.04110187236413	1.78100392349518	2.65124578302996
-0.835625306387785	0.891462622782973	1.1686450561755
-0.578761500677909	0.606338666817253	1.61599610713876
-1.79553652215301	1.34514941607671	0.980267271641237
-1.6241516197871	1.57697317069342	0.870557576888559
-0.659873389939217	1.77662996985295	0.76241429393232
-0.659873389939217	1.77662996985295	0.76241429393232
-1.69479259109572	1.51431831786651	2.34518253674513
-0.392042299170909	1.36264371356543	2.75421730168892
-0.837969035355396	2.29533874821126	2.38888053040497
-0.854607776334365	1.89202127460952	1.64332940147513
-1.14264593246728	1.69838230184569	1.75159870742825
-0.945482043669228	1.49460180060413	1.46709289786134
-0.733734144366366	0.87542957907443	2.0903983897401
-1.25456940781759	0.279438719494677	2.03754616163994
-0.981073681683568	1.60200622871471	1.98276024898895
-0.168641396892746	1.93269178236878	1.85183812138058
-0.858251237119087	2.48251052899206	2.41620754299288
-0.249857019990848	1.66100410502294	3.0237438633448
0.270321236057358	2.24460782894871	3.16564525320042
0.567150223706564	1.6609237749054	3.40087061819477
0.227184512788507	2.00558126319509	2.00540060289274
-0.611803328902948	1.64257816990502	1.90432239831692
-0.749431534616701	2.01970929016861	1.46099933817332
-0.857966942294139	1.88020203270301	0.930836318277083
-1.2537101314773	2.0864673282158	0.902163890563809
-1.61972304969976	1.41145963255619	0.265494542697666
-1.62923993388444	1.05377377262202	0.217629193356852
-1.67131012084327	0.733146321664715	0.0296113437921506
-2.10756717974766	1.10138123609995	1.14843468726733
-2.29506649207399	1.06741770089843	1.06716276895252
-2.25314541183892	1.25487393156925	0.572115532365748
-2.25314541183892	1.25487393156925	0.572115532365748
-3.10021499708109	1.01346068034886	1.07660174134227
-2.54908915678352	1.71018166138665	0.888992285324944
-2.54017065685917	1.26329422537198	0.547846167573974
-1.87582055257016	0.41382166243642	1.11812856143924
-1.96660700767864	1.31798753665795	1.32472013598085
-2.37919780761697	1.58018042877512	1.59412800777647
-1.34061827134777	1.62771990083125	2.14032681734433
-1.71042626684577	1.67846823846715	2.14337569586193
-2.43710049079881	1.49076652158549	2.25321586337927
-2.94749947732236	0.614752897760796	2.1401643546627
-2.13439691694967	0.457310061106843	1.92168028094485
-2.77337349517575	0.651065094653723	0.422027159760658
-3.83389373027745	1.38141039733909	0.833814774863142
-2.92142300326874	0.668403425272691	1.5607964548492
-2.40116494619216	0.733140849773673	0.703057516335804
-1.49335615111922	0.845246356557767	1.33165082786509
-2.75486662990156	0.641157835830258	1.41771102140391
-2.08648325242454	1.62601162982853	1.26364619488678
-1.62891618610228	1.10967696853229	0.396725911886682
-1.83305758934517	1.68133749773143	1.4444570498212
-3.15335128831785	1.00619438299639	0.958733908648952
-0.37145488304699	0.601294032798315	0.725492241230819
-1.83054894874173	1.34377952295051	1.39491091873654
-2.40810126004679	0.758060083380967	1.21562441942358
-2.40810126004679	0.758060083380967	1.21562441942358
-1.79916905926341	0.895077620464182	0.421416493861036
-2.92527372456589	0.788527022647164	0.390905165791367
-3.15770009059309	0.710324927297162	0.483817142072847
-2.01810584735902	0.301317981117803	0.81956285320531
-1.68090478166183	0.150049150642886	0.504841560511907
-1.81598687377176	0.771807092131555	0.495737747121649
-1.87837340375493	1.1498458922624	1.54105681166461
-1.6526894031589	1.18780323774633	1.52608095794659
-1.73272270813045	0.684786052530101	1.89342540549981
-2.20393906261688	0.934446377689769	1.12391551273131
-2.44855223235284	0.450562151888946	0.739554805923681
-2.36584352581284	0.533153861158642	0.47821814880529
-2.17210928603517	0.673824854800752	-0.0223445548670325
-2.71568920306651	0.982730033028101	0.248517406167905
-1.84387193514649	0.792664457583993	1.42498233444849
-1.28530245907623	0.672059135221838	-0.0290934538912404
-1.59673889213419	0.192836899749146	0.55526928938168
-1.37698776790513	0.999945370186625	1.25364432375541
-1.37698776790513	0.999945370186625	1.25364432375541
-1.43504250489574	1.60509597126896	1.2156851071146
-0.902883053973328	1.60579982297535	1.1484872729757
-1.56894218335361	1.85319984247887	0.844487135631459
-0.452764964977172	1.0673823412699	1.78468843002311
-0.961805747889944	1.13699137445144	1.0594192925815
-0.67735983361221	1.38706534648594	1.39149362470436
-0.792166638092643	1.0284515814866	1.62143566583306
-0.335761849794141	0.834972685111237	1.60274078970238
-2.37932363393197	2.03016109695663	1.47664363467079
-1.24615056089485	0.747271448854584	1.4088622034006
-1.09925977046809	1.52948775020628	1.212994892379
0.0628537637754194	0.525314218069472	2.03551905647078
-1.73792297398923	0.459799546830278	3.05912864455519
-1.7810684130966	0.0532141764994089	1.02639592199527
-2.04396752596626	0.338097480704408	-0.481894138017047
-0.763242631254254	0.547665598717826	0.129698364362063
-1.59698603970388	0.327526637300025	1.71157004972792
-1.44606123044718	1.24705688570861	0.952978905496324
-1.42117627909473	1.37017700503556	1.04148176510264
-1.52133237618886	0.895246504481044	1.81548542933757
-0.532314931874472	1.48035579217372	1.37830306398328
-0.464052183986217	1.20681420117141	1.30401799826194
-0.648415386512704	0.771097734795272	1.89243632467611
-0.648415386512704	0.771097734795272	1.89243632467611
-0.727294953318193	0.897104939038971	1.38438600723608
-1.71491420231976	1.47618983733972	1.43197186450273
-0.99183690604281	0.971421142469613	2.03504185056273
-0.627919314719324	0.920118192104853	1.66980725287546
-0.0380818849041199	0.710583501456491	1.9629052396266
-1.210402032312	1.1962726981073	2.25767747926916
-1.17414891968281	0.966563600295458	1.38337260913937
-1.17414891968281	0.966563600295458	1.38337260913937
-1.17414891968281	0.966563600295458	1.38337260913937
-0.944698984168918	1.50648558360627	1.32021441662803
-1.00616797264963	0.950752331447726	0.710107919848701
-2.70553920255348	0.723786214765165	0.262495535127104
-0.787631040828464	0.531010167589619	1.63292378484074
0.126472544738509	1.8284515049596	2.53972487999379
0.32560875074032	2.38098858815718	2.75675552917821
0.522044416050351	1.04238829777099	2.57365813413825
-0.545435795309474	1.52153026909251	3.54927532366705
-0.444357162712517	2.14592756432045	2.79381499707308
-1.24859888920085	2.42037852654544	2.38992550920841
-0.394509406198477	1.57782077766732	1.7185941059513
-0.849204567432812	1.10769435119379	1.86200433608015
-0.683723228197911	0.71561721201864	0.82636188986849
-0.996098454106407	1.15635422442727	0.702353151928997
-1.5828062913111	1.64700874377267	2.58484332249571
-1.39783263249057	1.65163173858175	1.94638252328603
-0.315327979917042	0.418630343412159	1.41664666142086
-0.657387962109439	0.426741751171979	1.72002441470657
-0.77805898046049	1.7675177108143	1.53506403110582
-1.04253636684393	2.76437642688511	1.92562246280904
-0.923060369201055	2.75405100111735	2.33306112555246
-1.30076437200318	2.56666948960853	2.03407992311944
-0.764462379422611	2.3556089386777	1.62466068244957
-0.258767194892397	1.94300701330956	2.34043354807539
-0.52906579604049	1.90368170242359	1.95782780940382
0.203037809298073	0.324747482996022	1.79679121584769
-0.425710218993362	-0.725552426186192	2.20553723570761
-1.81380693364827	0.101506701637555	0.852092629765032
-0.45731920636289	0.474179047631065	0.440688808312433
-1.89439221236993	0.788710812502984	0.779368341813007
-2.29209534043297	0.682081475543666	1.06639921048859
-1.75552120689529	0.364440666434146	0.491678966816453
-1.73399482135754	0.0435097261966637	0.747178616182232
-1.89046619989275	0.502454574045483	0.960021027624804
-0.877753300096507	0.131603187276713	1.33307172940533
-2.61807425944323	0.687276890824788	1.55313071214875
-0.725392856835176	-0.431363908201955	2.35536632632309
-1.29058185956911	-0.0108222250146826	1.03412620516625
-2.4102683991256	1.36601310084361	1.56244126747898
-2.4102683991256	1.36601310084361	1.56244126747898
-1.09256437312237	1.58621185207283	1.15571318869007
-1.45069873992498	1.65306298367222	1.1030848811967
-0.996701288851004	2.01374011068569	1.08489458660897
-1.59677544463221	1.93926352810023	1.06078471879727
-1.42530143002494	1.32846192687239	1.29705079298531
-0.906352782476605	1.4097217961093	1.94879612779221
-0.971597539783595	1.37940304383762	2.39395611507866
-0.793252329500944	1.49367222861656	1.70598395203602
-2.07401778136388	0.843866051506032	1.49561395366571
-0.182989488858097	0.331089820283924	1.0726808663005
-0.667357702591733	0.107085473453783	2.96526386433109
-0.0704043308533439	0.297602719383013	2.74772090234726
0.0337851222608061	0.702817048528701	2.62537202591316
-0.836925285450891	-0.254112425335405	2.99492104571246
-2.01198804575043	0.111917950588917	1.56985345417933
-1.32756297633293	-0.983236436058691	1.82494691153931
-0.858014700487944	-0.124594441906852	1.58594148134997
-2.37540363551755	0.810925482277084	0.646124169458123
-0.943438964014108	-0.128786961724201	2.13863834322866
-1.26941139608081	1.06701577880712	0.750199104433887
-1.53393431455206	1.22507557691737	1.56699780790964
-1.16227525132683	1.33421075846483	1.87813361798006
-1.16227525132683	1.33421075846483	1.87813361798006
-1.16227525132683	1.33421075846483	1.87813361798006
-0.823986957477249	1.05519596211095	1.55363382797412
-1.76336699653852	0.898528706330334	0.952327505741095
-2.48103134631959	1.27906664217695	1.26588397563637
-1.83315885624732	1.22247729943663	2.1692030525446
-0.808030231691804	1.30678002873001	1.49418828739034
-1.64394977900663	1.09998477719189	0.956120803562739
-1.64394977900663	1.09998477719189	0.956120803562739
-1.23573714304103	0.701279259272352	1.86719508635027
-1.31336130095866	0.902202853386835	1.55556529365735
-1.30694055137599	1.08697025350957	0.574012158690526
-1.421985752604	0.74368633774531	0.561606145749505
-0.779659609260635	1.46443733298383	0.853882631480348
-1.78621710467238	0.526700106279926	0.0976789220818897
-1.17529952637393	1.23719761629246	1.26363146110749
-1.6080959072861	1.33284553994995	1.31805762693181
-1.48814089611088	0.273540620524903	1.59359980633352
-2.42160072140641	0.886816492444392	1.04514187256268
-0.833655194210217	0.297299395080745	1.91315386124274
-1.15745694018292	0.583182430977148	3.46419593321682
-1.1400895449715	0.513683863831409	3.23568849794388
-1.35798124322939	1.96416818323992	2.79865095471725
-0.501397720285439	0.626744525917558	2.14729980289729
-0.501397720285439	0.626744525917558	2.14729980289729
-0.859649758784232	0.628749418611822	1.99652831728191
-1.5794789638229	0.404230824829599	1.97341852723963
-1.55191692949181	0.250426531781532	1.33682415861929
-1.08149031597552	0.540987797680912	0.695453979689302
-1.38154408121009	0.668669453062313	0.757831682557757
-1.38154408121009	0.668669453062313	0.757831682557757
-1.3645394768842	0.641378008616543	0.425570212936506
-1.3645394768842	0.641378008616543	0.425570212936506
-1.3645394768842	0.641378008616543	0.425570212936506
-1.25340997030413	1.00658334946544	0.953344897500656
-0.894309095491131	1.34303511597263	1.41432787407613
-0.193801049366289	1.65912987638568	1.66919587110787
-0.733735042972739	1.97538293009568	1.80860421091909
-1.64363062247932	1.66512588252856	1.76098948097947
-0.407300468737542	1.63941912439385	1.90687839639713
-2.08387030129128	1.94085687059879	1.67674415426058
-2.08387030129128	1.94085687059879	1.67674415426058
-0.575626782020388	1.52705691043774	2.80896784254305
-0.898383563785813	0.543226778616941	2.25967336448656
-1.01674223844177	0.545491539381668	1.87315088830311
-1.01674223844177	0.545491539381668	1.87315088830311
-3.05777797896212	0.641836405744069	1.32169498266014
-1.02677634716543	-2.38773103686178	2.72549158203687
-0.76778049212175	-2.04202360786833	1.77353770517215
-2.72547312446796	0.442495768243502	0.716047723586882
-0.544477086567419	0.13061529900244	1.946003039736
-0.506333893979446	-0.120120056017501	1.37373876320102
-1.26400709267159	0.162699788972432	0.957225809075222
-1.95316057013667	1.8433887912914	0.968592710567465
-2.12517198246812	2.05608775212802	0.982479752245108
-2.12384648529061	1.59616257581939	1.2531566823947
-1.93326483368853	1.24615673106936	0.48441305082737
-1.42603245955142	1.18581837386025	1.36600356065694
-1.63328847292615	1.31247208984466	1.22772727921396
-1.63328847292615	1.31247208984466	1.22772727921396
-1.14013670353915	-0.547295717637398	2.6881269278236
-2.60060256796484	1.42216033986304	2.29088412255376
-1.85860282893602	0.373912042058102	0.964601276689284
-2.17155445614973	1.94444171554372	1.03762830123845
-2.55062925749598	1.17804372565663	1.61054139194107
-1.86117023569878	0.577366477514587	1.68990295059618
-1.92941788749891	0.836570051678964	0.905858047340235
-1.94751781120775	1.22593443864828	0.858927073610032
-2.10658292224329	1.069960562118	1.59443527720352
-2.03010133223702	1.9506527841311	2.3349296872783
-2.40489912865401	0.260331709168804	2.75579621545734
-1.07342055280005	0.964680236495445	0.443494984598674
-0.410886518534761	0.263799902224255	2.15185702619679
-0.626330349048164	1.32975809844458	1.53529131599307
-0.344125968342225	1.73286018470963	1.16728407096195
-0.832691298187454	1.54274882633095	3.02062486691029
0.184110045457355	0.752221984265221	1.5355010424333
-1.61370769297796	0.829660386086637	1.46989697254924
-1.0928885330515	0.905753854310377	2.07667053685475
-0.436884290860417	1.0649538909551	2.34848007823413
-0.706556163209017	1.58256714448966	2.59036515726311
-0.578798857355196	-0.0376228460352391	2.55310871156374
-0.357954374996063	0.643689067216125	2.05974112069744
-0.357954374996063	0.643689067216125	2.05974112069744
-1.48538682583118	1.64046295315652	2.79592229882787
-0.618667303402945	1.73568169931945	2.80523835072541
-1.76576957650078	1.7795527428281	1.72665100967708
-2.52703453283469	1.67146740156006	1.00482298322694
-1.13274021301452	0.446985100825266	1.64784157974157
-2.3375493616581	1.70705228290001	1.09906574468288
-1.35230443301865	1.07974366993473	1.12655341295894
-0.591648624668254	1.02922002719074	1.49926664621719
-0.591648624668254	1.02922002719074	1.49926664621719
-1.11690718654926	0.587765609205434	1.69046728644743
-1.64881066920657	0.409382770545652	1.02739384522851
-1.27462626635471	0.306919794158574	1.82032113529471
-0.619491571203824	-1.80312463481476	1.35462790558317
-1.42959074027498	-0.655204547643124	1.52405280764777
-2.62474515107729	0.863458186337208	1.54236435491098
-1.97343450339182	-0.0136762957291535	0.38263032870714
-0.849351997801783	1.29284692527145	1.10273226340663
-1.03120227493421	1.21209578157088	0.91240186990602
-1.19133102624935	1.98532320578983	0.782990579802393
-1.54202396638732	1.14676571579494	1.10731367374257
-1.87395542184176	0.808720851563817	1.33104560224128
-1.04184460267403	1.12539219898638	1.55392552263453
-1.68908379700625	0.729066733007125	0.795979638835497
-2.07090909091453	0.94091721041672	0.424439360733573
-1.27216571495685	1.2054306484345	0.75357756877731
-1.27216571495685	1.2054306484345	0.75357756877731
-1.69960177181559	-0.234480830605209	1.21827881647819
-2.63681554335692	0.610630684366266	2.17033362154585
-1.09642547442977	-0.00290772109877391	1.95902178423194
-0.369665489734395	0.393808786096816	1.15739983856842
-0.305828979812483	0.75130944808903	1.18989405305477
-0.279641905538112	1.07057372772948	1.85999062784649
-0.912810418753885	1.20334418758196	2.39304936358648
-1.0433152633031	1.17451468359214	1.6398743438296
-1.0433152633031	1.17451468359214	1.6398743438296
-1.0433152633031	1.17451468359214	1.6398743438296
-1.0433152633031	1.17451468359214	1.6398743438296
-2.01815336970091	1.63447213755975	1.44079024662088
-2.17507957632513	1.13892035978372	1.09048262495815
-1.39729351669185	1.24211366633499	0.71077223643245
-0.758983731738764	0.748423258401537	1.43637752024131
-1.80345389737147	1.44174834885567	0.41446896635758
-1.72863445064824	0.373117980868792	1.57347997506777
-1.27244341418471	0.165180191414308	1.09419683468339
-1.58769491119831	0.7945594730401	1.3108217958421
-2.34076197313965	1.02707257007932	0.982757216084911
-1.37567256459718	0.541935350860214	1.35687410505778
-1.37567256459718	0.541935350860214	1.35687410505778
-1.17823191392626	-0.00886305248943464	1.83917315998798
-1.66546054595135	0.618408785097259	1.53869205829017
-1.84412958753796	0.739827963290212	1.73422146974092
-1.36375219698785	0.70720337986684	0.938730970463448
-1.55469622135224	1.58158975012347	1.22647629149076
-0.625777802491202	1.93909309261082	0.705103914733897
-0.684794420752619	0.244491316139821	3.00082610129053
-0.607302822668496	1.42639208963292	1.65504212368722
-1.49980334966248	0.669140977348093	1.18048901170143
-1.86153909090013	0.63672032122209	0.795515094836352
-1.86153909090013	0.63672032122209	0.795515094836352
-1.65723870558381	0.96630865406571	0.706379852989654
-2.37344370019478	1.39001485764308	1.19076436384635
-1.45704255616093	1.10547035541866	1.78026592484
-1.72363692340631	1.19807369872707	1.54476185202192
-1.72363692340631	1.19807369872707	1.54476185202192
-0.360852290705147	0.664059130236255	1.76770436365048
-2.79394888965974	2.19774926089912	1.06896219874126
-0.870559901709801	1.96831841409015	0.60923408151713
-1.91106037322948	1.45100324846208	0.494998977793281
-0.967093145222194	1.30908851080449	1.10426872227625
-1.18418653063582	0.475799578547391	0.800850485753251
-2.21904184108787	0.984461029048703	0.758059596092606
-0.886856234937762	-0.129611183605683	0.933270944308821
-3.11536911368942	0.638729957797506	0.19463742490105
-2.94467203208324	0.690748318735857	0.854383059030235
-1.68718374030285	0.410749814757663	1.2694008575936
-1.54239946848016	0.604400566943924	0.621168589453963
-0.909266694316561	0.993862014107794	1.22032329386708
-1.78402448574919	2.2161474229972	1.69266275518345
-1.47729480760191	1.76545904639908	2.21770187465649
-0.34382322650463	1.20674206091487	2.66779767038159
-0.56156107578216	-0.168987855514828	4.42724087916809
-1.69165638035132	0.802079076452487	2.73636236309845
-1.6980648571918	1.50686978282018	1.98949410416341
-1.6980648571918	1.50686978282018	1.98949410416341
-0.976920016035809	1.73829495541825	1.73483141795316
-0.976920016035809	1.73829495541825	1.73483141795316
-1.58342240080322	2.01556443871784	2.31062102004168
-2.63113134408821	2.11237401089589	1.45642962557109
-1.2689004443244	0.648815332319223	1.78557128301176
-0.843262860634864	1.88164400084855	1.20517835535363
-0.843262860634864	1.88164400084855	1.20517835535363
-1.36707540320701	1.22201190947618	1.86498420403574
-0.996645754660454	1.30112798837519	1.8568220734717
-0.411805374822346	0.563616514204954	2.21568834320359
-2.09907119838867	0.556748210394704	2.36734313571735
-1.46369083896582	0.226458385329424	1.23589981827314
-2.69706103905744	0.768621508934125	0.890417814130802
-2.28687217178861	0.762873998551897	1.00155888828496
-2.0936574255812	0.426725581051046	1.24533656663138
-1.14960652990007	0.348405776940593	1.5598485271851
-1.04993372341435	0.278510876415917	1.77739686309583
-0.915450506944952	0.573539126885975	1.98301674363043
-1.25756301945718	0.0528384141445757	1.37394658304417
-2.19619554599645	0.46872539300766	0.984921999409255
-1.95786256049023	1.4299092844797	1.04665876784389
-1.28451949626191	1.42083619581514	1.67469582245541
-2.21872978640015	2.26844431271138	1.8534494966532
-2.14687261669711	1.6285974745101	1.14052031918804
-1.45528552146368	0.751575776318488	0.970433675785459
-1.36316364865553	-0.658327277449953	2.33821538335921
-1.18859252641974	-0.986389920473442	1.27097648864663
-2.44384356355292	-0.452684902416289	0.635876976557502
-4.02968227290763	0.583227853076537	0.407418819131646
-2.25946441487533	-0.818256716065414	1.89294786652896
-3.05812810493298	-1.87623825192	1.28570106358931
-3.01518113739337	-2.44366430790374	1.945460845944
-1.25738163889645	-2.32890453374482	2.10673565839079
-0.507995156230213	-2.76044239418019	1.44255792549269
-1.54775610476931	-1.10136062331865	0.794072926972543
-0.633263960765536	-1.39991593305651	2.23665446477659
-2.78281023432592	0.184057884327361	2.0616834614765
-0.0944892705615239	-0.802775252214312	3.39553222996718
-0.371864710835626	-0.864840696864219	2.93534808042014
-1.56286429561325	0.89611779864494	0.636735195539277
-1.14652350838628	0.0219500434935664	0.712657331827623
-2.32430865644976	1.17302311089785	1.2379943409745
-2.34870115592914	2.12093778641859	0.796407150650772
-1.09705216347361	1.52735289528379	0.633601422873918
-1.63406852026993	1.07790974708448	-0.0440320193766363
-1.81188869869157	0.686599219722601	-0.0214304721650244
-1.86635588505098	-0.217925239887091	0.950365909802361
-1.60129875127656	-0.650267058728704	0.646584845328033
-1.23744233030296	-0.606768152532678	1.47089200109943
-1.3185011245412	0.613066285163476	0.730233101393505
-1.87360213968361	-0.244300247882614	1.99230673290127
-2.30856162487196	-0.0412297644949269	0.383769937479759
-1.7214923176735	-1.34625826116509	1.65254741664034
-1.13563388891735	-1.42623926443657	2.26152252944085
-1.93529821359635	-1.70038775155243	2.07504388535205
-2.30143252796747	-0.0830563818586922	1.06017894668916
-1.72727703640786	0.384060754387065	0.829070959928713
-1.41107562087015	0.402466723670331	0.491219396396459
-2.35401923489027	-0.204277817552267	0.622699975569882
-2.96347447846014	0.827028282612522	0.0646942574784497
-0.993359394342205	1.47595318776447	1.20651621012773
-1.2027291928349	0.842637530908361	0.940779935887499
-1.2027291928349	0.842637530908361	0.940779935887499
-1.2027291928349	0.842637530908361	0.940779935887499
-1.23434539790128	1.66634707394273	0.561146759640175
-1.53599504703001	1.50620752405292	0.784036619621245
-0.97078269966595	0.874154872611835	0.600014096922017
-2.14177006099249	0.482359887336116	-0.0364772700431604
-1.59097333499549	-0.0326704336151787	1.13075289898727
-1.1663490581176	-0.53186223890281	1.48800508668474
-0.75541923844937	-0.358154881299048	2.1299792960759
-2.052344878068	1.60319112332763	0.877235601436049
-0.424958684691769	1.49517480067939	-0.143131535386803
-0.866340720188602	1.83992051325501	0.62193382390732
-1.29503800260237	1.0988889588972	1.63369454401547
-0.987520504588817	1.31683437548048	1.81246975086886
-0.647994951364229	0.171653367569507	2.08583832314624
-0.546177436020968	1.18008373479477	2.32585420205911
-1.12889279889456	2.13642765904993	1.74585664755097
-1.12889279889456	2.13642765904993	1.74585664755097
-1.36196727463733	2.2459685174159	1.2698262466291
-1.36196727463733	2.2459685174159	1.2698262466291
-1.36196727463733	2.2459685174159	1.2698262466291
-0.757935675524263	2.21687426150059	1.61947615100512
-1.7414768226558	1.93573033146392	1.98923510837116
-1.7414768226558	1.93573033146392	1.98923510837116
-1.32381490626287	1.62092751045118	2.53438291531285
-1.89509818835344	0.553267504698992	1.78134180450585
-1.21353273333736	0.450577146161535	1.95208364245352
-1.21353273333736	0.450577146161535	1.95208364245352
-1.21353273333736	0.450577146161535	1.95208364245352
-1.21353273333736	0.450577146161535	1.95208364245352
-1.81642314401486	0.897447809944958	1.64242037692643
-2.82813366485477	0.375461704980275	1.21179040619745
-1.77574869864373	0.511534253263528	1.30954421315067
-0.779174797610244	-1.13962410639009	1.91859007161621
-2.89331072172943	-0.908860216305378	1.49059287619932
-1.56767503504613	-1.06655177914816	1.27601331379234
-1.56767503504613	-1.06655177914816	1.27601331379234
-0.748633810715326	-1.73035796078721	1.5166324039689
-1.48788309534397	-0.638514074333233	1.25353852816902
-0.862574917763883	0.350610544142912	0.981343881434649
-0.823573089233709	-0.0535446566404123	1.24724424399827
-1.36619461432289	-0.26759921634784	2.20182970311847
-2.24410810566482	0.0396807304736272	1.17773682707504
-1.93344046421824	0.978999596144216	1.72205899346184
-1.92439263781743	1.4562629728725	1.4121137162865
-1.52365203904812	2.35718006412699	1.80795415379585
-1.80920751947805	1.60695550121158	1.93260268429087
-0.295235039675597	1.12867392667869	1.42070247105921
-0.909349453744176	2.50443635177686	1.45909586428459
-1.61169622833409	1.70355695963589	1.97241505344145
-1.22542524390185	0.713843632979041	1.73619689128361
-0.492121348031927	1.13803082025532	2.89649247438017
-1.33525321243718	1.11771307984266	2.61319011054834
0.454844216113514	1.34147238681697	2.69018467160715
-1.37096885908229	2.6261394353796	3.11219224408797
-0.637236505586344	0.82084392109557	2.83365462073072
-0.762844207615258	1.71539045204766	1.64081166076286
-0.762844207615258	1.71539045204766	1.64081166076286
-1.28336621863568	1.62285617129847	1.27566556661235
-1.27529285999188	1.63672654599748	0.870693180118717
-1.35251253983863	1.57519362759686	1.3228090196746
-0.754682154820159	1.08124181346601	0.965755986050295
-1.59575889131125	1.20496606268519	1.79499456392525
-0.464788830894307	0.608773249114842	2.30182386183818
-0.766950882835885	1.53068142510366	2.91124359939862
-0.70901152167046	1.93281505091072	2.86381452452447
0.276243952888823	1.65209196948495	2.12599305608117
-0.445410449642983	1.26884714280798	1.90297116430968
-0.868597178225475	1.07311676830027	0.660289298527956
-0.865335401750512	0.703867451028951	1.94966386713601
-2.36477076333658	1.43054491074973	2.5749263543485
-0.596608151378514	0.680991041979412	1.57933750843428
-0.679674434671401	1.17236097657254	1.62495435901501
-0.826572262132917	0.776804854958309	1.75885900007497
-1.09879779524703	0.399588911310448	1.58327851988963
-1.13801762319539	1.30307181094692	1.64640946660788
-1.41653812548399	1.5636151976828	1.56388486620811
-1.41653812548399	1.5636151976828	1.56388486620811
-1.45397139379427	1.40743851995932	1.11298178276791
-1.35151209411516	1.22259716460591	0.969058759335892
-0.602728846149002	0.608479570301275	2.10986863766464
-1.89155543896556	1.07410845580686	0.471830856888633
-1.00906955165085	1.24972827919064	0.817337828353539
-0.807117019562192	0.714478511307412	1.2091548983792
-0.774616902954396	1.18920096984376	1.05469190028443
-1.73609680599492	0.987165750704402	1.11071892600266
-0.833015191386709	1.08716790194774	0.921478534234016
-1.29523199612526	1.32825883874026	0.99111142630157
-0.691645839162214	0.91282541393067	1.82202453053399
-1.10757441760306	1.24711662551198	1.52020843518697
-1.10757441760306	1.24711662551198	1.52020843518697
-0.818833210972189	1.56791726732687	1.739671464411
-0.818833210972189	1.56791726732687	1.739671464411
-0.818833210972189	1.56791726732687	1.739671464411
-0.818833210972189	1.56791726732687	1.739671464411
-0.818833210972189	1.56791726732687	1.739671464411
-0.355040014516608	1.39079643722086	1.84950773842245
-2.42477534852058	1.92148314499048	0.497337232556159
-2.3968125176898	1.50595365714151	0.71973135768559
-0.677659697483621	1.04043707200646	1.41684123727252
-0.828103822707894	0.822647214587727	1.91176096313085
-1.04500531834327	0.718686419507038	2.10150656351247
-1.25251917274505	1.68420180295945	2.00957681406613
0.832322697081815	1.72337917990228	1.98915940596563
-0.506506501439635	1.14996740805118	2.78860982574297
-0.445470631341733	1.75748337880486	3.16529733260619
-0.301835156152315	2.32365007653183	2.32875577741598
0.132797536485161	2.183251483856	2.29400216024271
0.200251609926931	1.82516238469097	1.88421474415079
-1.29612467080776	2.14527029168727	3.08524442758347
-0.902765290677102	2.25257050687869	2.90793750864949
-1.20128164449694	1.98130772227094	3.09237019487752
-0.811374385554369	1.3022738526312	1.41046798168629
-0.699639778116871	1.32784634949884	1.89832342039868
-0.485503723424939	1.64669312197686	1.5916790303207
-0.485503723424939	1.64669312197686	1.5916790303207
-0.31700411717656	1.39845925924915	2.13632374529578
-0.153953570586467	1.21403773527335	1.38861152481774
0.270937433903751	2.0246198893622	1.99395593937075
-1.30123497364391	1.23823735753521	0.79525460514436
-0.988687255078589	1.00312465797053	0.89398533511386
-1.50536719039975	1.11150229307547	0.470148675372783
-0.375623661777569	1.50838123351042	1.9553083132935
-0.846724263725736	0.605991114196306	2.59989810597109
-2.02070227516553	1.80748728088631	1.87782082458714
-1.2575300728623	-0.310651181561447	2.6803703405458
-2.82579757488597	0.89697652293152	1.0054506492094
-2.43306281432875	0.416908758713979	0.669925821451163
-1.65740480291879	-0.544254952414387	2.72448987862483
-1.16831770125221	-0.909411793410059	1.3179175958167
-2.24341132732194	1.05258622802	0.366177855852238
-1.96128708324214	0.325291656480606	1.09783190649234
-0.212298145334819	-0.245989251296229	1.34896024845271
-1.57059802518447	0.300693699262159	2.754289265274
-1.58146906186475	1.44021155431754	2.10571572239224
-1.66051724905331	2.72877607928058	1.6163638176845
-0.616450354277116	3.10424355611424	1.74066039742903
0.478739481840853	2.8606248582123	1.45116763293133
0.478739481840853	2.8606248582123	1.45116763293133
0.376934826080383	2.76712848801785	2.01301701781665
0.444044223402858	2.98164183017888	2.261602128252
-0.59583919529706	3.13657857125022	1.5368589738655
0.231277865686519	2.82902077387586	2.60149022907817
-0.0980543500917693	2.85922799382373	2.20596683688385
-0.967165976246132	2.85693571698754	2.41908047815198
-0.63760131869169	2.49830796359469	2.05387579977327
-0.63760131869169	2.49830796359469	2.05387579977327
-0.863902488024324	0.41440202144111	2.66178436178086
-0.85917918487766	-0.412607361730609	2.22728976496488
-1.53938806992283	-0.463795769304142	2.28218750658109
-0.368076246183348	0.29224727271951	1.28644117541339
-0.951897937804483	0.96211453013485	1.45793998174802
-0.706790294731588	1.39928695844965	1.43723936431475
-1.9776469194211	1.02061278624672	1.45862246880067
-2.15130395508008	0.275718833554038	1.62470469614311
-2.82174249896112	0.558695869745608	0.763557849377325
-2.18050754315264	-0.714777952096573	0.384787667559967
-1.29083222313154	0.0894389749907084	1.02126831126405
-1.56137635284905	1.01426204662575	1.86071208531886
-0.244710798344715	0.965838239899899	2.8462503035726
-1.23761122665936	1.29484353755475	3.31543920911775
-1.64828442143955	1.50320924468195	1.76608000695659
-0.902026093135493	0.190238452057758	2.26851559179582
-0.5332182674784	0.656514272052207	2.27964931566777
-0.787857098101633	0.281118129524524	1.65282206488186
-0.787857098101633	0.281118129524524	1.65282206488186
-0.850098691033563	0.247010902554079	1.93392143254954
-1.53128702247507	-0.298197068053259	1.8217786836536
-2.10845405676108	0.212562475927039	1.74411295397482
-1.35462322361248	-0.0566084638391191	1.47858565835175
-2.93233027932094	0.680191714208457	0.786456614009739
-0.654231020722991	0.120329268639362	1.90725888930839
-1.10905455336175	0.398598267064917	1.07620379980565
-1.41792036668839	0.725821273550809	0.974238816528468
-2.19973609260713	0.940991856483521	0.691942099461379
-2.41488665696033	1.11963765624274	0.693705947210795
-1.04220218422527	1.62688128965955	0.958229901380315
-1.40239077029065	0.835509551623904	1.61578521804026
-0.669987334923666	1.04184084481356	1.06597658901931
-1.25788926337724	0.60912246893733	1.75683525623368
-1.25788926337724	0.60912246893733	1.75683525623368
-0.919508200809198	0.844193289663075	1.32242495964381
-1.22870015529602	1.56192440100724	1.24677095303975
-1.22870015529602	1.56192440100724	1.24677095303975
-2.11976888546092	1.2753650464121	1.23753996921871
-2.75784258893044	1.61207351831081	0.181595660388426
-2.51051053944126	1.38822328871761	0.991474565224572
-1.41346338599064	2.21586170527249	0.7505754871419
-0.806765777059844	2.08134841562398	0.985033037200552
-0.998188710366575	1.97077136941363	1.1392431333871
-2.34569689286419	2.12762797723151	1.34562506411771
-1.85604933319866	0.869897526257395	1.6545556423647
-1.35996247555406	0.901949562688815	1.90763628732957
-1.50053543441049	-0.0284096725963121	0.699408504084506
-1.60777539190717	-0.37024698548299	2.47600458019312
-2.34000176508252	0.69590151292789	1.04033368401242
-1.37144730454543	-0.175822401957789	0.921933568660649
-3.00828131479217	0.651631228053464	0.298706488414397
-2.18757091533945	1.24755898482143	0.810753835913722
-1.99396666752712	0.162422368117774	-0.00603401225830869
-1.55696305807464	0.722452090361504	-0.24701100326453
-2.11057727405934	0.484048012916164	-0.0735205519535008
-2.42970221426734	-0.215155646593435	0.341046718131673
-2.90029674612227	-0.129601276138332	0.0147313165702063
-2.30045881109399	0.323704574683439	-1.25370520231641
-1.35487459696529	-0.573635934249169	0.04824659245702
-3.2676692308581	-0.0215065661013532	-0.462897952400485
-3.17358846316959	-0.120584745961774	0.819429692564478
-0.148615786104666	1.06106532392186	0.102420819167002
-0.986277388631513	1.11516486854647	1.85430859828742
-0.986277388631513	1.11516486854647	1.85430859828742
-0.772244261816897	1.59390720792372	2.04544791671659
-0.772244261816897	1.59390720792372	2.04544791671659
-0.60326508297663	1.65493369667111	1.64317046313846
-0.831866923197438	1.93111254903418	1.03122530126828
-1.69493024342156	2.24886199209846	1.41949504873742
-0.976199601567593	1.74842161611429	1.73961464337285
-0.786155513954472	1.59690532664916	2.37976275920869
-0.383331255306384	1.22946675100681	2.46725338737857
-2.6951719192603	0.87102043055972	1.19258237859498
-2.52335549225272	0.569171414273048	0.585386273155992
-0.886279310389574	1.57567473924236	1.53948609157162
-0.987930471975782	0.674507267507878	1.89473812553609
-0.987930471975782	0.674507267507878	1.89473812553609
-0.991650451811843	0.962854457754285	0.74903858883674
-1.48035236240333	1.08992579462182	1.04186280451882
-2.42771570104755	1.74897803387824	0.903024843331308
-2.45405521619152	0.90510613940184	0.51384566887548
-2.11231483310253	0.255155081851598	0.561837461749441
-2.43369977249688	1.12304891126143	0.705633519191157
-1.07166908772552	1.28326849122858	0.927816478365071
-0.708605148945271	1.64308519888587	0.844986724666866
-1.72911950973185	1.57776462046096	0.800695022345997
-1.80373455609203	1.06715433667824	0.614035582412171
-1.54336434335246	1.10661728939556	1.78620589472868
-1.68326547516003	1.2650746861229	0.434016990781531
-2.24295340359598	0.907766067171081	1.08383326551207
-0.346697219227917	0.250708161197829	1.45565910374736
-1.32878919583088	0.429750986980377	1.54692305222209
-0.906254406728137	0.380263464589609	1.86481089430745
-0.222614262353024	1.66543379774852	1.47814590121304
-1.87863313152504	2.54869429579672	1.71147176197685
-1.70101222657169	1.45532148650059	0.58793083323195
-1.4593372406627	1.81989747856388	0.87767439620656
-0.901495824452978	2.2524247515312	1.52492411507748
-0.870878332669717	2.07580156659706	1.77060561460141
-1.06555849228068	2.08520066506099	1.38632904921777
-1.16596616324634	1.28295900047043	1.89757158977061
-1.01205648587288	2.44003892084072	0.860373473289773
-0.942786716812986	1.70111584746362	1.75307441336857
-0.986709099269123	1.36161952948898	1.07041661544015
-0.918740206369683	1.34140766592275	0.286710355286448
-1.070885833005	0.270528584475225	0.566207435551866
-1.96177649548109	-0.744857748674983	1.07289453801852
-1.25407675090454	-0.509619522177088	0.805674328337946
-2.34325180186778	1.0861430649898	0.994909636834273
-1.69963867761854	0.294953068969734	1.17060839453695
-1.69454132186858	0.860472603199541	0.619142524026418
-3.08651735835648	0.836280806407801	0.38431009507912
-2.12529655247864	0.122897230093428	0.207276552458312
-3.47274152500083	0.864234568573042	1.1290491011495
-1.89124755740763	0.239716125412417	0.795201229695822
-2.20463468767435	-0.107320037648627	0.634525484985729
-1.33400512995454	0.86511866523345	1.46802033836763
-1.83892317091142	1.48452686808032	1.26057086001015
-2.38072879748227	0.968793401095673	1.48043828356371
-1.68972241618143	0.203835347495145	1.84148138306363
-1.87479320770185	1.05395934113701	1.20622727263987
-2.3776219487685	0.511404017450674	1.28848026571698
-1.93279760511616	0.61354623482449	1.45716659584196
-1.70023593866152	0.178999471065046	1.09480809700641
-1.70023593866152	0.178999471065046	1.09480809700641
-1.70023593866152	0.178999471065046	1.09480809700641
-1.70023593866152	0.178999471065046	1.09480809700641
-1.70023593866152	0.178999471065046	1.09480809700641
-1.39525543886546	0.416384172267362	1.7265341737077
-0.627354974303313	0.403925311422372	2.491475762794
-0.0603031886692537	0.0985762227105077	2.59527953881469
-1.4404350904025	-0.544006787927709	1.45207512258892
-1.98942469181655	0.148646895950053	1.01994201487722
-2.22756778163077	0.741678367262455	2.29127504670235
-2.58218704048736	-0.110947430979997	1.5416130208134
-3.52470805746368	0.468285805396829	0.0928165246859047
-3.52470805746368	0.468285805396829	0.0928165246859047
-3.47771662580648	0.362060454391259	-0.299747648768258
-3.26110283079707	0.3605829182287	-0.23237102510255
-3.26110283079707	0.3605829182287	-0.23237102510255
-3.14809581119466	0.472285435016143	0.168421794253993
-2.88145137819157	-0.297588100053473	0.635152454203254
-2.03444853159724	0.0836316078928307	0.450656236460927
-1.49871267680577	0.307577964918171	1.16879430651161
-2.41365567108413	-0.578208903378433	1.73746172265687
-2.49130085490889	-0.237284250653152	0.706053229695769
-1.40150378497995	-1.25082812801424	0.550248995045072
-2.59021215861051	-0.256342433792209	-0.398862825842175
-2.57160125033479	-0.404841138864354	-0.548558423877319
-0.856382147476772	-0.300527690642189	0.0707690532346743
-2.51882222542267	0.465812055927548	-0.201826127859713
-1.99830369402682	-0.949844049703361	1.85659733702904
-1.90542376731195	-2.24912755878641	2.53188721025128
-1.41233873361973	-2.34210198550361	1.33535162880341
-2.03170067357349	-1.97939987223232	0.790496786268862
-0.833805564224041	-0.599614549374859	1.53025971886633
-1.67493696398759	0.406089651355507	1.70570947368319
-1.27569868075178	1.35321255078901	1.87747935819152
-0.941380377934053	1.85535679003812	1.58782358611202
-0.273658310590652	1.9991287147155	1.82857389486765
-1.34737622012103	2.03637529884786	0.807846643961136
-1.84937482334739	1.83878751566964	1.2077337540116
-1.63161040870916	1.53465880145531	3.09371436670004
-1.43426088193279	0.175391553219807	1.11762982912137
-0.83456954441556	-0.541266956533842	1.38174122854535
-1.86615831777649	0.959872158689787	0.829290270315966
-1.21218296681494	1.48579975103579	1.19445438168483
-1.21218296681494	1.48579975103579	1.19445438168483
-1.10925035243816	2.4633884443675	0.588477205901819
-1.43506477409069	2.08195183986761	1.56536487737216
-2.94953302134438	0.819048603151499	1.77610682200368
-0.583555450297253	0.728401361216635	1.32320475237608
-2.06551464751189	1.61720662086066	1.93396938946345
-0.912988135549144	1.83544852721786	2.01444765788498
-1.60024658858976	1.99356537095501	2.596657598298
-2.28270376751684	2.88409687067059	1.13264294061476
-1.0296144215082	1.48130410811002	1.71584628230863
-1.06450252517186	1.4271743856091	1.71323370110776
-1.29564291591276	1.28540580028304	1.97347706496302
-2.73551408163902	1.19209349715088	0.588153090889556
-1.73359092665524	0.673398636311877	0.0141716257661
-2.87563110422891	1.40845477599607	1.27737374237074
-1.53262459087035	1.38145147328855	1.92800338468204
-1.03238180170988	2.18348439194215	1.0435226225506
-0.880414538329413	1.99887130784271	1.06070828010276
-1.40190962959159	1.63821757142887	1.24889716380701
-2.08534950033172	1.87490504591104	1.31538992521701
-1.51232286293765	2.5568207271809	0.63251823030859
-0.797815103638683	1.11521475675164	1.6711818933021
-0.909228375876269	1.4026857330603	1.70418563209264
-1.06223298631857	1.50360776830309	0.761076540931242
-1.52060695000939	1.69211664241313	1.26552035596889
-1.46151628399562	1.8518622807147	1.29470558927884
-1.84061114222804	2.29250743923533	1.21115960516434
-0.7962019772329	1.14219715044882	0.866975403283734
-2.01261669857	0.52888327582988	1.03085535107595
-2.01261669857	0.52888327582988	1.03085535107595
-2.19029271233554	0.390922026439167	-0.362130726650669
-3.07411328794083	0.653259227734006	0.841127055767138
-2.65891985208787	1.37618332908222	0.563736260716547
-2.68402274142023	1.28026191010435	0.879300651592024
-2.68402274142023	1.28026191010435	0.879300651592024
-2.26089747387095	0.962740338773559	1.41741297612332
-2.17501969400806	0.898872570961841	1.52121425764788
-2.84778001609863	0.374947068580921	2.15746222623156
-3.28150056772236	-0.102046144879111	2.09224602479954
-0.88629964585297	-0.393988437495075	0.890495595718533
-2.81775826705917	1.0343239017216	1.44147047031555
-1.73660853964166	0.99283671525579	1.82173271703135
-1.82759558847347	0.955689516226138	1.38595433998539
-1.72004809387475	0.897504351862122	1.25039439983936
-2.15432179198492	1.50017625727693	1.16130273006002
-1.43430220443947	0.722770016912133	0.726277862814389
-2.19116376330702	1.21623216005828	0.566244149747352
-2.33350372956239	2.05986518141548	1.05911374671115
-0.958592471131574	1.0228395525394	0.970387653476214
-1.2402091174112	0.687321279429683	1.0685412479701
-1.23630629814227	1.37244568314934	0.853873418146311
-2.01820664656436	1.289671388045	0.373307958787373
-2.45635091448466	0.208711357415717	0.470026181398302
-1.66869416905639	-0.10293239723118	0.849862612857234
-1.95913842985332	0.125952686040123	0.933420314685
-1.5734901946407	0.721557475858975	0.566670386725049
-0.752029776143084	1.1489510589827	0.738110746174265
-0.667842521804181	2.06912835245522	1.28314689214681
0.542372912349824	1.50963952694222	1.12024230250604
-0.52236994689414	0.407603645722478	0.907502579915939
0.125051309399071	0.5183131492023	1.82566321416356
-1.30252137040123	1.1384959046772	1.22356992386679
-1.30252137040123	1.1384959046772	1.22356992386679
-1.23487197267351	1.26617238891873	1.25688010834588
-1.60809587965501	0.629786789481716	0.518331314115002
-1.00569820343841	1.08589530648933	1.35642251360672
-1.00569820343841	1.08589530648933	1.35642251360672
-0.913328443955276	1.33351501242845	2.05270104145413
-0.671770994407033	0.532261706217811	3.37473782694719
-2.83648897161897	1.33842798725859	0.186467147482349
-2.64471252816973	-0.121553112158153	1.13694969950622
-2.25756298975668	-0.562742861108299	1.4468806509138
-2.61261365648198	0.412842534426438	0.840803212219381
-1.61198851453755	1.03630291869859	0.878411776361469
-1.80408937167827	1.13828181535581	0.495145426700947
-2.99057841330388	1.45403690437218	0.740776081362828
-2.24818083726932	1.82056879955148	0.74230550385704
-1.97168877818416	1.81074103908397	1.391172284
-3.23321283210979	0.674241755595161	1.13974112388494
-1.6752458539912	0.830273847590231	0.786044455896181
-1.79036816926855	0.388811765334742	0.450832214868449
-1.27076528169107	0.326088918346906	0.854255379574233
-3.48914228658533	0.470917667169912	0.956602482333182
-1.53070825984757	-1.29433501317812	2.50946504511117
-1.41451229055371	-2.43167425147296	3.93301104701959
-1.07084035113729	0.470267732701618	1.02887209885182
-2.95262568337583	0.644727802876291	1.61341404390825
-2.31786572010895	0.629488459916518	0.236971648995083
-1.7638493350405	0.767132512749508	0.289186105979127
-1.61720727025317	-0.53227162384783	2.79180241279853
-0.103642699521771	-1.35585348119018	2.16545080288482
-1.57286793846436	-0.761830889828903	2.34918021808327
-1.32797315058523	-0.348776761753634	1.69606341840588
-3.37002085471314	-0.550527279123414	0.427840965300864
-3.7801275758063	0.408721974613687	1.29298802691583
-2.91417811765524	0.138860315434507	1.26629393727581
-1.55590418341267	1.17762846960971	0.66450267183573
-1.80657285849134	0.927946376320701	1.29727300912518
-1.53578774065481	0.870532618889764	1.54355336387633
-1.75092516784667	1.40494227135992	2.13273509269897
-1.86791829871333	0.644383887615137	1.17160189865065
-1.93776319093846	1.27346948727676	0.377309965414595
-2.38060592722248	1.57273434011642	1.29000592442055
-1.71229212384697	1.1156561182571	0.996223404229091
-1.73366188600132	1.3727582027285	0.704948947390733
-3.05054196613726	1.03352143743366	0.652865442814627
-2.68281487211828	0.633002043877643	1.21212083391517
-1.81520491936055	0.659152840949333	0.853027719707178
-2.17228192521622	0.671365342748632	1.3153832769721
-2.35099989832764	1.06365819816886	0.891259814447409
-2.35099989832764	1.06365819816886	0.891259814447409
-1.88560197393318	0.385994346611557	1.92684734982911
-1.60747046932585	0.00265948402238025	1.35739832245801
-2.48547187720154	-0.150612257909631	2.0412168595166
-0.88725119981767	0.0693516047435373	1.83413472512124
-1.6845370474322	-0.189380924720429	1.62340053676614
-1.18662658138789	-0.185294610951075	0.536999509006085
-1.11468540374665	-0.710863150599173	1.47106040591203
-2.39611811169793	-0.397095647635901	0.559428874160489
-2.29624800911751	0.331660356242544	0.228542195773037
-1.95642572456264	0.1899520161979	0.945422302872449
-2.38783841335618	0.150761304488741	1.20758306070196
-2.40740504560461	0.300960520232915	0.966808260199644
-2.40740504560461	0.300960520232915	0.966808260199644
-2.58430016570862	0.523842266841363	1.20366275589721
-2.64069144397329	0.524129621936071	0.385906384531656
-3.42398328230469	0.402739803705592	0.24914734794764
-1.69870341376058	0.566004638095963	0.846006048683392
-2.2549156751683	0.189655367809129	0.422088273067865
-3.22550455517203	-0.330370825525753	0.675556110595291
-3.92922691663223	0.487076745641089	0.310972232965955
-2.78882651062981	-0.369198578087837	0.612788868546931
-2.33798607628904	0.886764582804003	-0.118146681505396
-1.77574538396886	0.994594727307926	-0.152067771748986
-0.921375844235463	0.645009738490085	1.18750492735524
-0.913788556288659	0.960051878067569	0.561081150851824
-1.52994723476146	0.590664012576845	0.839967812592386
-1.70906040886192	0.480998918851401	1.03814288480605
-1.70906040886192	0.480998918851401	1.03814288480605
-1.4701897310527	0.332011565584577	1.33042122669491
-1.51699369200503	0.580825234405195	0.491285276675623
-1.61424994188133	0.723474813824855	1.04927859218753
-2.01033652618025	0.126270707593598	0.0736839481234075
-2.01033652618025	0.126270707593598	0.0736839481234075
-2.01033652618025	0.126270707593598	0.0736839481234075
-1.16301661570384	0.384757362758861	0.0276494235754653
-1.35971500030721	0.128741375288431	-0.0385591277690829
-1.72066160687703	0.342485782817152	0.15798754411989
-1.25443149316622	1.06397058651383	0.736552293774185
-1.57210943002268	1.37203729911422	1.57909165314516
-1.39526475492021	1.31821932683854	1.3032681690759
-1.39526475492021	1.31821932683854	1.3032681690759
-1.39526475492021	1.31821932683854	1.3032681690759
-0.836506600440201	1.43123860507989	1.04788699007952
-0.743892511328881	0.799035388677464	1.18620553043857
-1.26880081321914	1.16364993883698	0.601329054392402
-2.0887179845099	1.28943521925843	1.25213601353862
-0.804733205456106	1.09084937914824	1.95213097381168
-1.04304682769313	1.18324592753658	2.30800173058343
-1.94836130677492	0.170495073681633	2.65568078502839
-0.89303986582132	-0.195548017189722	3.34742626219453
-1.12880178561194	1.46901282277719	0.977731938514719
-1.12880178561194	1.46901282277719	0.977731938514719
-0.901431367011178	1.08002038600972	1.5013665446379
-0.555273052235417	0.971613341940495	2.41085294555679
-0.114804239358577	0.258186195061544	2.54307757058441
-1.76985621218133	-0.42874746366992	2.15223237748822
-1.79175714971326	0.826366016305822	0.359775400454127
-1.25737003378883	0.841028915927865	0.514021180408262
-2.13304380962852	0.816261737125683	-0.0654175739566027
-1.97547287765729	0.2175547743041	0.555555575029815
-1.40814606848055	0.314044591695152	1.63837618453067
-1.58609888962035	0.339620443518963	1.6646574876351
-1.64499772324811	-0.0847354652938762	1.22302987654368
-1.64499772324811	-0.0847354652938762	1.22302987654368
-0.631390668003388	1.16430478585625	0.989734070304736
-1.56757855331988	1.47870786764059	0.949584216042139
-2.20715399186724	0.192569574381268	2.19400813651403
-1.66754251504427	0.744462221391424	1.31183995059121
-1.30861213548908	0.59202717201407	1.31617409459962
-2.08765955931727	1.01974599081511	-0.682574104070449
-1.89985305399196	0.141958110878647	-0.0953098211858006
-1.91831085040853	0.614909974953324	-0.126007500955848
-1.23246342601275	1.30741059980292	1.03492638574285
-1.05229135554013	0.782590269651399	1.31882386778569
-0.930433028583691	0.643370145851531	0.856237971038564
-1.0682601920798	0.81156593108877	-0.219047685315776
-2.51322992913288	1.20609191657496	-0.360411782003629
-1.08387215185497	-0.112759359313818	0.859573545686869
-2.59973829158239	0.560521344958844	1.2688797222988
-1.26536653020282	-0.565860343020997	1.45515679016488
-2.21814397022765	0.407122900493454	-0.236308643179685
-1.63493269012109	0.710626934367214	0.00315640380952387
-1.63493269012109	0.710626934367214	0.00315640380952387
-3.01494386851426	0.945814935510039	0.906152511325954
-2.04161736133665	1.2720184459856	0.938485117575401
-1.25800736001604	0.422105659864615	1.53731603872443
-0.651493637010996	-1.36056503644254	1.48056309962491
-1.53979455790009	0.249843294475033	0.623486280293651
-1.53979455790009	0.249843294475033	0.623486280293651
-1.43600736690085	0.269251027252149	1.17465710645037
-1.61215578086981	-0.188323103404948	1.78183330361427
-0.651959760366782	0.558986336603395	1.8453554182901
-1.099757061745	0.601982423935507	1.72567024828854
-0.479416882977503	0.183336877425396	2.63579050551963
-0.852953472509139	0.263632828911424	1.63481862190623
-2.20109487153977	1.28789021060748	2.50048804733376
-0.429417059369994	0.72578344342751	2.28722372155862
-0.665184749647725	0.390899999273902	3.64951000466375
-1.5046758598759	-0.18529277567731	3.44088294279995
-1.17023831472093	0.841842223669069	1.37574335615732
-1.17023831472093	0.841842223669069	1.37574335615732
-1.23545267856662	0.62351156103429	1.11861449869407
-0.849797890198436	0.321615253335334	1.50232644446217
-1.25528953493834	0.503517101539789	0.812628683648073
-1.25528953493834	0.503517101539789	0.812628683648073
-1.22892641586537	0.30781078250209	1.3680475952921
-0.992029063559228	0.769346795404116	1.44008663461188
-0.420460041932279	1.09209007923271	1.77683134437611
-1.94919172920177	0.538405276629496	2.265783299922
-0.528009084387644	0.615144094658589	2.55443025628487
-0.373427157830053	0.389734317028183	2.80351307092549
0.018351678756956	0.515329928211354	2.88746231329458
-0.358274351460825	1.1056995614446	2.47695504023963
-0.683562681287221	1.19623424514039	1.87386605044808
-0.683562681287221	1.19623424514039	1.87386605044808
-1.89867415009594	0.654573258030497	2.60957897938474
-1.5731568636566	-1.29618677509793	2.1669304273275
-2.64877401178096	1.32114859564076	1.27867420153208
-1.84433821616077	1.03928311627878	0.713009514183584
-1.84433821616077	1.03928311627878	0.713009514183584
-1.96271427458159	0.46442449215613	1.39751812015803
-3.45089742996974	-0.0225469030580157	1.98823807723886
-2.97357348521159	-0.409503122591401	0.891783511225521
-2.8534270373289	-0.0761190798416457	1.31399192484741
-2.02627186283185	-0.0140944604690185	0.546897666475759
-2.00874973008368	0.40195374048752	1.73582755778709
-1.21139475900957	0.403490289672274	1.22812814550331
-1.21139475900957	0.403490289672274	1.22812814550331
-1.52416038189261	-0.0605194663428617	2.28681199018476
-1.64072618867565	1.22358247629864	0.953180746211678
-1.15295781149006	-0.0264989576666592	1.54725190336755
-1.09451399556466	0.0547911166726359	1.92720725901698
-0.169059013243307	0.494327349766959	2.8613972179951
-0.144960084777408	0.0301990928223025	2.86037385507009
-2.73765783029474	0.132644506526523	1.92645428513151
-1.37100676882786	-0.0956471679236903	1.52727026196349
-3.00633052919212	1.70364115041107	1.64211701918318
-1.24342736984045	0.901362046331966	0.493903440557127
-3.03611299193033	0.337510010836693	2.2065956402317
-1.65856681654977	0.782235229756109	1.27156136727213
-1.27582894750409	0.617595517518198	1.5340793427716
-1.32963405139911	0.114621199722559	1.45109528467654
-0.820644643146861	0.794272050667014	1.02636871267156
-2.5074858507398	1.85187412843692	0.631700686693354
-2.27007974089022	0.827548352622685	0.990536083557903
-1.93680469069793	1.42584740046943	1.39940513384338
-0.618461841566473	0.849916837687241	1.7125073482961
-1.41118903210989	1.20928286526452	0.493297920139715
-1.66118886750736	1.69437737337136	0.792892573961325
-0.976515832543022	1.36563242862196	1.14787117143464
-0.782590294883469	0.495329877776251	1.04616603283558
-1.42653345054035	0.736845086799341	0.983766359326785
-2.69608345703984	1.28925522456652	1.05393394315108
-1.69892938833251	1.38062708976056	0.175328580956405
-1.39311163491462	1.22393038661325	1.10615179243031
-0.748498835044705	0.654776710733997	0.286396760600352
-2.06796102392803	0.362634397191675	0.0304167414564402
-2.06796102392803	0.362634397191675	0.0304167414564402
-2.01082871095298	0.414433663854942	0.0980429246817551
-2.3064340910785	1.40149131855308	0.763362764116955
-2.3064340910785	1.40149131855308	0.763362764116955
-2.89357581922842	0.826024034061811	0.321189816776559
-2.36908444737614	0.460506567367454	-0.541245826249971
-2.95510660686899	0.209627497696258	0.387936589279606
-1.93629424769656	1.27714530102484	1.34888564974982
-1.07071075168377	0.803480936237102	1.91077789296482
-1.76030352570674	1.20232308095709	0.900830288122254
-1.76030352570674	1.20232308095709	0.900830288122254
-1.77125459203831	0.503794693342722	0.46490319087523
-1.71134626820847	0.416605417910187	1.16384129568375
-0.445185283942716	-1.1629453959356	2.1764143951442
-1.12840966150314	-0.701778776026367	1.41725547242624
-0.893929651837672	0.291654901793147	0.412641790706742
-2.01273937637234	0.0131380494843713	1.37063944822634
0.13153136922573	-0.238450573141098	2.57899953622826
-2.35145959565987	1.27182173404341	0.955561842627237
-1.19873092566538	0.29800903668808	1.414405838705
-0.905858445627322	0.676043360546299	1.51361129316878
-1.05661781484431	0.454034919370934	2.06175297153897
-1.29038143861996	-0.0157294605128247	3.03638706404001
-2.14756261592535	0.48887555882887	1.8126364825821
-2.41921971727529	-0.0276629544226863	2.87974549052265
-1.10009050038014	-0.241993505055368	2.12580662280973
-1.14666358955632	0.141003663063218	1.64963462502501
-1.80245503343617	1.20179351690023	0.45165801189495
-1.80245503343617	1.20179351690023	0.45165801189495
-0.704023995147346	1.06916417702301	1.05278382571084
-2.10806580341085	0.788786050739012	1.60857190713075
-1.70951868371387	0.794305888060928	2.10814588414385
-1.05422262205983	-0.179901824989228	1.10662145887893
-0.627433183903294	1.00776844097453	0.591059196627715
-1.40313625985088	1.62053425227322	0.197717107113704
-1.55488638077169	0.405165700845942	1.22664999712623
-2.83227060770457	1.59052054165788	0.474809335710692
-2.10605356214599	1.50555802958674	0.7922562019952
-1.19966028914166	1.27902330488059	0.0565152888882778
-1.71496227153048	2.056271571598	0.141588729227581
-1.42991778277889	0.389233501765259	1.18062479263503
-2.44818500141626	0.800565957228189	1.59654185554942
-0.734778542059816	0.524959854822756	1.00294148143304
-1.88964726381638	0.723108024305516	0.220574615524174
-2.01836056041011	0.276217793575183	-0.033507356101676
-2.39097953420695	0.579288907631667	0.0381755116923393
-2.62109291848223	-0.0101131181923602	-0.0340158732373909
-1.56329245234474	-0.121896281214529	0.385207564379854
-1.56329245234474	-0.121896281214529	0.385207564379854
-1.22420679399723	1.38702985331555	0.930565286024116
-1.22420679399723	1.38702985331555	0.930565286024116
-1.47293356196507	0.231786168206393	0.596377118809366
-2.31982638836596	0.884979857380444	0.643309009627552
-1.75335046322063	0.501297884248046	0.566584861578615
-1.75335046322063	0.501297884248046	0.566584861578615
-1.56212959485348	1.41199225608916	1.12701082433546
-0.981624229282699	1.2370387546718	0.883731860764591
-1.46297662126352	0.962045468882575	0.816985417051707
-1.47503037920901	0.625237897737833	0.780652417671594
-2.09036082467474	-0.056984364538653	0.942546125399688
-1.97898711096513	-0.316280983387154	1.00690697909689
-3.37700731662819	0.589587165214415	0.652907400720405
-3.64653897964907	1.13579105501926	0.155463890679592
-1.85514862034067	0.227906325938969	1.47233977278539
-1.92589229037493	0.441568879376938	0.211492487702634
-1.76023774983226	0.6619917844426	0.516441275660667
-2.18158684038495	0.0450764493797104	1.41957660889061
-1.95003539565843	-0.674283878113421	1.2346170916668
-2.04804742816772	-0.433056023145343	1.25716631723077
-0.969381101303293	0.359215308476874	1.0538043685855
-1.11918354721144	0.948410393703663	1.09014440316346
-2.00913786797321	0.812520337976732	0.174134643476024
-2.00913786797321	0.812520337976732	0.174134643476024
-2.56023451616865	0.670891187705778	0.600960814960219
-3.12351843405246	0.614462805309856	0.313051071398493
-2.32745405971375	0.443863156934913	0.863223002133567
-1.83083522291745	-0.134165508516353	0.0112107003809582
-3.22807572970239	0.0500736968675848	0.872807047672483
-1.72796985641279	-0.115670906007102	0.719739277587687
-1.45652460281953	0.0703922975892317	1.38284869808068
-1.5588685890096	0.615366948877812	0.63037843892278
-2.06835857668738	0.8102438055545	1.05253396413103
-2.06835857668738	0.8102438055545	1.05253396413103
-2.03589552234948	1.00205941689419	0.396168936212544
-1.64898231641679	0.927029186769923	1.31983321676677
-1.43025867086118	0.422601972167665	0.385660191641998
-2.21045545473556	-0.53516606459426	0.632495687476682
-1.91718577706947	-0.302328095890562	0.706734318596882
-2.52004300417234	0.0157351784031576	1.13955070437017
-1.84754697541033	-0.81524688974123	1.90005569230735
-2.21307668712883	0.361537314203755	1.29240696768161
-1.965867756853	0.246835451405904	0.483006926159586
-1.45287043090051	-0.0588953202993821	1.1350583341954
-1.52659120944425	-0.809082752736044	1.80190375370788
-1.37715776413379	-1.07204409754537	1.16516154173192
-0.847539235048544	-1.64968545759996	2.57251714823679
-2.37599594015147	0.0219459459675968	1.04759455278259
-2.60861857754192	0.644762788203936	0.9237473261487
-2.57610752243747	0.780471247760033	1.25641787672251
-2.77751970349552	-0.323641425845125	1.26189117642055
-3.04592296667388	-0.0629224389400857	0.604618875755191
-3.2646690453783	1.07104384296293	0.498090303028155
-0.768563303975662	0.896427274376794	1.71281864653541
-0.959345099589313	0.90922699617442	1.70840111692043
-2.86329767755486	0.818881267443473	1.51978854129374
-2.41078930964815	0.69181268642136	1.72775139460074
-0.836639586566984	1.49012487296145	1.62895175830449
-0.868971885026559	1.70180877784729	0.881304419451028
-0.800818834739825	1.45397747898155	0.928871555996837
-0.9643786972555	0.765918127861914	1.62194992741374
-1.34365297476074	0.796021344390584	1.75108382126991
-2.14591710647017	0.650880671138174	2.63815007118455
-2.45097635730482	0.770996414244556	1.61327338912668
-2.44717067426303	0.743645811192092	1.41050715095132
-2.48867106169891	1.48598246178437	0.940370231182751
-1.52332891785205	0.969127024404159	1.31658051168459
-0.136256963007144	0.675434148937681	1.77060100329396
-2.35270312550939	0.926903898467887	2.41328191430713
-1.85687805758213	0.637693920681084	1.46163172309391
-2.70443483010902	0.905088005321755	1.55181406309929
-0.965873533938726	0.420416617955396	1.12638541203819
-1.08498673256176	0.506688970343959	1.27446503419713
-1.08498673256176	0.506688970343959	1.27446503419713
-1.08498673256176	0.506688970343959	1.27446503419713
-1.54517276882816	0.732178494760011	1.79826404397714
-1.16885132310998	1.34758787081258	0.84447449248435
-1.71638323441141	0.944892286164706	0.0250379834004391
-1.77771781810544	0.964535663062827	0.49135505544699
-0.574635955613057	0.581246813860491	2.50635661897312
-0.401244753955169	0.628936599157101	2.24888748714539
-1.27514309895438	0.688541857809481	0.80524697889346
-1.27514309895438	0.688541857809481	0.80524697889346
-1.45831327440168	0.300952508328627	0.446639098129474
-1.46430965157939	-0.400168597950028	1.05964028895445
-1.84209530175367	1.3043813509971	1.1904927436589
-0.553889044371942	0.450066876112441	1.19760496260179
-1.32464905341972	1.1369913519827	1.94858007808086
-0.726247593606161	2.0815765820469	1.74882696940876
-0.881273131332098	1.53664999795836	1.77054227061769
-0.881273131332098	1.53664999795836	1.77054227061769
-0.859874279141925	1.75439978451779	1.53329812264529
-1.41956146765353	1.11009941960918	2.60699642626031
-0.962737099430416	1.18398120974248	1.92507045780895
-1.77543768714494	1.53380377353622	2.67803746579519
-0.765458210975989	2.08499530042051	1.53290194432786
-0.917618480368097	0.323811056789746	2.22500068793539
-1.95583223380008	1.30027891917528	0.960947789121816
-0.956826434292246	1.17015538750277	1.16676510425534
-0.266130534950284	0.781381619612849	2.60976448233503
-0.859139504526178	1.8377624945195	2.78981978114612
-2.21819535736874	1.30488978938692	2.75528521384736
-1.92377265085177	1.67079239375264	0.822821496885476
-1.67379188923582	1.48951675965981	1.24023683303447
-1.67379188923582	1.48951675965981	1.24023683303447
-1.63627898508617	0.937044047552642	1.46636156948966
-1.1747101366799	0.574256841383941	1.7472782173778
-1.33347528733332	1.39944199843614	1.42500075276107
-1.47720855991378	1.20236852590476	0.978261952109273
-1.47720855991378	1.20236852590476	0.978261952109273
-2.61879177583251	1.05008148549427	0.976896117420903
-0.600006850662822	0.604893385256227	1.96532020784711
-1.27584735121573	0.60576886363743	1.45309125202525
-1.3329933892758	1.16242347288881	1.49044206062382
-0.701657948225097	-0.0474905849640543	1.29173642545538
-0.0249669617799351	0.405200570250199	1.1464582720325
-1.667690222335	0.34424935918465	1.03534075425482
-1.70741526798734	0.786764291198697	1.17578609132086
-1.49159422661053	0.602900929820902	1.07168603635905
-0.556928653361973	0.621212816061116	2.16521040726125
-1.34715543972911	0.876929914954063	1.96172565048996
-0.886690485148375	0.648312450664672	1.74895158786578
-1.97633226266225	1.22015710609645	1.52705391838914
-0.494250537056257	1.21331467849442	1.38011851308295
-1.64687068436702	0.997445783778554	2.0048294841812
-1.52384910778921	0.843179220522883	1.65574936535231
-1.31091934984535	1.66442801161576	2.06006465710486
-0.970795544161238	2.53131150433971	1.36998229564911
-0.969894757220601	1.2555428007664	2.82401290176248
-0.364942813921588	1.68627751068796	1.3699550852326
-0.364603879088232	1.35507187527001	0.702995762651631
-0.714680765526879	0.988761648540288	0.236837423097509
-1.19829259397533	0.57237943708444	0.723812055763842
-0.777753235581563	0.355719348712866	1.13586035675353
-1.18201856658343	1.39003876856393	1.12085013393717
-0.877594894333009	1.0924995712943	1.5746438501282
-0.790458940028597	0.923022960385761	1.85864052980991
-1.67439469720838	0.23909892211281	1.20207299660841
-1.6462047320483	0.617157055588217	1.09014196909449
-2.11546164938186	0.606770413523657	1.89851410332543
-1.9846091467855	0.683971445447358	1.20071422897112
-1.78569609301141	1.51038670452014	0.9060720016054
-1.92264286411532	1.31402606877605	1.62660126407162
-0.913305841636276	0.788303818731759	2.25910954805934
-1.57764231384283	1.8564552217017	1.89446918720294
-1.15660824101384	2.24437572887937	1.55423321780915
-0.915724874529198	2.61375581446084	1.96568544583143
-0.603810265531752	1.82848539970662	1.80691849067451
-1.15174823402147	1.62499648311626	1.83649045032832
-0.820215359704432	2.60554940259224	1.24396629086777
-2.0563329433091	1.81490268529629	2.54935244960005
-1.51661033745525	1.87925041235281	2.78934864969676
-0.64843935244314	0.558297835367904	2.15573830569955
-0.494035105860768	1.538841250719	1.9196348657434
-0.117687155583663	1.63370728953237	1.25183277116889
-0.891248344794241	1.79281525295588	0.845920707510518
-1.10893787519512	1.39511203131754	1.54547422854323
-1.06517327594887	0.990220544563356	1.48696356284922
-1.06517327594887	0.990220544563356	1.48696356284922
-0.82295872039639	0.95742355595633	1.08534947028495
-0.869459308619972	0.761142087562821	1.46682448994334
-1.96892262673516	0.742520409265702	0.952135582793884
-1.96892262673516	0.742520409265702	0.952135582793884
-2.81382656421232	1.44694670562192	-0.0610997125637673
-1.23427692093138	1.36233027891615	0.201841823003494
-1.70421706132672	1.15367354263031	1.78728148800689
-1.86369564877462	0.682832933740842	1.34351500338846
-1.5310382858019	-0.120091297739761	1.31986282468248
-2.2182877569674	-0.128599747757461	1.92513498049691
-0.791362622840605	0.612785709591527	0.976274876711952
-2.8801122906692	0.807837073945463	1.7575744943287
-1.86580692436699	0.227909267518776	1.1935444164574
-1.96976639219047	0.644118491888649	0.769033134591252
-1.80157510974147	0.607487732791768	0.499005426126781
-1.80157510974147	0.607487732791768	0.499005426126781
-1.44061008601283	0.635085571149388	0.165673137974156
-1.49826526240909	-0.163571195927801	0.633534252030963
-1.42133142239707	-0.016791256267429	0.384401038986721
-1.62216316307783	2.1031418651968	1.21925351702915
-1.92618302657604	0.522163694696816	0.847107787873395
-0.442030926774696	0.350481581243031	1.7430399371425
-0.922075397462775	0.122339675191863	1.05229881554121
-2.33743566816167	1.33023420065766	1.14001485888157
-1.55466461579598	0.787262837768692	1.02027645730699
-1.55466461579598	0.787262837768692	1.02027645730699
-2.46073225583589	1.33550812706603	0.876894799076453
-0.935852732002308	1.1764441603102	2.15471599214758
-2.25361131466024	0.734852862665467	1.13650074646308
-1.86946710492132	1.2302344319396	0.933690517540987
-1.72847782726012	-0.00105216622780785	0.960401438379529
-1.06840850241529	-0.336102522331148	1.1237094480652
-1.0613504465118	0.183918308523067	0.411522118169566
-1.33407290355532	0.986344361695828	1.13609331038184
-1.33407290355532	0.986344361695828	1.13609331038184
-0.708155146014565	0.901798567055187	1.12508024646119
-1.30202342646547	1.25576962892917	1.36690243378233
-0.96432732271008	1.16154848960604	0.504640769440856
-0.949891631770848	0.997091478811523	1.72113373091227
-2.20956498090831	1.09137420293055	1.46191129433103
-2.37341029104629	0.353591631894861	1.83553442442906
-1.95404844877934	-0.433339719240801	1.80623214165563
-1.08079512332645	-0.00163067726230667	0.557297258619896
-1.84034976690612	0.425969168955841	2.011858939897
-1.35986491487595	-0.0121852622475213	1.64907349327246
-1.05970515607455	0.147095804562488	1.4758779237378
-1.94256016561817	0.644488308655142	-0.159692705837791
-1.9603789976878	0.199720405093532	0.0455546592250579
-2.96643789429846	-0.4578221090028	-0.320560700868847
-2.80801829495167	-1.1343491719685	0.503398737751616
-2.01676200384112	-0.862351034241164	1.14286493067233
-1.7546457475812	-0.0136194876465295	1.72418009180075
-3.16883044775878	1.2930011682323	1.3657571287532
-1.13499066902898	1.29068604829064	1.08123341523804
-1.85834087629369	0.819736489270492	1.12470496415223
-1.28844634261986	0.571051512563888	1.3410961934482
-1.26669924957462	-0.0627762380263794	2.67032815069259
-1.49530946810559	0.235764835948741	1.07969363969621
-1.73847899746474	0.956384850548018	0.886262223468618
-0.505325751267795	-0.760547022512556	2.8009115103218
-0.707621568731222	-1.36109874357773	3.0044790004079
-1.2037521149627	0.94097360447586	1.09799701759939
-0.856447397650397	-0.124624952824918	2.21247092471059
-0.987551132762164	0.485683122753071	1.55704711705196
-1.52593448449577	1.27812576419583	0.921802576369243
-1.466949052469	0.99647651161849	0.728692034925555
-1.466949052469	0.99647651161849	0.728692034925555
-0.956840240044841	1.69307710260851	0.748600378329878
-0.956840240044841	1.69307710260851	0.748600378329878
-1.35497352235573	0.428628863145019	1.11808306575511
-1.68758754514	0.292097807524292	1.28936554675619
-1.02935988884995	-0.509844910165642	1.13973369167734
-1.25742887173987	-0.328688407943228	1.15345899530627
-1.18137146673121	-0.44001407197182	1.25551126221885
-0.670500179126281	0.242708971765253	1.76069711660213
-0.341923927709051	0.230003939581185	3.65149820924256
-0.96227941989556	0.344142706189	2.16589645500171
-1.06315828044739	-0.788353353390818	2.15824518307331
-1.48265406367393	-0.00384806681074545	0.683716323252028
-1.44325623263164	0.243070233475984	0.774463099127749
-2.13746512177278	1.63084714567175	0.428572091507931
-1.33879632064602	1.15413353019406	1.48466460037005
-1.33879632064602	1.15413353019406	1.48466460037005
-1.88559437773683	1.5290506002532	1.62818933197616
-0.797025158058359	0.951681654195364	1.79420589019518
-1.77870779993898	1.10867788884068	1.988549638468
-1.34407697306369	0.0406865321575084	1.53616607071978
-0.962898049911902	1.4601507031669	1.666540737268
-1.67570083825228	0.251935024170829	0.452786826688415
-2.90588969792255	-0.19401586864537	0.0722801261569612
-2.80903652216937	-0.484804112588941	0.142552561196539
-2.78955637461183	-0.865775966201702	-0.119739978759407
-2.6244087617937	-0.839505068950246	0.0653972179551127
-2.6244087617937	-0.839505068950246	0.0653972179551127
-2.62261005011657	-0.507865420230718	-0.494432294501541
-2.26058825633207	-0.430052231249725	1.41994516143174
-2.13245133067652	-0.256650599450135	-0.300183693767622
-2.63323250830674	0.32274087400538	0.364864719413763
-1.48719224497018	-0.676881961826548	1.01354084091466
-1.46933777601203	-1.05035018231275	1.23471353386849
-1.05544627432601	0.27343289000599	0.21235414566114
-0.775426429353954	-0.365602886331475	1.96422372972088
-0.85344252299819	0.0807784901579382	0.995494375159538
-1.78507656377574	-0.508393503726855	0.73530176250527
-2.46423994042768	-0.590119364116103	0.97852703112673
-2.46423994042768	-0.590119364116103	0.97852703112673
-1.99140722606597	0.900616672821898	0.390890162781394
-2.25444637685749	1.46464899325435	-0.185509710615853
-1.69932612986702	0.0921163526755648	0.271111760310581
-2.13276732204756	0.936067382094562	0.838706028809384
-2.08227088283508	0.946711363173727	0.976061805112789
-1.60150695673011	0.927746232798288	0.587625191223664
-1.60150695673011	0.927746232798288	0.587625191223664
-1.60150695673011	0.927746232798288	0.587625191223664
-1.69761520154655	0.301696604627552	0.149572590262877
-2.72636551424778	0.48290298284897	0.683343594473709
-2.72636551424778	0.48290298284897	0.683343594473709
-2.65562965860851	0.686336419204324	0.776038313900074
-1.45884528818034	-0.860664878433639	2.90944904051543
-1.06030035159629	-0.927523895523393	1.37957603536943
-1.62362212602082	0.409388508371597	1.23963626664168
-2.06143248888779	1.27298893431934	1.35514572116086
-1.80352103024877	1.21240742584178	1.17124183289034
-1.89666394097095	1.12812078797399	0.45311753486792
-1.33222893249746	0.653914097362354	1.26732536859857
-2.4072566862229	-0.123791409916353	1.05609204767515
-2.10381384957581	0.518452755795609	0.0367506547663978
-2.5260120391017	0.872087511593478	0.0859298010686059
-3.21702511799353	0.184691691627898	0.232670296955844
-2.43940948780172	0.476076664632323	-0.22769329535568
-3.22616911055743	0.554393399371004	0.83109781180177
-2.31317409748068	0.310163184889243	0.250586805188538
-2.31317409748068	0.310163184889243	0.250586805188538
-2.40632057908182	0.463920444760339	0.254985288171287
-2.79618516641017	0.2636157817808	0.0913020634556062
-2.79618516641017	0.2636157817808	0.0913020634556062
-2.28130583008424	1.06518411826855	-0.708669666482565
-1.11514996539681	0.594686574167851	0.512115598356676
-2.12778933005186	0.795142742178519	1.13749802205008
-1.45393374423942	0.776451216575052	0.75108465321364
-1.54595844993972	0.859203913240204	1.20579093107811
-1.86013530354494	0.991478687176633	0.79140176962745
-0.601712796671954	0.133893072212897	1.46281221922377
-1.19993982593392	0.97455370250553	1.00538235532982
-0.892376228838425	1.49229345313616	0.968720891379899
-1.33861294723775	1.20097442135562	0.897819566130982
-1.63564972461187	0.757718355338134	-0.531893708992884
-2.49375674828717	0.683987985079071	0.17371485874176
-2.52524710922656	0.681808377803232	0.139766005331258
-2.45271470459339	0.153981272333714	0.491167539573802
-1.826813261579	1.4894192983734	-0.170366196102503
-2.30853438416139	0.126445389329178	0.959532327914309
-1.5982964915822	0.987991741633336	1.3402912893106
-1.77085268884323	0.529014781281965	2.22179830384957
-2.16209192183198	1.75834325305698	1.14317644508482
-1.8626870316083	1.819097513809	1.34789525435442
-2.67804371949135	1.8407313988133	1.53196031085882
-2.04465718833501	1.20617168313228	1.26907882676699
-1.49477104740008	1.14101004797863	0.309947218368393
-2.80889930913147	0.610383570304513	1.79492638717212
-1.61141236287821	-0.0599926673128485	0.363535926511796
-1.41919084538471	-0.130673703587423	0.617655123584029
-2.33257016507234	0.454850705031038	0.189812730668828
-1.11992497171804	-1.04491875076304	1.53751324239728
-1.34899137230711	-0.958480748472528	1.00209908042923
-1.46278247607588	-0.0196960713466638	2.16377387614599
-1.30461805244233	0.964671366490421	1.44535344144314
-1.31439674617783	0.757279720552563	2.22359203613955
-0.963942359760081	0.94930601976382	1.43284353983539
-2.47938459244045	1.51346849435706	1.28192089651443
-1.94094357907162	1.49251735249224	0.541441575671804
0.208422742230817	1.11862431474335	1.21991823961747
-0.465371285473697	2.65159571275158	1.58409698418949
-0.465371285473697	2.65159571275158	1.58409698418949
-1.38816113310818	2.01468088708146	2.17794553720108
-0.272627909577754	2.02942139393192	1.93793114411779
-1.15681346408238	2.23623680469875	0.907565456187935
-1.46192085707851	2.09490121349343	2.02361217547495
-0.486356380714191	-0.132627421302058	2.03057914147522
-1.10728427519667	-0.625635645776696	1.92692056927385
-1.27655950621444	-0.636621278596341	1.59278346759549
-0.995242452332049	-0.0888472193234469	1.47542002662408
-1.98926161202617	1.19792427472957	0.228857280197946
-0.28905051561076	-1.08801264019229	3.42742525659934
-0.28905051561076	-1.08801264019229	3.42742525659934
-0.884149461403057	1.07442217701708	1.91409832345098
-1.29298583050895	0.539871382185429	0.639673175700238
-1.15064238264824	-0.0489337470104065	1.49003657837752
-0.578352413998643	0.729978567751661	0.967078354898333
-0.750124080596212	1.40575495853304	0.827472343827514
-0.788620804877263	1.0954457589215	1.28492728697653
-1.40977358250257	-0.236227231579588	0.865944300678906
-1.09365981392535	0.479110353845859	1.01114892796066
-2.47554343716323	0.22748354955151	0.781071832716935
-2.0249777312345	-0.442632823786661	0.922098927250443
-2.0277990404133	0.248620501290757	0.15515657245769
-1.17756718390063	-1.00528911442829	1.83838439054883
-1.37394240593751	0.761390508420224	0.901292248507845
-0.697041776662655	0.021056397696427	1.30001838829799
-0.627126613280177	0.113414545864623	1.38352167862318
-1.09858398208724	0.354331987733497	1.49834829027377
-0.423778312054714	-0.0129847497745351	1.59175419296927
-0.464175751303562	0.338340098349576	1.95879465208619
-1.29672022032809	0.11758240677633	2.09980903567454
-1.09929888610774	-0.0622181461048763	1.67718335584185
-1.07372151737336	0.965298423648567	1.14828478027999
-1.69780324409396	0.435034804892302	0.239021068781927
-1.5217029525249	0.512980315942757	0.435703802695087
-2.74989745502611	1.75659462418184	1.2233070162557
-2.74989745502611	1.75659462418184	1.2233070162557
-2.07150299011216	1.17676809556468	0.40777801114182
-1.47081810313579	1.26339403220669	1.20323382811311
-1.74794834934893	3.00451327222984	1.48502654316134
-0.928516026343781	0.670675570018937	2.12858802966213
-1.19186741663747	-0.0154397711498473	2.54451792052697
-1.50435948777325	-0.0961117542278366	1.9120817624666
-1.1074244946944	1.75627327913526	2.05168808476634
-0.756002306266583	1.63902050742166	2.28754095789436
-1.17887263806739	1.21788426802595	1.24309901807389
-1.17887263806739	1.21788426802595	1.24309901807389
-1.68600355902763	-0.302146696484726	2.98488916034384
-1.28426305614336	1.60299971851672	2.37737567854339
-0.503707708140515	1.24345575347629	2.28996746228316
-1.45540120414224	2.69862377615591	2.27884912330416
0.0624416622661182	2.27068444021144	2.76330625437815
-1.77415192510049	2.69426246531498	2.17012930940035
-1.24031991824262	2.04067629591936	1.66952067061334
-2.22525413019481	1.66364348783003	0.897309810440665
-1.41260251101524	0.90907455471448	1.99552158269947
-1.06211286847972	1.13470116125443	1.62070416964173
-2.14604484409914	1.67681070348879	1.75590373655936
-1.16313291200508	0.633811575434116	1.77585256824581
-0.822474233853673	0.382035379153179	2.49262708371733
-0.41257663824526	-1.16575993649153	1.77618555379156
-2.08362131705241	-1.02388178672676	1.55128258056271
-0.535391259764892	-1.43797132434754	1.24842865832094
-1.31212463503137	-0.000735159922902628	1.04888308176859
-1.43812962119262	0.0297440927906048	1.18682480560136
-1.08455513801791	0.955770385115195	0.489634873422297
-2.04742776217473	0.72974272045858	0.481969891196822
-1.39897090646364	0.968269449265978	1.04775666112555
-1.65414223534541	1.08821236137367	0.299634400683262
-2.08922686684659	1.78656847187375	0.945533638561985
-1.66924370278307	1.5418456628256	0.836362806315402
-0.984531888935133	1.63998860778187	1.69002859442613
-1.07556355321237	2.24523156457971	1.8191784228797
-1.90762755651312	2.26552173172651	2.00734289125878
-2.3929569643816	1.88827195792288	1.2414860713516
-2.3929569643816	1.88827195792288	1.2414860713516
-2.69623720025258	1.87397138032226	1.31930106781859
-1.9223296014004	1.94857063522818	1.01235176561683
-0.801338555593704	1.63489266416168	0.823434056922875
-1.47247476632084	2.52084491769068	1.06274840815681
-0.185464751605372	1.50094524580764	2.11085726157061
-0.703153468380344	0.851252779541305	2.78885064179835
-1.18390516130983	1.20116080846354	1.71228815834049
-1.40878734028975	0.620744140300612	1.64212655041449
-1.80120136482541	1.35313824456074	0.548703679671719
-1.20321362808523	2.53310692881736	0.413994015221328
-1.6643536910048	1.53152177366094	1.76723000470986
-1.20675998577997	2.11718484063874	1.65543010983155
-0.772463492101254	1.41248409999848	1.53047232123984
-0.900492875493773	0.04148220711423	2.25613916886045
-1.13763732123791	0.10235170937702	1.02556480819155
-1.71420409471797	0.0743815223381976	0.754446148493284
-1.71420409471797	0.0743815223381976	0.754446148493284
-1.71420409471797	0.0743815223381976	0.754446148493284
-1.09785639097606	0.206576491587371	2.0765605029891
-0.255880977115274	-0.502609195894609	2.86511347372407
-0.334500287955341	-0.142764261418716	1.96276471760415
-1.94121793760434	1.69295998186265	1.47436719540008
-0.135537840099062	-0.257673308779405	2.20144848209773
-1.5166169538667	0.828707028071695	0.84751336361776
-2.94016265490514	1.48042233092905	1.22041899287899
-1.0186208037139	0.58297462332139	1.76145726675734
-2.16716446476424	1.04026022418349	1.59754972712085
-1.71747116313947	1.16360684160494	1.47072307718596
-1.01010186704384	0.908045695194113	3.37681681361062
-2.20339496545758	1.70732411887034	2.47190399069883
-1.94850425238363	2.19072999162073	1.92630349152306
-2.01014966963405	1.0742489239192	2.45758834211845
-0.220287077708753	0.105363361826553	2.67301775428985
-0.447352244811967	1.46927307624546	2.37211661247476
0.0896900693856323	1.66057083826449	2.95019344928987
-1.00680788107568	1.60767577264578	2.64610162543988
-0.417918651765219	1.4640852367439	2.3304295446853
-0.319977741647177	1.46000002039932	1.2404590512704
-3.06214042633501	2.09902245225499	1.62968561467827
-0.560601464343039	1.07634330721655	2.0205392125957
-0.867468397134664	1.21642596889443	1.67210804749206
-0.509562081684345	1.34831154497576	0.880973430378624
-0.921730096660221	2.19135669140159	1.80304726243958
-0.485852425682914	1.42333029504011	2.12634432579543
-0.485852425682914	1.42333029504011	2.12634432579543
-0.238349069922939	1.36801906538703	1.66682570137975
-0.910809541446758	0.701248471592465	1.30869933209718
-2.13492633674916	1.10749594215307	2.20074587637456
-0.932020957741518	0.617981118681778	1.30774132202925
-0.454605329968973	0.421185384475083	2.38740471574829
-0.33177767129093	0.890532077626441	2.76565212342849
-1.94464148277061	1.40042142970417	1.61898624258452
-1.76961899434049	1.55807340338448	1.5234091607366
-1.76961899434049	1.55807340338448	1.5234091607366
-1.76961899434049	1.55807340338448	1.5234091607366
-1.5964581145426	1.74542158098963	0.473471413960782
-1.01464555329335	1.03867852807525	0.449230705147712
-1.06456644169562	1.04811237288102	1.57729099624441
-0.799073984263708	1.62614583023731	1.23347658462614
-1.3337348896217	0.186087142695307	2.09014340603054
-1.57961114267657	0.427867952979867	1.19612711921433
-0.847035152161723	0.527919013896458	0.978327165892797
-0.472694571944438	0.812327459260468	1.64812894012978
-1.47030114627485	0.29981759887717	1.03694110495237
-1.68019080459007	0.276812528701627	0.695761414024539
-1.81848539673295	-0.813477724716313	1.01790024012146
-1.34908011996583	-1.13732670363122	0.84914046460578
-1.34908011996583	-1.13732670363122	0.84914046460578
-1.30801823115206	-0.956858058416561	-1.05683241957413
-1.1300931241719	-1.18826607720893	0.877336360745209
-2.26242806856096	-0.438879124090622	-0.0716271500978718
-2.26242806856096	-0.438879124090622	-0.0716271500978718
-3.39872855097993	1.12797107535024	-0.479397932063864
-2.90105469649589	-0.0189837437005065	0.870242924801525
-4.30957446232176	-0.0280043639361838	0.777044010580377
-1.5530312752447	0.168932567909101	-0.691766802971493
-2.73605875415198	-0.155617311766552	-0.134880947742292
-1.97026908175675	0.826824783618489	-0.760748437072135
-1.77489447073203	0.84760261285717	0.120673769971209
-2.13855432547524	0.901989737236122	1.0803889122039
-1.74377452392715	-0.301217650933336	2.29912571870397
-1.96245998383614	0.0495033092562283	1.34351638848093
-2.20997277932727	0.40537955982305	0.999648037626746
-3.06897121513394	1.0177851490066	0.796774838870459
-1.74352702629604	-0.624792681101996	1.2561600517913
-1.99953755909647	0.573948204375155	-0.215797668176969
-1.40761186407416	1.6071693505079	0.0746789379343121
-1.11744244999215	1.26748324596616	0.0358838400593396
-1.22088991039781	1.8380415589582	0.742033598577518
-0.940937609372956	1.55214153713092	2.0037168299934
-0.0958544408082851	2.41227039826954	1.20958051891228
-1.07776470551081	2.10989076649055	1.97230983413036
-1.75635543342703	1.86051082748572	2.33931577039108
-1.35425907478008	1.63607152220132	1.09195647791607
-1.35425907478008	1.63607152220132	1.09195647791607
-1.06563550014216	1.33725955682633	1.26309661639634
-1.41084319047442	2.35219357273527	2.94748444932745
-0.535469137260887	1.38492556283899	1.90467724908113
-1.12590546805556	1.02710466342549	1.68199262644668
-0.776930972907519	1.34959668626984	1.3590667668182
-1.45344866518	1.27830687392862	2.23574654862957
-0.930777913444946	0.960313894923697	2.40058804948807
-2.84478017547382	1.35882240895466	2.2741192425224
-3.04924858275126	1.67015458638231	2.08404041320965
-1.47519383860284	0.402965523811723	2.29565801413173
-1.05817918088726	-0.542743232234883	1.39592417194725
-3.17309123815635	-0.710130905773292	2.64488349376929
-2.19715406379652	2.38467862455082	2.38017081078854
-1.35169558855685	0.898246424894614	2.32275816659062
-0.671344595557777	1.47476908870702	2.05830855722196
-0.670601865149451	3.48413687615875	2.86665682441716
-0.646450412543567	3.87757056120653	3.01420818077576
-0.143224981107618	3.50223913645957	3.21204806850638
0.15761614472843	3.21515329169732	2.56833731559986
-0.286753852979976	3.03617360855226	2.92562463033588
0.541161110701115	3.45303554659447	2.13393670127759
0.750744088854548	3.33007731640432	2.26953591683801
0.955376924190673	3.26530534328281	2.63744403149396
0.404033125503563	3.39622894635393	3.74029706175244
0.0942874391252917	3.95688495596823	3.35479465139572
-0.265219197932207	3.32916517801532	2.6648094809689
-0.123875379655135	3.61872459831749	2.53910984385702
-0.0476102787226909	2.83887050632046	2.57743234510156
-0.0476102787226909	2.83887050632046	2.57743234510156
-0.28369741566101	1.70583684763541	2.08723656731516
-0.897379135212305	2.15440774712642	1.36009800511617
-0.4448199893697	2.54379384608736	1.97751477596711
-1.18963697398972	2.15916052083263	2.32757450479695
-0.710607923441155	2.27389130212555	2.62592381940909
0.255203224264543	2.4225378066572	1.80094045928608
-0.102230336592566	2.92228845419638	1.63447872949704
-0.158489119503652	3.14026567266388	1.80685737423068
-0.299971758090446	2.95549473212633	2.29934562004593
-0.0114586062206899	2.98484126110273	2.17949988954526
-0.162648568636923	2.82986834671792	2.37525613229185
-0.162648568636923	2.82986834671792	2.37525613229185
0.341654978877307	1.9174304039025	0.844616403953305
-1.36960120169905	2.07907672084883	1.8300357710355
-0.137432896243839	1.80608044629794	1.95811725871445
-0.468988003180209	1.69018668541532	2.17604689208069
-1.52246006280596	1.95276309659902	1.39312934168138
-1.83900798590667	1.49744708862856	1.45402987553926
-1.18979512248035	1.39614155778804	1.38666184886593
-0.71677151991533	2.03527106226014	1.87370733945207
-0.971848411556107	1.72075097040412	2.06887304998631
-0.714534920254468	2.08547394151963	1.39955616012141
-1.01027482875198	2.47302635421578	1.05013780327859
-0.414843690345027	1.42800529390842	2.50418091196114
-0.664479509056292	2.10869782856529	2.2359947220581
-1.31879924086575	2.37645019393706	2.63460125823349
-1.31879924086575	2.37645019393706	2.63460125823349
-1.05004035816295	2.30577157484967	2.60825710095287
-1.06833026938876	2.17974533712392	2.86843387437434
-0.958005280265719	2.24184503327612	2.28881205928432
0.227103658264542	0.838650490455299	1.32949853445817
-0.304093871099341	2.0250577802532	1.58685764690873
-0.652452446492007	1.09598273078205	1.23652054979575
-2.10519884233262	0.530037368800159	0.763095852606103
-2.10519884233262	0.530037368800159	0.763095852606103
-1.90293277634007	0.652691523957919	0.876657048816098
-1.98917335006542	1.60328769885364	1.44711518747889
-1.27170225121274	1.58990500627666	1.04279708574555
-1.64396109690171	1.80469999726489	0.646818812965433
-1.87996825673676	0.313526526713974	-0.208155686921652
-1.61717299806896	0.0706179090138804	1.07637855272289
-1.47201307500708	0.232224645262306	2.81940198335863
-1.63806115074984	1.13156482912601	2.16940915778769
-0.952376527893455	0.233551035349368	2.56076183382639
-1.22674491495046	0.896977052222373	2.35987030517145
-0.487615970822828	1.15025875654682	1.77459737870329
-0.918618591840968	1.40299617905711	2.36734058567493
-1.17207624844299	1.4990154741463	2.03926166397863
-1.61896098496912	0.645774391668522	2.84936907265656
-1.46526039915233	1.39305054893744	3.6019733241112
-0.919209442795811	1.0406947878507	3.39436302605256
0.0853906534568898	1.57351823434215	2.34153786067277
-0.926370341061478	1.51072626515495	1.51780451694932
-0.919614753354522	1.52374958312657	1.98141949689226
-0.54713232771354	0.609561490601383	2.30459122516676
-0.379751240107996	0.216436095680048	2.04561032389405
-2.02626034025345	0.127218884253468	0.952001898625087
-2.10125030783367	0.618659363996746	0.562510135164951
-1.87002407443453	0.463670409742515	-0.116223784290459
-2.13796775660096	1.70326573514873	0.618469130771591
-1.72128730938476	0.636141613343764	1.00344121861947
-0.673700447174488	0.56072504568497	0.960162022957112
-1.519394683509	1.08604606597723	0.366215477984384
-1.87596388130237	0.717985599934036	1.21216313876763
-0.963503800529254	0.215643993535767	1.70831883836392
-1.63584135642958	0.852906551009283	2.22378794319161
-0.371900951832629	0.888073777872002	2.73758139458487
-2.37667009155354	0.617625116143309	0.920632309108281
0.186086160060527	-0.263551724077466	1.15040602901235
-1.09989685208119	-0.328718418829311	1.6295357191964
-2.0849843012662	0.88849377269669	1.31737512219658
-1.3464146766235	0.478911465041974	1.55012274551664
-0.928782354277738	1.85645242896524	1.41123582785155
-0.607210230901209	2.15913960421044	0.275233158532162
-1.13610302793011	0.968149977614462	0.680286816324624
-1.66643152437065	0.709020242218498	0.392777565559119
-0.884154326685257	0.676871447234557	2.2886887964909
-0.847458123711621	0.596265556512679	1.35466972822689
-1.13901210701659	-0.00757928423273402	1.16920032008541
-0.748040651587241	0.226227330545555	0.44392947773674
-1.71804740725914	-0.976504965545735	2.40784152005951
-1.65263421345354	0.395650065618987	1.93055917658246
-0.69433844244649	0.326819230443561	-0.0758811096842074
-1.20221431706624	0.501534460150525	-0.0515331006967468
-1.16382412780217	-0.0341219346865732	1.18372837933574
-1.19168462917955	0.356422073393731	0.516588693553369
-1.19168462917955	0.356422073393731	0.516588693553369
-1.82865494429072	0.0887938618094362	0.724701277438336
-1.82865494429072	0.0887938618094362	0.724701277438336
-1.5499902756308	1.07089490177948	0.147177544397439
-1.74329546938749	1.0855457644389	0.375688957682124
-0.752321968768152	1.27872019344322	1.67305271532224
-0.0805105599211968	1.22261768563359	0.811411611032038
-1.24926517283891	2.00585954013079	1.23237304006217
-1.03482349118501	1.75670706424052	2.03521123558319
0.196325366950981	0.460281386282081	3.34507968836838
-0.241133261365902	0.476584234314114	2.91690580592007
-0.881545770993961	0.656773489236178	3.97130898674016
-0.62915103913013	0.531806783659397	2.38601448059225
0.0263810696797886	-0.383731435203404	2.51696886712468
-0.0626922562536212	0.140509988635669	2.92176611553022
-1.44600679570882	1.14884915700008	1.60127461713151
-1.06261488257878	0.862281601556752	2.30943581190873
0.333340421774817	1.1774077767134	1.96757862260791
-1.00716422378773	-0.367450638162865	4.38012568142406
-1.08306835182742	0.217543266036185	2.4144014108947
-0.992833132777438	1.88150032030238	2.55622899570094
-1.1389842596682	1.00921064757633	1.35640296093179
-1.00289677987643	3.00112315677996	2.18747780461186
-0.932670977032916	2.19422937717972	2.98210894834169
-0.486703273097698	1.96393685733519	3.25782240120872
0.568979646402542	0.748828238236177	2.85326054100814
-0.494108071238828	0.538090298481543	2.6782543737505
-0.396978488946421	1.24857754791708	2.86541205240039
0.436658875292242	0.431039549854719	4.37861662171457
-0.602602962144188	2.30158524715147	2.76262212170567
-0.00821655247704267	1.72431001339294	3.20435131531147
-0.244878165059725	0.690322593960303	3.3752346000328
0.184060207421995	0.428171943288167	3.16060078766772
-0.14616896859896	0.924154558626665	3.05957150206515
-0.613879816801722	1.7146223324057	2.23049600038678
0.591908331970571	1.62611024953411	0.757045653013197
0.584506491455232	0.121329733644733	0.928095794672835
-0.312305591049849	0.462837308528554	2.30297817797057
0.197997938579563	0.673919580411782	2.13624916533591
-0.629271004260151	0.236497365543605	2.61445346654054
-0.875370811627768	1.053831813008	2.12318562709525
-0.785467059398951	0.950873487901644	1.14651112942245
-0.54730807620162	1.2173615951072	2.30930457621265
-0.577778295675754	1.1089046704293	1.87387147376772
0.406499206620836	0.908714917326385	3.56968239758686
0.631437666076501	1.08576171220897	3.53479773044003
0.631437666076501	1.08576171220897	3.53479773044003
-0.670270531757435	1.86749263217926	2.90387691990326
-0.563662768608394	2.45110858091877	2.34926528917209
-0.563662768608394	2.45110858091877	2.34926528917209
-0.770470201320013	2.17780200178518	1.6684946894803
0.0212281208307052	1.48322447253192	2.65758635235921
-0.936045543782267	0.393352937640303	3.23037532614812
-0.841338823911173	0.509661299473877	2.94233935511046
-1.16141036153897	0.879768517331557	1.47692655502423
-1.16141036153897	0.879768517331557	1.47692655502423
0.517330230361408	-0.0856485829621747	1.56403035313059
-0.718363910683804	0.781031531265338	0.877364329696878
-0.970072838283388	2.11274616957531	1.24733707694472
-1.09022638786451	2.01967446949322	1.37992936539886
-0.201398988514055	1.49406124106366	2.51586324201591
-0.309940966699325	2.70467116384914	1.35939637776006
-1.20365960146496	2.47908052421245	2.22276818100136
-1.39581799329091	1.65971528751502	1.16614044238234
-0.887740550872643	2.2473772261378	2.19348088259641
-0.914907518358113	1.97165779519467	1.61656753737517
-0.914907518358113	1.97165779519467	1.61656753737517
-0.914907518358113	1.97165779519467	1.61656753737517
-1.19526834146052	1.77112732129666	2.43037915528971
-0.34776242647448	0.420285458903382	3.12904768995013
0.0821942853810513	2.23931602696669	2.91589559869733
-0.169195363551794	1.59367209414993	1.28725309992337
-0.421670542698242	2.41686944299678	2.1826026499719
-0.650245622746701	2.28374702309601	2.85910774789328
-0.650245622746701	2.28374702309601	2.85910774789328
0.0244127008960025	1.90707155489429	2.6509406564102
-0.0974563488220146	2.21703009639639	2.23778181400985
-0.69473313050432	2.15712711724886	1.5643338743598
-0.764031138456525	1.9563188747693	1.55308823488598
-1.27374414863013	1.04439446091129	2.98127602309385
0.16780347266677	0.0423927979515984	3.07877854763136
-0.0640928145001126	0.499219323473766	2.70169260966157
-2.11892637611891	3.3535283913299	2.81560070697734
-0.26538329942539	3.38447753261781	3.1694029152728
0.149928417641653	1.78118985370673	2.44026889500751
-0.895327206026034	1.6044739694107	2.10148776778139
-1.29729654677978	0.798380314634844	1.22814243710004
-1.1268060639198	1.0077598967594	1.6042683761174
-0.707877913665923	1.94901617899457	2.24607805752561
-0.233306890368816	2.22115116222467	2.34462848890127
0.260751585621559	1.7629774090583	3.84774972341127
-0.518863542882697	2.87087457328214	3.35154390817209
-0.504136399948074	3.32565727266902	3.24321718678241
0.349635370657454	2.2225280230057	3.08103416525297
0.557141684498682	2.42585173766275	2.05404071803776
-0.033817087978219	2.50525774075211	3.8929871155526
0.0376167143567568	2.56922042757889	3.55609487187099
0.122935511937801	2.84145481178815	2.55054191290005
0.64784999197717	2.34056319662635	3.18712725467089
1.06860541480266	2.69390938757092	3.64719534472392
0.0431519649592005	2.60573695610194	4.36061044539192
-1.56747858091289	3.07818220895506	3.0354797333115
-0.133111279979607	1.38143876597217	3.77065134811916
-0.141738917145823	2.38579378565274	2.04176434247557
-0.141738917145823	2.38579378565274	2.04176434247557
-0.343835987719386	1.85329866229542	2.62602207630732
-0.343835987719386	1.85329866229542	2.62602207630732
-0.124728128345277	1.47768407813946	4.50908849024219
0.457954275435312	2.18180076602295	2.77170623046772
-0.0317769497157203	2.13110915999409	2.88063190292933
-0.164016965382668	1.67144862276035	2.33653185971886
-0.337410603455137	1.65458059434043	1.47842879385953
-0.746433420889385	0.969158904683719	3.47630503562044
-0.807919783988751	0.0291817857001838	1.96181670347266
-0.755201404231315	0.783010253669029	2.33238621747199
-0.404385088384635	1.07020704470947	0.827199354731662
-0.582880585276156	0.986502856107371	1.54319770411877
0.237082462903117	0.885116363651227	0.872160965533494
0.0667150630400771	0.957782731020788	2.78879589966285
0.198844613888988	1.22564174267217	2.97772218839835
0.2573389151419	1.12322293766935	2.80127118454673
-0.151116904145702	1.1985409931241	2.97432048054571
0.0393442952450521	2.17120382031973	3.35879509168499
0.195545313351042	1.31142777200358	3.41394520960255
0.260075301894505	1.57807768760665	2.96554218497775
-0.249048610504387	1.18352606300101	2.30835134819781
-0.641785076752554	1.7453057066338	1.89913270589317
-0.641785076752554	1.7453057066338	1.89913270589317
-0.351938547257459	1.40711058061425	2.36710009229154
-0.207773937380485	1.14527857456098	2.55056004389729
0.147442015644438	1.20676611139777	2.37988971373859
-0.152524753497753	1.97274178054952	2.21722921327243
-0.220660956493353	1.89376057792475	1.10225391212919
0.0556204747230672	1.85178700090304	2.10899308162248
-1.0728200944603	0.931397388643254	4.30260792828576
0.0452044858968492	1.50997534342194	3.16671136487893
-0.688710828362351	1.91528752253789	3.02595244620721
-0.807488165504275	2.45337484631835	1.78286064554201
-0.807488165504275	2.45337484631835	1.78286064554201
-0.302043305738095	2.13003674536152	1.30726656988029
0.148134584719887	1.4258372922465	1.65314822338202
0.148134584719887	1.4258372922465	1.65314822338202
0.357979783724169	1.38245713056902	3.74573994880498
-0.254845572174611	2.04091383911129	3.58709941412975
-0.10915441132727	0.60854519609864	3.66816942076769
-0.167645999110884	1.10906328422417	1.98682757688448
0.159237551596772	1.18192680199133	2.80565736613455
-0.229244520132155	2.06913309015791	1.9298247894834
-0.384132996667665	1.94735262174498	3.01452676877272
-0.367626327733482	1.55482332140471	3.04188138018044
-0.555236798810346	1.47375432336039	0.999190392576908
-0.347668701375879	1.73159569175059	1.19116910344234
-0.160350229524179	1.8141727806541	1.45530535453899
0.0394278069149838	2.22890977633029	1.55563645558857
-0.341819564022509	2.22697059201367	2.45906004533611
-0.110430843567457	2.47846541007681	2.63388554983056
0.0171434112682118	1.99684058374305	2.46629401644773
-0.734259191809775	0.790837163658295	2.66342478879953
-1.57389263056656	1.32372090902486	1.97961692450166
-0.178541440860448	0.925104803676273	0.893425240633255
-0.0197977101165062	0.945922756495316	2.20772660140829
-0.455514497928885	1.92813857477995	1.61038067821147
-0.369399142765279	2.31586310216755	2.67736069599568
0.332282670559619	2.83593636618511	1.50303045444359
-0.521193383380938	2.23287700663243	3.01379482082713
-0.6561356098425	2.17595180603984	2.28205526077109
-0.233524222351224	2.28530348389849	2.06726680407255
-0.387967030077639	1.9825265308141	2.38243423478
-0.691466350879236	1.82587891390193	2.76314895360624
0.0115321825788119	0.626622846796785	2.87658474657477
0.0470844653478273	1.74335344548137	2.21151355562121
-0.176372779218649	1.69022262349725	2.23785565107161
-0.176372779218649	1.69022262349725	2.23785565107161
-1.06125071532636	1.39977973654716	2.01038872589338
-0.559140298657064	1.22672099318233	2.02451254737287
-0.426270011206361	1.89483235592337	2.67806375790707
0.313704344045028	1.40839877160455	0.881347792945394
-0.649302706732518	1.94826536535612	1.23329698470465
-0.750889642145944	1.89519750509882	1.64288994934526
-0.0827930444476823	2.29082497406083	1.74351537698209
-1.32042366734198	1.24010853767877	1.6594280938577
0.0479653824712871	0.886627427686571	2.22949734421742
-0.250714433892437	1.78312732648141	2.17488085648395
-0.377452065868913	1.49711137955625	2.09986159992278
-0.806929800252196	1.29171800068976	2.00807706371904
-1.67867304515152	1.23652617338871	0.665178071396553
-2.59232613621612	1.07012125267928	2.29854740091285
-0.789376461531104	0.941733186923872	2.34221650548093
-0.619036884671067	0.631603824435227	1.97333283290504
-0.825911895740641	0.88037064607817	1.64280343713307
-0.911081571481739	1.0651090248677	2.38319243549328
-1.12602850832614	1.50293883565777	1.40315238108271
-0.49158497671099	1.34513122494828	1.88108426120029
-0.684212054413448	0.720398648543501	2.04472966698808
-0.684212054413448	0.720398648543501	2.04472966698808
-1.72096933789515	0.447375314999038	2.10899941244681
-2.44418574584846	1.394344746163	1.48038895592099
-1.10031864197936	1.28883934458687	0.598934835068473
-1.10031864197936	1.28883934458687	0.598934835068473
-1.12989174627217	1.19385932140167	1.30724616051775
-0.662374121345114	1.51663794588935	1.58537110806221
-0.688057063531844	1.59602531909079	2.17644891680228
-0.526670449143983	1.25165454406206	1.83724671586818
-0.255246290786307	1.50072860874766	2.43832975441056
-1.16390308252252	2.06271428699492	1.90124205613417
-1.39291171692449	1.0109822660245	2.21729985738554
-1.81419938159689	1.00203482506553	1.33157760092496
-2.08704723666936	1.09082342063811	2.95070191267397
-2.50376062588744	0.9718055338094	0.62695574686999
-1.73207120775278	0.826727734118816	0.410662963898234
-1.1457335449433	1.35442491190161	1.07741295908353
-1.17298938155748	2.03648745388408	0.66863954163025
-0.21993673812687	1.53092579243295	1.47936410785905
0.603208667398004	1.08850799005762	1.29731073862105
-0.354524201251804	1.60166353787427	1.28425421456189
-0.479219429520593	1.24980450934739	2.41881475143548
-1.06055552186102	1.30245282071667	1.45338306407798
-1.86638539875459	0.579625337341301	0.397649530116291
-1.86638539875459	0.579625337341301	0.397649530116291
-0.874703287368807	0.393467245019889	1.10782703787699
-1.30505932437214	1.12834355053746	0.544632267540724
-1.29369783977449	1.72029324610626	1.23412879018859
-1.72101100487626	1.20302953606782	3.21384341642338
-0.767853359205956	1.50702041081434	2.21386463186718
-0.61268842689647	0.732183568660626	2.12281526121708
-1.46924128833638	1.78130815561825	1.64625851639462
-1.21176372674436	1.64339812786494	0.677099947797246
-0.91391262690625	1.82712449727805	1.47661866956196
-0.987523288572589	2.0319214072125	1.61190564580776
-1.57575258323041	2.01559239232314	1.81671499757264
-1.22452622647119	1.86885527700691	1.99959696383447
-1.22452622647119	1.86885527700691	1.99959696383447
0.456871519133837	0.873441169135185	2.703306382158
-2.08097901274526	1.10084157104425	1.22160785960937
-1.75601947049616	0.00629664650785178	2.55372908655461
-2.01603483868347	1.30044556896247	1.75003513722765
-0.660439892662702	1.38881606999875	1.50420261232265
-1.28709016990063	1.53024475430083	1.78378284689159
-0.908233746705576	1.62450123277072	0.74482801050181
-0.971926660275585	0.990857650398057	2.16325325369333
-1.06096210821213	1.51059627587063	0.808203864007114
-0.670313378081081	1.24478196375177	1.12805130828394
-0.103891110253796	0.427717778931753	1.18540568457531
-1.90972078103715	1.17917823622165	1.58823517226044
-2.36712508434943	0.717559167529732	0.549118670491016
-1.65806449605796	-0.373626989977264	1.95082281223414
-1.08844468637448	0.0277317347438855	1.30353507304631
-1.10471316963595	0.382157814521766	0.991174614599659
-0.57063578192506	0.152295183017532	2.05752033830143
-0.703414800035497	0.707516837076308	2.14065766440463
-2.04572173622664	0.804307414678018	1.44227837527689
-1.42376558727999	0.508254375884381	1.51205327099618
-1.25229524162232	-0.299725870643699	0.544240219123684
-1.45879789903545	-0.01608975797318	1.94997529025376
-0.549572772721987	1.37974931645431	1.4056952062558
-0.549572772721987	1.37974931645431	1.4056952062558
-0.450443921081488	1.11417591989274	1.65813924608617
-2.03500680310234	1.87902430567544	1.12267087916117
-1.88420025306444	1.96869248632966	2.75829760936912
-1.01557773092229	0.933929321904128	1.73251149106067
-1.28006289321909	2.85750844960498	2.17099088703981
-1.12005471544384	2.42546238760749	1.74150911624436
-0.812228577603728	2.3938512118669	2.68317118884875
-0.771936046366872	1.81926828777607	2.58836108499633
-0.794068635444084	1.16593523032315	2.40779751268764
-1.01503169317938	1.82859808141426	2.56099364174834
-0.507637058335988	0.244391885747901	2.91138002084674
-0.691401697722503	0.60592285155976	1.93533447247515
-1.64156562267994	1.30527015278619	0.260679893551586
-0.639731770178799	1.81109559904501	2.2904225733009
-2.20939699996095	1.20461081438584	1.87518353925553
-1.69882572551136	2.00641583068014	1.00800250962715
-0.480707976825798	1.27373318037632	0.800742571380118
-1.1849183333125	1.83389119706186	1.69350483530201
-1.1849183333125	1.83389119706186	1.69350483530201
-1.31944880662979	2.00415387718457	1.1423031010126
-1.41336704610529	0.435085514229599	2.23814942324363
-0.961019014735667	0.5790444690865	1.92451136297713
-0.701097290370921	1.00911362068903	1.43966038234832
-1.35819793523644	1.53276933971272	1.31494391326765
-2.11057499356943	1.14194132672649	1.27449489741847
-1.78120180097839	-0.0991362775490204	2.45859919681264
-1.26930588788396	0.645894073241309	2.5878577273635
0.553233125007537	0.780413033829336	2.54976886106897
-2.11260140842229	0.970107559573749	0.975860698801461
-1.51195163680578	1.44175709636794	1.2470938658682
-2.14255963791861	1.09475556015556	0.915189539589675
-2.24067229751291	1.06434045687272	1.82973854535219
-1.68505381813886	0.56441850954422	1.35303225821336
-1.47692094644969	0.255676831998013	1.52957063031176
-1.82359627310589	1.08634131060925	0.317542451646081
-1.74436037402102	0.958919403350938	0.673067512750093
-2.81210328078665	0.989625255716707	0.435064842200419
-1.7211181273639	1.93476254292457	0.718677863514316
-1.61684108149009	1.21804830112516	1.53860992754325
-1.62341419303057	0.625629951115593	1.3944254773239
-1.81324503998575	1.45802012973157	1.77059882833752
-2.51417611661527	2.04268132338108	1.60115860578308
-0.350311937860953	0.124024463077367	2.17137177683618
-1.08875788740305	-0.68803538743786	2.45689466617507
-2.26254668348609	0.380072469517101	0.904829895586299
-2.47884277171756	2.2799571177929	1.30468169291102
-1.73983251578424	2.39603393827957	1.07278573971371
-1.13482291393012	1.43415246487102	1.33659867708621
-1.83449389016597	2.48200916733706	2.36524949962726
-1.1438809223938	2.34112114480577	2.08350195063546
-1.28898475202241	0.274048644513101	1.41965209742103
-0.842684133361856	-0.018268185052456	1.54441512783902
-1.56240864065064	0.00652152596517076	1.77406118734676
-1.34492377791124	0.484622344426123	1.29870283680054
-0.95312283774586	1.08422574527853	1.46901901649083
-1.45907207431324	0.200706850657151	2.07465472421173
-1.05513808894255	1.00025003688836	1.51020300311816
-2.33852531497895	1.67356815397224	1.6417269878216
-1.75406204170346	0.944736358666297	1.63614683814855
-1.25057130140446	1.13346000608593	0.599362399352218
-0.676978529730912	0.76687512163218	1.3721121990297
-1.05620072533841	0.995026843326152	0.671823447659134
-1.19586453668165	1.22700132247995	1.09528660673906
-0.476505310126651	-0.238042596651458	0.967539230787473
-1.92163927940444	2.13998752254582	1.37065639084424
-1.8758588174824	1.43582674630015	0.382828887436959
-2.19883096774215	0.909781161930611	0.818292721133023
-1.48748977001391	0.740500129660817	1.1519791720188
-1.79964710147328	1.67734700210596	0.771761042804384
-1.6523117836377	1.18369701173433	1.17874022851571
-1.41060376821731	1.12386220123952	1.57310302356947
-0.766780046391341	1.19411300200515	1.36269073530674
-0.509928594988408	0.489591491550198	1.70778684878511
-1.12313219319944	1.66228292702155	1.27921343641352
-1.6977482485909	1.23695412287739	1.16716706486652
-0.756643257027724	0.762848782129546	0.779313946878891
-1.67821002017367	0.741857013784134	1.74382359965695
-1.04748179089492	0.521382827267991	1.28565149309281
-0.129923771796092	1.09701118951947	1.67284181787667
-0.553028559410629	1.3947930516329	1.76710742539249
-1.61351098016335	1.89720303791218	1.58176379906152
-1.34594010236095	1.02354533334907	2.18526150115074
-0.0139745100386267	1.59495937434266	2.04065794823207
-1.16612487638611	1.43284499413221	1.70146619902082
-1.01086806448539	1.68472654729477	3.22706256504105
-0.647647852664773	2.23063905039677	1.48918430903922
-0.720765972107212	1.35072544388278	1.87871628344917
-0.637413423804846	1.42831438530305	2.97390752519728
-0.343595046685021	1.49679087969125	2.14433911570439
-0.602308657054617	2.24611606919379	2.87459801871514
-0.602308657054617	2.24611606919379	2.87459801871514
0.495847542861757	0.686981704134943	2.89920882013029
-0.829145045879185	2.30956459166967	1.96437268242844
-2.04135465568794	2.25701020869497	2.37104629465831
-1.03427673657412	2.7973347136262	2.11042505944132
-1.36860727750073	2.35237609475279	1.14530309154061
-1.33213924329874	2.44712148404262	1.56581217635241
-0.512425078260419	1.70863420506614	1.02684200922562
-0.678780141157257	1.17097170261078	2.00583453842633
-0.768841190081802	1.4393652666013	1.44461104556272
-0.768841190081802	1.4393652666013	1.44461104556272
-0.768841190081802	1.4393652666013	1.44461104556272
-1.65691940319158	2.18898985081547	2.1184874066567
0.0110056070362217	1.74865709198587	2.28058718904778
-0.812776323944143	1.6464754232436	2.06135236841086
-0.19107296895759	0.253631700607036	2.65148940286426
-0.252708867587865	1.96853060573199	1.76315521354835
-0.654820552453328	1.26503916146603	1.72946091958777
-1.45112908420785	-0.529473985222203	1.87045129411157
-2.24782204396641	0.620870981693278	1.35541966226418
-2.49115599038099	0.65258901944919	0.675588133010645
0.321858463132326	0.915562817325707	2.13144024410397
-0.659193864953226	1.30890639194487	1.79633277033526
-0.618487883212593	1.9667926026891	2.3558641794556
-0.0400050343743764	2.01914603113331	2.75362200851219
-1.57431707564374	1.92853070985784	1.82774608508905
-1.01396569967963	1.49730474431302	1.60627303154355
-0.829706657079845	1.54596258382538	1.29611401227113
-1.17898283171312	1.4038061430846	1.41282502608675
0.442437085131869	2.49483535714538	2.43393757599909
0.456121458476973	2.53234578654293	2.4157614191572
0.539025738391778	3.37695949791908	3.04696952714244
0.258475868481936	3.31886575946826	3.82811655425914
-0.15410021451195	2.9660964871048	1.88156496257237
-0.378082514401812	1.97875030397544	2.60922671078353
-0.576008925773754	2.49989722173934	2.74015860455872
-0.985221145972168	1.61987904051871	2.02062929901817
-0.380840254087615	-0.44773772096022	3.06445750605391
-0.728940520715122	-0.698651495268133	0.280698398602711
-0.640056654337373	0.551317877303918	1.48446723035683
-1.161087953743	2.00867276279128	2.070692493681
-1.11939832577456	2.01485452648894	2.08550701265512
-1.33385822083805	1.45653867156896	1.82030463755644
-1.16628059709085	1.63545768452751	1.35076060314093
-1.37577662727745	3.20079210187461	1.37936841728037
-1.15328350157487	0.937865747241313	2.94362034215078
-1.65540762696168	0.920284439837175	1.32212087077209
-2.20245149452656	1.81158379429922	1.62556038565
-1.64026337817127	1.32377321141555	1.178910280319
-1.64026337817127	1.32377321141555	1.178910280319
-0.353962029058855	0.622950669896581	0.0085316325132892
-0.604040522323255	0.898229841537113	0.382709112747202
-0.604040522323255	0.898229841537113	0.382709112747202
-0.823889046599348	-0.226385438278559	2.8872915036706
-1.11642449667076	0.595207882118489	2.68841308275578
0.0333704252939518	1.58446679829005	2.85964494182965
-0.316947780695586	1.69718206355964	2.58217091328426
-0.109322671727792	1.76926652802697	1.44320651779075
-0.865741607085521	0.942169601449291	2.03811497791534
-0.865741607085521	0.942169601449291	2.03811497791534
-0.797323122387412	1.04445336531398	2.56187841919726
-0.331517363703875	2.11480661542096	1.72339066046344
0.0629474298456311	1.07846218065894	2.11136712091061
-0.0834676332353557	1.71021751155209	2.51426066305721
-0.714125453904961	1.96091834570418	1.41794313424646
-0.859413443511031	0.437914525909878	2.82263264489071
-2.19249621806048	1.5877147260355	1.57303758767456
-0.308565669384539	1.9476014095591	2.66964748675138
0.0573683782882848	1.3708821346977	3.62106780219805
-0.908385031583474	2.06469861396525	2.07012768340051
-0.486217508558227	1.13874001958731	1.54624426661295
0.495435609230694	0.352817941972237	2.58601716982669
-1.09221233557112	1.65149217865222	2.22153143052884
-1.67189202994086	1.25976042508264	1.48133058390261
-0.963796986768532	0.998100088158022	0.464198553970896
-1.23784985837996	1.15894664123797	0.791722619303936
-1.23784985837996	1.15894664123797	0.791722619303936
-0.786270892842215	0.488044585780121	1.2244176699875
-0.450728516335212	-0.0846524271403184	2.22214708313618
-0.450728516335212	-0.0846524271403184	2.22214708313618
-0.254966681977772	0.613222953095523	2.45465672982579
-0.201280428309174	0.792810549139481	2.07705391878036
-0.619106239196271	0.290618203388944	2.393001603696
-0.420555051568012	0.196773268621615	2.35840078673709
0.170139731089784	1.20024301312887	2.14165576028685
-0.874803896499028	2.99836654000821	2.20735496125669
-0.427616518570597	1.99514515410919	1.4910059935025
-0.360225702783799	1.39838268138566	1.79556168405695
-1.17590786870609	1.91210253354748	2.09805171806377
-0.656283228017938	1.53602566637258	2.58017577969238
-1.04089621274329	1.70212036016489	0.844396864875366
-2.01681381318405	2.04788867002087	1.16778430628749
-0.138355129706393	1.00198383571812	1.86807652753598
-1.11869286160302	0.220001830006827	2.64095211109985
-1.15196123957501	1.1596102533525	2.12175851333424
-0.325700015294314	2.28125276233015	2.13189754505
-0.325700015294314	2.28125276233015	2.13189754505
-0.0709181062765089	1.68345399689199	3.2345512748152
-1.27748492275139	2.37006906245025	2.30798137962885
0.122572753064954	2.05143866762345	2.94991892153556
-1.17657461990014	2.06855046224031	2.19775095106978
-0.0653484649940979	1.73993585868576	2.47483597912764
-0.0653484649940979	1.73993585868576	2.47483597912764
-0.0653484649940979	1.73993585868576	2.47483597912764
0.248325325939532	2.03574228675929	2.82899154463757
0.746058265779783	1.88550239857965	3.01376747295774
0.0330403753410573	1.35375216416849	2.63971119083948
-0.316412540649471	1.64698133804113	1.81506192747532
-1.03637018678721	0.762761887349116	1.25679268494641
-1.03637018678721	0.762761887349116	1.25679268494641
-1.59135486324062	1.03526271305616	2.05404730158806
-1.61773767818059	1.59498080678723	1.02931565162991
-0.980961710917286	1.68774897601672	1.2979143780732
-0.980961710917286	1.68774897601672	1.2979143780732
-0.980961710917286	1.68774897601672	1.2979143780732
-0.00234298711064318	1.61565002877432	1.61759558732847
-0.850798970581967	0.751754140260311	1.2340312231058
-0.0196995276683053	1.46526734553696	0.90601116841921
-1.57049313583486	2.10888157263266	1.13037505546794
-0.422606081287534	1.53376251744607	2.2341047734523
-0.40652403927342	1.61928764404277	2.2419807748206
-0.334397900722176	2.23075333479609	2.70080887138847
-0.672436096278233	1.0746218122396	4.67575851277065
-0.620165015114456	2.18813219039659	3.20716000714596
0.143502955023444	2.23847485671817	2.62626236125207
0.143502955023444	2.23847485671817	2.62626236125207
-0.00422941358992027	1.94383902799923	2.00392147929945
-0.00422941358992027	1.94383902799923	2.00392147929945
-0.586754774102194	1.52635035183146	1.60376809500505
-0.324928350886792	0.859495261712197	2.47146223123325
-0.370899635725012	0.96286881680169	2.44971149081577
0.062816974603788	1.26712553670875	2.31979220724536
-0.0505473615216904	1.72485623423406	2.00007441078077
0.215519804274909	1.88247711283555	1.94256629810016
-0.953691265085815	2.88540126799158	2.29572776365984
0.51125983405236	2.00307185483454	1.79161249346121
0.365832546499625	1.81416922191288	3.41777366530834
-0.24813131221608	0.766765931771424	3.21665452397891
0.474751500101061	0.548860454185984	3.32118798334446
-1.04231495829306	1.49374421591098	2.28832275036826
-0.278164732786422	1.08409520014744	2.12321514160595
-0.157802131766328	1.04467630179149	2.80632933995303
-1.14958985831049	1.07344949341258	2.5723198930527
-1.61215399512155	1.41134357362975	2.58894171668937
-1.36487350362632	1.28198623108337	1.68099952519126
-1.36487350362632	1.28198623108337	1.68099952519126
-0.720524045132447	1.54286093105237	1.38859780429309
-1.12663314261599	1.59529955934384	1.05865189012336
-1.1132037344135	1.95746644368543	2.28823850364963
0.493102038337321	1.98484155295567	2.7793663877494
-2.00175540930154	1.47313854731102	1.95147297323952
-2.1211266040247	1.38469952669824	1.8326819623917
-0.614201099507427	1.90899765200702	1.38579348474163
-0.564865124709453	1.83521968159481	1.52226794478667
-0.0849679421323433	1.61450631343833	3.01195457727762
-0.170561241459366	1.46993260633168	2.60347735777787
-0.207153950979133	0.767607574121971	2.39056368243361
-0.933433455898551	1.4455617021445	2.35529248727122
0.118000235639687	0.525107807408643	3.02083931902104
-1.17903437015456	1.6628767527872	2.15571081827148
-0.989224712577559	3.00928506449551	2.84079560637533
-0.820659988348855	2.17205488152681	2.18607378816949
-1.12410304265626	1.57047519923478	0.817681007351774
-1.76924576793957	1.53561416963023	0.700664650905285
-0.273593332057374	1.7610461894679	1.07070410625116
-0.670083937893771	1.08437964421046	0.374583802541514
-1.33125378070279	2.48621227169489	1.00251193468688
0.0824574109320444	2.85644283231306	0.486373874893703
0.244733538179614	3.07549925532685	2.29622173336917
-0.182144234695235	2.67179547808236	2.80270824986772
-0.148881303335988	2.68516909554679	1.8264091146265
0.368133232213954	1.75159552553291	3.30574763051133
-0.131477826387337	2.30384046990194	3.04093941292574
-0.393759428397883	0.816318133721775	3.48704098011878
-0.867253663528396	2.2322336919703	2.96954980500397
-1.48898630545362	1.97944969136133	2.59321558051665
-0.710159327837178	2.13551113809772	2.82330784874545
0.156514455339487	1.70192996166761	2.83186996411418
0.329406656022398	2.00070822683126	2.52016996766675
-0.233001942890455	2.19667423656381	2.29250250112893
-0.233001942890455	2.19667423656381	2.29250250112893
-0.233001942890455	2.19667423656381	2.29250250112893
-0.446414198207642	2.50212609681164	2.37609532659052
-0.00807830467575843	2.15669458506351	1.21142880145728
-0.589860623550746	2.19668485043001	1.14815622939192
-0.34717492436445	1.61289377978453	2.11971712145218
-0.884373448376093	1.28443681908649	2.03346107838642
-0.363779765759168	2.06702478929012	1.77480777724734
-1.21557401234831	1.7049084482297	1.88565192398523
0.163260987743989	1.6350795088932	0.907403781441095
-1.11225125731561	1.80838990339694	2.31132369101389
-0.671940096333462	0.789643094389547	3.34845625200876
0.0093851158621383	0.918744729750146	3.35064891450714
0.0588142297341388	1.45280232498253	2.57541478986647
-0.321206586013841	1.52648908460549	2.24865470558823
-0.933576506679449	1.38929695289956	2.03983480500548
-1.16676024538053	1.29693766384053	1.70577927089222
-1.83097296480733	1.56514209563457	3.24844804311541
-0.629331370457965	2.79468590206698	2.31888893534957
0.0537528053080353	1.96082687037079	2.75330239387412
0.252416729022769	1.48818144151576	4.1810579383321
-0.813774568883729	2.65746331853226	3.33229471056979
-1.11950650073961	2.31845659239358	1.76653052733924
-1.65572270435047	0.653827008574876	2.04311096741105
0.282691836659162	1.17988709709444	2.05707944710791
-0.376485103908026	0.975594902203634	3.48716477993802
-0.886855911395185	0.805929468267478	3.32680171478898
-1.96216115546971	1.20677793705888	2.45096629108045
-0.261198518143506	0.517561616283439	1.9216412153255
-2.44556070983967	1.29114756468574	2.09727432276129
-0.628822641850281	0.873593467479233	2.05736939193734
-1.62639389350349	0.995717381867098	0.702934486280512
-1.32218938295126	1.21617209255575	1.22000038676586
-1.22033266476111	0.122030839337691	1.55646141850267
-0.738946903759581	0.874209767012784	1.34812121436846
-1.78735135841019	0.788173529913841	1.61434401178632
-1.49621650944418	0.697482107852416	2.44530111523757
-0.898206804811053	1.13538876842856	2.57428381640398
0.361340595459854	0.330266782257145	3.56723041142954
-0.250775302501874	2.17545918293551	3.20109446076025
0.629220116172187	2.57654393913316	2.10653930540529
-0.562180107479694	2.81666423424257	2.77415284777012
-0.562180107479694	2.81666423424257	2.77415284777012
-0.562180107479694	2.81666423424257	2.77415284777012
-0.596196671856214	2.79886122907139	2.94992552579935
-0.366552718316984	2.70716737194199	1.76679946836553
-1.22609445789956	2.90696005393902	1.12729859533634
-1.10394074938336	3.17536593336519	1.74924382618751
0.0782289208043805	2.34677597959657	2.44100900935834
-0.141526363019241	1.68176365414394	2.78264912508134
-0.950743355581524	1.98386116168691	2.76584164871013
-1.07520957355928	2.17490570629299	2.48031508253754
-0.0639097699716037	1.50650550568686	1.85217922680249
-0.192680860405225	2.02614429897325	1.54951259839659
-1.17674305050611	2.75797499967552	1.97753318752961
-0.618822811036175	1.65044077020925	1.64054635387839
-0.626359143825699	1.32159148130652	1.96354336378955
-0.483802778602916	0.988796630199898	1.74623727371295
-0.283027995059689	0.421910904157835	2.8430245636972
-0.283050301455374	0.819545127855039	2.72076965297698
-0.372176513482051	0.469731205270306	2.42911691479682
-0.408320756988738	-0.196096773779856	2.11801059269365
-0.097065052715103	0.0304452404573091	2.68069914181655
-1.01054515160662	-0.576474293640804	2.12465813903813
-0.908123846944367	0.963670956579514	1.49012326614286
-0.908123846944367	0.963670956579514	1.49012326614286
-0.810306615522566	0.478436638023753	2.21941783786613
-1.77426106693094	1.06395099910595	1.86682170220394
-1.09348943311735	1.25589109426098	1.20841828134263
-1.19791036724024	1.29066372922831	1.6694903375834
-1.14986209356678	1.00158199167041	1.51971293152562
-1.70000168488222	1.51908443862428	0.669189659941933
-1.23130927925941	1.11863120522901	0.874681919611585
-1.23130927925941	1.11863120522901	0.874681919611585
-1.04397054668942	0.870262292987539	1.30613380704653
-0.201627504326231	-0.14782244236332	2.73379166694361
-1.17529526036243	0.810016548235289	2.5686273921383
-1.46406701862785	0.614760546683689	2.19235607134452
-1.50643758163801	-0.0311146260991231	1.81340959818253
-2.28811862106811	0.262464377024933	1.4251159555426
-1.57316761885825	-0.0880004850847979	2.20264952518645
-1.48568621509865	0.18606250406854	0.601820208732497
-1.74873903596826	0.0941377099633165	0.490218360023249
-1.29800161160686	-0.558143573715993	0.612699627799999
-1.18309837896637	0.769874488844036	1.14895077071751
-1.18309837896637	0.769874488844036	1.14895077071751
-0.872958044449877	0.466484337891763	1.85594629422652
-1.35797911459288	0.236387914732063	1.4502225241015
-3.25577730747709	0.682338015662086	1.66632103389771
-1.6695472928778	-0.58923513659234	2.92673905518402
-0.549306360839353	0.687652279316161	1.94897256152086
-1.75119261644535	1.47257776016252	1.72159835612148
0.168510349818613	1.88104985095867	1.39937390216342
-0.644266194282844	1.88140476423694	1.12793788157456
-1.01813929140193	1.37177046131121	2.13139864424888
-0.892678984160228	1.60654460356336	2.03930291998463
-0.892678984160228	1.60654460356336	2.03930291998463
-1.63627560562157	1.57576568676889	2.00696904417886
0.232092484725211	1.39063633429208	1.45347329606759
-0.897831287619713	1.85653798713049	1.67198499226283
-0.544324064783025	1.82304534602964	1.27697091278276
-1.57985671824202	2.08681711328079	1.33870194182363
-2.37041662363946	2.24440166067317	1.69208392466412
-3.20396394598166	1.80008486032256	1.0437573965407
-1.42879298503358	0.185229224746577	1.72855510199884
-0.788378574248724	0.0623652492680832	1.54668293124166
-0.788378574248724	0.0623652492680832	1.54668293124166
-0.965480620918124	0.748361865677671	2.60311664302101
-0.760178893776035	0.925206278696593	1.89058303679125
-1.23876513969891	1.00795491180367	1.8402830017003
-0.8836880967328	1.30578788408658	0.440885083156344
-1.35360757072611	1.29576227181639	1.41895055012124
-0.708654974250686	1.40901422747154	1.00096472107918
-1.65010349301032	1.28538063434442	1.40467212120869
-1.67667779618776	0.248574132998502	2.27423368649955
-0.766448419273936	-0.218301358826664	1.82831054621365
-1.57907170819714	1.60793250934791	0.814238604954224
-0.95028473185029	1.67512100267193	1.47178529666256
-1.04716370897406	1.64220147579661	1.06705882754161
-1.35549189222935	1.13404221251483	1.44207332937195
-0.888300341111239	1.8639967543876	0.768858567348345
-0.888300341111239	1.8639967543876	0.768858567348345
-1.09392254126579	1.31305728597378	1.59030108284108
-0.978926955397615	0.686314021284524	1.87005202168401
-1.49044967803859	0.478664907388028	2.09618425553676
-0.287019590509474	0.718243160332942	2.86639216451501
-1.08819005699866	1.5474987420291	2.02730619959049
-0.418198042125944	2.19499526049621	1.42513695796092
-0.731784202626903	2.50895289203369	2.27865259745078
-0.0733461292365032	0.984855072187233	2.41063695969375
-0.268687412463962	0.852576642572765	2.36434225384248
-1.43292009164952	1.65633855258114	1.98955854156386
-1.43292009164952	1.65633855258114	1.98955854156386
-1.00503888466656	1.40417917241613	2.17585948417149
-0.0761428467443988	1.07440104273588	1.53690650356682
-1.30282505655142	0.814353628527071	1.37465532752285
-1.07247856063696	0.90310242975358	0.819085439613498
-1.52552994257061	1.17281208566639	1.07521379903393
-2.37166481338036	1.09847037791449	1.74143952004167
-0.951172719748451	0.992945155729634	1.87463458128785
-0.951172719748451	0.992945155729634	1.87463458128785
-1.77584340342632	1.76976635687329	1.99768430090626
-0.576673423063135	1.75882671280482	1.88229020223922
-1.07147715402762	1.87255730535649	1.33606790049079
-1.62031066788839	2.0169339813971	1.62905144524767
0.0375550686484448	1.83204376488821	1.52583944463501
-1.12661624385237	1.7572592606647	1.64593478132832
-1.89343285626386	1.47660560003531	0.285923564383355
-1.91755656916686	1.79834211973302	1.40178833468932
-0.765668651300447	1.64475268147416	1.46690271478602
-1.36579949001363	0.654472543374213	1.77387156515404
-1.54396468820811	0.591054405753856	1.82410883381112
-1.8025011398419	1.73688427198956	1.13953121913461
-1.40087896806581	0.90723483505281	2.4034419865993
-0.869578037771831	0.797516972686915	2.45275714802487
-0.142269974159124	0.556968378981523	2.13928798210707
-1.5550997861657	1.2812174387421	2.11535973275791
-1.14851768301595	0.487882188556388	1.8405438385567
-0.781970323639548	0.186625341772294	1.86922798095959
-0.763916439539214	1.41575509605312	1.10062019176353
-0.833122413698795	0.536432070199442	2.80941398272758
-0.833122413698795	0.536432070199442	2.80941398272758
-1.62591468421697	1.11038378433449	0.73192068750573
-2.12733942164534	0.426896401970476	0.675929105714366
-2.12733942164534	0.426896401970476	0.675929105714366
-2.08195058978925	0.369214618742973	0.742895035236127
-1.60076045322678	0.471645209596715	0.463243957176121
-1.40302441713081	-0.35473146502978	0.719250592547062
-2.08961459011075	-0.296928301407103	0.548795345860401
-1.8556235861038	0.783805832051446	-0.333033724594727
-1.55528706970959	-0.541444120464861	1.13412770210073
-1.58213057269927	0.224292408361791	0.88835222828198
-1.59204626249629	-0.123770659233926	0.796015696697643
-1.65527298732753	0.905251049505329	0.776989394893533
-1.72240627852748	1.24084953418475	0.0945384483507886
-1.72240627852748	1.24084953418475	0.0945384483507886
-1.72240627852748	1.24084953418475	0.0945384483507886
-1.25235620749975	2.105587137	1.21920663982599
-1.00803695380729	1.3326607143442	1.39172532258282
-0.494313587889801	1.28662055891028	1.88870427160899
-1.15325188508565	1.79870888401341	0.651339231658852
-1.25885230564962	0.868151241344715	2.44298827994664
-1.69784631617996	0.692113230271911	-0.288007163756239
-2.48482321534876	0.650656883615654	0.893206531307405
-1.53899472181915	0.944875234777732	0.417008390721557
-1.7439603927479	0.813961942860314	1.01721926229183
-1.30872184547892	0.545630490935909	1.07971949290612
-2.26061590111575	0.860874265998949	0.559879833599646
-2.37040482605153	0.54288456781426	1.44541248386506
-1.29306383278014	0.128188428412341	1.16236778833182
-1.61846594865745	0.550711828949285	1.08994646660231
-1.49194797320638	0.331718137334235	1.08791272989208
-1.20671879639531	-0.0182449619150372	1.36931709102702
-1.70664077036989	0.513240161760545	0.99358259068847
-2.10979297760179	0.691164068947138	1.18546368049507
-2.60944041450988	0.915093810935229	0.703204962857776
-0.696173151593016	0.783179529393139	2.2034124306771
-0.680538320191463	0.243576128358196	2.45342862048171
-1.86670134917324	1.01533759947375	1.45109206960809
-1.43657811163021	0.425673679096586	0.621061436176342
-1.19233138026372	0.348319756724873	2.10341958121021
-2.36513903281857	0.940936433582958	1.33017558282816
-1.10091706068022	0.928507559300744	3.28253439458504
-0.720702647753449	1.11756258367181	1.78487180779149
-1.88306253454773	1.42948057140693	0.0393371423471403
-0.844299081008568	1.13899242511524	-0.428484386367128
-0.407569539028649	1.50267624832064	-0.194200814898337
0.341218464849905	1.15930364372898	0.977677973369343
-1.63063327831018	1.23024681602928	2.06002141057362
-1.75013140023553	1.28670650268776	0.778268295596011
-0.939935444243324	0.977311532585233	1.62814142097609
0.334425224210991	0.800682453114735	3.39922877174106
-1.01422651732516	1.25481528414538	3.04690348659047
-1.08166374675578	1.74049051037579	2.63541200856828
-0.527019526306178	2.01304932195987	1.96029621813287
-0.527019526306178	2.01304932195987	1.96029621813287
-0.503146334340633	1.61666634430045	1.65524715151641
-0.503146334340633	1.61666634430045	1.65524715151641
-0.503146334340633	1.61666634430045	1.65524715151641
-1.89825052216722	0.652600712283558	0.955626009158715
-0.890376628749161	-0.108163709656187	2.07276862028375
-1.03096368756052	0.424687369809702	1.00826071107018
-1.57142472421629	1.2292486129256	0.824122076634041
-0.524827111800324	0.915236408641644	1.25244088043567
-0.252101743742681	0.350172264135206	3.53169246200361
-1.19899868207303	1.37152103083192	1.78752455070584
-1.01396986673161	0.567315864529354	1.65486028992528
-0.133664335314836	1.32133057354005	1.510781277921
-0.375936328154997	1.10217577017453	1.97050570751492
-0.126813379355983	0.562546523709471	2.6201623357554
-0.398589069035867	1.02162468343518	2.48456444441835
-0.142513218993377	0.665320590886859	2.75989136018686
-0.0433896956322014	1.04670653872074	3.21046352618558
-0.801792524851038	1.59267295259109	1.20421640594236
-0.698599119830689	1.72127762689269	0.977537316225063
-0.698599119830689	1.72127762689269	0.977537316225063
-0.641232533464041	0.816528343924616	0.90281450352729
-0.604650020693124	1.38874465919926	0.839313971384122
-1.36985581421596	1.2940733439517	0.7910555582655
-1.36985581421596	1.2940733439517	0.7910555582655
-1.09419845181523	0.59255264340225	2.00416653129868
-0.688724707697688	0.975455299462904	1.63911761989208
-0.688724707697688	0.975455299462904	1.63911761989208
-0.688724707697688	0.975455299462904	1.63911761989208
-1.04087644192794	0.921925679849191	1.01714309452046
-1.58066999936145	1.4487584489362	1.09890410537384
-1.58066999936145	1.4487584489362	1.09890410537384
-1.58066999936145	1.4487584489362	1.09890410537384
-0.634630891086515	1.70320464318906	1.80757783267657
-0.43082899772248	0.380963500873763	2.01137669248291
-0.0521133819878727	0.662211281258417	1.42676663947869
-0.780877894106636	0.156401560279601	1.57477328911898
-1.24929788773621	1.44631200989827	1.2604015339139
-1.54738605845661	1.46793678310422	1.53139921508184
-1.15338546277246	0.440330063652099	0.659976108824464
-1.15338546277246	0.440330063652099	0.659976108824464
-1.30342605607237	1.43121725943377	0.0887649185196533
-1.6520264477184	1.55027857089264	0.454108240101596
-2.3748009951213	0.0235031346659135	0.975979967261622
-0.991389372091236	0.453017018436547	1.32433335980212
-1.81906700444703	1.94826442611781	1.6747110290286
-1.72008832116729	2.14967188399612	2.21108523979968
0.0471633379457019	1.38488454155073	3.49889481402405
-0.0765726426564448	1.48910922810761	3.48533450131433
-0.266225904765719	1.71481454128716	2.62032073938849
0.342333392772848	0.668416527012559	3.13184928847306
-1.2502196031072	2.06989968737134	2.0034085439473
-1.58744904890815	1.84312999256211	1.03795870420333
-1.22398198808565	1.40338019076232	0.760786020367131
-1.59749076213697	1.43871413986986	0.675512399512734
-0.914103438938829	2.15769103855307	0.803701679065254
-1.4946163368209	0.436819707889182	2.37203565876438
-0.493788350742899	0.563585135544553	1.54438959767054
-0.956262564070555	0.592203906228602	2.80724533638008
-0.874718527182057	1.29980864884771	2.28632288938212
-0.850679335749178	1.90585869979729	2.8573687433967
-0.804718017188323	1.70802130142509	1.47594172876108
-0.804718017188323	1.70802130142509	1.47594172876108
-2.2003578803306	0.287957119151599	0.848328969221864
-1.50270568783678	-0.287168738790188	0.454088253827952
-0.0276168057947013	-0.675546807359402	2.32585520668999
0.118790716727236	0.115294056005358	3.75691272439203
-0.819711644728047	1.88145788209326	2.10565163049039
-1.13682289329868	1.85387154731505	1.98497880685572
0.303826687123287	1.7980099374016	2.15374623940432
-1.16177605382505	1.31666252372007	3.14798489158767
-1.32741629299149	0.487409569332698	1.24926511158508
-1.31893554804887	-0.0252443518478084	0.721205372856086
-1.76279555317342	0.66004511377597	0.872203603606103
-1.9254595968148	0.651664699073768	0.0383410245478785
-1.9254595968148	0.651664699073768	0.0383410245478785
-1.9254595968148	0.651664699073768	0.0383410245478785
-2.07888827701492	0.919279723518911	0.108186520388054
-1.1268861773388	0.640991422143409	0.709311785104047
-1.17116342902314	0.0711565582971991	1.76890880127383
-1.97089068751609	0.175575096480859	-0.181274288407413
-0.0420637645272191	-0.399294083006955	0.824072294420706
-1.21975608899987	0.976728444018238	1.2244330156324
-0.560189026757053	0.850279128140576	1.6275503442802
-1.4455964708953	0.465669894660916	1.26992233363225
-0.892526947201631	-0.025483036174334	0.735438719097493
-1.69292308969565	0.769579570129201	-0.482847454950745
-1.75992484642498	0.763070019879222	0.612946738978085
-1.75992484642498	0.763070019879222	0.612946738978085
-2.02438196711546	0.882421149867145	1.50800838736232
-1.75597877975148	1.19296694041627	0.726837540682684
-1.75597877975148	1.19296694041627	0.726837540682684
-1.5175295822477	0.714537295549171	0.555331013100361
-1.5175295822477	0.714537295549171	0.555331013100361
-1.82444929970554	0.677132059235277	1.2849370610161
-1.17162881499978	0.790835462398412	1.9716614457748
-2.49263723281701	1.49808566921056	1.44092184571686
-1.00184296548411	0.609159982315601	1.96181964067432
-0.984794320527905	0.301586251920193	1.42108136367691
-1.81287956922254	-0.113232592016809	2.74241405888178
-2.38245149956769	0.90529895303893	0.958148855901218
-0.89167583840918	0.146895165028466	1.7833697138307
-0.513108804920768	0.272743824212612	1.61755978531947
-1.83435012212165	-0.138596560330807	1.32525343982213
-1.34489770399631	0.454410801128974	0.545005462987014
-1.50970694995775	1.47003567637557	0.952588580592479
-1.50970694995775	1.47003567637557	0.952588580592479
-1.1209974620121	1.73096021060827	1.74417253934314
-1.19318549712566	1.10873698746464	2.28426345055347
-0.745605466457875	0.99265134255727	2.82071790257803
-0.69626867463572	1.64704286449745	2.26103560529285
0.322520879397105	2.08594932265996	2.06875953606135
0.458799136550721	2.12444708133906	2.78192576528818
0.458799136550721	2.12444708133906	2.78192576528818
-0.217437596165085	1.71373839048088	3.00826102853078
-0.163884794020539	2.45698224953872	1.52394174030552
-1.42846681307066	2.92598596494632	2.50507308527265
-0.607607524513419	1.13067831590889	1.56302347692428
-1.08682078506371	0.96718811770156	1.63379822236916
-0.959221128863007	1.69054910957436	1.1037976258166
-0.959221128863007	1.69054910957436	1.1037976258166
-0.32767749727124	1.54674092655172	1.82856780981588
-1.48302228544153	1.82153939621823	1.1001280727856
-1.18326052016808	1.62528292629046	0.967170831200518
-1.35295159023036	0.979593371753977	1.45847723795799
-1.68311550390523	1.26089028452338	2.52529606026924
-1.50753110509233	1.23576911350147	1.88083703148896
-0.57771029133257	1.31498826293906	0.332364195800857
-0.784261369789094	0.91303829239532	1.58201290229128
-0.671523157323393	0.396386722276694	2.5091973146427
-1.36899382493034	0.755119078916132	2.31551492417512
-1.6771547236655	0.809104238529209	1.12419345973305
-0.399055667257711	0.36276022347793	1.7660182617403
-0.73264994306075	1.0560713176637	1.56659711254272
-0.852529726379425	0.507117687922257	1.88815429747042
-1.26950783246213	0.620810834311932	1.84364336288189
-1.47193809675921	1.33832583799535	1.25370262307694
-1.63861816141964	1.25087528095277	1.27838345638258
-1.63861816141964	1.25087528095277	1.27838345638258
-2.19692199096959	1.27588391795698	2.07068862291889
-1.47857792528894	0.770959112894077	1.82447190760337
-1.57627893800054	0.790980759892091	1.46308173972943
-2.53127218059764	1.28966362864812	0.855788170450679
-1.361664651715	0.311200585150781	1.44200464903834
-1.91595418174906	0.791714154386876	1.37722162774943
-1.94842148985445	0.794877599373054	1.88955736095079
-1.92855293967735	0.981752298533323	0.57693271469385
-1.4427147796565	1.15696649837751	0.468540824905177
-1.34282125561664	1.89370896241308	-0.384076654126288
-1.06831842197109	0.990188446363872	0.91151180721675
-1.02914843451489	1.15572558281551	1.18904020619137
-0.856065752817552	0.148504686697644	1.54088479847845
-0.612811256610389	0.200175437395463	3.52833689545336
-1.24122102270827	0.874565749043353	3.18018213560073
-1.07720037178752	0.827139999566431	2.35290466401309
-0.820138203415839	0.782438166282046	2.00528390581263
-0.450361455325218	0.760025796763194	1.79312967900311
-1.84108211968436	1.09052539471119	1.10802435178238
-1.40237909268045	1.87540847647802	0.788663580365451
-0.837941680824798	1.78993133542356	1.01053604418806
-0.911147157871242	2.01395245329418	1.34893859401404
-0.911147157871242	2.01395245329418	1.34893859401404
-1.24810559860863	1.47780260272827	1.58372513133157
-1.02073065500365	1.01562704381802	1.71304946691712
-1.13953777189783	1.24969179347242	0.702312022394572
-1.48999360590368	0.560870994039246	-0.022351453052062
-1.14803637167369	1.24746943869099	0.602616942248269
-2.1738933387398	0.388142761485457	2.07803680342166
-0.553056469856567	-0.249477130420704	2.18242104688598
-1.55124150577279	0.0475717777746351	0.115045922426708
-1.53359771227854	0.0470504076816993	2.15170800709784
-1.98788825793773	0.558029070704028	0.96436073347963
-1.34939763327161	1.00484113869262	0.260806512354186
-1.46412937432606	0.117503435984607	1.44801519083652
-1.46412937432606	0.117503435984607	1.44801519083652
-1.59052858184763	0.483406741923161	1.44970393412285
-2.51899590997392	1.01757807801786	2.23723056282107
-1.02387023965334	1.16155793124416	0.246219644900798
-2.26782883564313	0.703565860630494	1.10797229842124
-2.18967957030301	-0.308891660975438	2.12923757828117
-3.35961102951827	0.922017103154712	-0.303274855740192
-2.1569464133448	-1.01760136253002	2.1552587285923
-2.08854685992853	-0.651749370220722	1.4233326861611
-1.2823964057021	-0.435823734628187	-0.532066980924474
-2.64732500059	1.22580817640893	0.82871789916769
-1.81676193123663	-0.0981139059137643	0.767595868822129
-0.597662523256255	1.84720234822511	1.24240500469455
-0.888513014542966	1.75034672190124	1.11789086690878
-1.76506715932636	1.55889089906921	1.09388713711744
-1.55694798476408	1.3427664688579	0.943291981975628
-2.71026108508811	2.41315057914917	1.28676381738958
-1.09808338130641	1.25123970088747	1.78157408635818
-0.759611728474865	0.859381989260176	1.63983939118388
-1.74023567891028	1.02700855917373	1.05085961184834
-2.6488231556177	1.42777779104798	0.980086569963746
-2.96389540941944	0.838038385638504	0.325870400010905
-2.66323052373336	0.669580467006233	0.615942480524885
-1.74056763997946	-0.282020914388009	1.4600026637454
-1.43880955319156	0.789378244386818	1.58727558515432
-0.804059089400913	0.22502046330751	1.49674474655061
-0.62261127405683	0.406912843933179	1.50214781660201
-2.42916977091592	0.423124041256393	1.2575500266459
-2.07071277920565	1.06831370635585	1.41120648501757
-1.58747065437357	0.653221750781748	1.07896823715628
-1.58747065437357	0.653221750781748	1.07896823715628
-1.07582205832553	-0.524077466158326	2.01774621187664
-1.00822600219386	0.281019944374526	1.74501721263996
-0.654052754368012	-0.181554367921583	2.55381220812739
-0.207065572686178	0.807443202670912	2.02133545813462
-1.35752709136358	1.9166704729229	0.453843632588139
-0.873566279130771	1.67977594508363	0.86722063134637
-0.76424064679769	1.65535338844865	1.55430399920741
-0.313218777148842	1.33236417220351	2.04133573126303
-1.02070727186635	1.78273341639258	2.40054182654954
-1.31456250837696	2.04164372363377	1.75015592383954
-1.14469518422876	2.16718719516182	1.45959373040961
-1.14469518422876	2.16718719516182	1.45959373040961
-0.587467128670214	2.29847090913539	1.3040380910243
-1.20427472831216	1.71516904305354	1.46594215968041
-1.66766255377847	1.10205177449968	1.26502823041894
-2.16101701453255	1.11949859707654	1.21501581238676
-1.44020626201498	0.658141293242825	1.56385060585989
-2.20913833935579	0.435467286589475	1.62949091035913
-3.44924357046439	1.22305012928675	1.07897391159168
-2.75101321075791	0.903808055029608	1.56624617806088
-1.18840553272973	0.371087717716806	1.39304292373727
-1.923252968304	1.12997011514487	1.53385731802257
-1.51377542395709	0.581701496421625	1.1530864914016
-2.52227918187099	1.02934296324773	0.773791816327135
-1.67269565586304	1.43539075598973	0.982853212317694
-1.70580738250979	1.67353875473222	1.02118438409464
-1.70580738250979	1.67353875473222	1.02118438409464
-0.135484257069848	2.1882910759291	0.792118327029787
0.20524280582927	2.71522886868343	1.83942018799294
-0.611553604891243	2.18823109495956	1.94137542713466
-0.476590998570059	2.16839476062637	1.75336927828305
0.338526487840938	1.65332828548168	3.23593261620702
0.161603574240621	2.13568424429258	1.54954402635591
-0.341876074894235	0.433306132436494	1.75922340681497
-1.70150898435642	0.527973950318595	1.14742984196686
-1.77303383759355	0.570508142242721	0.929490401703167
-0.888341972627162	1.44252416280345	0.858558832508858
-0.160409893247011	2.09641337055956	1.30790178634027
0.886435758450074	1.23519939288195	3.34990973487279
0.886435758450074	1.23519939288195	3.34990973487279
0.963718222743297	2.22112306208189	2.70542247642001
0.360982182646148	2.16531141812901	3.09247951872528
-0.157126825808884	2.64470069174893	3.03768052480237
0.177140425024638	2.45848610557475	3.41128277186024
0.257615430077591	2.5159057807269	2.78121829160784
-0.351224911413469	2.71449910509224	2.44945275854146
-2.00161650953897	2.51189545745791	2.03488433961419
-1.53669137341528	1.68457250657494	2.06460417193092
-0.74531608867134	1.09307196646164	1.47832563804179
-1.25980886944433	0.554499841121789	2.82854601225086
-1.18484866506793	1.06655103389045	2.14995190134462
-1.82885600368545	1.72544214198218	2.0647419794032
0.0766650255576118	0.60530088147886	2.2203476599823
-0.350417358367714	0.519128029500182	3.18154556686217
-0.0253472366827794	1.67507475642822	1.31642253508275
-1.53139217045959	1.41247909696307	2.1438915560289
-1.26837667159764	1.27055038124692	1.85786854962915
-1.26837667159764	1.27055038124692	1.85786854962915
-0.663201326556404	1.6326467015014	1.20789090147942
-0.36807590070954	1.34944919583727	0.873266490791238
-0.0264002533192346	0.718675697005762	2.61679009754041
0.439795905330984	1.481409247173	2.91576553334664
-0.280850666711677	2.34932943967347	2.2607022381219
-0.914275737777168	2.30470439834032	2.38660103219466
-0.650184043978487	1.99773984470762	1.97293152697996
-1.01448547305344	2.45881758794494	1.86282208292343
-2.08142117902783	2.43677684146169	2.30381886365656
-1.48537624671055	1.89639536404034	2.46944754219871
-1.21202144506159	2.92660000112717	2.38644521612964
-1.21202144506159	2.92660000112717	2.38644521612964
-1.66506047861336	2.54061974513026	2.27742511966714
0.0779328591504175	1.33539942898944	1.99265693627583
0.793924447332602	1.45813502435281	2.94263032167113
-1.05960946869549	2.44405205140184	2.4183866212502
-0.424600054800845	3.17205323358995	2.91337884497186
-0.316220242908587	3.02359042645546	3.17528440582222
-0.296157084233446	2.38667810117463	1.99943297622573
-0.128783850172475	2.58480636347318	2.17004418737353
0.120862870496098	2.23943209455762	2.20623815166719
-1.06567227705217	2.77810672589647	2.21195071024088
-0.217642683079047	2.56702149526631	2.82039261553336
0.567862350276493	1.99808930794553	2.74332077281347
-0.0910175099474526	1.86758772397255	1.95111284527627
-0.0910175099474526	1.86758772397255	1.95111284527627
-0.421931231248008	1.68278421200173	2.39749088120131
-0.772295741172996	2.00258437197859	1.55083811770983
-0.932917703586565	1.09352182931954	1.93886517947137
-0.921034998462371	0.974318547060772	1.93259439451874
-0.157486346483861	1.47905971091333	2.54415872483149
-0.218763464247784	2.26726471916147	1.98093058044778
-0.872227520003296	2.23561673177582	1.34163081148634
-0.872227520003296	2.23561673177582	1.34163081148634
-0.0377714443363039	-0.017542049575232	2.59013859444274
0.0832085092703288	1.50484105001947	3.11384032986574
-0.930293012860049	2.36665841166411	1.80550046288886
-0.372995791132402	1.96653095962698	2.22378830488007
-0.0727938387082988	2.21605351694754	1.50082092873863
0.150441806871023	1.91284117494125	1.47574259563201
-0.488058012632696	1.57767498113499	2.34441756186618
-0.36013719635482	1.82299523788094	2.30322122575056
-0.793193972085643	2.09958549236292	1.43380272702003
-0.00458296607029829	1.26692459003796	2.04385668000158
-0.77154709277925	1.59827119894271	1.68022732196931
-0.306938030973643	2.1297318876169	1.28458606369083
-0.306938030973643	2.1297318876169	1.28458606369083
-0.906292637196487	1.77102916068372	3.36277321637648
0.0923227693914339	1.58023865446241	2.32436557633111
-0.734736841510366	0.82244494458792	2.2294925507239
-2.23517930597075	1.93011091470351	2.8889314905909
-0.37067091354584	1.42213616709572	1.18962083898965
-0.977575017146436	0.653449952429028	1.7959945066081
-1.1995773155633	0.846377302802948	0.899968694730851
-1.20779550779467	-0.124707727883326	1.48740100878495
-1.85033318219898	1.20065753825054	1.44669022058657
-1.46342301170057	1.33389949613134	1.3815192015469
-2.33515426567173	1.62319054177529	1.5915471372376
-1.72176750815148	0.825581808301079	1.69670126847843
-1.72176750815148	0.825581808301079	1.69670126847843
-1.48105217966033	0.901045108344152	2.30994952038698
-1.0524570934121	0.878243622107412	1.58217504917356
-0.968828545421156	0.825425812692258	2.16995393977653
-0.596181205093114	0.41342807404599	2.08135565256937
-0.835459861913999	0.855444366117382	2.8966874255914
-0.729669856723653	1.71456055372988	1.5910079002892
-0.751687119399926	2.31466327362378	1.42393016229251
0.04635048736097	2.07875985572511	1.01950398725123
-0.622792978595815	2.58667036873118	0.595331996080055
-0.24333126726102	3.35257097340711	2.07638543800465
-0.121159728358315	2.94315918720135	2.26626976618008
-0.737368597676951	2.80946669063461	3.40882249828841
0.512946012387863	2.4053241576011	2.93609807024251
0.286966266539936	3.93582842375631	3.18561514416398
-0.572838061413015	4.01964209060104	4.02730660922675
-0.951432436812178	3.36621883959393	4.46918778108787
-0.54700840075596	4.11380189844616	2.99273257937675
-0.0315530762167486	2.72642504588377	3.08699930676096
-0.47919991713999	2.20526038591065	2.5281694556435
-1.37938199073967	3.17026527049151	1.95109205610139
-0.145966277024457	2.40509798302498	2.10622039119521
0.025253696516762	1.83026077920342	2.63895932636197
0.168756810485782	2.30535378688661	2.45470814439567
-0.822296475952103	2.11383557919134	2.8298889719742
-0.933061203609748	2.96260798688858	1.51739970261005
-0.543764347710522	2.66112784144639	2.00226802171073
-0.81719873990839	2.5799538799396	1.71709204552268
-0.790287888542286	2.14410902835817	2.25233311107519
-0.556126041799782	1.74078225297403	0.795902999377108
-0.475637645060507	1.39066305031884	0.919494093753568
-1.22206359777631	2.07299379210685	1.21927178624781
-0.529160003195438	1.97753323452606	1.75213320463206
-1.20219498877259	2.50749019862324	2.23677835998467
-1.59666916744111	0.771503895153601	3.63038398615544
-1.148301903511	0.0508563971048766	1.8013972101851
-0.801834682652655	-0.268739996592263	3.4391188492299
-0.801834682652655	-0.268739996592263	3.4391188492299
-0.682131341393537	0.857230292719929	2.55996167040161
-0.844548511356109	2.18389703324184	0.766731397340871
-0.844548511356109	2.18389703324184	0.766731397340871
-2.27435181222518	1.36737488208424	0.901638913138059
-1.17805593648061	1.45529809654881	0.69661265136366
-1.88532783704254	1.32376309197982	1.01563936415206
-0.473017892646008	1.69584865637919	1.88688978346132
-0.473017892646008	1.69584865637919	1.88688978346132
-0.822065154766718	2.50159143023736	2.41550004216948
-0.00200463340076162	1.69282580235995	2.86039885460757
-0.976315181402368	1.24020420726982	3.23369129144932
-1.67057121650779	2.07412872329615	2.2535561306724
-1.67057121650779	2.07412872329615	2.2535561306724
-0.62836300027976	1.15798243861732	2.69943763615367
-1.84179612963323	-1.24038522539576	2.02531200925268
-1.73243227937042	0.148297855498984	0.282563822440145
-1.4720993897475	-1.67415287260821	1.20052419687864
-1.82237578695664	-1.35700382965575	1.80688960692129
-1.85350284378041	-2.74493074080197	1.25437482772231
-2.13534928890949	-2.7864666395756	0.557052691832142
-1.74760528059469	-1.54774364151918	1.20683774289385
-0.668371670896424	-1.3459744544505	1.53482415723011
-1.58019749167371	-0.249564987789897	1.31982029132601
-1.32374589700941	-0.786839401501484	1.85419753066386
-1.19031330227034	0.571754865114255	1.8416441340169
-1.19031330227034	0.571754865114255	1.8416441340169
-1.13908810750462	0.62724793639103	0.492602518143191
-0.989102725983499	-0.944637445233325	3.08952323469916
-0.927358712443404	0.236286897726793	2.64814983176165
-1.02255615393315	0.594265577557578	2.55331879489794
-1.05472713948722	0.577523020560362	1.47564087567754
-1.4543223052538	0.547285924395327	1.9513241455692
-1.32204940518051	-0.169051558265991	2.29865584388547
-1.04214157878215	-0.798533528183325	2.07693521414283
-2.48217938793675	-0.311965297842545	0.854400082834915
-2.14987385440688	0.088838286286637	0.532626228551975
-1.87581711575108	0.0700329486044924	1.38915657684719
-0.960121338850483	-0.628085312648484	1.96464433576622
-1.28602421903904	0.834693548779319	2.41415137447852
-0.471485554860688	-0.0889793127365592	1.82967386457543
-2.15009734704421	0.0110957592269779	1.56247264097448
-1.06076827991791	-0.462784142838803	1.04766017524583
-1.73595561352768	-1.69666178255614	1.41794114640091
-0.891678609188544	-0.772181159691847	1.14852103860285
-0.815388224069243	-0.591109881967579	1.22375576464493
-0.970132951080148	-0.201211249599733	1.51596571497113
-0.784680625621268	0.843395805128372	1.16464912743788
-0.379974482492646	1.31459107718583	1.84291558286795
-0.700570989004124	2.27645252858676	1.89104821406061
-0.683868626505871	2.3790727593479	2.55357496843901
-0.319906733439613	2.18704092833459	1.81998686543528
-1.22320645149514	2.84706620656359	1.94310374129173
-0.601843935315603	2.34313539893034	1.99202305776495
-0.696358534847245	2.19924249536077	1.48334527783218
-0.696358534847245	2.19924249536077	1.48334527783218
-0.785772516094698	2.2065834158819	2.26505831821157
-1.08880429315375	2.06453329701482	2.94978578785514
-1.10844865046541	1.6105796113639	1.07288993382793
-0.415490814178785	2.82542264931497	2.73039277209915
-0.415490814178785	2.82542264931497	2.73039277209915
-0.415490814178785	2.82542264931497	2.73039277209915
-0.233989358639283	1.87142995703838	1.45765426454839
-0.809837712742017	1.99047176503536	1.97881079960896
-0.0256903754818847	1.43170877045842	1.96085296078474
-1.2286840795866	1.37616056366157	1.55520579550297
-0.804543457051887	0.385227915766544	1.55142318137695
-0.624459414180327	0.446546726044328	1.77455230170116
-1.11502815359592	0.290728869219946	2.31307387212268
-1.70607353687705	0.681903931696682	1.91322451412612
-1.56385569673687	0.942987640692648	2.10746983959195
-1.57025356190063	1.3412480438471	0.919363852110351
-1.65318568087977	0.962668025750363	0.451887558597601
-1.65318568087977	0.962668025750363	0.451887558597601
-1.55974052215089	0.826817756829491	0.591701243985038
-0.956808577699396	0.889364274038428	0.390079318073053
-1.51320313874538	1.01356993036051	2.15645454946545
-0.835756960850067	1.64561161961087	1.49909105373993
-0.903774554262784	1.76391487681319	1.59300839579991
-1.15231526179356	1.63983741882697	1.96496204034526
-1.5661088709768	1.67289560172718	1.91601926769405
-0.641091038178819	2.6745540537009	2.04403372216357
-0.641091038178819	2.6745540537009	2.04403372216357
-0.723799386271075	3.09715324796834	3.00932219931112
-2.02355177581527	2.16377690665259	3.39816804677732
-1.37947714819612	1.69567295718229	2.80112346332347
-0.747087879509225	2.13865925739854	2.44937451380382
-0.772318879943299	1.52496306827309	1.81943718305882
-2.03594765649352	2.6528924560979	2.27083810555803
-1.42343931946834	1.91719882900692	1.29183246316766
-1.28281469620825	0.847865300819279	0.923918177044394
-1.62273194962468	-0.383500168185128	1.21889377986367
-1.12274422520048	-0.652418480680826	1.75860652777722
-1.72960744441157	0.441987666141954	0.101006332147323
-1.41184385084981	0.384395134154563	1.56296983438496
-1.02737746694819	1.77019230155573	1.26717656031465
-1.02737746694819	1.77019230155573	1.26717656031465
-0.742509153256254	0.8884935361446	1.68442892444844
-1.27671436275113	1.02147322485007	1.15447132930968
-1.75917988210236	1.32801550467957	0.608781830942722
-0.52103659972684	0.261433937187069	2.09650646356567
-0.312119500619343	1.84338516700993	2.44806210763332
-1.50982140279101	2.15080832075944	1.75230491129261
-2.01495726999435	2.09041299826991	2.26114046328695
-1.20525077684576	2.0543209448229	1.49499881797915
-1.20525077684576	2.0543209448229	1.49499881797915
-1.39554561443729	0.343299354419952	1.16225158250364
-0.976296273762883	1.35677309668167	0.876556710532913
-1.40843586952237	2.84665026943693	1.92555125854818
-1.21147016022261	2.47418312009146	1.78601011922822
-0.518241604678996	2.07296326417409	2.12179472356096
-0.74005036375827	2.27462623414636	1.42538969316145
-0.74005036375827	2.27462623414636	1.42538969316145
-0.74005036375827	2.27462623414636	1.42538969316145
-1.10535541813261	0.613677099775388	2.20503962796563
-0.911376217896562	0.751201040624166	1.32416622652962
-1.28400167100223	1.74451700086763	1.49365194401537
-0.455938409205231	0.162857481688265	2.47754627049526
-0.117574690767908	0.597861616934297	2.2962422475932
-1.61737292002334	1.48433121033802	0.757421003408342
-0.865420634333647	0.0680263659147658	1.96119303968494
0.0286494298301937	-0.336118015374935	1.60677330374875
-1.34663502526967	0.0271120984074168	1.56200436270334
-0.989365276827087	-0.359974772828031	1.39443547452537
0.0212119604607732	-0.29173354780143	1.78922879279639
-0.781354076612506	1.25978124393259	2.43467871357964
-0.395106528214617	0.314271234462578	2.27437461334126
-0.395106528214617	0.314271234462578	2.27437461334126
-1.16957743466203	1.75012601836214	1.46171670677867
-1.24708509874413	1.63554319657028	1.67379511129802
-1.92671120745847	2.06339516592607	1.82640389943983
-1.67655183399344	2.32789601212475	1.79767345558315
-0.133911148971799	0.0365413157246242	3.15936035647691
-0.652724124834959	1.24108084900104	1.51648446759069
-2.06211572652506	0.387236127619711	1.54342923632567
-0.694156854177632	0.490279700397989	1.8701318088398
-0.660384001959606	0.893390822439857	1.46929708772573
-1.87756954567477	1.03970584619545	1.37524121315001
-1.43599227010059	0.420430204767551	3.53607997066831
0.265895971257513	0.290716448764485	3.15011570881396
-1.39773952591881	1.22506080011001	2.07632344398027
-1.21101492739827	0.952552454901127	2.82692107210607
-1.03764114053376	1.35319029388981	2.39716948585401
-0.246304289101559	0.894768866631987	2.55919637792834
0.112029639526843	1.06158693121394	3.46644952746459
0.0306768948327579	1.89473765136195	2.79217170831077
-0.341972009342552	1.13578032994637	3.26480169942673
-0.0799709459882947	0.928071892681438	3.96920002117611
-0.427510804173189	0.101218987031509	2.87340357351514
-0.402196956500605	2.17114827597033	1.804016488608
0.23153923421059	2.21886679146317	1.98120449811258
-1.53550083311015	1.70083669751421	1.95952856100239
-0.719602000546659	1.23105559998356	1.68540273727644
-0.719602000546659	1.23105559998356	1.68540273727644
-0.965855569260493	0.714881906514101	1.03055096258613
-1.71100470571839	0.263533228288894	0.110032591700376
-1.41790235094551	-0.198169555260879	2.12621070583563
-0.548978296145783	-1.27753843907975	2.46705951312201
-0.548978296145783	-1.27753843907975	2.46705951312201
-1.31364839338815	-1.62460474762539	2.17633424365203
-1.22832064277706	-1.29258017790683	2.56143991019958
-1.24698088131656	0.858027665975293	2.64981577932105
-0.783978267313544	0.584736366747416	2.40208727364369
-0.887636429512629	1.7343981944331	0.741822997682453
-0.242825077620082	1.39530947266658	2.28181324416093
-0.0661639648430453	2.11583076470128	1.95364907108695
-1.00502914460219	1.9746438311103	3.07096011799716
-0.0773569037206289	2.519517151116	2.99519962802166
-0.712888954085778	2.21518161008888	2.57341780425069
-0.195415926485236	1.67900044131659	2.71450105381194
-0.403710860433106	1.31915812793638	1.97172297002957
-0.609344091555439	0.552617415036531	3.03814347081689
0.519896327768061	1.50751037959274	2.41236128052892
0.105865986578303	-0.190969786827759	3.71354757493217
-0.18856545563702	-0.52342284083595	2.53144787070235
-2.07453631388718	0.563677204445066	0.861584041568637
-2.07453631388718	0.563677204445066	0.861584041568637
-1.72928128986831	0.503504787262304	0.81716616342394
-1.52217646352523	0.407567100460133	0.612353406216079
-2.12724030331971	1.93008160299356	2.42279738452261
-1.64668459121353	-0.00699175367767446	1.59378066841124
-1.64668459121353	-0.00699175367767446	1.59378066841124
-1.62714201542107	-0.488970555142864	3.04816256079754
-0.0117258265625364	-0.963987394694304	2.80735409379322
-1.30052387944009	0.0387098253497478	2.34739020792487
-1.69430989139997	1.57547702535157	1.68092614329589
-1.69430989139997	1.57547702535157	1.68092614329589
-1.71650132106909	0.926622737663516	1.13019938284767
-1.7097847061841	1.07191215998794	0.990646213014132
-1.50664415782209	0.558062934874705	-0.0401653829610637
-1.93682132368053	0.292944673076733	0.291044986467829
-2.38134550465689	0.0077498691389839	2.46116738891381
-0.593869633131092	0.442633263970552	0.801150208414397
-0.937771946601652	-0.242201460112851	2.26732248546672
-0.0749957784259628	-0.254692488893458	2.36982264733478
-0.119691036193543	0.189288492156937	2.31004991437744
-0.208323534517648	1.11346117517214	2.86743007007298
-0.520971035759627	1.45619646076809	2.45652812647706
-0.938237280555457	1.03459076817419	1.92590301604978
-1.49706315769839	1.21841625198071	2.79102125744871
-1.08800812976793	1.08508813804556	2.37117514295309
-1.74418553231443	1.061191411289	1.75366822187721
-1.09322057573916	0.753759132922113	2.15579598280065
-1.48681981983144	0.851774242884166	2.60703476961913
-1.14251245999157	0.252893819230025	1.63050565670667
-1.01746863313498	0.644646704589568	2.37335182558952
-2.45299279241983	0.0815936338624371	1.69145443596317
-1.95224725508834	1.40327561516165	1.20258820424999
-2.97901081583166	0.896212977463739	1.76567437427575
-1.56765989416998	1.71675442502996	2.52332850987723
-1.01654133047477	3.31753726122748	1.34718090534543
-0.365598819957767	1.98281098806907	1.55574345352936
-0.365598819957767	1.98281098806907	1.55574345352936
-0.316329248058038	1.75142771592931	2.50811688813021
-1.07057994536944	2.02125968971621	2.9262831520714
-1.61469416407533	1.57156183612762	1.51068341053012
-1.61469416407533	1.57156183612762	1.51068341053012
-0.831355882617921	1.37602722407458	1.1320666244007
-1.26654565467621	1.12240166623491	1.63057987629112
-1.53541775222193	1.78065232658108	2.10501815824799
-1.23961735038637	1.73347852239733	1.57911852333886
-1.01017455423704	1.58515159687433	2.0027194518018
-0.187248723471302	1.64647063015681	2.10197901553981
-0.718408602152567	2.04479592055697	2.35694614099654
-1.43633098358577	1.90363022754044	1.71760909523081
-0.229286673544464	1.75619101336121	3.78376401590482
-0.573400322332048	1.83737831133621	2.80000552629342
-1.00116608804049	2.4383257376221	1.91719802774091
-0.364499694899513	2.80773001525581	2.08617499437707
-0.133378085021082	2.24780760568835	1.7602427184425
-0.133378085021082	2.24780760568835	1.7602427184425
-0.915380198491694	1.75150914310345	2.39712693951021
-0.266451365474071	1.05505950046678	2.76866315688121
-0.624109142875062	0.988464341632714	1.57062012711342
-1.09544863545124	2.47103181710543	2.11862258837728
-0.423939812992564	1.61035341947046	1.73788486564911
-0.867559618647229	2.07296269775125	1.89891402318579
0.181065244954746	2.1271332493115	2.64554439838266
-1.32024344756272	2.64092970618015	2.1355124479084
-2.71746517583794	2.76384247540732	2.32290281412568
-1.24589716807834	3.12352259822008	1.19166834733857
-2.01639770790585	2.3178311812987	2.35153302461515
-1.29767088703906	2.19332931659178	1.5122794992715
-1.3382876799754	1.98513813292297	2.10330313137487
-0.315476054194978	1.66276121386531	3.33355881057095
0.158870982425803	1.2828731242769	2.30277189012099
0.15460040228483	2.07869740945152	2.84569517208814
-0.416479949838802	0.976484774026913	1.86465108620017
-0.416479949838802	0.976484774026913	1.86465108620017
-1.20040333004634	1.35353949798022	1.69667778713367
-1.20040333004634	1.35353949798022	1.69667778713367
-1.50595808464269	1.51684419683446	1.75739448412561
-2.34557554058297	1.92560674904497	2.52953376405896
-0.410909742591693	2.19349163783332	2.54691182718844
-0.192388066550613	1.97038480192362	2.05530456854257
0.215009934877989	1.23038094548458	2.96746670813925
-1.33718715152148	1.74619477310402	3.07590852575666
-0.0397829891362644	1.66362972663991	2.40803344321986
-0.0397829891362644	1.66362972663991	2.40803344321986
-2.11741483912036	1.64652017851063	1.6956505158388
-2.11741483912036	1.64652017851063	1.6956505158388
-1.25880557916313	0.844909400923567	1.81797871442248
-1.38230947994876	0.177756631549294	2.1001122747026
-0.769527154931893	0.142229830711787	1.95580334520406
-1.306022856865	0.63687441388946	1.67234599813898
-1.76530518114652	2.12207964812048	1.03612389833682
-2.16604152462814	1.41285628045555	1.34860476120735
-2.53587988174053	2.17576859164795	1.51544390706172
-1.55150797691413	1.36514885823619	2.82800147425939
-2.07951705351027	0.509876213017321	3.01655022839611
-0.373487200608516	0.564365125875173	1.57146027536428
-2.22172261131918	0.856244122495232	1.04856692096533
-0.508798030600009	0.539242684079394	1.61241117191648
-0.849709405126658	0.32593218784123	1.80687892078894
-0.520220642959496	0.883744291753299	1.64294233973505
-0.520220642959496	0.883744291753299	1.64294233973505
-0.937130533454122	0.981018404422926	2.11954982355064
-0.617314615891446	1.94979333400952	0.955655089620616
-1.11468720539894	1.8796944994804	1.56238079629948
-0.694497844996573	1.51786175491536	1.69553588716265
0.119203812331086	1.13158750839678	1.94724258160049
-1.23363770565138	2.66205841546696	2.555816261358
-1.45641011382212	2.54134793583234	1.8855796956392
-1.45641011382212	2.54134793583234	1.8855796956392
-0.372722147966382	1.94682888868309	1.78421619694533
-0.119715839182049	1.91134144995972	2.19576980891656
-0.307255428509642	2.14525905573333	2.1927388545205
-0.307255428509642	2.14525905573333	2.1927388545205
-0.422535230063957	1.78085904544726	2.49891175855055
-1.11647148437118	1.0167211196677	2.1775687263498
0.215683576266678	-0.65390503317649	2.80268935908345
0.587868032542117	0.691190929586927	1.7472502972304
-1.25417748119764	1.02603901998046	1.44432598831401
-1.76580431128092	1.6766121092328	1.40052995030731
-0.734843336285547	2.01998545367152	0.845174823057384
-0.734843336285547	2.01998545367152	0.845174823057384
-0.981725152706349	2.09044094754319	1.966817046035
-0.981725152706349	2.09044094754319	1.966817046035
-1.54431396254889	1.87580836386887	2.92020540423403
-2.27328847565902	2.35775289700026	2.18616327947475
-0.400341977821759	1.48314949939936	1.35350280384219
-0.69955055214149	1.94081693959252	1.65327677921248
-3.14020677820558	1.87240453181114	2.12974198167388
-2.50665463541862	1.77268557351413	1.51000437502667
-0.843964967532764	2.36781064598417	1.82246605031628
-1.80749771470889	1.22727827054766	0.579268503096678
-1.80749771470889	1.22727827054766	0.579268503096678
-2.55560051459586	1.65427869309215	1.7792133043585
-2.55560051459586	1.65427869309215	1.7792133043585
-0.812924179299843	0.699326072219181	2.02296630556115
-0.366988151000016	0.273441295840976	2.13783561515859
0.0550409729568764	1.17701028638077	3.77655184268788
-0.15857816704455	-0.149878610309816	3.02950994271083
1.23512723242049	0.818077838493038	1.69129421159962
-1.35451173677419	1.97315418118242	1.5420448591384
-1.32337816801559	1.07274321068833	1.88710878454812
-0.255382437314495	1.7386852541122	1.69644036316249
-0.104901249365166	1.57606523751321	1.83167945079724
-0.693225267311557	1.60271949508666	1.73457160642464
-0.519163060952795	-0.135412213421685	2.46121426540797
-0.0693318764567803	0.815194816109342	2.64775330877355
-1.42611865801035	-0.116680312228286	2.43498175165255
-0.75357843841228	0.455128446403568	1.84667830929846
-0.810395403369227	1.28149825815415	1.27751282979593
-0.553541134430239	2.00467820024796	2.00211918031976
-1.35189113482258	1.84224859464021	1.15083367514972
-1.81775723501786	2.30139025888038	1.47394518583427
-0.48168070057901	1.67403885726431	1.41343935848684
-0.48168070057901	1.67403885726431	1.41343935848684
-1.53875225076414	3.24973749400371	2.49357625978423
-0.613056886938726	2.06791947650549	1.52206195331186
-2.01666228469221	1.72685039035539	2.53562133271496
-0.62653430402929	1.37758821534041	2.58541112329802
-0.542348014947048	2.39005661266514	2.12470926305011
-1.2273916922986	2.57580458033854	3.06630282050703
-0.649011366662456	2.7605427543182	2.08316661632883
-0.809042503484061	2.76337237711812	1.69115924554219
-3.06405840645311	3.52778525132349	2.55501452134036
-0.302889875354086	2.4127378696196	1.24859335375858
-0.417128826579416	1.25557450758184	2.68670479912108
0.176256912609057	0.958970079526233	2.12599690413573
-0.565844580271885	1.48020602102714	2.14907217674125
-0.251552925794106	1.23647641252128	2.63968891883247
-1.85343609623016	1.7045003555406	2.83392087102744
-1.16710943794696	1.70839059460349	2.20914987899862
0.332023603314344	1.01931305338604	2.65658822117104
-0.268742339854429	0.922884933626837	2.24939486776289
-1.82449231244102	1.1645734502316	2.1217249581684
-2.17299849694006	1.72109887901881	1.24864521498155
-0.433054963715866	1.53872783984061	0.97831899912502
-0.602347599736534	2.18094072062422	0.970671165702847
-1.70878163795578	3.68170689982723	2.86213044102207
0.236863838632312	1.69813274110403	3.06754565770756
-1.23184120178898	2.36171437684672	2.63873037314453
-0.19273733287893	2.11780930456947	1.88101843359261
-0.743523068270701	2.61487278937135	2.13770167189172
-2.47494819633191	1.97430842574911	1.48050047301225
-1.47433994704042	1.75667653008828	2.14356885897712
0.0885146698641188	-0.592966286914726	2.01730368254533
0.151529094213775	-1.33361037806171	1.87534208724972
-1.13199363188748	-1.35725106105251	1.39678477976057
-0.954336410351657	-1.33847280013769	1.78843114439071
-0.954336410351657	-1.33847280013769	1.78843114439071
-1.81119862291344	-0.401552767644454	1.62654158265854
-2.58560707706411	0.0875770380556225	2.08876792834853
0.463470334513298	-1.18094715309753	3.37762371691652
-0.00142488908485805	-0.871942603951251	3.54137508214839
-0.823522182753198	0.563519233037545	2.57685866899473
-0.659186764473441	0.357585286343631	2.41279042132345
-1.63712337456704	2.48133271398396	2.5489262645
-0.207596456798349	2.3091733030163	2.19321279160253
-0.957889313652437	2.28993213663882	2.22467741510356
-0.52967969297461	1.57490812515174	2.07263594286443
-1.70556349392807	0.950911262848357	1.22305240612909
-1.34031553129005	1.08998702944866	1.09679039530197
-1.34031553129005	1.08998702944866	1.09679039530197
-1.51254963090783	1.43715298121534	1.53970329043239
-0.513617943889831	2.79187389953788	2.26338493989354
-0.693299295371321	2.4967356082811	2.20190939244388
-0.899479389527947	2.31734065184004	2.06998451306945
-0.899479389527947	2.31734065184004	2.06998451306945
-0.820215976616147	1.89399859621457	2.45740832226581
-0.96419690427468	1.82891698284553	1.99217490099473
-0.783779298802219	1.57993404475282	2.50248783911343
-0.994103666237949	3.03708664127301	2.3699327450629
-0.279205784536881	2.31803688298753	1.91904565501238
-0.50583081983321	2.4724933152792	1.9505515124041
-0.58505850005363	2.55093225278116	1.69354066288265
-2.18416363481578	1.99132663559398	1.15371894209489
-1.62531695150005	0.999469556182894	2.73100014654758
0.411989179375868	-0.454842231936974	2.63731630278549
-1.93919992909483	0.533031363825424	2.16369643038883
-2.40571115979515	-0.164446080489393	1.20007583697784
-1.56172477919416	-1.35669023834834	1.16836111857743
-2.17687721982168	-0.693312806948094	0.538163737391531
-2.26074888886815	-0.491233699595304	0.68790133489397
-1.71516800924502	-0.00109145097029373	-0.224961263392471
-2.03287744829943	0.450914848158419	0.929164496016321
-3.20849868161046	1.03899167305054	1.01494206622245
-0.836283909545161	1.56945494250444	2.76288612425445
-0.667586941786991	2.14758687387502	2.36354532450565
-1.64446336394994	2.91032707194394	2.05931603232042
-1.64446336394994	2.91032707194394	2.05931603232042
-1.68356875079344	2.42097507803828	1.82398610659073
-0.860405902861277	1.82819612969725	1.42580820800796
-2.05237770853955	1.82670597378963	2.22813884163849
-1.05503085794904	2.01605953783775	2.12116208527212
0.0851989613851417	0.54307864359205	3.58951086684606
-0.813991309574837	1.56310558708868	1.17225996013051
-0.692625552701099	1.70235988281308	3.4769478752254
-0.968418872097897	2.26946364486394	1.99263751886364
-0.616906892208435	1.64042233523968	0.994035114406229
-0.616906892208435	1.64042233523968	0.994035114406229
-0.838862589516756	1.40694407205731	1.00575110482103
-2.37780000790541	1.14361601756852	0.62737926627662
-1.86243536325015	0.496802543687293	0.421926363889026
-0.875384761985153	0.945999282722261	2.31296661950126
-1.14360884558807	1.72718363918408	1.82418535905157
-1.45418476060888	1.55772859743124	1.68476530805053
-1.06052062098415	0.825486542747572	1.66523731485131
-0.65231394374156	-0.472499367192696	2.80335988808571
-1.05874357229744	-0.0205095097707028	2.15005560044465
-1.22506607441263	0.0330709148404766	1.24152536377011
-0.177440787766766	-0.419607282546409	2.24919773500492
-1.73116706736293	-0.0328885827596507	1.49273074354833
-1.99124704568366	1.24469475213182	2.21497105313593
-0.204079408762163	0.00270125167003643	3.04053528925242
0.27564364183457	0.0978990276395624	1.20668848568315
-0.101666415946277	1.29967830824828	2.05734410208422
-0.101666415946277	1.29967830824828	2.05734410208422
-1.03219154758851	1.13388437579583	2.10265694431744
-2.26215413343604	1.65054679854039	1.93223270041566
-2.17980990802985	2.20991800059154	1.20603484894652
-1.94944420540559	1.24042167254916	2.04267921109592
0.0497211354532505	1.18011923314616	2.60008080857191
-0.12220695893998	2.15238245560782	2.34412293444116
-1.06148201971585	4.36003930260893	1.60708945376884
-0.0880057753147029	1.639868262911	0.536074004810813
-0.701531505310628	1.30616213467429	1.25628996067641
-1.33130849759319	1.86439830772275	0.894845869856071
-1.23770046588417	1.92564607180094	0.739234301597797
-0.819072090477681	2.5861999433384	1.35700573311727
-0.540196754630265	1.98693774735697	1.65919569577179
-1.13115508702388	1.96047931678947	2.2087089420955
-0.740224348354699	-0.845876179496668	2.5272786572622
-0.275681722791054	0.611386496124175	2.35323035386288
-1.26100713277942	2.59111648659093	2.03352913756798
-0.196810927109954	1.78431451708156	2.63383470164847
-0.50503257055403	0.482143177379499	3.96390387776124
0.444954891155357	1.25577566668543	3.34829281376873
-0.304450008178877	2.20081829933121	2.93112376293375
0.281151288264154	2.66464967745581	2.60483784428562
-0.509723677790031	2.12615631177584	2.52770739116949
-1.03341513505241	1.31990959896821	0.863890071573216
-0.628825437402253	0.403025533602776	1.65333098656705
-1.879128098735	0.315656231936591	1.42696254354422
-1.86485703646925	0.841899080127939	1.29602060509056
-0.854146148670736	1.19413125507808	1.09845513242027
-0.685694044217446	0.395540540749693	1.87714981492511
-2.11097904051706	1.42682985264997	2.12762301717616
-1.66325852891884	0.278934090196055	1.32925583889316
-2.46168472191321	-0.103781776238382	0.772504844381011
-2.28475341101532	0.41744268252874	0.723612584940167
-2.46284901458755	0.710243053529354	0.896751600233817
-1.5866078054785	1.1501839205676	0.561073412375431
-1.12593533417189	1.3333818048059	-0.784264786257025
-2.40098425395392	0.603746251669826	1.60348665789745
-1.59452991301481	0.274823403949398	1.65606040884594
0.150967705970649	-0.456749322621739	3.05863003211178
-1.08574551060456	1.14462225538506	1.51965700931414
-1.08574551060456	1.14462225538506	1.51965700931414
-1.08574551060456	1.14462225538506	1.51965700931414
-1.97815531603455	0.944210020147453	1.06569013336187
-1.31934548217972	0.346459101320274	1.37586925659579
-0.989790698977617	0.134736203066837	2.23589211094038
-0.986163540716866	1.07659224455112	1.33342989733451
-0.986163540716866	1.07659224455112	1.33342989733451
-0.917141565924593	1.86155891476872	1.31104362674759
-1.55725191443128	1.83709641784363	1.32968445694864
-1.14996040439031	1.99313773868314	1.42283285929231
-0.315820965807	1.03247893648331	1.77124694088544
-1.43094932673716	1.21496312740151	1.64319075503786
-0.713403973903181	1.1394358900533	1.73383798110063
-1.19072473064117	1.58528401165999	1.14506216500411
-1.19407383594063	1.61536679750066	1.18538647537102
-0.584238193008969	2.10563225330201	1.5040491348388
-0.584238193008969	2.10563225330201	1.5040491348388
-1.30364836748133	1.92957325642164	2.23705297643143
-1.00675067450791	1.79407180632907	1.79374920123356
-1.36990171204925	1.97809763599019	1.07664886804001
-1.36990171204925	1.97809763599019	1.07664886804001
-1.36990171204925	1.97809763599019	1.07664886804001
-0.512375696496216	1.9378121045903	1.54403975771576
-0.518992268357473	1.70476824713632	1.86326722953546
-0.87453973887007	1.57370705617941	2.69835246547128
0.173091950616053	1.39163473876017	2.59582302065124
0.310884489383642	1.93443633863722	1.46073969346339
-0.38244839258922	0.958066968333318	1.62715520372307
-0.773903331847733	1.62419696633326	1.7750582231226
-0.129975345375128	1.86356695158584	1.81449723255244
-0.597806576205378	2.11499411635679	2.32923500093249
0.175676204096555	1.59476766441033	2.75221863772651
-1.22390520231248	2.42056506265379	2.23687628907465
-0.457124375490558	2.73850911104402	2.91867930959858
-0.230316477398475	1.55853790418466	3.45512477095872
-0.83124906664529	1.06823687375477	3.23889643357002
-0.175870842837416	0.986313257666024	2.48526810564766
-1.00357785609821	0.49191892481142	1.55332218892841
-2.46038530839972	1.2833411453647	1.85953124617626
0.208955554942652	1.0538740031852	0.51355642897884
-1.76633815044025	0.78562305201445	0.966728665611497
-1.76633815044025	0.78562305201445	0.966728665611497
-1.24174641592191	0.731354135252897	1.94529924292085
-1.38981582774982	1.3266141702043	2.79138270942346
-0.533584931413525	1.14875068391576	0.317012217920694
-1.88871393821396	0.464449214688753	0.598707317272149
-1.88871393821396	0.464449214688753	0.598707317272149
-1.84015601321266	0.67258130614995	0.560396816545812
-1.38945131044686	0.0443864497182719	1.3960453283522
-1.55197111989026	0.501109261292208	0.983895231468735
-1.20961043355271	1.50698656870287	1.29160157510713
-1.28431611759044	1.81674208325704	0.357102695702961
-1.66289965897652	1.31411034155812	0.71080582361998
-2.36883419245669	1.17956112753412	1.78294381712043
-2.10938975724265	1.6603033496799	1.32940940250895
-0.752019533982711	0.879241625235881	1.69977969138888
-1.29546271814469	1.05604372832409	0.796088643746684
-1.23181691824378	0.354116457349356	2.13101969525109
-2.48853539054499	1.02605592290388	1.61403341598933
-1.77187748424075	1.06217599741887	1.89026074878101
-0.873092502919322	0.607868785007307	1.7134877069059
-1.02436183572333	1.3620291480205	1.45976430870453
