1	1	1
0.609223100654454	0.407476785725239	1.70592759659362
0.485381386635491	-0.0565733299946379	1.61689212107772
0.937420821736961	-0.0979696971951238	1.37812714276627
-0.317774120440128	0.805276459529714	1.95126645175376
-0.317774120440128	0.805276459529714	1.95126645175376
-1.65162357180309	-0.634920021897714	3.14029127629509
-1.47551888399295	0.740660848705246	2.19038431811806
-1.86839561625192	-0.455453561566233	1.39753400775353
-1.59419313775246	0.0376418047689932	0.990776937471691
-1.54337892712583	0.714293065308187	0.475435128096871
0.302958915485737	2.04264848575087	1.63494371175654
-1.45338673404238	2.69624504213199	0.0827073066783458
-0.284834725689644	2.26637433192894	1.42628211378338
-1.1320119860802	0.0562871983982056	1.78829076080569
-1.58070745488723	1.42552047383885	2.50993777250464
-1.58070745488723	1.42552047383885	2.50993777250464
-0.392550784122722	1.86098966737198	1.99424852791469
-0.584852918539825	1.71966308292198	1.85275238309505
-1.03284614068595	1.35864699047215	2.39083650783902
-0.552688591898042	1.49578766290564	2.12757147405628
-0.823238062014886	1.70904685516071	1.44661037785233
-1.6863563747334	0.579626436920379	0.848540446243257
-2.22108316263826	0.404761036133058	1.44876651641012
-2.12149575540743	0.44156654313168	1.18799244799757
-1.65975981048796	0.387497749891161	2.75923713165438
-0.263760242317116	1.75313747951919	3.15241569511371
-0.916656093473169	0.277605305874066	1.90632957832318
-0.916656093473169	0.277605305874066	1.90632957832318
-0.916656093473169	0.277605305874066	1.90632957832318
-0.768355823056851	0.37665566569335	1.88366241019324
-1.05370153650941	1.71129057874109	1.94557541095011
-0.989652627868852	1.16047564167887	0.809773178630296
-1.65432459965159	0.909187654083894	1.9887349682322
-0.379124413383983	1.38660788683322	1.87756523393415
-0.956172389518271	1.14737682728167	1.63079523873193
-0.949320518609091	2.02003169852648	1.42916661101404
-1.04025545924086	0.633997017676361	1.76601289510008
-0.794947815845768	0.82556136092804	1.83312037307826
-0.794947815845768	0.82556136092804	1.83312037307826
-0.97167877330148	0.624147073115792	1.96327184760196
-0.957287818896227	0.715205198981535	0.83708210449823
-1.44350456347846	0.366027075759433	0.648966101545888
-1.0448658930885	1.75572178071025	0.0631327700524343
-1.22770473922553	0.496193535581088	2.04631346384971
-0.592189771210345	1.08816236327407	2.32320607402819
-0.759705977957696	0.481819402726827	1.85554889792447
-0.759705977957696	0.481819402726827	1.85554889792447
-0.378600859959896	0.340849431778757	2.4891983726407
-0.259998695982517	1.18843532644235	3.10318656241875
-0.240890705982067	1.6121316726299	2.485231222294
-0.467832404795641	1.18120358818358	1.96989122729596
0.573197769581436	0.890655462168279	4.31962888608149
0.300193436522721	0.918027960404034	3.02821829219218
0.113551205736982	0.676690058310725	3.45365274871829
0.263863497319857	1.26677549787574	2.19896594001784
-1.28956088990415	0.196811046339038	3.05302068755959
-2.07468922354204	-0.283507168032989	3.44980853294879
-1.30334284868876	-0.739524730214838	1.95092364968362
-1.76474221893865	1.46735838929034	1.81775513432688
-1.04847773450608	0.886464876554961	1.82181498202833
-0.887291752486269	0.243951147301919	1.93446475341658
-1.11887289399217	0.605369981777501	1.34587970428957
-0.917278784230123	1.05372072519799	2.0208248052394
-0.917278784230123	1.05372072519799	2.0208248052394
-1.46034456609048	0.85332440936207	2.00780931894491
-1.28096819700458	-0.0925900594577949	1.19190893043206
-1.28096819700458	-0.0925900594577949	1.19190893043206
-1.64432816091157	1.12683228223181	2.10839474186551
-0.606153435236335	-0.468659694844215	3.42769562990171
-1.86662734699551	-0.514670059715182	3.8351527100445
0.195394765459489	0.619310313219277	3.78224658662617
0.052702888392582	0.67296745494331	2.66597758072188
0.052702888392582	0.67296745494331	2.66597758072188
-0.651643533994391	1.01605905182558	1.99448255529562
-1.76927879938625	0.703037047213202	2.9617811731173
-0.480606442038714	0.548520481810444	4.53469746732096
-2.05426166200686	-0.0287739027407778	1.52900179732214
-0.976094052278888	0.0711206643016383	1.88633567229011
-0.00174991944772762	0.116124539391445	2.55586803217418
-2.06682618578534	1.30436932527065	2.53813683233146
-1.04382143138958	1.66130358762174	1.42958459903964
0.175697167402508	0.729690938485958	1.99837960456278
-1.11041669068455	1.21468224180309	1.77259492169169
-1.42123127256687	1.39398424037509	2.85292504398695
-2.01014269873923	0.582440558179499	0.955124388660987
-2.03088712165741	-0.696027722119353	1.07856333026238
-1.03814298654342	1.98253697915705	0.910755253349486
-0.336870815775606	2.03751321112985	4.33040648457102
-1.99474272018558	0.156017242557233	4.41369670462104
-3.5936152531879	-0.113495674328208	2.66250117043771
-0.505963810492221	1.3880167218635	3.10175860522105
-1.86465661102103	0.34086997804351	1.5799892645282
-1.83792231668834	-0.0507901272243319	1.40337465062732
-1.94825338959366	0.0210358627782022	2.04295486737668
-1.88724466687231	1.08409943727125	1.81435349835934
-1.90720598919672	0.211394585097863	1.51543666306054
-2.082113289468	-0.333322629880873	0.976868517819572
-0.704564452752763	1.10081341541764	2.70890492690343
-0.258574770329143	0.698199606244291	2.64740605574267
-0.482415727387912	0.138808031936543	1.68908290413504
-1.73192526373304	0.497458108107854	1.85307260695678
-2.05760624409742	0.936864595729745	2.04433409128892
-0.514240640365998	1.63178038990322	0.842528349149567
-0.444092866603363	2.11303863813976	2.2897413299908
-1.48445389353646	0.221651569995692	1.6591538565747
0.323432539087863	2.3663243446529	2.12216525604583
-1.15455308644314	1.17731674003259	1.48460848166851
-0.183493070527921	2.09029328864911	1.68754593855821
-0.604320460922039	1.79499338462068	1.89147471687757
-0.815943140120047	0.865200575167604	2.08686228590204
-0.815943140120047	0.865200575167604	2.08686228590204
-1.01013648555167	0.409322074324407	1.66301273056658
-1.19715212661558	0.398695915282317	1.31428421528791
-1.55662875462091	1.57115079867679	2.0604109000784
0.12637505512038	1.38493018603475	1.89084125117101
-1.91980837631726	1.36223044585622	2.39430893703234
-0.521874717987829	1.58119031006376	2.87700357238966
-2.41501054281687	0.796374183602526	0.651124563646255
-1.16695660202924	0.331137314937892	1.20026367709924
-0.137338650143858	0.719504375847351	2.76231790701829
-0.958660035679941	0.7786068237364	1.90776215822365
0.225462843638342	0.665005626309614	2.70017194007111
0.0890066316748961	1.10261393441535	2.64543172209383
-1.16456750112519	-0.101366852970397	2.59245614009086
-2.16786912177549	0.141128960610682	1.02784638917588
-2.30864140992038	0.388582160047307	2.96987505457695
-0.173130736222856	0.946999252362786	2.0132481963113
-1.67231505099652	0.994461787254728	1.85229573325469
-1.02468557359584	2.14340066405829	2.32420707586477
-2.11228127380463	0.467995954953647	3.08600801736059
-2.05597698722412	0.0290348545204834	0.587109583809111
-2.11304166065588	0.561485562803505	1.42799072721964
-0.930518838640032	0.142442025065437	1.89841571370949
-1.46105962596647	0.122711686978749	1.74392741040951
-0.471115136232124	-0.857336222198337	1.65795842248833
-1.21305512995217	0.731313691670888	1.30341705340811
-2.89233825706514	3.35948536553504	1.88479145512163
-2.82021558022685	1.68753706740773	1.42402801908636
-0.541390003251484	2.59868839664565	1.55504545467964
-1.37802698820112	1.29950131897877	1.00759400464738
-1.27497039721849	0.82922848170329	2.53709247612926
-0.743554281487639	0.187219972504121	3.02894500127507
-0.885059831660459	0.0279540199815863	1.78008581407435
-1.57796892122196	0.0636118263231074	1.54820764602391
-0.983127188784561	0.682797916961518	2.0153390615788
-0.987218500968709	0.21193259647659	2.12377792903528
-1.74630589544819	-0.64865661847043	1.66975855217271
-0.939965868953254	1.02417311828698	1.14831623964816
-1.81431938222096	1.79219071985747	-0.0494973483814681
-1.64278870335364	1.14875415076033	1.87792311800476
-1.78670808195142	0.211179675068868	2.70561994748201
-1.81604877766511	-0.812740240897366	4.04941673080436
-1.45163448587253	-1.08987022834289	2.80028268922832
-0.99553522132312	0.0483170338412848	1.25869132382935
-0.364154543234091	-0.425302893584385	2.70763975740718
0.227059582205548	0.947794836817183	3.41133769408942
-0.186528610677751	0.0425351755903239	2.4455383395926
-0.884307391734996	0.191289851740071	3.20723559747348
-1.36133937299852	-0.206474655271229	2.66286672961318
-1.54664014123072	0.495375053766454	0.885059768347121
-0.990135281818504	1.45547678091581	0.798009937073979
-1.48004271594178	-0.899510257277842	1.38766445393155
-0.0405148589518395	0.110972871857106	2.05194167467523
-0.470229684459752	1.31518284161173	1.95998819209607
-1.61057655774061	1.30471202121294	1.60357613213171
-1.36485690445731	1.5799230546812	1.94204994359387
-1.37465415373223	1.11189058556704	1.11807188595077
-0.861335009780856	0.802232952217371	0.726875736844503
-1.86834981093981	-0.553312860916403	2.43985944603235
-0.431724369391316	-1.7319669340799	3.85005895768028
-1.11049452001906	-1.14260226677811	3.71107762314362
-1.50154640366337	0.356950884885556	2.47231357587727
-1.15174553799861	0.996758588601847	1.41676034909053
-1.03893330148087	0.841261263488346	1.45871945991777
-1.03893330148087	0.841261263488346	1.45871945991777
-1.64658676613507	0.144897892054687	0.948911609638745
-1.46152489958173	0.55144936714962	0.903356907364685
-1.58197139846298	-0.158603306233781	1.41491202399186
-0.962816575431101	-1.48727553790014	2.22113533882737
-3.00598186117168	0.857455771939197	2.06215435019618
-1.06278693450831	0.39834736687944	1.51394901880908
-1.43571350290262	0.371897792182075	1.49441369512487
-2.14539740383437	-0.132536190223764	0.849751453428292
-4.71956030354671	0.62887732849668	2.35145125699959
-0.588801495130762	1.05652637197229	1.12188974998431
-1.41802949897467	0.350871165398139	0.844275991669809
-2.3969777335646	0.723231391509105	2.20997301588051
-3.64130930385246	0.365575537127537	1.2096409618936
-0.503092500063385	1.72409850850842	0.996662854687915
-2.24449489958007	0.713165030268049	1.2376785750926
0.545838357455096	4.11528203743755	1.92765967734026
-1.459284134572	-0.702411551043188	1.59333169138854
-1.47524329296702	1.34543326146319	1.99508591448162
-1.38744734112862	1.13150733950243	1.65046485834001
-0.93431829858847	1.5012402968867	2.00376335325848
-2.80713959638367	-0.537043970174409	1.05799103107977
-1.66111415895968	-1.43712683656647	1.22873423029393
-1.02579732806825	0.202578428298855	1.21764836412675
-2.01465091096947	-1.89119097653136	1.67643507699155
-0.317467808887299	-1.63476961330397	2.90977680692585
-1.16326635071994	-1.3133879630856	2.42892467420571
-1.16326635071994	-1.3133879630856	2.42892467420571
-1.07139469421042	0.554973046128627	1.23729128686877
-1.30524869787131	0.747692666294887	1.74459992376029
-0.145691275942996	2.12260136378658	2.38356702369526
0.300592242444009	2.35656770912006	2.75423224777193
-1.49818104099386	-0.653206492411194	0.335543997031174
-2.16401219905232	-0.880428014962447	0.957263056711812
-2.26049754141194	-1.31361575342369	0.315208008279959
-1.66925153239596	1.10604817423676	0.459602655222378
-2.91039761224191	1.3439431333017	1.75364905368386
-2.617259819158	-0.996708601078008	0.865655182602093
-1.06850785828517	-1.21176611078775	1.89498672230218
-1.68185137916316	-0.511870114606963	2.0404341894156
-1.05506163444566	1.1619165824497	1.93988693736806
1.1954873878139	2.3080639900318	3.39434167638395
-2.4948549459861	-2.95337092210858	1.74744911501136
-2.51080730558716	-2.02550628932746	2.18186572915083
-2.8742250899233	-0.550700494412871	3.16374727547051
-1.30195693035046	1.54155554087244	2.39876048044783
-0.251614257355303	0.695655621542409	2.82872338454846
-1.89707191814008	1.72192229636641	1.67564773042512
-0.398179345658152	1.53236597598926	1.97195540951108
-2.31766652599824	2.73816476698342	1.98126278793036
-0.888179316638626	0.486420998987396	1.86599669774666
-0.758487816683435	0.163403486396332	1.98947744370016
-1.29653808113525	0.532904756717038	1.67655688996359
-1.3654901366288	-0.295142827456954	2.05682955971859
-0.410558384226349	-0.82481401937979	2.98503070341866
-2.40300792508106	0.866168458377612	3.48478855594485
-0.774029263249367	3.11181718595782	2.58489054051089
-0.625040072788759	2.60794606609825	1.75166902792659
-0.0871494831076203	2.51808674495021	1.99962133712061
-0.465885908223172	-1.13578362611658	2.43630277372143
-0.492355953232219	-2.25799729861167	2.35497385647436
-0.427462876424076	-0.429397332134788	2.48274570863961
-2.82898525670453	1.34334128312785	1.29144882302104
-0.541246309733221	-0.333938798028494	1.46965728742065
-0.32642872050536	-0.855699841401924	2.42454280820803
-0.524219280287327	0.193493357518594	2.55361146693989
-1.25364661565626	-2.65295226106841	1.85527863788904
-1.96302249368626	-0.501072331199407	2.41302074039755
-0.585568991225118	-3.36173279215353	1.6357511385855
-0.568090265130422	-2.13720611601833	1.40518927878926
-0.741950949820877	0.320513423852922	2.37484776752177
-0.468869065191016	-0.00965677578357216	2.17472678670913
-0.472510255295392	-1.28606137350962	2.21186882083092
-2.21830355034875	0.647136274394281	2.10032513954153
-0.234684507000295	0.531690250366063	2.65764146166199
-0.757665435202076	0.511868946792815	2.13251124893672
-1.31800834851107	-0.21077108142795	2.31481543956434
-1.09492484675419	-1.51059618127352	1.76871420311167
-1.61866429877107	-0.81691153774968	3.54359377917248
-1.19909604804828	-0.951062569791281	2.76730499219522
0.570165355378122	-0.906471343413708	3.22375027207309
-0.590641549693448	-1.87271365536167	1.58946511066623
-2.35116603474082	-1.78407128437087	2.65484944570392
-1.23878686934334	0.863576348883478	2.26132416062581
-2.66237307482321	2.19397978883101	3.90169541106445
-1.79731971245941	1.26886646391715	2.87435405347516
-1.10888796688575	1.02556843670374	2.52204343304802
-1.57875284491023	0.972414535505913	2.83793590072701
-1.26851743189815	1.06596742563432	2.56078426343657
-0.656088563988695	0.0940234194335963	2.30437699478769
-1.68528442000896	-0.651551610798735	1.29123998566221
0.238304503845473	0.496561132569704	2.86508019778614
-1.59600490354804	-0.563196559961281	1.92021935332054
-0.751301989774415	-0.850232537871211	1.30074591152628
-2.14646199126519	-0.324575692565046	1.01334458784925
-3.14249230594954	-1.67738724122884	1.92878634213147
-0.909169764207584	-0.350476449361703	1.35095530249075
-1.85617497825559	-0.361499400234619	1.9194246994206
-0.251516035486805	-0.963660997912169	3.05054836478029
-0.695386827049881	0.0323614046349506	2.12255662238366
-2.21648848241825	-1.38902047148901	2.08051142332752
-1.33159065505842	0.0600611948403761	2.44877900661726
-1.30528423918542	-1.33335119313304	2.48866319335285
-0.484496201653736	-1.81204450509144	2.0851397037928
-0.196727678752024	1.27032928607524	2.90205498659402
-1.2141551054302	0.428368259132388	2.19574392117706
-1.19181043143006	0.316273456731532	2.02804890752227
-0.696823789111851	-0.0726424992808172	2.43025190880045
-0.696823789111851	-0.0726424992808172	2.43025190880045
-0.294938485178708	-0.446859280234504	2.23956260746395
-0.727539274893769	0.874451786634734	2.337827924798
-0.312093085010237	1.48521185948934	3.48770543323425
0.220064561590884	0.0267717655598206	2.68038696973726
0.747671506541593	0.939469460595916	3.85459002498559
0.318528717398054	0.394937039744545	3.73213047643024
0.178013796243176	1.42101292433334	1.52756583152808
-1.0601042246308	2.42259969363253	2.18577197009986
-0.28819557305281	3.02548169448214	3.31180537650039
-0.660350037414444	1.66974858058966	1.74272099838208
-0.680544557119254	0.875625970386855	1.56903319504625
0.0949126653865859	1.27284545484293	1.91001635974436
-0.523370401038639	1.3338745646775	1.79702414220378
-0.443000622223793	-0.497326756207815	1.9535310560931
-0.979666900864831	-0.339191264374164	1.58274187107695
-0.15284458391975	0.476929933956511	2.4363038571883
-0.236500658915646	1.23572537617318	2.67222689293841
-0.656144170513562	0.751990583923285	2.63811695466786
-0.366302014991477	-0.8611567614543	3.17036049618815
-0.672238099445635	-1.11964614397189	2.9610833711232
-0.385871409966202	1.06639576196512	1.85529093794303
-1.19310578512669	1.88876730101881	2.30633288727858
-1.26688566342732	2.64832535263963	2.35401023375402
0.943182094745745	3.93661043084487	2.55614776068413
-0.713223917874839	1.41762206835288	2.15042500385073
-0.757512479835692	0.696336111559005	1.86653589689676
-0.584729998642819	0.965833257839966	1.92481213300106
-1.06409917276216	0.756458550248746	2.64358476422562
-1.37547199913864	1.02287331267048	1.14916656833504
-1.14512050408293	2.01911730091496	0.525549756012026
0.567707589533004	1.87707119932682	3.71116154250507
-1.84377801100008	2.90559039176377	3.82615948494623
0.394853848061548	1.52635852082334	3.61666928014057
-1.59281033082149	3.1482039470151	2.26946046953707
-0.110342710770564	3.39542058387844	2.32860444590743
0.00529234048763916	3.49206280276308	2.63780260672012
-0.693250294470081	0.531770064635994	1.9934659059631
-0.664454427117642	1.32756426205933	2.11752595490954
-0.391315413841231	1.39627206561097	2.71459065887991
-0.298898684339264	1.59208499171227	2.80539006334707
-0.000794373290367911	0.51109381106598	3.4175091806346
-0.329536467968386	1.3112138799326	2.50308166508823
-0.329536467968386	1.3112138799326	2.50308166508823
-1.09852690535602	0.878411242960595	3.12400792115443
-0.0803280865247858	1.86897924668985	3.1292417633204
-0.100341321989212	2.64214328867818	-0.0293516306805925
0.493299849168056	1.44764189438583	0.828659913621342
-0.392417939961885	3.46399210948114	0.485863161788645
-0.407863076446699	1.6893482683277	2.56193524567006
-0.454216510281704	1.69905856935714	2.61369990002586
-0.585818902563961	0.378314956748344	2.92617453373691
0.507940557131316	0.541768096196617	2.81622003809618
-0.507574694465721	2.04866159141253	2.12099327271636
-0.527661256863091	1.75954516045871	2.7806441798058
-0.00731746288219637	2.45223780823049	5.45377429479617
-0.409064345897978	0.797833963227699	2.88402645461867
-1.57556423588986	1.68982247310866	4.36928101283236
-1.71958088391446	2.63981458285648	5.93538596858744
-0.800800771117339	2.09701930577625	6.40799811238321
-0.0421836462794808	2.44456032212613	3.28435456291156
0.506044431029432	1.3382463475906	3.55541904451781
0.485007021403595	2.04510583460638	2.59419139377776
0.0729477245397667	1.86189696404763	3.40873206674733
0.0741869377957107	1.25120963113243	3.15664438847463
0.0741869377957107	1.25120963113243	3.15664438847463
-0.215106131568561	0.570331770694504	2.23586303936694
0.788071187825367	1.12796514551341	2.87851950122557
0.147066539689918	1.43784073067338	2.79265673020762
-1.11047534530926	0.810364381673664	1.64238792201053
-0.41881197999686	0.641417663951168	2.4784185694672
-0.883633987268118	1.4097593028282	2.65609855400801
-1.68280489415396	0.557406144293952	2.13590285582268
-0.457108461628583	1.13591582446636	1.6606450702934
0.00183944143347425	1.5334959873713	2.55748581418343
-0.076613378965063	1.26091696126882	2.55990384392736
-0.480183989499847	1.12527712817572	2.56912488068479
0.375361173245053	0.931131616390866	3.29255977022155
-0.400855950017929	0.475332530745916	2.40682389727639
-0.400855950017929	0.475332530745916	2.40682389727639
0.0305175872485822	0.887291735000285	2.77455405050869
-0.801050236970684	1.07655912385209	1.79264015872153
-1.44183427791706	0.561187068285761	1.71341769886294
-0.169421801708495	1.60843594034001	1.77404587049582
-0.361602120186895	0.0768538149737714	1.48254180368023
-1.2847419634509	0.564822697321028	2.48432669828833
-1.10009558874902	0.365343391903991	2.20025312430221
-1.10009558874902	0.365343391903991	2.20025312430221
-0.189431643329298	1.86641207613019	1.83796668223709
0.344361408787469	1.89905974418968	2.514678000579
-0.61801089961072	1.80086566333514	1.73147293963079
-0.794917055366298	0.278590474745122	2.76123306978131
0.84429097024885	1.29353894476778	2.81299424703596
-2.13176291149906	1.50228588225203	2.43232944965693
-2.50116657285277	1.13762633781168	1.78678404477912
-1.70554870222108	1.71803739978147	2.32599234000337
-0.376079771234123	1.41546694669129	3.56348888198809
-0.204401559050424	0.54251495980076	2.29334774951949
-1.2014738480966	1.0005648431525	2.28970476310287
0.403314201111514	-0.268585153738421	2.49794269254093
-0.746377088608587	0.181869539505624	4.01620127728975
-1.05563971834758	-1.07879065100506	2.82617110724768
-1.08662718290385	-0.541801717786534	2.71421990775257
-0.290218043404756	0.456912735228024	2.41903097547811
-1.08539160089898	0.128294521953653	2.11452919745449
-0.555204060606411	0.662802122241855	2.61834809294972
-0.378128628026624	0.3764955348314	2.74558742114369
-0.656427877208616	0.525255598647861	2.64634830790909
-2.03432907106194	-0.429866948914186	1.0788672004246
-0.765421903591444	1.63478305557323	2.16291738673089
-1.11657296068628	-0.113758719754825	2.21962623268847
-0.808090622959495	-0.598503931505848	1.73297993693059
-1.52937161531924	0.924043809308611	2.29394086468484
-1.32186504268187	-0.518881414369026	2.50420354107641
-1.32750492876912	-0.00690377038733164	2.31823891230672
-0.603847357217931	0.440641635177238	1.93476656214056
-1.72329236477957	1.24285621182739	2.12616445023142
-0.557366280193247	0.417596506566844	2.43126643095649
-0.809523850127287	1.14730056052301	3.09605492712334
-0.943305446577171	0.399828666264974	2.12597666304873
-1.38312858645107	1.53320524235154	1.12438030151942
-1.58811945074028	1.04624618921795	1.68725847951245
-0.580977597855556	0.767645145628705	2.33971965713638
-0.272955645244077	0.597072390473854	2.39222785503326
-1.44388706931794	-0.0990540774863993	1.50133135495431
-1.09678594173777	1.48139910887334	0.676734293718839
-1.46943060328859	0.741546708426536	1.31550939348056
-0.203900418838654	1.25138373843112	1.51116583053212
-1.01868514576891	0.446525519791933	2.29497981684087
-1.01868514576891	0.446525519791933	2.29497981684087
-1.01868514576891	0.446525519791933	2.29497981684087
-0.144080015199893	0.32723561953099	2.56038211820168
-1.22322750164724	0.695620808993708	1.40151100257487
-0.724357765910988	1.31572937582914	1.47209028113193
-0.724357765910988	1.31572937582914	1.47209028113193
-0.707895273490547	1.496888927446	0.732919275384692
-1.31016426343623	-0.430137139463522	1.60373640547021
0.369280973611726	-0.361895352438919	3.19469349647048
-2.87318001388734	1.13995690322684	1.67914604733494
-2.21170048633648	-0.159625147945806	2.45498240631551
-1.74073729405945	0.971003298001879	0.766166790145423
-1.85408673362489	0.0281931372007555	1.62614472798522
-1.05590536134565	0.825766065677128	2.10752943780438
-1.11781893818894	0.958481938380358	1.44678725743686
-0.588501921417995	0.417250806981129	1.80903282379955
-0.418067826441233	1.30577532689648	2.46656707358253
-0.418067826441233	1.30577532689648	2.46656707358253
-0.418067826441233	1.30577532689648	2.46656707358253
-0.0936773278337224	0.120876281476083	3.2726795267028
-0.458711658469657	0.962468825163681	1.89996643414409
-0.91667230084215	0.661238200854059	1.91605016460722
-0.829663976440203	0.60900153510251	1.87519593638496
-0.699615021604251	0.616422365042144	1.38632590650769
-0.699615021604251	0.616422365042144	1.38632590650769
-0.0695500332140344	1.18803997891237	1.88530604430247
-0.842287033962475	1.97042340895873	1.99466190567717
-0.755251308833311	1.61709693464416	1.52769999765311
-0.872298533709312	1.43740124406407	1.32557553457599
-0.872298533709312	1.43740124406407	1.32557553457599
-0.143753815623688	-0.679270509830958	3.11274497797054
-0.203866364879298	-0.15972460970914	3.24118004991248
-0.19977581409784	0.228292614621739	2.8374624455148
-1.77979963186091	0.113232093886114	2.51401311564914
0.61220998967006	0.211228530364637	4.37939350820706
0.61220998967006	0.211228530364637	4.37939350820706
-0.997221655247362	1.9696178509501	3.13791668019088
-0.995202101989492	1.52870517926293	2.91831458942568
-0.586746791921272	2.6339262649497	2.44922105522582
-1.87627743892596	1.76888329920671	2.10116312278285
-0.745378485078506	1.24279793369181	1.91420738126171
-0.952959550578897	1.71203336796247	2.03308036269746
-0.282293620936042	1.54826607937158	2.21595436522338
-0.00200691821969368	1.75533329060573	2.12902544146276
-0.220063518375984	0.101273168783617	2.68728667920972
-0.561079068628429	0.753505712596294	2.23764647264551
-0.561079068628429	0.753505712596294	2.23764647264551
-0.167951881676485	-0.520364524151472	2.52074548244528
-0.223250346559414	1.65654333018075	1.65195387637002
-0.447223408772386	2.04971009232372	1.88030376843309
-0.765599262465171	1.4572908801862	2.57793537078677
-0.351022879119079	0.765653027544219	2.0023533780307
-1.08563011932344	0.600552432148563	3.22399536101505
-1.63271682685631	-0.0159158098655508	1.98325756139664
-0.426500716471556	-0.097043974944408	2.06011578041139
0.29449569158184	0.973465901271868	2.72628356017031
-0.868767852832001	0.314671491276374	2.70390576901583
-0.868767852832001	0.314671491276374	2.70390576901583
-1.56268049859525	1.39866890965835	2.10483318043089
-2.61719460588042	1.84692741781572	1.90326976363768
-1.18464288536223	1.27337158096388	0.634391135937706
-0.748564868344636	1.56806612298241	1.79527944239987
-0.687347662068748	-0.0515739289981345	1.95504458017191
-0.256458405206196	1.27190218924228	2.73495214718448
-0.183020026196341	0.915264027255924	2.53418655502889
-0.183020026196341	0.915264027255924	2.53418655502889
-1.18129408029122	0.232300905738236	2.37358885610699
-1.43909381909354	1.23180920838612	3.32233406404081
-0.401024278876919	-0.322908183119921	2.49135378028418
-1.89371169757916	-0.433845711152069	1.62200858538171
-2.0462432765881	-0.278661569649976	1.03342329970019
-2.25090885255367	0.434823414631832	2.10375691369469
-1.95848661241197	0.480637328006208	2.62394835053276
-1.61957878780659	0.852025520089606	1.30898841311077
-2.15061462325927	0.42714409136778	1.44272148744069
-1.28200797747524	2.13384173976145	0.890239088948372
-0.28103210866814	-0.456519237244223	2.8476886856336
-0.472534390165136	-0.780404812786205	2.32339701277401
0.626762616703458	0.417618022918635	3.11814078422353
-1.07273774922889	1.14345392827038	1.67822144116967
-0.972016625165537	1.60971665708331	2.28724548186139
0.208993582909401	0.657389733718711	2.45918142054863
-2.0079406465471	-0.0254601648078006	2.00008520415064
-1.8733942695419	0.344722846922369	0.980529929378178
-1.81209716378668	0.432634275578019	1.79007425495647
-0.89587561065819	0.000323134353411747	1.82013292007223
-0.89587561065819	0.000323134353411747	1.82013292007223
-0.840439008492898	-0.856154726636439	1.23460720500023
-1.55962547454454	-1.86757837511053	2.10513405985419
-1.30977065972456	1.07904353374458	2.31057230847761
-0.505626442710921	0.58396415089552	1.42119853054509
-0.955552721764066	-0.541483362492695	1.95716600008587
-0.994057790431276	-0.385291204778366	2.48183924537197
-1.64760617305671	0.445216111116132	0.827112191712222
-0.368686553139707	0.456656914250242	3.25904066707076
-0.851450627536214	0.339043471129707	2.38635956273647
-1.13654149965333	1.01053788697707	1.81230541807375
-0.605736101888268	1.42939678729327	1.97085164537166
0.203910738295342	1.18007907876682	2.82854067813942
-0.342851581112275	0.734394510127729	1.3275274168947
-1.04568491312057	0.040387836647342	2.64284198096215
-1.47846213397252	-0.0715392876218945	1.83646861578863
-0.451710539731385	1.43174702650481	2.9489183495451
0.721446577432777	0.436050827956397	3.77774872010316
0.502882932154276	-0.174001214097513	2.61743979293319
-0.0016538295779841	0.834274882379289	2.94773124999587
-0.571887618334327	-0.666765952229535	3.02252266627977
0.14917353692863	-0.245340899364812	3.46642548416562
-0.551907276307499	0.530794749241044	3.95431467336241
-0.414070928442249	1.29347737888771	3.39432199470384
-0.513930069290508	0.997048530576205	3.90289365074382
-0.307231782146779	0.764640538752908	3.08061951730592
0.414664033860548	0.613738645729879	3.84547231009899
-0.151534124142638	-0.00154374713463457	3.71461285843879
-0.820913820762316	0.210781243094252	2.59639980099258
-0.820913820762316	0.210781243094252	2.59639980099258
0.117967023633321	-0.298065118244325	2.84055752465355
-0.856881038661986	1.68643788393158	3.74556201490602
-0.167579256848952	2.03485224526361	3.51962404043595
-0.0143834244947473	-0.125403860708873	1.53825642927129
-1.91088546823366	-0.121201552205504	1.45383539037303
0.155379467401104	2.29266751873985	3.25083896703527
-1.22179418791091	0.580344389722888	3.58369163834389
-0.582415202144768	-0.729096332236341	3.71766048340519
-1.0575701203203	0.912295291211101	1.77604497877873
-0.93451922926695	0.641681969844616	2.28068016818852
-1.33708726595847	0.626317577388997	2.25147355130134
-0.68108294270425	2.58778608294246	0.750239455730131
-0.574616415233126	0.717350540082741	2.21481185510967
-0.574616415233126	0.717350540082741	2.21481185510967
-0.507176119639941	0.269763215678729	1.7972241445447
-0.38672682660408	0.896469042583189	2.425952414557
-0.694937620560813	0.250754697973739	1.27639856484185
-0.618062904801545	1.34155732979877	0.179951806910768
-1.12976967526782	1.49009494240494	1.18209890589845
-0.0255231070109982	0.250404471024035	3.11867760751927
0.41285213597128	0.785711447217024	3.0027519643829
-0.496009126369706	0.732955332615236	3.19822625930264
-1.13799809934026	-0.265070242925797	1.73697671210572
-1.13799809934026	-0.265070242925797	1.73697671210572
-0.646202723973803	0.0836754488636484	2.53192043313666
-0.724097709272379	0.384695000431454	1.82120749259732
0.319239884612543	0.0256074631869365	4.28790100992367
-0.76513594195899	-1.93389825955966	3.41909687445209
-0.0357806295608651	-0.544447593054782	4.42385696221957
-1.04762780639578	-1.49088055662125	2.86707853680158
-0.0520584831971533	-0.0352224317058573	4.27633406989506
-1.09761256468828	-0.231169466714377	2.03864523873849
-0.0563034499916953	1.33915130289384	3.2618700113458
0.231113607972564	1.65571142942665	3.30063671967437
-1.09871535183375	1.5489168483215	3.45937711115271
-0.544417557169156	-0.244863185976685	4.54403512577126
-1.3245942921575	0.955129644152341	2.05446829817017
-1.17060803529982	1.25814246356318	3.29217092222219
-0.437225133575374	0.536148803972201	3.3508055991356
0.779808968300891	-0.255527541466641	4.42746949980552
0.478115685148814	-0.65816569891562	2.97400999644968
-1.37873350349401	-0.41332933001347	2.8658806755796
-0.275233695854918	0.813376911035728	2.85478315493033
-1.11569939214136	1.36405292591249	1.50436026339241
-0.359883982330034	3.1767439570617	1.77158383118033
-1.55010181591875	1.10343355152847	1.04669940074372
-1.3308841757031	1.61653070650451	1.08367214044136
-0.44414273472854	1.49159921745755	1.67658840121084
-0.170436031252886	0.0736308721434461	3.14706698258506
-1.05075546733677	0.156762000398014	1.27758828530063
-0.370515008126586	1.25840756698091	1.81013737083809
-1.30740874539563	0.00537231248640849	1.2710753544145
-1.1071307002883	0.363727107782774	3.2057608562357
0.313947207424431	1.86959515188031	3.06045429798091
-0.0949053633115996	1.84470844601084	2.30222758148784
-1.49426079835889	0.46723857117236	0.821207889245735
0.647425817400409	0.376869426848583	1.89084600590554
0.0442511494658323	-0.824379595006035	2.08592321436138
-0.994005632302806	1.09698969931859	1.28290311021974
-1.45403993135454	-0.467834907032882	1.86276498863415
-1.5170625633092	-0.023911227332949	2.86505578692009
-1.25629847626937	0.736176551641251	1.44397745587794
-1.95493427464285	1.1595089088963	3.00487554795297
-1.811151316703	2.25847018366253	1.96172281176909
-1.951544657079	0.797937299464304	2.57143060001146
0.00855685533110451	0.564454558987484	4.32376824275523
-1.03013043725513	0.967730290620151	1.58983468449798
-1.09862347836157	1.35224111884909	2.53782675710769
-1.02571149291295	1.54753699574336	2.2953659786605
-0.453664096500249	1.72617155316644	2.01063335033147
-0.448401687753678	1.97380171356709	2.04898111848175
-1.67893990949201	0.423031136691315	2.74733779907116
0.225867280450364	1.46192779348594	2.47869402669235
-0.933780834603828	0.709965585714509	1.48312774948591
-0.962641156364327	1.26605487858664	1.28293480720828
-0.763762036698897	2.37814144788278	2.8310852909866
-0.577969578564899	1.36100341115051	1.91452341644718
0.0693523589171229	0.578721804808698	2.41749253495309
0.0693523589171229	0.578721804808698	2.41749253495309
-0.21448801551838	0.624726172873016	2.43274101503503
-0.111394421569446	0.560742231209065	2.64130731864492
-0.593969876820204	1.54660681361775	2.26583279066572
-0.0429052087933843	0.656733154052049	2.62002835184687
-0.816686472882193	1.6186712709317	2.29030687337975
-1.03618263691852	-0.172089124743502	2.31807023499826
-1.28470830765239	0.356850192613884	2.20387825306808
-0.986604116389142	0.8817715088831	2.62613509420206
-0.328907052508143	0.135105838303561	3.35799501419219
-0.828777111000417	-0.81384073081182	1.77977794012097
-1.8386513109211	-1.29882753584393	2.05618671109012
-0.571948232519572	-0.66950606474023	1.62210276905568
-0.541226497126898	1.28569291207399	2.88800284486643
0.12760632656971	0.988302178715629	2.36024572493985
-1.70080857001028	-0.664356100474393	1.21109104845086
-1.48179591079294	0.774704033108989	2.30606096230259
-1.28943031426085	0.938221171774916	1.40235244432337
-1.13492986795065	1.49276302348286	1.75230780065921
-0.703380647664667	2.80656535816839	1.05673889817237
-1.19098645891373	1.51601193252238	1.23555777346087
-2.05904980737468	-0.0183459649093549	1.49077136059423
-0.722709226755306	0.998874700381527	0.541460014327822
-0.54987517686089	0.833116094593374	1.48203125755994
-2.99287631782105	0.324985011862756	1.61037214086779
-2.99287631782105	0.324985011862756	1.61037214086779
-1.67601851184238	1.12893142273757	0.953737238630767
-1.0143471656684	-0.60789111268304	1.66487505577944
-0.31268166458402	0.919955486853004	2.72750571134644
-2.27939846837009	1.19440608160308	2.21669663043881
-0.495073778322674	-0.0175003437495014	2.34664922867252
-1.40570763214905	0.327975587829398	2.01057273506591
-0.840803581787538	0.888546292053331	1.30252206974729
-1.7592013356973	0.0205271420134387	1.5288273038403
-0.611880046106615	0.772157613901855	2.16972324011619
-0.611880046106615	0.772157613901855	2.16972324011619
-1.04501641211178	0.216974629910317	2.68343362485611
-2.88924444568555	-0.139584465146891	1.78059122142802
-0.686355966538902	1.37263345962039	2.13325479637909
-1.27951408242985	1.68921323277383	2.46141472937876
-0.508322435014264	1.49067866039103	2.56825262833705
-0.483925252291921	0.473124237011221	2.3306785810035
-0.562814304990987	0.397785886745045	2.12134296098208
0.0106351780726007	0.948992117113477	2.67428421977548
-1.11731506102254	0.884558785627765	1.58802042609867
-1.11731506102254	0.884558785627765	1.58802042609867
-1.37806769083016	0.0096293085855657	2.02184484654885
-0.381521038471286	0.366539723912697	2.72715727664434
-0.712089423488955	0.096537405364399	2.35246659041713
-0.345627116082323	2.19332128383175	2.2719713953085
-2.0688943925258	-0.196359996313787	1.97181330123614
-1.1868267108456	-0.281210286027822	2.2773284263921
-0.537914634085762	0.339731075122234	2.44976613854437
-0.276704760143302	1.60325926741334	2.01758000828946
-2.57736183106902	-0.0728528514603605	0.37936783361367
-1.63327125739371	-0.0969550711793455	1.4372550061077
-0.484875426355548	1.16193570506651	0.968397046678323
-0.161352520172135	0.226801524828076	3.08260559321307
0.475014462200439	0.470821509585231	2.56201581311277
0.132967902657123	0.210488314485607	3.41731753070599
0.499736073096636	0.0090701530953472	2.35791967557317
-0.486433981512576	0.571733433170937	3.0507683086834
-0.373093638878033	0.506386167524039	2.03691703266171
-2.46832533279083	0.185351108386543	2.52590694096147
-2.38053273761616	-0.155668556757231	1.88600199036237
-0.852294771313008	0.124104953884557	2.11039041913686
-0.852294771313008	0.124104953884557	2.11039041913686
-0.967953823649973	-0.227770626487406	1.54842564737049
-0.344569295366457	0.806331788900409	1.33740076649291
-0.783169329330746	1.00861659575155	1.44040081194659
-0.94140006811341	0.407173303003946	1.3328031607412
-0.0472914910549979	-0.762350664591581	2.31348911406738
-2.4035448247696	-0.445730959498871	3.84587457839351
-2.7343434692903	0.529585468819596	3.41343467946826
-1.52444688877366	0.647041969804144	1.37347281822738
-3.16403749959755	0.64377781373956	1.54488619615201
-0.462304273782929	0.849582922368971	1.04629723116241
-1.26351181285367	0.394878741921272	1.02965913085763
-0.581921543988234	0.25866637461288	1.56805609224803
-2.46113500352619	-0.285575261500826	2.13710058125404
-0.793188902159684	-0.0280149415696969	1.7477607630726
-1.16204085806481	0.588614911446054	1.69887164035219
-1.45684642628099	1.04970557806527	1.83411079317436
-2.10025818534962	-0.447789307373431	1.94129728772872
0.155685778682703	-0.562420695693678	2.58738689132484
-0.969296334329848	1.07655563868464	2.62576181661753
-0.603179193651703	1.43187506119019	1.07341993889405
-1.47548754540057	0.634479222098234	0.959763214571892
-1.81562177170582	0.612910035138843	1.6016794860782
-1.34813822625643	0.30558976790506	1.62048188027837
-3.1379679273015	-0.986549347571007	1.60500659890069
-1.98252206670717	0.821233515666343	1.6218535798049
-1.718075185671	-0.332779410003122	1.89696176393598
-1.39353464877691	1.08596170496814	1.54503081352203
-2.52129023490069	0.975287331306301	1.65288164279249
-0.967426911155384	1.32227745065519	2.56342417590043
-1.42542147541804	0.0134731493455664	0.528795150832501
-0.920280365080822	1.00562845241206	1.3733862469271
-1.5508220280226	-0.0596082830521417	1.55476421965041
-1.5508220280226	-0.0596082830521417	1.55476421965041
-1.68110279482689	-0.913970441912447	0.573248295063694
-1.67606802089762	0.463057688097312	0.424175994958816
-0.677143429143642	1.77983974596198	1.19430976238268
-2.29773895136078	-0.237085221081699	0.943817622457099
-1.81664812933205	0.791876552985766	2.3308344192278
-0.932605489506099	1.07496279892911	2.64315955402664
-0.412372414197759	1.3480467751571	2.57942331215271
-0.656681596478064	-0.0425668960924807	1.25460762564062
-0.717060096411665	1.04966894837418	2.16228523729665
-0.717060096411665	1.04966894837418	2.16228523729665
-1.2858290702935	-0.334216014534968	2.2788492232946
-0.917827302686459	-0.170952635724866	1.99510438794388
-0.917827302686459	-0.170952635724866	1.99510438794388
-0.917827302686459	-0.170952635724866	1.99510438794388
-0.917827302686459	-0.170952635724866	1.99510438794388
-0.567850222620576	-0.417576316874801	1.98615968005193
-0.949424958011936	-0.509104035912594	1.76988990215278
-0.999886245385525	-0.0988803089081297	1.72865204337697
-1.56279908877924	0.823490090841449	1.80499614644736
-0.948501128115572	0.344044757981122	1.39842787616904
-1.2798491253527	0.761240147246644	1.23099497784441
-1.12599620071264	0.00965736742195122	1.65070396221601
-0.787737450027675	0.188152139432601	2.14170153815007
-0.99057709989538	-0.160744075676157	1.93749424670338
-0.670904520405595	1.34590545551842	1.92232802733031
-0.859460058683576	-0.223731627845047	3.16241026172515
-1.33143152272787	-0.698889853065191	1.57552924713419
-0.37284949957573	-0.204014014476836	4.05436314005919
-1.237974088657	-0.677327102900176	1.61656294901732
-1.78004195158843	0.711653438070907	1.15769599832859
-0.233488868960178	1.36903273569899	2.58374071274109
-0.694992035487065	-0.645103177892	2.27365441514278
-2.29669664389167	-0.0215136497151791	1.55933094178225
-1.51183684608551	0.821345666190871	1.86182322850656
-0.764345164943593	0.753482427948378	2.257146594858
-0.764345164943593	0.753482427948378	2.257146594858
-1.5532726197962	0.698369147043825	1.45978258755363
-1.04799280172331	0.226598662203602	0.601289699202876
-2.04204672973587	1.08797108973821	2.55328301070339
-1.26959738943836	1.33897331532652	1.14280330027976
-1.37764611820417	-0.339679817687375	0.953819744791239
-1.10693774264024	1.77386494675375	1.70905720229443
-0.884913398823335	1.1875134843824	1.03466485016186
-2.28125772037922	1.05559778808483	1.10824788037703
-1.91891547022483	0.403865010651037	0.816663412275442
-0.712105749598142	0.181558954613046	1.63031019605862
-0.49256696610579	0.748527050290638	1.77311307407467
-0.548262864506157	0.650744689462028	2.91909861438874
-1.48809258572382	0.496026279501573	1.35455869879055
-0.451071588320627	0.317310887206345	1.5023986248519
-2.02346191213766	0.987651182506458	1.47410457362536
-1.77444226486124	1.98456462201579	1.91732391081075
-2.87801158044732	1.76530186556286	2.46005506791048
-2.32663757522788	0.231157498718418	2.47227948630514
-3.88838082433042	0.060475120123189	1.5054416154116
-3.23443523478684	0.690884293249433	1.63611111530918
-2.58543975741248	-0.23359057879332	0.931916898249792
-1.24884505745936	1.40757943388379	0.327029482051827
-2.18902929872411	1.4952775278166	0.637105472829806
-0.966757425752978	-1.05220747598465	1.33823335014912
-1.9747406208506	0.14768142036511	2.51863595225998
-1.60975819876517	-0.289037610805956	0.888757912916418
-3.30582509232511	0.216823509441785	1.25676960102629
-1.85217089940784	0.107530166221851	1.87862344626815
-1.15848122582979	1.22707359811008	1.44715955006039
-1.79506704240959	0.989978599203746	1.93680203963786
-1.39028919342753	-0.147977878157386	1.04874610348324
-1.17788053424984	0.68975180628416	1.88732008783872
-1.17788053424984	0.68975180628416	1.88732008783872
-2.1096613954667	1.00877581571379	1.29879216151227
-1.84530529431002	0.840753864366858	0.916547850836867
-3.09474082577926	0.546220485433312	1.85707506927214
-2.83105226844711	0.204906266495454	2.59376102710036
-1.89543964809838	0.054656406510841	1.38441338873485
-1.89543964809838	0.054656406510841	1.38441338873485
-2.39079497761196	0.120014223006803	0.824243784311878
-1.06799155455704	1.07258324477258	1.44990589753167
-0.938978644703195	0.0678432835378274	1.61935613832001
-0.590050054142506	0.124849518789406	2.60647983346398
-3.05951125521389	0.870397884921167	2.36358734221655
-2.03477975424344	0.987603813971823	1.75412386337028
-0.969632109100713	0.337702955646496	1.36561808113145
-0.891264393890746	0.76335368214627	2.29882177449972
-1.26770267699136	0.404941211486927	2.46144176094691
-2.43655954874485	0.48307088075752	2.54607869524758
-1.10454669326185	-0.0375110576230069	2.45011492400966
-1.36798026426017	0.95224610893267	2.12522990988755
-1.41422558372077	0.496795488968449	1.4679364668295
-1.41422558372077	0.496795488968449	1.4679364668295
-1.41422558372077	0.496795488968449	1.4679364668295
-1.41422558372077	0.496795488968449	1.4679364668295
-1.12124420617744	0.943527208188621	1.40994095400208
-1.12124420617744	0.943527208188621	1.40994095400208
-1.12124420617744	0.943527208188621	1.40994095400208
-1.53399557771675	1.42225174589798	1.79686259397472
-0.875304068884367	0.989042816673246	1.53232281759449
-0.875304068884367	0.989042816673246	1.53232281759449
-1.09375768895571	1.18834524832205	1.309760198257
-1.76569337625082	0.77334578883835	1.07955246543254
-1.13763616208584	1.08204740257522	1.90059925748546
-2.87169969942959	0.499536038873677	0.2620409734889
-2.21512914161073	0.210908417439765	2.75571493418255
-1.2368124441755	0.139475425642175	1.79914607261104
-1.02170700106927	0.702522927565869	2.30919696668225
-0.595373175306663	0.997803259818519	2.0728663948784
-1.65269743522799	-0.637188735050099	0.633781303654233
-0.843533660109899	1.49219830257154	0.472830013116616
-1.07323330192305	0.11116306149984	1.23325495829375
-1.67419372075675	1.18127941454281	0.84037728743646
-1.99786431094659	1.15757921235587	2.76175075907419
-1.36740804861801	1.20081586092079	0.375164128073985
-0.735039322619832	0.268224937104957	1.97427977354916
-0.467404501095449	0.50336339839286	1.63658053561202
-0.0103257594593165	1.11451277591064	2.35286254592343
-0.847551483259754	0.325017543341449	0.274949492401329
-1.75420556519421	1.42241489791392	-0.0670311532702013
-1.80210026722766	1.18736409002122	0.0251024504882664
-2.21883297381847	0.573508692368777	0.239892512972444
-2.72502178206952	0.889783513470529	1.42458773032305
-2.72502178206952	0.889783513470529	1.42458773032305
-0.80978047202351	1.54343413296508	1.51917002186383
-0.679086858285678	0.392891463002539	1.11505559036203
-1.89851782220905	-0.159030324433964	1.96442850395986
-0.660516860090359	-0.169788680051652	2.49759695418387
-0.660516860090359	-0.169788680051652	2.49759695418387
0.249966433496368	0.728426499106519	2.07744767948158
-0.863950523478215	0.150742911239437	2.52150434533068
-1.17179750296037	0.0193427885863775	2.45228608170523
0.438763793204094	-0.71755718491787	3.34413406981526
-0.727782253320719	0.973773150305891	1.39556595421134
-0.727782253320719	0.973773150305891	1.39556595421134
-1.06701850769492	-0.510574492554919	2.00280795472624
-0.380119754342408	0.720456648124969	2.09940635560953
-0.570444682728859	0.507752712933717	2.02939448661964
-0.700016856080574	0.267068691170509	2.38591043937777
0.00416202844927871	0.13909446693951	2.16265144254268
-0.675354887898131	-0.711270676676034	3.00328398322302
-1.5063233313289	-1.17264438579438	1.73737292493036
-0.438568410124255	-0.389971637696518	2.80008471796922
-0.838195650279812	0.369682417057867	1.3482999168054
-0.30542139334143	0.154207175591946	2.8045457331913
-0.635185627523926	-0.164124711381306	3.02544747261941
-0.766540211037351	-0.740396864541821	2.11779311280793
-2.13652038769104	-0.645525498103472	1.4445165789179
-2.42150600771627	-0.687730466563066	0.549497941753252
-2.14013347457394	-0.409093161209423	0.502361448397649
-0.970204860863221	-0.163529066031215	1.8630343585784
-0.502167842769016	-0.541359840912695	2.28579561091916
-0.890647865044144	0.00594072126769138	2.43180167442988
-0.890647865044144	0.00594072126769138	2.43180167442988
-0.708512105535408	1.0707607058237	2.29337744237725
-0.708512105535408	1.0707607058237	2.29337744237725
-0.553238742370731	0.912097705408639	1.56330509594894
-2.0522724351341	0.177239144893836	2.34723976082243
-0.7401343568092	-0.549726960341078	2.08710630086328
-1.36742515277526	-1.03795857868333	2.06225602188187
-1.64462403241283	-1.61297743867485	0.993604475140946
-1.89227797507766	-1.47910765965465	1.0529793000215
-1.79874514613681	-0.928385048946243	1.65048983516693
-1.28489973726193	0.634645325857602	1.58335803335769
-2.66772480410111	-0.0725425611508364	1.64488763610364
-2.69448365345221	-1.92164784701999	0.723131923736764
-2.22785858458463	-1.82815263278164	0.976774588059044
-1.30317484939008	-0.251044802228039	1.306363045028
-0.94411515436109	0.11726628516859	2.53571657305095
-0.629810761798328	-0.921184779270951	1.9142832429548
-0.545482237183204	-0.372362442648453	2.02288785594319
-2.02131952296665	0.925895749907092	1.50022343035505
-1.13203930015766	-0.454696091799868	2.24601347223664
-0.238402269811383	-2.08727798494472	2.46492678946393
-0.492746012899476	1.25970932299912	3.01134370274283
-1.85311653887614	0.388601271162705	2.54896401091464
-1.63810743112475	0.174239800665223	1.95027134108082
-1.63810743112475	0.174239800665223	1.95027134108082
-1.80475308333762	-1.09115138655095	1.75460184818401
-1.66183548459115	-2.96762377637231	1.8834897529487
-1.27115322411005	-1.51467474008476	2.01609280702866
-1.27078152803492	-0.0762458854045358	1.83014748676456
-1.27078152803492	-0.0762458854045358	1.83014748676456
-1.64662887863367	-0.782427785779782	2.11841166660464
-2.21214395629711	-0.795659921882527	2.21876223275963
-0.122695975297012	0.375034248807413	1.71231885894395
-2.01874638932163	-1.8522198669562	2.71505744498085
-2.81537945164887	-0.382429127616029	0.759119672870115
-0.746559302349754	0.19677335170187	2.06960574928333
-0.571504931895472	0.528786320928028	2.89246881107101
-0.766588886392934	-0.530171251733304	1.93385032500155
-1.37820659442364	-0.826725909225369	1.81908947595512
-1.22903152578886	-0.402824538951886	1.58308704019922
-1.79026024658315	0.0641954102201435	0.696974275285298
-2.42188154536359	-0.248704692089921	1.11655485002324
-1.5417988292685	-0.185199167180136	0.251294605261822
-2.63456456406361	-0.462627199464532	0.361303421750574
-0.731921487521032	-0.219329068443757	1.85393732839027
-1.01632072064184	-0.657400550482326	1.30789427774446
-0.510866995545018	-0.194287380369641	1.9424982370135
-1.57761658708334	-0.133970717393468	0.991142463379168
-0.921084244887582	0.474193004663595	0.73910784245083
-0.264000832552413	0.475419466933754	2.85776978126528
-2.42363568984478	-0.299340690977595	2.45922687308544
-0.918773251403168	0.167772035497619	2.23841521368424
-3.28207690685996	0.0691643508954835	1.142582228746
-1.32503226393943	-0.299534677725631	1.38887636143988
-1.32503226393943	-0.299534677725631	1.38887636143988
-1.00706175647526	0.434423891909723	0.669725775543105
-2.90212671159029	-0.183233073563124	3.01188776536196
0.122133841852728	-0.511205114194016	4.3316810228973
-1.51259965422385	0.757917598913591	2.19451200706175
-0.442425188121177	-0.83503085942668	2.30355227784883
-1.00118210141207	2.1744940017617	2.19641058242619
-1.74205591138203	0.402321620004433	0.880104497953374
-2.22055069231958	0.571470864798511	0.500036254325504
-2.10740849773053	0.782371455512663	1.90275970841047
-0.944429903254245	-0.0327488816834105	2.25512788914108
-0.954662119086355	0.614977802984371	1.69025032710923
-1.35443001726268	0.389979301806162	2.25655464245438
-0.901356955779872	0.748549173350407	2.03043446394859
-2.07791349246718	0.364929118669197	1.4906916680266
-0.690764707359629	0.851726429257464	1.92960244799407
-1.56428877078671	-0.45003746602295	1.31071777543176
-1.45666810322537	0.0284624032029099	1.39850297392761
-1.74714721024225	-1.1355249565802	1.6664134695602
-1.2482647158507	-0.295506921884453	1.85684467935105
-1.84046543417002	0.414433823944317	1.59096306191169
-0.435154320349149	0.0544146738899345	2.58309709769309
-2.59018946281312	-0.103407891144132	1.82721386458992
-1.46460670199501	-0.502445763850123	1.51772359654791
-1.26909231842303	0.535439016814663	2.1265298781798
-0.531302604773465	-0.137941954360105	2.12805733180927
-0.342079267748075	1.03267260900739	2.71176115759811
-1.53217556752628	-0.208589547552051	1.31074366165183
-1.85261422088242	0.0296785103290577	1.67799727863767
-1.29192806261789	-1.16893215801116	2.05274037808814
-0.829022887596798	-1.49225049256328	1.79091923390504
-0.156873185313087	-1.14930592357713	2.73887364813031
-1.30570437492519	-0.436799679576255	2.34903848208722
-1.36961208287434	-0.0474404312774188	2.58750366768233
-2.06261554764352	-0.370556918332409	1.63647008436107
-0.793602300924364	0.600665284550408	2.22446789652913
-1.66064418447776	0.416947949712113	0.820214197895077
-1.1093654544439	0.572454700117886	2.03585734817194
-1.49386490488049	0.963457709902453	1.21749496996362
-0.656416281778615	0.596857369779257	1.17455683825658
-2.02950506147094	0.710642714443494	1.67738574131086
-0.936971961272846	-0.348314850229676	1.33325784621657
-1.66583096194682	-0.47967721325694	1.50730208272735
-1.66583096194682	-0.47967721325694	1.50730208272735
-1.93506460665848	0.593809126416105	1.46530983657828
-1.28805274928184	1.32480043715959	1.32634814601534
-0.851016871620272	1.14236083417436	1.53410356661093
-1.43938509221762	0.78150744421245	1.84927526970043
-1.25570608206491	0.0381618351888815	0.386634842543951
-0.309163541702931	0.444964466298993	0.800081863261205
-0.730898473083497	0.521966306344707	2.47892076344066
0.0164867536236843	0.288470898699261	3.59273864611844
-0.904022720629207	1.8207205283597	3.65418951357519
-2.1851859887966	0.904206500317107	3.76014377009563
0.135484062077563	-0.0757241172281357	2.65906148290811
-1.02099890266653	0.173152827183417	1.66989362632446
-1.02099890266653	0.173152827183417	1.66989362632446
-0.789006524853568	-0.129463732975713	1.10235723120996
-1.85809692119682	1.12559655238667	0.970306747252347
-1.18643094611408	0.231239641803505	1.84542163758924
-1.06680706325105	0.304705151333238	1.34016999779621
-1.41625014161345	0.778223989347728	1.29956480493866
-1.41625014161345	0.778223989347728	1.29956480493866
-0.506609969049426	0.96449981321094	2.03249813677434
-1.87267301573531	0.446779792675218	2.98085787556733
-1.02150862795245	0.0867796142928658	2.51013709027045
-0.714131669607437	0.409691687368384	2.60911377356108
0.379574926382132	1.00920666487916	3.65323619768067
-0.77752635436128	0.510836297016237	2.50290637892812
-0.95725627462226	-0.15039505514362	1.99586425100321
-0.369208604273129	0.173216081006047	1.4999140439407
-1.30807951500301	-1.15755516590732	1.24511130229945
-0.625765506532466	0.639717524941012	2.57668397555883
-0.186212362248052	0.668628857797585	1.97873094882365
-1.40870302728708	-0.00338767676292406	1.13647233368786
-0.548627021793476	2.09006945844794	1.13088302722099
-2.79025752702817	1.25712544799933	1.88357576436411
-0.80138948816676	1.09884311162693	0.264947129695844
-0.72011297360559	2.2027958414251	2.01119195346996
-1.02094609786995	-0.494324985871241	1.90787370410609
-0.269571440419119	1.22073971596102	2.56416475040802
0.256777893248528	0.671139545831577	2.6704831269501
-0.562350091717505	-0.126785523240131	2.06661502111385
-1.06617251659434	-0.791157606038413	2.37052366758333
-0.611345116660461	0.271958590680514	2.43709846669667
-1.65068070031844	0.1789414059088	2.17216468996654
-1.29048048179945	-0.104861648723646	1.73919552071412
-2.10462376393711	0.123371377912003	1.98962992127592
-2.80434845576453	-0.631415112939849	1.00379011252722
-1.58519590954387	0.91225246356969	0.30410774859787
-1.88505380789482	0.0776449791509722	0.483350755539255
-2.12330539961691	0.682129102332017	0.987749451858467
-0.887214752564132	0.714809675131435	1.12147225228529
-0.887214752564132	0.714809675131435	1.12147225228529
-2.57033308483401	-1.29997534658786	1.0526924466797
-2.70354837386626	-0.0788850802732654	1.375821959273
-2.17240261410221	-0.609935688862643	1.92828774670774
-1.31227538577745	0.0908029431690541	1.98367725835506
-1.35227386204161	1.3144271093966	1.46861903469679
-1.99663797246929	0.152317780757794	1.40840167814649
-1.42504400260859	-0.989742273774105	1.447772307922
-1.75078436132793	0.762136409254671	2.11113076435229
-1.18024343174829	-0.303760892191193	1.57429911407187
-1.63220155616684	-0.153938489225851	1.76732921827481
-1.42297995207212	0.550912478530786	1.07019017119156
-1.54057061081397	0.530756893427441	1.58068555437571
-1.54057061081397	0.530756893427441	1.58068555437571
-1.7777001594266	-0.31072798923586	1.14332526398435
-2.67795459469422	0.265118994239283	2.05154748444561
-1.17681422252708	0.366557628974342	2.23913123144763
-0.356856996197118	-0.299219866163201	2.25870345852559
-1.77109389441114	-0.892156075313824	2.45317982444769
-1.98460375884946	-1.13322132260049	1.9476213692296
-1.63367999984281	-1.39999728098137	1.43361814943429
-1.18399861322443	-1.43754138146809	1.71790513668699
-2.09272262370787	0.0567031659989301	2.08016547639809
-1.2637148538488	0.159412260469525	1.38452049227366
-1.8303737765963	0.0963153036938657	1.32705160869646
-1.86860131362289	0.784112608087413	2.89120104868338
0.150915724818064	0.520327915441609	2.42706641844617
-0.517490976739246	-0.327305862783219	1.87157267454725
-1.34780335118657	1.66216623850603	2.70897480974927
-2.29976710873433	-0.623555302984173	1.07425571729173
-0.998958786510228	-1.15919128185301	2.1068375901205
-1.21773360841432	-0.946393579211978	2.33839932992846
-1.33416118004778	1.99966313828215	2.84752080105624
-0.761554065520261	-0.0562304153456863	2.24364927695108
-0.363340396277615	0.991168741216953	3.00447576738878
-1.27443071723123	-0.346460811706591	2.96283591492206
-1.51435796731455	-0.0730807003996218	1.69576735375488
-1.3871069236872	0.214757058887222	1.28122633976219
-0.778776322206511	1.01563383038667	1.78497000521771
-0.600410501747853	-0.121148314167997	1.82225925398293
-1.34476272175285	-0.292932109495261	2.78423257913405
-0.781677988631141	0.440771546800587	2.13611768470296
-1.16636255614147	0.357263143155956	1.82807780455068
-1.16636255614147	0.357263143155956	1.82807780455068
-1.02682532501157	0.158266462282562	2.40654818432893
-1.14521918901514	1.11852127281376	3.12471589989062
0.214352534957575	1.23413997456556	1.33018952140673
-2.00305552047478	1.40676720292077	0.903249499789139
-0.896727115316097	-0.462827358127237	1.3495627174724
-1.76586479997811	-0.766889162901945	1.53907404057477
-1.70194096908762	0.23669593854289	1.43522196815255
-2.73334155601026	0.0210278026060323	0.877706283953929
-1.20312302212236	1.26832954525726	0.0184170400686683
-1.55521169147929	-0.186379295183564	0.928839664951179
-1.87470913072277	0.0917144477984268	0.815637076217183
-2.004220599002	0.861791240402684	2.13575857569457
-1.4162975984353	-0.205186042976082	1.57899815086431
-0.0448648251654958	0.86316263771704	1.50977729884852
-1.25926611018735	1.15011427824901	2.6101003834729
-1.1534977400944	-0.510081334028727	1.65035440559375
0.260176867878532	0.193739701358903	2.38280557578116
-0.454255077151302	0.711617310383544	2.35716668468648
-0.582650465264379	0.874294721759004	2.43847984425604
0.18639945692871	0.364881238410546	2.45577221155431
-1.32543004795406	-0.724775475358958	1.83609156670945
0.0995065790711086	-1.37594282201402	2.39704263750999
-0.857920695891889	-2.19893408493862	1.66648786861687
-1.84830204897081	-0.424045768487555	1.58465071838861
-2.00225238110927	-1.45867447038594	1.01395880848806
-2.00225238110927	-1.45867447038594	1.01395880848806
-1.27260074288554	0.920556808062329	1.32944019203033
-0.15612863332196	1.02464981459613	2.95765161764622
-1.21152267680385	-0.548779472950765	1.94593656810086
-1.83851396350673	-0.492016061536915	1.46033881417685
-1.83851396350673	-0.492016061536915	1.46033881417685
-2.29465169278183	-0.050401870759001	2.12271403993526
-2.93527527911767	-1.22477017633136	0.847184309728593
-0.627626034787913	-1.17053388370859	1.41906255783848
-2.17563332111781	-1.1231238849439	1.78652720084099
-3.0205302796486	-0.407909364710547	2.24661446270189
0.207239496446507	0.30543359257466	2.94467754010545
1.1817204103839	-0.0806901471000156	2.71462303084662
-1.06674984938015	-1.16094625820429	2.44591097412458
-1.12682658954061	-0.520932647152133	3.35505373480097
0.161852511386582	0.636606536024884	3.29139241102472
-0.938571432270954	-0.351307476013875	1.82475223059872
-2.19691416600715	0.296154991669701	1.80407130235607
-2.45807157022908	0.42185645484156	2.60155212875725
-1.30659443114864	-1.91370531971214	1.43938869342641
-1.22283301191468	-1.53676711797835	2.05879197327454
-1.1961374546657	-2.66801343490186	2.42563376500744
-1.27729123272598	-0.681631875522227	0.706998682229146
-1.31545795338194	2.30670771125913	0.101320174705014
-0.115898764180976	1.79440769656528	2.54810146896947
-2.99756821766445	0.0613570819817974	1.21618762188966
-2.33566894178731	-1.1400753434256	3.76804694429582
-2.400817608167	-1.27982496887213	2.08952055440407
-1.24862748153577	-0.0667796014781188	2.00720215130655
-1.47524309300654	-1.6863660803992	1.11794000455333
-0.342385056101379	0.15665892231473	2.48557308192336
-0.970643631879452	0.546969179604533	1.2156530686121
-1.12877342962266	1.64844326534947	1.23836476336725
-0.469042855761955	2.29492159511028	2.21959133492276
0.349852934665102	0.604551686594738	3.73624052905338
-0.861140391988567	-0.455392143744409	2.34625583638809
-1.67715545255523	0.292497123152069	1.20680490196169
-0.675338483168479	0.594904780652026	1.78429087625523
-1.49460543530923	0.0123293442820898	2.52626807012365
-1.46788394658211	-1.63662068583951	2.77725265740387
-1.08971447961048	-2.42113260579716	3.05968881862906
0.218360156018628	0.710203920834688	3.4514776047051
-2.49955401934336	0.27970013047452	1.87070175644072
-1.47410008214263	0.273525670709282	0.936938389839256
-1.68943290597995	-1.24825582775491	1.62970007564784
-2.05513721985295	-0.384064046483512	1.89513618852878
-0.871060587443163	0.645672608330091	1.71334892608597
-2.7394756821372	-0.300006691696126	1.94565867174456
-1.70359942427452	0.520419117530258	0.702972158270261
-0.685540926217763	1.29031852292523	0.337471972167135
-1.89671455778416	0.453452926145766	1.34971840860385
-1.82156131425506	1.37028189177172	1.668021339104
-1.14194066553615	0.566482997792777	2.61643651541601
-2.44109010607709	0.224034973594082	1.39202644199685
-0.976891039141471	1.1349426951704	3.09691075665709
-1.33615325023125	0.124194031258597	1.86940251206933
-1.51512125490444	0.0376890503211758	1.54921595173649
-2.32101987935382	-1.68657445475577	1.84125792221676
-0.986282109844309	0.759808609842886	2.63544245081661
-1.96550958624591	-0.035391544411649	1.44477807785283
-0.762666861174902	2.2036454609416	0.710306028645787
-1.33490881162032	0.173038519563773	1.90008909327527
-0.855219180128641	-0.353290075816676	2.15033020482844
-0.325064555882838	0.652888380977565	2.39178385879481
-0.610181435444397	1.15475161770295	3.34911019393104
-1.03551352137027	0.863309173143283	2.33280504446177
-1.01258971782958	-0.89520711697453	1.49147140607772
-1.16241935889001	1.08357977821024	1.44225942358972
-0.641527331446679	1.31723645460648	1.7590991605812
-1.45514302817032	1.0150502481862	1.29753304556697
-1.79276377047643	1.10494369899115	2.61637690150822
-1.31231088436188	1.04391541030541	1.93415507185447
-0.128422525317006	1.98066274653715	2.88738292843978
-0.503432926155381	0.623696368984884	2.41179900176753
-0.563358610208156	-0.69473152576209	1.66090061156244
-0.363978328404781	1.19699699059396	2.97759446829254
-0.50387932702396	1.08954072977497	1.37712214184579
-0.59001832130998	-0.258229342151412	2.85568943570272
-0.458583196865748	0.617685368166999	2.54370822676085
-0.0968587377548507	-0.0512733478778591	2.75464726198739
-0.650268875942393	1.15967982138367	2.26151436418557
-0.510440306250196	1.47220908460712	3.08222417130391
-1.54342566944261	1.59195705483743	1.21586373041336
-0.890044100836048	1.6390541783589	1.40948671283064
-0.0449328022293791	0.723558742976876	3.02463624097144
-1.26946726263698	0.472123276789946	1.28003803355314
-1.00145281929195	0.762388747625031	1.46124288335961
-1.24046768224987	0.0463248443657577	0.973784062995636
-2.38085620759279	-0.438585498164473	1.92421644820766
-1.31234019415998	-1.37775291445993	1.10630773695978
-1.31732147405812	-1.78417604942149	1.87978498275565
-1.76204926925237	-0.383707522788107	2.87843636198214
-0.867420972266037	0.410575463951283	2.98173463152841
-1.44604142688209	0.0620676244641347	2.08894352383453
-1.60880527503113	-0.33620666759238	1.58270966201004
-0.664767120368009	1.9995241653891	2.90560627359377
-2.39728258288925	1.1689263066542	3.46108034722712
-2.63194277951341	1.08967723241958	0.821296053628611
-0.498583177749923	1.23921041154909	1.10290701716761
0.529436147425518	0.320794313087334	2.60338259455026
-1.10329004920681	1.4658121455819	3.38268621952785
-2.1574654329297	0.747463671330305	3.30992073201141
-2.0888716443081	2.39944054896797	3.39447018657029
0.271260680159973	0.81252430951356	3.46832356191827
-1.91742993864928	-0.611135927821128	1.91413296572251
-1.49351730376636	0.20838122337732	3.97121053467618
-1.9205127877494	0.504913195766374	2.9489001453051
-1.00031931466975	0.904299684029927	2.32511160192931
0.163363837203397	0.987073847606395	2.57679520638058
-1.47504289354178	1.067964751127	2.59549451470989
-1.08768158847595	-0.447511440923455	3.52034383237673
-0.273726101714271	0.781761356138494	1.279164874599
-0.446703111446904	1.41661002713104	1.51360264693189
-0.357645982876808	1.66942132615819	1.50035634569131
-1.23549666628584	0.612274037038924	2.35594331735477
-0.0740613087318573	0.43613986407943	2.56533842103082
-0.0781123628628929	1.31349962624018	2.392294854638
-1.07339420082992	1.29153713247831	1.7011945649864
-1.46968595651636	0.735285458589693	1.81784554385632
-1.46968595651636	0.735285458589693	1.81784554385632
-1.4204428886087	1.17146895583771	2.55749326812603
0.814901957509239	0.0273572837381445	3.23268424277516
-0.167042503723423	1.14977313162803	1.9562485127858
-0.617099614976749	0.567126969170412	2.676838663895
-0.152348996578131	0.970510704484759	2.74649929124997
-0.269878786602949	1.07400926831493	3.04385229262027
-0.767747615304684	1.63837495284798	2.54173265873671
-0.889112165326641	0.67844907192005	1.67025071310899
-0.602329601525452	0.831726401340584	2.10611258706531
-0.602329601525452	0.831726401340584	2.10611258706531
-0.602329601525452	0.831726401340584	2.10611258706531
-0.908450256866897	0.214137461316258	1.93749770719877
-0.908450256866897	0.214137461316258	1.93749770719877
-0.383561032055156	-0.314239545584886	2.69278154978502
-0.93092025961718	0.453384777183433	2.54185085588685
-1.37427394152504	-0.0976022337057463	2.26729308922497
0.376524474096409	0.451707414548375	3.52238405012706
0.723097362032264	1.50690525769895	3.48375226986041
-0.0770827879028276	0.840680979819386	2.17730452371066
-0.305181137034727	0.256945932506096	2.22597177959887
-0.20031873297974	0.566320569583608	1.90396302300665
-0.805291855700015	0.421382299842899	1.46831900279149
0.38249702458644	0.754250197464129	3.06537343479635
-0.518981917778908	0.653385416837338	2.70217538636911
0.220069605201132	0.894702397788068	2.530574112427
-1.6160372795717	0.374352583301482	0.554459722504149
-2.24844393488068	0.349308397401361	1.59449077389974
-0.636360268198645	0.816264459246683	2.25729499729314
-1.9732356873463	1.44534794416208	3.06068899977217
-1.29762183956088	0.867711918557457	1.79664886904388
-0.686473505380888	1.39514583919844	3.31018798709834
0.0933358066993189	0.931313741387317	3.64640100821631
-1.53545344904597	1.70909804293851	2.21132595348525
-1.16707121418154	1.17313025288706	0.800549438819658
-2.55051685511946	0.274452339190831	1.33958906310659
-0.271432997420744	0.4315532299847	3.1144362972593
-0.89766454322541	0.357109281498706	3.43741135912251
-1.45306351452612	0.611138446212797	2.44470571297652
-1.26155276557896	1.88685136321504	0.798780796632557
-1.01127035756188	2.0760466622448	3.67353342831563
-0.458533262994329	0.525817666093279	2.3255261068484
-0.483326968511715	1.35349765543248	2.60219738596868
-2.08049540006127	1.88057764934034	3.6070425541748
-1.48861464862459	0.52864055453786	3.67658988562908
-1.81341006060432	2.34487067001346	2.98438069218087
-0.958497607145284	1.59359519482066	0.784729553942865
-0.728811194598287	0.868406275706404	2.92259171156823
-0.994133898316095	0.532262172168874	2.30978808608843
-1.4480932576946	1.37565492280586	3.42719759314716
-1.69340684744566	2.53754708721415	3.80329066578627
-1.80977427714853	2.39307040877813	3.52814715811366
0.309050476806281	1.46802891767429	3.47762337849784
0.382481475322265	0.131625629456267	3.48040720251493
-0.588536073369287	-0.260305723065283	2.22251182580044
-0.763050264630173	0.344948394567106	1.74979252100938
-0.798058413305502	0.283760145888928	2.11153668443547
-0.798058413305502	0.283760145888928	2.11153668443547
-0.798058413305502	0.283760145888928	2.11153668443547
-0.326064589362425	0.203325574486971	2.99925271147476
-0.714871656054633	1.10625930669718	2.40671967927356
-1.61244583400811	0.302778861764439	0.410487386815391
-1.61244583400811	0.302778861764439	0.410487386815391
-0.919071487728603	0.555788521645133	1.3787877915696
-0.172166481174602	1.59559338456698	2.32929972631298
-1.1083005774983	1.02405603710678	2.63284544083347
-0.255701196454114	1.72266863117677	1.7714199451905
-1.45736948831389	0.421311510806445	1.5148048383327
-0.22409905913318	0.894661156687632	3.04441459122573
-0.489577340405452	0.798255913502859	3.12450332041535
0.0131400533830892	0.220053715043169	4.89018095036062
-0.307798789948102	-0.283290056154119	1.95050470621887
-0.10701405489904	0.67283758395079	3.68949326687266
-0.132983210472706	1.23876793092299	2.96161670590892
0.207015447955419	0.401091757661098	2.95636136262319
-1.33875326733995	-0.259348235835617	1.45472132142958
-0.494496998565445	-0.653752362509994	2.39555769072263
0.411107195983012	-1.26147791005036	3.17290250057715
0.0935278808692872	0.788678713989176	2.84898207484467
-0.734012068474206	-0.0480932264559776	1.75613394817242
-0.846214333190918	-1.95220423689097	1.2113978724222
0.205678661800903	0.0698412480370582	2.7432147078365
-0.258801680092726	0.713081451231128	3.0814787634033
0.297674985335065	1.81518907102353	3.79536750444842
-0.611135495590992	0.78723380820947	3.35236447850866
-0.719311426346172	0.209701454258524	3.42282625255715
-0.837642259379745	0.904474373272949	2.62955496743108
-0.729627951422743	1.13774497248226	2.52381153818104
-0.729627951422743	1.13774497248226	2.52381153818104
-0.911518636532278	0.774797877893586	3.70210874305981
-1.55458063641414	0.329233398035544	2.42001464080545
-0.954745279291653	-0.0479446285794152	0.721089741127856
-1.65746331557459	0.539323204180144	0.162928711865094
0.390679785338947	1.18061184988354	2.2444642781135
-1.61215734668626	1.44772913861823	0.746595291177912
-1.15325153333822	0.65172241741147	1.16382611074153
0.414058426759314	0.472483592520903	2.68810825377476
-0.578082037966618	1.79907159126259	1.23856762806725
-3.18656275451792	0.818706592791355	3.63648284676019
-0.737042907532838	0.910797972506181	3.17098900847323
-1.06333703776315	1.90420459161689	2.27238450563667
-1.42590133035434	-0.0889423123240696	1.22829999208481
0.00975969179840081	1.87309791285222	3.01729699629213
-0.0390534836365597	0.895082234272453	2.40769819040971
-1.7572337322208	0.930806091101514	2.49455460873872
-1.03601623196047	1.51645317165586	3.62334609587872
-1.32560363570522	-1.59469554257108	3.80186818034155
-0.756789266648541	-1.06590118380642	1.88438819326007
-1.03815505254788	0.240702467856518	1.92784828279893
-1.66402737415596	0.588656524682142	0.29565779943846
-1.52062389220841	-0.252187522009367	1.68277639993412
-1.98811561414866	1.00548135581326	1.38012159733857
-2.09919292261043	1.78662047501232	0.374435340628295
-0.748853261659336	0.442142174645658	2.22516964974974
-0.77625070886311	1.25490102197844	2.91570563989531
-0.534084180850114	1.40258524843923	1.47865231911198
-1.76331421942585	0.661137885235323	1.16891851645818
-2.54302807956847	1.58807710158405	3.6673975407202
0.496974452524665	1.53072944697329	2.89213943165821
-0.944599278832512	-0.203615441177376	1.86449419759442
-0.784862064963107	0.735854177591817	2.90640711647033
-0.444649233358398	0.513403838650688	2.56047158868202
-1.49118574382309	0.992772682003707	2.37258260558423
-1.73518264763447	0.256383469505998	2.40126778661273
-0.962051028372043	0.70130732430456	2.55914423024241
-1.35909168258666	-0.137437592996657	3.49246333415698
-1.16344843728299	0.39421841404344	2.25807372692859
-1.38651413905123	0.52768014228592	1.7030311580546
-1.78637068254051	2.03054597859036	3.38898127638878
-0.188654198696659	0.737119182601225	2.08327770499874
-0.827958550048409	0.679732585541543	2.37457136231514
-0.146579933661831	1.04035522886621	2.53811227040396
0.117745755706427	0.756735536649982	3.06685921471755
-0.664157896069534	0.820386531300916	2.40346468457284
-1.02194858661838	0.153477196996302	1.96210614938409
-0.616155045020668	0.57327492403093	2.31670932842447
-1.47640936734375	1.09482447939797	1.00090860644479
-1.42162753055979	0.303741462531636	2.47874004412568
-2.29242874695903	-0.353884891590442	0.845005255253837
-2.15217421489732	-0.0100720301031679	0.985354597375501
-1.66418874488244	0.483593561494577	1.29275546016714
-1.66418874488244	0.483593561494577	1.29275546016714
-1.63885451762398	0.953212238529524	0.974139052221469
-2.12576620475478	0.339278452898713	2.70279508100365
-0.737801782719297	0.485771155805949	2.03262580039974
-0.768165784278391	0.701405882399104	2.26655091284288
-0.99378006266485	0.107151432034723	1.88560616727575
-0.964005466758648	0.870963900549767	2.36795612985812
-1.06334988988521	-0.112680063299544	1.60802068136331
-0.00768695878681303	-0.784073918958892	2.24628129376767
-1.53139061231722	-1.29059509708358	1.83363779411547
-0.886473590452358	-0.46383222270616	2.41783180529283
-0.73983250923054	0.109370850819245	1.92338973574803
-0.73983250923054	0.109370850819245	1.92338973574803
-1.57421907994279	0.0615738229241309	0.766343632522231
-3.28520158837015	-0.497507141544196	2.70579573738387
-3.20305970058723	0.105846238096902	1.99862258784735
-1.27121229205525	0.601872743739673	1.52334682500662
-1.27121229205525	0.601872743739673	1.52334682500662
-1.55985108142794	1.43912051083077	1.01718733020812
-2.73919034227499	0.0930646360994052	0.447851436564816
-1.33222956310814	1.27699974913389	-0.118496647381927
-1.62726330790542	-0.438645942168307	1.09333359449269
-1.37614697071975	0.143105370240343	2.06325235581202
-1.17140425601091	-0.238091389476649	2.05074857655581
-0.867910382847551	0.322631219101331	2.57402088321238
-1.11601728836809	-0.42912808321342	1.63543025113744
-1.46426481957673	-1.01654763711454	1.56042687930329
-1.46426481957673	-1.01654763711454	1.56042687930329
-1.35513446682407	-0.0513284999370832	0.96071619075636
-0.13364978632515	0.252761249691167	2.23835587532601
-0.503112658717204	-0.539362047613886	1.48059069226341
-1.01321425071635	-1.50995064604783	1.37940889438332
-1.11658952381744	0.767078895001011	2.1802539561749
-0.355511781886917	1.57440138643026	0.0147819828639637
-0.311823576413934	1.49813908063966	0.442883637829071
-1.57688187253244	0.0257550853655211	2.29300191365469
-1.78569832402059	-0.0212325785766092	1.29334874656003
-2.37521630021545	-0.326441492272374	0.81188009175836
-0.983247796560755	-1.81513525941031	1.62094352693148
-1.78102288956866	-0.748264427872907	0.914570676328758
-2.97744432077867	-0.79306333838189	0.335532762503596
-1.65651971326208	-0.700343321242249	2.30718769445465
-1.21235019455724	-0.58007878851817	2.08918099313846
-2.66030885090452	-0.343050489647772	0.871193759963339
-1.91954400279612	0.691303288193714	1.33230854592903
-1.0456177646673	-1.05126131246218	1.60692986011694
-1.73891845812953	-1.56927767172367	0.923597030493737
-0.588118625236522	-0.848208050830152	1.74180660266151
-0.588118625236522	-0.848208050830152	1.74180660266151
-2.09139173457593	-0.378127478024591	2.38032497021382
-1.20815472147697	-0.217957568337168	1.62203609596763
-2.50051713510084	0.288475810722641	1.26567495159193
-2.68633333785765	1.6513292462717	0.130357101910948
-1.45696686330737	0.597543192925257	2.81105294202433
-2.20881952138468	-0.600465467693988	0.366933720810088
-1.7746196550075	1.18200212847149	1.73052273612822
-0.562921683418472	0.755303507262345	1.21823562085162
-0.332622073980348	0.562078027750997	2.49746676228756
-0.657947076886751	0.687510925812843	1.79490183137797
-1.52178683186226	-0.609440790944359	2.86597515389978
-1.04274250462338	1.52841589063813	3.44321200596517
-0.902368896400398	-0.724297540094553	3.53028533954535
-1.47278648954271	-0.296568671252294	2.71016436657541
-1.39765332687273	-0.480752566197524	1.73777330410146
-1.96386163872638	-0.948358946022654	0.613934839475195
-2.45535158837105	-0.784258763542113	0.774777065626947
-1.21055920963646	-0.360611925469014	1.66713697076025
-1.2522491304575	-1.75960447043925	1.77858841156516
-0.413719065363223	-1.7646076292425	2.42021958318462
-2.04502753557638	-1.66851706452588	0.877932742109333
-2.1855416513709	-0.120557225732046	0.939141436288341
-2.206797696013	0.341047696399665	1.1527656565288
-1.53128813667387	-0.384348999395845	1.44252306665518
-1.89581672223941	-0.78036501778002	0.927608504624
-1.89336281775475	-0.832789906978696	1.60914586511729
-1.60355604279286	0.180616833065102	1.94934246374052
-1.93277985488502	0.558845888272015	1.55120777230184
-2.97431630789331	0.798816599986612	2.33978770826319
-1.79798433120267	-0.353831309872918	1.10354020177925
-2.91297122651228	-1.22875937164645	0.674232546310037
-2.91099052213662	0.856383781819629	2.24258105673147
-0.294713882620667	0.49310367241046	2.09269548808729
-1.04610660517287	0.751407503469995	0.654785597463816
-2.31427376138314	1.88174582774577	1.73174772853075
-1.07433729732227	2.3772579469466	2.12284880988862
-1.5745482596376	-1.96242994488497	1.98819492714611
-1.41979379968845	-2.5855703279096	1.66263945790801
-1.51507166785589	-2.59873008453201	1.40203239917054
-1.54253283914472	-2.70259230784278	1.31211843376903
-1.54253283914472	-2.70259230784278	1.31211843376903
-1.07463093300377	-2.4273380515403	1.67460216727977
-1.07463093300377	-2.4273380515403	1.67460216727977
-1.38811823223634	-4.19068208564158	1.29168063577428
-1.86629822393796	-0.84209422505013	2.04510123040348
-2.37726920473827	-2.23204308347183	0.0277817887348808
-2.37726920473827	-2.23204308347183	0.0277817887348808
-1.1067124922816	-1.51240071132524	1.62335533555818
-1.55262989766535	-0.845432261348605	1.46286953837926
-1.55262989766535	-0.845432261348605	1.46286953837926
-0.695979807719335	-0.984688769980201	2.13434072579059
-2.39625995115092	-1.26234686020916	0.759507894197326
-2.99126175632568	2.14790371636254	0.0431644399582413
-1.32303654263409	0.564966301699348	1.69923564114189
-2.52055230962512	-2.31519141155207	0.811113074091053
-2.15576762997846	-1.63762541063841	0.23507071186282
-1.50398795736588	-0.802221314098958	1.24043990474734
-0.607452296757185	-0.0313833201140019	1.78916394193437
-1.30382982124189	0.327395457288064	0.0430536998966286
-1.30382982124189	0.327395457288064	0.0430536998966286
-0.772831832144983	2.97154251793607	1.37933167322308
-4.74289856617102	0.52879285233193	1.53172015024251
-2.58528951439823	-0.418963234319657	1.47794036298706
-0.752950402192073	-0.955464286812909	1.48324377894443
-0.97630464774225	-0.469505153454246	1.43742089896502
-1.02020294476782	-1.2897067948767	2.26020528020688
-1.92174610150736	-2.1859108361156	2.76331862847207
-3.04062808699309	-2.23266155779468	2.29473034497404
-3.23123827476274	1.89132030337377	-0.431313413840177
-1.91912699470007	1.87744239005672	-0.000549746759088254
-2.31272100469042	0.157660745792308	0.793502683301825
-2.20022820154744	-0.492342776520389	1.24388807460748
-2.30891714720178	0.237578933332615	0.984669651436784
-1.26336513424441	-1.09195936382513	1.6807672058721
-1.6454764389924	-1.95815053257634	0.80958131044506
-1.63019401663959	-2.85386368263064	1.28314029297933
-1.70827513840081	-1.30412650537964	1.42378085439424
-1.35816690469296	0.48993253844114	1.88732790833644
-2.44169216584751	-0.851371120719302	1.50031871584512
-1.27166811406974	2.33815446549745	2.91335496310334
-1.85320274262881	0.475732489824428	1.83097808133546
-1.36050792891349	0.304545294681597	1.15761523392165
-1.70590439369406	-0.448897570997438	0.337344014284419
-2.72148000605294	-1.30576043427516	0.823757506150788
-2.72148000605294	-1.30576043427516	0.823757506150788
-2.72148000605294	-1.30576043427516	0.823757506150788
-1.2581244569484	-0.79534120016546	0.39821418097398
-0.553006405393707	1.07239269563539	0.744233633675141
-0.715149374794868	-0.607541603347427	1.592941508155
-2.43334413123146	0.835218474551632	1.26624217616052
-2.02014421099267	0.188324620499426	0.60995374649778
-3.96292792245387	0.849569108866149	1.11589945085405
-3.43068467924354	-0.644362538610685	2.18911640952939
-2.32581136486108	-0.816144177130908	1.75773072295664
-1.3641511752489	1.35589239162003	2.15122150193917
-0.168469836143556	1.17812141939014	2.59666890525052
-1.15595889915993	-1.67688372920705	2.45411001745104
-1.84086722606947	-1.40935344953581	2.96770762855382
-1.77325389389192	-1.48104197625582	1.37270690732692
-0.3136166238933	2.53780975056342	1.81569103266684
-1.7905082846205	1.23467076182969	1.25983899909569
-1.76626534445655	0.722834201219243	0.857738800050249
-1.11394367814656	0.0646449169910022	1.54880117805712
-1.41062489058116	0.997926251855072	1.21968943688748
-1.36189479312222	1.93438131797653	1.2660169180878
-0.641292687331704	0.0233832716788164	2.68593813330625
-0.641292687331704	0.0233832716788164	2.68593813330625
-1.06268251542271	0.614588754309856	1.56722961080745
-1.24785277201676	1.5624242065317	0.857548599782757
-0.453271717754677	0.398033526750843	2.746667237667
-0.468127353667759	0.587434437356914	2.11478607402601
-2.85288614026996	0.310513092916206	2.54135657039961
-0.828367008521551	-1.03255123743935	2.47787349887371
-0.711738349647543	-1.90193255551547	2.34681500629867
-0.711738349647543	-1.90193255551547	2.34681500629867
-0.315891216562612	-2.14394971310124	2.02189931524506
-1.96862426402502	-0.961519295773842	0.843134998919656
-0.861104892278092	-1.34001699405826	2.05373709050223
-0.81574895598056	-1.26561200283157	2.25066907499682
-1.24425091372123	-0.681319004065548	1.60283093975614
-1.51942150604322	-0.426805342326302	1.55325429723472
-1.16385225044419	-1.3923533905547	2.57747942958643
-1.02831120046153	-0.0495604778003204	2.49806226728898
-0.766111802669868	0.593216681406473	1.89258436942323
-1.13602271559896	1.09261785562135	0.873052450048955
-1.82794898523438	0.522346037061553	1.90193828471462
-0.418113851595693	0.214739046834779	1.76353140549729
-1.50359184432077	0.801447349113666	1.74672690275658
-2.15917372937404	-1.81909835608916	0.323954151689182
-2.05659370029128	0.724219659899423	0.241554457158375
-0.575073138606438	1.96388861979926	0.797061639953901
-0.284850687267688	1.46232016885361	0.973454745694672
-1.76990597802941	-0.850411417613324	0.251424252689643
-2.01644888122678	-1.46375340484569	1.14755217985881
-2.01644888122678	-1.46375340484569	1.14755217985881
-2.19746256205111	-1.46891495627016	0.976173004797948
-1.43794029776434	-0.0827236263380792	1.33474366868755
-0.498065777974148	-0.282798082046397	1.7066239857985
-2.25890253252631	-0.511874769508713	2.78885742248134
-1.63677713175384	-0.188661258927203	4.29837193511822
-1.54551319606556	1.55971235653413	2.78375402797103
-2.70973971521254	1.2545849165768	1.84177527420021
-1.32609896852803	-1.26653835309676	1.03284261339416
-2.60858682164896	-0.159012230162343	2.5214899299385
-1.03066539597201	0.403208869663125	1.93564690471584
-2.25866534337138	-0.938405366306397	0.888079217008605
-0.957665415741994	-1.12800507157372	2.07953447985289
-1.17528011477725	-1.18547469086262	4.00559490871392
-1.41238301113098	-1.7769371821318	1.799155731497
-1.47855444546348	-0.458163409197049	0.489022548260031
-1.84340296998427	0.00696678547065744	0.698687121013082
-1.4756916507383	-0.258315507596543	1.0441664796986
-1.78699102219969	-0.678824903898969	1.69362761844288
-1.78699102219969	-0.678824903898969	1.69362761844288
-2.91822373553629	-0.546823470616535	2.24738210320965
-2.10158052326767	0.260187941554746	1.59760552488148
-1.3888307748497	0.0927914466537506	2.19943331704746
-2.1222203711171	-0.142571500158595	1.20596661561903
-3.37813241600615	0.542287497146026	0.759223858791975
-2.79400675642225	0.381396530169815	0.121750899937402
-0.558843210485779	0.701721971223278	2.44882273217599
-0.227297391919373	0.348141897339475	2.00893972909297
-0.514083287337145	0.526756581444766	1.84397458206365
-1.89550305714932	0.403935811561351	3.54089535222405
-2.72934329713398	1.32312140063579	2.92092352564683
-0.510325621771421	-0.881521440234549	2.20812660021088
-1.83423764173548	0.366957017773591	1.78475607661181
-1.12280866940806	-0.0820524969318192	2.47135858019527
-1.37416857996079	0.319999554749767	2.01888530347855
-1.37416857996079	0.319999554749767	2.01888530347855
-0.915918339126662	0.292679461268939	1.93505565525051
-0.915918339126662	0.292679461268939	1.93505565525051
-1.21635726769428	0.555203549721596	0.669741060600304
-4.73861825055548	0.97205102713527	2.74371173035444
-1.35225102835564	0.152317249678527	1.59606058933871
-1.35225102835564	0.152317249678527	1.59606058933871
-1.0474412757245	1.19829586143413	1.70561306765243
-1.49275446275511	0.722382982898235	1.33168074212771
-1.89537292117601	0.940576016048486	2.42375943142529
-2.47590021482943	0.322127039580911	0.802826831480726
-2.68425499167872	1.00801233533017	1.87819482081054
0.437176616967825	0.720727453891999	3.4853932168785
0.0691501999505342	0.525077944460519	3.5270982261966
-1.61744960879686	1.03508679698718	2.48833163687131
-2.17563390828325	1.07344090196979	2.12435308407354
-1.60160923620517	0.178086646062789	1.77048818573317
-1.35849297179104	0.89951080635426	1.4397130902837
-0.987267103891055	0.505364051057151	2.00498498625276
-0.917347613464552	-0.0969156490748797	1.7593674947497
-0.376312924318822	0.341156826854475	2.14794518229892
-0.376312924318822	0.341156826854475	2.14794518229892
-0.376312924318822	0.341156826854475	2.14794518229892
-0.584561928812849	0.797718410274159	1.41285433273988
-1.30991625795236	0.159998201590662	2.06484067344754
-1.30991625795236	0.159998201590662	2.06484067344754
-2.0867668416316	0.50982139395157	2.07508842740118
-0.580757766396396	0.622083059478237	2.48870201421032
-0.580757766396396	0.622083059478237	2.48870201421032
-0.580757766396396	0.622083059478237	2.48870201421032
-1.63795745598117	1.31049323634551	-0.366649502896587
-1.62691874631358	0.213976054289433	1.58616645320206
-0.999019483927317	-0.276663754972337	2.14838347475753
-0.999019483927317	-0.276663754972337	2.14838347475753
-0.650358535114582	-0.405429834157935	1.84614609614472
-1.21074145872067	-0.51873947197183	0.713280755787557
-1.09881133720166	0.961208641873115	1.99240067671594
-0.972788401697346	0.120480976208437	2.17758968429239
-0.972788401697346	0.120480976208437	2.17758968429239
-1.69948454261852	0.479049000850693	0.95287814745622
-2.00790590802674	0.912253726663845	1.69931404333558
-2.38310423310609	0.181283843139047	1.73762560025182
-1.7892359317689	1.14848250731957	2.4328075385251
-0.952074223217695	0.512186113477954	1.91504327631908
-2.32599718625474	-0.151352950527771	2.17296928766129
-1.78119790316676	-0.158679878027483	1.44917882723881
-0.867544984959234	0.426385424467693	1.28286679475168
-1.70011917427082	0.563507946986535	1.62150379697688
-1.70011917427082	0.563507946986535	1.62150379697688
-2.38427795269915	0.475079987682099	0.788472979658407
-1.09964967199264	0.750184035563529	-0.611352199474588
-1.33074972343021	0.640561965126099	1.42531634308912
-1.44516196721781	0.117344257955332	1.73945787590103
-0.937657892313853	-1.81606876938529	2.37992146932377
-1.28881792986058	0.0501491141261986	1.92594752765673
-1.28881792986058	0.0501491141261986	1.92594752765673
-1.62181238951036	0.217305710516291	1.80213470873692
-1.6546656873827	1.13183118696645	0.571533830386228
-1.6546656873827	1.13183118696645	0.571533830386228
-1.01144641215568	1.20076173957374	0.990016974286669
-0.347625375603915	0.514181887618315	1.40349283520709
-0.916826933542385	0.0892342695197297	2.04058802142116
-0.916826933542385	0.0892342695197297	2.04058802142116
-0.53581288443026	0.0422042946990226	2.46641387229174
-1.44724212394142	-0.800912667515403	2.19606645637807
-1.16355979872643	0.847566021921954	1.84090770022156
-0.837879947100857	0.291663858136827	1.86303348750605
-2.17329030339845	1.46689502527768	1.89695257583125
-0.841790348295971	0.230003177083778	2.57252092833964
-0.477438240784321	-0.592592970032179	2.81681132998308
-0.895928545090197	-1.19626264394073	1.67768191829474
-0.323805259864637	0.825623362520051	2.03389169755139
-1.07103036948366	0.535067724013848	1.18713165490986
-0.482447368310811	-0.373360273692472	2.13456001997485
-0.482447368310811	-0.373360273692472	2.13456001997485
-1.64290646534176	-1.02753744268854	1.62484972005647
-1.37830051598025	-0.25024592969164	0.237251800572127
-0.295847621380617	1.18546033316391	3.21943173142475
-1.72795392433818	0.569914819115247	2.89709781904538
-2.79240226313229	-0.0120963549662101	2.2724884626009
-0.351400383113718	0.686358716108293	2.57525673663944
-1.08452945970018	0.424796047566799	1.92235417403745
-1.08452945970018	0.424796047566799	1.92235417403745
-1.41569223942524	0.245376214872459	2.00547546894863
-1.21394133384065	1.00375986945065	2.81443420528592
-0.742008546479344	0.169498850726744	2.75634029328585
-0.785941370887689	-0.189085419188689	2.45202742461036
-1.47339199890557	0.541614155889229	1.83925174341642
-1.47339199890557	0.541614155889229	1.83925174341642
-0.184278611202854	0.260074014508118	1.82935335428294
-0.184278611202854	0.260074014508118	1.82935335428294
-0.593542977108439	-0.138122246674614	1.95580816958936
-0.593542977108439	-0.138122246674614	1.95580816958936
-1.55087281808243	0.12076044307812	1.19355613914394
-0.871921637386401	-0.520313761844386	2.02846995842143
-1.64646045516963	0.204761370051767	0.949144330169968
-0.745216929901536	0.169987657705649	2.17340240505961
-0.847206645018286	-0.0912699769642726	2.2873600101752
-0.38598605384635	0.328796094686776	2.93625297963019
-1.7518754505262	0.643134827743514	2.92464132574069
-0.994963176735397	1.18123033775656	1.45150614341268
-1.4895095973588	1.62048861819494	2.71856019922253
-0.0215763400154829	0.480041734283993	1.53056235796431
-1.73705261777977	0.585948295609978	1.08749681781436
-1.82565682926473	0.807883303786437	3.39091264791764
-0.00620876760311956	0.019528412058601	3.27034650539892
-0.647049772432588	0.894985373729833	1.63724478676449
-2.13692268659749	-0.218918332432388	1.02486634778825
-1.58749785917608	0.745358031347235	1.27290694715285
-0.893903417332321	0.385663845716147	2.60933172897251
-1.06170176147193	-0.304400895915223	1.81897644069088
-1.04710531185336	0.373982834879578	2.7062755712274
-0.666235704445501	-0.0152596391162988	3.36632336570629
-0.722313413238156	0.724104609770449	1.82737112783291
-0.00978076755303636	0.608294185414001	3.11156435854447
-2.92114080045286	0.355496335057489	2.13691190691163
-2.92114080045286	0.355496335057489	2.13691190691163
-1.81299098903361	-0.589368055646204	2.39732044184249
-1.69533915232095	-0.357531823962924	1.60606143431189
-1.69533915232095	-0.357531823962924	1.60606143431189
-2.0414154624517	-0.877731858913857	0.726590061818299
-2.19537758268051	-0.589830863164334	0.847986035059861
-2.55169269338646	-0.081974419701971	1.96057674744661
-0.732855316316222	1.14420089529757	1.2502572334723
-0.0751195028298209	2.29744876351969	2.2104101961488
-1.89789182872447	2.08060901525568	2.1760664325073
0.230133179431877	0.354348871483138	2.95577552704679
-1.74832395060183	-0.350088254615465	1.27245661620259
-1.29165635827222	0.582351295518886	2.05555027348093
-0.298746280789142	0.664356469234409	1.88553411854717
-0.220221215952737	0.407835022812851	0.522563921053653
-2.00708374281636	-0.059609891363988	1.87659894989982
-2.68510688182109	-2.45184449877437	0.152986533614052
-0.494963121928584	-0.129159108312866	2.03543133101644
-1.90691071001685	-1.38653678465558	1.56673180926002
-1.42146129450838	-0.552307347064172	1.44283378277403
-1.42146129450838	-0.552307347064172	1.44283378277403
-0.945707986092802	0.013410681239194	1.91507676136876
-0.945707986092802	0.013410681239194	1.91507676136876
-2.18947397005315	-1.09971194892865	2.83297199246327
-3.463537655515	1.15824221251273	3.10486207209104
-1.04878386551617	-0.0889307795522386	3.45427807259892
-0.414106108705816	0.499749008501502	2.69619337091492
-1.83369149527563	0.0114041560625188	1.66465027504611
-1.03804880918176	0.220250359978238	0.823064196946939
-1.86278764339744	-0.805858650803591	1.20167234484087
-0.136108465473618	-1.08587077539374	2.66527442525141
-1.92095242405945	0.201927014040412	1.968112950789
-0.538314473206811	-0.601546344947628	2.22939180601545
-0.452922242050253	-0.0351380548125693	2.56001249499656
-0.564159112037605	0.431455438793067	1.93278310630809
-1.54996223681791	0.632070666411724	0.30479487494078
-1.54996223681791	0.632070666411724	0.30479487494078
-0.854453141253963	-0.22802363753047	2.04750775530585
-1.18525869458781	0.6759007876928	2.09934521557315
-0.631931733852956	0.327977057397713	1.97660964445688
-1.14169475556113	-0.756479053894531	2.00091110913247
-1.2606921895851	-0.45239521966582	1.74103027835202
-1.34835127465326	-1.32312874294322	0.943809751501286
-1.49208614502746	-1.30221119317165	1.71137953397751
-1.94371251467536	-0.495634357095487	1.90659966623059
-2.45175970721493	-0.868212897997055	1.37701903419937
-1.32635899645245	-0.901756598158766	1.39946905535808
-2.08217238470935	-0.268642784402802	1.35545113696968
-1.36406796449681	-0.536460421552944	-0.028016461572153
-1.11830411560657	0.452057592909712	0.528809337839121
-1.16606236838577	1.17904074878321	-0.15049782442716
-1.16606236838577	1.17904074878321	-0.15049782442716
-2.94396762415164	0.614509953310235	0.437876440816692
-3.42725560486941	-1.28542902336198	-0.162442340182885
-1.33988895482485	0.167134467746886	0.821360355173729
-1.86442204784077	-0.722437430916814	-0.0769801433108788
-1.66979486586308	-0.11239046689915	1.58588238812515
-1.66979486586308	-0.11239046689915	1.58588238812515
-2.1707988189391	-0.473791983860498	0.80157614086664
-2.04726121393568	0.430980472365379	2.24836110781108
-2.2999883112531	-1.55735096665344	1.93969761152811
-1.32829741748979	-0.524181778020076	1.75676027555452
-1.27388165370231	-1.53381800403714	2.36657779365391
-1.88361211629031	0.0866971709324877	1.98544101695135
-2.09883554378065	-0.50093785017288	1.98089509316245
-1.68451640215945	0.839679464955812	1.69926711337115
-1.60880067492022	1.51748254340129	1.36257188077141
-1.45772315381467	0.0487967381348287	1.08407651446215
-2.07595538616337	-0.2985233646377	0.695221384467562
-2.04667306344997	-0.268974570967351	0.461164457059739
-1.31065773695609	-1.4620780120359	2.37568378299341
-1.59074436073519	-1.74134717115852	2.10008090691969
-1.96096753026	-0.580342241484593	1.66298582383605
-1.83785478576581	-1.05649378882665	1.52304913905127
-2.81738830864432	-0.624252431312749	0.283320158419955
-1.85940296312928	-0.885371876272889	1.88352685324039
-2.96431014895328	-1.31963288991345	0.250133770802289
-2.40236408760737	-1.16489880631388	0.977458496342168
-1.2622860396158	-0.176899628543642	1.13303864958515
-2.44549364034157	-0.457643362565427	0.699689057048792
-1.45050750543515	-0.620337723253226	1.01195307143037
-2.31984764124382	-0.995376820098314	2.73298269366205
-1.56810168783462	-1.56818293225201	0.367951330304306
-1.54635817862958	0.404091923376218	1.80952460126721
-2.62239537508803	0.867421566189671	0.451640110219941
-2.57883594983803	-1.17080720063878	0.580914639676149
-1.56127941581231	0.0265204534190927	0.824869223005294
-1.12847312751704	-1.07025360511149	0.908925761557697
-2.0885969542196	-0.213675529555943	1.84594856313569
-1.74790470885139	0.689904298451247	1.75605561319412
-1.32304738165837	0.982556220001087	1.72415316045462
-2.39873129196407	-1.12471034617949	-0.1747758758322
-2.23233997165455	-0.367644622877504	2.41657143491317
-2.18518423291173	-0.587794502518524	0.805105723646842
-0.902484103060232	-1.61063238603964	2.32069280009064
-2.20177436977989	-0.397649244131722	0.682786704851511
-2.03574391888416	0.178418486111591	1.27651484614075
-1.99297933204525	0.50680828846549	0.676289952823157
-1.29671230063697	1.21802831695042	0.078722796008758
-2.41501828325471	-0.183993568462878	1.19242529280476
-1.89874555242252	-0.0482564807261602	0.462115137246811
-0.889977942812151	-0.0380345215140777	1.07590701129238
-0.889977942812151	-0.0380345215140777	1.07590701129238
-0.889977942812151	-0.0380345215140777	1.07590701129238
-0.889977942812151	-0.0380345215140777	1.07590701129238
-1.7967449039605	-1.11326569387301	0.418565676337686
-1.18797825360807	-0.800225314791506	1.66149901533316
-2.49577436311916	-1.03173472275769	1.21774059127006
-2.2440078912743	0.584298979846154	2.50340580967879
-2.81082234200419	-0.577880082150197	3.56129467654764
-2.34655333457396	-0.714177713293099	2.37858975034906
-1.80729496024758	-0.656876463964508	1.49707207931324
-1.48347668704959	0.558233558706596	1.45364356283851
-1.00181517909149	1.15813314489585	1.85751219488394
-1.28513649776496	0.00841265675126124	2.12058079282617
-1.21765367140765	-0.0325945014640183	1.19769085024992
-1.59544733788124	0.114674469090562	0.741472504802691
-1.75183458743193	-0.29335775802019	1.55144258897791
-1.82364227148948	-0.537813487779799	1.52179972002252
-2.16039235687679	0.465503138117625	2.81522786847954
-1.53780990517994	-0.696296624031283	0.929840504480637
-1.8969785735308	-0.946871560111675	1.27058929284579
-1.49789586539691	-0.0343487626300667	1.57823302607251
-1.54342266811837	0.948578208029787	0.892078290019169
-1.54342266811837	0.948578208029787	0.892078290019169
-0.954265288324325	0.49026539152251	1.69418943445681
-1.60281378809649	0.96019233849962	0.937571712311105
-0.546483340833172	-0.409474783410581	1.34186274964241
-1.27616004275179	-1.1029261897404	1.91108939492374
-2.25497846177397	-0.655201670838446	0.875409852497894
-1.28345416714507	-1.38986017033406	1.57231524694064
-1.50736830925288	-1.01657801935816	1.64105110085363
-2.17152740093508	0.325279685945241	0.891143677169316
-1.7614245408647	0.61679052856558	0.592448742649171
-1.12838282707558	1.60279895248434	0.949113940205489
-1.8656685630798	-0.0394619260594686	1.46633404272494
-0.874573497728514	0.0615354954751958	2.51812910220244
-1.71352600054365	2.04696276095427	0.97051621408463
-1.06078146936632	2.42020626013519	1.3861749344692
-2.33318812403409	0.708964330251606	2.11430069772883
-2.31944241455304	0.570431546002239	1.84503773093769
-1.73881848997857	1.46904842031416	2.08975364164095
-0.696394605962094	0.461800037360697	2.32498858623559
-1.4156211622459	1.07232701934871	1.39016247674672
-1.27581472885686	0.846714975406869	1.33668620081414
-1.25584263695397	0.191022092179329	1.25177567953628
-0.494104421733393	0.346342094300824	2.05514443767817
-0.640993061457713	-0.434427610136664	3.02487063447336
-0.750515603678034	0.310339546071487	1.99027007944494
-1.1994794984924	-0.2248948560471	1.93659082930688
-1.80565558513584	-0.0690762082065639	1.41973717752577
-1.20652929148016	-0.310248693353055	2.11781527547337
-0.745200834825987	0.386591260372467	1.61175935767699
-0.855014908480856	0.480129503980453	2.21477513145883
-0.855014908480856	0.480129503980453	2.21477513145883
-2.21140821879589	0.348413791449263	1.75729309898778
-1.46553035021001	0.0595086523071794	2.30228841968279
-1.18572653110857	0.430357528290851	2.33950905958313
-1.66702574974114	-0.0788091875277199	1.50685096853238
-1.01182622558142	-0.0731670003154569	1.23103894742383
-1.37739667289284	0.375421474504582	1.39747183265197
-0.27162791292938	1.4969451919113	2.59867141405662
-0.261402466169272	0.609848924074027	2.46443952628865
-1.97247015198547	0.293905647566694	3.24132812710615
-1.54449020169004	0.0542290635107536	1.73135515388382
-1.54449020169004	0.0542290635107536	1.73135515388382
-1.31214643641801	1.03802434274667	2.13321973245342
-0.501490805718142	-0.524436710928147	1.62760873138585
-2.64848332061801	1.7115881229124	-0.292562813692267
-1.37612814212578	-0.148899969827339	1.84427772297442
-1.34361608188774	-0.295748543377015	1.12674265411387
-1.22088179099756	0.615535879524622	1.77758948884546
-0.142147481986243	0.719283055390107	1.72032138015123
-0.0579359169105762	0.420006496087271	1.9330727160962
-1.29419102910815	0.791145277111051	1.09046573482167
-0.598180904860794	1.18088277774008	2.430446288083
-0.598180904860794	1.18088277774008	2.430446288083
-1.78593668179994	1.30904356481724	1.59094416153741
-0.828016913589654	1.58716810532375	2.21143044915724
-0.747646964627981	1.58833689040344	2.93109476577239
-1.94519569435841	0.822960628318355	1.55793071966503
-0.900026685204037	1.71202966706628	-0.262114611320614
-1.10007435931773	0.766964753065111	1.49493415413578
-1.21707416722388	0.700673148009632	2.32157884544547
-1.21316999788525	0.822332417235374	3.14806343225328
-0.890529309233168	0.419033219839317	2.44771560362634
-1.35397853024201	1.0830307511909	1.30574784477414
-1.6561037044127	0.0649191198195235	1.80845249652197
-0.0670286935162052	1.42676280703614	1.95279727428873
0.324698860212592	1.17762939746967	2.51662296019481
-0.116640640157249	1.11552077371912	2.50851930945457
-0.376239768007529	0.704691626853476	1.91496976249145
-0.333810245417882	2.00175503586781	2.82663614309183
-0.596105091778909	0.0938346753401943	2.30943410367329
-0.596105091778909	0.0938346753401943	2.30943410367329
-0.491520578045781	-0.217434750648761	3.03084011845967
-0.314969661410759	1.14861044116894	2.73036744254077
-0.408077815846504	1.00320696293928	2.2008491915289
-0.408077815846504	1.00320696293928	2.2008491915289
-1.34575416720231	1.18521454947389	1.95245711261411
-1.99813239971223	1.07544096571238	2.18018530523594
-0.356384362314595	0.9639214611379	2.11429716403739
-0.124079597647262	1.5584503946154	2.58059492577815
-0.936399832906604	1.10530856639606	2.40261729010013
-0.927241103100004	0.582423209657969	1.56188690721184
-0.767920788501935	0.935177967672856	1.53012452144923
-0.608585591166327	1.31893563548582	0.901903417863313
-0.267100647367478	1.3745637007802	2.20143542401663
-0.710868603923713	1.52254525646065	1.74655845838025
-0.24920335585443	1.32993268990501	2.19507510952363
-1.78350456881973	1.5604838714349	2.35296015398561
-0.239189457394232	0.569032333237368	2.76815788491672
-0.627045219034272	-0.340959761058266	2.66994884692467
-0.627045219034272	-0.340959761058266	2.66994884692467
-1.10860238883702	1.01709193266183	1.57292297872666
-0.555909088556427	-0.64569638424468	2.15645937774551
-0.0311161837140556	1.31117305091772	3.82994220618866
-1.65557069757947	0.0410948736874195	2.07867481784585
-0.959459444879398	0.0243125201420418	2.00090798935864
-0.391911909486096	0.264529170611753	1.62168549936459
0.359256551189268	1.39214364169676	3.99047909253845
0.458453841632734	0.466313430002918	3.53199005183665
0.458453841632734	0.466313430002918	3.53199005183665
-0.665405005681686	1.41294920301198	3.14874738788316
-1.34968045257546	0.725653714415691	2.01550285719046
-1.34968045257546	0.725653714415691	2.01550285719046
-2.3400030304187	0.259633642109845	1.63537393838787
-2.00745601005216	-0.192248390168994	1.99770862529235
-1.09604813733716	-0.218151481872198	1.44365752701139
-1.09604813733716	-0.218151481872198	1.44365752701139
-1.09604813733716	-0.218151481872198	1.44365752701139
-0.35840629672125	1.78436244751757	2.81028367707577
-1.28870000539567	0.816299813891215	1.64485719607171
-1.10189499218762	-0.643267770147569	1.63035656181898
-0.558261003333345	0.909239506408223	1.64803697641397
-0.932084938515352	1.04012939657471	1.15923372719923
-1.7689907656658	1.10994907424208	0.767568443538294
-1.10589695990333	0.188045931763158	1.2899651374108
-1.09155172655368	0.343197479045832	2.47046434811413
-0.761821230697775	1.13758498265207	2.02051082465239
0.615994647294838	0.0714033521145272	2.02510986286298
-0.299533275813771	-0.0515247022034691	2.42743322008334
-0.636220263460296	0.431188842406826	1.56240129927982
-0.636220263460296	0.431188842406826	1.56240129927982
-0.767783399166277	0.978482600937595	2.13281430819082
-0.767783399166277	0.978482600937595	2.13281430819082
-0.541758950335794	1.09819890681095	2.13089526671701
-1.76655466125503	0.8799226214858	1.3322966700633
-1.36119329444842	0.981503401467102	1.486178655907
-1.28025354892054	0.7942795135514	2.71857184635772
-1.6679886605313	1.02974973186875	2.34527571227921
-3.75405268174498	-0.240925862545815	2.32116972585556
-1.38726296335596	0.14410112304305	1.34423449556293
-2.29425492123879	0.540555450647162	1.68550100370967
-1.64971135868482	0.817937289495472	-0.61945568045514
-2.41654908911985	0.338940117568102	-0.699591289429397
-3.61343255057152	0.309996282683284	0.763069520585591
-0.637454585089623	0.190175655905049	2.51669384543862
-0.637454585089623	0.190175655905049	2.51669384543862
-1.1260229966205	0.492639057873227	1.60768765965297
-1.02281376474064	0.490450489803388	1.60333472291335
-1.02281376474064	0.490450489803388	1.60333472291335
-1.14621366750975	-0.0801775246328316	0.911154922081378
-0.839972065236506	0.019065439834404	1.24036397576755
-0.721204288426373	0.304332772516266	1.73096817224305
-0.364039367405481	0.129158299500922	2.22057222520579
-1.40249751599777	-0.595124075249158	2.4796605389988
-1.26406445865644	-0.0509840257737289	0.804540045795095
-3.22923652134431	-0.101311805588612	0.603514034620803
-2.09306191644149	0.0414194913934385	0.37486197302512
-2.14303694398816	-0.247106812576062	1.84181347347733
-0.59180557097544	0.460920726422233	2.36864704808427
-0.59180557097544	0.460920726422233	2.36864704808427
-1.42109911527884	-0.597191001001197	1.51844426776446
-1.85507043083539	1.50690109369971	1.17967506506882
-1.63389476583126	2.1461285251494	1.29089360596031
-1.13811659033922	0.19497908565742	0.593213939758578
-1.63989428201199	-0.067444966475111	0.52039832247859
-0.562666212408172	1.09768011833544	2.68491080002275
-1.44571755379702	0.73718476595016	2.30139041433003
-2.16741520394674	1.10225589790869	2.07170037098979
-0.984142270004332	1.79148471403764	1.65562877710309
-2.44942084688784	1.07893228485869	1.22736736107136
-0.600408490578194	0.0630269542284511	2.76746750349291
-2.15464643618396	-1.63551100975857	1.85232052281005
-0.862024355916925	0.200205268376641	1.77811000332769
-1.58212414829475	0.357650377508868	1.32444504204648
-1.97824084251625	0.352755398528552	0.701750266650874
-1.15582726686188	-0.0207725422084277	1.80887792284579
-0.581501551157224	-1.25361424819021	3.29044102874102
-0.183244418384364	-0.120330978378941	2.94961323844601
-0.363996242635871	-0.420212788223463	2.05344252191631
-0.909038443405925	0.671333495068254	2.30999185630832
0.48227012256717	0.396880832394936	2.49516649818605
-1.75929231652031	-0.713053617146832	1.11609466904747
-1.75929231652031	-0.713053617146832	1.11609466904747
-1.35516029940186	0.450496168241916	1.31538081708768
-1.66923593366875	0.531911475708152	0.207782359410811
-1.37162139915574	-0.627457307505238	1.80620039397107
-2.51099529127525	-0.347423517853742	1.25632669776346
-0.976596054564912	0.298933826415398	1.51487639935936
-0.638809373067543	0.897284790472168	2.49822922269545
-0.638809373067543	0.897284790472168	2.49822922269545
-1.45531935976655	-0.0968017311710986	1.56232048939839
-1.45531935976655	-0.0968017311710986	1.56232048939839
-0.546137525560977	0.160336713323575	2.49420276723296
-1.08714887811809	-0.635647635212129	2.21732149276515
-1.43641197203925	0.279527141660191	2.81357650859431
-1.57937241103211	0.571248456410731	1.82235660532777
-0.954579506206099	0.831205871300661	1.71452036844776
-0.954579506206099	0.831205871300661	1.71452036844776
-0.489433878797547	-0.862415417008322	1.97051563701051
-1.54940343221616	-0.605838023449918	0.989346880986596
-1.03268088229602	0.721961306872359	1.38826180751899
-0.863662798461	1.15951080204672	1.18272856702664
-0.81773166052565	1.69021022723131	2.19750919094897
-1.7241735091444	-0.285006077395152	0.848807184513531
-0.733129381996858	0.499828771474999	1.67753786713255
-0.767102270653268	1.30794449870389	1.94686402348727
-0.578723983175699	1.12508351999841	2.34957259195201
-1.11989348389292	-0.745060457270359	2.1162263291591
-0.300052033463836	-0.186093074749816	1.80956286115726
-1.04954819452095	1.53123112184051	2.55678605863737
-1.39932855999021	1.46406099919395	1.90920474112494
-1.88425677235961	0.128796013242324	2.86974385171103
-0.966322206092257	0.45774057828959	2.25962413092022
-1.84239685172081	1.5320968713132	1.63389879532051
-2.64681658909552	-0.645079747981581	0.404844332482846
-0.60301042877176	0.594789160780284	1.39826143840807
-1.46756447088633	-0.320193046956007	1.56009093648355
-1.27106175832647	1.07391951637617	0.768191920242308
-1.05544272632892	1.16630312828685	1.72526815684257
-0.818121981078562	0.957495008952947	1.68356582701778
-1.0952507046291	0.0908405295163486	1.53110984885186
-1.31143866084959	0.484072985886746	2.44221814275633
-1.51300452707073	0.0886414753925887	1.64708085834542
-2.09252882635657	-0.353128442804334	1.09821946228233
-1.82533755011107	-0.578679020776376	1.77658188663238
-1.89965379980744	-0.75972576870037	1.51299381182396
-0.796701825704162	0.370039692850087	2.57130868723131
-1.77448240748598	0.909856671401301	0.195863324275198
-1.90722527895977	0.560456197567373	1.12582436537074
-2.27868972997326	0.131702456478616	0.718362342142298
-2.27868972997326	0.131702456478616	0.718362342142298
-2.48820703495688	-0.991524949922185	0.145711106417876
-2.27028876545934	-1.14059803996978	1.31111796305499
-0.950871217498615	1.65000527523488	1.66777999316152
-1.85727394446836	1.14010514444064	1.95047157276247
-0.701968190785859	0.564880804703437	2.17189051364265
-2.09829855679742	0.0330930885510336	0.833263672849937
-1.59064074305367	0.158291094313576	1.20393411380537
-2.09058379462407	-0.605894503628047	2.43772365130277
-1.5820670517461	-1.34068283944133	1.26939700774747
-1.20802311204871	0.432799482515332	1.24300946165494
-1.03633357448659	-1.1672207577473	1.73466211547396
-0.890319301509016	-0.7903615875833	1.38622117029315
-0.729999016573221	0.540899404163249	2.11846807359173
-0.427111730241381	-0.569118060338009	2.57709717356059
-1.57850695527426	1.04832687871376	2.54740140293244
-2.04471699713367	0.535957311193313	2.24789021067885
-1.29745461833722	-0.054098799757536	2.15466722295507
-1.42204128873826	-0.0942257750021639	1.94720915527007
-1.42204128873826	-0.0942257750021639	1.94720915527007
-2.52647598841206	-0.428988628723011	1.59435593303984
-1.78536856845236	-0.371035840095874	1.53847212184571
-1.48109403253894	-0.568135348999425	1.38737113412564
-1.86089928132539	-0.127318767895433	1.94754458026549
-1.59710807341298	-0.572479150906403	0.679037873626809
-1.51948941692517	-0.765710790520865	1.2602275863671
-0.866709930188707	0.0890335469976813	0.483302149528799
-0.372526658869343	0.264639776236728	2.19192025213012
-0.463836743533433	-0.381974402752161	2.81020666152373
-0.499679805451958	0.245835999698483	1.94028018634029
0.460844804201531	-0.532341113637323	2.63678017257512
-0.905059487192099	-0.0548316370332796	2.65726422644653
-0.489916216675522	0.735735843244108	2.31962101656851
-0.311614502808969	0.0387996925814428	2.62886572645249
0.40613368804114	0.520161413480841	3.51791602739608
-1.7304615176596	-1.64730588299753	2.13579150460283
-1.56507205129681	0.16671916842373	0.494717728986939
-2.56369457862186	1.10444360917166	1.5194849633976
-2.02383856156877	-0.0139732585997074	3.6028179852314
-0.894057162984282	0.204748002182752	3.23085807291171
-1.48093155284403	0.0124695288467698	3.11738002000099
-1.36625573856217	0.087533700037331	1.00619412392554
-2.62519950577366	-0.267049051150963	1.68803788181019
-1.2579443798252	0.780474124355701	2.99740599744079
-1.97183749040738	-0.0413425737860663	1.38667920677942
-1.83570630365488	-0.139029258873732	1.47043051954311
-3.20332838302684	1.05563098422725	2.10953904371302
-3.08451234904784	0.0685142778733525	3.54309411946603
-3.22666801470368	-0.716715980101869	1.5416145851969
-2.87211326117806	1.81334595391222	2.0187016148328
-0.621732596647346	0.932440919480116	1.53676036844754
0.212503033786941	0.346012505429369	3.29969980765711
-1.51383658811013	0.275547092018349	1.82560610302858
-2.02744425266931	-0.329418143442759	1.45785093379531
-1.73728529350836	0.796220704971176	1.23916942810327
-1.06630646248178	1.33144834628754	0.0113411996980275
-2.1472171435794	-1.06493698482326	1.06045946791491
-1.19982691549357	0.824576140162856	2.17232431541308
-1.2168728540549	-0.201779926357537	1.48372922382028
-2.30271903625664	-0.692772379954607	1.23849696217436
-3.82703463908727	0.608416974524239	2.33755923533992
-1.77423512881733	-1.48784248660282	2.45387185787627
-0.907612478076553	0.0102076553030539	2.51556361896824
-1.68514986263383	-0.416446367181964	0.715940296220191
-0.861175899166254	1.39371835425877	1.69947053956451
-1.16438357778021	0.324143426811652	1.19273019327979
-2.12243095502751	-0.818650014858503	2.11586309384334
-1.38104644625738	0.225989372796171	1.25091024759556
-1.33937145636842	-1.163278253513	1.58816192658038
-0.662197013888475	0.595124363280071	3.21901304134722
-1.06403547495116	-0.213806314689072	1.97630674335492
-1.29731703664945	-0.999592058364025	1.86619411591679
-0.940672633372736	-1.65348059849134	1.85469949564888
-1.03708104001688	-1.08939509267566	1.88148072491885
-2.20659161185071	-0.235229127028834	1.24483384671118
-1.50654708512512	0.530205134081856	0.233917322037376
-2.0115891661438	-0.624110046049781	2.40777216882508
-1.19099117714717	-1.12737575433249	2.00635884524576
-0.656652755325305	-0.743224798492492	1.85007656901217
-2.32467523485281	0.750299589962373	2.66393480653179
-1.50650631226446	1.32945781803564	5.02437954413871
-1.2402344930242	3.12900475737324	2.22259533134443
-0.556970005230326	3.47499623203746	0.80571105920462
-0.424543037149585	2.40929686870344	2.46420600101
-0.610033055291021	1.85151012506302	1.75253889809667
0.179539297289785	0.806603240050275	1.94722256151697
-1.31326823066878	-3.36633228315803	1.7208469118917
-0.352568837850891	-1.13942629480791	2.59092758753022
-1.28444972950331	-1.46389120767965	1.82588038795407
-0.638556022903865	0.268732831022323	2.14770318273277
-1.08900613646936	0.673596851832003	3.2231144926697
-0.769248586969425	-0.00692296832462691	2.23313428850796
-0.769248586969425	-0.00692296832462691	2.23313428850796
-2.15563921364361	-0.966254217721856	1.39879273514261
-1.59827363687167	-0.163282684959589	2.27572500242371
-1.57809331952983	0.777001198754141	0.844436364336216
-0.647297336810422	0.680257145767255	1.2959611374775
-1.23556630816572	-1.11314163761511	1.80672360205416
-0.556010159889642	-0.11833644125965	3.15494897784014
-0.442453154417458	0.173489018071855	2.25326722431735
-1.03310285946299	0.197389403958296	2.92599378963993
-2.03204802283169	-0.633423207313533	0.930290922131033
-2.47238784931189	-0.302064091189759	1.84727634122696
-0.78267193812815	1.32510533193072	1.55898563559099
-1.23967467327362	0.109347854756741	1.28723036381188
-0.896531549745591	0.296775716152769	2.87458551089082
-1.56981045347681	-0.593417262687538	1.52612788745373
-1.69462984385375	-0.852502889881252	2.5418172121795
-1.46075735931276	0.75660121541658	1.8454552559752
-1.83686147413176	-0.577165219445882	1.52647155099375
-0.778901474728338	1.34959577831524	1.38391568840434
-0.342697346737953	-0.735464756664205	2.1714757088959
-0.766931406444096	-1.4858783485592	1.77424738084897
-0.253485292286153	0.617754490084775	2.09859699811816
-2.13736736021892	-0.259392664651549	2.13487825746052
-0.69420500217801	1.73938831486008	2.52401561488355
-0.969854797279213	0.962442617989433	2.21622186932994
-1.16276353529259	-1.14140755000248	1.61391810713313
-1.53757536451882	-2.30879870492153	1.08306475610316
-2.07970801626395	-0.231515353144507	2.28130224600104
-0.623435132185651	-1.87603183944915	2.58649063927828
-2.51101015900029	-1.60583220958849	0.295595306757776
-1.63344987155163	-0.97697185854886	1.53282973884373
-0.192213614323747	1.04615813730638	2.15859155255796
-1.64778904231999	-1.40257352529589	1.67309577917092
-1.30123200135781	-0.640376769568849	1.95491801134871
-2.59998290390513	-1.30330714533148	1.42086094978497
0.0441075386126365	1.11810199449234	3.14162110347197
-0.723540216634358	-0.40897891315776	3.1610375180224
-0.943961401573237	-1.7295850247322	1.81056219644432
-0.714165469466348	-0.580899886511517	2.2621917853561
-1.5778143726779	-0.211707633424088	2.56561855116851
-0.854276288178643	-0.310731465415467	1.86706874160163
-0.551973261551303	0.688132787664217	2.91770904805566
-0.760362793875843	0.360227224369089	1.92076624148825
-0.760362793875843	0.360227224369089	1.92076624148825
-0.698273724236981	-0.785664156220299	2.26797734646657
-0.698273724236981	-0.785664156220299	2.26797734646657
-0.533635180335888	0.372970982479381	1.90945655992422
-1.58890869844838	-0.704876358190838	3.03724185585035
-0.909509589345203	-0.165394837852732	1.80653830973709
0.11886265655636	-0.423318355298215	3.40978435517495
0.11886265655636	-0.423318355298215	3.40978435517495
-1.07199730321955	1.17294774039331	2.78884863500528
-1.50844974904993	-2.66011215432681	1.39518061325415
-0.791892476845542	-2.80944285319782	1.69146954845059
-0.84770917451426	0.417916635342969	2.24025927740496
-0.609657652194344	-0.097166770439417	2.72631892630066
-0.822794207425215	0.48687365465622	1.46055369028225
-2.04890549998038	1.63203850869396	1.71524611549178
-0.832213116640363	0.657270550800249	1.57890759455186
-1.16382139631727	1.49905902107707	1.11890529054244
-2.64123517267916	-0.231417585146003	0.948737023489545
-1.6432721085432	-0.516093850046333	0.911887041372079
-1.23928498892646	-0.650055233026388	0.929314580401963
-0.706966574319829	-0.734920449971255	1.89216366138356
-0.443152797988892	0.30413934617858	2.22269834908282
-2.10711954444221	0.362432477929693	3.96087286412127
-2.14288470548832	0.485136038733463	2.6286117026651
-1.43510758441983	1.72019134888558	1.40788093020729
-1.30240535875901	0.72913919022702	1.72066092540915
-1.70667509498285	1.1500464464514	-0.124098953920011
-1.70667509498285	1.1500464464514	-0.124098953920011
-1.72051119139293	-2.46081158969988	3.3425389167031
-0.355757290934133	-0.110835908392403	0.517912189441581
-1.44638604081088	-1.25793125142832	0.477084412913034
-0.586224637040136	-0.959473310975009	2.10542287613826
-2.76120188863647	-0.776106947369566	0.460016638471867
-0.548205736036209	-2.39544919184029	2.37498247404848
-0.548205736036209	-2.39544919184029	2.37498247404848
-0.951479644269855	-3.25010233053694	0.94441101045377
-1.50094601675405	-2.11809765038406	0.576812927974898
-1.16776918504872	-0.563792056818842	2.07982539480368
-1.02667166466073	-0.627329828369874	2.16874531679943
-0.303955406739378	0.722292157059676	2.12738497490901
-1.82976104463241	0.96285469513285	1.04262471723522
-1.92440055238184	0.0154478910117808	1.65795590282781
-1.86661749529593	-0.34425692840799	1.77361579087218
-1.80038586259834	0.208157347531582	1.61515041471625
-1.12485210350435	0.777731594788298	1.85681227304883
-1.48504947687628	1.13270918649558	2.01503224296796
-3.14335419780938	0.0739596282831796	-0.493158963309193
-1.63465205008837	-0.148231581573463	0.164114158080117
-1.19514053502641	0.529866486032869	0.628559172652536
-2.37485327099244	-0.066386129828042	0.841805232622031
-1.20841883779677	0.439099892032768	2.05148536524825
-1.20841883779677	0.439099892032768	2.05148536524825
-1.63827251472638	0.153641669845131	0.638886981714521
-1.01755651290901	0.755103916313481	2.19334099046572
-1.99043570213079	1.26698512344853	2.58069277509339
-2.03385905469697	1.73022341763695	0.912266428128819
-1.03569354586268	1.33619061264045	1.06613477860836
-0.0154680650563233	1.10043081840256	1.84791169294988
-0.617547769125061	0.560857587651353	1.12408778181482
-1.35257797463973	-0.381872342781782	1.23447525320182
-1.41608295634806	0.0616421196397434	2.00705378465954
-0.781414819743181	0.416434899228978	2.03889485976416
-1.39757944430987	0.587199855266219	1.32162411040632
-1.39757944430987	0.587199855266219	1.32162411040632
-0.995337240974432	0.714205393664891	2.0444212290323
-2.63689092773502	1.11201869335481	1.87813513669535
-1.38119898907042	0.735690685602369	1.26118077655652
-2.33385499539316	0.319942463011194	4.04579937084823
-0.290539919921856	0.336429912545723	2.83609246322344
-0.290539919921856	0.336429912545723	2.83609246322344
-1.02892753811911	-0.973029530602557	2.23744605890696
-0.787481306042442	-0.514241902220912	1.03481640602216
-2.10953396515652	-0.167453225001244	1.51689914516746
-1.46910539739761	-0.155142782731642	2.83929674714475
-1.24821077405434	-1.13747277890022	3.16062199046221
-2.25621058331132	0.995753946883628	1.12197843970152
-1.51679574134152	1.36363329302016	1.75746971865128
-1.1532644778744	0.222235301217722	1.09253806070059
-0.961367192984812	0.941551194094654	1.48060692913373
-1.2899226260382	0.178234862721335	1.73788958122381
-0.713174705419523	0.467606233940777	2.04575027407335
-1.1049539810795	0.0840814919500289	2.64800651592334
-1.58802408066125	1.62280316960391	1.90090604755648
-0.583238657276568	-0.35083786922397	2.84989062654509
-0.670244928118838	0.589958770589941	2.64051416027749
-0.990908302109008	1.15691500549829	3.46580443181703
-1.26470258556778	0.245652762816449	2.91619997554368
-1.64092058809943	0.6296319679877	3.06615323874743
-1.05600734912663	-1.84586016235586	1.71080381798087
-2.4069008932387	-1.11688936421303	2.44333965679701
-1.68227316949815	0.358155509412433	1.16692708730439
-0.61838400618431	-1.62237275435679	2.43622292901682
-0.600287737860369	0.0863765495975575	5.23854949847852
-1.79470700809986	-0.00826303205668988	2.45298109272367
-1.64417388105283	-1.34079762527187	2.09245189827575
-3.4967878887628	-0.508462158505913	1.49013318534163
-1.66937292206664	-0.282148288404013	0.871688183152352
-1.68228486989718	1.57776473395384	0.0511140283558671
-1.98133817982708	0.92950797802795	1.96645770370321
-1.74750044529977	-0.550533342623529	1.34087839918021
-3.38942130291728	0.75146832767311	1.91842277113399
-2.77400516822879	0.73165300356462	1.37354401133042
-0.211312376713281	0.847418344241319	2.02391449219807
-1.3159682702315	-0.18141955389036	1.31828986561945
-2.28597730187969	-1.18313983836681	1.03321707520517
-1.1702466315288	-0.484112272329604	1.61509826153603
-0.21740415525811	-0.822592405594678	1.65478667458922
0.104989994430595	0.0927627646201424	2.51910174888224
-1.03683472168084	-0.166451089842372	2.33759875561448
-1.90666068065814	-0.630735454100029	1.16148088124713
-1.87933693810685	-0.843024725230445	1.20609051665343
-1.87933693810685	-0.843024725230445	1.20609051665343
-2.85379638388096	0.827090195013669	3.14078222943603
-3.54344927161945	0.607853032622224	3.68922103405429
-3.50013038229278	0.298754857851553	3.25016571701101
-1.81581104948369	0.417342791717657	1.65781044196237
-1.47315670353163	0.80761783023768	0.645848998441873
-0.600354539385122	1.73909794765761	1.31043841045667
-4.38956248602359	1.51161484644189	1.3333987773089
-2.21888260748992	1.71254172389002	0.73308209240527
-1.44209604383709	0.320401321301225	1.57172310962934
-0.416794679826006	0.134832137342271	2.51218823289214
-0.591261470418936	0.852080549363446	2.00646055452004
-1.34382911419387	0.20345432041243	1.71576006872433
-1.00225470260015	1.25762132824757	2.0460294846848
-1.00225470260015	1.25762132824757	2.0460294846848
-0.205971031069878	0.432976413291683	2.9463500957996
-1.44165999925765	-0.644788504926108	2.01779327632533
-0.409480756793609	0.296605130915838	1.54478317354074
1.10012697954183	3.31985141352618	3.37867718099932
-1.24265046771276	2.23913569342624	2.74785269308374
-0.248787594725164	-0.635348178786661	3.01721856790605
0.45768435214932	-3.31724956634024	3.22133391853512
-0.481787698970504	-0.393242712528697	1.97691937414374
-0.745357754915203	0.781683379698545	2.21366939780266
-0.791062200330245	0.571401706470166	1.99973604407311
-0.305157310700612	0.502084387818601	2.78904601640434
-0.305157310700612	0.502084387818601	2.78904601640434
-0.305157310700612	0.502084387818601	2.78904601640434
-0.0250809155420203	0.659401573597425	2.84153867805034
0.224072876517725	0.248686750619622	2.67522798028174
-0.338082753302144	1.33048154997357	2.8854258654076
-0.338082753302144	1.33048154997357	2.8854258654076
-0.48437953542365	2.07246448885998	2.81423635038933
-0.263571514626398	0.578074177612571	2.06640050506553
-0.986050080968661	0.694702056689791	2.05020280298069
0.597755658371986	0.843315094800906	2.89107656262919
-0.611860139511315	-0.497867207677839	1.79389901247264
-0.584049829140227	0.0153787763618373	2.78985231972736
-0.689804235792551	1.351407644393	3.31983295753931
-0.355529029575196	0.807322913875668	2.08827169242384
-1.78253932595423	1.33779057209362	1.94473010826159
-1.33715820990533	1.75839477892114	2.15718088467972
-2.04975884877167	0.396808077889816	2.48631123732782
-0.822582539323335	-0.00929620303486733	2.09656997503293
0.0726381069125298	0.775280274529173	3.52113588241113
-1.25899870119058	-0.221689542124659	0.751279957654044
-0.397934620850154	0.478971099740372	2.09416181616731
-0.247435027794084	0.290541997852453	4.07502664003226
-0.458508238565535	-0.0605412263982448	2.6028711622744
-0.461369339708124	-0.668397302907103	2.2849006070899
-0.633683805946826	1.4814160318121	2.84348224662394
-0.135656244992672	1.10527790873706	2.97629097025811
-0.831606704955859	0.953173775794891	2.32324501373751
-0.744967428395346	0.937498363215269	2.61628791000491
-0.0286614021041124	1.89125955792401	2.88919711988627
0.0414863518156302	1.7536895770845	2.03074397667928
-0.511260459725376	1.71265882071431	2.87712622354951
-0.322925809994558	0.100782167847056	2.76950413173641
-1.01567279778661	-0.115011570314629	2.17323612700575
-1.01567279778661	-0.115011570314629	2.17323612700575
-1.01567279778661	-0.115011570314629	2.17323612700575
0.0165036060067815	0.94223887662797	3.11703685975124
0.0232456127832881	0.1628502525955	2.06095301990299
-0.685408011958826	0.817060778581519	1.58934900248616
-0.833481093367529	0.969969311029809	2.18612543803715
-1.67316120231584	1.27295823770482	3.27322051970373
-0.50274330766906	-0.28766952844616	2.73522300821832
-1.26423797119536	0.176626944992437	2.08754779911592
-0.694579465832977	1.28384589358737	1.40671433006263
-0.851104612312596	1.22730403440871	1.48771575756051
-0.348716514617327	0.279810415808074	2.59303125144206
-0.44556778410687	1.0981862358218	3.26362699518777
-2.684049711868	0.818424338214581	2.1393096966677
-1.66665264661743	1.18400223222674	2.56516852366821
-0.445910358179027	-0.244355765768034	3.22563999661418
-1.54993615449635	0.994158903290971	0.660235322918446
-0.871218476884067	0.669735159384185	1.51533875850739
-0.572415890219472	0.857907837653233	2.32382289612777
-0.811931480917203	0.89237653804667	2.78728096439825
-1.41088042232132	0.742844730627805	2.03922353629955
-1.41088042232132	0.742844730627805	2.03922353629955
-2.35101619513595	1.4536704987337	2.96401247653523
-2.18910923656562	1.35385232080449	2.76984273533402
-0.246946932046168	1.89360531154052	3.35381668750403
0.274768048059995	2.32352960654863	1.43094605188191
-0.670329714236512	2.12588031290715	0.602998778413264
-0.761636396960397	2.12660355289444	1.31810182350087
-1.1658021140374	0.290732627804552	3.01729938653018
-1.37178027811426	1.12740985298389	3.14879565529924
-0.0302055142635388	0.895159588835346	3.67312387684542
-2.05360422140328	-0.823107181668588	2.66126862741775
-0.175005656302122	1.44626370817975	2.35673218026635
-2.56767617916823	0.377722389868089	0.958654417321311
-0.435364885165994	0.694267189775594	1.59500601775076
-0.447364929270698	0.817199120835164	4.00549796829321
0.320055026918304	1.05022763184759	2.9503495364465
-0.846304241397163	0.362875683728779	2.36275787891566
-0.846304241397163	0.362875683728779	2.36275787891566
-0.150676567542594	2.25452546858439	2.80051378485145
-1.3847775188625	0.374843109716842	3.05706588735686
-1.17695756579964	-0.206639924195188	1.06199695179831
-0.277742691061951	1.79411092074038	1.62926722815476
-0.787889131640968	1.22850567875422	1.61361723549307
-0.45612029234207	0.891182216955768	3.02055185967156
-0.45612029234207	0.891182216955768	3.02055185967156
-1.02528280628039	1.43069175712236	1.2784142461995
-0.789264066499403	1.82258440197099	2.93588246758553
-1.42959286469901	0.34345909181171	4.13829543603121
-0.3066657516856	-0.995919743701919	3.16905014418419
-1.08928094756553	-0.489194461933674	1.71472976305852
-0.360854833491324	0.438449447100169	3.20298636101883
0.517158192635689	1.47023187558105	2.17003635101605
-1.38078202227309	1.07308264293348	4.29169128715667
-0.425681636338657	1.00750909623003	2.52122176321852
-0.873767427569698	1.78435311044741	2.26417437982905
0.341947580579983	1.04933746387018	3.97635138591566
1.04954220942842	1.83436597913638	4.40487008676311
-0.116834299570899	0.797339414433131	2.77653677452216
-1.84855177195556	0.853516309628266	3.46956431845939
-0.675877019572263	0.766842978964367	1.82446918919965
-0.774910715981445	1.00609140315735	2.84232169390862
-0.941154716812719	1.15542124808226	2.21974781197929
0.329047097121486	0.61058932493663	3.93885649518538
-0.591510368159239	0.0170542689510356	3.06321563565283
0.303579682255193	0.331669546511067	2.98692442601297
-1.27836233065961	0.877884990054698	1.11263742408114
-1.16943166760571	1.00983214060992	3.40207554799554
0.0549829200222874	1.25334950873235	3.07850083092886
-0.722022717985629	0.975512093514876	1.85845545483082
-0.27878321510552	0.626705848624441	2.77851105070251
-0.27878321510552	0.626705848624441	2.77851105070251
-0.112591260864868	1.14062252751835	2.77810533724848
-0.377439458214615	2.12903436201923	2.87188930917753
0.0706525589702116	0.637801735864399	3.14115795048333
0.0148503201846541	-0.258693512168255	3.50334349756276
-0.491425763090316	0.782665011526291	4.53328325855966
0.521039003243899	1.25680076703556	2.48602487316519
-0.201126569997309	-1.25931425164997	2.91982300229736
-0.365598505239641	0.658085446299755	1.9654811311805
-0.777141331768781	1.82658143115203	2.12322143523715
-0.226272414693724	-0.468028422724201	2.55984875491801
0.377423696544727	0.476352462265712	3.4399658171176
-0.879850460476867	0.7694012017955	1.60970554740528
-0.167237206244078	0.678016888993	1.67418796046596
-0.567602760079277	0.433010238213238	2.88635581814663
0.301493814767241	1.74177203134369	3.48113025402261
0.0650297949046472	-0.0660720293868009	2.25593271582119
0.458336376851288	1.17521441338062	2.68517051266613
0.066055954296887	1.47661036755033	2.43206738677678
-0.0584899329444853	0.412496771630239	3.41279292540319
-0.184435688414666	1.2539798497842	3.55539510555015
-0.295987318376735	0.941369720036102	3.77592413058912
-0.531219867845575	2.19621454952867	1.7918303839243
0.0468628656552892	1.31279084846352	2.69229834169267
0.147225201811453	1.20669964889495	3.06244256647504
-0.124153494626458	1.08349134752696	2.33655160128748
-0.79288950397306	1.59957740022556	3.13402780984678
-0.149092728995773	1.47422930402631	2.72895334741438
-0.149092728995773	1.47422930402631	2.72895334741438
-0.634006264873399	0.615551434193197	1.54315440519645
-1.99126858035326	0.104869854937723	1.35603677178742
-0.766384887246145	0.0345998412249831	2.22258072544938
-1.25742959283769	0.942281385959717	2.08802600329878
0.674266900243433	1.97589134145612	4.14565553436024
-1.03511990621116	3.23418002957836	1.89991612248062
0.326476148421921	2.20973266608984	1.5798728362063
-1.08054954948939	1.41725325232579	1.70999998985147
0.106561125777073	0.932470699219382	3.55961119447721
-0.634171883517329	0.403156355704011	2.36443820876271
-0.634171883517329	0.403156355704011	2.36443820876271
-0.604274178815823	0.976303092123393	2.2868420495991
-0.818335291345311	1.30317243392009	1.84487372705853
-0.698620633182308	0.962402122413494	2.54399139424857
0.267097042378709	1.19073869245364	3.76730032887877
-1.36133731021025	1.48427880412094	2.30079665304243
-0.315072850131081	0.433496794263329	2.04311394059195
-1.02133055431797	0.0933379117106307	2.7566275543411
0.0674726696848903	0.612423205831423	1.98539035847756
0.498220428128316	-0.208978432870341	2.9456849489147
0.281954669605137	1.31690531265738	3.04666030565726
-0.126421875343567	0.734930260358958	3.16248934120958
0.22379694898121	-0.126840058424823	3.11562952125994
0.627866722151135	-0.240183048140629	4.04829048958035
-0.0418155445816153	-0.264317587471446	2.06725155415258
-0.562567916821232	0.369167400537824	2.38617213641615
0.0456723847870771	-0.0449480894637515	2.40113791658018
-1.64817561606928	-0.898817287793091	1.88072053164401
-1.12956356614332	0.573779202196941	2.057296445636
-0.877036797653975	0.960039514334499	1.71921180314252
-1.060462119668	0.204534501462165	1.15096254587917
-0.490617959756653	-0.573926594147623	2.38650706084815
-0.291431167728128	-1.69017653965523	3.07199371664826
-0.27481989208144	0.827339555530318	2.76231915800746
0.333466209656321	-0.402580607431859	3.7822851081762
0.679344592149205	1.75463414363693	3.84680227289428
-0.374638343893839	0.957715252936325	3.12306481320814
0.397285926971411	0.562227987713528	1.92784041661267
0.787661716413194	1.7675917654322	3.81192897492921
-0.989072085448319	1.03093963097155	3.45365490672618
-0.360710329509317	1.24157926255869	2.76022597257971
-0.293659714432515	-0.615000631236831	2.33901446568788
-1.26692277506427	0.335144625776643	2.06294987973018
-1.00660559618219	-1.07327808818019	0.725129886812896
-1.29936334817353	-1.16655538242666	1.40929434025605
-0.859477912779686	1.08236280001974	2.49826541996748
-0.859477912779686	1.08236280001974	2.49826541996748
-2.38445214227544	-0.1255175350447	3.06642411709229
-2.85699844945294	2.63037641019797	4.06991306642649
-0.318507106605195	0.721719594548229	2.54240277140442
0.354590128416883	0.55492074390154	3.26625993370567
0.818350931377825	1.6714695121496	3.10903502648201
-0.33390830327012	0.763797115136522	1.95085126769166
-0.414312979646057	0.880514774703519	3.3024504547903
-1.0007207717282	1.80900217256692	3.50437713634107
1.02328025393579	1.02026308825575	4.25304317025956
-0.509832722045721	-0.896233475090158	2.47265527260346
-1.89055830327717	0.309604833785066	0.873711614315143
0.823748690544559	2.15054995586473	3.12033325407155
-0.426877759512447	0.317418393335993	3.7658452994716
0.165697129538927	1.70836813262432	4.1173246576531
0.596247626780632	1.80960253143027	4.24922565621277
-0.647352467564149	1.69334029305636	3.14452240893457
-0.500317207137117	0.622382497008425	3.29523715703807
-0.500317207137117	0.622382497008425	3.29523715703807
0.048203616390773	-0.2257580106563	2.73672255133923
0.613490036301193	1.1231069052224	3.35197649033585
-0.666560436595173	2.98172318286237	1.38859823462825
-0.787354382293098	1.23019941664112	-0.901594177038292
-0.740555355383033	1.6404664934595	3.18091438787607
-1.01075098845648	2.94475695841269	2.88301315397187
-1.28793325674425	2.04267803936602	4.48438504128903
-0.774877321420106	2.89176707865044	3.06233671520017
-0.399606618218548	0.806471353303679	5.14915378597256
0.00894292279142239	1.68770641314009	2.99462375044445
0.00894292279142239	1.68770641314009	2.99462375044445
0.00894292279142239	1.68770641314009	2.99462375044445
0.620744526849445	0.335384309238591	3.57186821898351
-0.192626768890113	0.38165726645461	3.30835533095284
-0.0113372438186253	0.294555272790553	3.06987035155323
0.275250563053815	1.65156855040936	2.51845673138152
-0.337544749624783	1.50718360004997	2.2423736072086
-0.768619616113	1.19155004166715	2.61318649169275
0.0061364694949646	0.918054662997597	2.22917723474297
-0.297673158316267	0.283477469143796	3.55254236351042
-0.435489964683405	0.421989755764925	2.94905751650846
0.0554000065595347	0.0836711612234344	2.45043265116795
-0.00581741260644417	0.570871953677905	3.06946528541981
0.0810237301651748	0.865151925545169	3.47017072122635
0.0810237301651748	0.865151925545169	3.47017072122635
-0.703873710513767	1.51120612440788	2.85978516775293
-0.608924083657493	2.23866348534625	2.56433165084641
-0.103224431051993	1.44850263757383	3.64744159184832
-1.07791332912752	1.56961310237127	1.77977242338659
-0.963422554307702	0.967658017604755	2.18655016593388
-0.443389160051368	2.03916625363913	2.45452042403518
-0.624278470528941	1.62026979038558	0.81144014660014
-0.326553089908148	0.158969658972481	1.42144855015838
0.283185370613213	0.187055676521461	3.60401227950157
0.283185370613213	0.187055676521461	3.60401227950157
-0.263373885818452	0.970364423949632	3.81476379755352
-0.263373885818452	0.970364423949632	3.81476379755352
0.311603572621275	1.19616826081078	3.66574858985947
-0.0586531953758299	1.61192945567619	4.49130918911956
-0.596166146186072	1.98751602254781	3.04109570598922
-0.989079988660188	1.45542716285275	1.47737989627159
0.157830028928149	1.82036212617803	1.62812226834814
-0.117158892021329	2.02661797883999	3.07142440149627
0.0101566816799961	0.134411032311267	2.80621051546966
0.851809143354263	1.58524555550965	3.59455253344482
0.439149892362225	1.68254202930382	3.74095846074207
0.22206382361814	2.23469541837268	2.29452521361098
-1.08082511612814	1.46192674520416	0.410234235590384
0.487940622701104	1.2272749868295	3.54329675649769
0.487940622701104	1.2272749868295	3.54329675649769
0.404632239000996	1.57702632887911	3.21383646191028
0.993835228964445	1.88932326381051	2.71292408229001
-0.335951137062364	0.404168161508402	3.21999849970018
-0.746837352129843	0.781368143020734	2.64680517766464
-0.350823395114256	1.95426276759601	2.11376563369319
-0.0908049401018629	2.80487924344872	2.73906892285052
-0.439470771919765	2.34427123013015	3.11548123764662
-0.134139519909223	1.71635022322661	2.48200905966092
0.308532078158423	1.78107408951777	2.34473002313386
-0.411768637654532	1.38602775440909	2.22281730896204
-0.732779968059252	1.41828917671262	2.22097583212076
-0.724535364775293	1.58552666468327	2.37174728704265
-0.846793521502613	1.38392217796967	2.26522011714863
0.170296711150205	1.06110948565826	2.41655147080219
0.118230822562267	2.08537836433273	2.85050717419444
0.58653668717644	1.664650833048	2.82966140467357
0.272782818233214	1.74863744336216	3.03002022744611
-0.108325718650593	0.335679713285466	2.88072197611819
-0.765545965014684	1.31023671906424	3.33012653709436
-0.473579893462169	0.793255542892291	2.52286814530787
0.212740164385992	1.28000637053722	3.02201047051053
0.226562341994149	1.74051021319942	2.71260995329847
-0.736936613275422	1.34389027816329	2.4623056508602
-0.736936613275422	1.34389027816329	2.4623056508602
-1.16531746322745	1.25120048044652	1.98846672695175
-1.16531746322745	1.25120048044652	1.98846672695175
-0.792678121055114	0.594922152006607	1.27827727605607
-0.857064536278412	0.898277198235274	2.1492183371087
-0.420280254505054	1.2633154030358	2.44915810400573
-0.933944225533084	1.58456907410731	2.76047292858274
-0.500915611871409	1.90953254576035	2.11376133220394
-0.989016486508697	0.497486708667288	1.70398222851638
-1.12706950971766	0.955944919469381	1.81822789203964
-1.13406557368112	0.742464633609345	1.60649736180471
-1.09872311080422	1.186621219163	1.51055740177164
-0.915259612532823	1.57496849618721	2.90447246892156
-1.33676591798595	0.740461030216684	2.54739759977269
-0.373386523968558	1.11406831624897	2.68483654400855
-0.906363852858795	1.14161890066064	1.70629234525354
-0.496796367220158	0.193913197160397	2.28351203381537
-0.524164037606884	0.304217577544539	2.19993306706119
0.382013889486927	0.708377994405427	3.31734668795815
-0.262938292152155	0.698876173424252	2.68517183333211
-0.553624438611624	1.00221200169779	2.16267071464307
-0.553624438611624	1.00221200169779	2.16267071464307
-0.553624438611624	1.00221200169779	2.16267071464307
-0.553624438611624	1.00221200169779	2.16267071464307
-0.834692206184567	0.861797317072755	3.22373157470596
-1.21575030655241	1.38003931260506	1.64308973489911
-0.687351548269381	0.287208727036605	3.00540815656974
-0.687351548269381	0.287208727036605	3.00540815656974
-0.687351548269381	0.287208727036605	3.00540815656974
-0.736798887854075	0.892479647032733	2.1957080271389
-0.98400360055736	0.860140914617982	2.47673289744915
-1.54466233384108	-0.224401794049341	2.24887199932205
-0.154136019424089	0.960517289492406	0.832373746274362
-0.990596376651401	1.09776948800296	1.5945945551466
-0.67267095444066	0.757969578310826	2.48908658090041
-0.67267095444066	0.757969578310826	2.48908658090041
-0.172447159600282	0.389404135681776	2.55298680079355
-0.999518626406645	0.317278322359071	2.72047146773067
-0.873524207998568	0.264881474476949	3.46943309338412
-0.129409489433907	0.178633122898601	2.69446763599715
0.373104213100894	0.76616709418241	3.54587203561422
-0.408022222559372	0.808253381409592	2.20622655771403
-1.13963483421786	0.0663741244266784	1.32132199912293
-2.3011724029761	1.28054193603366	2.3074223271934
-1.55828779622841	-0.955937458608032	1.52909167922245
-1.55828779622841	-0.955937458608032	1.52909167922245
-1.52501974018629	-1.6627190313309	0.709803012415033
-0.646267980339845	-0.533454171094734	2.77457254358865
-1.8160974900927	1.46998114027506	2.9744355813645
0.0959455456942306	0.868057196763221	3.37060797311544
0.125936896167484	1.10946678417579	2.68466573886778
-0.561801212405909	0.528244370558924	2.45953314426853
-1.12713355107741	1.40430189186949	1.60185858950912
-1.39101591751385	0.518555972031403	1.05713455548273
-0.360859533477101	-0.0480740811988056	2.23936670512074
-0.686803715589172	1.11997684146421	2.46196605751451
-1.68800155270433	-0.482067909170505	1.18897569958945
-1.85716003267113	-0.134533548312459	2.22031548980494
-0.61405884594511	0.0683955733583581	1.45461551999637
-1.31332014342104	0.27096473743509	1.38680568444909
-0.0666252917901726	-0.171547087886952	3.1378055278061
-0.571521408235765	0.241009156500431	3.096036657647
-1.18933078298518	0.0445540200236709	1.8104160732277
-1.4332712897979	1.28054829318594	0.857312439657166
-1.06464087039407	0.381973210090158	2.31429629499723
-0.248036094559092	-0.656750067235995	2.01834541252562
-1.36735520213597	1.04505800051173	0.230833889909229
-0.708752024860306	0.218753459549451	2.19451236648476
-1.52080599828643	0.838949931403309	2.44025995629483
0.0185172777740896	-1.11518164413687	2.97885040004583
0.0161521693177972	0.268845996549149	2.30475661792837
-1.43091740670689	-1.4600912855268	1.80943281290278
-1.60482908857993	1.36894410213417	1.43603274892845
-0.411328252888424	1.44691185310714	1.51940816792307
-1.2905800280018	1.2581425720217	2.0556178023736
-1.2905800280018	1.2581425720217	2.0556178023736
-1.59881597834187	0.16635893683481	1.68450456950904
-0.467205776467062	1.43905744027266	3.39354160414505
-0.404216801101948	-0.394567586632109	1.84036407071999
-0.340573177958182	0.829534667108896	1.59018220830822
-0.300303194799012	1.37792236991692	3.35781037925688
0.640448219753563	-0.559680180775873	2.36170884805276
-0.861226865007404	1.03580226599984	2.45017779417903
-1.17199075908076	1.69902772704266	1.36237968548251
-3.45211553046223	-0.0362952674487733	1.00927653590929
-2.48271149322307	0.843369075761883	0.924801527316975
-0.9729076524755	1.63711884200554	1.72330529457712
-2.29290632579761	0.0791052219847025	2.53212601922305
-1.75678364244695	-0.513658023030766	1.54000964103067
-0.279169307055035	1.43838411667713	3.36114135550315
0.559061447433301	-0.672970707415976	2.94704147330068
-1.52074568328361	-0.660933286623881	1.96282368441966
-0.495828958040357	-1.23742059338124	1.94577581752788
-0.288544209682964	0.48654412821404	3.27881813063246
-0.758526102923852	1.15112373180556	2.54441079923433
-0.567082824371927	-1.03451521470272	1.99110528392931
-0.316307759654788	-0.584922187144424	2.57431852434984
-2.14672570173203	-0.423986135729552	1.72755816182935
-2.34366473782511	-0.195345605714587	1.64059822702618
-1.69755492717046	-1.28261098072597	0.49052903374995
-1.38011909342677	-0.860226410934399	0.687306295971355
-0.299966315159532	0.843194251612927	2.28645089670155
-0.474560090962897	-0.644056612998511	2.81648279708544
-0.192649446628456	0.529562782491274	3.01689856930089
-0.522570508489977	-0.802551602958901	2.54637712341671
-2.25394119542265	0.0263661129627098	2.2431281818395
-0.24965935890065	-0.576738492887369	1.94404801748277
-2.62432406003439	0.12286732267669	0.882712875900072
-1.42986839709624	-2.28256768749728	2.23393510527383
-2.61669670882684	-1.9187048119102	0.87786668516176
-1.93979337095537	0.159045126119096	1.36763528402087
-2.13494329064563	-0.260595933382894	1.18713425747026
-0.769689396656061	-0.674267255211938	2.43004611330368
-0.769689396656061	-0.674267255211938	2.43004611330368
-0.769689396656061	-0.674267255211938	2.43004611330368
-1.09057227588006	2.14859548966078	2.49006813733412
0.185090152471319	0.0788209217193682	2.96944468327125
-0.0695658691625634	-0.218990548784841	2.64573920499464
-1.72772970352088	0.591113852151516	3.00656898605659
-0.621952876399853	1.00113020341244	4.41209021167815
-2.03975660264134	-0.357751927493058	1.60772086078005
-2.00449185101922	-0.110748216996717	1.00518778693786
-1.15635350606273	1.61355825830839	1.62832432196621
-1.7617887747737	1.01906725964276	1.09681087638245
-0.630920690693901	-0.883215211864581	2.70165232271986
-0.630920690693901	-0.883215211864581	2.70165232271986
-0.630920690693901	-0.883215211864581	2.70165232271986
-2.11024139164944	-0.424756326140135	1.69950142426716
-1.14609123209462	-0.396108411081548	2.95059271779344
-1.15419927069912	-0.11577525247313	2.6527291105397
-0.173961481429295	1.26739723028102	2.86144791808394
-0.493039791557457	0.47739912965988	1.60102132312376
-0.201305713060954	-0.540293548144914	1.69921900619873
-1.60346307461141	-0.895169447067216	1.20697472577965
-1.85397875402359	-0.394928540309576	1.87991804314522
-1.14296781823677	-0.276525688296165	1.85035392991903
-1.9536456403838	-0.796393767243484	1.27351401438532
-2.45406465558802	0.679588947629278	1.31744023006823
-1.58436778271607	0.552216135468282	1.47726140319195
-2.12694117604146	-0.328682716927483	1.34368639266268
-2.09748699173544	-0.154676689625242	2.12371828039598
-0.538424890651682	-0.569734576804192	2.22377926928133
-1.79088205551572	0.789665696474093	2.10789776375658
-1.40735779192511	0.00487661401332035	1.62088293287433
-1.85461440037217	0.662734890076068	0.755101985005329
-1.2854726602068	0.502189972678018	2.99215570690384
-1.25647024412633	1.54100499506479	0.219869815766083
0.0333368586260896	0.197377844117741	1.8121650442445
-0.687578090338979	-0.152825655760974	1.96245626950958
-1.99477687960038	0.39329035293208	2.50566161171213
-1.38899745058062	1.38555750568252	2.73129103805976
-2.40531145300816	0.496708892825344	1.97978513111069
-0.908312516672324	0.420937919348859	3.02037361782947
-0.818722943601039	0.425520833257152	3.58005290727785
-0.603011139927351	-0.403287285650314	2.6358415591368
-1.44033825189399	-0.153697510967913	2.09142320835681
0.21904156105113	0.801413960633482	2.58908559478889
-0.884633535268833	1.52154409738093	2.95287009974103
-1.22855945229618	0.992445367136525	2.15235400793075
-2.50680511028963	1.30228502746825	2.1707967464614
-0.254969711648672	2.4149643917107	1.72109380841914
-0.956314369030357	1.56395676927947	2.20010099418731
-0.832765525367324	0.73827909308391	1.89774499305036
-0.703385780072968	1.178047799028	3.52990584057266
-1.48186145407323	2.29293012447129	3.00252967996249
-0.693597552748764	0.0990270918893792	3.1880308686845
-0.372609151570209	-0.419636310807952	3.47893676606614
-0.83030002808543	-0.244512698020444	1.7993257487479
-0.681088416488934	0.509512082350847	2.07994531997047
0.513209428513985	0.684830666735746	2.21532654537168
-1.2399905549683	-0.640393943149592	1.66971066494037
-1.92737421373033	0.566390768061082	2.7384941132525
-1.2912118726535	1.991361183818	1.59251408646928
-0.42953814296387	-0.293885712448574	2.84494019008512
-0.216097997853262	0.784374569131913	3.65621423572617
-2.11308406692294	-0.671121169643141	2.17695586115764
-0.568648369180959	-0.636410903374525	1.58744317401858
-0.275108118847137	-0.24783336140203	3.18111097233132
0.403311338662389	0.561168968007999	2.60672678512538
0.434068068913054	1.16870601812532	3.41347810024607
0.201751689732563	0.909582788201051	1.74443610128314
-1.38340506336243	1.50266104713088	2.0085421902681
-2.37888142207529	0.515094168867302	0.19302664892268
-1.47505717923722	0.177462373201385	2.51533788858969
-2.0081591780803	0.0719483554127855	1.43366713774199
-0.48636205404355	1.16863553802941	0.764476269603562
-0.459752187513641	0.426401664398514	2.94243438710157
-0.459752187513641	0.426401664398514	2.94243438710157
-0.638311004345495	0.363860206230683	3.01292985103843
-1.17503611162385	0.58635885326131	2.02159851544131
-0.149025730874097	1.05585549897174	3.6578604932566
0.615747891073246	1.00265847781755	3.72322773400946
-0.75468586058831	0.844946060628899	3.02386366612542
-0.170023741073724	0.514893592843828	3.0263724471815
-1.75923982385345	0.645449186885108	2.94097700827708
-0.711419451363691	0.0930092714309822	2.74868314336583
-1.33143102775671	1.34206756725929	2.03039159390851
-1.16167407494904	1.54000206759675	1.92437587388404
-0.883597898983519	1.43883610178954	1.86993010845598
-0.672440219109191	1.19511660786315	1.96893712024902
-0.672440219109191	1.19511660786315	1.96893712024902
-0.841440177519469	1.63167817270288	4.4012843804029
-0.0718947639491724	-0.360684263356425	3.24228709133115
0.428250658662021	2.77056695824773	3.82918269260481
-0.708813533411433	1.18156643728479	3.145913788032
-1.1477457930034	1.24258985422859	2.6212168207694
-0.478022139462517	1.41381442373524	2.460755667677
1.31909609625965	0.0847538405743716	3.03469559241591
-1.75265075012711	-0.185237153340767	1.83893895833285
-1.318618488274	0.311287134086427	2.31422029071541
-1.20927733563995	0.81629778494783	1.90796921372404
-0.915129268088628	2.04481160067032	1.7693843773302
-1.60610779720946	0.922283981119077	3.38980516302528
-1.15220931733919	1.62098094535728	5.00409626978531
0.0167600334886069	1.32962297536613	3.71264013715695
0.602390928275721	0.790665503395867	3.62594417587154
-0.14617712257845	1.26937587797682	2.32649311785351
0.48571813700577	0.602482255019631	3.07845713244048
-1.27161496928595	0.333646804288515	2.56547152925511
-1.06270850599456	0.758496842399255	2.26856908309798
-0.606629650509978	1.02159955590005	2.32958977594939
-0.606629650509978	1.02159955590005	2.32958977594939
-0.446195175119133	1.17615357102868	2.07580765343287
-0.399497298533495	1.30958636018318	2.08895802598397
-0.399497298533495	1.30958636018318	2.08895802598397
-0.399497298533495	1.30958636018318	2.08895802598397
-0.418499838607414	1.12704626424752	2.55742611020794
-0.418499838607414	1.12704626424752	2.55742611020794
-0.536800878873303	1.01137271275459	2.10203760360523
-0.536800878873303	1.01137271275459	2.10203760360523
-0.0320490169248613	1.98535402497404	2.10003554710949
-1.48379927541252	1.80063275534683	2.01938584301718
-0.72837598225271	0.303576406995002	1.7909921786214
-0.672566786291348	0.266563021861554	2.08146632193391
-0.672566786291348	0.266563021861554	2.08146632193391
0.642905293055166	1.36065060531643	3.03747694254788
-0.882116415829979	0.615109020059435	1.83798798861066
-0.478265928240643	0.547468497996723	2.16576014102919
-0.340449114739884	0.125809335522448	2.96493676051553
-0.340449114739884	0.125809335522448	2.96493676051553
-0.432396517539232	0.659426109049366	2.82355151165802
-0.432396517539232	0.659426109049366	2.82355151165802
-0.230162122396158	1.55636681576175	1.74716228113214
-0.987339286206017	1.25323085708122	1.59804646833013
-0.721867157554306	-0.0657014658667278	3.450869732469
-0.277006535315417	-0.458781213365408	3.28555267240381
-0.692318142066113	1.10448045446208	4.07178048712199
0.458233632143186	0.797351474738804	3.04765234668823
-0.67316839136808	0.412792657523684	2.37528786207787
-0.658956040348594	-0.505046108322489	1.41707857845292
0.69237442684245	1.77470585403278	4.12413880422107
-0.0341933661542491	0.445076306244427	2.85448168866587
-0.0341933661542491	0.445076306244427	2.85448168866587
0.135595416709102	1.14353252946426	2.29073792255362
-0.51813553217234	1.79398252226717	2.30557389888959
-1.18528546419329	0.829380774161428	0.909039201349002
-2.09994816283445	1.23637029356626	1.50813086159365
-0.152794666251063	-0.0935827545381086	1.57179919614602
-0.551042595786491	0.177317309150238	1.15520113228281
-0.750610499488142	0.774606190723005	1.82128967609462
-0.595732891872719	0.361327271527066	1.12448615431594
-1.6896150945902	-0.322624586388815	1.44633004368789
-1.6896150945902	-0.322624586388815	1.44633004368789
-0.0509633178121135	0.759657973810225	3.11880347306678
-1.43202135014715	0.426420343196793	3.32648366733598
-0.773613808835748	2.2634770354789	2.90838151358404
-1.28830759496432	1.00455889667693	1.75392594567961
-0.802442682216617	0.858532477028849	1.85162898946422
-0.135665715898304	2.80180540515448	3.39181197755588
0.52707999157062	1.2280391455557	3.95757292159156
0.52707999157062	1.2280391455557	3.95757292159156
-0.331195529154703	1.98748396793788	3.00351497108535
0.00943026464651875	1.63123251640555	3.14130117931222
-1.17475713186342	1.39538039120311	4.10942251688145
-1.05231679736171	2.24708484794125	2.85342048635839
0.534486939943086	1.43034871131285	4.22341275120326
-0.404761599012457	1.4172520989597	3.15608519062068
-1.40006136459511	0.679714718821743	2.46770362540667
-0.58468559830742	0.540722088135267	2.22639465157084
0.0281787174793309	0.581580744244945	2.61434926959265
0.0989518234771195	0.612750592442196	2.67589574254793
0.300482604036872	1.14582817651307	3.25435833444926
0.00472786240058547	1.1945497876672	2.60314619725926
0.325833497733703	0.749324390200464	2.41266180122953
0.491050963339696	1.59176357022103	2.94486780379027
-0.457030339067586	0.699906154107696	2.1561604147331
-0.998320563156484	0.57746303461677	1.84868237316935
0.0852973121406627	1.15894984887383	2.34856007012926
-1.69446387123715	2.2645803292262	2.34002548470153
-0.407446964058083	1.56418911120965	3.08788387761742
0.376232086081699	1.11870648025711	3.14256142733184
-0.517114305953871	0.88493449479009	2.50687811759336
0.264914481453666	1.90272684897566	3.44623790144457
-0.636896836106343	0.590848970119836	2.24080413554021
-0.087233256362362	0.737967225664411	2.0154584077676
0.295395335073284	1.08205421185028	3.23019130986061
0.295395335073284	1.08205421185028	3.23019130986061
-1.43743977270295	2.34745330315334	3.17638747571739
-0.345516222442284	0.324404730513641	1.41606984982869
-1.2494858689942	0.636824012004811	1.65411635578298
-0.946308512994951	0.458386519434186	1.80248782221951
0.156679157790094	1.07577840899241	3.59824066391707
0.701669438979161	1.43362934271515	3.88170982798437
0.701669438979161	1.43362934271515	3.88170982798437
0.192619146361013	0.586638106863143	3.87563250141085
0.246215606681041	1.45935728026431	3.07693401312385
-0.0198830140694122	0.77664950449218	2.94582845708572
-0.0198830140694122	0.77664950449218	2.94582845708572
-0.168718907658278	1.33312157387043	3.44002460378077
-0.420862399755661	0.702957697138437	3.91194487891331
-0.487642562211526	1.32332519482852	4.03671840632007
-0.591988106273759	0.852803681610878	2.592604950884
0.242594544838063	0.334600956029398	3.20205828667773
-1.45787492248544	1.5683303009152	4.4414903341806
-0.827279271095235	2.17595921500583	3.31222587851751
-0.491691565121325	0.837066134669888	2.80440050222285
-1.26643188759261	1.06559556885638	3.22284994734029
-1.48741193078294	1.2241484161196	1.15222509030499
0.0479540353274944	1.53699290833931	1.05953760101394
0.148939618457988	1.16128402586219	2.34948471788633
-0.532601766992235	0.964505648303285	1.49038808032519
-1.30449238905665	-0.141868604646335	2.07433046001277
-1.00662393480641	-0.449956841775848	2.28650671886002
-1.89053591298126	-0.50394744395286	2.86600738192879
-0.742786672873925	0.51784819665418	2.34610686074748
-0.535252566726574	-0.694000599293776	2.2521394803519
-0.895185309190375	-0.185637599204595	1.39842995083098
-0.112678484578427	0.419717655280953	2.86844740361902
-0.536425705121185	0.926041000586222	2.57993121437347
0.240893137552179	2.09529925507813	3.29865199046998
-0.30183974680094	2.37655204999668	1.60834882666308
-2.26726307493817	0.342694842582261	-0.0327036270972012
-1.27627587213792	-0.349325153850824	1.32715460407401
-0.70972389321358	1.2969441639307	1.41686225051029
-1.67346244596992	1.9341114837942	1.36803795506594
-2.20069026016802	-0.261728738288073	0.950790093253909
-1.32487980263304	0.835928625691331	0.829857141017201
-1.68912733102956	2.20492826818742	1.93932030844173
-0.940917825114725	0.329982407878747	2.26885627703343
-0.851744548710481	0.469572510546963	2.12243973961042
-0.517421678025977	0.640864121716591	2.29770503726852
-0.202697988192548	1.6859403844727	2.11580532333443
-0.360639781605872	-0.0853041343959948	2.25970686384671
-1.12821541679238	-0.109024550023399	2.05626451203905
-0.88688481346005	0.192390839157385	2.0963139394033
-0.781499311032961	1.36073806626882	2.60011099073867
-0.781499311032961	1.36073806626882	2.60011099073867
-1.25887121512948	1.09451773642186	2.31188510792429
-0.136150864455762	1.14949590398803	2.40380373476625
-0.450558361614996	0.734375415804651	2.33518841389645
-1.31885902265165	0.703118185735593	0.997701086203237
-0.261573176955061	2.28383261441754	2.18964705654467
0.0280881600262289	0.889895690243187	2.92267445431467
0.0280881600262289	0.889895690243187	2.92267445431467
-1.16468782902184	1.31122944409412	3.32666023099154
-1.875203540535	0.148417103301531	3.49179073035727
-0.84749572199957	0.949249719606646	2.79037225246907
-0.089409050062654	1.31422151937689	3.18034287371365
-1.17387409009731	1.88494503008729	1.21860767519994
-1.78110735755058	0.699364781189748	2.54521166279367
-2.10729887747906	1.47375069109265	3.70744655603092
-1.49916984912662	1.82724987913198	4.21407450315355
-0.532047151049001	1.03993055458665	3.25846605660199
-0.481510337531944	0.898902125818095	2.36078547800127
0.227333122487706	2.0215929990566	2.7805862159849
-1.06615583601756	1.27080562774348	2.53980904010122
-0.19922535685102	0.548833015925488	2.44290732837214
-1.91966573995923	1.2926268933198	3.08364241871676
-0.723219753179871	0.324736436898027	1.49807289086013
-0.673965937692979	1.82246304358955	2.30328253804381
-1.29073448995857	1.66365215245838	1.02960416305914
-1.3237671465025	1.91855536063235	1.3219819651604
0.115540082844849	1.12522614572839	3.8956417549241
0.259442021758695	1.18402408156004	2.87266791817409
0.259442021758695	1.18402408156004	2.87266791817409
0.104087445996405	0.725995741995238	3.1126274290888
-0.802973996228054	1.14341381579493	2.55917322916132
-1.38279683363313	-0.422601487876397	1.24275757712065
-1.33970024888829	0.404567823796635	1.60468396312419
-1.33970024888829	0.404567823796635	1.60468396312419
-0.267585456750537	0.769604318128574	2.542448634169
-0.957086172678765	0.474351402531365	2.6106898070206
0.422442482394703	0.677921362416547	2.43632755810853
-0.097103010178846	1.55807378216692	2.73679261724521
-0.144765180032198	1.28355475705807	2.38617459757595
0.100472076965256	1.96370900339812	2.89711224956658
-2.80269658751499	1.76782796480138	1.80481783840711
-2.75879493662415	-1.0184652188522	1.73377275261849
0.598035996123968	0.340351049836996	2.42173757758356
-1.33124339908832	1.73542520540337	3.41251201925731
-0.750372754154647	2.34955160400159	0.340390601399797
-0.603689856538369	-0.223946479445904	3.7362557204827
-0.498789731035279	0.571976845097707	2.63508191586016
-1.34214798124735	-0.73712043609831	3.2419760181694
-1.15630832043777	1.91956819837221	0.888392082672887
-1.1888508304063	0.170375306472683	3.19559212549196
-1.6980467488398	-1.58280147466428	3.1942577830214
-0.0915810431054365	1.48155768715759	3.41786799755506
-0.689351946615729	0.183997450328352	1.78839629980821
-0.689351946615729	0.183997450328352	1.78839629980821
-0.968155298118858	0.907814859430613	1.8431475797236
-1.29103274686299	1.06273377752219	2.69331593450185
-0.853622376220348	1.19390884289961	2.93745250470807
-0.624479571960168	-0.620179469072623	1.58519934830626
-0.65630362972374	-0.817040821583466	2.54365786812154
-1.20798930060438	0.183246491013571	2.90148480656758
-1.78276445888362	-0.71871561615981	2.26010583800748
-0.817693980643332	0.638811448450851	2.06751510442934
-0.616545950445483	0.398270045922372	2.41649813610852
-0.936021660008778	0.30611060192956	1.0117346677192
-1.33585515941082	-0.21185298002684	1.61688885896441
-1.43009432946629	0.385688296879719	2.93951926187815
-1.93520239065935	0.859310459528306	1.53936404463391
-1.54535455142585	1.53804872774902	3.76588518943393
-0.413001228718085	-0.598131391450291	2.24299490983551
-0.413001228718085	-0.598131391450291	2.24299490983551
-0.413655876006478	0.992089474051745	1.36879525275982
-0.476360865724381	1.52899463500312	2.88941723632219
-0.333302179659062	1.38610022338474	1.98776484061464
-0.333302179659062	1.38610022338474	1.98776484061464
-0.517317310780823	1.58961134003346	2.62174972072798
0.0199749073175141	0.188834493806956	3.29858998663523
0.0199749073175141	0.188834493806956	3.29858998663523
-0.64293719815735	1.09777370666154	3.16141523110688
-0.506012743694519	0.19782714090912	2.41700149316232
-0.727951203959553	-0.720467018701925	2.53075142951417
-0.55482326778312	1.27495394102823	1.48995870573748
-0.479232160215381	-0.0522452927332331	2.49729145271215
-0.372095236436677	0.3086346257145	2.53210787114081
-0.123679780598754	1.52022394303306	2.74734588934119
-0.876309578174536	0.0405262273720656	2.98231284846984
-0.596556658804435	1.61725959530828	2.61988939572749
-0.993038207457163	-0.325804356671539	1.4836401491156
-1.59023422725929	0.879645750045849	1.16776153876243
-0.835896612895842	2.17190685013437	0.921583277726032
-1.57616163559644	2.24383435966053	1.47037680773908
-1.4396422278535	0.191812716448797	1.99765138149954
-1.44046428781359	-0.684942472761578	1.89165392488697
-1.55953794530313	1.24369192150987	2.41369692525628
-1.55953794530313	1.24369192150987	2.41369692525628
-0.998136363072069	1.17084064568166	2.52770902977169
-0.603519408361399	0.906072084800402	2.20582142928498
-1.32253105274889	1.24447948972853	2.03083071319012
0.326595941287369	1.46758256715612	1.63353455925892
-2.21346758526479	0.295619377658968	1.58032726205615
-0.793712154583822	0.515519709735882	2.63743903068074
-0.224274748955805	0.664344611875099	3.19248760292107
-2.23046812557027	0.538051557764631	3.02817005681361
-1.78035979858151	-0.737160114926593	2.39160303504604
-0.305486779763808	0.774863944566595	2.7614306600904
-0.943047717916478	0.130676837520812	1.78771856139925
-0.943047717916478	0.130676837520812	1.78771856139925
0.516107525861857	1.08439072367577	2.50675852130422
-1.28521286115412	0.563306905489067	1.57837566705795
-0.614693620152413	0.756549700503414	2.45082248334565
0.816599726548624	0.138195161935164	3.91621878867954
-1.37631257473437	0.755606353225545	3.4538815243774
-1.18605343633963	-0.350254525509514	1.32039498715366
-1.26162203833344	0.493994457739728	1.94900298037995
-1.42025172945043	0.150484794399652	2.01229719820492
-0.907542154099458	-0.336389337792242	2.47606428380429
-1.19778145065615	-0.464240372620996	1.86687022196266
-1.06629500345983	-0.833778424269358	1.57121822405164
-0.350230641654947	-0.480726535021824	2.32100463190071
-0.66428790978838	-0.714896928316736	1.840246540121
-1.59594251423886	-1.2099272636502	1.71177111126549
-1.69350978557389	0.331161109676697	1.36338518532472
-0.968631339907473	0.69123915147365	2.24388773929319
-0.585163983373999	1.09952851227155	2.03076308427482
-2.02088938755711	0.615433720847455	1.5105825252474
-0.99387284711139	0.468237662920935	2.01729833334775
-1.19392133015164	0.386042548542045	1.46130689192188
-0.265695594981471	0.437773755764764	2.22386846497581
-0.982619290870865	1.53911961969935	0.734270635642429
-1.25208217430269	1.56893215860808	1.14566128350433
-1.30326803446276	0.977000484978669	1.91827361073331
-0.357664172396774	1.27689484681051	3.22620302300273
0.0406515043358785	0.996734415595506	2.56961717795338
-0.736144416479162	0.124497501725942	1.48520859828765
-1.2782605084218	0.327771955586588	1.59598941294319
-0.960236190377056	0.119871471434776	2.05078817208007
-1.38112351418719	-0.0628586841837625	1.61095686565628
-1.09285707591774	-0.111407056588408	2.07217463120772
-1.48209489849986	1.05121922497224	1.33114381072361
-1.48209489849986	1.05121922497224	1.33114381072361
-1.73592100038046	1.71627737992101	1.66819053230461
-0.281813720555935	1.0446723280645	1.82718425575325
-1.68898560982767	0.645540663721806	2.50060677587731
-1.21700167946553	0.0108254462432169	1.29059077922757
1.01869033895456	0.879686391887084	3.20080115623983
0.526492051874095	0.623572846076258	3.71311762183112
0.180869669040081	1.45784003925388	2.389564943811
-0.242211451268666	-0.296962049991401	2.61078130098308
-0.487568321172919	-0.0958764311101833	2.13136455322428
-1.04055347969552	0.552355776253287	1.94419368838473
-0.941961129887932	0.430298275145847	1.81340153969482
-1.83972414980127	0.604570955881333	1.44116490355304
-1.17000045153315	0.149141235146673	1.24517817406883
-0.494959309786165	0.707470257569179	2.36445751462881
-0.538364254769412	0.306186766773054	1.97630747241172
-1.04029247129683	-0.085170398304295	2.48989531282739
-1.04029247129683	-0.085170398304295	2.48989531282739
-1.04029247129683	-0.085170398304295	2.48989531282739
-0.656393138762452	-1.01603873784019	1.4165462421662
-1.46528813799933	0.501761672302683	0.915453139002281
-1.66176647662856	0.416636984045251	1.44943507417596
-2.11215037659535	0.295878072113516	2.15639332575044
-0.934875074254576	2.01278783566751	1.27794539555298
-1.09499067808377	0.600868920320304	2.17611738699857
0.00630428364592634	0.354705282028258	2.90844590450764
-1.20800457710265	1.24625489846073	0.861169390325886
0.120847059761931	0.421806981032812	2.48594106242635
-1.94945057108653	0.850720182182108	2.11691406681465
-1.51747276191586	-0.664527172061743	1.86197758775801
-1.56349762440304	1.04759796160426	1.28017395664292
-0.658322847911086	0.894269687920759	2.31054252947563
-1.29150870817457	0.0951572551458951	0.102772563525813
-1.6900603433375	1.5007779766172	0.416340997102596
-0.9156736176917	0.50913675836412	1.14838733764586
-2.13349367109373	-0.0409976151297423	2.29426409421674
-1.80631987699028	0.431124305025417	0.943947242958091
-2.31136340605231	0.809177598455328	4.14976077623792
0.999453999841979	-0.753339726787942	3.69109665008731
-0.461668502615345	0.159054775169543	2.9721817222329
-0.611260407755936	1.23586986851023	0.35032137524787
-2.2626548529516	1.76697545571883	3.03981308086914
-1.57790499395292	0.780826296682004	1.66820093999205
-1.22809942269433	0.914118852817396	1.77171034562662
-0.650912325751298	0.702994384891871	3.16124704922879
-1.82929098593186	0.321061280716705	2.48023074086923
-1.02625866506095	-0.0742990116800712	2.75107402942032
-1.59320983550212	-0.596066327711461	1.01185814959873
-1.5695622715214	0.135418537408568	2.03979001592226
-1.33096657600058	1.15880056791598	1.95793535482283
-0.507643180121685	-0.273796025395101	2.04593905140968
-0.848020830406186	-0.543085426609622	2.8740452665662
-1.72353882499912	1.55064015041267	2.86038103146204
-0.23315349840756	1.02698347855079	2.2728132972011
-0.120001689336258	-0.292702318522124	2.98727734157519
-1.28099710746657	0.20662644038379	3.17713131502473
-0.557110255341086	0.658945776778831	2.78705456821573
-1.0812141835631	0.61769149250738	2.60065280623777
-2.0541540679385	1.40493747712193	1.00272601136838
-2.02328837213074	0.440052999941085	1.08843005428985
-2.34309719189694	1.0858569047315	2.30500424504694
-0.956420566088187	1.24038474460671	1.85129332457232
-1.45678849751656	-0.0874070451299011	1.8169924929938
-2.04531512772811	0.398930219506516	1.34206000662072
-0.970328554483806	0.240581866418846	1.38761027371101
-2.20495710279547	1.3673339822487	1.32565553546367
-0.495868150978105	0.654580416655874	3.86521783028531
-0.497223907827085	1.1164373599124	3.48810616504457
-0.900548018817513	0.849829575503721	3.77616259763302
-0.30018870702271	0.981214094981915	3.08893820593773
-1.45031402252844	0.679592539394061	2.83186186973314
-0.0550056614015156	1.40702080807914	3.51462290031686
-0.823984685330539	0.873783538084495	3.83928701788625
-1.07349668872679	-1.15513223915892	2.0021830600562
-1.26532301304797	-1.32734187426274	1.47926938127236
-0.928814814031991	-1.0462435910572	1.02247583787073
-2.29168070697806	-0.4350949869553	1.22510433774348
-2.08423961123976	-0.497380410394624	0.305009200419164
-2.54164835493394	-1.17240236941731	1.00699245778819
-0.804800193529122	-0.746042261448814	1.30330283848653
-1.08278676742682	-1.04056674176203	2.33506220440838
-0.958769742970544	0.170424358947861	2.54576938728972
-0.303296452706096	0.258901387647873	2.4706041228268
-0.0291717147119364	0.643129840717228	3.03681858647421
0.272030077768318	1.08792955319067	3.2846085073922
-0.513766798841457	1.51546152470737	5.15285608023947
0.392075034041461	0.900951519886497	3.79782689866859
-0.509751978204583	0.687728150138838	1.82843221429492
-0.390818849546121	0.490613736096015	2.07367108648115
-1.42719266855302	0.59861859700453	1.82619987939125
-0.832601578255441	0.525109305318066	0.904073898023522
-1.15278255817207	1.09485642350884	1.89741193141162
-1.15278255817207	1.09485642350884	1.89741193141162
-1.11223187390115	1.70738282963134	0.541050616872616
-1.11223187390115	1.70738282963134	0.541050616872616
-1.72168939634119	0.712984104463837	3.37729106097127
-1.67497054921424	-0.334844669323001	2.25630902299979
-0.923194539559379	-0.434539318224795	2.0143594590446
-0.580894930115413	-0.33303606183515	2.12746091416252
-1.21639132030041	0.234598539464334	2.98229288434745
-0.415747954034625	-0.148998941229283	2.34769304581746
0.0838466206254949	-0.279025086849225	3.20623176034818
-0.775669179535039	1.51190055165396	2.10334453688481
-0.775669179535039	1.51190055165396	2.10334453688481
-0.157061533503169	0.233539779226922	2.70993128662571
-0.374473658913352	0.183101651366643	1.90116444270999
0.535300993652824	-0.266065109076651	2.99123873423238
-1.53561778052853	1.7182302162259	3.97839114124428
-0.556194116169982	2.67164191940628	1.97370186680802
-0.555022496224184	0.830454033814891	1.62981341932948
-0.723895160559422	0.951621021926786	2.49275732590725
-0.789290937866153	0.677626857727725	1.92136069184393
-0.55878915697105	1.47255867640338	1.92491810713367
0.306617268839364	1.51922889152121	3.63266760420741
0.306617268839364	1.51922889152121	3.63266760420741
0.0391508406406511	0.905408414316158	3.2792324586837
-0.424887694541785	0.90631548002526	4.38188001350168
-2.25812868340226	1.02217294020423	2.89188422877901
-1.16180725287258	0.420216510672468	1.81770051447834
-1.60004179451026	0.938672969511142	3.15153869304581
-1.60004179451026	0.938672969511142	3.15153869304581
-1.33231771588658	0.407379689947242	1.16187909798677
-1.00046485509666	-0.611340100468901	1.79454695001094
-0.891687348801707	0.0998714549369427	1.47453974841978
-1.79987654146552	1.40212355297948	0.897155295188081
-0.691432971722429	1.03724370445557	3.23137815895027
-1.20222625394669	0.0822093694724664	3.46118352096165
0.376505276731054	1.46011310346526	2.8585365195798
-0.0245543966125331	1.25599354611131	2.28693768739066
-1.7931207971094	0.776254978911308	2.15908533204367
-0.667626569488666	2.24083993392084	2.61658930843205
-1.14958135605996	0.440331854825521	1.8732379603782
-0.712166947245857	-0.863178424437232	1.55929051735969
-0.693813124254432	0.189226104617542	2.2597328254826
0.444446178332102	1.05220706854102	3.01579348843194
-0.498004875120543	0.241099396455935	2.95316332063049
-1.01861660880509	0.820368882071858	1.90465099212075
-0.165788104437937	-0.70156376843564	2.6805272347733
-0.783457490679996	-0.681658256834346	2.43446589302482
-0.783457490679996	-0.681658256834346	2.43446589302482
-1.55947627633736	0.42348099925354	1.04050818105794
-1.82976761793175	0.747113679231682	1.58601507072131
-1.62430486974569	1.71435482667229	2.81357200203696
-0.280756654997302	1.42079936669988	3.26838914230089
-0.292645381585127	0.0947863437232507	3.5044434601944
-0.417401963529196	0.792320149046636	2.61293463282449
-0.912677663556876	0.908863270865769	1.10734649134762
-0.28964823745401	0.514396485172959	2.06012395581604
-0.720169386093526	-0.80867108554325	2.37141412923278
-0.701156800433664	0.00622673413275821	2.52547837590183
-0.943521614673171	0.433239502851161	2.64057067398952
-0.223780308905106	-0.0621771057560827	2.6833828596009
-0.223780308905106	-0.0621771057560827	2.6833828596009
-0.116391638547179	0.156609496196588	2.38107976883644
-0.992130861767178	-1.09375001301745	2.43170609099536
-0.556334192307399	-0.327198246054811	2.97424135300879
-0.272211969370997	0.727989760555736	2.5736415263927
-0.342407898046296	0.275967423347005	2.95394306349483
-1.16224662448237	0.647781431302606	2.80135811363394
-0.0298389838564387	0.501249631945226	2.91406336821441
0.175771281053237	0.56699276298205	2.59130944094229
-1.32381455526531	0.1021056911487	1.52596211421214
-1.87702638525461	0.549373263924934	1.73572351432555
-1.26141746397419	-0.938923343835214	1.4611404637823
-0.875376760596012	1.11616156324447	2.4552321247694
-1.10778158948043	0.681816590732006	2.0230956505106
-1.60647376138636	1.99490025190189	2.67949313944639
-0.92596968178864	1.93831322287283	2.05414979649004
-1.05384759033237	0.281156189377509	0.907329625045142
-0.712980885423986	1.09515189773186	2.38677169614894
-0.824674369291028	-0.345108942746984	2.43257020234813
-0.188727375015935	0.316581340195768	2.12665045407868
-2.14349937936874	-0.64641101436393	2.60609895441015
-1.19354156494514	-0.599091765755757	1.30947687022996
-0.238460553450537	0.902184347443106	2.66796590600442
-0.672103360798057	0.3928342594593	2.42844191563109
-0.335347096935537	-0.302766177671008	2.66305887547277
-1.32211035661515	0.740718417901271	1.79874348965792
-0.513786133204427	1.3042371178828	1.1552865878026
-0.658995484041064	-0.0924423415834261	2.30352370602758
-0.903365186107126	1.247291884052	2.79472855219924
-0.817462288021515	-0.236479592828281	1.74741887397083
-1.31214102706081	1.50057504479615	0.846587940957026
-1.77309473733748	0.826171018070573	1.26611984785674
-1.77309473733748	0.826171018070573	1.26611984785674
-0.714278368394874	1.78340842848262	1.77112979797716
-0.487099321101615	1.56192899473139	1.76770098522586
-0.330058375730558	-0.506073833552533	2.68950056991147
-1.00460077776186	0.469457980512503	1.54473702939257
-1.00460077776186	0.469457980512503	1.54473702939257
-1.58765761509748	0.499290910232717	1.94421440183874
-0.625697038404657	0.694884807397942	1.30683323972381
-1.94756219345341	0.0313996043580402	1.55714399987607
-1.94756219345341	0.0313996043580402	1.55714399987607
-1.0864274586433	1.29521695558592	1.74487618696632
-1.54248553901071	1.3742925361088	1.95377677242047
-1.14518313840826	2.05103787592924	1.88567846302269
-1.22047568076768	0.126228883866985	2.04985473450618
-0.626385024659205	0.540239433884648	2.70743002392441
-1.23810691743236	1.52127939874218	1.99521986034952
-2.07531529984346	1.4714326950764	1.91299090436526
-2.01910293289892	0.740532984228349	0.736871277034827
0.177849711509238	0.442823108456606	2.56418981341061
-0.371142704395781	1.27827061135611	1.91269211882647
-0.371142704395781	1.27827061135611	1.91269211882647
-0.80737925537371	0.576852614278211	1.13768855223205
-2.22058563509051	-0.301064353747014	0.632766885133811
-1.42240901712545	0.99157815562497	2.43442274357643
-0.99445223293675	-1.30272760365779	2.14579382718491
-0.767568915751693	-1.57773458032277	2.29726397629834
-1.21466232777205	0.479814262364153	2.29088115268602
-0.728487867510712	0.406067295260663	1.13650402207336
-0.0708342834746846	-0.884017289942363	3.43831732379906
-0.994600302014068	-0.269424227372435	2.23211027948519
-0.147178885406307	1.52955216661303	2.35216062696187
-0.457338632925319	0.332599440908788	2.59948511203044
-1.38260196341616	0.187429144636065	4.155993122938
-1.47602256322832	-0.207240367761628	2.91745545596
0.00147479332439016	0.758143339935465	3.05136014393547
-2.29699152515771	1.77609847262531	1.48989350957312
-1.57983030776297	0.876685841143973	0.801210814622711
-1.831122832168	0.757992409133445	0.12470964536212
-0.735103353767763	0.5803106355789	1.4889322872583
-1.17225127001932	-0.179331454531928	2.34262064341385
-1.17225127001932	-0.179331454531928	2.34262064341385
-0.525568041888991	-0.0978481512920402	1.85294625693762
-0.382886423151252	0.570295292333399	2.16241118606755
-1.80482425123141	0.123514810490878	2.84740717960409
-0.949679740689839	-0.367497071706915	2.53256384936569
-0.928408660662918	-0.902493272677869	1.83410104917937
-0.765092642797456	-0.234574529305195	3.22004932056308
-1.78234349489521	0.593916898765737	1.05236104193334
-1.3264917103581	0.0280370489409783	2.21888543567258
-1.14989434068038	0.523021728788625	0.867153498464719
-1.12592972900813	-0.326980018542908	1.72737361649191
-1.8064148333231	-0.145698367781088	1.02115061848521
-1.30513773077232	0.168217930868164	2.22745469915552
-0.33991718589637	-0.420368089996867	3.22010106591225
-0.759795005454003	0.285373945844858	2.47382136547669
-0.899643422892761	0.866325577392739	1.65780310368949
-1.18104451534779	-0.0534418683150868	1.46092086080159
-1.31182125955928	-0.079215503730597	1.04496036956174
-1.84397823323645	-0.631300276511314	0.805376469182166
-1.84397823323645	-0.631300276511314	0.805376469182166
-1.68497289685792	0.458358480335826	0.193255776998471
-0.684165424167273	-0.15701981500154	2.33820323040774
-1.95222554064107	-0.26578326130356	0.453475226060546
-2.37924256023763	-0.0169201117894912	0.316037321231469
-1.88005042034237	-0.188187243031971	0.749487246973611
-1.88005042034237	-0.188187243031971	0.749487246973611
-1.88207074302565	-0.321445478121798	0.891503690570795
-2.36391825934184	0.494910364947837	0.910424463406368
-1.0572041095167	0.514640879518551	1.17229850540253
-1.10088333627588	-0.0419226445410917	0.0705302124781747
-1.5167067399211	0.0365203098370392	0.766546462644811
-1.5167067399211	0.0365203098370392	0.766546462644811
-1.5167067399211	0.0365203098370392	0.766546462644811
-1.09646902014814	-0.567908983691233	1.14766710406312
-1.70341229960483	-0.460561498441166	1.50267290590359
-1.72787142028687	-0.79709397931382	0.588919164482217
-1.97638305956861	0.563326188976514	0.691345951333929
-2.0137251945756	0.488004341113169	0.51738080655625
-1.67197776390501	0.443190246076182	1.00643048870005
-0.868484736168647	0.428650733885944	1.3382161749429
-0.868484736168647	0.428650733885944	1.3382161749429
-0.256333922066261	-0.245414458857065	1.52546854466604
-1.13382037047833	-0.839396036756939	1.83745057412145
-1.52853296029363	-1.11280218979723	1.83600796761037
-0.847013745978726	-0.843900637438672	1.99515852516466
-2.11923570498112	-0.738134386810131	1.44339397900711
-1.28948114600625	-1.41953020024074	1.44980954553234
-0.743934649353149	-0.166723995237624	2.22239702471206
-0.245401585693996	0.277900323241337	1.90552400546841
-1.13246168670776	-0.503069100249098	1.98037957734908
-1.26352081393432	-0.646783411241543	2.01674629884315
-1.09059778018748	-0.249451907757167	1.69948167754533
-1.77029624190862	1.32370060619108	1.24357229637332
-0.412536879662523	-0.306656776147972	1.96216886865419
-1.5564121580236	2.06904838910581	2.37589659948524
-1.04654702415715	0.132782003059222	2.49689529818679
-0.527908963098749	-1.29592635209582	3.09433183197709
-0.544472831038933	0.0713809783791357	1.98777858210611
-0.981420588261864	-0.555499577379751	1.77042636803049
-0.797416885705318	-0.25886434941417	1.75133199033734
-1.22203862072878	0.156823696368533	1.65978927012373
-1.10566533533287	-0.733660585823615	1.60856530597125
-2.7043815106495	0.300064913686037	2.34586720097992
-1.29603071026289	-0.816704828647375	2.4753420421545
-0.57925972832287	2.30736767150348	1.32254398583182
-1.65663956347446	0.786046762865275	1.44167672007874
-2.03301747894436	-0.370656200086817	0.16911978774268
-2.83008252028783	0.0515690793825658	1.77711287715341
-1.93558304480787	-0.101111231260325	2.19388628626225
-1.00862603798347	1.15484402455796	2.15210465988783
-0.790255762052919	0.0652133788412626	2.40254515960424
-0.547984159041398	0.154222579101445	2.21861435962121
-0.547984159041398	0.154222579101445	2.21861435962121
-0.492150754824134	0.362893187063286	2.11466760520941
-1.10971265249799	0.263517916173652	1.72640659631629
-1.10971265249799	0.263517916173652	1.72640659631629
-1.60386935035059	2.26839000723743	2.23655855448325
-1.39347878625548	-0.610420186724445	2.23699478848617
0.0950637096293112	-0.401830602963184	2.7115259016512
-0.972951301744636	-0.161068374347655	3.45833887516125
-0.95942802118087	-1.34987460185412	2.91908984314093
-0.344562365276785	-0.467260020703931	1.81861544041822
-0.881724861522174	0.942025643564135	2.49646919886832
-0.142028327250908	1.01877933558485	2.51772389530026
0.101074768910428	1.6949909078378	2.31830658288468
0.101074768910428	1.6949909078378	2.31830658288468
0.849924702493127	2.20403161359684	2.56952978417828
-0.855444406795079	0.872348707486031	1.34138038389438
-1.08991030377732	1.95794026025571	2.27155746184093
-0.0788765261707138	0.684698581084677	1.53542596697608
-0.801495119495103	1.33396713407346	2.8860530042214
-0.684412865649744	-0.445940495155872	2.67109957234677
-0.395645071068003	0.613584535676919	2.16105611921242
-0.395645071068003	0.613584535676919	2.16105611921242
0.0698945312002515	1.43993675639272	2.17990036669402
0.0735549278436968	1.26536086159745	2.60756564577446
0.0443977711200998	0.288192762530774	3.26658214526883
-1.15436566862853	0.968949032922007	1.76439186637843
-0.499952071616757	1.79664208625552	2.05263977126098
-0.836714998384558	1.30359100862327	2.18833248166459
-0.836714998384558	1.30359100862327	2.18833248166459
-1.08011187508586	1.78415776992024	2.69606671912272
-0.743254793124483	2.167739283068	2.14377656070583
-0.872367546833991	-0.0671385173742752	2.23738156109521
-0.13871209205612	2.3371908842939	2.40696613939166
-0.171694621111773	1.18728686929532	2.96728944748911
-0.153361740209188	1.70026123086603	2.81803081421472
-0.670186787111148	2.59124517696307	1.91368283242919
-0.911858884700028	2.0095496103979	2.43209923989453
-0.511243385123725	2.01874274868682	2.29771783340712
-0.836987331663027	1.71224826884354	1.88136760792557
-1.8693915854072	3.03691727493781	0.639567213362432
-1.82391064555733	2.07708230199165	2.50160589447086
-0.932856429832369	1.27868578158828	2.63836308357524
-0.406783472982764	2.11081300355247	2.21200318790267
-0.406783472982764	2.11081300355247	2.21200318790267
-0.237392585919586	2.76377419148894	2.17938807476326
0.152769303121213	2.95058863820966	1.75408257424984
-0.0417422160107276	1.99986704601231	2.97083265931956
-0.0303842888136739	1.70504340910117	2.75064552324355
-0.697878034868245	2.25320960068016	2.46073496397002
-0.509746729550142	2.02578225261586	4.08950529058637
-0.691757338471839	0.75437838794139	2.86898567518041
-1.93886502753129	0.300523286479226	2.41851985664822
-1.67585799624274	2.30688486281725	1.40036311915388
-0.579720267139415	1.9630000388895	1.41396061583833
-1.21333835078062	0.956886763832645	2.48069546866816
-0.150716622418602	2.07629405224266	2.42396385064326
-0.464612086546557	2.42421309884444	1.61539445078626
-0.0486867102253759	2.39909135619169	2.27922442918907
-0.296192663431415	1.45234580271881	2.65955455287693
0.477356498868851	0.777537653655835	2.3723129086242
-0.0072078094521483	3.40062767346308	2.70170452124139
-0.511441868919406	1.51004092283904	2.48353230183664
-0.511441868919406	1.51004092283904	2.48353230183664
-0.614102421024807	1.68113114092465	2.00066192494308
-0.41685991484911	1.51810030009518	2.81311681377359
-0.325556484312444	1.8222520072058	2.17566295545797
0.161185603087549	1.98176952878184	2.71803328917409
-0.442035476582446	-0.0236080842363253	2.66217992916688
-0.713711337406435	1.87914679153585	1.72786072552026
-0.655459598425194	1.71840633728178	3.04501277216404
-0.547255172668575	0.937450553320149	2.19522916152436
-1.09860072533147	0.12037908278818	1.75993907195808
0.802949170282739	0.578915547069042	2.53220153029667
0.00173022484848631	1.08449641067385	2.53106744594051
-0.204488698847664	0.678157534503545	2.61748581797431
-1.43303542822484	0.676874137441831	1.9557949183639
-0.510949163376857	0.300171613152562	1.81700314990884
0.166291315769529	-0.158613040363545	1.87518244904864
-0.124819277486268	0.231837741832513	2.71197491705511
-0.825589079873744	0.65405071111021	1.7739329254389
-0.354254959270297	1.98253036000424	2.15223275311221
0.53609921728584	1.19036738730801	3.53562373779665
0.530397549684682	0.831953234802227	3.12024200299171
0.530397549684682	0.831953234802227	3.12024200299171
-0.47722542334972	0.400315939508494	2.83862115783917
-0.47722542334972	0.400315939508494	2.83862115783917
0.112883440189129	1.58661769289926	3.26500382197486
-0.194205624880698	0.680225082960119	2.34282522881051
0.0929579309909864	0.497790531915697	2.63724249740762
0.949888532123187	2.00312511515274	2.72031989896251
-0.744918621405039	1.43322485164854	1.71206417301276
-0.744918621405039	1.43322485164854	1.71206417301276
-0.294668163651853	0.970197553899353	2.97637613862655
-0.339956065479936	0.763008388860817	1.59197858546728
-1.10390344404578	2.96706717845854	4.36532627347174
-0.850749032824206	-0.359114210789096	3.86598976752798
-1.13235072772743	0.300258182651937	4.59398543894356
-1.32419730254632	1.84808320058723	3.97801882515565
-1.26026278547751	1.74407657543798	3.17846602408432
-1.26026278547751	1.74407657543798	3.17846602408432
-0.417620223655456	1.58100649676887	3.78172271082375
-0.93639680742169	1.56752461870169	2.46487540630381
-0.481271802661726	1.77194711459609	0.622299063021923
0.111678958321886	2.12455755203083	3.84602906698603
-1.16392440111587	-0.0665422679736756	4.90510583481058
-1.24621260279469	3.23541937521649	2.99670353026402
-0.985184684159873	2.21674487088086	4.28647750234781
-0.371659583960536	1.39280076103104	0.738401556870406
-0.883364940436695	3.49255904222413	1.97803701719333
-0.727889088093073	1.24608964426999	2.13285588766233
-0.638552143225218	1.16702608348442	2.02666581530569
-0.825505857116761	0.495385909941876	1.89661636145552
-1.87738024623267	-1.11465051579586	3.0555359678314
-0.117541873825674	0.565480032281269	3.63052173153697
-1.20338597789205	1.63919435025716	1.7704260944381
-0.680919939789201	2.30530460847961	1.82635818152215
-0.713307102776347	3.02416122414223	0.612072734171096
-0.638006386395267	1.57927019494673	0.328630950485742
-0.0188425583766667	3.25324974558383	1.47985448759846
-0.12905882324414	2.31738417152603	2.05426977601314
-0.953607486480823	1.24197265313266	1.37452089335431
-0.0389568718732261	2.72395921255504	1.87529948477859
-0.314930991218286	1.81397574086345	1.433242030196
-0.41437906475412	-2.00463519862184	2.89409889057564
-0.29628553272323	0.678271529183555	3.29582653778099
0.0554873619671916	0.89135976678218	3.07481456521843
0.0554873619671916	0.89135976678218	3.07481456521843
-0.314365672622553	1.10223682424888	2.27331532677083
-0.46793615961521	-0.987084705007037	2.12043360592106
-0.202021886018767	0.250823625723411	2.40378858564942
-1.09291973818582	-1.29311894305626	2.51231695763285
-1.11521598062497	-1.63038257792583	1.42217566979681
-1.41538377183869	-0.495672857633888	1.58539530295828
-1.4024057046687	-0.378692777220194	1.16471734891588
-0.403589364947401	-0.92221665668212	2.26435584093896
-0.761200153696521	-0.569253326521284	1.47704854226353
-0.23623017141022	-0.966728813129357	3.08887216647182
0.275531289408921	1.51745590543735	2.61852232771098
-0.698566817814875	1.0490926923304	1.59494651392882
-0.614738185967726	-0.172526645754452	1.387489530206
-0.498273587125268	1.18659018345625	2.90984672329079
-1.05418854242009	-0.85163269734208	1.76195491008419
-0.858728106728737	0.268451420445597	2.8899591373144
-1.16243011498677	-0.322319772003141	1.72410770913179
-0.880107484268254	-0.459576290082982	2.7785061959775
-1.42345007469783	-1.78729830609309	2.86015187525625
-1.39675179436228	0.552513569272928	2.95412322576864
-0.692033923470201	1.22310047400286	2.61359045450995
-1.64997281699644	1.87564742657067	0.806231260620574
-1.92867022809929	1.24043480257224	0.612267139854738
-1.58544927028807	0.222472544572794	2.1347811170704
0.0507325077899329	1.79913180139677	3.01948572444272
-1.89911212172833	1.14901420982744	2.00231795992034
-1.49044037167088	1.01616020437978	2.9808614006041
-0.826116154981074	0.824508473994791	2.02361404098391
-1.17516969750619	3.83503490559784	0.671353466115891
-0.351033256930399	3.52244355135154	2.41454945456052
-0.517050044510394	1.04927816752821	2.29770776364581
-0.964557315560814	0.731377047274236	3.06219292441232
-0.356979748111044	2.09683847540523	0.946729632025483
-0.909519934370558	-0.55201567015025	1.23318212187993
-0.726744555876984	0.831252681667748	1.68333437944524
-1.24215547750342	1.26910143716558	1.68206036037547
-1.36662564885298	1.31252483001625	2.27945482897631
-1.07393708797185	1.47851520344523	1.85382705067745
-1.02487970478159	-0.396281297178573	2.32824530243104
-1.60929744100534	-1.03326667441414	1.66180518456593
-0.45474588783873	-1.59446448622204	2.20361630450383
-2.25671013688736	-0.147139676077994	0.990372117764916
-1.61553946870729	0.504825627216329	2.13682852539794
-1.7720974055264	0.396256384740523	1.76022904141962
-0.677092010948442	0.152689438932347	1.62541106862711
-0.788665257343115	0.817253956713372	2.46079383958702
-1.00422460410583	1.47559922507147	2.65148341847891
-1.09749693114526	0.835835192772786	1.07920841483898
-1.06764628402592	0.822556967276107	1.46636978940027
-1.15816376041643	0.403295672470411	1.52399527714316
0.0946121211198277	1.41167810637201	2.52411504002673
-1.07934285282661	1.84790581071518	2.15596151581477
-1.85112891685838	-0.833250387022543	1.55637990382737
-1.85112891685838	-0.833250387022543	1.55637990382737
-2.18398663988614	-0.0753358698142974	2.14678349918798
-0.44857875750351	1.31312046477489	2.24145024357136
-0.971814724227472	1.27016948897331	2.42617327129202
-0.319096277192117	1.56829815030257	2.21686448570378
-1.84781101675613	-0.062858972121035	0.754597591694816
-1.10991109954756	-0.100446180261824	3.15174009331302
-0.539091154188343	0.396591412630517	2.00443000799822
-0.925812209446759	-1.54760303700198	1.14793130988844
-0.746259883638166	0.0246916657334706	2.15660586531898
-1.80883735403409	-0.0293796047931737	1.54284439302659
-0.867505595238462	1.27033122019957	1.64030973790716
-0.867505595238462	1.27033122019957	1.64030973790716
-1.37555343747802	1.79920048573475	0.857759642883432
-1.89646712703197	0.973156192860397	1.1276282098457
-1.54647268809835	0.188000594719252	1.58259359490229
-0.846024670747646	-0.754228470371042	1.58360822512546
-0.965713933530031	-1.32209404170726	2.55585646451589
-0.388804373917568	-1.79245392582807	2.47636749423993
-0.457085653338789	-1.06008120926918	1.92321094796741
-1.96226133458646	-0.0657384446341169	1.66588070779643
-0.86054256052343	-0.422789289487417	2.24056461843706
-0.720750810605593	1.25171106912525	0.806121965571877
-2.62561600774562	2.89121972169686	1.67883189541554
-0.898379740451901	-1.34471933678593	1.82308695083368
-1.41657685062294	-1.64989548215365	2.02240892603096
-0.56716604565606	-1.30052973614202	2.28195319714303
-1.44396979206975	-0.843795267728679	1.81625840559656
-1.44396979206975	-0.843795267728679	1.81625840559656
-1.62796838202895	-1.34409130473706	1.27537299801708
-1.81910269526914	-1.18656077395777	0.812895417888214
-0.208441160660959	0.949583695941678	1.06663180368361
-0.756126918421072	1.45625695742121	2.1483104746757
-0.864462792186029	1.50176322018625	0.89932906850825
-0.301779613168007	0.0772581859316024	1.47206674004692
-0.307792065880409	0.53263222307777	3.11821293723176
-2.48870904214118	-0.399637625154257	1.26632482388068
-2.11700676115665	0.582144883478877	2.08289573620979
-1.40613386903891	1.34567368819695	1.49224971525123
-2.05668065266641	-1.60318434925687	2.48105320137678
-1.31030198580743	-2.56240737056511	1.82010403533219
-1.32180677038438	-1.80789227585454	1.19748203754366
-1.382912223849	-2.37890558593377	1.59655385189838
-2.65541392767276	-2.48973297567137	0.603740710843627
-2.06923606593709	-2.74258092973722	0.322773746880828
-1.72573191374304	-1.68126148369215	0.711243002923626
-0.694033491626378	-1.75337937544764	2.02673189957246
-1.25843857402264	-0.0906917429962706	1.64881694009124
-2.22561115960567	-0.000655792275343181	0.249120010022013
-2.47044579416629	-0.971582027466856	2.5290855218509
-1.49630655500794	-1.7694296640557	1.21119656700577
-1.67337337410699	-1.80822315387419	0.670190222159884
-1.9999605398912	-0.0816438470272161	2.44581255248708
-0.667945067284229	1.37277643221285	1.77068157364754
-1.86507149266861	1.4770376857584	3.35723570097064
0.128395331245526	2.21272801929199	1.6401633144314
-2.16181882404266	1.03590119044575	2.67797270697207
-1.87059048417057	0.0701739288633614	1.25574780323494
-1.40672165859274	0.304591309017433	2.25961531501217
-0.627372106727127	-0.158580470670074	1.99822621429615
-2.21792090583319	-0.166864994255728	1.66808638378441
-0.969536312085291	1.77013416494251	1.32586761807193
-1.58097384033182	1.39378852875125	1.26088997823873
-1.4450816039982	-0.564157887129977	1.10462602420847
-1.48123543958362	-0.628209056273366	1.34662309612592
-1.1490948924929	0.236481856431048	1.1263888904928
-0.0324592624942912	2.8862264800575	2.00940954700969
-0.607047159401338	1.23687698585269	1.23140777544284
-1.37263212724861	1.08928006312878	2.98242730102295
-0.601959994140304	2.58825657551258	2.84413553406302
-1.17254986232659	0.735030600159592	4.76964272990372
-0.687603621977782	0.430246402266707	2.5689382772527
0.29107776041372	-0.409898881574565	3.3534183777312
-0.268241514923692	-0.0303418761865442	2.04508193036399
-0.223163829131409	-0.594620163837369	3.11828739860293
-0.658062941699915	1.05367814757783	3.05215561393736
-1.60978804883569	0.293538197021505	2.16960723778997
-1.60978804883569	0.293538197021505	2.16960723778997
-1.26329180812357	0.187708709092199	2.27157666319985
-0.691851776482838	1.53936868376672	2.33789049228728
-0.608812980857833	0.797379625792195	1.74661341566823
-0.202138949778188	0.843505923789488	2.65035331955982
-1.53139527022594	1.12437718152859	2.01616656642866
-0.471135740984119	0.337055395957713	2.59825656435553
-0.471135740984119	0.337055395957713	2.59825656435553
-0.707813561157852	0.423115845415183	2.02287838112174
-1.20991216545959	1.18679730656023	1.63390233445526
-0.374605087148504	1.37442168593637	2.42444528632713
0.423066146445965	1.68948539838535	3.39833300904983
-0.199441814877028	2.03160536773494	2.71365990610829
-0.322666152485239	2.86826679493945	3.64656152543866
-1.30553702941008	1.05992375077143	1.59447835074386
-0.90692994657157	1.04476731652206	1.29762977107453
-0.931783899348663	2.97837792184488	2.27925733001626
-1.6590990531661	2.19120654627613	2.22359768849131
-1.36357814939344	0.586466600347218	2.09843182388146
0.00423512233214263	2.35178904735069	2.46334146730728
-0.18196247983159	1.9431626399385	1.75217076291813
-0.917387418879233	0.436453763255422	2.44386757319105
-1.24548789950056	1.03836746976675	1.43440142113742
-0.879526083361029	1.0658016994342	2.42601870174291
-0.641591281003039	2.13880304130154	2.09432208749552
0.340692487840161	-0.462876841787317	3.48674903325536
-0.414266730271072	2.21483688469575	3.32618452910071
-0.517094226473288	0.944776619537857	2.46108732212267
-0.810580478024085	2.4951531762537	4.05809847396353
-0.143098603923225	3.90525778202212	1.33513949656497
-2.24495464957846	3.17074784509616	2.47720994827947
-0.787778213915859	-0.13835230688203	2.36823070886585
-0.787778213915859	-0.13835230688203	2.36823070886585
-0.505993162155315	-0.271207148769561	2.11459070541292
-0.268089502981189	-0.995766946726211	2.38063928163706
-1.60608001577859	-0.0645886135823157	0.987980410224717
-1.60608001577859	-0.0645886135823157	0.987980410224717
-1.91306414076104	0.189416989814715	0.044012809817219
0.0802268871155235	0.894137115442199	2.12341163453551
-0.68970311100887	0.812187711367429	2.58838645056833
-0.0879149747697263	0.00421319428220512	2.41853852292141
-0.25671904384755	0.710820207471843	3.28549584505488
-0.779038950114893	1.67628950430802	3.53432811999829
0.1631910398537	0.882992718650717	3.98162577762189
-0.93237764181385	0.91465131960432	2.64149136058553
-1.01942178637049	0.340177779041086	2.85727266212476
-0.853540670157009	0.341979699129297	2.33414092286517
-0.426023690892903	-0.0706765230835825	2.80856607177325
-0.182677225341839	-0.448220460322948	3.29591097291148
-0.768278325005466	-0.551208438501452	2.02577641605951
-0.270227935712911	-0.0591349697805866	1.9754313603855
-1.78371929932482	0.591116989284939	2.47319801297278
-1.11608331159394	-0.0922668707858014	1.93039681796309
-0.44838965020139	-0.26462043399702	3.0576789387872
-0.44838965020139	-0.26462043399702	3.0576789387872
0.017280904174441	0.664199927892577	3.22664025989351
-0.373941231249906	1.28671651901113	2.25349049793932
-0.32217258692478	1.86781386843198	2.21187448935461
-1.02915186650239	0.2654883867425	0.0277334889791022
-2.09050090890427	0.00434915795615432	3.75516522988163
-1.7548137890405	-0.526272783853138	2.94197425055917
-1.65626303156594	0.163917760751926	2.17409471803514
-0.818227214290708	-0.536116442664065	1.8994128163584
-1.79449488681923	-1.06050806474361	1.28730062459506
-3.63167624519572	1.9436919256423	1.42479929003891
-1.38309747497018	2.96645242202551	3.01861040316653
-1.03205389279027	0.366255227394727	2.61276962355925
-2.05733557311123	1.34976769986683	0.76245225012339
-0.202573261442917	1.76316249030911	2.39578284424987
-1.6101609637817	1.65696008326516	3.68095535344196
-0.925022947133104	0.12521779881778	1.29442565401143
-1.52734067858477	0.854129665693935	2.61034995502675
-0.26270340842205	1.03847743893347	3.22069640966865
-0.676425410373806	1.38403906505555	2.08287757417855
-0.377640053641962	0.48765443623239	3.12907664126369
-0.418326459797475	-0.268587844039205	2.13654815384122
-0.967406738620157	-1.13051657090645	2.2542416544312
-0.988016945466367	0.845950023564607	1.5470597850218
-1.66824425226783	0.248076582794099	1.13934954689955
-1.66824425226783	0.248076582794099	1.13934954689955
-1.97910131174721	-0.0111515633653633	1.66988830762913
-0.678473862614019	0.667464205896137	2.22073858057454
-1.52027656373571	0.788148520446194	1.62748593261327
-0.590609350284978	1.15092185209322	2.0105899120165
0.312859051389173	0.882979334624935	2.12470477123008
-0.926147855105981	-0.0434730144081769	2.02807070643408
-0.155898510340097	1.7441383293504	2.48310630922033
-0.10168593630993	1.83736222399079	3.07447815988802
-2.24423513942611	1.13950336672079	2.76363947401133
-1.15715721069445	1.26870320000756	1.70421934613559
-0.556497981918375	1.46375990396253	2.92955945261446
-0.585787843203472	1.45732841310676	2.71485092718067
-0.796591986133168	-0.0453928822048617	2.44398069622751
0.0382293267626529	0.0906184917012007	2.27455495387908
-0.984798625539837	1.39283011944218	3.49905845995512
-1.25660131117631	0.894524899341237	1.68785518455085
-1.25660131117631	0.894524899341237	1.68785518455085
-2.16612623695924	1.22741989797499	1.34426373450714
-1.46739935457464	2.32629989958257	0.683587062006259
0.158541990580075	1.55718001638969	2.51329903389514
-0.400316870165652	1.67309179111593	2.66036215609753
0.0454918333823422	0.498171909835349	3.35647628312588
0.0631191647846574	1.32698568431663	2.02682864163345
-0.751460187843767	1.88315777460678	2.79653106177561
-1.09567432077419	0.457260949876284	2.07259869393082
0.282112975945977	-0.616929340443448	2.31736164591491
-0.529267946851697	1.96095743390297	2.92785485084874
-0.634989657792132	0.359821224010982	3.38714311913142
-0.365981528876326	0.309145281896151	2.61066864245457
-1.8874532780296	0.371699004044597	4.05632465244129
-0.689098763808307	-0.0217508871905902	3.92304512702615
-0.417817068889271	1.33858958034718	2.5270824460726
-0.125269832039202	0.977287579141107	2.73489191051268
-0.5573707447299	1.50972696977562	1.74348180468327
-1.76985476638489	0.375449953307979	1.00983297726691
0.7645308979214	2.66697430621818	3.3188999043042
-1.16297059232437	2.23015821889167	1.29196012388416
-1.42068035714616	2.50688542810657	2.16863720728043
-0.115827428698579	1.61769381212423	3.12717489613469
-1.00937182796121	1.89803819314203	1.99978659299498
-0.701892814658141	1.74788299207254	3.01195494363552
-0.44553852053485	0.709188219113969	2.86585173282977
-0.717933542895471	1.87715465159527	3.45924873807741
0.215203459992448	1.93849887789933	2.76759090391257
0.215203459992448	1.93849887789933	2.76759090391257
0.215203459992448	1.93849887789933	2.76759090391257
-2.03516250447072	2.23979215704338	3.39810295485508
-2.07447851244802	1.53893528586705	2.80425766552589
-1.05687562647324	1.32386671745505	3.35697639037349
-1.2113146858448	1.06317061887074	3.39711209920587
-0.364827779598511	1.93420576669353	2.42676096577804
0.0618473951100717	0.888316797082702	2.38977395374269
0.0618473951100717	0.888316797082702	2.38977395374269
-0.658901735387	2.18952762051867	0.792208898040337
-2.49655767213991	1.95760490126984	1.90944651042574
-0.748738111267286	1.50235208278247	2.13625429446498
-0.748738111267286	1.50235208278247	2.13625429446498
-0.748738111267286	1.50235208278247	2.13625429446498
-0.94084868015338	1.75816616554779	1.93419836924
-2.43845505562259	1.69283667161682	2.21194457857539
0.132619760233274	1.64307776530207	1.69038682044451
-2.66648897111249	1.68845910201678	1.99832944059373
-0.782855465769899	0.614322609187227	1.59461531752453
-0.637392490014944	0.545532725838847	2.11719806635926
0.700511420510209	0.42979059523497	3.6456335620981
-1.52668135207431	0.403379774715072	1.70161870235843
-1.05887752086608	1.2892259050986	1.1183808928977
-1.39306812107313	0.665680985849881	2.15653479781878
-1.29261087129432	1.78330286447768	1.73948307835666
-0.245856591554625	2.06639924230286	2.3971749026711
-0.245856591554625	2.06639924230286	2.3971749026711
-0.167467695001562	1.13673201167126	3.3699390488989
-0.588228039155727	0.320407330753139	2.72256979100146
-0.902105336909045	-0.275594319839893	2.12586903396204
-0.385436462959044	0.0591458444101848	2.03428626771797
-0.212472299542617	1.11398962517229	2.96197575407387
-1.99351118662741	0.912276377009294	1.31202913387717
-1.40095950685922	0.132952630148848	1.66736122239993
-0.731830134697174	1.79623003180992	2.55406491539983
-0.787252438327133	0.640374221625849	1.60934356409835
-0.503833640886415	0.571380727135395	1.77844188230298
-1.14777482320083	1.00084071706806	1.86602424356509
-1.11775664734836	1.5288343372694	2.47093233442812
-0.378307332673759	2.11463245077732	3.34305125701506
0.0677052160803546	2.1197809328844	3.11761793607104
0.491615493356228	2.16405949309089	3.50927861828551
-1.72911130947635	1.26069027467551	2.87998282502077
-2.96597821588102	0.998591517406387	1.59189328879458
-1.72643445295736	2.33174374889872	2.43191391969209
-0.978441805284575	2.25233572757332	2.21563731099664
-1.33655973028092	0.74545083570711	3.36266104384684
-0.833257287083733	-1.14068303852487	3.22253684073982
-1.34243320742339	-1.97163951092795	2.29552994010661
-0.569521698401615	2.38708895445324	2.42453947919075
-0.102075101881778	0.00800327360062414	2.56679005505141
-0.378713932136392	0.449313974753035	2.96617999990454
-0.55345499346053	0.418603432783092	2.39594352660833
0.211385549533797	1.75761912369802	2.52914230026681
1.01170620244763	1.31698559041752	3.1016088918608
0.148184642364238	1.22229143237232	3.633893776363
0.514414084487085	0.590808776267838	3.73198828541792
0.20953984999169	2.76590798000276	1.24242701885129
-0.914456643023811	1.70202656919707	1.39039416231933
-1.27010410402627	2.74497891925629	1.69701504336868
-2.02530031391702	2.11715656718294	2.01626838454573
-0.399464248912306	1.01237358583019	2.55094982795375
0.24166359293813	-0.254153050627713	2.37203678777166
-1.04551777825792	0.603706454291198	1.82185504712397
-0.578910723809067	1.61808913067648	2.81805949448083
-0.252802926352085	0.236340821189148	1.7841956736525
-1.000961594097	-0.35406773347715	1.7546062833758
-0.872847310493846	0.96542837598474	1.79905670267774
0.168779214519124	1.2992157133436	1.27860611249748
-0.627627730883602	0.478321744735338	2.42353652661153
-0.200646989937003	0.0392660969982408	2.59356929398843
-1.99420193300402	1.13161077164043	1.74865464015093
-1.55528129527896	1.53805140543551	1.63919106821651
-0.601197383944268	1.13539916733163	1.00172700844788
-1.73327436614467	1.51312428007101	1.46126580608103
-0.976757212562364	1.29189522508088	1.79656700813092
-3.47622447897118	0.92442573249902	2.89367080526477
-1.00639831233481	0.355117993474038	0.613086956745685
-2.24463335710847	1.10104208301779	-0.0319325460861185
-1.65340414711211	-0.245605952861337	1.9820664615378
-0.510076429417472	0.180241672552509	3.05619693865438
-0.438104573262024	1.23122611629049	2.74924388576892
-0.445426523290246	0.637717664071648	2.59104567606229
-0.465135419142076	0.533339592205022	2.14694159583296
-0.146607487216579	0.919170977809537	2.43143095847064
-0.146607487216579	0.919170977809537	2.43143095847064
0.609730159867131	-0.321762772038362	3.91059002524726
0.609730159867131	-0.321762772038362	3.91059002524726
0.203893366588096	-1.74966969778886	2.18489129889879
0.312109739980512	-0.43930805428534	2.66731048494916
-1.93413048869501	-0.138856244277997	2.20951720513976
-1.16424089147745	1.22550619032676	2.77291362798513
-0.261198055909361	0.0558452026183809	2.72153252179788
-0.261198055909361	0.0558452026183809	2.72153252179788
0.191223880856081	0.252828760356191	2.50411377307404
-0.967440136668133	0.808113278465542	1.84797525773313
-0.449563909048346	0.876724599981192	1.76381934213251
-0.876464347556471	-0.243895901134524	1.31573329735493
-1.67148974262667	0.331059581081607	2.22002953057773
-0.439405081370253	0.908405229704316	2.11906127465249
-0.00253638106772969	2.3211722248332	1.96092293296312
-2.50436908602263	0.305680322068137	0.793024626872618
-0.693563815038157	-0.0564545215653473	1.9980509232095
-1.14951240068057	0.106861662392538	1.53239201126387
-0.487600492833754	1.56657002818019	2.35339003525342
-0.49659800506778	0.638495609296478	2.05103111439827
-0.506530962431613	0.487311146452546	2.7437562581812
-0.95049947758025	-0.00751460550166266	1.20379885157304
-1.25770138368955	0.0284188016609208	2.12301807227611
-0.973270585120813	-1.04964541207665	2.1015269827784
-2.80368395021189	-1.33843920843447	2.44796171552903
-0.533928310551668	-2.03538587868772	2.80962067024235
-0.607894096779834	-0.319179031058877	2.22552387144664
-0.986769362038557	-0.613021353886156	2.42441054634377
-0.505114679846096	0.343298289595841	2.73120314903515
-0.505114679846096	0.343298289595841	2.73120314903515
-0.554995697206641	0.322593913498014	0.94212755824997
-0.984473009890655	-1.39682660910211	1.89696627044285
0.0995557236090806	-1.52021273314961	3.04838331903138
-0.213080375634945	0.825211706961406	3.22564177857828
-1.14721861016872	0.808255573429534	2.48723869351787
-1.72297997579276	1.17723842903547	3.1719582437898
0.0905740078684174	1.48550722943916	4.013332150268
-0.586433736662148	0.779687624628198	3.05465002899631
-0.818160697257274	2.51167571571068	2.00778498195528
-0.398097499681736	0.98962564905734	3.23073507665556
0.106036411670954	0.563729664304823	2.83867815289976
-0.109977555096396	0.741737350718081	2.45321943894488
-1.45622515222901	1.09185874861194	2.85480392499414
-0.168014170590622	2.72438085824166	1.41519387864588
-0.632647051597686	-1.48279342475626	2.71770756990994
-0.985982895254601	1.46520813959586	1.72937343551064
-0.613328127066907	1.21154064353245	1.81631063076481
0.337318844342658	2.12358730511323	1.73765184550261
-1.63936215766677	-0.651743181240561	1.75322273762011
-1.24943025128632	-3.04121056061171	2.2078896638477
-0.234329134985108	-1.47020038359404	2.68553602069506
0.00599802085720014	-0.721064114957479	2.62941408159177
-1.10236629908411	0.713888964478213	1.9943667476166
-1.10236629908411	0.713888964478213	1.9943667476166
-1.10236629908411	0.713888964478213	1.9943667476166
-1.10236629908411	0.713888964478213	1.9943667476166
-1.16421835849033	0.510840014759654	2.80901734341145
-0.571394803564281	0.0449354538433391	2.20001897439968
-1.88741854277868	0.18665132545869	2.15097154926892
-1.92189786018531	0.658162272529332	0.900248621175061
-1.37679632085997	1.71546163921648	2.13918095844699
-1.38598427968097	1.29710304342785	1.31143970197433
-0.0552560991612086	2.43206338164532	1.4165867996125
-1.22557610904985	1.8607145480962	3.58629807881049
-1.58209458082946	1.80684304572814	3.97035124210163
-2.40806349233434	1.87286172288151	3.90935973870188
0.0493703715905963	1.07288964931278	3.39178612932523
-1.49765453098116	0.508990954179878	3.40781668010183
-1.66967435814417	1.32525657717131	-0.449505361866977
-1.20260016185318	-2.09559006513265	1.40744246638812
0.138611736299058	2.6172499135272	1.6405503347485
-1.07100805354613	2.0597243141096	2.7769702366272
-2.449435044804	0.953107317751955	1.30050979909495
0.0055554517994843	1.01791853124913	3.20466847353781
-0.864605509705655	-0.301167568328961	1.92423801512646
-1.37587532492007	-0.0770169708996279	1.64481241965123
-1.34300776883469	1.12072782988147	1.3373041492435
-2.84380605588681	-1.50167661648569	1.71203280495386
-1.33669116373272	-1.02307379875651	0.882286472148174
-1.39185317825313	-2.85698695813716	1.29742265982667
-2.15629220128606	-1.41868064389863	1.72261330277615
-1.27050940156325	-1.26251617194279	3.17635575411893
-0.0543227067969265	-1.43249730589367	3.36447420506414
-0.816933214907922	2.03242839358452	2.59342936866386
-0.294041581783848	1.44908741421059	2.9912561851401
-0.596711325601084	1.39099292284696	1.92035477992803
-0.926485445165378	1.47549866476672	2.68831611523531
-1.74647384443649	0.660684507208296	1.18665208174036
-1.55657316128951	-0.219923979976998	1.38924077421235
-1.00523184636622	0.411889624157595	1.61732610222957
-1.09327448574054	-0.501395371160334	2.09265937148611
-0.811853858798929	-1.51829125194084	1.72036891877862
-2.25436173954394	-1.43518086078108	0.673758440555648
-0.978906779924555	1.0347441355136	0.534904168762206
0.521179342954154	2.70350806723084	1.27608648672634
0.735861040874797	2.33620137707467	2.41584361863268
-0.882624235846708	0.96131164873542	2.16842195548625
-0.56259872403074	-0.909560207394643	2.78474411907662
-0.848440449527887	0.732218843229927	2.99030632124544
0.425254095556533	-0.129420263132999	3.45800647854526
-0.955646290412497	1.12472210159692	2.26783114997118
-0.938717987486502	0.601796540333101	2.00600477495712
-0.417708008788102	-1.82356987750821	2.32622016190178
-0.666258980627731	-0.47063954814534	2.22602201056001
-1.50407018999078	0.68528942048975	0.710074176508211
-3.34852664814321	2.25801749091048	1.46429355379669
-1.02267792152698	2.62046041285492	2.48343932410731
-2.49533930229944	0.485992478270919	0.262474694427416
-1.89087584767772	1.07261830767966	2.40201659614291
-0.6722502038677	-0.156981722443138	1.26675493879059
-1.30616954035512	-0.348183626361318	0.902448941462547
-0.685452319372426	-0.960399654560852	2.4384180537727
-0.506191177053833	-0.682078074630796	1.62480507624946
-2.32440028376677	-1.05558268083991	1.34816527091083
-1.03609299808331	-0.181464474965072	1.84919275088283
-1.47925668969464	1.451348004942	1.26496270072034
-2.46715139605719	1.58532422070848	1.99642667010896
-1.28332130546258	-0.0360450100376679	1.88436508050384
-1.41672170802658	-0.308361860164925	1.54865628008732
-0.387606286050126	0.665340821202492	2.67884524672334
-0.284694765826653	-0.416539744326037	3.12004846076601
0.187403228513477	-1.22443629509092	2.89181319454508
-0.0859760465353821	-0.94597770796193	3.20954885001822
-0.615450081439072	0.569314828961545	2.31003451496128
-1.02082490418806	-0.466690194048439	2.10826640179343
-0.54971205578271	0.176766697629995	2.87712854412135
-0.308291234496921	0.235917965439268	2.79482782863936
-0.308291234496921	0.235917965439268	2.79482782863936
-0.308291234496921	0.235917965439268	2.79482782863936
-0.489970132643129	0.156045855624537	2.28547327262088
-0.527659020816033	-0.687283461168456	2.68496409843136
-0.961650998817109	-1.85956389573233	2.22005301273183
-0.732788550131382	-1.5796152286791	2.35190294826737
-1.5398635226832	-0.622125955154022	1.46845763765932
-2.17267191737913	-0.99234258397286	1.06086631792703
-1.38168505843451	0.175059424437963	1.70284730750111
-1.07469306720854	1.08756175211849	1.92145784352135
-0.551827931498222	1.1636760186852	1.83322253581509
-0.74741663922969	-0.365146820406624	2.91269236419369
-1.03859891544691	-1.17520452735097	2.17035772556894
-0.806096369473133	-0.653376544006898	1.92448689992891
-1.91278288138731	0.774621538728285	1.92812981642274
-1.46717613786365	0.6809881627674	0.991147761285743
-0.230415884275743	1.53206901583486	1.11857704183503
-2.1978456654555	-0.576718304553284	1.75841529868881
-0.0271901008582753	0.520197594974472	2.65892496005049
-0.818368394662342	0.772220793069917	1.40902184764308
-0.0358370457330248	0.0452972138488697	2.46751174241434
-0.749336295279113	0.974490981809667	2.749856011506
0.142455077810991	0.616717405440749	2.89389742233802
-1.4203520498637	1.06179093586641	1.81910749428154
-0.658020636291162	1.17370516497623	2.16689945203897
-2.41043077970086	0.818286860302688	2.02750178992041
-1.11276033596074	1.6665179837811	3.25213489120498
-1.02658606461118	1.44988282566118	1.91367137519158
-1.5729605958169	0.493432668323547	2.90064009774504
-1.09763049442839	1.97554406847546	0.830165988607086
-1.37512518769046	0.742667892558979	1.425346242113
-1.18544757406854	-0.396763665750728	0.730390217504897
-1.52431311073857	-0.334685773417154	1.34636635214576
-0.857318143093595	0.812802627324419	1.66029904471915
-1.0030201478136	1.54776487209764	1.62780798695899
-1.65551379056449	-0.552897545479866	1.86978806682134
-0.566029692586544	-0.276278529604626	2.52324702560167
-0.880973820762222	-0.585963459968624	1.33752198447023
-0.491197393846186	1.42691174263149	3.76494568437689
-1.72910967008323	1.65580929416514	1.43656687802692
-2.3227411660429	0.666924205076642	0.857838792666568
-0.0329533229469108	2.4416764064554	2.02951812513314
-0.892364691314643	2.3475227143876	1.14369298858258
0.715880258450671	-0.535011875509892	3.96971500777666
-2.37729971568283	0.963863890694113	2.64256041832354
-0.558104433998758	0.437227555682418	4.97526804235766
-0.0259144082261291	1.40531734995121	3.36324827784487
-0.884040269693363	-0.683762860284942	1.9084872439271
-1.1974844918457	0.997666391589436	3.47302522283772
-0.267331697007155	0.998277302305804	3.65481099272399
0.358433903307081	0.959445617696985	3.14267794319173
-0.549542386926327	1.39666634887993	3.16221804840298
-0.0489831969941714	-0.33724499165854	3.21441310695116
-0.665518376257927	0.165157305201901	3.6161075208157
-1.14058088391715	-0.599476753589758	2.18971334940218
-1.14058088391715	-0.599476753589758	2.18971334940218
-0.2907431496282	0.138435638562965	2.56703182109099
-1.00293295104877	0.105532310617749	2.36000238339912
-0.530949229238492	0.302360810131611	3.25257075738282
-1.94108667460467	0.436602670164848	3.28403435520903
-0.804386102344784	0.85639160575131	2.60668207097149
-0.29377320460984	0.220033035548047	3.09158986049523
-2.41950727111249	0.00520898174244994	2.13573910457189
-1.5660964446163	0.794358185086577	2.45304290866907
-0.697569846772977	0.851502564597823	1.94945234052428
-2.51184721058558	1.06109966562857	1.42692624550989
-0.48010558223161	0.511544227436502	2.4568681919504
-1.17543430832245	0.38103006093481	1.73806087065261
-1.74283372102663	1.41608884279607	3.72467890562846
-1.11516071318894	1.23693035355028	1.47119249038509
-0.0790563746949734	0.405535857547976	2.27714177628677
-1.11482135045404	0.134913922002405	2.82499533924779
-3.38270799640087	-0.012985042701148	3.07125067788292
-1.94553669435805	-0.342110387349365	2.45053965050885
-1.38085115654147	0.0693952705683505	2.34725914838276
-1.38085115654147	0.0693952705683505	2.34725914838276
