1	1	1
0.735677698772466	0.455091097112902	1.48482780638141
0.68176034334909	0.407625628221695	2.8612027953065
0.344564572779797	0.415985887731117	2.11152660719893
1.05563575170027	1.13895046447409	2.22194299638312
0.814673304432227	0.822107094564979	1.96620727113803
0.123990600612467	0.91962261680404	0.982335689954607
-0.585350728524086	-0.148905387762245	1.91977859442896
-1.17800029815214	0.223304873645068	1.18434892943063
-1.17800029815214	0.223304873645068	1.18434892943063
-1.44943452969466	0.65976296185995	1.68745381575112
-1.1336839087321	-0.974675949488249	1.90046878540549
-2.36376867087046	0.800207451642709	3.12836520558706
-1.18834749622815	-0.861954851287253	1.92655288722645
-1.22749939895559	-0.0325187742843184	2.05172902920761
-0.369704621443583	-0.582600980992853	2.51703812324006
1.25419443831154	1.81551509410869	1.83977284931633
-0.707714901217417	0.982093776460753	2.30219229718824
-1.11429513442244	-1.04048187573412	2.06572712804605
-0.484513504016879	1.09093218917336	3.1062338116055
-0.436922464469142	1.90997792533914	2.33493279474996
-0.359187733744901	2.01045314518127	2.25370601336445
0.00967653255723996	0.600841113628967	1.15331469980319
-1.02305713832031	0.672878782263043	1.67592582830198
-1.02305713832031	0.672878782263043	1.67592582830198
-1.67265541105893	0.964774094721851	2.29745473535403
-0.601535533138425	0.82583411117348	1.17550996299036
-0.601535533138425	0.82583411117348	1.17550996299036
-0.197718871127357	0.614669451195851	1.31362638699377
-0.197718871127357	0.614669451195851	1.31362638699377
0.317514323875698	1.26336656011957	1.88715499063591
0.164162078201094	1.10358476088285	1.10843230874557
-0.358622844205758	1.02470123039921	0.814649433097828
-0.340243115786166	1.19877762404118	0.836373935207731
-0.466395204286312	1.37191980632601	1.08254281679136
-0.597165183110687	0.120155084277845	1.56128487271797
-0.597165183110687	0.120155084277845	1.56128487271797
-0.6530452201313	1.00858049287516	1.59989532437072
-0.505036657443833	1.31108414390795	1.78141581884141
-0.751930429832599	1.3582464352799	2.54544705588274
-0.474359554708063	1.61744745761186	1.49584802820909
-1.03364653217503	0.630749502648856	1.12927732771525
-1.01967084266066	0.655767015940231	1.28471969216963
-1.49622146045876	-0.149740942567298	1.42837846059772
-1.05418406933457	0.10275873841407	2.82990825429268
-1.55256401736017	2.05425570261953	1.76709591900763
-1.09903353710602	0.172338221256222	0.936665667218214
-1.43452564003695	1.2205066334506	2.96672411985449
-0.811793992737124	0.357940158862739	2.80035931489375
-0.443257970426519	0.329028066096834	2.42420659237741
-0.249386733052579	-0.0838417553605022	2.63348391107808
-0.409956294577633	0.553076045470884	2.10047637562199
-0.5685126524459	1.987278970829	2.67231476707371
-1.22536468434209	1.2029740788547	0.819812612758517
0.863109412538038	0.606693684312992	0.320166425479193
-0.17318231700347	0.829905697917989	-0.00394487987687531
-0.483769479326426	0.886739361479114	0.143485805669731
-0.635339553247543	0.140099467863702	0.0499462895406588
-1.18079596375361	0.67825249671584	3.32264171053578
-1.15759491265081	1.29207579390184	2.50294275252131
-0.0981150890547635	0.247525046348866	4.43895176239528
0.782176369614517	0.253181646044929	1.82614604890602
1.17539793974797	-0.803453544542665	2.65018134261636
0.346947232578054	-0.424403838199771	1.60541732498004
-0.104402776471986	1.59150551892244	2.83437557197212
0.0152391297338823	1.58539604338152	3.77606364775651
0.123342309176953	0.288797608398555	1.06046725616711
0.64704164563119	0.864512849103565	0.368149635612778
0.0842520639715469	1.89378727181262	1.63295663078506
-0.39298082599082	0.212739875792415	0.156072575932825
-0.846162293372221	1.82132137018044	1.79304343378161
-0.45400377729838	0.60475967799623	1.84955292964744
-0.45400377729838	0.60475967799623	1.84955292964744
-0.281802262442097	0.109329291648093	1.64992844578383
-0.0949735400440914	0.0607252540219379	2.52598959327484
0.398288347658896	0.934564538928837	3.28406023219079
-0.00924674967937944	1.28315691799844	2.61694516862013
-0.719639426335442	1.43012417976894	2.39991421679914
-1.10654753455829	1.32220282846137	3.10237324829953
-1.10654753455829	1.32220282846137	3.10237324829953
-0.965684243785458	0.777771379366804	1.05247238962243
-0.801369767636066	0.461301188051061	3.85062779527472
-1.68251170954381	0.27464862571667	2.21574597875872
-1.23295820780583	-0.00920746850249343	2.60408097086027
-1.39800794108514	1.05509928400693	1.48944035807001
-1.39800794108514	1.05509928400693	1.48944035807001
-0.0952597914139604	1.08583094850346	2.42786596129668
-0.871547577166089	1.28432652768787	3.49673110618322
-0.265132512715292	1.8340547869597	3.15403846584027
-0.667734210380539	0.547434475916	1.94378959554586
-0.332565720607979	0.699295956639181	1.91135754821909
-0.0642648015575831	1.27255969429685	2.3384727591063
-1.04270388492543	0.564125889180071	2.96163761132478
-1.77800233692036	0.907559186525522	1.49225237217355
-2.62692197254681	1.05720421228545	2.1539128407761
-2.12761944728029	0.70348566390922	1.34238973372702
-1.165850271518	1.48826172957605	3.09762803613973
-0.713581248798648	1.15896563326839	3.31990402840864
-0.206515046076099	0.839517982102889	3.03705685629182
-0.314451023223928	0.188463158718771	0.207340295355296
-0.670640365462423	0.628566064048516	0.794424713736949
-0.126141151839192	-0.564798247119137	2.434829403677
-1.65670190915079	0.237994420217565	0.881034097861052
-1.08392405459997	0.538468231058634	1.98461280626624
-0.914750142841226	0.134442661734781	2.60915422071701
-0.378977689912931	0.23037830303686	2.85876404879256
-1.11669865904214	0.444781367149548	2.71693874688588
-1.06298210886599	1.16584421741008	2.66576763575483
-0.58818958632483	1.28938954313504	2.22147875181403
-1.62859351958442	0.949148279195265	0.893343030211761
-1.46305777877246	0.405773650035271	1.24991184442221
-1.47931823410854	0.738140259508581	1.61207477434703
-1.43198414877682	1.45049965918307	3.08029326058254
-0.407456706740267	0.983767559638085	3.52832685185033
-0.612421789620001	1.4742501889275	2.17680653714534
-1.37893290408175	1.37104234447365	2.13687914404864
-1.67971197638555	0.759185468737774	3.46599461019118
-1.03311414121804	0.563009044460447	2.06753610644234
-0.140681900893762	0.682677899612794	1.58204549055353
-0.284530806401522	1.2541687072153	1.41686835847469
-0.418129011232683	0.772435893993988	1.70506564650053
-0.418129011232683	0.772435893993988	1.70506564650053
-0.314911563052672	0.805541761436644	1.37887790750278
-0.314911563052672	0.805541761436644	1.37887790750278
-0.381340104361604	0.0302331553382545	1.70067257294045
-0.824916132739773	0.718818408966881	1.86680431748963
0.152604338563679	0.750813723964108	2.42766241684169
0.257406800899523	-0.068830347559903	1.50896178525605
0.319532083013114	-0.186375532166683	2.43123698537607
-1.74445393739408	1.31028018279659	3.32202956189881
-2.17802768894543	-1.4182676843509	1.25532913640767
-2.96200490752084	-0.889235986333831	1.25579866612377
-2.41147749014899	1.13603470949241	1.18186724270986
-2.15468482009121	-0.526269492057594	0.677639191586593
-2.18864668708164	0.0710456693403644	1.56924134029087
-2.87135384909016	-0.389174568136511	1.32923846672398
-2.45280486542104	0.62549378695749	1.0357035717814
-2.07296494078849	0.44369701114757	1.57137049686558
-1.08197522165166	0.243782440474255	0.379292544953659
-0.122705303148944	-1.12867389392851	2.30071822200013
-0.497113322679217	0.507428535144901	0.976989395905738
-0.138785229521033	0.386836593178375	2.32465689534835
-0.694901952651333	-0.870120480666837	2.63431653741502
-2.14935425963669	-1.225634233684	1.34840268217833
-1.74118752584841	-0.0655201677822204	0.65944510250469
-1.48179494876118	0.376043787238563	2.24298294229599
-1.45072872904153	0.952214381947805	1.3817194858404
-0.902782200295193	0.499539239303742	2.51132012054099
-0.198505182282037	2.41646132810267	3.26075948775575
-1.19590265667724	1.46423742586924	3.09142621032417
-1.96280880202658	-1.15087892582679	0.992997684197829
-2.88691459684223	-0.540524299712987	0.395364798570909
-2.89726170990784	1.12090004481442	0.918668348270983
-2.03310451748773	0.615612217665005	1.31001126260691
-2.62920578638345	0.128561665441139	0.823755650198495
-2.75427993427836	-0.892889927580687	2.19272966166153
-3.18588352804379	1.3459480077855	1.85514530610356
-3.11060350322574	1.09165144151155	1.55373987677353
-1.91682808235689	1.22901290953595	1.85761571412948
-1.37310298694512	0.173051700661877	1.03912499763356
-1.64651136581839	0.0652719033434197	2.53293521791323
-1.30823871684632	0.622816742092123	2.63006846794306
-1.06814548922569	-0.121424320973697	3.02590927133736
-0.727292954421662	0.675037343012024	1.88707476450339
-0.880231549773483	0.900622689729262	2.62075892463413
-0.210751899374484	1.77957107220494	2.6480300270005
-0.65107453580284	0.191167148847745	2.12942923088472
-0.458635783621113	0.800109863620506	1.40920252994294
-0.458635783621113	0.800109863620506	1.40920252994294
-1.81117652074628	1.52798687235101	1.92345217542172
-1.91875659669023	2.3533622915236	3.18843752408859
-3.05103207024038	0.160853817599101	0.18112008760145
-0.867460450467989	0.89886516750034	0.523890615873583
-0.347026800285017	1.33476195977848	2.27495403623806
-0.490248139044705	-1.15943152805598	2.68731676806807
-1.24432927049384	-0.318663013005575	2.47875124302804
-1.25280267374452	0.626242984870564	1.1853051167413
-0.996975930745033	1.19635602405754	2.89263315496654
-1.32352554225347	0.971456085399762	1.49644799872623
-1.38917527659758	1.03875003036376	1.54022533854509
-0.963319229117448	1.28736355124069	0.917230392105253
-0.395142349368397	0.7911859615386	0.998519903822324
-1.36301927055762	0.61847037187588	0.557890449597778
-0.142107275993529	-1.24529994105237	2.03445406082679
-0.381614944319726	0.601535751142431	1.43735285932909
-0.525521516260668	-0.457192682780884	2.21599240812623
-1.10592826369696	-0.539362749464619	2.31899171635574
-0.908133121708315	1.12895988870391	1.91679151128693
-1.55474958250184	1.33119944269204	2.1418679560108
-0.856072221920308	1.30604094505533	2.29940315962977
-1.33278633558915	1.2282187569611	1.1432879655547
-1.50972642401311	-0.359939076572218	1.30374695664603
-0.939355267900803	-0.605872091684476	1.37728377086105
-0.0886557304240444	-0.244096622036816	2.09698239462178
-0.40041403524629	1.48599628313768	1.62340632154767
-0.192521546935202	-0.231672664867975	1.65649766937638
0.124244607770688	0.832313568632633	1.01981172260567
0.124244607770688	0.832313568632633	1.01981172260567
-0.911831500183886	0.778961646712202	2.41805588365573
-0.66629585056016	0.805240727402796	1.79601548123491
-0.947589464136641	-0.571432095060764	2.12349581472736
-1.08051821758378	-0.437514005380211	1.11521496838137
-0.210603373608826	-0.0970668140415225	2.32681455483431
-1.99111725948842	1.1291098146261	1.67337856401494
-1.31797530469044	1.83283966499816	0.886653989366168
-0.267092195980045	-2.07554011201187	2.02322589204653
0.0278534535299152	1.25619901397051	1.70574281321821
0.117778337649511	0.399567902146888	0.9674949819569
0.763063888283224	-0.157073312144095	1.93724064123309
0.548544135209177	0.125035089384427	0.951061103850744
-0.137104292187076	-1.51904105424547	2.07006424422538
-0.351173384156452	-1.21943274587425	2.72145187012928
0.0265099974502315	1.8042793315529	1.20542240104123
-0.630136086872505	0.838623579142999	1.20910827072576
-3.17537448983688	2.11535114774629	1.72490678519188
-3.17358891232946	-2.82235308977447	1.70669917417158
-2.45677696165512	-1.29912670827526	2.86378610749622
-2.53690397210795	-2.91719067179188	1.71468705624866
-1.43715303612014	-2.75638936778725	3.34065696676632
-1.58715331898026	-1.1365764418365	1.38138127064332
-0.551803564759983	-0.451938457524931	1.91711758003262
0.181092214784871	-0.43046498652692	1.03287537400769
-0.126123486793676	-3.75313783431638	1.50999228275217
-0.10779112252681	-1.31667493459284	3.12791986214017
0.358131657299978	-0.145643423250979	1.73063353048847
0.286260228396228	1.72384144459335	1.91814209333465
-0.490760606154496	-1.68161439604455	1.95709185180704
-0.3118414916806	1.02430471362784	2.39904357364826
-1.93556995243319	-0.842965388244106	0.427906516946996
-1.92068679533677	0.314384265311269	1.69301601695989
-1.98933678549838	-1.08509284846644	0.823063744994872
-0.202836458006407	-0.762113294835183	1.65835506989356
-0.739638705741841	-0.303771173433894	2.38891699666514
-1.2052186108743	1.11890930704209	3.09983992712391
-0.459516436777047	1.16315811662329	1.74820975864129
-1.28147584684579	0.743382592139333	2.91114509403877
-0.264042849773521	0.0682759660703662	1.67021672330486
-0.933707500222761	-0.506193635835387	2.04052273087491
0.341564263305753	1.29184779481874	2.14709008195663
0.891339329146639	1.20362177880701	2.18308230480561
0.00825266006914471	-0.533329043323433	2.52073868836432
-0.0749553760997932	1.26621569533746	2.28247918165696
-0.0317017791540481	1.04151213903463	1.87257413312404
0.541781983547484	0.000452782462022849	1.51877925941239
-0.480695240230887	-1.25119452016662	1.98897520384609
1.12607764170491	-2.06972475088954	2.61693532968217
0.934923591907096	-1.1343919436702	1.78673652959585
1.70481430071651	-0.763218124502667	1.50187323506328
1.85488617133764	-0.174592626535873	1.25126327275059
2.77003593189743	1.20412858701268	2.83069996001889
2.41124805546182	0.256160218740121	2.63352432153074
2.21499653551428	1.51363264488693	2.84716024747154
0.869983019155088	0.704645980819661	2.71972720213225
0.146025437182123	0.729032190118698	2.12854717242545
-0.206626400405672	-0.644952035901775	1.64070958239286
-0.214636666500701	1.82070263406185	3.24176908119757
-1.65176233159643	-0.718156592947426	2.81725605356316
-1.84175919478782	-0.817997713419763	4.19153457502027
-0.990815302142986	-2.41672806421195	3.26369525250026
-1.34306956305952	0.25385050369294	1.95638239776924
-1.31534864644348	0.532965227203732	1.84650099275756
-0.540744669985751	1.02757649460494	1.6112596802158
0.145091131905552	0.357224290235765	1.705813268843
-0.185535597395412	-1.14668802289573	3.74323030037128
-1.25218321588496	2.02198419067134	3.61645974419889
-1.03943067761259	-0.72627947028082	3.36207310995596
-0.301169776641692	0.0664736459725576	1.08169882274645
-0.743362666938428	1.49280963796175	2.57955473302192
-1.35382606044722	1.77204362376207	2.52455050960477
-2.27108366486698	-0.698407508498623	1.3457548595002
-2.34836197225909	-1.55664711070534	1.89436638456663
-1.9138312052689	0.752931538036316	0.998983258704262
-2.69290650946045	0.0331832437262807	1.85493620356769
-2.02545796749698	2.05704101529143	0.50023130400142
-3.07237722625182	1.149616486605	2.43454871633056
-3.98117632942143	-0.0226679479612282	1.81037734901236
-1.60231056518847	0.197812295316202	1.59826747274226
-2.02301852186843	-0.0946544820810077	1.43823909462875
-3.32775097226095	-0.737445232253169	2.47525521722572
-3.77463919756046	-0.0685727485220864	2.69018271619911
-3.12813089954179	-0.365400316393291	1.65664154621343
-2.8904530232089	0.638042805416726	2.89062996583314
-1.90914846819379	1.38840019875331	2.09888456534535
-1.18501146632317	1.19762306446686	1.41686416884465
-1.87896847178025	-0.680147830969627	2.1544766417346
0.243997129201311	1.35019941288792	1.84379961753979
-1.36990296066188	-1.49342599771124	1.9317874246733
-1.33131078741703	-1.16782298925971	1.02566900189486
-2.62461233213675	0.943359408346444	1.36062782791926
-1.78585323328518	-0.181850012205293	3.81536190914908
-1.8995438270099	1.60626055277124	1.3520286685435
-1.82421936517417	-0.176773197749699	-0.116700919451115
-1.66824291745856	-0.476742030311272	1.37366863573465
-1.66824291745856	-0.476742030311272	1.37366863573465
-0.321770434096042	-0.465560707896065	2.48527610911298
-0.450685831421773	-0.844039489672883	1.70256279406494
-0.67649151321005	-0.935763272988219	2.47869270360372
-0.0509216088963004	1.42053320534712	1.92407040174035
0.0188098846575657	0.800585826162347	1.94093742893518
-0.345957245997963	-1.94710316829862	3.8700743037124
0.0532948914931651	0.476256933825758	1.59776853169051
-0.626156952388124	0.163192561663384	3.02664663784604
-0.456212304073373	-0.208518415966073	2.26312261060248
-0.391611034860031	-0.926364990798048	1.87674469851059
-0.158945714004132	0.476184448831635	1.89067794313904
-0.995852916285375	-1.31464233608465	3.07153926980032
-1.21999577519947	-0.870124115146245	2.51625878870406
-2.60342918496864	1.73713805131027	2.39923667442837
-2.16810644940644	1.20019251090775	1.16431420405451
-2.18775223590671	0.481965453525659	1.70774887069495
-2.32738763314219	0.887585651991535	0.795222795792924
-1.6457967704376	1.69016308607224	0.863795839195709
-0.305664088140337	2.96253522083278	3.13459077206047
-1.09103912930592	1.99428339311975	2.68552346216476
-1.05966852901009	1.74869976850121	2.93181616500167
0.0553040839598187	1.37874291601526	2.60303094752937
-0.31422434686595	1.50048788246343	2.55453349245726
-0.31422434686595	1.50048788246343	2.55453349245726
-0.130969567361856	2.15764960928952	3.00111768728555
-0.994495308400417	0.262090757480405	2.18698127222828
-0.813275123395012	1.92268518042454	3.39083853418181
-0.462925976300265	2.04266673258441	3.56355190384056
-1.19605971147122	0.930318022717124	2.37827751967568
-0.506307732504414	2.11437681044647	3.05632830132854
-0.406177540995617	3.51385854432815	4.08410644057597
-1.33870099204762	2.72459645116446	2.72385998014183
-1.70731022863237	0.170601514199386	1.97787449932034
-1.36055414578795	-0.909617952778575	1.75856248009109
-2.09771024743182	0.150566977217207	3.15974988967789
-2.16445019648839	2.26390719530769	2.12105825816401
-2.13278897436091	1.31521399374335	1.14918950432049
-0.75303848976704	2.53733941321271	3.87724979479506
-0.539608450508488	0.832852542352434	3.647629978652
-0.533555327456233	2.28806074773133	4.5242076689868
-0.23916333351217	1.37550051549248	4.2346793876798
-0.803227303735203	0.0257514378705588	2.03821465198071
-1.37387902877321	1.3896049049662	1.74460882327059
-1.0539105087256	1.06209784358449	2.05326413288201
-1.23827669405615	2.2197540406263	3.95333783628328
-0.794878758641936	0.888558225119731	1.28992744236512
-0.631052531445281	2.21276368155645	2.34756826206959
0.369745738132445	1.54019023188339	3.98816531775655
-0.569294888515029	2.91367128552063	2.94426743537214
-0.194291001026863	1.24221542323251	3.57012426181189
-0.0132084002432123	0.324930193461287	2.25134631839822
-0.875170068234985	2.13572686109319	3.29109136697585
0.2048453340902	0.556842681607487	3.12320357048646
-0.248888784350784	2.37398229431588	2.67831564357129
-0.693557605683887	0.956514208356916	2.92125125117125
0.125058984005832	-0.431984190716842	1.8018545201695
0.108901258188604	1.24675034823843	3.15460260805371
-0.283524728592357	0.472853839898079	4.13938998399707
-0.422986597818597	2.20639466198719	3.19904039939178
0.135391912393218	1.23180415907456	2.67964588982292
-0.378334991412326	1.21161889793791	2.81490985530179
0.678024793586674	0.93573450502902	2.87417672505491
-0.246558616390118	0.972178221003259	1.85664747063703
-0.610945675902498	1.38748963542281	2.5508080941176
0.265921706084366	1.85568850919033	2.45263791223285
0.761812578935131	1.57809288079722	2.95538327105847
0.0269791670320843	2.15645147097084	3.77222591088277
-0.911873671093894	1.33884654306368	1.96711532934034
0.160755465196247	2.26569211775777	1.57285947725762
-0.517019071209766	0.538022729842149	1.58307949518483
-0.736200200186355	1.56605556330051	1.83373548769023
-0.20524020754781	0.493969700360348	2.85552690660376
-0.0440406351842985	0.230894187633329	4.30690082229804
-0.287442278362311	1.18509622633515	2.6017945626661
0.866573002774761	2.3336926119076	3.25593236627961
1.19088310440391	2.00556209132497	2.94437811773335
0.444458591464802	0.868147491561188	2.96182414299728
0.444458591464802	0.868147491561188	2.96182414299728
0.21955398544342	0.442988767044126	2.20427287933703
-0.806831915312692	0.824891480468415	1.20963465240428
-1.83952466591343	2.1787715517972	2.44257112522114
-0.352592564933344	2.04131648402779	1.99588754330774
-0.901475139706117	1.22804027366429	1.36060569247376
-1.06489159645756	0.730363080451255	1.11610870522666
-0.930993686906793	2.86061743935563	2.05533230499618
-1.14654926271932	2.11175441407437	2.51934176154073
-0.769187062679218	1.93352667681276	1.7574648772681
-0.769946659647162	1.84563210496073	2.11261862047619
-0.63423001337562	0.600327076697739	2.286111719186
0.704802159645589	1.06391739852007	2.14412073418071
-0.646490209019955	-0.849010974374108	2.80509600407545
-0.45585734707331	0.965452027786701	3.03495288181444
-0.537599601216358	0.820536156197717	1.68825371872419
-0.872096922254672	0.541992102834039	1.74860148346136
-0.143569878509876	0.244357143212017	1.93559662368147
-1.0757034844488	-0.475646699518027	1.61607874615908
-0.857810628930382	-0.74470839751843	2.59381222875685
-0.618710431402042	0.636790493863397	2.46435877654528
-0.86932205792894	0.748754753244846	2.55742340463718
-0.529891614647691	1.03681870440112	1.23719515219936
-0.409841598361479	1.38548772402418	2.79527045857464
-1.0689006027847	0.785272275620268	2.19551886046955
-0.526870412064114	0.88584459932331	1.1354279387934
-0.48482209266416	-0.130038569665799	2.19493630387044
-1.09164204569606	0.323210374884193	3.05447547026305
-0.992488854025182	0.567106525122916	2.82426537224799
-0.916207842449037	0.812501277721157	1.94142320322975
-0.785751643293298	0.964211241285377	2.04610071758453
-0.283837316807239	1.43603975398494	2.11382535574392
-0.830907700043653	0.319884581310241	2.30730978925912
-1.12970744651737	0.965299392711634	2.12384409018991
-1.16559224461932	0.878619839973871	3.35082670414084
-0.320319024412757	1.23907162429305	3.27001008018384
-0.536671942184814	1.51316556753872	1.65319473779078
-0.133422364986936	0.764116240684442	1.71655788790699
-0.69788109278664	0.610986317976769	1.69642854258147
-1.17449623003305	0.382095146541983	1.11185084924552
-1.10934213169795	1.31786085569975	1.26517663619855
-1.28536509193054	0.835210548815738	1.73904240535285
-0.729768030884248	0.608172491844865	2.01071688033644
-0.685468643337958	1.02927402603626	2.54652113573631
0.181914872773503	-0.170048080955914	1.6208400088169
-0.251083011455916	0.220586785254797	1.99776159070958
-0.181934232980458	0.905339973599495	2.52854248939151
-0.524329974111677	0.340650637734758	1.80402295768268
-0.371974836005725	1.67383621720871	3.28146115380042
-0.267709767799138	0.616434020967753	2.59093321282308
-1.22964266971091	0.193905493971911	1.64905720153192
-1.72387558469477	0.909060821209131	2.6924762909388
-0.868864124976022	1.91945474275071	0.940882434151879
-1.09974228279288	0.630224198529358	1.20701511732218
-0.889475292878498	0.67626714569779	1.20568119396228
-1.36253373734833	1.46475141366259	1.94932476100646
-1.36253373734833	1.46475141366259	1.94932476100646
-0.934485597576917	0.854146770355687	1.95913083059298
-0.934485597576917	0.854146770355687	1.95913083059298
-0.759376211282171	0.766956904130062	2.27792605032805
-0.278070917536616	0.543816246432437	1.97796615291146
-0.49463954455824	0.398867476581126	1.54146242472301
-0.49463954455824	0.398867476581126	1.54146242472301
-0.333364888968268	0.0415435904872525	3.53898458575022
-1.18837096182369	-0.502485166532574	2.16070866115681
-1.30752165823186	0.553461991249597	2.82277637842121
-1.46491125715443	0.986570086050554	3.10265500313458
-0.701144619532544	1.05129721965727	0.504314923299997
-0.463927029441167	0.860623428776245	1.1317661273412
0.302261425542811	2.22333396492538	1.78371439867245
0.124826887776357	1.68772368679069	2.19638565680802
0.647710863576212	0.432089375888696	1.87016613529807
0.0695958844322461	1.49822437954425	2.51744521369078
-0.175417957442606	1.34427739656581	3.04750433512565
0.268488967275591	0.54779263118004	1.29402143740598
0.65815377214311	0.797786103540355	1.32263892553355
0.0755510310829271	1.84046765327975	3.00946243584919
-0.0413013008800187	-0.447250704947301	1.69047566708481
-0.760361833257869	0.513240808022934	4.56364271217289
-0.319577891038724	1.37482550904743	3.05823100268812
-0.652710284783292	-0.187744286978753	2.3163697563199
-0.576920449843167	-0.0262569682835302	3.81350668017583
-0.96574690417243	1.00333798178835	3.18747009747312
-0.267361118488101	1.98706649009344	1.40716526028529
-0.851760253463669	1.23004291082162	1.26356933458839
-0.984049425592185	-0.0442263094943384	2.54106348747533
-0.611957065481568	0.270598884262959	1.78143964386784
-0.894608030251465	-0.0593498137257185	2.18736435756182
-0.0515506303001413	0.856096790965657	3.07360816861107
-0.339065135472173	2.58428206518509	2.60992950822834
-0.776289675217053	0.453359350879045	1.11311924602394
-0.00203275145850429	-0.0883775238185198	2.61084513112818
-0.550006272488268	-0.99222936755238	2.02135149908702
0.0157993124097191	-0.142684057496062	1.75515040960879
-0.282560254839348	0.725270582281155	3.16892659888396
-0.183845547151864	0.238266608807218	2.8473648806468
-0.295120144725181	0.741422893245325	2.17230921324932
-0.0277034385300485	1.70320128564719	2.10635697186092
-0.286569402649095	0.220399863492371	1.258672200771
-0.443436350268537	2.79188057842943	2.32791143731243
-0.327216735640852	-0.0368567886426201	2.3655223609559
-0.662290352898399	3.39074235220121	3.68608589418936
-0.0190822617945365	-0.253897937785112	2.9212846018511
-0.50220299689714	1.7361455632752	2.4521014784165
-0.38005894991077	2.9206169815365	2.15750340012624
-0.607574347809381	0.535861191706321	2.0114167884923
-0.491078173894684	0.895631908769196	1.77988885381174
-0.656405143690769	1.2638014844813	1.70629849650026
-0.346032155651268	0.636807332403121	1.40716453720376
0.312260076022752	0.118314881820789	0.693127479754378
-0.467377423632586	1.26347424288475	1.95762306051314
-0.453762363489812	0.750807898491186	0.432161921744244
0.468592770781714	1.37097492943134	0.2642409136034
-0.656305137107601	1.70873018137762	1.50512087964008
-0.737052444887641	0.992662150862454	1.83095189142169
-1.16810582428707	1.81907049386085	2.90264999785324
-0.378114499275135	1.75997524964105	2.76084574828673
0.177649554038318	1.42127534640252	2.02665681806517
-1.39455951321764	0.233148929233156	1.38840382303753
-1.84595469850309	1.24313834400019	0.936861057743728
-1.49293681718906	0.343434270701153	1.92079548497208
-1.00330208894567	1.25600004945326	1.63843395381246
-0.228352634299438	-0.0584778433984908	-0.419843509411958
-1.63941144068121	1.36070848149061	1.07731405734356
-1.78836601220863	-1.53108046943911	2.3491677482362
-2.57608537192561	2.4601264334772	2.50690041508586
-2.89960858901508	0.389495953215752	3.12439475621117
-2.77060417640005	-0.282098103924388	1.56701707520962
-2.10726423187667	1.84472023072647	2.35079068990023
-1.05373347162474	-0.319730764988002	3.67226523946419
-1.75306158699496	1.34734422670663	4.38333735318865
-1.93871943942537	0.426537053537575	2.58534356882406
-1.20052046542074	1.36882770971358	2.37182983959764
-1.14462983302527	-0.0743839464364676	2.60929316701168
-0.170134200639642	1.60862990633935	3.30674355180375
0.205731867330495	0.992929108131294	0.959445939069863
-0.252752923140431	-0.470017332824012	1.75620578882504
-0.917371711825104	1.2397323488858	1.16575148029943
-0.985110312703337	1.12279972728267	3.02454961583446
-1.60352260820041	0.941686586337406	3.19022156611675
-0.642259422438024	1.36298390934552	1.46285850187124
-0.0912855231446384	1.79318380108172	2.4378845587969
-0.260274085998072	0.254162802699786	1.31142574241177
-1.82445848207355	0.2403890369656	1.34583275253395
-1.58287099862218	0.0103797272816021	0.802022114052869
-1.67152492116277	-0.0641675912397414	1.43127990527064
-2.16744356235189	0.222134548332717	2.16824787006457
-1.46600774442013	0.100188146327893	4.26812063447524
-1.24083354563271	0.806506361746381	1.72554323559276
0.0312106834987113	0.608471241391252	2.04153808165945
-1.52528477388292	0.177448025948637	1.16988900456517
-1.56323680811221	2.50718859082542	3.0325822068403
-0.805883044842884	0.580364191466803	1.7302990263565
-0.464252627661538	0.314603097417405	1.72269522800537
-0.980911051325588	0.665915378786071	1.46990141025471
-1.22318805534509	0.815414818912875	3.04703092421725
-1.07169996887544	0.264021118899312	1.67690696895418
-0.845934082677496	-0.0962608685996681	2.11880084338512
-0.668045516107407	1.57471281527496	3.06891380282961
-0.797243960889243	1.23595074743145	2.44368786328491
-1.35453854471448	1.39844670705494	2.93598000614273
0.303994583543364	2.03181610172908	5.26458921524843
0.938406178956369	1.50998396316156	2.13593838332635
0.59378565288299	1.48607400529889	2.5508007485042
-0.36567339016408	-0.657550821847001	3.17400488959259
-0.332779810647943	1.11377616957361	2.77767915154448
-0.51634384507551	0.377702058078949	4.36090902133581
-0.0764078653581703	1.26972429260267	4.50394564780157
-0.526565423002151	2.10740509209409	4.24345502009371
-0.143527645909609	-0.384499834410269	2.85278658783533
-0.736716780467236	0.131009909483724	3.83529568374389
-0.330823363500303	0.544497117773582	3.97001135605534
-0.509884616941485	-0.230140540453814	2.75282447868601
-0.220918121144912	0.83523133943711	2.81079222020884
-0.589241807225485	0.731582220858457	1.70752757243077
-0.379579491142514	0.543254123289879	2.53838151573305
0.291773250433919	-0.719016358669667	2.35777610629718
-0.117100459209486	0.262889441525354	1.22016745659902
-0.882210853573699	1.45626416516161	1.63262416402944
-1.39452794442214	0.969194822323278	3.65875098133195
-0.225941184458437	3.02474598223851	4.61961766007039
0.391242129433306	0.926438607166705	2.91322133528482
-0.591584466643564	2.55632774966762	3.57844347472676
-0.381739229415945	1.70908348391177	1.92791676859773
-0.100168921013	0.339983617532464	2.86157574374221
-0.105267866729359	0.933946761294734	4.78161619381003
-0.464862177898778	-0.232589564158798	3.04878743482844
-0.42676069782724	1.19429158186779	2.52498157861664
0.129267670601474	1.25449601052695	1.9254245183348
0.613939844908306	1.30997976021103	2.38668318744272
-0.488630088194587	1.60538989403679	2.80707046430254
0.947006627258124	1.99194899046893	2.39543382074577
-0.0561698200410975	0.659501574142515	2.24351893670838
-1.02531524676657	1.04579007742059	2.46074821310915
-1.16920228293182	0.906896770770321	1.98331994085464
-0.357986549142083	0.883788946024185	1.56291162441226
-0.0936901198157861	1.4593979905539	3.19700595287615
-0.65160708120924	0.272113175687006	3.59439063174871
-0.762403168167636	-0.333223624257703	2.50168688043202
-0.527936138861781	2.57363502755345	2.08159887008769
-0.236882667075432	1.874516131619	2.50214330685193
-0.192677226617229	-0.0731997641503003	1.54217299498599
-0.872649683531609	-0.333337927219624	2.51291294805684
-0.71781807339417	-0.460032472037487	1.86676920570979
0.377740549402247	0.341496125825863	1.74098792592919
-0.556399130751032	0.810956880302203	2.52979364007117
-0.854426415078033	0.180232663613214	2.0280748799946
0.381137723846937	-0.351125302330061	1.76465533607998
0.739127660574051	-0.0093797052581579	1.12373584748925
0.356292352548708	0.0534404002157884	1.81841385980811
-0.343103535540718	-0.713488707354716	1.99249961921096
0.826230080516903	0.971397947103592	1.8879096109245
-0.178869975439354	-0.171949199758176	1.06525873457408
-0.48534905788723	0.121630075800659	1.82321667003179
-0.421352587426883	-0.184661687447919	1.54042105087331
0.109045788147701	0.924823214145866	2.0328835882275
-1.14361081182233	0.423423263585994	1.03281371643028
-0.832500239975913	0.690373262370486	1.29732472212399
-0.513628693764049	1.35686746872561	1.77994132066684
-2.25461391872707	2.01442906221335	3.0449100916831
-1.74182009785046	0.751559231510555	0.76856253483779
-1.75090115350209	0.246092363561495	2.08876170057506
-0.390986922339229	0.050012013767017	0.886151316139328
-0.433509138361308	0.395696133911218	3.35706506470457
0.0153622487773377	0.295156577046714	2.00156462195472
0.0907629158305207	0.235745101602977	2.44514683797336
1.06896987014445	0.558230372492356	1.5263253648559
1.12285787149306	0.755669804038115	2.07501359345303
0.338004244683212	1.33209626622157	2.74899968745509
-0.253424052307224	1.58483580038481	1.86190990112691
-1.13333968625553	1.95975056521964	3.61188786367425
-1.23001641162335	1.18774869286553	3.48215933534989
-1.94189270339433	1.34144521894651	2.73524698412029
-0.96384252472782	1.21837542787911	2.52524017733116
-0.68024921035631	1.8197189426297	4.10264328867472
-1.43169679110183	0.667523975699504	2.66079518102454
-1.80468951359535	0.543805324969353	1.77901729477421
-0.635673805872905	1.88193877947769	2.14611033579337
-1.47273201950314	1.32125155802954	1.18362964469778
-0.928014811242257	0.909380006460959	2.17688625946126
-1.02707980383128	1.40094481369769	1.51717918724059
-0.745330477680725	1.80285384635352	2.91280901678583
-1.21768415554698	2.07623451508737	3.31822273885537
-0.586400177347936	0.30434798258968	4.11354040886547
-0.607794894241283	0.324172311471405	0.734914685028054
-1.09965978831652	1.21945799073337	3.18879916340252
-1.17309338330819	1.27407230517567	2.79291512382856
-0.43858735505276	-0.541015707855126	2.60734139031899
-0.0920023222747567	1.80496707454803	1.16522851720353
-1.48350468500097	0.354279685991174	3.26367391867208
-1.23303406781673	0.462934575595305	1.26346970159753
-2.53439688535146	2.11642046301452	2.09792926141823
-1.31818301877925	1.25564088558117	1.31317182784902
-2.47411149327045	-0.56475750750122	1.81523808769267
-1.88917284174303	0.159822048750002	2.17685275017905
-0.789922844716842	1.40387031649738	2.51611076822369
-0.381750501109482	1.26280571674995	2.02703071142206
0.472940411040242	1.27949326571527	1.16232842162717
0.803344967383698	0.348343167591919	1.39278183709734
0.523272434314652	0.916935607769894	1.98820003054484
-0.860753097416075	1.3107424752777	0.691926658926076
-1.06992179446326	0.319469021894222	1.65754659914112
-0.718262245021504	-0.530453885962704	1.80199608539743
1.40704233785376	-0.156882875216414	2.29637247570799
1.10181102839826	1.39322190619271	1.50379111024322
1.48676846359238	1.06833369813456	1.41506979607607
1.42179364845288	1.34382523002884	1.99100023505676
0.208595883832577	0.418202310305428	1.18057089571789
0.208595883832577	0.418202310305428	1.18057089571789
-0.269532736304048	0.398612152730316	1.14016499536605
-0.693235382713736	-0.976119958259533	1.78092823001991
0.745970579850006	1.68523914878317	1.7085624259095
1.35883637321005	0.135649474077985	1.56785684554564
1.18716735339654	0.669915315814642	2.10451667112506
0.369728036466534	1.26769848662021	1.79810747944995
-0.37935953031785	0.948037241030837	2.44442290660002
-0.32199822738848	1.57450240018021	2.00361955207367
-0.47687360707198	1.63006089181108	2.78332512391844
-1.10337353725867	1.05679350093952	2.05708327250804
-0.125809095621504	2.01587118619605	1.3821748893954
-0.995049237584685	1.75735426171228	2.15802933786239
-0.936311885416944	1.11877061634076	2.06364087952186
-1.45017632401779	2.13764155705785	3.51593402304113
-1.40521007231221	1.81034383124565	5.03318627940626
-0.146035399743455	0.239232250248843	2.66155250295703
-1.42159299278281	1.16238605140785	1.6574097021199
-1.19513282181947	0.560988001610317	1.77528169810799
-2.94659715473146	0.562324680860172	2.07555907014699
-3.32558735022215	0.575410012076231	1.97648856364644
-3.02667520905337	1.49780317781999	1.72786151855756
-2.94705948377554	1.17953745051186	2.82812639377232
-2.73415946324533	-0.518281688956996	2.65261253111406
-1.84989155501227	-0.232482308428176	0.735170932865338
-1.80817637929779	-0.252953770980848	0.905744518212554
-2.01910457063341	-1.0439997664216	0.587715153653237
-2.64623160725265	0.7042743945717	1.27938327352204
-2.14953111229337	0.942517094719912	2.49339705159998
-1.78620553811032	2.28469111940045	2.20717707648794
-1.56356000063337	0.672452467068803	2.3458246057253
-1.06470983314903	0.656974619430532	2.36087278685223
-0.890185796799787	0.367073260706551	2.10148057760732
-1.59214459382392	1.20280611128622	1.0649979395276
-2.02140542633591	0.338332852981144	2.59034752896351
-2.23702048887097	0.771792584421699	1.38339482954185
-1.51136266130466	-0.506198581240649	-0.0754506354824044
-0.820670631534997	-0.0443038396353671	1.43097633731258
-1.91553011675214	0.817519435946201	1.53619236165918
-3.6083485656366	0.756201754246007	1.59384707860583
-2.78339499490146	0.486672921294397	1.16865349792853
-1.88064700421437	1.38541130019975	1.7929966606578
-1.40164539885865	0.349558233531217	1.78858541053046
-1.74915740635132	0.689813639973993	1.26743082116966
-2.35559306492451	-0.0822368330053431	1.84535577450605
-2.53421300331677	2.06795969687153	0.889810214776734
-1.73355608034191	1.35310961178689	1.41342997987069
-2.53583646499208	1.07646779594151	1.61279813942876
-0.927144188849345	0.429999163527887	1.68845798695878
-0.927144188849345	0.429999163527887	1.68845798695878
-0.671180889276654	1.02135827934609	2.52026713431424
-0.491906620096362	0.119965262254275	2.37677412836683
-0.101509977433382	0.41774064259199	1.39581258897331
-0.71200140278798	0.203569348000301	1.06207915809668
-0.71200140278798	0.203569348000301	1.06207915809668
-1.12581624881673	0.741375469699114	1.95708608680934
-1.06144874706353	0.755200042769511	1.44185695436918
-1.06144874706353	0.755200042769511	1.44185695436918
-0.86287853914671	0.902619088231785	0.97419013218444
-0.743058727596314	0.0870739579734338	1.62544626516425
-0.743058727596314	0.0870739579734338	1.62544626516425
-0.61787896103736	-0.526532568134965	1.23124000353128
-0.247079912447614	0.844990937597159	1.76448902413851
-0.247079912447614	0.844990937597159	1.76448902413851
-0.965238340495888	-0.144939039348881	2.67472373148895
-0.817317177930622	0.326814200457101	0.709892002593732
-1.28082810264314	1.37703555196732	1.50896094463495
-0.805175702337106	1.62804056540318	3.37654095516567
-1.02545190392405	0.252512935441877	2.17112838051498
-1.32196525152595	1.07866384331662	1.26924981212595
-1.16625863479271	0.355420811894516	2.18531678606286
-0.689151336978518	0.668711429798148	1.69282652240741
-1.26789123739835	0.839285596851946	2.18603227811609
-1.47015199453607	1.27421910498786	3.4244143007608
0.417799459793905	-0.0780598555611668	1.59562729366317
-0.0381575944659452	1.60301707476259	2.59684873341372
-0.403006286418274	-0.761671314856534	2.83006503809979
-0.328003388816104	1.02491706865172	1.62435883218462
-0.942366448797491	1.42214923740201	2.04761384257438
-0.184918831217902	-0.235449838874677	2.0148691527963
-0.422360938889655	-0.839200282264077	0.907891720808688
-0.908436572352008	1.20779103320221	1.8315577247224
-0.890536563914528	0.689305797365528	2.26493290129328
-0.890536563914528	0.689305797365528	2.26493290129328
-1.45746946986326	2.17395427113708	1.88514071039738
-1.10873661199813	-0.227522209847351	2.31842751309604
-0.789213139323869	0.493298037872226	1.94702341536938
-1.13912204318908	-0.256509024340933	1.74448957695282
-0.850220536416494	-0.926919561580772	1.25681105730464
-0.395002263806608	1.96361783927478	1.37766184216386
-0.581793191906918	0.929082051443948	2.14772646475336
-0.379032294422505	-0.665517731880775	1.91611996007753
-0.307476977737562	0.493426369695798	2.35402345234593
-1.18788412483766	1.64434820400787	2.39972299212032
-1.18788412483766	1.64434820400787	2.39972299212032
-1.63043735987943	0.240934182590368	0.975807061750215
-2.40464082397039	2.26623451360153	2.05016700905349
-2.38973841434478	0.887102467159817	3.51751914265775
-1.64973539366834	-1.38771484228217	1.37114141101031
-1.50655295518301	0.698387983889139	1.82993583925412
-1.89690218560745	-0.45175913176657	0.915025413588793
-2.15767226272766	0.239982031840092	1.15920263287916
-0.988184287724247	-0.736602254304803	2.2507000864603
-0.263777374420444	0.201538088065579	2.20098202883026
-0.263777374420444	0.201538088065579	2.20098202883026
-0.739410993983794	0.607939971968978	1.04466528030521
-1.96899904688003	-0.219224653039055	2.33257253285642
-1.41253973388275	0.649211956995491	2.65848252712183
-1.31659946696517	0.897065825740607	1.63140363764813
-1.75886603861245	0.166666645367605	1.27934326725579
-1.60576834606092	0.788067987954905	2.64933635037474
-1.3832226552372	0.991472116288247	1.4829886805212
-1.30619427671639	1.00490474506064	1.63819118178177
-1.98210706307879	0.0843084879108914	1.44540627553977
-2.87337323252013	1.44649241905941	2.59361007973135
-2.96670753060385	0.57535356222007	1.91929152219362
-3.13751760416819	0.857231914428631	2.05462049732881
-3.11490267159366	0.0670597655381949	0.517762958592411
-4.17263249738055	0.108621523749112	1.4831680291879
-3.42043818412381	0.965466170960555	1.63517762611599
-3.49018020993023	1.11202800274791	2.9051731826474
-3.27770456177782	0.984047879793804	2.75552816435438
-2.29330736942345	0.916187016473409	2.38129782831813
-2.21634565662403	0.632947468292483	2.40646438592953
-2.30720567549899	1.59700294780621	1.68861879860144
-2.3418017686892	0.774332481560994	1.2555877705793
-2.1803305129213	-0.232192128428723	1.45954512178526
-0.94717934733803	-0.405096501742146	1.28696574189184
-1.52105227910723	-0.363024925305861	2.75791980070511
-0.468617066765427	-0.593517580003371	1.52211058478309
-0.388064193053655	-0.371066263241764	1.20532827896438
-1.07295452299984	1.16801711742662	1.13128767511018
-1.18551963391921	1.12967127971275	1.54113221042995
-1.21826741506578	0.414478529822992	0.689665607212935
-1.27052677701043	-0.224689963134546	1.07958082965606
-1.09283356461912	-0.129684855813496	1.52439914084239
-1.09283356461912	-0.129684855813496	1.52439914084239
-1.40093505716083	0.851337641431747	1.02533585449241
-1.66559173771548	-0.267397468307139	1.82556991948842
-3.22879543668493	0.582140664335648	0.84977628516193
-3.60733448033167	0.609867321744098	0.664903501035525
-3.06269986023334	0.669338324788609	1.99729218367015
-3.77520683502588	0.517193974998645	1.24813428582158
-3.88744357542265	0.482230953440377	1.83378935966618
-3.25032655563304	0.307583927194327	1.18765568952414
-3.18138166628189	-0.135664323715242	1.35592493036014
-2.33942091958162	1.46283501386231	0.81990143151036
-2.48967701690186	0.511687442688023	1.58254602633824
-2.08531857427705	0.890088905466957	2.66462866979597
-1.54066292194797	0.145767080969552	0.938227024369861
-1.00439091365857	0.411314503460345	0.535392173649959
-0.398718076315642	0.242830476787652	0.994677912007173
0.742166499312755	0.637163845950061	1.12292638578967
0.306410997248087	0.638010064979699	0.485834419470068
-0.0962795335535571	0.276244883866598	0.594725976825845
-1.3320790453369	1.02809504084586	0.996974425786098
-0.272508006318497	0.369769431464095	1.46762231218562
-0.272508006318497	0.369769431464095	1.46762231218562
-0.272508006318497	0.369769431464095	1.46762231218562
-1.11242413970474	1.23648863563566	1.86283652686813
-1.87536975531734	0.183706833806563	1.29965120951007
-2.13042286259145	0.132615365132632	1.41746053268456
-2.66777020290771	0.312302830588514	2.12308352139072
-2.57287999481798	1.20651179778146	1.91754271641724
-3.0623768443244	1.27186883516553	1.27907785816637
-3.0623768443244	1.27186883516553	1.27907785816637
-2.72482934928575	-0.294347617409296	2.1207947050435
-2.19880946692082	-0.477154811271589	1.32530406784489
-2.19880946692082	-0.477154811271589	1.32530406784489
-2.5180448763739	1.27785729571773	2.30028697512176
-1.83237630420815	0.399422027779531	0.960804994457773
-0.897883400089289	0.206642584373227	1.2903880107925
-0.992489300374559	1.43309078682308	1.32083062598593
-0.992489300374559	1.43309078682308	1.32083062598593
-0.972675297899294	1.05620990512223	1.80383300260367
-1.17538579967555	0.771955753080723	0.996091092050998
-1.17538579967555	0.771955753080723	0.996091092050998
-1.03505253095463	0.942283728097963	1.97818588856271
-1.50683315044947	-0.421130053022062	1.37170989820008
-1.27899735019211	-0.0823425890038696	0.503879439136595
-0.754823163063485	0.938348543166859	2.00777741360297
-0.318002883312831	1.092274326337	1.37579205908434
-0.62732180469357	0.15962833790052	2.34236878975291
-0.0107218482016643	0.476897472437126	2.52932387517263
-0.0107218482016643	0.476897472437126	2.52932387517263
-0.2637388358882	0.39534109374183	2.61986998926338
0.0876962573597005	0.330083790800993	2.17732369661322
0.245493880376086	0.784422696754296	1.699739129299
0.245493880376086	0.784422696754296	1.699739129299
-0.0810331440979756	0.275387349768875	2.65780974799199
-0.531636258629735	0.0712594476154601	1.38394400623113
-1.13138904343422	0.953893036094939	3.29773285527976
-0.316716042962615	1.45545303439756	1.69178027160527
-0.75337360008191	0.397290929348345	2.11197955173424
-0.870513637165014	-1.42233827393938	2.41784607103051
-1.13154977210938	-1.6378449610627	1.54238069501295
-1.44666242806756	-1.0014010139315	2.30229838316013
-0.306911422922809	-0.847051710159422	1.97238250957814
-1.65728482898622	0.479869770980659	0.631835956972464
-2.08034756116846	1.13275887559755	1.94189544458522
-1.54669010291727	-0.394527071503269	0.796793765546665
-2.14674867748672	0.318758699640823	1.55503320682401
-2.46181601621924	1.61453545158514	1.59011597864915
-1.76018736374498	0.336110495483946	2.00714214462629
-0.962350017479332	-0.0935368867287648	1.09590783225641
-2.44251458269362	0.724291086937098	1.04317480517937
0.229923379628913	0.63892338406363	1.73207242609707
0.416343745867112	0.00613700180278243	1.83339911750975
-0.623639128680762	-1.64608193902343	2.10771512127919
-1.60993759250905	1.01607443349569	0.743556792771995
-2.30572543200988	-0.398645736577987	2.96367314982682
-1.43310646973002	-0.933753962142962	0.469365364130594
-0.567561842498126	1.75421223216001	1.15236611426278
-0.845494038161433	-1.88350744844267	0.932884085620906
-0.932363278218149	-0.884913895195927	0.554486832186821
-0.959626997230293	0.595823913877198	1.93287298603239
-0.0802531595344897	0.90919944949258	1.15612144729369
-0.082654518683885	0.288483277863678	0.687324842377489
0.253674071710096	-1.11247283925714	2.68219869571853
0.281617556013099	-0.110190221581706	1.88471550034617
0.497892573834475	1.06809458341995	1.6979769191894
0.301175129511137	1.47164058192246	1.50447628857196
-1.36047510510517	0.055922657841025	1.54613705510049
-1.69951195973817	-2.32246980993316	1.14888599992755
-1.16246028201935	-2.38627390845848	0.321539099721395
-0.757741269547631	-2.00087853756066	3.00287655520076
-0.954380713968771	-0.288433509055872	1.06278882494038
-1.30185002508415	1.15137365568235	2.02755304643607
-1.82133446754728	0.170899173826961	2.76750790218697
-2.71219702648814	-1.15475779047737	1.90050771198839
-2.28282977263222	0.290005361118696	0.791982788865171
-1.53589736736684	1.22198797087386	0.315348048405772
-1.87566523433616	-0.59823705857266	0.0279291845129311
-1.21501869534301	-1.41371763671924	0.520186111230685
-0.986998752764008	-0.526805999039342	0.79336404006511
-1.6851384116053	-1.07834665169076	4.16234074528167
-1.6001480204415	-2.23040905617582	0.746720759630289
-2.36579533481851	1.05159290940029	0.927685082469619
-2.3580195530449	0.429763792324309	1.1186202032174
-2.37834148149408	-0.752353646105319	0.354803731559035
-3.55842314437971	1.1477650576232	3.11349751722912
-2.34396242753245	-1.48449293467789	2.53308438284621
-1.62046835744513	-0.983144733780874	0.995074666962733
-1.24614821828943	-1.18719635912493	4.19211692479737
-0.718506027574695	0.562324988524455	1.72861687688633
-1.99017795680293	-1.48651922701232	1.1981087289788
-1.77626279355358	-0.559389200613672	1.37246668486953
-1.73672955259357	-0.926546326242146	1.8332737929301
-1.86990841104397	-0.83103435489403	2.52675464226684
-0.230454855816377	-0.787815288515978	1.20359028789844
-0.559738387340522	-1.88497704787784	2.09588824735853
-0.560283017511455	-1.83730512841965	1.02065897777927
-1.29833738477793	-0.730186703358317	1.23470015384113
-1.24055564302876	-1.54628198725545	1.30948085986517
-2.0640629118166	-0.465786929913867	0.962851483670977
-1.64041263521356	-0.99130535386983	1.03961329553726
-1.84538444043261	-0.75508806209122	1.19769448498002
-1.35389503683374	-0.709279663195554	3.05956877881466
-0.400569240792507	0.0593437891722159	2.14624400888873
-0.708572494421908	-0.305920055467127	1.67507797849237
-1.39463679092032	-0.627553775252046	1.41016437520616
-0.954210422247278	0.274274907727284	2.54853876699828
-0.147766157797656	-0.104644743808491	1.92193737284847
-0.407773941985684	-0.993441880063198	1.05802973495939
-0.640109480665863	0.845299883285291	3.06863012229795
-1.65622707594371	1.5917945600243	3.32108650814066
-0.618306391006231	-1.37653535330172	4.46571705087434
-0.758934846359716	0.739058652333618	1.83004469656713
1.01634898259384	-1.52212399034395	1.65376367193327
0.85233388021925	-0.550023066397335	-1.07457421096141
-0.307351583004635	-0.802109764600815	-1.58069887996318
-1.02829674808917	0.644969044588801	0.847556161826238
-1.03483880651513	0.677715334802285	1.1240256112002
-1.02734032859148	-0.198718823181331	2.19148052241673
-0.699536161309498	0.145455065582126	1.50174231462389
-0.699536161309498	0.145455065582126	1.50174231462389
-1.6228108009979	0.0274711353209492	2.04177658308955
-1.32311366310268	0.248681613281322	0.385007548383181
-0.493511397233572	0.625069522173901	1.96100064381772
-0.532707171390209	1.20107407916868	1.86287634913667
-0.261026646768852	1.14171023171196	1.84094232514088
-0.697618883291005	1.07633320660583	0.683952100627828
-1.61002011019254	0.547409730903914	2.07566262820696
-0.877813813559636	-0.209526246415523	0.892771076521935
-1.54741647939077	-0.159805836900989	1.32931604093663
-0.914802099144006	-0.380150521405785	0.518946727056506
-1.48981368935806	-0.228241665174665	1.6945377391019
-2.31463708399117	0.577278353383985	2.0557133209731
-2.39536158157628	-0.174466416334511	1.0092388510593
-2.53688446013422	2.08090878117034	3.07801455369806
-1.77486528304002	-6.63679758217128e-05	2.5091834311812
-0.233112477101346	-0.656225685530674	2.75260967908471
-1.16531047564337	-0.208979455114246	2.36650388581131
-0.779756116911356	-1.07741930866142	2.00157682023387
-0.0904037906103253	-0.449669882087588	0.805716594918609
-0.0543689448125265	0.826845393258436	2.11323029942485
-0.659856161242341	1.35405498977887	3.29361825375983
-2.50748467480382	2.6979903309498	2.2013533688015
-0.55984127936999	0.076961288822621	1.21096447120386
-1.50222617404916	0.416307938321461	1.98491723361701
-1.39085539597934	0.324949669339513	2.83151239994286
-1.19810572256057	0.533110544855486	3.16027364911343
-0.524526877482488	1.03585205585015	1.38536607014174
0.320691965105532	2.49500078845142	1.65410940124895
-0.268443325627757	3.51056168099368	1.54163797566423
0.689664684547846	1.46251220156564	1.87934342613595
-0.662238599046793	-0.433950586395795	1.48180434567697
-0.96157517387642	-0.251427675809717	1.08324091354736
-1.08705049541621	1.91830322127348	1.54786176837308
-1.43605095150625	1.73607460975638	2.5295626679387
0.0160381191741177	0.151927945327636	1.57834530155262
-1.45987829053462	0.73889729216185	2.60780585430873
-1.7085835186825	0.366640460732643	2.84573579592624
-1.16851861059229	0.5877000485436	4.02939786590593
-0.359765095125781	0.454046463053301	2.03155611544494
-0.456369951356707	0.28198027017298	2.89189558520484
-1.07953869240271	0.617773673736257	1.71828851298675
-2.20882054164358	1.27202373655304	2.21958627207158
-1.22971122162242	0.440376294934024	3.5008544541444
-2.17484032823465	-0.066619193024918	2.85623038094557
-0.67344211876226	-0.188068038203516	1.34962459629087
0.0286169542618983	0.774888545446077	1.08381619075498
-1.00861712508751	0.651255858125426	2.85003900630108
-0.503066988728549	0.971205349081458	1.48323792260896
-0.998809503820769	1.09187392755888	3.3115392557557
0.321188559486866	-0.158570380064073	2.52495026817645
0.170126514483242	1.76400494952086	2.72887285027204
0.667968297782145	1.43687942929656	3.3558328646804
-0.174668887961069	-0.203023591372151	2.96164762538278
-0.0661413587189743	0.162142454891965	1.54715729921929
0.141184904406473	-0.799747986294847	1.09947879760536
-0.0965495052849421	-1.13119627547564	2.55065095535677
-0.736203846996412	0.695902750853582	1.24385755802358
-0.823124411329195	1.62257522159273	1.33708416845637
-1.51146237969617	0.473277456536283	1.15732039407803
0.324347152970938	-0.314373707042614	1.47987889914813
-0.312544238226232	-0.257468379747045	1.29067066415096
-1.28002918196095	-0.279911148161926	3.6558544964044
0.172884611291045	0.532282364040164	1.5774006564585
-1.08494783277593	2.58523389992912	2.20333986866012
-0.734896111610797	0.580352702135575	1.70480528989661
-1.6679339739312	-0.953758407547705	2.59718980596869
-1.19106185410951	0.119960943266918	2.12478643723905
-0.721591056405264	-0.74587687819728	1.78060440432638
-0.115638578058602	-1.01852392069828	1.85965473836137
-1.41174796349837	1.21360259036617	2.28502310401224
-0.346718161836293	0.558099644860693	1.22138071222143
-1.43169948499871	0.76099188962131	2.26100536376639
-1.27956330246437	0.217463594399503	0.647816645490501
-0.558079993556021	-0.796997475122464	1.21187374005977
-0.95327830094805	0.19501779260462	2.68641933872122
-0.969375079910622	1.46834798356965	2.30414084226818
-1.55044447374474	-0.654114010671532	1.93108679631822
-2.29732742577396	0.838578876774844	1.68608193307852
-1.94811373354943	-0.290737621325721	1.13176869590163
-1.37143994712536	0.455826560515965	1.91069869247233
-2.42540380184592	-0.52071340776566	1.26363229693573
-2.9125918850425	1.87519275327019	1.8447020116645
-2.85255171618029	1.80213388161582	1.14764495468536
-3.11399690495582	0.1674915708249	0.861906149937699
-2.69632240937343	-1.0117046996596	1.8151950504684
-2.2324194254339	-0.41493300451692	1.71694645841825
-1.93216429994898	-0.596580799638793	2.30158262053554
-2.79386870093788	-0.460097146561498	2.02530696244951
-2.27098850583193	-0.110550752227659	0.183091338978359
-1.79726904193232	0.00632733476733749	1.17074586833179
-1.30912045910902	0.640859303002651	1.7913334414638
-1.30912045910902	0.640859303002651	1.7913334414638
-0.843084301671569	-0.457540905420179	1.20983819918103
-0.691180421988042	0.702724285183972	1.80121837407957
-0.820394355904934	-0.972405220534245	1.82505201193064
-0.891349567504556	-0.373021495958221	3.12914496999016
-0.892365258046269	1.64867722878434	2.19491903890372
-0.532032354018199	0.57182437829953	2.0876798804518
-1.21238167015285	-0.0451339451205522	2.28182223739824
-1.4404610031382	-0.113124226490881	1.82567539174278
-0.915871476070378	0.351551481432722	1.57763661401814
-0.763157834801954	0.230622339660577	1.37592169859379
-0.639492500493002	0.573493131968965	1.92704916887436
-0.657737884117218	-0.111670737306849	1.85738556702141
-1.03433906192119	0.720569254912485	0.514049539635728
-1.69101479624658	0.456638361959998	1.97129049333754
-1.2079734889002	0.370211736873401	1.16520119954826
-0.764849817362623	-0.0830654542510461	1.96537830628588
-0.49621538998934	-0.0025556931543753	1.2266257102969
0.3846414676311	0.0996451090355812	0.518001770732683
-0.19720017128689	-1.32071223245766	0.711867587646474
-0.737043139337624	0.645028909677464	2.07987450768944
-0.147036329867407	1.49341506822988	1.51207246431637
-1.43013407932568	1.92155395483079	2.20783567469382
-1.84914898720686	0.90697093169621	1.04002735397697
-2.06521539475714	-0.780474912641882	2.78513558957299
-1.06859027273996	1.78853362853587	1.74557384451869
-1.93423775743191	0.842964798313367	0.285436039305248
-1.57813275185043	1.79409684409894	-1.40539132627001
-1.52893366317397	0.436246402288347	1.82657725922919
-0.518682097617219	0.424639011038949	0.76579191163053
-0.773619715048876	0.644802413655809	2.35634199937719
-0.646734262757289	0.255627309687859	2.17433020434704
-1.26314857939844	0.683057000109945	2.7164402213149
-1.26338911630332	-0.315626205111311	1.67120200409202
-2.28188072187357	0.399656291192694	2.9363896943491
-0.776465490635551	0.141025257140118	1.09592322944196
-0.253897341690471	0.834187540471822	0.733533168725689
-0.246693982943267	1.48006459509271	2.55177484589411
-0.240668900040414	0.790414723235754	1.62635070427267
0.104972296183222	-0.288383530994765	1.94750460339254
-1.28992105165704	-0.780306784164105	1.71067720181687
-0.893854323276531	1.23608493288092	0.820435734951703
-0.876643379338662	0.730375467223078	1.24221529787496
-1.1335716079972	0.212588528631857	1.08987199962445
-0.0833705562013488	0.619099678169566	0.95417275009074
-1.06968917035228	2.37992358657678	3.01256606277816
-0.956389700426332	-0.736767929206625	2.00586970904419
-0.521637304866188	0.082658963437425	2.04385772097862
-0.427303497330082	1.4380745049586	1.06126353681948
-0.545758635303909	1.46309509297397	2.66018142361411
-0.662021426532032	0.709821672621614	3.02807748420483
-0.933794800591768	0.936113915284473	1.65018130264108
-0.217113670510279	-0.755588688514049	1.79961533055706
0.260967877351934	0.739052964548852	1.51297779915647
-2.34827971679996	0.68874893068233	0.865238340732788
-1.37022834443775	-0.277573541170471	0.970177887843016
-1.73320375166664	0.361572261537314	2.22466567534605
-1.34849403297707	-1.27412048923038	3.16298974652384
0.0623989970362006	-0.0517532178522683	0.78975769429562
0.828270205939701	0.454699623167193	0.40479358521883
-0.405309849284963	1.78536525285693	3.52425295297148
0.307039160239664	0.983523568687122	3.19222561446471
0.315632908374315	-0.185756401568855	2.44176331047742
0.0569030375882235	-0.209772276171404	1.74283591189691
0.676519038404096	0.186555673512592	2.07360191867039
0.431110099228257	-0.289525796502346	3.74762466774368
0.393557643042387	0.244367326585425	3.06134580212427
0.510776211487533	-0.630625300777863	2.47338101519544
-0.740238742021999	-0.704102219320615	0.0961157534192207
-1.68094677536939	1.48970164101324	1.41213208855329
-1.58553780234582	-1.71536073233064	2.40501073546733
-2.21195392668784	0.806346563292365	2.97108128317622
-2.36203339923422	-0.70705237899509	1.81858087831631
-2.09870375046956	-1.07010139980089	1.63433771208709
-2.16861555875148	-0.312134707588156	1.9546031013312
-2.3578526019879	0.543188551874771	0.395329457299946
-2.58121738771019	0.328646963485858	2.35021698922345
-2.70247429945899	-0.675243117201333	3.11841078923453
-2.3131033790591	-0.336223146258901	0.879693021474328
-0.983254694840096	1.55495101989732	1.24684773034486
-1.27767409599528	2.06972042433122	2.27651573077109
-2.14513780727582	1.47020810557756	3.33626694871726
-1.60170978919368	1.82452495874714	1.39473947461636
-3.02449977585701	-0.137323527385435	2.74718114037849
-2.77573962796138	0.130121616758289	1.34604600323304
-1.74719669830501	2.53401741186111	2.80448555554153
-3.86209719942162	-0.485547296473175	3.68195558490188
-3.8199654456082	-0.817202323651086	3.841968580435
-3.84990464525537	-0.337125327480036	1.78956646339688
-2.56032636157918	-0.573596799439732	1.60955898616919
-2.14241426423329	1.49658376410144	2.11596975024439
-1.22154703141854	2.19881893118652	1.57499375752987
-0.843628398394979	0.586398576530873	1.916737739364
-1.09938950488713	-2.00600246302805	0.221285855460743
-0.321359926712995	2.13477525620967	2.42475126858655
0.135665045259119	0.816200237623739	3.37414701414834
-0.756748953870239	-1.56827405840981	3.77021227373524
-0.823649976758131	0.845109801856312	4.12417246700339
1.22964056991702	-0.254057535467336	1.99748792074826
0.456353851034949	-0.672234458541826	2.46433443002078
-1.93596772378333	0.7030810497035	2.31173881653019
-0.915014975326545	0.332524369359374	2.83370785468229
-0.980435288288584	0.0464770690870767	2.77263964547181
-1.42886493536188	-1.25738269617706	2.568562026863
-1.11382138891565	-1.4318263999451	1.07618141830043
-0.803377850985108	0.65938828386374	2.00087269406686
-1.24810872845118	0.792151351849263	1.52677503096965
-1.31733042387213	2.57421054078071	2.02055231913992
-0.928717320221312	1.03240325327525	1.41247258807774
-1.24837096052014	-0.799904074488004	1.27348192476636
-0.681453997735179	-0.0840765886645072	1.79301374586788
-1.37561697174364	0.964004828925959	2.06545761818309
-0.416826869043771	0.455999576088138	2.17692146079642
-0.547352190385149	-1.09820784632484	2.07364740327057
-0.100373165680924	0.0620083851725766	0.693446551596798
-0.172655587053868	0.247539066701642	2.22548500905857
0.207545248189498	1.65898339643561	2.60065411367418
-0.00987524315049093	1.20468091954421	2.4917646847302
-0.530275151023213	0.342273148985232	2.13608208917536
-0.8773791855989	2.21879531974694	0.0167367157667855
-0.744569368105084	-0.170335783431092	-0.296362429552912
-0.248071145991987	1.00067971645667	0.733099527509588
-0.32583108378611	1.41490827920361	1.13825795441229
-0.687695333939896	0.510666145792279	2.1223954790017
-1.34901323193711	-1.80489090439458	0.514981814727176
-0.59302991860437	-0.724547168793233	1.7482734072301
-0.326600987842734	1.57446281284218	2.91545713717139
-0.206956494794691	1.79177816620025	3.34495788839928
-0.816685736863993	0.226681670964332	1.33879653937216
-0.994197957462856	0.373367821397429	2.04838879388357
-0.967999208120353	0.0507287484034332	1.20840001375102
-0.925666679837664	0.585532645600161	1.32553026863843
-0.767736252379539	-0.244495091795726	2.65297157288412
-1.01258573246883	2.03641118659652	1.33050745416531
-0.92729552754268	1.10582993501999	3.44120060365217
-0.825700450767327	1.04977668901917	2.7854125976389
-1.84300941909943	0.350962992346416	2.60554104953196
-1.02560124199311	-1.35916861315228	-0.157117418839848
-1.39760821675732	0.991423108512196	0.941343415283303
-1.34698532085841	0.497799405945008	4.39815760245507
-1.83714275493938	-0.0688465296837795	1.53065063516779
-1.7824261063015	2.60958292975562	2.2154033817455
-0.0976093772186988	0.0253619226955885	1.84915615784115
-0.427649904504495	-0.188868376623983	2.09334180764691
-0.733894039256458	-0.960035357999173	-0.0372738022827216
-0.586103069588476	0.53582443966357	1.00030904515341
-0.699132153778058	-0.232960442523693	0.642741604017036
-1.96759021919068	0.53931195714164	0.820369861950382
-1.72559364665977	-0.228495039562546	2.92676731065581
-0.751716328604395	-0.48505131456634	0.929144306262918
-1.08388641220721	-0.640373166236218	1.77680186353245
-0.897805800540736	0.148898781583174	1.16296463688512
0.28880743460925	-0.628381851713038	2.362447296477
-0.516452605195879	-0.329861204968185	1.83518393983392
0.520720440203605	-0.361671126828271	1.2692326106895
-0.327306927690151	0.28980243490232	1.66405161332665
-0.409739023105755	0.731590707687445	2.00304167007256
-0.265018781899575	-0.740988433832082	2.17611170779499
0.73998122850682	-0.288106464305187	1.8088254333319
1.32884485325944	1.52380407269645	1.08812666822373
0.288831952580809	0.64104837479849	2.04717004164962
0.379528105632657	1.41456899701	1.31792915968236
-0.509152871809709	0.794035405371604	1.17031495527026
-0.862475359421928	1.44178630722433	2.91982195010541
-0.851445029917525	0.610630402139842	2.1017506319524
-0.458124426964935	0.746403051208682	1.54086110985632
-0.609599868363145	1.27869380287668	2.61290425562998
-0.459141781298213	1.2468874974606	1.90978460426186
-1.44831570149742	1.51336652027991	1.78777633623299
-2.02088223540409	0.435902856114369	2.03927441616606
0.0120837157951387	1.6656892207841	3.20221093398912
0.0975244997418051	0.293669496346704	1.91451466629038
-0.744432563111387	0.893167481130948	1.93247487327164
-1.08894809101359	0.749638532319375	1.39136717293481
-2.05653925215992	0.921831900423297	1.81692119148926
-1.57708408123951	0.55749453568817	2.33146175669178
-0.385855586172654	1.39191748398207	1.33847308437941
-1.01324803629184	1.34231894277514	2.39322229502203
-0.869781615361143	1.83089526176723	3.19767750482824
-0.734254264796533	0.313536208733217	1.84088284821101
-1.09385689617044	0.235013794911454	1.51958936659027
-1.06177938667658	1.46961230080268	1.96959080834322
-1.00228410669911	1.07472275496351	2.28373389009692
-1.10771450185532	0.972860784473502	2.49977766455727
-0.791017875152279	1.61184379980348	1.14270380768447
0.640364855819449	0.492872105037943	1.95896201781851
-0.905329191950149	0.886903939581395	1.97818937328426
-1.77585570781714	0.150807143989272	2.74958277385036
0.007661432094343	0.489701388417153	1.91082315791731
-0.935413031901184	0.198036230247036	2.40883185715823
-1.04400926735314	1.71258770546355	1.88935965867414
-0.428616877112995	1.07354543623567	1.08771988650569
-0.807362676377657	1.00484502455664	1.64358648359989
-0.893720001941835	0.390062699370179	1.33164471407178
-1.38930144070824	0.77915837619426	2.60795035187756
-1.19850560787196	1.3603001499706	2.35582001928901
-0.741020035152466	0.729775607225764	0.592265728831282
-1.35466989723882	0.648662765447267	1.28111534242118
-1.35466989723882	0.648662765447267	1.28111534242118
-1.24348431880821	1.48818259137291	2.67018734316094
-0.479135126955211	1.56902281512928	2.65305156668485
-0.241192880624023	1.07582252863359	1.83711972394039
-1.67083627912802	1.25927851410291	2.414282695616
-0.27369342199068	1.01511352688471	2.4219333744998
-0.00750558614206298	1.22840049107202	2.11122141732015
0.0721832940176966	0.347405579127914	2.51447571378018
-0.185338682326867	0.591344269039288	1.62157939917092
0.0061174824024042	-0.0550941360318007	0.509341873664675
0.42038550925373	1.33282704754444	2.52324492444549
0.403979060305819	0.883029920108974	3.22156867097746
0.41554532300489	0.787502741141711	3.43119168667728
-0.637129869759083	1.63385511696917	4.01376362397119
-0.0925077158087432	0.511547149562932	3.1158619450106
0.398314112244909	0.529661053704082	1.89407713993634
0.815587005633865	1.10315615209234	2.38355833941195
-0.313938241531892	1.37817338410802	2.08569281456423
0.634641883038851	1.84401129280863	2.02450214856702
2.15725249062888	1.26958890485252	3.24354863529428
0.567252282795182	1.58992877366151	2.55039633646125
0.130495345970456	0.536227871246315	2.45608930023106
-0.863550918843307	0.899453846764668	3.48207028913662
-1.03691175534404	0.51977822744738	3.09801912409872
-2.31091049538221	0.604663260804863	2.28187970074197
-2.93629145872741	1.8889708546263	3.81799113966384
-1.71581232308945	-0.956856330336253	3.68680222110735
-1.65121114332922	-0.489164329364237	3.55491355858536
-0.281725660416615	0.502343158373458	2.68540555202334
-0.705886466680272	0.899944267723204	1.86262505921601
-0.806490070020897	1.71444499898133	2.68244142974398
-0.718315654493623	0.0880900402424525	1.9425851369948
0.129636471782481	0.003886536039067	1.5145251768684
0.0148335341342991	0.489021932940818	1.47779600268735
0.0655536256194661	1.73976405109212	3.61857510876269
0.298537091168442	1.5807889256883	3.50624681959687
0.298537091168442	1.5807889256883	3.50624681959687
-0.0659945219181059	-0.125908982117416	4.14641116172125
-0.136251527453519	1.07703539902724	2.27962268983015
-0.436367837361168	2.0361172223389	3.34947637544821
0.618903478061404	1.8310308919833	2.7700152982275
0.185537919854036	-0.0825761400466016	2.50135088554673
1.1854526845337	1.20054816058164	3.47047626635743
0.573661159242649	0.487357928087802	2.7056765393158
0.95556363621805	-0.200657258788737	2.76976582068139
-0.494710592419039	0.841741806754316	2.94055006088842
0.134260330989378	0.381180054161744	1.39267811714901
-0.577987895035866	1.32767699343274	1.82303587008152
-0.938666584904367	0.26225680914156	1.10036149125516
-1.24357347304562	0.210090290600002	2.19279406484523
-0.496935552546105	0.741080409089944	2.93389560581756
-0.795187784403587	1.51147193230864	3.17920598519773
0.178124180950022	0.188282964177292	1.20782386628667
-0.252849507897065	-0.179183593179342	1.14634636153789
-1.49856085812032	-0.674650104273077	0.844580874877973
-1.44540568965852	0.130167728342325	2.90351023782807
-0.512348336706365	0.655943841604895	1.76376632521443
-0.969849414698307	0.950774342056034	2.49198278682911
-0.93382984664268	-0.16248965394674	2.73584824220888
-0.619871218950986	0.721687680409147	1.95543715853576
-0.0107186424048746	1.05776600250517	1.24286559308645
-0.190717867254064	1.98068942875844	3.26377313651942
0.86895824432451	0.195422535690012	2.52403459144318
-0.202422012700792	-0.285291331886982	2.94263148146032
-0.442322472593992	0.548497623043686	1.76571248854509
-0.65173815863773	1.70935253148315	2.72544523041385
-0.806549432891018	0.173603023698379	2.620475895036
-1.5190950181338	-0.78311435200568	3.76674654196286
-1.70188135347997	-0.328551775371471	3.2639672712319
-0.279599986428234	-0.49221736855652	2.81254674981696
-0.20858376704619	1.06944573238784	2.25434675979242
-1.07811657875627	0.46712248165153	2.64992066140966
-0.733023027297031	0.575532899612345	1.78183438636351
-1.89044631920324	0.58074262195562	3.11047701556377
-0.938251449524571	0.98416114714993	2.97129245683026
0.349206493338492	-0.179519869068995	3.16950278936721
-0.01242945558153	0.583003183246283	2.37049404906905
-1.21729782858468	-0.120806258192209	3.65608059390824
-1.12464833272475	1.13069299548889	3.04108174668635
-0.612700621917056	0.186246644414979	2.58646652114546
-0.906623588551339	1.35793419586102	2.49144790537088
-1.25498742787387	0.157562121484923	1.48676972535872
-0.845027415013457	-0.0892749229741235	3.28561968813433
-1.66785922251398	-0.223127893074919	1.5531175105274
-1.54905650854561	-0.605309128145614	1.54964375881073
-2.08545387608417	1.30423914042349	2.2084348402663
-0.822067685098654	2.08232023843613	1.62296340104097
-0.34592197717803	-0.0670815748242988	2.38369962556231
0.556534140355748	1.05049648201928	3.03680790652264
-0.0855597922179216	2.16542091638826	1.75625438536294
-0.685445215062604	0.066990955160323	1.50468578696704
0.612978951981411	1.57444619661213	1.56438129543418
-0.597559391010236	1.50363518785004	2.09116335427189
-1.08048377008418	0.789643393909298	1.1349693307929
-0.986166471284628	0.0738307849022131	1.57712589244224
-0.779538339240889	0.967457819167748	1.91904020364506
-0.629220082096164	0.813031498341557	0.670908182261156
-1.07919970141698	1.07172337454984	1.48671295479226
-1.75851859365832	0.00161736144514046	0.889993603908128
-0.720416327492678	1.48801062750568	1.7831351287372
-1.19519025533451	1.03482548327528	3.99308445805157
-2.03554068238872	1.34545730835394	2.02253070063508
-0.441156309900951	0.456515548711533	2.32137524530035
-0.143362116426193	1.52742460802289	2.39124966291569
-0.939305709468787	-0.690749361555923	1.74694397503681
-1.58523914319889	-0.390952611789817	1.8391026767673
-1.50246378719727	0.671459794873188	1.67579347706899
-0.624593016837035	0.498261572070862	0.452482796468842
0.0385225765717172	0.931693991935476	0.780020500959476
-0.714208120150376	1.1618256961148	2.30028613400719
-0.313588815968273	-0.0605865622194233	3.21825187158982
-0.0985302708026766	1.44208658198635	2.29001949629354
0.260833787825576	0.836335277709797	0.79146039953697
1.58080554603377	0.605479421381065	2.78752310130332
0.813410285293904	0.609238747755171	3.51744643691987
0.671026061740793	0.932805790157043	2.18550190542807
0.0248132330646654	-0.310464586397386	2.04102459158752
-0.299591107066965	0.463470021466952	2.38150324206179
-0.508151322568705	0.465061894521378	2.41358304649997
-0.367462849817636	0.168024158775262	0.766035036463602
-0.0343250885792497	0.76794555521623	3.52079107062775
-0.314554017765527	1.53393975815125	3.57825698886153
-0.718501811410938	0.420346560776279	5.13334490729525
-1.5554708326713	-0.0389834631374413	3.6023563807134
0.240537908787147	0.0331365150566553	1.41830380856642
0.0874224954706827	-0.0150298999656291	0.642022474445249
-1.22737293593238	0.729008822448231	1.72572355626771
-0.293883278333549	-1.16320566215226	2.62512839355346
0.243399790526707	-5.27253175137965e-05	1.44043902230812
-0.287791802449166	-0.680705109378639	1.59772768673027
-0.44349856382309	1.19993704347938	1.88248500010553
-1.647294096127	0.188625413426341	2.60313027466161
-0.444613429314271	0.198799820132097	2.96125882458018
-0.174813882378714	-0.894604708842407	1.65525781503656
-1.43801841376658	-1.12700062784797	2.9992980592775
-0.0627070004008747	-1.48020908088507	1.37413806454335
-0.83237103586668	-0.848079181944811	1.97996682698165
-0.956819247466845	1.27203516394324	1.69931976084426
-0.772795281908142	0.0791743032833139	3.16141901637846
0.199378773786931	0.288146375631253	1.13280853938689
0.0880870403718122	-0.440320800561299	1.35880839047992
-0.733555243500308	-0.869489905379901	1.925004503921
-0.335998113599506	0.0671824978250809	2.34575040420485
-1.18742280373412	1.33842747438478	2.90720518383999
-0.524126708474522	-0.94959590292237	1.59915614022547
-0.968067139527968	-1.36891424119212	1.60071212199757
-1.72872526559971	-0.450709372145067	0.874480541350276
-2.8682058651775	-0.0395339401346288	1.06171359064053
-3.10532535219982	-0.0162081695503618	1.91676685697102
-1.70220980548169	0.272241299124969	1.13828607185523
-1.72063170344751	-0.538582539790308	1.05348552528196
-1.50227181408623	-1.68149348669131	1.80806380093375
-1.30236971551556	-0.719064789167095	1.41309947126359
-1.76033326028608	0.576362706614802	1.16814765610733
-2.58315168067906	0.803129794283061	1.3335035756127
-1.65297346428047	-0.345955288834648	0.81866574485447
-1.6450516850133	1.09825641150875	1.44579007603283
-1.07916463647004	-1.33442880282679	0.44716267651279
-0.190397792667014	-0.0288730614708149	2.19907669789662
-1.30706892614532	0.0535684329615999	1.73091842616058
-1.19649651019566	1.26911545890201	1.48300802868194
-0.998025394084605	1.10822584626828	0.44890733862542
-2.66215808264123	-1.340172326957	1.82242513199068
-2.25628278185439	-1.05886155656786	0.867095005279318
-2.25628278185439	-1.05886155656786	0.867095005279318
-2.47605908588826	-0.332353705957233	0.630539811016297
-3.22961105411108	1.33845227938736	0.848175634277898
-2.65525891304659	-0.0834604430845997	1.25272008714728
-2.45283782940865	-0.545131932248721	1.01597913008872
-2.12298020023027	-0.83151648115076	1.43725008722373
-2.00662744777838	0.0419595629681639	3.47003539823204
-1.1298691835373	-1.56289598291777	1.36545513963987
-1.18666183029345	0.236536159877155	1.69282360198172
-0.604454088284302	-2.04686776851558	0.0536152392340661
-0.334164937706897	-0.444273015649495	0.823283663651768
-0.362159951370504	-1.13082779130974	1.64176006799836
-0.374212106948217	-1.06971073766761	0.394951816052122
-2.34082914510052	0.0808245823098479	0.103917860787395
-1.49918692524365	-0.223052960309507	0.321291826559402
-2.90781673754032	0.663480302685905	2.27366136325593
-1.5421394547499	1.10716286813751	0.0110187082576931
-2.39769455707395	0.230780556012356	1.1073864340334
-1.70520391011622	-0.452441175572894	1.4346331167981
-2.29661757854765	1.03202816228647	0.95645866890078
-1.15163739870028	0.12290884983911	0.598665466058627
-2.25685895228816	-0.90555263211273	1.19599328188037
-2.28077270602353	-0.168345171565058	1.74558143336368
-1.68702487408314	1.64212652166172	4.02819873310729
-1.10468216341204	0.412123689534912	2.01150138440565
-1.41436732292429	0.0342789052948003	2.00076220622104
-0.626606882907676	0.693314442210191	3.64317330886363
-1.4641661622143	0.733276117911248	2.86731761161349
-1.74043310194492	-0.12579416751212	2.76476832275322
-2.26508097334042	-2.56477308191201	1.26877216241544
-2.07046816927008	-0.280704555436552	1.7696242189582
-1.38597163205052	0.446695251067139	1.24701758457421
-2.01243690554714	-1.10809957670019	2.81678534448788
-3.11102344145794	-0.423143908854205	2.170857756114
-2.77854735486399	0.0919587747904493	1.31234452756557
-2.69792121388198	-1.29873696152819	1.46956172444679
-2.82889468178492	-0.0992147326702434	1.41676785525546
-3.2134110876218	0.395092428924768	1.55314248523241
-3.53975765270465	0.572469590959588	1.62842592510868
-4.01581749633732	-1.14615822313163	0.342892834417892
-3.82884301685044	-0.0824288643805269	0.412498316860731
-3.50181354846053	-0.570784071785892	1.43655688912918
-3.42964388842165	-0.0965644862075444	0.479939251560902
-3.53533438601158	0.596175755534063	0.750807004014208
-1.94942393245176	-0.715699261478279	1.35488529201251
-0.745724230774464	-0.00431258338012847	1.88161805015113
-0.0360063968712263	0.868385910720403	3.31814007335186
-1.53214451087779	-0.33888286398801	2.45246659578713
-1.05793414032662	0.806074666602647	1.44978452490532
-1.05793414032662	0.806074666602647	1.44978452490532
-1.1413065028028	-0.0587937547794015	0.528861213273064
-1.89926441382121	-0.280037184792557	1.28505473774479
-1.47662013779448	-2.28798167250562	1.22418935613046
-0.864123160143339	-2.35760412549717	1.26433527332831
-0.403515401573937	-2.1318511727937	1.14223679501909
-1.26574241424103	-1.3725439464186	0.881549111560617
-0.527678178562664	-2.25092204215023	0.449397633111298
-1.37751777969947	-2.14236295182117	1.33208268256105
-0.995004215717762	-2.18352240422679	1.34321881705668
0.641589703715771	0.506250320998022	0.275512007166139
-1.43464255636038	-1.09827721169628	1.1464926899435
-1.59462911661566	-0.167532596612026	0.93326526579748
-1.38099877743737	-0.837684700295975	1.10001464815213
-1.58583336405208	-3.45730415018544	1.29078444936376
-0.86929099198052	-0.510033623408718	1.260206204424
-0.933668501994365	1.91280921744869	1.21332622089354
-0.854702053498828	-2.44982532754064	1.1854439840814
-2.40809952649986	-1.49443416555983	1.55011969058337
-2.3191535775188	0.31250212421434	3.23894559851714
-2.00193287100994	0.868412685700615	2.72739172814992
-1.64122534032908	-0.34571917053077	2.10484150107174
-1.93441682770278	-3.21420214526587	1.71110370214281
-0.125561174436886	-3.56781661508966	2.43298669520788
-0.939718545206193	-2.91233479017443	1.26644980131448
-2.39391706737346	0.859547208196636	3.07553894663361
-2.18783605478785	0.227871869300118	2.84399713488449
-2.37444413625552	-2.7760908189323	0.00192922919035632
-2.13188487262484	-0.229321573813395	-0.298069509785544
-1.96360357032182	-0.289156351751777	0.271773485148561
-2.37689708406027	-0.256395404955345	1.48865502741361
-2.37689708406027	-0.256395404955345	1.48865502741361
-1.83740796586536	-0.558713482044678	1.48447426781353
-1.36229956579457	0.341169302905097	1.10750111755181
-0.575019660816228	0.817691018759004	2.0127641440391
-0.918812833266902	-1.41581973055593	0.748858008266211
-0.520974153420673	0.539383159524068	1.57930662577959
-0.850501767233882	0.522928596276545	1.44524701210158
-0.237769084591435	-1.43357707799723	1.39652685109819
-0.930416550429436	-0.0144316126994886	0.800890578027689
-0.901450629188859	-1.54597397404564	1.5623853774885
-0.805629318845744	0.952226051482666	0.137188505886278
-0.386340016756416	1.25830606605891	1.49905920015775
-1.98654859619832	-0.741039816901928	1.14662643095253
-1.66878812037457	-1.43159562487094	1.60454106949205
-1.96468043202758	-1.76499015142461	1.92802285769152
-1.0738463076757	0.375739921068439	3.67729621426024
1.2310544683462	0.398232850786523	1.12987419168966
-0.289642105334284	-1.04682731578537	1.27262904413845
-1.21040867780223	1.12885432451394	2.54101969674427
-1.53903929058507	0.216917813544953	1.64040944863498
-1.47853828407277	-1.27703583824375	1.42733765621867
-1.66613226733289	-2.46397987583529	0.642004572036866
-1.79380030369457	-0.233671626106423	2.45436795251996
-2.09473115974081	-2.19034416352036	0.849884446480596
-1.43088668424157	0.0479591041226595	1.50972341055402
-1.8000514217824	0.286542976203209	1.70566880949696
-2.82764559171312	-1.57446721275806	1.45955537722712
-1.74247240874552	-0.7170690722667	2.12418891367999
-0.706046066490819	0.35969566684079	1.60363693057361
-0.880445257821564	-2.62726022971187	0.604904809242502
-1.40985025237509	-2.55529625155463	3.31383015996161
-2.51870114669344	1.86766752302021	3.12251289713221
-3.74602465940865	1.94219170435418	2.33983257674278
-2.68023328760554	-0.0949192281247616	1.60202961418414
-2.52848508925731	-0.357218821285539	0.668169948418386
-2.26733625490384	0.737921198583597	1.80546909793583
-1.84867024293922	-0.332529611711533	0.776352408207892
-1.99624542473672	-0.0822729392125223	1.45672422408542
-2.61144858524638	-1.19052626435379	1.22487654029478
-1.16359774976637	0.530115172930236	0.570165285290254
-2.13001949100606	-0.772175018410481	0.729034892725479
-2.72587840719995	-0.266125371123031	1.48460746725653
-2.89136316677689	-0.301386985161767	1.80799040950677
-2.21573177813046	-0.273333154861949	1.03917731760531
-2.21861555821937	-0.348038075827704	0.917832757020399
-1.53325926316505	1.05793245414388	1.55054731143644
-0.29165757865443	0.0198795045337218	2.91709730244167
-0.0945307210788254	0.985525462032857	1.86668452294818
-1.03639931395989	0.413417615131431	2.29357292809107
-1.5765136408112	-0.108136467274861	1.37803789602901
-0.91191700243845	-0.282573927890829	0.875326786285951
-0.769308434995749	0.890461526766084	2.98925802676429
-1.64479464908711	0.930209050908269	2.5524606764064
-1.83654728087074	0.103851864365308	2.36584464142463
-1.65243411276948	-1.48969446367331	1.59384725150322
-1.31932639880935	-0.303621616541176	2.55044731502907
-1.28243662882942	1.77999466748163	2.11596329563072
-0.882477712065689	-0.877163207907671	1.98233082797833
-0.854723082118748	-0.526624591078472	2.07803831621023
-0.456669478794044	-1.07580048786343	2.31886144763558
-0.0883243811343333	-0.304407576148339	1.71987676227569
-0.954896750978256	0.591700613611805	2.01442091218485
-1.98497075803164	-2.23300148516669	0.732943662500433
-2.41670104628299	-1.17445839286564	1.1276612026072
-0.910287765388884	-2.9001996537432	2.68637967329476
-1.52290178156641	-2.82793501125701	1.84825851764956
-1.79543170969921	-2.04369605772053	2.51627353506376
-2.03531014866555	0.322730025720512	1.73967312619457
-2.10110148441723	0.546642876736236	1.12956592289766
-1.72915442072146	-1.55999667560555	3.17238019214691
-1.25141195043169	-0.136257837986642	2.70142249537476
-1.25980994006176	0.338844055392067	1.46800157810709
-2.0693308212626	0.63728445640259	1.35281316023101
-1.44297726872431	-2.32773496591142	0.459618808458548
-2.27804695778531	-3.40533529848742	4.08304693355063
-1.55082677946275	-0.866449349233258	1.51927001471228
-0.74469146942246	-0.69857952062199	1.54883083521055
-1.56518902345699	-0.0177811633366046	1.58189601936041
-2.25627042730321	-1.39621448412996	0.0662924231436726
-1.68664882741013	-0.505228023972245	0.421577832538179
-1.68664882741013	-0.505228023972245	0.421577832538179
-3.03216647886852	0.460335985969208	2.43969993169154
-2.53740394855318	0.075501429864076	1.35315228705981
-2.35630391830323	-0.329339264959338	1.15592871623334
-2.5490672825703	-0.0697967699032181	2.83598747932593
-2.13190843468555	-0.771425800869473	1.54105083007106
-2.11411542938422	-0.613191449052828	0.940165482373865
-2.61803516299368	-1.77197052446739	0.927002197950991
-3.00247535771707	-0.296520018883734	2.91405186908947
-3.94844647907587	-0.40009320790064	1.6122108723815
-4.26500583175892	0.083049300115831	-0.460730102102077
-2.88927162455074	0.940213875182911	1.55876692813175
-2.64431803066166	0.283449766963791	1.19675319026464
-2.023963272143	-0.458984149550679	1.22552437766763
-2.11176568268797	-0.193167748798468	1.18071906824078
-1.2648718236854	0.57885206793887	3.37445792920607
-0.484270759922627	0.144860795402268	1.38690436557696
-1.06680518743599	0.660699221569148	2.69174955384726
-0.909094850836955	-0.618697572691759	1.71263870086219
0.0791851640184182	0.740720520971235	2.20023260308429
-0.509465044698966	-0.469002567362128	3.47252995785322
-0.693036694237512	-0.442516256542623	3.36938628848406
-1.71110870368814	0.554207718206559	2.38664266647665
-1.16662171748539	0.733130468848882	0.51926138818838
-1.36649662372327	0.591576889673095	1.8257056216947
-1.11482898933922	0.331745221480717	1.41649899697698
-1.61194191846791	-0.0581260014873711	1.72935435331303
-1.289866418026	0.118620905645676	1.40878843996374
-0.656034886045085	0.355380968473175	1.49160358694952
-0.574348492308988	0.340627609288973	2.7507040238134
-0.52242168690414	-0.339865242578147	2.69568497519096
-0.872619349816028	0.333248508685423	1.58700128866591
-1.68825283103168	1.42156487587958	2.52809848380114
-2.45812706569135	0.356879960880416	2.21979481301264
-1.93129713002919	-0.542177375691215	0.847201909510172
-3.29978033060367	0.67828608646665	2.15607988719894
-3.28000870784425	1.10688926969797	2.19206952004918
-3.10262205481788	0.144498850397795	2.08141279580675
-2.58029909666796	0.804362721604298	2.152206808916
-3.26955552851184	0.137071062372428	1.65809590234687
-3.76388864348021	0.549525719059379	4.38152330026438
-4.66595506017522	0.565408245268981	1.71528325903632
-3.72720123568206	-0.444604463406765	1.64991454121554
-1.96997549652256	-0.0348655162814184	1.30109858615649
-2.41465233873163	0.603878218661942	2.07504541412948
-2.12113015173688	0.660195921565618	2.67440888401724
-2.09893903352778	0.415195902992702	2.70078618160003
-1.64268837828438	0.439092835775628	1.88753664251008
-1.95483230822908	0.30766279713251	1.19275474423434
-1.83110435737662	0.0111249620947653	0.52632333161467
-1.4308453821105	0.38061600246484	0.545655536199002
-1.21406365325517	0.220176650238494	0.288423647869492
-1.57618202925161	1.38178399352667	1.92441019710727
-1.71207152025291	0.978281655952815	2.68629284173643
-1.78112445973858	-0.513056460426324	1.91869834690936
-1.23475777607627	0.143568045912767	2.18430599463725
-0.998094977841199	-0.494646168660632	3.03434116178192
-1.3643785147567	1.45989149366707	3.44097676459582
-0.347748925081406	0.671453780276537	1.25613241942802
-1.15984744456709	-0.520087116637119	2.09788267389973
-0.464364049480369	0.0398192330464688	2.44180291315935
-0.0122987313739057	-0.176701743225937	1.24324821559249
-0.633318549293049	0.193374529433295	2.6530538753088
-0.851357956343265	0.20399190458202	3.31037314790125
-0.387171464388246	0.94859458695079	2.17014926066464
0.16746171646572	0.942466962615503	3.76723063933939
1.00491924272095	0.654754008777816	2.35261288346712
0.45795543567723	0.765326853827907	3.3181280604863
0.236245119466883	-0.773660694710291	1.11860744113528
0.731834439173601	-0.355295676198864	2.18154049918187
0.113318763301012	1.43044868073239	0.793063628846112
0.29381255310602	1.16390960106265	1.76658859869668
0.202696121479113	-0.244542576643667	1.0081530006966
-1.36169012107421	0.255076278373907	2.38891368033791
-1.00845171354691	0.0891714841781695	1.57703632454547
-0.931731187255339	-0.348476759801891	0.958509822176749
-0.946182096799231	0.553288387201137	0.438356682546751
-0.818131437491702	0.589742890441609	1.60604290285421
-0.434155651027981	-0.308173007605913	1.62317216566443
-0.141841047709012	-0.545437874624015	1.05625351216234
-0.706439358343621	-0.509177550651521	0.9573643785149
-0.887626981509266	0.378149810729279	1.50194933922242
-1.53773245048388	0.66714949182129	1.36158593445125
-1.13612198165386	-0.218587035333773	2.4534715058704
-0.708582926166586	-0.0561907007943683	1.77197894869274
-0.54733616334978	-0.719762217224786	1.98701872711225
-0.881889852647276	0.584548169267428	2.95276689730023
-0.495214144879677	1.63251056484592	0.728330013989038
-0.212437072674868	0.925711452030108	1.56585339550611
-1.48811636193448	-0.285673958080698	-0.0957664389326012
-1.74478839829461	2.41066308407385	1.00395496368617
-2.46961490219433	0.144262666030344	-0.395702379010243
-1.71879129619468	-0.0310077560139316	0.176842263789642
-1.8170963121171	0.48927602173336	1.3512032897985
-1.41157471424662	0.997348965131746	1.12894322884378
-1.55269148909695	-0.24523348910061	1.48638753638173
-0.434968032804087	0.252941961033441	2.32854664834591
-0.898923224915129	-0.385667291656533	2.00239830773125
-0.72316838872342	-1.51119545195963	1.32380021980538
-1.14728281671265	0.556263234063914	2.28363397225161
-1.01246154234378	1.21852412562054	0.756099313561963
-0.597740678665476	-0.738773165056862	1.6582286441839
-0.959390402013015	-0.100938742175944	2.16740172269898
-1.42469883387514	-1.15078262314286	1.87206569188015
-0.754384997312417	1.51523193132882	2.92130337870037
-1.48187306744968	0.0830814707138164	0.930431404865035
-1.43822917213007	-0.280078082431866	1.77076925461978
-1.14232781038328	-1.11439725918572	1.43869460578736
-0.696505281949742	0.327176518216459	2.33046746188814
0.228499622786676	-0.872021282302638	0.326185409618833
-0.0126691093874108	0.14745871291792	0.906556190507796
-0.865966018824666	1.37842418091578	3.21718207736303
-0.70462753448517	0.492649507005875	1.83864857083384
-0.232652482705684	0.288969815630164	2.12409799212495
-0.219959033749443	-0.47949746083178	3.08825696939216
-0.28575500198854	0.142524697339504	1.46931647942769
-0.555393520236821	0.403838991373993	0.824913972734671
-2.12785225212014	-0.0300946241684382	-0.249548807058693
-1.94657626560677	0.568125805176297	-0.622384377731435
-1.85685851207354	0.434757992844079	0.317957882667984
-1.14223954663137	1.32544470364054	0.163268533124075
-1.83768313275931	0.886763274709619	1.24899336581078
-1.45161933570591	-0.30804543709241	0.431106165686044
-1.17831284345804	-0.0624098943151259	0.19355215137796
-1.75600019611212	0.771367753303063	0.651072358343579
-1.77771791391124	-0.313761600001097	1.23683201753158
-1.01347566971621	0.589216202009651	2.91905140804712
-0.953489341210216	0.045316406399781	2.73131477124405
-1.63572945241459	1.45866923779234	2.26228203189275
-2.29092316685305	-0.773544001020829	1.05432976292224
-2.1889141416667	0.558661159640387	2.00357379997402
-1.97152713344647	0.347459319235663	1.45554431206322
-1.80047540957622	1.01337599816607	0.403151379242136
-1.78871419081536	0.342331034502354	1.30419590794779
-0.810513479115738	0.782960119333345	1.92362590521562
0.0436216705981458	-0.238688663149219	1.7141530628879
-0.13949886487769	0.75097619174229	1.88868206460272
0.215837247717517	-0.516001597650197	2.59875323485672
-0.940061909397087	-0.286181929582816	2.21723884443529
-1.13688137338925	0.961140077774487	2.28299623081136
-1.34262692700186	0.759844234307133	1.04031748123598
-3.31520122703863	1.5037773699714	2.11319261249553
-3.68719210708151	-0.239325158388656	-0.0506091065237987
-1.2615790828133	0.0300601941229759	0.59579503232275
-1.39712832957326	1.30011900153437	0.876992579072748
-1.859336343517	1.56739685367912	0.856062314796441
-1.33496427123747	1.01126886986319	1.86722055776328
-1.19249856853543	1.08259741613081	1.39625146770486
1.63977922076208	-1.68252106990211	1.3324184459257
0.89346010506069	-0.317404873850766	2.86221940631647
0.332811087529076	-0.841857635776004	1.85727664825534
0.247298803159321	0.123239197973828	1.42635487248848
0.525558691382892	-0.481796491038483	0.906894820308582
0.61033163856917	-0.965294680007551	0.871403297257528
-1.13005624779162	-1.463944936101	0.191954128148415
-0.649858032000144	-1.3727642320549	2.20314410763827
-0.321542718463172	0.518007146802976	0.064762648886283
-0.786901363717713	0.583254578978519	0.662868699089593
-1.12585489728627	-0.0844412571832892	1.51533005516964
-2.09800263343163	-0.297890021794067	1.52915618926891
-2.50436393743719	-0.546859635619519	1.78027163640187
-2.50844273115935	-0.886463275312898	1.42900330915242
-3.13941271034421	-0.985803829774165	0.863408802820307
-1.85764357628202	-0.740484772300236	0.70598529498825
-1.36903310369526	0.472391035781473	1.05849636123819
-1.72876773498553	0.505192633369531	1.47221046554511
-1.89463506567386	0.666971260008699	1.55869587233801
-0.40715195713773	0.685136920034179	1.01632928303673
-0.798611986225544	1.61719650628614	2.44405640719599
-0.108370781641254	-1.31539291900955	-0.0474485280588064
-0.80136975603841	3.13184196507784	1.12925971066256
-1.47713298225086	-0.00210367618391782	0.831315935926433
-1.69124554894093	-0.530021270392664	-0.806912654372276
-1.54984816988795	-1.14573355427286	-0.0985846852055178
-3.15423889201594	-0.0811893881188671	1.89753754824126
-2.36693244276906	-1.75135502643459	1.41171947120577
-2.37750235139228	-1.04834101849329	1.72840581212465
-1.75834964784693	-1.4095037906309	1.41479171031276
-2.20743918128135	-0.709784589603463	1.96778941212702
-2.12519105298769	-1.48565078233997	1.45731900632976
-2.88759153013368	0.636881016926249	2.21358913506807
-0.740115478648746	-1.04631320057855	3.21662965796712
-0.694607244887167	0.452380096872161	-1.14718133957246
-0.270530391455369	-0.766510701775346	1.22542910119598
-2.45992645832271	0.203254229272316	1.4101938087119
-1.70506446382709	-0.83176848808047	0.0276328059185631
-2.11755138539543	0.192470719325039	1.41110065667274
-1.10591651739542	0.13601071919708	2.53828133186766
-1.49262505822073	-0.0911092275331209	0.604511276565558
-1.47892153836512	-0.230993232322634	0.0193676643479508
-1.57056739769659	-1.16986071949599	-0.76323309018619
-1.74929829155788	0.00824217067205862	-0.0704233755315062
-1.8389009662512	-1.8485602583898	1.5140608938864
-1.81470552618952	-0.268352790396475	0.948401577836796
-1.81470552618952	-0.268352790396475	0.948401577836796
-2.19687375913039	-0.0636396663681674	0.0608908594268176
-2.91502087072197	-0.326823652191894	1.15916730635622
-1.16677527315269	-0.483803018509569	-0.116275346280611
-1.77364863413937	-1.3865180694894	2.05675632353281
-1.30261555100484	-1.98316328113727	2.82550360599349
-1.31092329627679	0.0592578014042688	2.56940649826637
-0.896100766307056	0.05395400666632	2.43295519721171
-0.896100766307056	0.05395400666632	2.43295519721171
-1.1701113614948	-0.362372167860463	3.54986480748704
-2.6094357289338	-0.503130844780229	2.29226693775412
-2.560316928783	-1.55832046568386	1.61137673127678
-2.3835693198013	-1.2324373500601	1.72340097303038
-2.58995251473821	-0.732409148034448	-0.324815748156935
-2.75450291541047	-0.237185250543622	0.241492004525266
-2.2201867297699	-0.743124005959694	0.868850446826253
-1.61350907488864	-0.63975838430862	1.36265915695749
-1.69017821943061	-0.508171337641638	0.455134001718658
-1.46500532460555	-1.45226838684238	1.20499950892391
-2.08339080814141	0.527118403360168	1.7231476579603
-1.67968377404665	-0.427556241474187	0.697122664417843
-1.4786239810869	0.873902574912783	2.29061214488558
-1.68562942785395	-1.13155867336323	0.96319519144411
-1.8244401592618	-1.29591611382652	0.665296453954664
-1.04892214074806	-1.69976499759213	2.22228961587445
-1.44344800631448	0.246603020249699	0.831810691617863
-2.0781350748877	-0.828899303195404	2.32527477273017
-1.94542277699703	0.282910246226257	1.17659194261773
-1.2923531635597	-0.378627918851869	1.13754955674335
-1.17827795917027	-1.44567202827217	1.98353808149293
-1.58050572391766	0.52258617677178	1.9165701213349
-1.4993494764205	-0.619330916867231	2.7017641500166
-1.33684947671104	-0.524838159174587	1.40128961421618
-1.47549370423703	-0.436665492954353	1.83219451342292
-1.36222544065954	0.706293783081228	1.20301559693113
-1.82835963843733	0.340265273050699	1.82460800476208
-1.25031202715292	-1.31103168363646	-0.491837106454771
-2.21713984254355	0.412771207309373	1.20234004195515
-1.29444563263758	0.64188831748013	1.2631192377506
-1.97293553272449	0.663706174252942	0.906501688815506
-1.26701728446217	-0.688307301606033	1.42305069730347
-1.29560646082577	-0.573722429764298	2.02370224790975
-1.5324435571103	0.854015334440859	0.983306856431574
-1.31703944643893	-0.665160125643097	0.963857434049575
-1.54221255523288	-0.377329124060142	0.106213067308687
-1.61237064138368	-0.159821234980099	-0.767496263964272
-1.88211319557312	-0.06917505289293	1.06395062709038
-2.53338868717935	0.434622905114411	1.23454407574714
-2.77184461904949	0.12103421881308	0.281043129356535
-2.68896800402623	-0.729094008596513	1.43690730310063
-2.27189072269853	-0.213110338763353	1.03460295351519
-1.15826531324641	0.356722945302877	0.505916226690745
-2.39708473277377	0.517629209200544	0.812008020054954
-2.23231009038942	-0.449140227545472	0.463908184083792
-2.37924536039532	-0.316852417594017	1.49276707555776
-2.31631025481085	0.686628669329297	0.734416254521122
-2.25751678444394	0.515171874211015	0.80257790576146
-1.02405719495517	0.126822455276691	1.69523554018513
-1.33952376337954	-0.192034686634369	1.36634731510578
-1.81859512841257	0.456617596320289	2.40656527572111
-1.24638670027138	0.168564140534234	2.34044198695189
-1.36948421701335	-0.355069582372919	2.85273258060877
-1.59126562912222	0.155495613531515	1.678426563128
-2.45564235391368	0.80897090281707	1.48937726802958
-2.36172189152594	0.103908378266621	0.888575503918917
-1.68637888068948	-0.702011250451078	1.3149346178355
-2.05008050956576	-0.567120367872677	1.12897210678948
-1.16771800826352	0.20403387163034	1.55759680618426
-1.33115257747259	0.781013643211529	2.40143850831118
-1.78484902756429	0.702827044053749	1.23411356965911
-2.42639364849872	1.21227449608907	1.48094510413925
-1.95601044304635	-1.06785801917809	0.755943940823617
-1.52453481680426	1.52890439225535	1.13962343756905
-1.29149301038684	-0.302720053556129	1.65385262876727
-1.47944585319669	-1.58215372813817	1.17238105456247
-2.59156700952612	1.17374137157287	1.20919113999527
-0.415462594389943	1.16385161039728	1.20379611581281
-0.866960707816288	0.762852553027312	1.6288488177193
-0.753164699456521	0.0338216426518392	1.73783735372176
-1.26913873280067	0.046599199857251	0.676203638679726
-1.65913628860185	-0.344804452136406	1.6874599345681
-2.33197221085242	0.992043919775329	1.98076505788835
-1.20405234549282	1.01183182451738	0.593055466826267
-0.862840726538712	-0.0706854140674431	1.29738606796823
-0.530034500602408	0.341704532146592	1.27267235422619
-0.644446056120608	0.427896838007927	0.156113327697066
-0.234857765501238	1.11029187033311	2.39236140742387
-1.2599749077961	1.2385054676897	1.60799365381228
-0.600924921414847	1.3868373018472	2.10066277041211
-1.24792366714268	1.81713111155377	2.19936382407315
-0.71743376131833	0.37482986097275	0.775781714416903
-0.812982746503394	-0.0614598589859101	1.56752999579088
-0.0114129860090011	0.441899016101593	1.4899819438562
-0.815909665974454	-0.0912309472926194	1.31383280036907
-1.3003390334726	0.0947755926969178	0.609444458232323
-2.06472262486882	1.96463135141089	2.60735837644116
-1.07230398985895	0.35171173809107	1.15252567994448
-0.0584036831613606	0.0893363410171597	1.55320281175234
-0.61525879901356	0.67698385838632	1.12157504224854
-0.756714206576238	1.34987769431605	3.43954016815313
-0.341601054643853	0.568926946417495	2.60560698435555
-0.250154529728218	-0.00684126131829516	3.02174446998442
-0.447269927357345	0.828893172223995	2.62040071175757
0.0643530553569757	-0.0706600909830453	1.73194810886676
-0.692661109585976	0.452603185736303	0.990883070254249
-0.00452654086545168	-0.826058257105153	2.33064355098628
-0.00452654086545168	-0.826058257105153	2.33064355098628
-1.843102642902	0.463359326474769	4.51615290476554
-0.197033228409255	0.0351789075428335	2.03423482114724
-0.9598586132517	0.350013715087351	2.11707533883325
-0.726042522857172	1.45536644227917	2.94883458672203
-0.57025872053669	1.10092894397969	1.68606109736954
-0.278086313567603	1.12870503367943	3.89495503135046
0.0674303822544753	1.15645815839317	1.96044044999785
0.749831957168701	0.660916489372595	1.95604936083745
1.31600408257478	-0.00243583658900737	0.798510154847496
0.993785163829198	0.902237890146344	2.19183379388663
0.363609920334635	1.14117249363635	2.74651736395255
0.207992032742285	-0.157433158495601	1.02272227488008
-0.70907520092784	1.05927173933869	2.37753524098003
0.175058667442694	0.945180336262128	2.55173682032446
-0.334780997925282	1.1504700367483	2.24377803606407
-0.218565711581147	0.447763108800165	2.93752087867801
-0.227285127358232	0.776216272907356	2.55074108892904
0.0172663723578088	0.88903741458109	1.51173566660748
-0.480869161212501	0.435334085816525	1.96347090365388
-0.280217264472988	1.12308354642598	2.09132680804453
-0.531881488527281	1.20382139682947	2.45598728098717
0.490970364611015	0.715843853798771	2.24080091228678
0.600509532094582	0.641365910980519	2.00182918412685
-0.773101856546213	0.814415281330834	1.7102940979055
-1.53086862383692	0.942499342872943	1.85484982232525
-1.42817936676973	1.3212767082799	2.58101112840943
-1.42817936676973	1.3212767082799	2.58101112840943
-1.27021313629844	1.47240458158938	2.49301171660991
-1.39022774138111	1.29315779406973	2.0530865128569
-1.39022774138111	1.29315779406973	2.0530865128569
-1.84683316667202	1.83687843569372	2.01221931139082
-1.56139543995077	0.319664194739715	1.34139655197144
-1.71326154382703	0.0856684600368763	2.56337155463158
-1.48845939385645	0.292587760137267	1.45589207583962
-1.09054295162065	0.484929329376029	2.47566992928706
-1.20596976584643	0.862641088044271	1.20184247555737
-0.530279103858586	0.251583565137604	2.17199002852901
-0.530279103858586	0.251583565137604	2.17199002852901
-1.43340217288716	0.41659142260618	1.88364533670219
-1.56796290139913	-0.296614824477724	0.988339806001933
-1.21408424710865	0.0527724741607165	1.04921473414752
-0.438907098202951	-1.28158739806125	1.61731223108146
-1.29722703310457	1.34095106321172	2.81794048578271
-1.12798169038006	0.315452931511209	1.32236645861109
-0.283090800924653	1.62061434987651	1.16650152932565
-0.585014924199709	1.4875818535217	1.30877242370131
-0.961272679794049	-0.351446838368604	2.43460712096149
-0.356987620505594	-0.0830720835505772	2.01565952104731
0.3396800459867	0.930478107462097	1.63561343432906
0.189834909108786	-0.0788492711806219	1.80214326299483
0.640679763403249	0.744159576140506	2.02499256757284
0.718353298582174	0.21918139332746	1.26419752358891
0.341330902278436	-0.551525497015294	2.36346798936454
-0.3342313862005	1.10947430187628	1.87773773464727
0.367228230568882	1.10564834630119	2.04605899527061
0.367228230568882	1.10564834630119	2.04605899527061
0.688255078237181	0.692677096337748	1.83994713073575
1.26650968621945	0.704118440123064	1.79454532772328
-0.747028578306646	-0.0144325087766847	1.34296263376062
-1.24978445655676	-0.624857853468013	0.859588446568451
-1.21204402783079	0.992399867362716	2.47571878057703
-1.36895685342315	-0.0507202593502252	1.90315500044827
-0.828798007664905	0.81569637788222	2.66421022235897
-0.98642272148012	1.11413453789151	2.33737390157524
-0.543624704671496	-0.0520043778862036	1.76764298031679
-0.44537941828093	-0.219489187753578	1.16176689597826
1.07198253247967	1.24861240550553	1.83123806101144
0.966801562902517	0.876206083403905	1.22129884232533
0.322626232809828	0.322876383932311	1.2950994653665
0.0949627142795173	-0.0572531701135626	1.34716423824635
-1.63462128525393	1.29339167730382	2.65914610478696
-1.07378237909936	-0.783581612777025	2.29435407925945
-1.14114642867169	-0.0924922411376504	1.35529611869868
-1.132109414689	-0.116931790360252	1.77836697865338
-1.98357767723607	-1.16831347407051	2.39400133348014
-1.59744584627406	-0.505311268197501	1.95432032342813
-1.25490811755525	-0.0115574431538195	1.29484081710074
-1.50840433230174	1.76301657172849	2.47433472628002
-2.76623588957276	0.75889798291537	2.28858382501469
-1.80233570446157	-0.114432189128787	-0.143506667494975
-0.899462811667532	-1.15246319214487	3.59580931409524
-0.891926900646386	0.241408595637481	3.10569408475917
-0.637603742249251	1.73577952755534	2.40137960032371
-0.866519851698431	0.827774724576504	2.70726554154059
-1.04453345186271	0.596126871917418	1.89218168046926
-1.63516238131605	0.825038247737429	1.73372750666453
-1.9658231924332	-0.0104500604851745	1.58749538963138
-0.660345116471962	0.620766029611044	0.773531208468624
0.118846248024843	0.399181276544839	0.473387840837385
-0.277921291405998	1.6096243849778	1.03389788857323
-1.18547716540246	0.645900581193104	0.77182762106673
-1.56591029669663	1.09103629943004	0.763149526108753
-0.336981212302474	0.146948692994293	2.05207455640908
-0.271506627039118	0.639297748367098	2.30476256136316
-0.271506627039118	0.639297748367098	2.30476256136316
-0.143874474179033	0.741765785605666	1.91925120682759
-0.636680232028076	0.00156427213312278	1.36524357657878
-0.970716124898585	0.362287747020106	0.238122385264443
-1.01877309974418	1.01614566250369	2.85988720006318
-0.0547874055858943	0.511922960127051	1.5995297712635
0.17003428675135	-0.286656177131873	0.616956623146965
0.51907495494181	0.193325477552519	0.835825376186543
-0.0775212620643846	-1.00417579591685	1.89569052448462
-0.661121711956947	1.31338575483722	2.21349942301377
-1.23133778376854	1.00510116125077	0.106646264899861
-1.63308786692853	-0.604166675269036	-0.0837136617008969
-1.94091517944862	0.185176067407272	1.24594955224917
-0.868957316749115	0.664123537313833	2.74733066468019
-1.29647184996183	0.156388928487181	1.0918283543994
-1.78608858153938	0.451607560319344	1.41367844844175
-1.5825661293956	-0.407794285120004	1.67910062806153
-1.15928219103377	0.703982823389651	1.66301631518856
-1.10663985738302	1.3440968197982	1.88798230074581
-0.218636069002559	-0.932007772956709	0.410180963492227
-0.354947440842548	-0.820613693740785	1.43176999344584
-1.28827769914949	1.35681537637008	1.8628459648383
-2.20509642571027	0.644700382307094	1.5420115668395
-2.20509642571027	0.644700382307094	1.5420115668395
-1.85030165328693	0.812567809011586	2.57160982289644
-0.833014065554427	1.02551206434556	0.726527217841261
-1.78721322345503	1.15601348737335	2.25188991900427
-1.53139443605303	1.42705862372745	2.65309719747865
-1.29769860603919	-1.63119398884338	0.782652808735775
-2.60078871762776	1.29211983613116	0.0400383825036259
-1.67306815322713	1.22144422779807	2.51442352410102
-0.371463375130816	-0.520527883196794	3.08592411680943
-0.0241382464795345	-0.476250773518977	1.77587657871582
-0.426471883193798	0.404253495508836	1.39752499524129
0.0776005088689284	1.72993926926329	-0.609141896146003
0.251060049665137	-0.473962722672713	1.48281664127824
0.251060049665137	-0.473962722672713	1.48281664127824
-0.806698349128385	0.406067084026634	2.25060983325123
-0.33015548357281	-0.518859800541434	0.920042289805331
-1.53791338248105	-0.105247294105712	2.15681574696654
-1.00853076577484	-0.108916186933975	2.90806020807933
-1.15833804114935	-0.0689156445727166	1.60698237223777
-0.700996183063801	-0.252094554451422	2.75334683069809
-1.0979034024594	-1.0095810986968	1.98295745486276
-2.0620372813984	-0.0793021376940819	1.71229936308435
-1.58438177791892	0.370654132147129	1.42769338690773
-0.151714074778191	0.00275189549019317	3.22990000268252
-0.627642672895466	0.72195596822081	2.20272878411335
-0.908356148874846	-1.3525533685797	1.29057328517099
-0.998141685226629	0.0478006360456275	1.77748033944191
-1.79613283501767	-0.336761553034092	0.238993442643588
-0.359537464761002	1.03813914179824	2.08982028337342
-0.886695133074853	-0.112940319363294	0.661683326021084
-0.382476246350577	-0.549175349513701	1.46361284188966
0.150244452259354	0.0341202263021581	1.65084893217924
-1.57556673365763	-0.225301891069189	-0.377121417018796
-0.679367791173614	1.79830680213772	1.37436693270142
-1.1506953447135	-0.0639721219739645	1.79455582529637
-0.416749380242727	0.875296031900701	1.32017039701754
-0.692954152791457	-0.127215237436471	2.18206028691431
-0.669489592371229	0.443280841183039	1.18069616421847
-1.22552294429205	-0.994790477581457	0.356953128974118
-1.75651479683417	1.0511336980554	2.23405578999772
-1.7310067731055	1.69238458441037	2.30391497728323
-0.212364286639697	0.724339008715073	4.58428475576022
-0.838214657581447	1.42183069356218	1.17450695479283
-1.52151129753089	0.600866870290201	2.32692618613509
-1.1508623650792	-1.91121256779408	2.48946653639739
-1.22117491252187	-1.37902984723107	1.68310194174635
-1.09567036559004	-2.0669339507542	1.42291527570953
-1.60058337551149	-0.669359337913828	1.74215069876704
-1.32143641590015	0.90276794706935	2.39924579249212
-1.17274594689591	1.60248819446944	1.17080681868767
-0.638224598200172	0.280560639542457	2.69488384300075
-0.427758954145389	-0.27821148384347	2.03553726793664
-1.05771687558385	-0.0653330886940835	2.69219035178184
-0.903937722996383	0.333794863967011	-0.0883090800343738
-1.6899197000463	0.594290113680559	1.17472916090412
-1.40234069042317	-0.856794361522221	-0.238954863494504
-1.21099827619468	0.0299447795075456	0.495681857750688
-0.975915948575991	-0.228709984505845	-0.454722486275267
-0.109641012319278	0.127711016691189	0.0363854225550312
-0.872191334963131	-0.400061842733035	0.841412004778585
-0.817839599149238	0.839178015352728	1.35516203368144
-0.7928090997762	-0.214766714739962	1.66905913689368
-1.48626681538382	0.711412995361847	2.81018938429054
-1.59239290353663	0.248570118024289	-0.014791794361938
-0.586507701525932	-0.307044487010448	0.94343114058257
-0.982521060222758	-0.122120247274788	1.27293098367147
-0.821871843790172	-0.546742100803929	0.330002970017629
-1.60329424037404	0.288968699314684	0.570530222063806
-0.316085963408512	-0.956045243551036	1.38376669706107
-0.801786155717576	0.233838670336429	0.919512013826681
-0.80144365665768	-0.559957810138311	0.346290713805845
-2.12632015854	0.599212505042568	0.901725982943363
-0.455302946451572	-0.35103616676309	1.15862016894595
-1.14833644977257	-1.91748730199153	3.50311224350896
-2.27582587626585	-0.873213043132778	2.11083441462971
-2.54921848979618	0.745511377023908	1.303413712868
-3.11980366453897	0.542317507225223	1.24429621867273
-2.98746913664429	0.246885900615627	1.49731386193364
-2.18324111891597	0.12632546901031	1.55177923278467
-1.9502390719359	-1.99227243325428	1.47474210902912
-1.67718691733717	-0.602803429608655	1.4306258966913
-2.20087055741004	-0.499611278370886	1.46130155177765
-2.35906741202818	0.409205692810261	-0.0664020886294303
-1.2756049222267	-0.485062671455176	1.28143756709859
-1.10990093362056	1.0041158234437	1.45936819819059
-1.35713231948058	0.707691349628266	1.76802015959392
-1.23981473150952	-0.236464900797267	1.82040327205854
-2.2455709669446	0.372518145867277	1.14048753125157
-1.24298914228567	-0.0547110137751417	1.46115223306223
-1.24298914228567	-0.0547110137751417	1.46115223306223
-0.85927880228153	0.866333313888671	2.18462004566224
-1.41605181292973	-0.18246470644964	1.22310455651544
-0.945711789055516	0.0603632233445611	1.16265213932639
-0.687840875342021	0.150962797134992	2.02934084283656
-0.149125320992833	-0.120107598058947	1.90985661761875
0.277524064999166	0.798054340267187	1.51517612999897
-1.05934224914713	0.248930616520577	1.13197117218189
-1.14777970963299	0.446774409510071	1.32366600675822
-1.15065663037809	0.488533335331035	0.919008500447607
-1.46321236347988	0.340861135565356	2.96133566105298
-2.33038499346843	0.933920064589748	1.79846101156789
-1.82541805622175	0.913963690614559	1.79338699630517
-1.85061260990138	-1.49632666504721	1.60384814794231
-2.46811446992775	0.47825406815329	2.92028660168377
-1.13181422267174	-0.597123588000001	2.33656739300999
-0.305324744358847	0.0696133192683728	1.48637740231977
-0.806028028043587	0.23982016981877	0.702302166534752
-0.563171702050494	-0.152612997734689	2.69239158271624
-0.788602694613496	-0.38929222539179	1.50962615994223
-1.39191007921017	-0.0711583594706645	1.12744920668365
-1.39795132952753	-0.58715362203902	1.97601513958208
-1.7578107521936	-0.214013197754751	3.53932933407281
-1.7578107521936	-0.214013197754751	3.53932933407281
-1.42019882085341	0.823181544434425	3.48028103131857
-1.51074431894911	-0.525657676602443	2.84404532531143
-3.02490892514229	-0.618645591356831	3.26795811455106
-3.28058912471148	0.453003744570411	3.02690413093641
-2.21590517467032	0.256653062427128	0.876896914760362
-2.28222622946044	-1.76709345096219	0.854626611811396
-3.01436897959321	-0.335569205800166	2.66219291051771
-1.77197396405949	-1.81707975727395	2.20851326948234
-1.50285697195498	-2.74791170317542	1.11495137842018
-3.43373584537496	-0.190892646855048	2.06918990432505
-1.81219958979637	-0.164698600113715	3.59200046533204
-0.446767810813566	1.0963649024023	2.08917595365275
-0.973941515064217	0.491865360058845	2.40236774670667
-0.96909083024102	0.0898490485530306	0.363418662394851
-0.413084608526076	-0.577099289329678	1.9495575789687
-0.186290262347268	0.54707655471128	1.77050129461448
-0.617603186410479	-1.63240883053551	2.32169106817869
-2.09613134636595	1.05949440835761	2.663551102778
-1.79222173076816	-1.36511686889577	2.33723634166435
-2.33164037271823	-0.114237823356107	1.69472711766486
-1.82225733140428	-0.677831443550637	1.88908097398804
-1.3722099177185	-0.541813368641597	2.74174279570165
-1.85456580648019	-0.00868872795857967	1.62607555626218
-1.02567771936815	1.51899929696861	1.93551240015885
-0.746006840939662	0.601165842352064	2.2904998885571
-0.251983927515473	-0.174422598354197	1.59974366702232
-1.17443814368538	0.0583181355085944	2.1097285466678
-1.62905784453748	3.24293172103576	2.17213723718831
-0.0947342253707655	0.867264342268727	0.788040983350521
-1.36284481746531	-0.706253758234453	2.08867413840724
-0.779247494769425	0.11036063126214	1.73570307366083
-0.857786981910232	0.438745460144399	1.49079568158663
-1.10455396063717	-0.199088289179518	1.61122506868522
-1.18385541415724	-0.642337907389332	1.6653728803029
-1.26224048978156	0.148426387713878	2.26459860131364
-0.194000242371503	-1.077945844626	1.37676395343751
-0.876998093935816	0.0494040916676597	2.89974320405756
-0.468966518334806	-1.8139427792833	2.71530287556747
-0.387879880414102	-0.215926595788043	0.192344073173856
-0.80964160440605	1.08898577910247	1.32330046170651
-1.43985306772302	-0.888019289513158	1.11748490985626
-0.842876852322541	-0.0092502233117131	1.21229659408078
-0.275407050075931	-0.238560264037682	0.473295974209468
-0.970425268862814	-1.07571264287294	0.682332660765175
-0.92487226716643	-0.442460968434981	2.05184344661834
-0.995381669367942	-0.70358488445816	1.68483334022941
-1.08233995653853	-0.46278586980977	0.183723156920882
-1.09810363304726	-1.05773068186495	2.09969979837296
-0.521141613687578	-0.0149998270142506	2.2430576742562
-1.37961983465022	-0.765476935310959	3.25528857609912
-0.279221517535296	0.232910026987714	2.33286303069869
-2.04809525726521	-1.23663354127	3.05292138423177
-1.68226921640729	-0.551142355561221	1.60327330419959
-2.54530604244826	-0.754965287300037	0.956589237940622
-1.7323117750211	-0.744905578606643	0.636598496450216
-0.730970586856847	-0.762682952111064	1.14938295234376
-1.83235958353784	0.394234278367657	3.31660860362507
-1.3144768856367	1.30757571077582	3.054184085535
-1.22914834747705	-1.06792959350643	1.80677772233264
-2.16166617051051	-0.515131184275059	3.52354648221239
-0.712234442386993	-0.339573394605553	2.07012343945475
0.14772569951575	-0.602706613855632	2.53886147048648
-1.08675209125633	-0.468719514114869	3.76746967439282
-1.34181634902686	-0.183607698218261	2.11739263949103
0.556859943023552	-0.311213326832894	2.77166306763945
-0.506484283848677	-2.48670509436807	2.62637113925353
-1.46182668859712	-1.4970691110466	2.02408352089067
-1.46224472145394	0.709867631512616	4.50894765396014
-1.51663454341383	0.883804007070565	2.19830803237169
-1.45210069386934	-1.47969523696894	1.00372264923452
-1.52503109178929	-0.247711876001798	1.94237790669908
0.0748052160153506	-0.940781523177091	0.953930291799613
-0.553770552976294	0.55190370218768	2.21291511533069
0.260535383813516	0.139791656192568	1.92029329876653
-1.06245191165309	-0.149523539292374	1.64989394506537
-1.24493340594727	0.397037197995618	1.90168579448508
-1.50410976156332	0.406009251345195	1.29206875015527
-1.2351244056725	-1.4079859152139	3.5239765484038
-0.830251641931634	-0.307694448044639	3.95489324540233
0.225209946598719	1.67501216727311	2.56962659989309
0.0443835486411162	2.86684925633397	3.08441543308589
-0.309789573963595	-3.18740276383321	0.211298899378356
-1.07843986133606	-0.908623043215337	2.47808771717637
-0.96439339783602	0.243973794179087	0.900426067488221
-0.968688864725817	-0.210270778456723	-0.00997609179994674
-0.868312472588569	0.532380820805124	0.0421443619771934
-0.699825886516365	0.939944690285726	0.914464147973649
-0.164620803510716	0.0112848363237642	1.99938087681081
-0.954734379338572	1.06605480725932	1.91788353250733
-0.0460414476499748	2.65320811504745	2.04637118416925
-0.719478491337804	-0.41721120657592	1.49981699833907
-0.527945851337498	0.178989987057115	2.41934199187921
-1.27458324476711	0.462152333042492	1.22590297701932
-0.764525992960797	1.38446046891454	1.00346630155989
-1.15546918431492	1.34680141207319	1.4923041807449
-0.593892720723476	1.74022578624379	1.04111463400048
-1.78432069923866	1.06873391510992	0.380017537554399
-2.41339261748193	0.109651901733339	1.53624424891817
-1.97169249813422	-1.1769359795082	2.98867419734666
-1.39622398934343	0.621203858825913	4.03183434932989
-1.39622398934343	0.621203858825913	4.03183434932989
-0.0830548194667912	-0.048203953910826	1.06741921033993
-0.870262416442916	0.261106554639461	1.36195067552094
-0.860440849737598	0.238050570651084	0.263459685114441
-1.78825548244513	0.937764079780485	1.41408562340199
-0.327083543756223	-0.132789639802481	1.79726998139191
-0.327083543756223	-0.132789639802481	1.79726998139191
-0.595211051400942	-0.493250904952591	0.963989243144491
-0.0680416767330357	0.212326920820683	1.35608103994282
-0.769018681600984	-0.927184266574029	1.90717494455622
-0.626794157444344	-1.75800398893829	0.78625550078174
-1.63661522142662	-0.867689610699414	2.55935851213657
-0.940802131933574	-0.0406952754825168	2.30875640608059
-0.94059741014516	0.618059439941193	1.22248334702004
-1.50380008539345	0.0508235235112971	1.02979188736766
-0.619924244619189	-0.502580467688048	2.19120620219529
-0.920841732087807	-0.123690678525692	1.38550591554422
-2.49910884162942	0.23386775687274	1.5862013941303
-2.66469591405474	0.205356661323168	1.10689918706626
-2.6996997499528	0.580780720586484	0.575237026717382
-1.90892728226146	-0.495543830946118	-0.022026123598917
-2.65701377183301	0.0575423572683785	2.53354406811748
-3.1908921629112	-0.416279529579445	1.455133944267
-2.36057205833691	1.21819031741754	2.18587899611783
-3.37719504189564	-0.86482345066295	0.971766016660945
-1.15381944274535	0.105455388592453	0.881399277083333
-1.20719242709387	0.413405054251326	1.83121605573489
-0.666133380073478	1.64667411598048	2.4829153402762
-2.53311937657452	0.93993886969907	0.977491322025413
-1.6333019104191	0.350800309582701	1.60737405150598
-1.74820184867082	0.246401293807464	1.40289989741001
-1.88548990065955	-1.05864416270577	1.91320855747392
-1.50635493049601	-0.443469214043545	0.653983358661341
-0.652133651357226	-0.297923653290365	2.33350841027659
-1.48451095244256	0.883756963894705	0.0126749910544738
-0.96078675526539	0.901808107665861	1.05580598399437
-2.10629694718234	-1.26466171007967	0.40666537528659
-1.69720183936834	1.51320229666065	-0.814780142075761
-0.881914621531195	0.827958982081855	0.0134213692541858
-1.66330755304405	-0.388935982508098	1.71842045420967
-1.37826514135711	1.75481727681522	1.01584671668037
-0.849076035384111	0.603355925385168	2.46996309677584
-0.33611240605862	0.596780648571111	1.11565903970603
-1.06817462267067	0.796440752228745	3.15132154303681
-0.58920091207439	-0.102547982275429	1.28375185493487
-0.45580235778777	1.1466780525261	0.575619358708535
-0.323588242935242	-0.21698573393602	2.16061930112665
-1.05001724595789	1.05947110677024	2.29002000900357
-1.2587001805604	0.0959247181575826	3.5673899970659
-1.06608874829305	0.892108901701322	1.83154321328708
-0.659101017893852	0.995921306668343	3.37190214663684
-1.08266142868006	0.976284373164173	3.47755116433434
-0.630655905098062	-0.800841102566581	1.25969880302101
0.24809123959485	1.19202242942138	1.39831029864797
0.503304611029596	0.0716306504104263	1.37528353813015
-0.679442801423161	1.51011776057966	2.76267603125185
0.0750568354239098	1.14117595042183	3.00584034793919
-1.06018280108984	1.89056294489336	2.95963241930013
-1.91740616711127	1.80074064589856	2.014223118752
-0.733913639661506	1.02092091348242	0.95994935822655
-0.491522564981809	0.366159186014924	3.49228382454882
-0.172135262806162	-0.761532031550574	2.50738606352653
-0.866642163694425	1.0092828099133	0.990690720170845
-1.72116619410989	0.19948113605886	1.71383649669865
-1.07954105249377	0.538022608870619	1.52925770655205
-0.512036794608627	0.445245113599016	1.51808456028074
-0.0646553747347458	1.68892480705813	4.50199162852984
-0.766013769414204	0.154590833783528	1.16430211384608
-0.987286208427844	0.381433118634351	1.0808679330789
-1.0141876534366	1.33250826385563	0.971221914158472
-0.711062415817311	1.32045196205335	0.635924896784419
0.494741779932384	1.98744919604924	1.84414722125895
-0.0650600275348354	0.102276497956327	1.47831413710433
-0.643037814406226	1.01259217233482	0.927859753971716
-1.16082688005366	-0.642301113269169	1.24055105976536
-0.0332290639781428	-0.763514403177671	2.32366812697946
-0.326144040850017	-1.10010497044559	1.79853017161316
-0.861620937321648	-0.0479125501905835	2.52868414496393
-1.95796694258824	0.560689289589865	4.25210975614398
-1.36936533413466	0.450777200092748	2.64202470867285
-1.50375790592048	-0.345477163529835	2.37290257427464
-0.612544210789093	0.961617596939795	0.927569527794553
-0.912274660353732	1.36072364976525	1.855117402068
-2.39529259837476	0.0597736852639262	2.98926147113217
-2.2318549112558	-0.0591376755399629	0.105952915938925
-2.97229103906171	0.197727703885898	-0.17595047133759
-1.98172023256187	2.22802017674225	-0.769048840390759
-0.978584128007152	-0.375876625053384	1.57616673714835
-0.757427150699439	-0.817478584549621	1.86685777251466
0.048916383339416	1.28825216323656	1.21112501095216
-0.183281269111769	-1.7788562600207	1.47836146206232
-0.642522887925758	-2.00645810903805	1.93996770315912
0.83612182606496	-1.4347409022923	3.49382385877545
1.79794117707053	-0.0551052682655736	3.35880507789472
1.0856079542658	0.808213962934783	2.01159378537799
1.0856079542658	0.808213962934783	2.01159378537799
0.588472108672273	0.126001447878069	2.15438623224373
0.542149699851267	-0.532683975925079	2.46506634582155
-0.299713758322363	-1.09856021951303	2.16307037134202
0.399015037546299	1.52830979422576	2.82501019952395
-1.64929858578483	1.76548283495809	2.09266171773953
-2.60465868527394	-0.155234088700833	1.83941037254923
-2.75919289217727	1.82798363619032	2.23433226452841
-1.98382463572369	0.22166340464732	0.63713357013073
-0.611505378143573	-0.665912839178472	2.54470291778844
-1.49103359852237	1.5621255641635	2.33003306583438
-2.02898413592905	0.471850085545742	1.17848710273829
-0.925594898548044	1.95548420194354	1.57282776878873
-0.745244183042486	0.334411510204823	1.34642649427187
-1.56878732601016	1.39201328989436	3.00947147381139
0.0179807931331276	0.738152435316695	1.99809835902928
-0.248903946018139	-1.0920551460713	1.57332258375942
0.889029582858749	-0.423072333974529	1.24558954563358
1.71139901207172	1.502173808796	1.41341730233397
0.340261722374109	0.0371846433967102	2.97817531667314
-0.42402811757592	-0.239896507118262	1.2857662095224
0.230867919527592	0.139568850439621	2.44554017545877
-0.247512213693977	-0.75940930577212	2.0240601681731
0.96874496400497	1.08327396871118	1.42094639380671
0.821905780077596	-0.61638719118142	1.91814670694191
1.31532490448507	0.142327253737798	2.4900039107875
1.09351168377576	0.00249082183579274	2.91658175079709
1.13646848426214	0.158055962817907	2.89510126346918
-0.083772545583963	0.548989460730257	3.80728468122616
-0.0631042500276001	-0.189714375471831	2.44925539100639
-0.894821367137583	-0.528522909322698	2.444037470675
-0.424125808450925	-0.31206853602939	3.97302699291168
-0.193505629427974	0.0879132946581458	1.43649621480799
0.0774423892154503	-0.239401993081647	0.496516123260839
-1.36958218908503	0.0404854346300354	3.04379557010609
-1.03929852111982	0.575387985928629	3.24204299015347
0.333461657165725	1.84510546831348	2.19090078096755
-0.0143049522028698	2.52922258633399	3.52041340534194
-0.99914867918487	2.29932708919037	0.943333412794367
-1.43243541981718	1.55025111731741	1.60308352505301
-0.24743892594962	-0.687647417943945	0.765485643646988
-0.738054398095205	0.271811158064644	2.70118699858608
-0.81216026772367	0.338182686084685	1.01976797064635
-1.2294785898574	0.283317458533439	1.55726457052352
-0.381278212119404	-0.343280632979243	2.15916338033912
0.502958819172318	2.86878522026393	2.32961296093343
0.441056227252267	1.08185266186762	1.3303698847354
0.211048212941756	0.216031869141053	3.61913250828372
0.182599421772854	0.36709366832514	3.21100036292642
0.635200436553828	1.20763838591647	2.49598699363724
-0.79218149766687	-0.0490533636191293	3.54992175779243
-0.79218149766687	-0.0490533636191293	3.54992175779243
-0.341460755781563	1.05278124879023	2.61485726437347
-0.478369994359876	1.87768546463591	1.49720700948827
0.788606832398066	1.34358328830995	1.6817638811869
0.859209347690635	1.04279082621233	2.48551782661058
0.455249979725945	0.962555945371334	1.63450346722194
-0.239462456553878	-0.187093558447393	2.2227405490189
-0.130897354557161	0.397024805530183	2.77220539594614
-0.596384618010592	1.41554928000197	1.48278346939811
-0.569171781985976	0.177417492597644	1.71047442003759
-1.46116578544198	1.22596649258282	2.18749755715571
-1.17947391368901	1.42332196661844	1.26724455418988
-1.18505961633316	1.05766243326011	2.25268165687028
-0.464853469951514	1.63563399189191	1.85538996193356
-0.29327922497617	0.957953426828868	2.34459701464053
-0.190020072885284	0.543978255706901	2.76371096310942
0.0473583239492557	1.5161506773829	2.6197109468283
-0.525573048699956	0.73203506344231	3.61343104259784
-0.26239512908099	0.992486023196733	3.2533780946668
-0.579056140188982	2.36855393179539	1.54719118105019
0.0141233133701695	1.21490517788105	3.14741272683293
0.389143277376544	0.627876575433211	0.0154396832926647
0.0131315207717874	1.89163929786741	0.839863151094116
0.709658399721566	0.787292771295033	1.3531020026595
0.898352270997301	1.84420206363539	2.4480154955679
-0.182866053775779	0.47032771189455	2.20169081553053
-0.0879779170435755	-0.32052020379574	3.06099378491461
0.712778219477183	0.186026971961855	2.16796588617982
0.0270367215878054	0.558972624263346	0.765174397098142
-0.35202133419994	0.306883236303741	1.61657906887918
0.0370219194026341	0.267286866746476	1.68339186321419
-0.0931302501178285	0.263618649596738	3.40897163264303
-0.0931302501178285	0.263618649596738	3.40897163264303
-2.15442590988468	0.769288504792664	2.71969234364746
-1.7721254862403	-0.17682090188018	1.87462167039099
-1.72460442343976	-0.378495441077592	1.96882413764728
-1.53335627321074	-0.851611637480914	0.730422706356848
-0.524244168512438	1.22362730913243	2.9447838900825
0.657676248477787	-0.115881200051243	3.15566746894515
-0.163992795270461	1.98692705487889	3.74447928282395
-0.703228051364317	0.285965383298351	1.81582179958226
0.0118899806506421	-0.886153587821067	1.08877274261793
0.537934906056011	-0.122702995364529	2.0941711847139
0.455310964363122	0.5685384192647	2.14035365547026
0.407391908551727	-0.196409140359797	2.51763352501736
0.724639605071912	1.16184992175987	3.10168300025277
0.911359533078475	0.302522095472791	3.60610170223667
-0.371058121662128	0.904009520300667	3.59383664181383
-0.363103818872512	1.63865169976249	2.25173758455622
-0.363103818872512	1.63865169976249	2.25173758455622
-0.363103818872512	1.63865169976249	2.25173758455622
-0.470535935151255	0.62948416579813	1.22681282862144
-0.0382978582047218	0.606051278638712	1.74574508333703
-0.158136057668179	0.932046518079818	2.74044784536721
0.090143707543127	-0.338002248696663	3.43001967075298
0.0798601839740737	1.2607222957874	2.84206055107839
-0.622279146216567	0.939344604890534	3.02688102339418
-0.897155909292563	0.74648090179694	1.60868753888967
-1.24112764333549	0.671087000737244	1.58186113729615
-1.19578078609186	-0.260876855399753	2.90552376395063
-0.238603514155712	0.715854618042813	1.68852253690603
-0.689728909616868	-0.3269196027402	1.86903114066099
-0.247606895623534	1.18418400966171	1.9544198765763
-0.579491909163533	-0.765698163338923	2.9890980066874
-1.10661514478083	0.553138296357409	2.57174601488585
-0.130280550744983	-0.0636414855237122	2.44994058620755
0.559940248501787	0.620343882906485	1.91727758802308
-0.129466212983177	0.565809225606289	3.12153272762711
-1.03927283480636	2.28374981712266	3.4624424202748
-1.47941266568053	0.339719985045923	3.94556882728393
-1.52584161891122	-0.049141681195486	3.09259731354245
-0.824566898255614	-0.35678130402179	0.813495185482913
-1.03040185956241	-0.517097158475124	2.11623009809803
-0.24241098484877	-0.279330849290438	2.4764766626156
-0.0564179059226409	1.78828309636111	3.82125712392554
-0.762053296766208	-0.336837482242613	3.07718206930804
-0.534123237766129	-1.15975210645194	1.28620755086455
0.299021803543335	0.996518653536042	1.34643137340722
-0.159602619554525	-0.17636468364599	3.59357104546101
0.390086776322053	1.30196096904382	3.65738057278502
0.611304807215638	2.24966919754205	3.38651352676195
0.890118378896087	0.913745994616312	3.0031178735656
-0.0116219930368078	0.790244467717184	0.287241717886722
0.211480280886781	0.707830766870742	2.59069821744756
-0.108391490007839	0.0808914397309214	2.58679795085576
-0.44561080825288	-0.698135855833722	1.4733762124944
-0.560283630818438	0.100718575229771	2.82007646973282
-0.391080818415449	0.104066000269353	2.99224009680754
-0.578541928256694	0.769401938287439	4.64134454098863
0.453633507110837	0.947270954007733	3.53522466700817
-0.0966924678078029	0.240098291381694	4.40694960518112
-0.654524143084812	1.04804151697985	3.35072175321213
-0.503817813669448	0.135140938001941	4.08743032639166
-0.121463415256664	0.877347991235354	1.20490514629054
-0.319040429838396	0.421721023508025	0.978606602253488
-0.584343115517061	-0.588759450607816	1.19370525491712
-0.944927314913815	0.284839623084916	3.29430838325438
-0.496704459971453	1.25668895874792	3.80509951904453
-0.64690084279367	1.36049222200347	2.18027604852054
0.168257156296404	0.0775224765839236	2.75528417857376
0.0298579112099249	1.62307761038468	3.18092198114553
-0.125135973115196	0.720335084451041	3.69349096755337
0.234766302129784	0.922730061771477	3.50386193550924
0.590081357805568	0.350413135254315	2.13433410681061
0.0707627978682851	0.877825824422858	3.02806546320278
-0.260506048732666	0.884982813494303	3.46676476799497
-0.703127738274081	0.53979044265987	4.00714884310705
-0.86433531413872	1.76635659983794	1.32576278647895
0.0486073118323912	2.36582687428178	2.52551215155637
-0.591716564962968	1.39392639367557	2.54378024953931
-0.591716564962968	1.39392639367557	2.54378024953931
-0.340936976963964	1.99289487119725	2.37195100148871
-0.123693259388088	-0.0524454902161042	3.46411467850323
0.708614790308119	0.0230850636297649	3.27176915435641
0.814253858988779	0.578136069514006	2.27416497931529
0.393868733369818	1.82713264490828	2.73214271394742
0.807113166056985	1.73670754168447	3.77657540329421
0.470080732513777	-0.711274974617227	2.06966102023527
-1.14611513056272	0.0946895985301532	1.16752888408172
-0.832444344777371	1.21096123756302	2.11709512824332
-1.07325573100379	0.812284777824136	1.42609341940654
-0.00311864196567563	1.061242841198	1.45569936601279
0.429311847042094	1.11747888847457	1.55785405674662
0.0426111553636954	0.926022762153271	1.72040766629919
-0.670019173666256	-0.0236592899862672	4.20545718743776
-0.464620476948715	1.52032850611237	2.61381641586274
-0.12379290192598	-0.543526555589703	3.44607099951991
0.947857311788922	0.403395703561136	2.30070194372448
0.264393404642562	-0.125055375878307	2.35804494402543
0.241794096794804	1.72056893456498	2.68116243424701
0.786212752584895	1.75009362190501	3.69013816153018
1.22139910928533	-0.993069275209121	2.63554273037468
0.725748498304286	0.0405318678162152	2.64709198614477
0.588722589868331	1.6337611458836	4.09300819195149
-1.27937569300741	1.68652892806434	3.38542094196218
-1.29070487237206	1.36782692395195	2.14377735561153
0.215672787011863	1.35744076316668	4.90924862255315
-0.0158670324228428	2.99997157274591	2.69451302727835
0.500347420264059	-0.231950477764698	3.7309143910858
0.256704087901223	0.624360675861636	4.17042328704915
-0.251258849835778	-1.09522934853535	3.45363251036605
-0.5716917875781	1.78586475672174	3.50924121117664
1.1063123722844	2.45168953221533	4.23516591778476
-0.361701712306158	0.805917384320946	3.81343323063369
-0.143553510437993	1.8669529321968	2.60118534996464
0.991905461722995	-0.809519093771202	1.76674962677703
0.521511829426069	1.09296852731256	3.65354842530172
-0.872751754684666	0.864927815999026	2.97908848025943
-0.305317050898653	1.07728119812137	4.03322705505015
0.288309040971304	2.04475510267613	3.22748161879341
0.0518443644364315	1.54153457185318	2.53377343601905
-0.219772642484013	1.5592122314009	2.07634950163757
-0.450271357776393	1.87936792054805	2.87317736922575
0.093017742366051	1.1337560363491	3.14776187694082
1.13528238681126	2.62728040449327	2.73450174737726
0.440395984177756	2.28953704294611	3.03206604990602
-0.165594013248249	0.656295968225262	0.80560037766482
0.116740331755868	0.60229843598229	1.76048233217648
0.590885278700931	1.59112520208032	2.67405569133006
0.936359525697694	1.99082095625969	3.3991104599814
-1.03396524184959	2.08239618777504	4.42435786495753
-0.623551880621371	2.99238333835939	4.2438736660507
-0.485484822887211	2.27741109002473	4.51081772795458
-1.19110663132781	-0.330403091613153	4.62010211174482
0.185439868469752	-0.0138478210883856	3.4126697889069
-0.846604561898131	0.545775607917701	4.28881828166331
-0.846604561898131	0.545775607917701	4.28881828166331
-1.10778692384424	-0.150561505941943	4.73911507544212
0.217802122118512	0.326139235322582	3.19322959559126
0.27272941528348	0.502349810826268	2.53352321995403
0.369140285293207	0.320523818684232	3.32646388585709
0.193936339609677	0.931903888371059	2.14036165833811
0.377683172010394	0.41761177237339	2.76941746633605
-0.0426231854481185	1.03427301021758	3.68985614727471
-0.303263277095483	0.0404791337306947	2.11191383338138
-0.258378331586672	1.64469158862918	2.06879528065257
-0.940651881345492	0.788545509632106	2.00053212304869
0.117597868656339	-0.296487567113854	1.4406996079619
0.711133167325333	2.67506664265415	2.68050562754009
0.582521305666946	0.774397959634006	1.80122192908614
0.0312075615469371	0.896369986265391	3.045787249737
0.485610238285435	1.59149283251967	3.33145501437073
0.143459516478164	1.74461437044939	3.45205006401466
0.667453706811922	1.75653535746935	3.66924435684616
-0.22512147370236	-0.40218068961126	2.7510451806999
0.145842524235871	1.15041371678869	3.11386348062466
-0.489473629606754	1.31786635559337	3.84961764453347
-1.41737879372849	1.35314658314384	2.04778249403143
-0.511463541955972	0.832262028683478	2.55596633075063
-0.74869059023654	0.735599443279393	2.68209931679564
-0.263596854824837	1.77191589412642	3.0255537394162
-0.389123277145773	1.57638900508435	3.08737068180416
-0.374605021516072	1.52391102274359	4.09570054941412
-0.438065648302558	1.53708991465671	3.53882695806392
-0.875276046736977	1.82799595670464	2.75953343651957
0.249060752640565	0.929794328458485	2.57411142147243
0.144138258990821	0.692291719443519	2.67716571202296
-0.0141540120910859	1.65415847203363	3.85427253593367
-1.00425762166995	1.44481374812117	2.40357458505517
-0.83960220484269	1.14172659786914	3.18514564511744
-0.355775971464209	1.14082605823423	2.28655141793573
-0.368122654123466	1.47511991875559	1.75545951799724
-0.212788639153651	1.40057666776756	2.89103248187709
-0.0533406534584315	1.69147581716353	2.07981066960153
0.362323819459019	0.958236878717917	3.69487716579696
0.515882842211815	1.00294424783016	1.16760777586879
0.0549741464577998	1.87988024592837	4.12942908606707
0.475451262538255	0.898111323131577	2.88567374119788
0.384444642176913	1.46719471548718	3.29158770721926
-0.0468314479819655	1.01972912457066	3.63291518406244
-0.115388126798898	1.27285944501244	1.6925732108814
-0.115388126798898	1.27285944501244	1.6925732108814
-0.552311239938019	0.412539501069236	4.67291062702421
0.175253388932327	-0.492471760108597	2.47198024356468
0.0573705974972914	0.388816373607408	2.50447421385566
0.480032764808242	0.794186801978898	2.00001231958204
0.731864306616602	1.03748908085247	1.64559774243054
0.42018957845672	1.47622976922139	1.52927497212922
-0.512598653619703	0.598561674837137	2.19117400996926
-0.424393442968465	1.60394345630714	3.16799923472722
0.153407877320311	1.75972729491563	3.60031934919285
0.153407877320311	1.75972729491563	3.60031934919285
0.153407877320311	1.75972729491563	3.60031934919285
0.162615946334194	1.52922144775755	4.04673728603863
-0.307762118475215	1.82482038640011	5.23381131330415
-0.143181484857166	1.30436211348957	1.97817660076252
0.00386520778216386	1.66534292867321	3.63567978569422
-0.522749789367106	1.35816769356582	2.30518036332594
-0.341552175869062	1.77941387429267	1.76141265315446
-0.433207721625165	1.02335008400032	3.4612322400376
-0.523860278337411	1.61643043422187	3.01903938596826
-0.300922457471853	1.40524860811748	1.81899286289613
0.191238257553243	1.60903151115968	2.90154537029815
0.191238257553243	1.60903151115968	2.90154537029815
0.311179167907223	1.62061370125221	2.48609429553732
0.469441825892821	1.40932344123934	2.47169564514498
-0.0456920799414601	1.07349631684793	2.1978633127335
-0.660588520074182	1.09326855835527	2.96834908785001
-0.169272707349981	1.26207574308591	2.04990458062723
-0.124357502747834	1.23138890740474	2.52110150672171
-0.124357502747834	1.23138890740474	2.52110150672171
-0.408470399265776	0.927163595423758	0.96827786189131
-1.35448121750077	1.32017220812025	3.43143594234866
-1.54557701580365	1.48671036234473	2.35495869399557
-1.56720062188469	0.950483244359321	3.51182722364402
-0.682221869524687	1.02115064318623	2.46314031532587
-0.958595543165297	1.42240413503089	2.35533540050834
-0.829115274309674	1.42869727424111	1.05774939979154
-0.829115274309674	1.42869727424111	1.05774939979154
-0.11236535496033	0.975957468773243	1.80178516887206
-0.11236535496033	0.975957468773243	1.80178516887206
-0.458205459945346	1.06989675735556	2.01031789067473
-0.458205459945346	1.06989675735556	2.01031789067473
-0.458205459945346	1.06989675735556	2.01031789067473
-0.261405871603133	1.01632120818699	2.74736885309581
-0.0377496195386474	0.776545377931893	1.64762744759434
-0.341226587846982	1.41028601735665	2.59362906151422
-0.629572854260834	1.6356811588504	2.30221326647
-0.519636353014042	1.37616381093575	2.02508419605643
-1.01615540207336	0.812067317564919	2.02346407727912
-0.275116009881704	0.759200932296955	2.36086848627035
-0.391193682076439	1.84741046547479	3.02871126976379
-0.140100875466201	0.414131971593275	2.62790321838302
0.47414907551011	0.896466071317478	2.19989594357628
-1.4124423855665	1.0280909523787	3.31143930776021
-1.03846153140123	0.986506493528865	1.64840610012638
-0.704391986200018	0.881777440912816	1.90126018853252
0.0896425289371708	1.14346069427064	1.55373926158617
0.0896425289371708	1.14346069427064	1.55373926158617
0.0896425289371708	1.14346069427064	1.55373926158617
-0.879122447419858	1.19750880943908	2.24613134961541
-0.633242819980402	1.21507139860944	4.48387669179238
-0.866617682201027	1.15401833927553	2.66336310028919
-1.10338466160282	1.5428898535979	2.94229872527035
0.29146304770063	1.08235826596038	2.08371450094152
0.757387287321407	0.452969254605936	1.30021417914445
0.515439655543656	1.95966739656923	2.31623885760598
-0.302692491773122	0.459128367663547	1.79267995645374
-1.33179950222536	1.68614115051356	2.71681425597557
-0.884451313770427	1.13260629834147	2.76704159537909
0.0251630533291119	0.85107813528222	1.11593926039152
0.0251630533291119	0.85107813528222	1.11593926039152
-0.617506631708745	0.553640594117891	0.747295487919264
-1.44413776075939	0.792407809001638	2.09247409930476
-0.143296194283574	1.6453687299987	1.63367905145497
-0.516893597832238	0.88897879847619	1.7518089327147
0.145702008305362	1.20824330415686	2.25094564579465
-1.61663260708281	0.656853258185496	3.98844868465938
-0.757163974573568	0.730886812406905	1.72074867359781
-0.462526066444675	-1.57869241370023	2.38065584451021
-1.27075929339579	0.0936135168727079	4.15499932376165
-1.00244676485224	-0.676580994968036	3.04253988980328
-0.685501901375301	0.400743287031332	2.94078072062636
-0.67242992034916	1.19206657037162	2.58275999293208
0.456990372082713	0.843408239284474	0.731423424520459
0.610322069755007	0.403615823720031	1.55158061308237
0.0265346649343465	1.75286007477892	1.95487854797734
-0.433628494034723	0.917923269553374	2.23110944246556
-0.332017323107054	0.227518070625252	1.02908829297855
-1.10385322396161	-0.0461301060685794	1.39238866912867
-1.75055345152531	1.15639379302192	1.80316106599018
-2.37254881489399	0.690308849799362	1.60150449967263
-1.49100477872118	-0.134521927776034	1.52944747909103
-1.82565831705015	0.63707305261187	1.68670585989818
-1.55626567371386	-0.24137356506376	2.56056350692891
-1.97314713102666	0.471077385853093	1.82316034292525
-1.08371903880567	0.801339856686884	0.684808580480381
-0.603290512608295	0.124020310237689	1.77373453634759
-0.600064147193295	1.24081727828894	3.64002348646259
-1.31224765414559	0.0814525313161907	2.13500869737576
-2.08367644110097	1.49223488659177	1.36131681234153
-2.32567046335291	1.50882324481896	1.52286229986341
-2.48207026502007	0.690264341689091	1.47699758995542
-3.13002872940249	-0.496429953295404	1.37384110412642
-3.06575780927942	-0.711524034677044	1.86176101466152
-1.7007924870844	-0.394359015441804	1.62672924187422
-0.897394027174835	-0.799832105182494	1.76413529591665
-1.18378195085929	-0.380697938914746	2.2828696537539
-0.833355607444532	-1.02724380307033	3.34747839978834
-1.36824688766298	0.649501785371618	2.3760197831504
-0.517495334530163	1.62162899026562	2.54973371919318
-0.0480333022884775	0.482281939398122	2.76984033112687
-0.140453003124554	2.12573449056658	2.72369733696734
-0.940756434722475	-0.505044650826678	1.52175992065505
-0.550313748579018	0.541610502301775	1.43354879577155
-0.0381450767513274	-0.0943774159029147	1.03354649749222
-1.67000207749935	1.16904016233492	1.53648383968908
-2.10277131729987	-0.360000830050774	1.15954325701254
-2.45898464456188	0.0908510084298704	1.89104061055871
-1.33773801761713	-0.586870748393347	1.71923613865196
-1.48091767721583	0.0389205879775824	2.2529265248851
-1.97649425226157	1.01846475026304	1.65662399801199
-1.43926802401744	0.475105337739411	1.47265235611983
-1.88394239628381	-0.193867357522624	2.54978975400222
-0.901086609690618	0.335100343180022	2.58670027948027
-0.391846690261374	0.430474154075868	2.01944533890828
-0.655766670162522	0.11317652596793	1.65789488997342
-0.745546775700841	-0.194152942565741	0.900394448623838
-0.678052801564053	0.189363707060113	1.87588615033162
-0.336340030456229	-0.366353165262706	2.34650108548374
-0.543594008313883	-0.687978703758062	2.93654977323189
-1.01991425557876	-1.08958805939528	1.39296815088291
-0.983995579404933	-0.319957234066629	1.23554472213788
-1.79787190768737	0.519367988670046	2.14269466419788
-1.24943168422144	-0.122992734878518	2.10355966647578
-0.644366212174487	-1.31568749744086	2.40586317456959
-1.67170500806583	1.73998353868593	1.80284418901801
-1.35625324060311	-1.14391554735348	0.378920137044629
-1.45052101097284	0.390968878356524	1.60716521097095
-1.9946326611262	-1.6601730269014	1.58644168456237
-1.98969075769008	0.413236688352382	1.00311242076059
-2.57606855424161	0.747584187389308	1.85818134517382
-1.29347354724599	-0.851955654906267	1.75987512025056
-1.83250580059005	1.49205241690731	3.00574052789185
-1.29594256005131	0.966841188605485	1.89647838608884
-1.52946356383987	1.16908366825538	2.48212718112798
-1.68242609724043	0.937548149926851	1.91188717670747
-1.27598669499527	0.546110485965888	2.17510421636909
-1.73233307866311	0.705628550827505	2.39205658765134
-1.45437662545773	-0.0543125249987353	2.64773984987481
-0.952089677235332	3.05133573879687	3.52391490098295
-1.65191754724498	0.886754355524186	2.85695098856619
-1.9985248380224	-0.56263910180779	2.05262865455869
-1.83636637676088	-0.41363700068539	3.06903321514289
-1.75561685310797	-0.409139213659435	3.16530134896687
-0.680134142745269	-0.499053837718647	3.06241288673782
-1.59410437272101	-2.18328681363155	2.08494782505923
-0.523865914592212	-0.0659473952267397	1.30754711128416
0.194420162664405	0.999994486297509	1.3504710924041
-0.407831429788758	-0.0488566297828958	3.13679162283154
-1.12551787287011	2.41890716135963	2.33576119098005
-1.05756976843918	0.750225414566149	1.06017873127084
-2.44972697509959	-2.21002952070801	1.06320186512234
-2.8117084968341	0.211769329415143	2.15098787023198
-1.3181421579031	-0.931757395814999	2.51563538589314
-1.25791459280649	0.353948143229142	3.0363093146307
0.0598644315969273	-1.20160504515146	0.946252859240826
0.0762685203788602	-0.352239078386057	2.70813456930238
0.27655051330769	1.23433013966052	2.41718452830089
-0.154560858502996	-0.143387471950368	2.57381636759484
-1.26964447062194	1.04941340209693	2.93042547974048
-1.13426310132281	-0.0199355278293301	1.86616903120137
-0.342971276179086	0.111524802311904	1.80918878194275
-0.625520533207932	0.466720531882442	0.594788486455962
-0.0766687367698868	1.10728874929241	1.87617787749812
-0.969142434252138	0.381837193780221	1.98976819361554
-1.49935898138746	0.520401498621786	1.82408439116389
-0.889599807658349	0.746686743046762	1.47083297182491
-0.18616328294113	-0.0979174168670739	0.0802243474156047
-1.73844609708388	-0.497371711929221	0.976181812071252
-0.217058988997516	-0.289257115687917	1.55176891125367
-1.55404779044345	0.158890395379955	2.23686366546492
-1.80744680487194	0.445989391427316	0.796571677559679
-1.79117917309193	0.62088991460867	1.33999907235627
-1.82979769312666	0.501453678732435	1.01569404456617
-1.72653869047767	1.22082021234301	2.32544341672336
-2.44646593423087	0.299481115096714	1.25279519381593
-0.306765994814306	-0.719673256640678	1.83138635991012
-0.337461649162099	0.22944947962707	1.72048230111075
-0.692445463538698	-0.329996030334339	2.18916565647092
-0.834255766630413	1.25614954033416	2.31954203961353
-0.408288662547151	0.557418117644857	2.37582572871468
-0.408288662547151	0.557418117644857	2.37582572871468
-0.565568504525098	0.795937947972558	1.52161739304982
-1.10507487037033	1.27827611318507	2.19737223189702
-1.20402985596657	0.190243119105996	1.47343986989623
0.0705354394605562	1.47789369748612	2.02901782978135
0.122783125985379	1.47706809466895	1.66232741313403
-0.850481681887826	0.0806038561475845	2.45327741350774
0.357531170791142	0.510596236277123	2.28228600355544
0.649837272410159	0.225746314593459	2.65463967058079
-1.49457104263306	0.846518390364517	2.64358796008239
-0.867635154713858	0.0914992797529225	0.871607035799397
0.0815782924240949	0.0793266965870043	3.23252355322876
0.396454102529048	1.53465235677154	3.89081427132543
0.109872116412148	1.34313626228267	1.91497804909628
0.85578057001212	1.10557658808329	3.42881504114451
0.779844911831748	0.597604812609608	2.79404595941621
0.720122831328195	-0.00972404939997595	1.82047855724523
0.695118372837407	0.754190469512669	3.41889096013917
0.477366132364436	1.24369588334737	2.18329379406454
0.0945841476452703	1.56568771169883	3.09045804813546
-1.54877243879955	1.34248264280808	4.36627852092279
-0.949330642934803	-1.17326704027648	2.98244210953967
-1.50419589682948	-0.611485247945404	3.75862248664879
-1.81575541408795	0.138523414933377	1.451448052381
-1.39463317325776	0.847847964414492	0.725615051821404
-1.37503124380949	2.18676175089013	2.35511729558034
-1.47014350815139	2.33350681586416	2.49138171999871
-1.37830475420195	-1.49565315941049	2.51828855454608
-0.116798855419988	-0.336862116305328	0.11943615398883
-0.162905608791421	0.0998191004378941	1.83378375238412
-0.662027905524466	0.131755442358987	1.62367864371979
-0.996940775839897	0.745876276199662	2.82800337280005
-0.861957969111845	0.81956983101841	2.80649491744968
-0.258547110983149	0.749109709654855	1.36762409859274
-0.739499853578266	1.06032097207422	2.12211611512104
-0.0835205435949649	1.01336097073115	2.31357807988315
0.127944453475877	0.677654194769685	2.7273354102426
0.473751211694759	1.61598312572101	2.23676781061057
0.180395154089028	0.0788492968729082	1.20889623372143
-0.21216703102613	0.307324641588857	2.48243972785898
-0.549020942430709	1.86963261963456	2.73210859889057
-0.367195446032005	1.69653811929268	2.23933195830628
0.231112655408968	0.103342248994841	2.14934527313542
-0.0301981550149188	1.3557318018831	2.53056370102063
-0.524368617142099	0.870790532224838	2.39416870650983
-0.784141301561457	1.00254275126322	2.85963660987281
-0.497321681860274	1.3992483279477	3.51050409763833
0.160825970489493	-0.726111050536211	2.04875830549221
-0.334343494793407	-0.597252596258253	3.81652977376254
-0.000956824831465808	0.905773592286544	2.19373550973768
-0.00438363122297804	1.58374277373836	4.33520526196538
-0.704907705933185	0.511281323795012	3.76957547431473
-0.489986327461355	0.0715001710861418	4.01004413802184
-1.20950452900413	2.29484725842542	3.01308525164839
0.331640191046152	-0.0240311483780364	2.62691862392926
0.217897605407352	0.73129000118249	2.9905269443548
-0.948014951639438	1.51018795984464	2.62206474609204
-0.85518961944526	0.0574453312499912	2.76950734587102
-0.0785554159328444	0.829095259101225	5.32414284954798
-0.471090589743595	1.11376032335408	5.59877382546417
-1.00902970671704	1.66523456953216	2.61845937594439
-0.201633872909365	1.79677738844436	3.3811820249303
-0.0658009579405356	1.84681628124573	2.98074370978025
-0.580104850852487	0.807640976291048	2.22841272789109
-0.89536772114258	0.275330107354563	1.27624501285246
-0.714032714935127	1.09605570034413	3.59043494383258
0.152202920394793	1.07080746441553	3.93495953512908
0.490636284169729	1.19403950646567	3.53401081439718
0.35214808585435	1.72644946855595	2.07389638555405
-0.147581962357973	1.3465640763521	1.47561481292355
-0.11245456052127	1.02984261757619	3.00631462409037
-0.0209093605483389	0.499185283685285	2.90146711486151
-0.177155677747287	0.507435497428375	1.77572197594245
-0.852996504473379	1.24880641893355	2.64459140031561
0.393725196134536	1.77083797245384	3.09492222836399
0.72351418867353	0.840950963104234	0.227887156209729
-0.0422410501273875	1.57795692265666	0.148892422764911
-0.989307825778834	0.795301045648248	1.49014706039848
-0.445659643581188	1.30993329138804	1.83407377207564
-0.0207127797171307	0.705229968245031	3.3080671015358
0.302666559154009	0.598178093416357	1.17402939712688
0.258346967758918	-0.0645397415255943	3.11136660329194
0.405856845203861	-0.0165077488889909	2.23032620222148
0.62171263346677	0.812746243448351	2.18107103282032
-0.06934031396709	1.50666251957378	2.29701084019087
-0.90873573864349	0.656297262975008	0.107756852433269
-1.04337236975989	1.50015408531754	3.5502985801582
-0.710041908548605	0.994816388088898	2.05032536384399
0.0658211548533144	-0.22314854742269	1.5288656656931
-0.0226754439653548	0.452067155910377	2.70404998172431
-0.539792571842564	0.19736489494655	3.8875464938978
0.03478647054244	0.489891129511085	3.81822960253001
-0.0113468202354015	1.20234010203976	1.03560038153838
0.337341204545835	0.615945384106539	2.88107168852741
-0.732772457275951	0.468239596861349	2.75319423967645
-0.601304591454305	1.00898507431601	2.5767425766281
-0.306523848436621	0.680469260531902	3.1051091980549
-0.285739907628093	-0.0892792410045324	2.7882803421669
0.316774287821385	0.385487896746161	3.82588306028834
0.963416976675218	0.299205408711993	4.44194943563391
1.57520959407128	0.74146895251551	2.16816722092059
1.74689816561445	0.301935694225771	3.64442363737469
0.385228521711667	0.676986239900079	2.84067480579691
-0.144010992334568	0.542819388258971	1.74192394960119
-1.01927715065773	1.34437860033193	2.36602967405234
-1.70273788550444	2.41471234349943	2.57832180725348
-0.488677066917868	1.40161048381241	2.04099395057787
-0.412838058953264	0.363266114998766	2.51857699183477
-1.34323203127399	0.257783136957949	2.63597934234829
-1.61474039138903	1.60236767319892	0.764060430716353
-1.09414537532406	-0.121420046759055	3.11757869317048
-0.918605142463512	0.937181075009789	3.33659701884739
0.257101238029082	1.84673577627012	2.71233936086278
0.202870340544476	0.281804244284264	1.76639960497259
-0.497492112417698	0.558010292772349	0.921791636023949
0.379301695080271	2.29700032578235	2.57987354487483
0.603382655177892	1.01695008998509	4.23123473521216
-0.0639802984092053	1.52294332357852	2.64271489157984
0.116200398809432	0.869042499605203	2.05639520753129
-0.271880475662551	1.73478621793528	3.23004834142839
0.102022350264379	1.23966243743977	3.76797929953616
-0.156185801935191	1.92310916563867	3.97088220467044
-1.71209131445092	1.14302671027656	3.65370523765337
-1.11907109534751	0.983513265891953	4.84519178318228
-1.43394604283839	1.76427365147015	2.83347187372061
0.240209558329681	1.77221693082929	3.08856502857213
-0.329315345105673	0.430681736528911	2.74975581348252
0.220890041882784	1.2100256732005	1.52471808942665
0.295968813893942	0.964572806024234	1.90674451596375
-0.246473718665048	0.611325480653351	3.1027768549086
-0.619731437156648	1.42353253215245	2.09847145962511
-0.302892108250952	1.22264704016122	3.05253955223136
-0.522947699174511	0.981868345314126	2.78325258153502
-0.200441491059596	0.943968810905962	2.92420248548107
-0.0447439773378559	1.19318124479519	2.80648520507583
0.177870687772657	1.6742453989008	3.75532137412986
0.196770673757689	1.46630069066838	2.78394554850065
0.937665542617979	0.988495199811243	2.09006041313787
0.780700449625436	1.06990750309312	3.24123978506733
-0.878533625815402	1.17396765284469	2.34943199425958
-0.977574967349345	1.08266276407598	2.57664955659163
-1.22608977127346	1.46054409191733	2.78877581162108
-0.0765499195808033	1.08344273532366	2.18020626911057
1.40515355621772	1.49552786238146	2.4080524738054
1.07366264289215	1.09083003172969	2.91977929347399
1.07366264289215	1.09083003172969	2.91977929347399
0.626628247135689	1.08249752137179	1.86155227538934
-0.476121134023634	1.05005892359073	2.19417652092441
-1.01478725562823	1.12414107674033	3.38974637607352
-0.406953265273038	1.06420268509224	3.82107924593044
0.791873833303812	1.47852189981443	1.59317567888751
1.02594726128108	1.2407089617964	1.2906962158573
-0.158273923431944	0.631885965190694	0.523563363364246
0.126362930772703	0.889920692476336	2.18419293981717
0.247167452352241	1.16395717244403	2.49243340112986
0.580415496065255	1.31213842488436	2.23145511278849
0.673577313457554	1.65992243391446	3.15540933884774
0.106952212499763	2.41859441734165	3.43956302071096
0.590053319261744	0.361988401625622	4.20585316477021
0.124292556001408	1.3038350978639	2.85972036293178
0.926201850110598	1.12057544844918	3.24139330683968
0.213530593401926	1.80652202907947	2.78014407130719
-1.18498741090374	1.13989235003459	3.965119942581
-1.18498741090374	1.13989235003459	3.965119942581
-0.763086458226844	0.755348355641955	0.900901764225436
-0.686429962334374	0.64346936862965	1.62107887983657
-0.835270807174999	1.82530023844106	2.32975176606039
-1.25009998611719	0.651376369443103	2.38095389835046
-1.11308731426875	1.45563758789801	2.71643987747144
-1.11308731426875	1.45563758789801	2.71643987747144
-1.01949162424942	1.66780709711759	4.36878333003594
-0.554083807474098	1.11890594198723	1.83118744546512
-0.723409233794066	0.218647601416254	3.77402193930104
-0.237614553995142	1.44947350295099	3.30793645349996
-0.288155765851163	1.04156264229113	1.81019633885039
-0.224810564052871	1.25673612235869	1.77864580188665
-0.22422661646913	1.50686630228278	1.12526674930431
-0.762480236943125	-0.39621607382876	1.89698692590159
-1.31131448807162	1.58633896149335	2.0824455611467
-0.644611695035312	2.25720072870949	1.72924216100964
-0.143695092723216	1.51711718831744	1.59999984292471
-0.240218790286804	0.671615884393054	2.22817696191928
-0.548361248968249	0.865827726085939	2.72633237408254
-0.246130073350165	0.947608527557543	1.31554914592058
-0.246130073350165	0.947608527557543	1.31554914592058
-0.445424646517619	1.8424602184807	0.705569435737126
-0.769612269366713	1.33200669096079	1.26033888603146
-0.437154156707818	0.631613004427931	1.26403404247302
-1.44051771891513	1.5123221962334	2.01120729283162
-0.810555124652423	0.895871474402343	1.3803937119033
-0.328022888383814	1.51587830098137	1.76994444193978
-0.358794483248896	1.45429348093572	2.23921578596054
-0.939344966604943	0.836695273052333	3.75660556761597
1.01315212471178	0.943811961583355	2.55974798241337
1.14760482722733	1.04467620559967	2.29966551220871
0.706105211501965	0.14819750683195	2.35124699423631
0.633943890857292	0.286096663658965	3.02681037335683
0.233391364903696	1.15119897092519	4.06566024647178
-0.655024143934108	1.62202772847397	2.53071033584077
-0.428726020793644	1.63451504439766	5.04218997448694
-1.36057413968766	1.89931302476611	4.10708360970082
-0.384281040752687	1.54391300237588	3.7767158130035
-1.01784842866379	2.39120201624602	2.37016628711558
-0.378726011692498	1.08146372003338	1.29255924504152
-0.027752525762899	1.2129186994595	1.59369593823119
-0.530806992205797	1.13733964509332	0.866934904342472
-1.28026768797784	2.04671069472833	1.00060506563577
-1.20884504114547	1.14919050910691	0.830132901647946
-2.07254656957003	1.19970631352046	0.966683420698525
-2.45890999250516	0.663343233176857	1.91272914553576
-1.24799625390932	0.0516177990810555	1.67169409298133
-1.31000003440536	1.28341239178551	4.34920000714632
-1.90643256602804	1.16515035409726	1.97127783637055
-0.499659831698146	0.551770650576564	0.847346490696751
-0.917493293905853	0.290368097073801	1.48414573347635
-0.984298648014672	-0.298346710716243	2.02151825261477
-1.15195184408499	0.281469166984377	0.639659182426668
-1.86673806514803	1.60939943302543	2.75899712054923
-1.52502366411295	0.805940414253218	2.3394940020794
-1.02345882217005	0.29339079286901	2.04088833387529
-0.932360660001344	1.30802659233805	3.29217768371054
0.0405434413896427	0.935466947528405	2.74637633946207
-0.042109974695711	0.699214077808386	3.45287083085214
-0.242569630152341	0.207089622541928	2.90220404155514
0.0273870438063307	1.52079680068526	4.89239884005411
-1.49253952132374	-0.60251078475759	1.05547095451962
-1.83326693102249	1.46951317252349	1.9660035216502
-0.54246366219886	0.421398019012494	1.00151898623866
-0.362421989271575	0.854571532944956	2.58490821468711
-1.43652597517311	1.06747995372994	1.98110251311701
-1.16282951589817	-0.251760568671203	2.02499414576209
-0.395660410232319	-0.827552111034341	1.37488289313176
-0.639051908392171	1.72676252157041	2.47324607434187
-1.77928802207988	-0.0204825386067078	1.41916401925955
-2.29024818545048	1.0285812400187	1.68942345070807
-2.50605901329577	0.683268128754669	1.40780950888867
-1.77249748165204	0.957428963910434	0.293085761252611
-0.739925933388252	1.01353549950416	0.988398315180305
-1.64413664207852	1.14788518829942	1.02927767376996
-1.84605260280264	-0.650953999245372	3.13723380162479
-1.66788563670067	-0.862337918309494	1.4958883213624
-1.14547880472275	-0.340775382703511	1.22217033673722
-0.798749996862942	1.66799864816388	2.57063348905399
-1.19231685880715	0.600525385137573	2.00377330929964
-1.89559003696991	-0.184948289184241	1.08222276866731
-1.30613693888494	-0.155234085124399	0.411367206376688
0.319733142246196	-0.10594013979391	1.6231219301499
0.912422549649492	-0.0512656604256316	2.41852841953348
0.938972352394893	0.914061618313521	2.60577207268384
0.193816380130457	0.394153838839605	2.59714913535688
0.462133565370284	0.0778738068960229	2.38199130464862
0.958969908103226	-0.33490069528378	2.43645539254513
0.397323342888147	0.834246331783962	2.04752847012358
-0.0873536120026988	-0.560064690500023	0.236234083895141
-0.809865308306589	0.363813516245029	1.06795580321879
-2.21710049346995	0.234191691621522	2.19565214250543
-2.26343066672272	1.41608493741041	1.98489679744605
-2.5714125040922	1.26207904810058	-0.454601844867307
-1.31773168999559	1.50070172341178	3.14893492492625
-0.386829944655448	-0.00168377013459342	2.16584361219541
-1.28099100874133	0.632731528744348	2.228684730155
-1.67040596457814	-0.110841366981659	1.5401640178498
-2.03347008651752	0.569163325823698	2.0250741392014
-0.967685387475308	0.852120746597428	1.18880098169895
-0.507189465314427	1.06292890466278	2.42411219975094
-1.08911696770878	0.904310580780526	2.26981919197986
-0.254768989331669	1.07457954492688	1.61971094021891
-0.572498595831004	-1.28581747754009	1.87422527415517
-0.801932596556298	0.382134936245869	1.51266005472265
-0.0213809897691925	0.346708065634336	3.30959507996561
0.624042248637996	0.708419787091073	3.61947397551289
0.421164511774458	-0.317401998356506	2.05834992740808
-0.0672218052319708	-0.868390711913138	2.73400205894166
0.0796651543917309	-0.176853131146973	2.12080323634335
-0.266005385864347	-0.391127514389091	2.17935580657363
-0.636658515506186	-0.126067767024648	2.93500279570671
-1.80485512025212	0.210751408428706	4.12346165098342
-1.59846036663809	0.719711333612889	1.75781358673981
-0.995798850517029	1.59585226628805	0.567280628736141
-0.867365029858116	1.15319056465548	1.47502177830232
-0.867365029858116	1.15319056465548	1.47502177830232
-1.44285653800173	0.388119450337974	1.60860478150976
-1.06202881303251	0.350581231520596	1.51923862292334
-1.67746591435789	1.38253534791528	1.62130858172406
-1.42896794788597	0.498847730067773	2.55140614944467
-0.451562909579124	1.72513826254089	2.32120458310191
0.488745209923658	-0.0475248482787796	1.68821402510882
-0.249306215963989	-0.375181891652476	0.452312421248955
-0.842982851567624	1.36124249128661	1.47508327926496
-1.15708309064286	0.113802796582692	2.15884289394147
-1.46716967253709	1.78823403860218	1.33032771888293
-1.77955707658862	0.805065657188491	1.55072978007759
-1.77955707658862	0.805065657188491	1.55072978007759
-2.03948841384163	0.972606155205072	2.84709987675839
-1.93086104139178	1.51403311503564	2.69585227723996
-0.798962694907887	0.682446753351595	2.14389759722235
-0.493264057244462	0.00675618292323588	1.98013106009602
-0.331624350718634	0.641010399750107	1.70660366235735
0.0899677697886243	1.02199843460577	2.50324155653131
0.455480627605897	1.12766500745659	1.67120019734355
0.697742358060423	1.49152488891811	2.16634826123566
0.839299716981766	1.31510453430296	2.09455295496697
-0.00765136175906966	0.825823561325488	2.8871625318083
0.061952844816068	-0.474296706150593	2.15019516779989
-0.184788115021473	-0.204974529337473	2.12221930545386
0.249803214172212	0.606952294185382	1.20794201521894
-0.336584217468653	0.155697336455548	1.14698330004959
-1.74669702116705	1.37412757023556	1.98576004893038
-1.41612323320007	0.908450359823991	2.19652397590509
-1.80038345673228	0.871865653948917	1.46124017002286
-1.39606528199703	0.983486777117233	1.7640440868015
-0.569630694554339	0.618510248676348	1.6792320305506
-0.645582418446497	0.536463933738103	2.44302837786819
-0.66054737826048	0.400422105071321	1.81250480641111
-0.66054737826048	0.400422105071321	1.81250480641111
-0.660919767660666	0.657660607619025	1.46141013158618
-1.04493111248202	1.1276440347105	1.74487736528347
-0.73692977621457	0.775522695952214	2.3802800052015
-1.01857501650678	0.447780208188819	2.08493594148417
-0.868249170042351	0.731988359424783	1.59674653049005
-0.868249170042351	0.731988359424783	1.59674653049005
-0.541955392591083	0.577642741170188	2.43494836737025
-1.00229989142918	2.02599225182321	2.02804918949355
-1.68416376747066	1.47826177336101	2.08100764573373
-1.17514271670594	-0.704773977039875	0.854564953714637
-1.36032128757046	1.66496875735116	2.43932283029235
-1.36032128757046	1.66496875735116	2.43932283029235
-1.07806488990149	1.09218209630298	2.22572928104081
-0.780871584390361	1.68369903951401	1.8726098212741
-0.454247542935695	1.42076022927637	1.90938408536244
-0.440645902006739	2.24445218549217	2.61357882861041
0.150090769672442	0.682379763578317	0.469442148823173
0.807738276343686	1.53050258946249	3.11000834695258
-0.375753939563486	1.64435994018409	1.77382442421428
-0.375753939563486	1.64435994018409	1.77382442421428
-1.12037713107656	1.26965514837307	2.66897528670514
-0.104870584348732	1.37341466811125	3.9243182592091
0.183548031508526	0.163987209003127	3.49098814188829
0.637445060901929	1.35968854305352	2.32635021260878
0.878335579856454	-0.213585730567303	1.76772859915195
0.575635044343431	0.157278509914766	2.490867586158
-0.0133298938105346	1.28280163318529	0.395637095814067
-0.138498154942497	1.21791403561948	0.573029304212608
-0.736625499972186	1.48712657425003	1.39935002450137
-0.869366745574613	0.640299587168256	3.22478672549732
-0.71373487725916	0.711799211383933	2.28815869386405
-0.831750372147658	0.705884228588375	2.49338992712814
-0.583764947800353	0.432202945207789	0.605820047326369
-1.15893345378448	1.27241270697224	1.5969112427836
-1.09186618128943	1.38702907856406	1.69217269901456
-1.14161123478973	-0.557484115852437	1.71407561830427
-1.34629285837059	0.12770883219575	3.01850052381663
-1.1953715875208	0.436547745968323	1.87104664217748
-1.12907421460084	-0.0374501115025265	2.67095725190399
-1.03917933668635	0.147384512999222	0.302382698836118
-0.53458045095854	0.640863753967696	3.58139043141366
-0.323234557487151	0.467179435775277	1.7482166885767
-1.60535680058068	1.4719494017396	1.40884764544828
-2.04098412472112	1.02386907530229	2.45051114460778
-1.14142995518504	0.272418882281427	1.49302295634257
-1.63883053479422	1.21839288599359	0.552596910662646
-1.29122665310271	-0.535136247727207	1.70658062911027
-1.85649716413466	0.16935320233235	0.958851262153194
-0.850036568482291	1.07675209463291	1.56525112423103
-0.839787440789661	0.289335529720955	2.66618706492017
-0.963384423650841	1.68080852892714	1.55296605264367
-0.217156721216597	0.427529211532894	0.968602086023104
-0.662492951460072	0.27597842336332	2.00335735164802
-0.814952495370191	0.117167800520433	0.996092016011014
-2.79533417124247	1.66564925491383	1.57600774343317
-2.64132233219733	1.41779506342506	2.85566427422402
-2.09622487391106	0.689410236544849	2.8241896225116
-1.65126929509433	0.102051704626961	2.10936423686348
-1.43732753044233	0.596936976354453	2.26278033448434
-1.57059997829953	-0.505985095070255	1.1149950776982
-1.2188033492385	-0.0356236373278755	2.5643539186639
-1.11065121789366	0.871889214662348	2.6266924530265
-0.775132037338146	0.641761026611556	1.66595297202688
-0.284098572025698	-1.12573347340805	1.61787286033099
-0.226122197788746	0.0789531430241843	0.951795253084617
-0.287726941338897	0.635187441225998	3.52685291072849
-1.2203358499062	-0.139262151292037	2.48982043905487
-1.81219689404461	0.449330552817437	4.31215039106911
-1.95787809717254	0.712188545086028	3.83143025542554
-0.67535113147001	-0.118186063552865	2.04266464642634
-0.809296279576691	1.20282372500122	1.70482358247771
-0.0497129230759064	0.802190958088938	1.12304247527908
-0.628634548489205	0.663780731455063	2.0693120739777
0.367717787150238	2.40502387319873	1.15861806081384
-0.101392256933679	0.241635115669445	2.42456848130917
-0.331729101999507	1.37384832850461	1.2256006943728
-0.799409064547648	0.637041475785647	2.70411404216402
-0.990317442895075	0.884198739501686	1.16683682798035
-2.25639251960624	-0.0264839663844974	1.22660345605957
-1.53117744359292	0.197818061223026	2.53222981038139
-2.1204704637128	0.377696031432105	2.23451345678018
-2.4528028913744	1.07888020457364	-0.166123412330412
-2.64274178115156	0.155166810479217	0.220032192731205
-2.50315847708328	0.300178083054934	1.07823013469194
-1.5473421921845	0.282196806373415	1.0236415644945
-0.310932381666214	1.73048743360096	1.83077282775128
-0.809450717016813	0.61114873857204	1.63351020056709
-1.5792537418681	0.291588234091938	1.80586723078033
-0.497700701072808	-0.783154480892758	3.99798125398721
0.322979629774406	0.357543619003147	2.74738689144148
0.210865472851043	0.879308946214767	1.23997253202567
-0.433823512714974	1.14579862441973	3.20277258161332
-1.22438453196387	-0.6287346079144	4.47920279129308
-1.52836159422483	1.52480663664719	2.44290411291821
-0.899570922705633	-0.357237488230133	0.50521811724757
0.118918276406394	0.976488169307834	2.64592606857664
-0.873952615240625	1.00828726146815	2.18199657666826
-0.517306127795232	1.82245929789961	3.02082657808085
-0.0451656813598784	1.13764380671085	3.45301213864342
-0.589171213889742	-0.84717842815688	2.04829973443971
-0.556715395153443	0.770687981925775	1.70684262298735
-1.2900475086266	1.98613166321055	2.5417471357026
-0.687963091617664	1.03002379763223	2.53941057669421
-0.265399303016467	0.143575591782229	1.7166771693809
-0.366167659275382	0.986103788505431	2.80440307203761
-0.403685472956959	0.968275081176591	1.54562894325553
-0.457422155309638	-0.0216646833727627	1.79304042741576
-0.292616308146895	-0.0789467454822049	1.71512571948533
-0.678572060211746	-0.00313550060267553	0.50949843016683
-0.963815839812779	0.846522291136757	1.64773959755979
-0.9763155833406	0.889933778640166	1.43989497079421
-0.643966975204496	0.0346501679407891	2.42870055428104
-0.86966722487776	-0.011367391335216	2.84986660614739
-1.08638531234617	1.07255329401301	2.52472987872307
-1.25569763422206	0.722759282319081	1.60631880171122
-0.453902321483355	0.609033492592351	2.34262661791419
-0.607919898855889	1.36099333410973	2.57914106247938
-0.368486114944326	1.55103353730726	2.75052135344592
0.32162219553453	-0.0844993567647533	2.29701902499415
-0.0372133038169234	0.20284552094784	2.71227891778286
-0.621022478443048	-0.0148575367501227	1.81317667653897
-1.41468581524933	1.16644730233256	2.39789919845444
-1.41468581524933	1.16644730233256	2.39789919845444
-0.827751189360686	1.23054307470695	1.69186446004113
-0.956278564129921	0.721036812844795	2.00755252366856
-1.46435096268133	0.395713918424518	-0.0911537223177502
-0.985410175158369	0.886374406254583	1.1318716828931
-0.615641109636035	-0.432623192415739	0.560763509347335
-0.569960096128241	1.1754031683954	1.38327847035364
-0.86531906384804	0.54909273948227	1.87427102062485
-1.34437830966862	0.891406268936988	2.8372598158389
-0.888363835192847	1.63407054576583	2.27671957528401
-0.789299148991242	0.363475263945337	1.06876516996197
-1.45657681146128	0.674917436399016	3.05021352287239
-1.18190894850573	0.196689604090636	1.73054616017957
-1.18190894850573	0.196689604090636	1.73054616017957
-1.95125183733598	1.46555065910812	2.9700439220748
-0.914800234412192	0.507127409205008	1.65435292297526
-0.0223677460230536	0.310998087379267	0.820573651384587
-0.555631214250415	0.971733737344989	2.34775155809362
-0.630552563782028	-0.542934183330597	2.22543620516105
-0.481561114454565	0.769854696284118	2.6217717238625
-0.87427712735355	1.66077897920988	1.61413652432043
-0.632641676250183	-0.303251255695037	2.2051294676081
-0.849087048350897	0.0399575334682384	1.61220988374215
-1.16451441918181	-1.29774547610206	1.45243218974921
0.0299472388468978	-0.263831670080688	2.03991419171398
-0.702639368120078	-0.0530752136177978	1.55046340324261
-0.598265733383139	0.959619123905944	1.09887705509554
-0.973333049364594	0.536745818444963	1.38111623484052
-0.550240280400342	1.16009487000727	0.900081750544757
-1.14442119223814	-0.92053194786642	3.3582282825956
-0.638611248735588	1.80032806162748	2.75703956274736
-0.719154542290506	0.546417358478918	1.04756204805982
-0.700203809597428	-0.334250566026641	0.917992426045747
-1.4818000364819	-0.11543759208106	1.54873498509086
-0.92222496200367	0.43923893747037	0.94615036548609
-0.0899928488343502	0.979261089184779	1.36202881123334
-0.454653348664092	-0.210075536346268	0.84168358048165
-0.841803373055379	0.845678068539253	1.85364774395687
-0.814250678764858	0.445631917700024	1.37537738704258
-1.21668461615817	0.926893407025086	2.08183725711896
-1.23370825830127	0.387638288224036	1.57401455821382
-1.09897666831434	-0.252602886331814	3.09750190869403
-1.16649128521046	0.45470893938711	3.47118523619526
-2.59624364898283	1.46710649422933	2.578139764593
-0.640354441137732	0.192668533987019	2.0884280809867
-0.640354441137732	0.192668533987019	2.0884280809867
-0.477840916419768	-0.800618361689854	1.24605732490794
-1.11177920749519	0.712540516294261	2.27538599216599
-1.94447372436593	0.473013987325809	2.92100808257003
-1.43821485860882	-0.134952464938471	0.500944509390412
-2.2396220371584	0.35041860819276	2.22184694955241
-1.65696599024305	0.193261104789697	2.77431742079588
-1.57539634474646	0.427843027255116	2.25480659833591
-2.11291283422211	0.0609657585578229	3.44623079072297
-2.51199036240655	-0.0982964788683191	2.21863831571207
-2.32226355951671	0.880319788809454	0.254761976907961
-1.89248259590811	1.51089803318867	-0.302996542440229
-1.33458177222397	-0.00332439756594571	1.48173482276329
-1.22756132174116	0.716729182673683	1.74105299720712
-1.59154148589569	0.853021232417156	2.70844384997864
-1.4161111138705	0.534396006476674	2.06004253381523
-0.263414178405785	-0.077286054030481	2.09659470668966
-1.27148188559023	-0.450511213697937	2.61959138158235
-1.24281870042335	1.75603408236776	2.23657610116479
-1.69116460077759	0.775001511426372	3.1633692272833
-1.23829053519631	0.692762192388906	0.99867267932422
-0.194779392345111	-0.0535117301457457	1.60559063638259
-0.622543356573286	0.573588175533885	2.30504479778689
-0.979776283058064	0.196312705885803	1.96790283448475
-0.626345194143617	0.258385570699812	1.55790519407641
-1.34461948720241	0.113171750592701	2.36558416028885
-1.11406972916729	0.65495223803596	1.28079543377114
-1.48143574036319	0.71005677467816	0.772233864194722
-1.41469924050468	-0.591375077001027	2.01052197347116
-1.3022166904699	0.798217219260336	2.07290772104854
-1.10573674933824	1.33449569708082	1.70756728653366
-0.116909541992994	-0.513714112009355	2.69209434021223
-0.0513175777284969	0.889355738199098	2.25747441958531
-0.0992608743934465	0.787928601614218	2.6822202349289
0.157378026993716	0.806401346060265	1.92038550071812
-0.243200246883817	1.03154525296395	3.3877237213003
-0.567412668291564	0.872731187027222	2.85085597239964
-0.671653158250099	1.23765145415559	2.42672291141269
-1.75481854156361	1.27685365334215	2.37937593906095
-0.833245337591112	1.72558504229914	3.86947455179814
-1.89669467770133	0.912481190857364	1.26438939590484
-2.8798241512356	1.7407642069993	1.33078045414448
-1.80843275749929	1.38328166045432	2.27553821407425
-1.80843275749929	1.38328166045432	2.27553821407425
-1.08508717083794	1.40266945930268	1.96101863760231
-1.30116732846646	0.218797715110395	1.50870588539525
-0.65920580182708	1.1869152121188	2.60461673846426
-0.146134083344847	1.07244320179855	2.57199674951488
-0.788672780163254	0.855236087047391	2.91652804216537
-0.44590564496892	-0.0600830126635427	1.89339330709604
0.387086926505344	-0.18716624486363	1.88402086576146
-0.190596537477011	1.09555249487141	1.74850261992936
0.324083061495511	1.12278776153679	2.06432519157385
0.690084162633786	-0.468548373738629	1.97836263778319
-0.138244760080344	1.40224901458131	2.39243407415549
-0.343845001841763	-1.02918926281758	1.26306688545029
-0.553257142486256	0.127465120517023	2.17145782223941
-1.04784061800491	0.0508271268899176	3.95335911402615
-0.851431301214211	-0.150846921665963	1.07836738062508
-1.54022432003817	0.0152875099151522	3.43517336518583
-1.09390418733743	-0.381463724957669	2.41570422295013
0.179230093158719	-0.15187297971565	1.71470120618294
0.378577658009375	0.984767518297438	1.10004508398753
-0.216182468705731	1.34162440349511	1.15949907412878
-0.149661432421543	0.0132047129583098	1.32835537393433
-0.568272828699526	0.684001448071983	2.36691252657228
-1.22345678407085	0.505285181706432	2.83340824022667
-1.25083232831398	1.46379159663787	2.67761129646037
-1.1136257549372	0.252974421927747	2.94531865863779
-1.09126401589813	0.0602724659290652	2.59593959174282
-0.764564407986422	-1.52979265299026	1.51097641858345
-1.32236336341124	-0.544217616411512	0.952400017525827
-1.13462424212443	0.72518914543673	3.74962200033252
0.0207536353368805	-0.114664980637916	0.356484866772203
-1.55388202770058	0.480358864806154	1.73818101248949
-1.55388202770058	0.480358864806154	1.73818101248949
-1.21239801696741	0.16646586996991	2.48734413640629
-0.799597874877096	0.487193140799838	2.57712776678554
-0.900091069367084	-0.31177753241952	2.23283428661872
-0.781224313962389	-0.620759629001507	0.539695239001689
-0.666751531324093	-0.209125781016393	2.00751453445024
-0.768643402980383	0.106447910485182	-0.722636187337146
-1.57399258086614	0.272888702906491	0.240464311950442
-1.60570012890713	0.316247359031838	0.387374046003051
-1.64365700163771	-0.954378606275413	0.463947282962404
-1.96912368480846	-0.900060436104046	1.0966968710129
-1.73573460470866	0.387472097198784	1.42060045654909
-1.73573460470866	0.387472097198784	1.42060045654909
-1.08755186972842	0.0550595424260304	1.62550277437021
-1.3951349563778	0.197791210879734	0.776395487002388
-2.0209359800095	-0.312743274160057	0.611725247522336
-2.0209359800095	-0.312743274160057	0.611725247522336
-1.55381812986944	-0.282497435285723	0.602470839675742
-2.12363267770444	-0.360749438045445	1.07605480742615
-1.71814153765616	-0.225847617011605	3.00696603905917
-1.90575013217997	0.438787117615021	1.9573028514984
-1.71286965704148	1.20670547567951	1.64886091567269
-1.80466920950247	0.182374831771605	1.59892344855636
-0.458118165036447	-0.476241456496913	2.05166080285931
-1.20812834639355	-0.611340542523038	1.89964327556306
-1.04596100934982	0.390838474537505	0.963038330283961
-0.864797984532998	0.142689021889562	0.410602391181755
-1.15180798659309	-0.436845413054779	2.29186160910638
-1.96050798451042	-1.24935573115716	1.0326593617394
-1.22073602396394	-0.366796277202704	1.7097334909926
-1.00119623793833	0.030089640940423	1.63341338195706
-0.194344120103654	0.252899022268454	1.07902201726007
-1.18539090566054	0.0357733862185961	1.36855810954021
0.49800196693471	0.353020779741094	1.14533505096777
0.396168129104442	0.315712466658298	2.0146636501755
-0.502262212662202	0.434376049397006	1.36891610324637
0.261210204878544	-0.861386745899674	0.892163455694777
-0.126448457946583	1.37857119234246	2.19844805080353
-1.12273930799701	0.0365605271131698	1.07999941580928
-0.714457042257349	0.915510062742169	1.09936993039875
-0.752177323822866	-0.149334103234547	2.21154786406447
-0.940726357090214	-1.10454431422757	1.36445222502627
-1.233002371958	0.00883962965884244	1.55521359351832
-0.424951688377895	0.0186589881687252	1.78129618266462
-1.09175001450786	0.663703622786165	0.947520854884282
-0.902692273283111	-0.137372492596641	1.9805299639809
-0.767137426272522	0.650645049803539	1.51645839812169
-0.524292778709537	0.936963389955357	1.52506055821373
-1.1278879988403	0.399713062929733	1.86000191820108
-0.037074774466081	-0.921909226361743	0.907284976850121
-1.14580601679127	-0.778765676827553	1.53919402381528
-2.3044418674901	0.230670983956543	2.4095294443308
-1.12349605402193	-0.205862282620311	1.81298480839238
-1.09196522565509	0.623056337401133	2.13368895973437
-1.33674181818696	-0.489159255575477	0.868423893530079
-1.12019886836884	-0.725911959219776	1.46178254013875
-1.06379155234467	-0.108014527902802	0.635275707504323
-1.73162867397671	0.229960223464835	1.67642511133653
-2.26215002963319	-1.12858690608772	2.38778962323631
-1.08631373197771	0.0773890180478445	1.17420939936653
-0.87533371367895	-0.188846646214883	2.02700901102251
-0.432225064099478	-0.0209431111256473	1.56199975287432
-0.855808702210957	-0.262600808367903	2.72285973431888
-0.535411107342943	-0.439072181174537	1.69982331378188
-1.17476522612828	0.981305561914171	3.06059098802687
-0.435878628993714	0.189647448845023	1.80060241757003
-0.912125605845852	-0.435348947454795	0.954235746760399
-0.126338579572686	2.2361562744672	2.14151336136745
0.212728949039776	1.39357585956337	1.49284492896969
0.626679863190326	0.711260384244827	2.75152645534253
1.28142308238955	-1.31088426258303	1.98142581363333
-0.365643885867925	-0.187206868833528	2.41559708972942
-0.0120560742715671	-0.567481230031097	2.98591216792055
-1.40683416845865	-0.143966740634768	2.05116014969389
-1.62031169026018	0.471478960642284	3.05909991497731
-1.0025510747416	-1.6586112905033	1.63599172824038
-1.01880744836376	-0.756357501218774	1.57492560870103
-0.511980579948369	-0.62332167320401	1.88551523439141
-1.07410921084641	-0.0808616170421428	2.1290219159376
-0.630150250879909	-0.30701984563319	2.07831110495647
-1.24792530237482	0.946162628673	3.46865896824973
-1.4417481640774	2.46713293433156	1.45789578001095
-0.956242881820699	1.4236876864343	2.21539789496484
-0.301387922992438	0.0223713485744503	2.08086847525665
-0.725374572402622	1.94858980135457	2.34693700529646
0.530321171638764	1.44952171631169	3.04951014362526
0.33462929263398	0.964608958664103	2.00217140597531
-0.718739287798998	0.55353621400651	2.6585617250141
-0.736132492748237	0.113984437947865	2.61681572774621
-1.13419088009576	0.230325296874629	1.92295337217403
-1.13419088009576	0.230325296874629	1.92295337217403
-2.38374397100075	0.995871554116379	3.03553505559784
-2.3250548696198	0.359870703894777	2.61394741683878
-2.3250548696198	0.359870703894777	2.61394741683878
-0.942402930550687	0.00183296195497319	0.997204759289595
-1.43137853991308	0.00372694269477507	2.22595016113894
-1.54539200268854	0.34566257159329	1.53798298115374
-0.837751735553768	3.14470106747475	3.7861668070775
-0.95829499134558	1.39608905235597	3.75862219006318
-2.11589110761625	3.07963906820297	2.57436917695733
-1.00860171999955	1.70138899831096	2.66221841703818
-1.15374046496125	1.95857162830175	3.1103191460215
-1.72044990969017	0.687592473690744	2.50493063802192
-2.52754692420796	0.977203240233858	1.95193459801907
-2.65143298855793	1.25209767102288	1.61288959079942
-2.20189499142982	0.302068939650988	1.81854372259262
-2.53321967209537	0.529334828205756	3.09722220061252
-1.7680282421066	0.0104302869682668	2.77309365128779
-1.89316401857398	1.27386174773152	3.07062381017896
-1.42000378056483	0.570540198422639	3.90481246776731
-1.60718600261374	2.0022460663569	2.52507414798631
-1.5506110028157	1.42692703428298	2.82747170536051
-1.27368395595819	0.862311527264001	2.38360692540561
-1.49520613094094	1.09954541226944	3.44774137157286
-0.651812975270536	0.884058700152942	1.91857310357892
-1.04672382613403	1.55375836443729	3.36874876053527
-0.779013796588962	1.17608916125927	2.96385797606388
-1.3576728905871	1.04031941462491	3.87388898242361
-2.32313100643925	2.24105280747468	2.18656925880246
-2.66135286571725	1.26789749111868	2.6508590117265
-1.48472843847018	2.24540389752396	2.95027514745448
-0.282911950404079	0.89689253977294	2.8959981086122
0.00879976115972542	1.84302333456727	2.24192710880888
0.00879976115972542	1.84302333456727	2.24192710880888
0.229421049362274	1.82808528126481	2.55254306243462
0.0275911955751118	0.992322939216861	2.9885045394439
0.263922588399071	0.896423148460885	3.02693267529637
0.878722017160434	1.2732284509045	2.22285032814155
0.218850138848218	1.08000752191687	2.08652447607414
-0.183145602356905	1.33538914588059	3.27667279607435
-0.0282007862609163	0.597025210230107	1.95442066950795
-0.0200700623346419	2.51706014846945	2.16518294868553
0.215015781209504	1.50415634651097	2.19962284572755
-0.253981799897405	1.27065991042048	1.68271818570143
-0.555674942940945	-1.67838891870879	2.51041646864105
-0.125180411883874	1.47561117663145	2.52481887960794
0.462767546612571	2.27829319274265	2.51238429200866
-0.553272374367228	1.33379882261473	1.02459995175362
-0.557483780456788	0.315047689040564	1.71338626017804
-0.673440777745319	0.212491133697756	3.04748635421252
-1.12767864773312	1.12273319119268	2.64642863721494
0.476166915939307	0.362252842923615	2.5494125381535
-0.632660775288145	1.70285575001374	1.93623367232269
-0.406176537554525	1.33970834513168	2.87362674077354
-0.866535591074844	-0.0433181844228214	3.36584232183659
-0.0525397969197766	-1.51523119472193	3.01952029320029
0.64606731012013	0.69952306508882	1.60619520881315
0.159387636819817	-0.305775440517356	3.43231496984517
0.716997810727863	2.26093115248745	2.81411566092966
1.07153656019813	-0.134275663184515	2.08449070280153
0.296708616832507	1.51982936585042	2.86983168119783
-0.170800219718447	-0.335551117361153	1.46471718876392
-0.913311363542872	1.65739567317317	3.03044063804058
-0.0992876649315884	0.39076952647939	2.76908281186422
0.00194835897846155	1.17782885419272	2.27631117658543
-0.130463324671273	-0.032666019858421	2.08772003860638
-0.572186059434233	0.699393659182401	1.68588389203203
-0.574562252636071	1.47306420378499	2.20456409309302
-0.762741731787243	0.620276818154122	1.17910271760546
-0.479107470223967	1.83701930479819	2.74781627199791
-0.210448811519156	1.20285285963583	1.81424226066969
-1.1419476108553	-0.166229410201811	3.0902108795767
-1.09760025114144	1.35787561398624	2.73976714102786
-0.132812915891883	1.40263978983428	2.95602240706457
-0.132812915891883	1.40263978983428	2.95602240706457
-1.10392094993624	1.24416933094624	2.88846137362507
-1.37183932180006	1.23789283678046	1.60032642357903
-0.554911948335921	1.69119744291641	2.86716058695968
-0.873658850964091	-2.18995898999064	1.77287364149666
-0.303900053065782	0.0719559705517488	2.29334696445742
-0.00682962144634619	0.451999312482873	1.3181523271448
-0.228289004871241	1.38373414161278	2.75378674203303
-0.717016999425485	1.56828228290736	2.05835168048281
-0.34915674210929	0.490188598235416	2.98663587069672
0.358827832351779	2.91306348344528	2.56475729607664
-0.427642427820526	0.91809262431896	1.79152294291256
-1.35159050396574	-0.328152901303625	1.89582233371415
-1.22947211812795	-0.531251245918718	1.43054716450103
-1.48085416439138	-0.113035912713853	1.84810471843902
-0.663794372894835	1.75366634108646	3.18429482565434
-1.23455128564876	1.87939722460577	1.76899491102596
-0.450111742821487	1.08779273790487	1.49367402644705
0.564153877873491	0.950886169798459	2.3512057729039
-0.214011644892969	-0.191058753742077	1.76960040591928
-1.16324883801064	0.849079960480226	2.64063457919105
-0.270868074173449	1.09335820452612	3.49642808985868
1.04480762645272	0.859648035698567	2.33048773661865
-0.630863708425221	-1.89909733167132	2.78075982434463
-0.456882846339507	0.229303110471627	3.8990847040152
-0.257809409199193	1.34557616010279	2.29481723864126
-0.631790306856348	1.06094802977729	2.27315441033334
-0.634104125284396	0.939129560751254	1.58098005406336
-0.393671996683949	1.90362767866529	0.918461852524882
-0.168036883200514	1.32732923051062	2.03498430646141
-0.743845197820788	0.707797865798039	2.76439965751201
-0.934256595610249	1.82753707165322	1.71114272574167
0.0591682184761272	-0.727180069677109	2.29204529468019
-0.78315927847017	2.37704190610455	5.14510270238615
-0.326545540435043	2.34629852562812	3.02057095798056
-0.29495654911263	0.162103219439521	1.50519168251973
-0.774393546895722	1.69832070289646	2.07718414377038
-1.07625617072441	-1.15108467455501	0.291183399157226
-0.850176783353526	-0.367350306528035	2.27484549007005
-0.974692745679859	1.5353587764177	1.60449056160532
-0.801379585224109	-1.07640652408287	0.922025195316077
-0.847076759469723	0.692549092070234	0.65504258589821
-1.57738750809868	-0.147597553219459	2.91673833543373
-0.406686551503631	-0.297509316205818	0.402003135006839
-1.18989190020652	-0.619820614061207	1.51565063160802
-1.22791463805537	-1.77801971773689	2.1505637175384
-1.09196198979121	-0.0733210292602433	0.848222431179136
-1.1280701679748	-1.54915181688192	0.157306254682112
-0.873483350656047	-0.253638245722719	0.641286986770178
-1.20303444295305	1.5642036068621	1.65509284948893
-1.97228284004994	1.43119388702771	1.9219877524243
-1.83505935539416	0.116267924127266	1.9824450006267
-1.59576137602222	0.71409079403998	2.79303753971562
-2.24613369775021	1.30327891200248	1.18254984054586
-3.11137104312673	-1.98508154308708	1.60480752577226
-1.47560068804345	0.170134434536708	2.10805818576953
-1.77992787444229	0.912624606756999	1.54837236672227
-0.300199961675915	-0.979581116305268	3.50994649176771
-1.28723040532638	-1.35433888582693	1.47825301164755
-1.57930617678703	0.686097092590497	2.48832692081781
-2.01253331580409	-1.69714256282146	4.10258896291099
-2.85083434819166	0.447658845950014	3.28915369520592
-2.34372209046887	-2.16726182423449	1.56843724218499
-2.41613477406957	-1.57232054406816	1.91019996664232
-1.25546764337907	0.104974297594786	1.89008253563438
-1.01467785889706	-2.5229158595073	2.44194304134255
-1.22854650950554	-1.70239288730007	2.08619984704433
-1.9299466229172	0.838321507910587	1.63122056687963
-2.37773097046284	0.105912612563769	1.7779096477862
-1.08315561086463	0.535391331790651	2.4628890302418
-1.46396009378168	1.88310082885922	1.73902738033867
-0.780845604888008	-0.542828488904711	2.19545647157149
-1.51560339193883	-2.45961119626162	1.06481372016598
-1.85712523812703	-1.32627119556119	2.45020249175353
-0.391986040764533	-1.4951814420447	1.44125353552786
-1.13077427629015	-0.313738910897799	2.77097831634898
-1.59104998388339	-2.2469883848893	1.93742723311835
-1.84303468246602	0.522943702977972	1.56731571923689
-2.40980340382363	0.883615534838893	1.58311975141929
-1.8795369439015	-1.12237258084479	1.20198286516148
-2.40835203680658	-0.121532106461891	2.1354522901396
-2.55213016489816	-0.263816987989306	1.41358490800411
-1.53693118989352	0.339828405034399	1.7872925540957
-1.23230703922931	0.576546228027319	1.58534252854229
-1.3711933265829	-0.0259757101895293	1.80330241832399
-0.452938576142646	0.561632388488322	1.10461194788205
0.145237994520553	-0.366966830098533	0.821866793700193
-0.014316725323301	-0.157877240789409	1.48699151480085
-0.371055422578461	0.493686984267309	1.76810326606567
-0.691601155023768	-0.834760539670022	1.03629974449135
-1.62779366940217	0.514883277797086	1.63774731551985
-1.58597157938554	1.33626470123611	1.63246696619877
-1.31756731732317	-0.150192651953393	1.01932033986495
-0.0328611867531258	-1.93084210277577	1.36150100651599
-0.315771842152035	-0.546800179289887	1.17452220477479
-1.00886298025653	-0.889542968642427	2.29793475024717
-0.495820693819531	-0.522960060952188	2.54032897844308
-1.31580979735229	-0.192185338648839	2.77608225408437
-2.56569320662876	-1.18922126964563	3.22719915238842
-2.06718290963844	-3.27416721029569	0.787547322122693
-1.506026763125	-2.84749441392532	1.4767462206605
-0.835678872814395	0.409533555906549	2.15213756433766
-0.0883976558400594	-1.94883888224433	2.29253946898768
-1.33990335426514	0.464556880843719	1.2702521931244
-2.40601269932826	-0.453698135749343	1.53911118806378
-1.66813068121565	-2.56745113326628	2.53525365518328
-1.00747802301095	-2.53116876190022	0.542546262197746
-1.98418861218391	-1.93633109003934	2.9015087971515
-0.589489735016544	0.643111977911391	1.33720888570887
0.502162259783354	1.0729515239914	0.84909710104996
0.296467360147464	-0.403604459940239	0.430248911986895
-1.15400561409268	-1.20945623497644	1.80399437175533
-0.767557624387909	-1.03522761456283	1.22973193949123
-1.72513085080492	0.0848873380092757	1.62602045980427
-2.33781769980773	-0.396792974596452	0.959127771392603
-2.00971090464874	0.168804458117319	0.539517106573459
-1.41251372294189	-0.727145632813261	1.46661050987424
-1.60809058269171	1.20066074583556	1.50552782120591
-2.27626344452902	0.709519049518179	2.27208119593603
-2.28866925774107	-0.842431936825487	2.3980453473238
-2.46385630722519	-3.00125411614564	1.39727126201408
-2.01266101645895	-0.752187967374347	1.86762284354546
-1.88281068454592	-1.86810724524153	1.94391118128538
-1.47455911474586	-1.38152172518545	2.06721221106938
-1.71325876363429	-1.42722588472212	0.884002559150416
-1.58730730717196	-1.9903270355405	0.693755297081019
-1.51525082909561	-1.68964870754506	1.56210724618971
-3.12380705559444	-1.08609697150379	1.87445237432305
-2.57859650169432	0.579409331989577	3.38029600970735
-3.23055175777513	-1.61791070853681	0.690298872043755
-3.78803981753176	-1.59662113751165	1.29726073346739
-2.88046555088548	-0.895621835445276	0.76351511762706
-2.30417747084052	0.574492013026104	1.98850504928845
-2.51223095268725	0.0145490824381687	0.978464315438437
-0.450578092627645	-0.708856020006945	0.857501566489223
-2.04751123192504	0.436328860643183	1.58488581121164
-1.15061638866778	0.497086899599332	1.34565303256585
0.206830179845272	1.10213015554129	1.03433558032821
0.0817074076800176	1.0976956664929	1.64912200716401
-0.604675533327313	1.29438730100503	0.678357215882318
-0.699200968307166	0.835799406168505	0.852822537767742
0.295368093542665	-1.07483998383404	0.485125335250592
-1.02726042406667	2.48614897898193	2.50573808659083
-0.18821053692762	1.83293377910922	2.32361308044232
-1.31990534234477	0.205755162173183	1.7976691432904
-0.633456985944221	-0.823983703076782	1.1424676062677
-0.512697801279017	-0.030488586905786	2.88528957488376
-1.11424897188054	-0.482879421345301	2.95761616684364
-0.183579491696318	-0.0583723693196703	0.828808157560951
-0.291681700745874	-0.600634001422253	1.2772850106026
-0.286008725104773	-0.140996101361069	1.5920365279932
-0.255916463987183	-0.0546656052517189	0.779057877377245
-0.210158967216179	0.257564642286542	0.912278962800683
-0.240604245002576	2.4633335493223	0.118908959501482
-1.16283869549695	2.90126363227009	1.12663205519105
-0.806539865639518	0.744822366312783	2.9939813246176
-1.04898534655976	-0.634458343946802	2.67555938884134
-0.921018888960428	-0.698622001871086	0.358887188391784
-1.18904170486683	-0.465846955518144	2.34162420261579
-0.552945473188783	-0.554130101388383	1.65265360029826
0.0533325254796775	0.449493801900471	1.49676402764162
-0.531552366290105	-0.0123109704024453	2.05173980954839
-0.16056964888519	0.562785157778157	2.05322919985395
0.442982643731447	0.0917285924258896	2.59375888510865
0.204545117729724	0.801632426824662	2.22816367645915
0.204545117729724	0.801632426824662	2.22816367645915
0.025495683162422	1.97801631945696	2.59425834517485
0.205960408297875	-0.0947519660802335	1.85470678272056
-0.0465152829985166	1.81382567451983	2.83668948953557
0.198654402946634	1.44190107039159	2.98577255086805
0.173383851885243	1.51827435818065	2.41736245058419
-0.0388339800884447	1.03629361458878	1.77804095172864
0.044014021906438	0.270420328692899	1.75502469728491
-0.142491398869385	2.12814109464887	1.82144066249825
0.370932291175022	-0.0283386219541255	3.21589790578157
0.333675980892619	1.06023689089499	1.06155103414987
0.142638992956292	1.58978935466335	2.5188816384708
0.00360241753705215	0.302803500199768	1.043484577428
0.340864122234901	-0.4348748852596	1.23957423071053
0.247221063138134	0.0447757220379474	3.31565579844998
-0.13352872287281	2.19637040227036	3.13457511007432
-0.581314492421263	1.07538760322642	2.42106434764795
-0.472162437706739	1.22568079489638	2.43367340338912
-0.569926700603967	1.51335508712972	2.55344329913761
-0.669454922684355	0.702269697029264	2.44713593113576
-0.832822358563305	1.12760078000767	2.80355831498079
-0.0422121698403782	1.50570937930708	2.27270916935582
0.566128268653264	1.33803068583627	3.29524616254968
0.153816961223474	0.233257156136349	1.30304883786123
-0.346079426413214	1.19479566281414	1.26271208645587
0.607619143990416	0.355201647789746	2.60120529092775
0.256343644028961	1.27648993154144	2.5386495063739
-0.26538116797762	1.59146726551236	3.7334483319364
0.488550313505082	1.83323165732678	2.05479586397241
0.333628047782509	-0.909322668253124	2.28234864031887
0.425070205766474	1.63053343764863	2.72684877110385
-1.28586829088448	1.02150363307777	3.41842030885242
-1.13667471237051	0.890038569374747	2.47242392581601
-1.38672198831215	2.36928419750907	2.20207092017672
-0.680541904840471	0.721214223360236	2.48954351057516
-0.111318830041546	1.19351782537084	1.50118514450903
-0.392714588488546	-0.00139069888879551	2.54771660583647
0.258386774317808	1.32658317451842	4.72068769535222
-0.0145069318843706	3.1684191416629	3.59016619522062
0.693381316724535	2.0557431071934	3.72271803141357
1.71036448560582	1.45699452680391	3.05090406114304
0.160360326239892	-0.569348167921299	2.59381761262563
-0.448046754026746	1.41026413476051	1.88419286860225
-0.289087128804878	0.0907049666116981	2.55192519372614
0.0279500894833158	1.92875803960309	2.45780960960086
-0.544444764335021	0.376223817259005	1.97652433817582
0.291049902901234	-1.32754427846212	2.27233599337575
-0.465623453028216	1.15853171099453	3.49895342490363
-0.536417052023855	0.145570963479794	3.33680418980676
0.949411152263795	0.719724587598613	1.71913640130901
0.366644875548373	-0.459815260063118	1.09674161736815
0.399716943991195	0.880164748373947	3.96940769516701
1.16588502643564	0.790091703426097	2.52916476360066
0.149846022075614	1.17555589538904	0.482563675588483
0.669981485120173	1.50834768289586	1.70657807621762
0.707352759643734	0.286371091142639	2.71708551547808
-0.61626506833656	-0.326659482354905	1.61492325934058
-0.525618762718951	-0.63960636566349	1.47215515609118
-0.465296942238316	-0.19333007559553	1.92333736106249
0.0915826568779981	1.21009027482168	1.87295466415774
-0.0894477934512864	3.04962940184311	3.10375715243368
-1.53480978659814	0.913556276052642	4.11509750368366
-2.28953829216598	0.436612056339343	2.70892838463799
-2.38466280247394	1.42872022514814	2.8225340518519
-1.85898806739009	1.57989863998875	2.6187120056937
-1.03118105655162	0.58080636226461	1.82095091603518
-0.673555199010913	1.23555686644766	1.96490914133002
-0.350859277001723	1.18277929727049	2.13452474083412
-0.276896642397754	1.43650232434752	2.98975914338095
-1.32705053071464	0.518967599797292	2.89452471295123
-1.35837740765162	1.19243451862113	4.22834411456369
-1.73227968508453	1.18785348432847	1.17071609528105
-1.64679838427742	-0.274991398573093	2.67508091591549
-2.2756008573447	2.48763454413306	1.28327984250504
-2.5031781994276	1.18284414193444	0.610035733593435
-1.45223418810786	1.60205183654561	2.32516746270753
-1.35669215859554	0.621036708226852	1.1701317207094
-1.36740465578021	1.75061023101115	2.3134244609341
-1.61312269589886	0.875124755203954	2.36989665696237
-0.926840882315711	-0.0882287068200973	2.37625856506389
-0.251353768365214	1.99584191111157	2.88649155973674
-1.41043511123787	1.54319597134661	1.87594588240531
-1.18448673906276	0.933998478768337	2.51322394893468
-1.11033851100546	1.91648130832473	2.51092078733596
0.458744894039722	-0.589540467049756	2.83061567791107
0.429384600627449	0.580390095073346	1.99794670536456
-0.130265439042197	1.31329419176948	3.62450263107899
0.47978582363278	1.69951680198918	2.09505451066704
-0.733407516618825	0.733922424976763	2.69552112276344
-1.24755358711427	1.19209905722581	2.62094944126727
-0.318569088967266	1.42179102117318	2.12207387224297
-1.79883299145719	0.802455235783965	2.03769780046046
-1.55901758729507	1.33128379881691	2.1707181122407
-1.36614753073176	1.61434061506388	1.24008556527047
-1.46972685848421	1.37134735533581	1.34176234737252
-0.699989959967437	0.86173963909947	2.04914462886936
0.291469443887041	1.04005861315658	2.18582163759894
0.602929211090183	0.19373137643308	2.18124349449012
-0.56129981108382	0.707813438272766	1.85827199956308
-0.326402353711566	0.79729530880715	2.4141915086888
-0.0477075270244157	0.584721760956029	1.72460070386351
-0.859216232163855	1.39802190318498	3.04245662802997
-0.660314492152055	1.64933661274103	2.88492297954352
0.0936837201672876	1.7798986589002	3.19131034699024
-1.91996057889297	0.594635383584251	2.35077888000118
-1.23128461827721	1.30644725691605	4.07978409010561
-2.59493973380384	1.8744751512672	3.56139669017427
-2.08365097159812	1.59767870917972	3.57067786984377
-0.355690388068787	1.96290597693928	3.74016350010199
0.381665788984724	1.58409376187797	3.23153267432541
-0.712531032674875	1.58610889302385	1.78057982815813
-1.13606864642851	1.65382916123868	2.91249544942623
-1.95379214077541	1.60151344978528	2.08077506900237
-1.58716097875393	1.6297259773625	2.78280773288637
-1.72725444394296	2.16700385448252	3.15025304193066
-2.39019198520359	2.48305062744666	3.31172836726894
-2.5166059789776	1.50340103891115	1.84191672479843
-1.94284410240529	1.05198087308965	1.0908874149103
-1.96125177336076	2.27311703341523	2.66915957100685
-0.995895635009405	1.34426017880728	3.03226277939436
-1.21847647381556	0.666029039064022	2.68917531358541
-1.01478297484051	0.649865569376797	2.9555944273201
-1.62901610397184	0.506953725638841	2.339038044378
-1.22901295093325	1.79603936013736	2.34129419401962
-1.01462103734946	1.35390153316063	2.44518381396421
-0.531200847000959	1.12724565998285	2.31796688731151
-0.807152532105674	0.656593547984435	1.82670151128662
-0.786500270135617	1.40047940571394	2.04430067745409
-0.746184847563478	1.32218057341787	1.72868597470287
-0.731302274090093	1.4400060366735	2.15298341757832
-0.906049129127104	1.85079401477506	1.85228712265082
-0.466843289804598	1.38636894447692	1.92082486141432
-0.466843289804598	1.38636894447692	1.92082486141432
-0.919235082087054	1.44969607324887	2.34051253393367
-0.919235082087054	1.44969607324887	2.34051253393367
-0.734427504834042	1.7283828767691	2.24965108781795
-0.342111261534036	1.47835529993916	2.0998214270449
-0.0134256431107654	0.359217907194492	1.66787735836215
0.49732308449419	0.821583385964041	1.94711748362192
-0.163698856364564	1.20275252606091	1.6034335590028
0.329443572799681	1.74874795504354	2.46840084786008
-0.323007579066609	1.07267321679597	2.57779415763752
0.513749907483374	1.53990844439578	2.19785911455927
-0.382232128939637	0.0711157557902016	2.55366396938094
-0.590591005588626	1.83342008961986	2.83711630231919
-0.458934331676834	2.26930253011533	2.95592279359953
-0.0101196692851431	2.19406925533123	2.1267974553406
-1.03882556896795	2.10274235880564	2.95091406351212
-0.986938462236954	1.11871516923827	1.31444766151755
-1.69554307270326	1.03763571628786	2.04822436348114
-0.234486510733134	0.919736362173611	1.88236594600567
0.0823258182137158	0.922301609745739	1.58467969855755
-0.552161188698614	1.08015382734113	2.6812208801531
-1.15625743273723	1.34096073044101	2.86848491851695
-1.13928071539362	0.489783952313351	2.54174770197401
-2.26209939215638	2.21946322219903	2.59806676555382
-2.69485845322898	1.53351384144093	2.66852746307438
-1.99118045297445	1.54184997431149	4.43166272257504
-1.05645156623328	1.05965866679357	2.40583330669159
-0.653038633178708	-0.143681160976837	2.49754650469099
-1.15627718453126	0.720913707726713	3.49513658539142
0.411677711699058	2.11523184666856	2.51617266268295
0.496716710455993	0.814323783127856	2.54224417753553
0.640954421965542	-0.118873951185395	1.58733761266508
1.69740849443419	1.20464905207046	1.27250438497354
-0.130422553581177	0.133922523995092	1.43076161054985
-1.36725577923245	0.904381141874936	3.0221354908758
-0.719146502094764	1.6981472499541	3.01355178839517
0.619327920620343	-0.604093195659793	2.06739971706553
-0.303992126430936	-0.440582593731457	0.949909115470894
-0.920835341398886	0.225744794503481	1.02245287399397
-1.28903353926364	0.424153860071662	1.85056998990398
-0.446648915812633	1.23594194934547	1.24564238834826
-0.6270856094689	-0.169035222295306	2.35262744679745
-0.768809516336007	0.118912629455719	1.62266570811656
-0.492638723113565	0.121270694658727	2.81700634671733
0.4703273658131	0.492292015421686	2.87183433919578
0.509956084041885	-0.0972828522430578	1.85094809412851
0.224382744838498	1.23907233504399	3.05005233211911
0.934337325891376	0.672938103717076	2.15014870449824
0.321037653866932	1.04311436020184	1.95523084862851
-0.432349462481536	0.887277234918457	2.57922194415564
-0.494719336372781	0.0159547893872194	2.01985932999845
-0.723632808882563	0.358547785181585	1.92351259737194
-0.949219925933864	1.46522184735245	2.63061797773879
-0.987434883262247	0.156252384222281	1.82217115249904
-1.61226880972307	0.1804194578378	2.8043326059855
-1.16584247536072	1.92207169752085	2.56154604565221
-1.91206716924731	1.43061280110673	2.64323375270512
-1.07230386614265	1.85396875027046	2.7257220197604
-1.26810957200508	2.0974974989566	2.19908704837264
-1.18847905373468	0.318104671870621	2.07954635853164
-0.84348186022841	0.922286631794604	3.12268291849426
-0.817071486516526	0.0636221522996785	0.854825922957289
-0.814608560722209	0.976738962298915	3.14632575351967
0.271014247311626	1.32915181373675	2.04027052323137
0.566410494993804	0.331431063335707	2.25974465569926
0.696547791431911	0.151436356632797	1.85612532820395
-0.906301732375713	-0.635549133588644	2.23473267210532
0.364959263035826	2.40271212013264	2.84410952259661
0.257893549395988	0.693720496145729	2.89548967088895
0.336721515362712	0.442238720900057	2.99096858721418
-0.570451321648996	-0.773903425450767	1.47699465830619
-0.804811354126951	1.05213882869328	2.65491579705596
0.246448768393857	1.14104793855511	2.40012125399628
-0.350143865910698	-0.0191465934473309	1.4855871987477
-0.0406746093467715	1.57955494291741	1.72343279062519
-0.217909633913931	0.463044940681827	2.09089916063848
-1.00015288699741	0.0538722419348306	2.11976355259345
-1.10484252182541	-0.249256472877673	3.28986231968319
-1.27504035138583	-0.199468701937959	3.07442408271758
-0.731706328098676	-0.85214197390962	1.29789709861789
-0.441085561221671	0.568713781561791	1.79987781606985
-1.01085135789237	1.05516496389987	1.62521879790831
-0.686468743389736	0.320236063105611	1.24211288689713
-1.65403527261633	-0.226548242591586	1.40733583029149
-0.75234278829858	1.67892572133895	2.27755080596064
-0.444924536040374	0.634562888543599	2.1834015576637
-0.125903314603747	-0.00844793592225668	2.14557284407632
0.414131201883988	1.20515423706214	2.05667348967805
0.630003997964608	-1.35627191753492	1.73447594096292
0.73482729315045	-2.43768482767465	2.68635536130111
0.188989342861992	-2.72888071392096	2.07341576023962
0.498793129062107	-1.50218553795052	0.540134291829228
0.169453963876467	-2.80992286339523	2.24251126366335
-0.181480775319433	1.68848717584011	2.05827949337432
0.000276652382528747	2.05554264811997	2.35162849955894
0.0670648317077791	2.83197470524269	3.11357160986027
-0.605687287113537	-0.856667861546286	2.97373385421822
-1.57181767864466	1.79448310386892	-0.550941647150987
-2.76321354375471	-0.861137294897758	1.84591138847769
-2.0243400860831	-0.00379383311961723	1.05512636486873
-2.4232836326596	-1.69732219715098	1.71134628911445
-3.16002754212376	-1.07975188665527	2.46670901354221
-3.21071885071394	2.34617502510225	2.38093032329356
-3.00877232435867	1.94908914581537	3.21192120165249
-2.402805113777	1.3367769044815	2.37769731488376
-1.45634407651398	1.38977544761012	3.63683153224155
-1.44715162901294	1.03892984558468	3.46780709479885
-1.78979695229169	0.272988017873835	1.63124692825868
-1.6602474173963	0.224821036411917	2.346507988051
-0.95479037900921	1.45509890492519	3.01012277017905
-0.0555118730888151	-0.525748530207496	2.37227002294899
-0.115718832957075	-0.0949874288003701	3.040059992481
0.79217805575769	1.89454570131894	2.21923782922988
-0.307548768496864	1.16862404518256	2.93605619018267
-0.162241506983216	-0.555521515944956	3.1513752340809
0.132954655218083	0.14124095531427	1.10936593841011
-0.688162949368505	0.584827537582312	0.789426608134845
-0.69673030618366	0.355426573381621	2.91907506992304
-1.11190654032894	0.518509656924142	2.33031807947822
-1.44939887392592	1.28033187460496	2.25595989623106
-1.49034536083547	1.43858765032454	2.23656663851817
-0.709901842869159	1.93308086623937	2.3841513988874
-0.462908444795941	0.586035262703065	1.85402347823239
-1.83561797851397	1.22712488033669	1.67268740762265
-2.12202192667246	1.11316094202061	1.77623022283726
-1.77713729266143	0.685261879233799	1.60240330956311
-1.7595531910463	1.09541925058968	1.73062099842081
-1.0967880370917	-0.785229203175998	1.36836100855425
-1.60412600550219	-0.327028297248995	2.12349763877312
-1.09459941626036	1.6425617066151	2.70002682469261
-0.903289515382953	0.248410923484193	1.88598165683214
-0.322888291732991	0.172550022405906	1.33978347461922
-0.611188000156837	1.2511722916886	2.81307418597497
-1.0580136714091	2.20328415019939	2.45011581171093
-1.81251406009615	1.33457510448729	1.44592652894341
-1.82896014336289	0.445555680456541	1.72305892359055
-1.92312018203681	0.727281649052417	1.00742983882809
-1.18940622019618	-1.65335579401138	0.388314684514109
-1.18755132560413	1.27540622015376	2.750744518119
-1.62657739111195	-0.628520977847298	1.97932751374003
-1.94889427253949	0.286506581289754	3.12212889726967
-1.5106039540929	0.278771268367025	4.2102113855385
-1.56244809410115	0.422996865282567	2.02915693951733
-1.43734078195822	0.691121416895913	2.84743760989609
-1.75392063313208	-2.18548136403993	0.873279599984517
-2.49586953558754	1.17142077162672	1.65448948809924
-2.15642081198664	0.221868483884045	1.86421790614656
-1.24241028085751	0.596301859031974	2.84399376708428
-1.13846313256151	0.420446650443758	2.37822652451952
-0.987277509969713	0.624220900181601	2.76947984235636
-0.953011098442224	-1.27747670689474	1.5675456167503
-1.46073216758032	-0.211173760482926	1.33259546475271
-1.49268144038539	-0.471098723438336	2.33262164667371
-2.36789455709447	-0.0905401961287162	3.64443485509422
-0.88109492050759	-1.30124741362906	0.596947158861171
-0.597713414400779	-1.3526708548907	0.680682340986178
-1.07680794283587	0.18291569303216	0.0856749450895791
-0.596175484119494	-1.21549241606921	3.08336277165109
-0.46852750892014	0.906017777409374	3.07873859848638
-0.793214996237581	2.48584376664654	3.16583927741039
-1.21535961259375	0.379228496501321	2.26333975682831
-0.95164272711821	-0.0487082801726291	2.64178341649153
-1.60980495483691	-1.95214543667531	1.53808114082595
0.27090428258045	-0.679468926855711	5.07822268755203
0.24209199734127	0.135681607955942	5.34431595971564
0.0474963893298429	0.690299487553769	3.66206375480395
-0.0309836960684377	2.10664307942924	2.06868998741424
0.242621713816211	-0.267704016821351	1.79474097117625
0.160528993468849	1.48787041787046	3.35025074524605
0.914230599952871	0.907240487367192	1.99306222827652
1.6030592536526	-0.898071504121117	3.73498950829646
1.4490025917481	0.506544523158301	2.95063841272533
0.367525834825646	0.471716902084357	3.79946337958038
-0.844166478997167	2.08756484111116	2.04591593266172
-1.40547736694487	0.240297133463438	2.67229038561646
-1.49025278018153	-1.48397084768993	2.80016822630355
-1.85160040540215	-1.75772633241666	2.35637227676529
-2.00878325993056	0.409259217067177	2.28960060724259
-2.0551564926045	-0.333295141516653	1.81430773089004
-0.330276126860654	-2.36509178688427	2.42721365804874
-1.63613380781861	0.187913985672127	2.27529983500091
-0.146984844933717	-1.19319526123589	2.51920555656542
-0.022900925585856	-1.55197040702779	1.30474547631924
-0.72025235716041	0.871100644906573	1.45189570660047
-1.12153860270358	-1.18346299817083	2.7989097206826
-1.8670235175556	-0.762825551473168	0.928778849316015
-0.925161111148868	0.12861296162058	2.08086783351437
-0.167323606042688	-0.567889812894582	2.56429055435788
-0.556662914085933	-1.88317391923873	1.48661034677542
0.222211919959602	0.0613145012999761	1.26089565406075
-0.0731841292472055	-1.30165823717534	1.13334544919173
-0.623348149859378	-0.863591906999913	1.32868945701786
-0.678039666487263	-0.232391163075794	2.18197346487046
-0.724718726276087	0.359993429429208	3.82390932508387
-1.32978460159337	0.182596759088712	3.65377288190239
-1.82979465111043	-2.28827318954145	2.11075290571636
-1.65434276996715	-0.825962154417284	0.381677406876308
-1.72198379975186	-1.35942860369525	0.620668302650313
-1.90563013343399	0.689915421138889	2.38778198389359
-0.176199309975485	-0.182015848907705	2.58085973342396
-1.36148590828818	-0.301031506897506	2.71548059524439
-0.49916277866002	0.696284757386195	2.10344774136822
-0.402006269294149	0.524655958139123	2.38765115511399
-0.362047872832319	-1.33971260029747	2.89747067837807
0.92110350738574	0.670179805144319	0.90531510861338
0.39108669822354	-1.89941074133512	1.93577947887174
0.923977712992127	0.105312655968611	2.7816339956065
1.08393409196374	-0.492977105068086	3.04287128692979
-0.484347500999234	1.06414497193888	3.26672072273755
-0.78840904875057	-0.0891694101180427	2.02150019720252
-1.065090815741	-0.0869581614671006	2.65707966840112
-0.729737986945135	-0.430802700771039	3.00528203863086
-1.94072235356012	-1.139310681423	1.85804939947765
-0.704197887004908	0.712041400564212	1.62163805553894
-0.639542730439161	-0.100165569738289	1.41572552519552
-1.31024162947208	0.293235885950255	0.297455754416135
-0.578646263997504	-0.31356203684403	0.00508616638500015
-1.16937522367943	0.872597163818538	0.244405255856079
-1.93162681867491	0.0131982290718382	1.17970134408373
-1.55117911952305	0.250713830186037	1.87703142522472
-1.27300025165227	0.47651302715612	3.09756751144008
-1.6793534169994	-0.258773112528307	1.15151645592178
-1.80039870510367	-0.598502574560629	1.64108041705714
-1.52191830246379	0.882408801283621	1.5929628805288
-1.13935197049662	0.186338729591489	1.78238432225267
-0.62206486675914	0.906125351312987	2.75892654028794
-1.10980048083435	0.960692012342769	2.52080360256956
-1.10029527383101	-0.728365446228423	2.32446144218457
-0.628937799762519	-0.50084963930292	1.67677495361918
-0.309280678140025	0.280278637024151	2.07397443955169
-1.32164104783257	-0.60824912190758	1.21888089931437
-0.463442219005734	0.562230439976673	1.24947384457397
-0.00957926673475024	-0.104951950917199	2.50855306836976
-0.456236089450902	0.21595901562565	1.26789247819269
-0.507361236405431	0.348364798047871	4.07230569648169
-1.73977926369324	2.27318079615026	4.76467848621167
-1.41162047727458	1.52455651847467	1.37670753299765
-0.611653107075508	1.18090056198817	1.85507919088936
-0.80883032124199	1.09867628679039	1.77154225550849
-0.00769833705375922	-0.1178790883774	1.0285011252394
-0.117824272563675	0.364974999868592	2.12586728827121
-1.38791948894754	-0.526055720507859	1.63576578680249
-1.46005871030534	0.0486490938658553	1.23174060991892
-0.380401691203788	-0.284238121849224	1.19935126227457
-0.730322832524551	0.673791458377254	1.82700977701138
-1.64823281548529	1.46787657102335	1.12822440711832
-1.96170977106698	-1.00883332344942	2.80552730573457
-2.42603191092979	-0.427245495910174	4.94181532590717
-1.91502007141208	0.199199146243194	3.2945661362665
-0.87881322537281	0.909853882521256	0.728620359757326
-0.559612798041982	0.473044200190644	2.01216159576105
-0.49327019972207	0.348085928770337	2.1861338486494
0.221171548667255	1.76323175375308	2.74259998997953
-0.683249548147452	0.220699513635952	4.1224520931307
-0.410939195364122	0.484930037327844	2.3439696718102
-0.383189403885762	0.0123376391490767	0.21483960880587
-0.610814246920983	0.787526683599015	2.7377045788925
-1.38452218436271	0.992149446187595	2.46271691832778
-1.03917240491277	1.27659150017107	3.3235704500692
-2.16657768978673	-0.283607340131163	4.51154825644576
-2.00355799370877	1.63398817236284	0.309501798872939
-0.367333183909986	-0.0252287845056437	0.700953928466386
-0.489128888582468	0.857986258314865	1.84388866726874
-0.489128888582468	0.857986258314865	1.84388866726874
-0.606272340821514	-0.688624373094821	1.83349250393686
-0.606272340821514	-0.688624373094821	1.83349250393686
-1.25792934333663	0.406393734685073	2.1738538322027
-1.07233087362493	1.26582074059739	0.989170754179327
-1.2959714869932	0.874963904305568	3.09104319064887
0.0889847019990122	0.0241782162787561	1.57099514088531
-0.0332592963145926	0.205837247077412	1.57326965803678
-0.372321851070779	1.30311570496604	2.09635537237813
-0.693880152161663	0.625549924361533	3.30988728061268
-0.873432018881317	-0.554021821136355	0.56837094827841
-1.77910575693552	-0.777354411438325	0.980104969567341
-0.817373130867848	-0.269356652309994	0.571919003485172
