1	1	1
-0.93855203412021	0.0923741888075216	1.43520455681427
-0.332965433346318	1.50932404719443	2.23681962391382
-0.289411569368098	1.63628850582359	1.7404562799555
-0.0442535430742147	1.00130884651544	2.58876764275293
-0.0442535430742147	1.00130884651544	2.58876764275293
-0.667451287601464	1.05922001949788	2.23033495900615
-0.18487223869055	0.841546340956771	2.7394118545482
-1.1312348959018	0.302499759542659	3.07907373655186
-0.376624811501656	1.19297884320327	3.31325840611746
-0.169361948156896	0.679558084103034	3.9176787627404
-2.30777998376594	2.50382765227976	4.58309797334372
0.0553569778649197	2.09629421860134	3.60623984481185
-0.930481450754637	2.05831401564151	3.7223827567207
-1.68610153232275	1.4049908544277	3.91431787719189
-0.685390409665845	1.72167800894068	3.66016194614636
-0.37547292289689	1.54037829267918	3.53471473542752
-0.599275078600186	0.287715181043072	3.81595437704078
-0.273710518580237	0.284149775059228	2.75290454779598
-1.82054993671062	-0.92869052512672	2.08352681347644
-1.94702516009828	0.230184762582999	2.32930652874031
-2.24147196493649	-0.147791839747264	1.98294756910533
-2.53213611980038	-0.141671285821227	1.48489973301478
-1.72079077232169	0.0964101744199407	1.76722875516182
-1.85361781820661	1.15360433319365	1.99810689397758
-1.11636785964624	0.828916866027906	2.32959098687194
-1.11636785964624	0.828916866027906	2.32959098687194
-0.904527256081126	1.14192126874319	2.32958603436136
-0.833486429201141	0.479611526034769	2.26202023274185
-0.956519166307877	0.233128676435587	2.19203156783857
-0.170370314119007	0.919303799328062	2.556780053295
-0.393067894964715	0.769715007325765	2.85676313409902
0.38173881880237	0.463185800326994	2.67873588784407
-0.0129716902279724	1.42092945373244	2.63557861632501
-0.806635704326774	0.862834966249636	2.87150430018626
-0.220014696217965	0.399569106552352	2.59389568882842
-1.33378831120801	-0.38191818156521	2.84985095858585
-0.342263077337149	1.19302763993379	2.37412382361493
-0.342263077337149	1.19302763993379	2.37412382361493
-0.881568608651476	1.39617064372762	2.66538060838785
-0.878208688107443	1.63984769612703	3.58401811319991
-1.14035734515013	1.01081470621506	2.90859574609414
-0.251692286685456	0.951988665298327	2.90281594682396
-0.382053451310513	1.07751995635887	2.53530198355089
-0.169592542455415	1.14053310259097	3.47704846259866
-1.91959142959446	1.39284135630028	3.2848445633037
-0.767538665332869	0.866552902016844	3.13472983497697
-0.555742266736905	-0.0725118697536581	3.43111421644887
-0.86116224200704	1.29076518604098	3.73436278449221
-0.860429753524048	1.2142816791004	3.50861025484656
-0.213050028292799	1.28677247800766	2.73191590424005
-0.750177603964741	0.0977444912713445	2.77313089158404
-1.11084170815969	1.11203057776382	2.93585581560146
-0.479292223590705	1.02623053602632	2.67459670512992
-1.29928010572717	0.588369773224904	3.19886276235507
-1.32992717515052	1.22197038608801	3.53974888072383
-0.7138974060302	1.09125985457522	3.34119481500362
-1.11329393107805	-0.0235701725079518	3.28656944566492
-1.42834998937476	0.0609605038237273	4.18811536816985
-2.10861968162877	0.618386352071124	4.62958764959025
-2.76315162318144	0.855823681514224	4.31190891926682
-0.774742155634333	1.25139084170524	3.87054543830243
-2.17832956827625	0.903652576396754	2.65650442399774
-2.90115208261882	0.82943921864898	3.05576369902025
-1.88918710370786	0.543711571872183	2.65080272476262
-1.08829278036501	-0.528129539310358	1.63631744688292
-1.56789746040603	0.395899475158195	1.55238846292194
-1.01622294370664	0.153942544976767	1.78026254184914
-1.34733101300657	0.19414774735742	1.50247545290494
-1.34733101300657	0.19414774735742	1.50247545290494
-1.1570919416137	0.15109369147533	1.60632311151815
-1.31894288549095	0.194117630518998	1.52466691231239
-1.31894288549095	0.194117630518998	1.52466691231239
-0.396585427889058	0.468088868000673	1.80535150689121
-1.24845890927293	0.384521695214585	2.29262386762601
-0.473945076844638	0.799819708760889	2.38477866042074
-1.48484658473231	0.937405002196725	2.06296514732068
-0.457384052074435	0.473302973954654	2.02746829930752
-1.23827162899549	0.721314019838094	1.93203265047798
-1.44438852613855	0.582241202657931	2.31176253023168
-1.57173601094075	0.96044864590178	1.58014716530458
-1.54073407078974	1.25377521240891	1.58582265938451
-0.330542948336517	0.327485897375165	1.61926453439732
-0.364597062987077	-0.395559987518468	1.92737398576459
-0.249198173497154	0.975702591464171	3.16367807709336
-0.444876373703635	0.536904253342425	3.43744865483209
-1.83787673257022	0.624848380113273	3.37857932547964
-1.62932819838662	0.358344520786853	2.21640095647977
-0.513369610024672	1.25914688485005	2.46753033776009
-0.560404531580216	-0.70152178809596	3.10007903216409
-0.626689374203939	0.93512374575592	2.45389866785925
-0.914970413127204	0.808967219421831	2.08092989457523
-0.0335465223821605	0.65611007429104	2.58977101873453
-0.113968879687828	0.806073638357046	2.88489979944857
-0.679045085566048	0.0446920505444941	3.30081901060544
-1.26207515688821	0.31327611829364	2.74587087912798
-1.19346090419376	0.771301014715635	2.50513086483741
-0.476200551877465	0.707996678806627	2.48938725521186
-1.15636382225057	0.195603892176655	2.25425820664143
-1.45933858506383	0.925763703131386	2.26643699364714
-1.44108003798085	1.34746142733089	2.12160011337237
-0.141194912134517	1.15626133650529	2.17890711568971
-2.02380590755355	0.810017337798593	2.65007152855788
-2.41029061091162	1.33175406820391	2.55828474401383
-2.36658593155947	1.55171805725852	2.26849855805116
-2.7273490945545	-0.0287340093583434	2.37805786706818
0.0155324856216053	-0.357661032906833	3.02940275407805
-1.04057098039175	0.670910686896646	3.40454566365373
-1.55574705135468	0.724225637722618	2.63775213199765
-1.50372969369763	0.71783837837234	3.05717065735673
0.0195495526456455	0.824192092237271	3.03827994093655
0.01528782977551	1.85978325727653	2.33385964116535
-1.28196046329982	1.04846040443771	1.63315265356216
-1.28196046329982	1.04846040443771	1.63315265356216
-1.14128832490829	0.585487489035124	1.72480401458176
0.353738621915646	1.30271933282937	2.88606397464697
-1.72539860190411	0.510052136468032	2.64579033601097
-1.61506497417179	-0.787391930595604	3.57362043411044
-0.520366099914317	-0.782047572705252	3.03906451651677
-1.6873887539968	-0.495916451878502	3.43852985146815
-2.42152582644803	0.868410591268133	1.96231851231963
-0.837059121738248	-0.0566168855249297	2.36172089714659
-0.971586817384965	-0.978809737624593	1.84188017020799
-0.462483619691291	-0.221741447779453	1.984815796421
-1.33926446136974	0.398561327386453	1.09793218413051
-1.80510555806686	0.243890521481512	1.23134263086528
-1.22555566244199	0.501495828043933	1.64869044629777
-1.58910653066082	0.507451003011156	2.28502304335227
-1.1320664295712	1.20172470696499	2.52867100706048
-0.283362602758898	1.37344213799073	2.33515436059898
-0.291293441034907	0.551966165141994	3.17192318525024
-0.192767801723275	-0.850018037433887	3.43834406509499
-1.54234778029873	-0.1633036830377	2.70253457230954
-1.71055785656471	0.283910476274253	2.07119579627863
-1.7744427767709	0.718294239801043	2.55613683356929
-1.24693313248972	0.0968329824543435	3.08262445521496
0.173646583970813	-0.045069555884843	3.38269747706164
-1.50848605882446	0.36859321832401	3.05858396436308
-2.56022322880001	1.00856599397581	2.56983115968508
-1.17600384048062	1.94466913248536	2.64159023674596
-0.598091650549109	0.776074684209705	2.825637730354
-0.690266940147576	0.302258085891521	1.66708350813558
-0.827809453950329	-0.498248810996193	2.15606153382863
-0.0982450056920955	-0.30147875499496	2.5716854430068
-2.08737761333048	-0.00784105191640039	1.77100620705551
-1.27000533324844	-0.264186500989535	2.44849763501136
-0.797127714272927	-0.553347402173144	2.10845077110922
-0.797127714272927	-0.553347402173144	2.10845077110922
-1.76275744598769	-0.954955781887629	2.10917037143159
-0.137300133860392	0.931459348003725	2.1249217313204
-0.957852028743507	1.80577227345639	2.63959648200099
-0.702071952005196	0.242444210248381	3.35866606650773
-1.30027995414514	0.532855397490227	2.83887692544723
-0.282874374599739	0.226556540322894	2.09708751126645
-0.991181684644535	-1.61084469914488	3.59475972782377
-1.51096429739411	0.0906506917138936	3.22000765173763
-0.584019397075814	-0.861811690150496	2.39518723221126
-2.80105849558655	0.0400498912083089	2.10417477722733
-2.80105849558655	0.0400498912083089	2.10417477722733
-1.43635284846623	0.758693694781355	2.19761453804134
-0.897596275206935	-1.68911949832221	2.46489865931841
-1.74649010444362	-0.494752360320625	1.33899798286858
-1.00945019557564	0.667587401414659	1.91480212367949
-1.00945019557564	0.667587401414659	1.91480212367949
-0.261198989624809	0.660178970300041	2.48582280081289
-1.33865913332618	0.185632335855719	2.24595094173343
-0.731872558143221	0.743652387342499	2.65894099879205
-1.17556793865397	1.19673047805428	2.17033161914602
-1.75495144742374	-1.4983558124144	2.60964708493846
-0.621309842570661	-2.07409483171895	2.33965704334614
-2.11863985455872	-1.29372718416741	0.940334416164392
-1.68481621486392	-1.60630754588412	1.10283599523463
-1.29713015684714	-1.05147980657331	1.32968117405327
-1.38354257477739	0.0446480788150978	2.0071726056318
-1.38354257477739	0.0446480788150978	2.0071726056318
-0.757088224949695	0.413572866138278	2.56478183779201
-0.120000568157033	-0.296414305482567	2.39835098700248
-0.120000568157033	-0.296414305482567	2.39835098700248
-1.40359331502339	-0.484227917848294	1.74382550077268
-2.11857051046181	-0.594996123891068	1.45768298522289
-0.370737856304729	0.582067191725634	2.4593866915596
-0.279669567696768	0.556800858898665	2.31420992162516
-0.440373220773725	1.2895769605996	1.72445493081486
-0.738319597602458	-0.467295359781972	1.73881178662782
-1.18173078217958	-0.159603780549662	2.5881439071476
-1.17470781400161	0.278553864206231	2.35993337268576
-2.79009362177896	-0.758815503220213	1.36270670237365
-2.4603451547479	0.149708400325736	2.22891527073373
-1.85117415564244	0.866433789470285	1.7779574699093
-1.44426683269988	-0.410188602290557	2.27050073207835
-1.57669147350172	-1.2975922387169	2.22137840091322
-1.37684130332504	-1.42507302967747	1.29190162549796
-1.85322712108303	-0.958976831754772	2.02405940752783
-2.20377953251627	-0.335962778577698	1.98426667267677
-2.10292329673618	-0.936865099319151	1.02571143316347
-1.90826343560025	-2.3393991524082	2.13904648073506
-1.0187613042269	0.533090081652339	2.1432729337923
-2.06436657849607	-0.316171835935215	2.33827018679581
-0.537802160767994	-0.904574328652382	2.27576814977486
-1.03305802024522	-2.00560812878451	1.70576427148614
-1.03305802024522	-2.00560812878451	1.70576427148614
-1.65374259278309	-0.66564247830076	1.33804219633769
-2.30465635777368	-0.534994356918213	1.57099064622918
-3.53151782109701	-1.79770900494274	2.00380041133179
-1.8374091785394	-2.43758212231803	1.49318329172387
-1.34739146851263	-0.736307096378249	1.35197643273571
-1.90180858683067	-0.47250620267168	2.07944480910668
-1.81740183217209	-1.36087018298135	2.43880639790174
-0.804518798962844	-0.105483075943282	2.00516262254015
-1.80409396961569	0.229133271282336	1.85467576438494
-1.66512042928412	0.460529989037809	1.92121655956934
-1.38248950020785	-0.936252174049338	2.72014237983512
-0.803599414487371	-0.628502464432593	2.17202026661814
-2.73097559394071	-2.94093529260997	1.30365535141144
-1.91310316866448	-1.49234211916239	1.27675831431371
-0.730514053782706	-0.435561537715712	1.27368422251879
-1.75898290165027	-3.26465829363232	0.949230209928107
-2.41928301681184	-1.66508955014518	0.796002665718525
-1.64982453703834	-1.7278936936352	0.906843733247481
-1.61299502951555	-1.41842405212257	1.50802912891073
-1.39808074244618	-0.913740161809417	1.66680873553189
-2.59756849866392	0.355840719134144	1.54535255769361
-2.59756849866392	0.355840719134144	1.54535255769361
-2.59756849866392	0.355840719134144	1.54535255769361
-2.39428569921555	-0.348007049563854	0.650843489935407
-1.68939098918886	-2.10825233564503	1.1984629767491
-2.00977450120263	-2.16944705020437	1.23131594693429
-1.38306999457633	-0.563660162051376	1.29659853295341
-0.945871752750151	0.219035298671411	3.16466960807926
-0.312357015576814	-0.978920535891143	3.09918896020102
0.956399760374775	1.24371179030772	3.30363247238285
-2.593542638877	0.0731603429929988	3.39067851803624
-3.86758377015903	1.1329310065815	2.93933738285233
-1.77584499788917	1.56499815494456	2.38449552743049
-1.16539595633773	0.957296593689478	2.61211304556601
-1.89551465709728	1.11314617734546	2.50424349587648
-1.7218030691995	0.567785275657924	2.77747049020706
-0.839536395565735	0.992205587289623	3.03443131574075
-1.20090114655301	0.633082627570587	2.66721442882433
-0.118591597814733	0.856291958156717	2.51705782745023
-0.404515433375606	0.965156231347823	2.97444514927214
-0.868100988900276	0.44251555125987	2.30258310214245
-0.871523352135759	1.48252691806311	2.04513940597687
-3.25349286173525	-0.576512656472478	2.45991145842379
-1.82273283778138	-0.0664153750386851	2.22646288436747
-0.455749365443169	0.568249288209987	2.97348495037642
-1.33092678837881	1.15372587361925	2.6315237158582
-2.23817427244388	0.0636813592467374	2.89764835355319
-0.628804142609101	1.60892267978068	2.34635069263903
-1.5488293803843	0.735253160602372	2.69961770554211
-2.4454267982975	-0.591065566719531	2.9885236198267
-1.32255275395968	-2.52590504863913	2.24393708352401
-1.13486642820416	-0.340112384343434	2.9886467021952
-1.01412350342839	-0.797464720218127	2.02187768114036
-2.1011235665641	-0.625786642747992	0.630575406368731
-1.54178575405701	-2.37879313299471	1.308342894116
-1.89563305861428	-0.919619919520686	1.39761666803851
-1.06152110232081	-0.610468474157868	1.87325756747837
-2.15583726795766	-0.426984279940705	1.92672724681861
-1.66068473138356	-1.41345346829387	2.3171183641564
0.111789217694965	-0.237600178704476	3.2198254570157
-1.1555225929514	1.14288643367383	2.81241468324766
-1.72465495230291	0.893180024946063	2.92519564221901
-0.635867597898296	2.35763358426102	3.84271784496423
-0.436831712716152	2.39465396256877	4.26992448393942
-1.2231326465157	0.822752674308294	4.4032350811245
-0.300805786838131	-0.807516823587207	2.48864998629173
-2.2635274934815	-1.4001738537452	1.87380571245924
-2.87017021564695	-0.607540915605874	1.48791673268911
-1.32667418731835	-1.23886407645493	2.94648766360301
-0.656561735495106	-0.879803702260444	2.42256225621887
-1.07462945499343	-0.621177280118933	2.64677559213349
-1.1125249979868	-0.0164763299151076	3.06471685649228
-0.022767337826033	1.16185429662362	2.7172958298792
-1.35643192624738	-0.911031902241868	2.36043657308532
0.0574705690859011	-1.05085091111773	3.25506882466818
-0.673224300555875	0.945240212211555	2.75025769743189
-0.470412514615109	0.0319571428294621	2.54220785785853
-0.197480671777204	1.29624728406276	3.0880903034384
-1.78224077102988	0.497675039574774	2.49863008512568
-2.26295422569792	0.752257071236198	2.18873622832399
-2.88893536413323	0.732763801859245	2.29473569349196
-2.74737441514093	0.231035889906999	2.26644060176903
-1.17021924573895	0.937307343504807	3.44958123342449
1.12904236654734	1.96385634465646	3.75885159940364
-0.126426668534364	0.288771193795391	3.97594353361994
0.428156792440423	0.710023956976216	3.8373477480067
0.0259771603353163	-0.951874356728	3.63566466665038
-0.478117724111451	0.891646740143231	2.90561846045122
-0.754018671012902	0.804796325185929	2.83529174330319
-0.4536764548668	1.21400585886598	2.95031774115613
-0.4536764548668	1.21400585886598	2.95031774115613
-0.0768536726522525	1.48363390437358	3.06808510568614
-0.154972512163757	1.32813234946129	2.36428602807348
-0.999385887935331	0.597258150713122	2.59106046062588
-0.6798229049161	0.800761364435182	2.6597831362865
-0.406704740114829	-0.405027785772692	2.3316352601326
-0.406704740114829	-0.405027785772692	2.3316352601326
-0.306736631482305	0.387321551418288	2.28742029439842
-0.311225939876719	0.0209406421554392	2.4255667298539
-0.888748042723325	-0.51466650948173	3.18740035257572
-0.0616266539248038	0.646315491333676	4.11174119986799
-0.615646950590228	1.69690541874642	3.92619156196364
-0.0850596093912224	0.509551333721701	4.63306293134498
0.0274987012419017	1.44335659228932	4.36941563637235
-1.81238000227766	0.753101004660102	3.27086104337351
-1.26144556822473	1.4597189672333	3.88587589805982
-1.34262460237417	1.7314565170569	3.44505917754432
-1.65084426495708	-0.0585575185739268	3.95026246170952
0.911328640998394	2.45084675902835	3.17648627125668
0.112574230986212	1.06324787583974	3.0781446685956
0.0269961174808538	0.612944615353828	3.86209097829651
-1.62473538925909	0.835390985863706	3.27223439207735
-0.829356892894534	2.89676857702135	3.65898085191519
-0.430790032882944	2.29956345003787	3.8211369826635
-2.07551019737166	1.54953952757467	3.10049185473054
-2.69510878377246	1.03441222474117	2.49332200182115
-2.27695318515986	0.71016783261354	2.28557639297153
-2.99268862865815	0.946624799303745	1.6991305279952
-0.747486550231807	0.161156511766568	2.31074832592307
-1.35046112700528	-0.713017703634757	1.67310332336525
-0.830674604427088	-1.1701347863247	1.77282865582391
-0.706665826423761	0.25705048279906	1.89379653589828
-1.35131491121634	0.970452707051333	3.45637199728013
-0.264637587451236	0.712960237763392	3.3299750314796
-0.662287752422465	1.83898078439357	3.4114539832947
0.259577378043365	1.9103965619609	3.42311959978249
-0.486906299956176	0.597956709110639	3.87637674721815
0.465560754423251	0.869705800189002	2.84847339240456
-0.264259617953764	0.77288054180017	3.18717728408346
-0.858671270704391	1.61026343837538	1.91636767584541
-1.44588001520265	1.78961264721362	2.98401216661053
0.107980549077391	2.03112413706195	3.18532902523923
0.346420156296813	1.86927734907171	3.86905225316979
0.346420156296813	1.86927734907171	3.86905225316979
0.531844762219074	1.25221416678436	4.03277634160895
0.488476749390151	0.971002380896327	3.41211116053976
0.488476749390151	0.971002380896327	3.41211116053976
0.0750558367032219	1.7171695443797	3.11773049762776
-1.05069906678605	0.220284061780623	4.05001831258395
-1.06487011016169	0.851192110451814	3.98848615068274
0.435730105610101	1.76622249296554	3.32178537308483
0.326895175267477	1.35559022264959	3.11650912280281
-0.237810706192316	0.206928004381806	2.98593916119457
-0.098615528316657	1.40932793815779	3.4338183921289
-0.994513735411433	1.15400785084157	2.30312073728232
-0.472549561601478	1.12990552215986	2.36202776675283
-1.46788091511356	0.755439656892981	2.48716846205084
-0.411525794349211	1.68697621363804	2.96337564759248
-0.827059989253796	1.50579432362457	2.60389833194487
-0.182434162954074	1.69913680856535	2.8080885226247
-1.78792958037749	1.32731828452184	3.03761126672512
-0.357734402195769	0.406074467976603	4.0415376111006
-0.290231256287226	1.74029638284385	3.61564476598572
-0.0957270567768234	1.26907171669857	4.81994474386124
-0.0957270567768234	1.26907171669857	4.81994474386124
-0.557191328529224	2.20368594855321	4.09455890805166
0.291318285781097	1.74501503122658	3.51508074497103
0.445525080318084	1.35639746414205	2.7607353022755
-0.172423839333505	0.748934240558881	2.84918105451285
-0.353931510672382	0.184767900160334	3.62336004390758
0.211850726274425	-0.59242286116268	3.83690097109878
-0.493054666109951	1.26411260265375	2.93494943937219
-1.32497414030853	1.3350716330256	2.94967694173156
-0.814628149137764	0.730425696411373	3.46384896897353
-0.265684455402146	0.556711366440805	3.7381975353802
0.538314072104775	0.644765696274087	3.42643414357178
0.595303490704816	0.962920901407273	3.52971879485954
0.412904117063818	1.70071213459277	3.7193345573095
0.412073879331282	1.81086030078364	3.79727096280022
-0.514590846760687	2.0900188042697	3.52569914623155
0.439459197517929	1.50274605251012	4.76989128268236
-1.94680929337525	0.701643337208202	4.61583261092423
-1.9379000673589	1.59905325055572	4.19349512735001
-0.47608429736874	2.73844421253475	4.43286416474932
0.69725453150393	1.43327547015923	3.96305756277609
-2.13112382190334	0.871902897214448	3.11196571874777
-0.903431671233866	1.4483394587094	3.06630001155923
-0.903431671233866	1.4483394587094	3.06630001155923
-1.19875013961254	1.4498211752726	3.19391335739373
-0.847795805743226	1.76571078195853	2.95919852420526
-0.777524829562873	1.70446192501674	2.72928307360632
0.167729082304607	1.36569770510266	3.39457530835531
-0.84613600083881	1.20913053783353	2.59413924103507
-0.718124420640696	1.23231231583528	2.62222607681687
-2.19216579227464	-0.0975717197814949	2.39790645317329
-2.77436938478005	0.65050947236032	2.29665659979991
-1.48098888733397	0.455025252930165	1.52616852782766
-0.621168634949483	0.172397247234331	2.27308314044065
-0.625204347876561	1.26640863060861	2.80838794402963
-0.598517740127638	1.24984281556048	2.28280613343428
-0.688801450883695	0.564741969051457	2.71318907045536
-0.841558476492474	-0.276899502886952	2.79255353144548
-0.627499039699784	0.452838286507344	2.65857388801395
-0.905266882567867	0.549738406951429	3.11224561371631
-0.483488737485315	1.07398625596089	3.15493783882108
-0.699010600738215	0.307269975268862	2.52185748544443
-0.832719125865078	0.37639829334629	1.21072086341185
-0.832719125865078	0.37639829334629	1.21072086341185
-1.04022088042298	0.933173885720053	1.63270627905387
-1.75887818565474	0.726145719074507	1.72104431290859
-2.15539339667725	1.6040184552453	2.04271046524783
-1.17916724908488	1.10806757258624	2.59297841193289
-0.395353064321048	1.19610046332423	2.22644726480067
-0.523685219991606	1.36486699496021	2.57650014289417
-1.01651867271313	1.13784689264127	2.77348808437531
-0.334683684224192	1.34417900713958	3.55679968818858
-0.525788764862015	1.24764343870146	1.89420637960207
-0.404922413238591	1.0925807470427	2.36311838693733
-0.193261305143646	0.901351228828767	3.1894696409161
-2.01096069597518	0.68549154429426	2.21731939500854
-1.26296309765836	0.797463599480774	2.21411706780434
-1.26296309765836	0.797463599480774	2.21411706780434
-1.5016918102708	0.264869514563354	2.67277693289771
-1.5016918102708	0.264869514563354	2.67277693289771
0.0242581581807108	0.50053832590693	2.93625263857223
-1.15694714579046	0.698854891627899	3.45375094906522
-1.97497515426928	0.745324779809753	3.3597899595722
-0.875964141305954	1.30196955954345	3.21986787069438
-0.875964141305954	1.30196955954345	3.21986787069438
-0.479468141881277	1.62999145976971	3.28757611269257
-1.04026992245551	0.0311219036932968	3.24334981167753
-0.252226198056093	0.749573874686587	2.67487022637547
-0.527466894999299	-0.135075841632403	2.98960895095526
-0.00679443950301395	-0.0690345109109375	2.86421876913048
-0.146885202506239	0.421808660068552	2.29581320204102
0.20896979257301	0.305955806415621	3.43538856086153
-0.637120848222408	0.983907037492072	3.72312566583119
-0.0222985748721692	1.21012311534428	3.4101952827667
0.197256092040709	0.996316106196265	3.02735274205348
0.0666317043637105	0.0949710773689382	2.64266552815856
-0.714357601149323	2.01593645132387	2.82936009754604
-0.955498544720757	1.00575003248742	2.48152994660376
-1.42636116313899	0.753192338922226	2.34539897277147
-1.42636116313899	0.753192338922226	2.34539897277147
-0.100581749983585	0.715842459100336	3.03978122069343
0.00448436407958477	0.637659213139924	3.16339544889125
-0.694680328776232	1.67619472597668	1.97464870867514
-1.63939220790299	0.241349228857473	2.48965063231715
-0.129555125729957	0.924821748950347	2.62547764967152
0.285122619198289	-0.166931556579553	2.71546812094734
0.279068093551766	0.056537290783731	3.05182566306833
0.0875796125438165	-0.00925998971720299	3.00364662505831
-0.982479535637786	0.283298282166097	2.18986406039769
-1.05874370208667	-0.184406433886235	2.83877265492484
-1.11503909724945	-0.631123668294946	3.15674378450156
-0.390176258595602	0.651756231693276	3.01454048635553
-0.994974579127391	1.09893454435702	2.97988244245458
-0.0120234194570173	1.43381337188616	2.52237813288377
0.134870917248197	1.83549763683816	2.55605081062285
-0.635716255917396	0.672501756786497	2.69496379013283
-0.635716255917396	0.672501756786497	2.69496379013283
-0.0357952604086322	1.00920712796789	3.08878124648054
-0.338841704774075	0.241310032485918	3.46560303237867
-0.551679532967782	0.789616689332412	2.19208631333053
-0.505255121813468	0.842500555143288	2.69662932835381
-1.15863806703101	0.846090496240356	2.11543239533786
0.117592576028879	0.770938552660845	3.12131182961168
-0.181847731690677	1.21121643616179	3.13129830305106
-0.0446521285233962	0.844556743138745	3.08777681501952
-0.0446521285233962	0.844556743138745	3.08777681501952
-1.08715846171008	1.10465247424502	2.68237146338402
-1.20937209737311	0.155148371857132	2.04483012018788
-0.84199545382113	-0.866966254217571	2.04918202663672
-0.867850667832749	-0.910472831438307	3.68223569439347
0.430585413028576	0.0658327081885144	3.49425793929564
-1.44775336693861	1.88842116196332	2.97244977128925
-0.809932339332452	1.02410954096776	3.62212887580663
-0.506104583087261	1.15380293744635	4.05090049321119
-0.483694709855295	1.15642601368963	3.43360703046899
-1.72353501034452	0.706745523799577	3.05347884729217
-1.03560274900533	0.65982271776234	3.64462942607809
-2.25889634903414	0.808370664121412	2.67309577261927
-0.883431352438501	-1.71350310898211	3.09437244042349
-2.25784206454089	1.2694647123159	2.3166691673592
-1.10393930885868	0.725337987581762	2.38083487234627
-0.756179541615817	1.28345898782007	2.50549434729189
-0.985144555651368	0.116244583437293	2.8705363015997
-0.741507663462715	1.28676686551358	2.53288095631701
-0.733380637016762	1.68107596073271	3.75268320974038
-2.19125581776424	0.661504901219582	2.70911738555756
-1.98024671646856	-0.0598501205850893	2.70579188825169
-0.734101921175262	0.599949216879654	1.59372614017646
-0.734101921175262	0.599949216879654	1.59372614017646
-1.55225434100894	0.133736145553407	2.50155892801268
0.00252161492179978	1.85592446665701	2.50266913518421
-0.369497883266691	0.545055976111702	2.27506765177893
-1.08930502664023	1.23988315720729	1.8876276371776
-1.5925463206916	0.789230690261543	1.97115712398197
0.0215506396809663	0.774430181732304	2.58912309637185
-0.530355826592584	0.75645108438193	2.07257801600056
-1.03666226202862	-0.161221477695957	2.42392920618179
0.338710808753971	0.711358918516997	2.81730773897696
-2.54144613386516	1.11795753111767	2.37741190673634
-2.67466468791293	1.34146537141973	3.01588484460043
-2.54707011853887	0.990831824702809	2.14423668107988
-1.57152097742783	0.5638718230098	2.05386392298631
-1.04877884095637	0.445429326580985	2.15681579339993
-0.584526355126423	0.37140571923621	3.16815199051097
-0.774636531582049	0.384109452899533	2.85620004526337
-0.742880814617099	0.491275381731912	2.14421053403494
-1.01029849965515	0.602780389423722	2.69390732076543
-1.01029849965515	0.602780389423722	2.69390732076543
-1.01029849965515	0.602780389423722	2.69390732076543
-0.163467901972398	-0.262230390843308	2.22471370203232
-1.12654798874139	-0.732771551808484	3.00485519298397
-0.536306837608811	0.936236578016603	2.47479290739547
0.110221746970854	0.918719993928764	2.71616223684721
-0.753493093569048	0.513328230304132	2.5675290018611
-2.01896541807693	0.770934867863517	2.21965010169098
-1.42471315729102	1.34797493402586	1.99241650613849
-1.26008998816697	0.474992821375776	2.34909259302199
-0.515284296825004	-0.342978264809992	2.56194380967023
-1.08360511751598	-0.985344327095098	1.80284208500933
-1.00080574229274	-0.358555580447584	2.04590140817419
-1.42426870460588	0.442644031168709	3.02774901957108
-1.42426870460588	0.442644031168709	3.02774901957108
-0.181776293776087	0.457674099220059	3.38589324442968
-1.22380454253859	0.560999166052345	2.3464492193401
-0.595551313113933	-0.553873654504333	3.5729462101449
-0.853981907771926	0.335491547367874	2.32491534780699
-0.853981907771926	0.335491547367874	2.32491534780699
-0.241901941553082	0.329232757360867	3.3674200490804
-1.95122916706118	1.40437008194353	2.39118403879675
-2.23324475113267	0.801694702198678	1.94055854477418
-1.56342761553174	0.651073495890043	2.08567395276584
-1.56342761553174	0.651073495890043	2.08567395276584
-0.791829956968538	1.53194117087658	2.49115794191361
-0.780854239930295	-0.0674302388696504	3.61940259103932
-0.920539540993257	1.04762275206966	2.90261936477779
-1.28429036046971	0.477423266177674	2.91123632739018
-0.374559835302175	-0.29561996015242	3.32917913555668
-0.0929056362854503	-0.247841090426621	2.70030400022751
-0.721634181679817	0.507342279079946	1.97314977230031
-0.721634181679817	0.507342279079946	1.97314977230031
0.216676815719268	0.631934974332515	2.4769141226767
-0.908120888393968	0.968864221170252	2.14794335666582
-0.21358487614486	0.295216507526713	2.28402562377097
-0.430578368769921	0.0749210411032814	2.24457264701946
-0.482711350653742	0.363309707795154	1.86322236350912
-1.14410710950896	-0.995755097658322	2.26430685486403
-0.820321761158755	-0.52475895217009	1.95642839451982
-0.0366748986720978	0.180066374018958	2.55992929855435
-0.964569550923377	-1.45546098736951	2.28680620280801
-0.594011883457972	0.0514517048767586	1.8921454679974
-0.594011883457972	0.0514517048767586	1.8921454679974
-0.0985206394878485	1.0803699999884	2.31939486571968
-0.659159199476611	0.882191338717649	2.32164284321769
-0.97292782787512	-0.452403208778814	2.95881773149466
-0.209581117048179	0.901929946999489	2.48290416528824
-0.523350285673991	0.33100762923118	1.63325360184043
-1.46317832798338	0.0222284007586998	1.45666119506703
-0.246923717139429	-0.770065581572938	2.72823914029746
-1.32432517440994	-1.13933071100941	3.0068025068925
-1.11390960377926	-1.04228249562044	3.55458279313068
-0.216237413196086	-0.422669428137514	3.29224431784178
-0.310764806452591	0.602905605167914	3.23258290782564
-0.388518040098128	1.64234658754118	3.81404760719311
-0.370002686663422	0.575718709250283	4.1887924164187
-1.71708908557633	1.26971964859212	3.78924094457379
-0.763079582241484	0.0756133264313837	3.45682690106728
-1.9719056416298	-0.414318199628042	2.41498028908899
-0.574770762064658	0.915183752711326	1.90841571810369
-0.222057437510818	-1.12830362060524	3.23879581563791
-0.327916915298091	-0.140699010285199	3.0968077563344
-0.131915069318573	-0.820831196768211	2.97876164982643
-0.920198115757904	0.415398482581916	1.64162236262893
-0.845989761455065	0.880002356467544	1.75308425491922
-1.24624049582912	0.775812988259594	2.22086186752772
-0.85582732872627	1.46952434837328	2.51216422874328
-0.629992405091645	0.399693150901864	2.92146098517672
-1.16659692954398	0.949390358333042	2.65197998126801
-0.333385323189203	1.09685707723138	3.44055652384136
-0.566920644537927	1.72381048632982	3.28869987673242
-1.63800630403597	2.01649289147892	3.3288440283295
-0.892178595962916	2.072774505718	3.01603068376381
-0.963821730033124	0.492711986676302	2.82505823493109
-0.153397259044937	0.585165010938694	2.45200137177855
-0.200008480571356	-0.205576515342804	2.77591755293889
-0.827243726370354	0.714614945234607	1.97253810606523
-1.03347353239277	0.314043949686502	2.47633929016263
-0.540373300587302	0.808641598475253	1.91225138115525
-0.836349874145767	0.407642273136304	1.74682936105005
-1.81095280392309	0.79660956786072	1.93341863762101
-1.33413330859838	1.13604760680826	2.57251539195437
-0.295748501524613	0.945992023006489	2.95780556274269
-0.295748501524613	0.945992023006489	2.95780556274269
-0.571097436751653	0.672935227023393	2.41089040298498
-0.238012480635345	-0.11369296127594	2.80950690318777
-0.892522949944509	0.213130445469527	3.58069898130821
-0.892522949944509	0.213130445469527	3.58069898130821
-0.336541389945424	0.516854998217228	3.06326988131746
-0.555450409630545	0.438297555778349	2.52653297765376
-0.102935258925359	1.41512311127421	2.61978476349294
-1.78017972780216	1.47958334896562	2.91030681223051
-0.281462403780356	0.731107917183658	2.71998944202644
-1.42961661568186	0.919568241118836	1.97967440393954
-1.61603959948677	1.29581776644367	2.20022414711255
-0.788438290235393	0.693664488824882	2.02095085915377
-0.788438290235393	0.693664488824882	2.02095085915377
-0.702618446371407	1.5375136862569	1.2851136716026
-1.07625024371197	0.828517604900095	1.50335604535249
-1.11673132485683	0.133276196284475	1.52348083787144
-1.20892312197936	0.0748623674177383	1.27957645335476
-0.861028786135123	0.0755032042039259	1.56771106945687
-0.861028786135123	0.0755032042039259	1.56771106945687
-0.620403607489383	1.51981123362163	2.31575477909912
-1.28423822198155	1.45629089811706	2.682716344847
-1.04203537118822	1.34152154079294	2.84139557565884
-0.611250434443973	1.93035632519035	3.27094003861043
-1.63673084259943	1.97449336012673	3.16773138400075
-0.809224720670045	2.00962460534284	3.06225532913273
-1.50262229877061	1.99126098710316	3.05375256855337
-1.97856016795695	1.61535875608308	2.94305834987866
-2.18865409240299	1.62302384757309	3.34324563193497
-1.60361180105839	2.25558404827188	3.63319261270889
-0.9506999170804	1.44463001982836	3.93736900666665
-0.848903185680164	0.596565877125067	3.51849875376756
-0.132908937717138	0.658293297577529	3.45696824194686
-0.745628275791165	0.24741068017244	2.02834380450084
-0.733151951589714	0.751053300756566	2.05348535013679
-1.72869640792203	-0.00900671447743107	1.64659551350876
-1.68312857624939	0.0156872103855739	1.62829615871374
-1.2778235569473	0.624305727774813	2.19870649825583
-1.66111093071582	1.49813665600924	2.44935855755864
-2.32983013607951	-0.470054149055025	2.50465555049397
-1.54789630736556	-1.07122924475914	2.67131877148975
-0.911914302524096	-0.202061591965856	2.38179196635929
-1.75220540876246	-0.342890562269686	2.47355124755147
-1.21992202663835	0.00702660966849866	2.71326395811177
-1.64154415685955	1.22652909175797	2.63011368846393
-1.18134973367009	0.649889000454173	2.59650895536932
-1.62537042569577	0.680794948174678	1.75916999132602
-2.95424740976587	0.443378217269241	1.76010452031402
-3.4159659880342	0.662898523616645	1.55286813550741
-3.23912513336388	-0.225142691367307	1.72073098857906
-2.50039458995375	-0.78847562357297	2.28207322892786
-0.804080921447693	-0.432373468289114	1.94090050899296
-0.804080921447693	-0.432373468289114	1.94090050899296
-1.81023108066421	-0.157129300826583	1.38894633896686
-1.56092214074419	-0.0159730725021885	1.24001449343169
-1.56092214074419	-0.0159730725021885	1.24001449343169
-2.49413815915904	0.14986442251226	1.37397067411996
-1.43886168633145	-0.527218845290737	1.91538688140228
-1.95433240880351	0.386069454849602	1.76817410600727
-2.90910949096178	0.529357522497724	1.09741345976085
-2.98960503297754	0.138812302519118	0.835125072103674
-1.9160650016145	-1.56948994783467	2.03897056686475
-0.919987545278589	0.305231159428601	1.85896203509726
-1.18533224173406	0.441756607680523	2.09601102281283
-1.03347673246689	1.061029258645	1.83916573990261
-0.966991554370713	0.778346980437426	1.6142532659684
-1.81975736922961	-0.371497792151476	2.0729372229233
-0.258263227335241	0.734148604169913	2.50164307732531
-1.69022239748171	1.06065310057432	2.27134965490401
-2.3803237808707	0.206631775491661	1.77722478514919
-0.91200468438754	2.12461276116449	1.27351398888627
-1.82702403893612	0.220004229072663	1.34168850792414
-2.08337462188097	1.04629280534529	1.06042143709171
-0.990942833769309	-0.907131996477874	1.62701955701951
-1.44318359658432	0.508528087557512	1.76365186549451
-2.10280726300153	0.134261595932575	2.20855320313341
-0.468544247010326	0.400673536185244	2.61573507329906
-1.94784733980509	1.04514703365174	2.03624331562604
-1.70603377802437	-0.917384538615197	2.52902495215789
-1.65658276266898	-0.230439610412923	2.29667759095122
-0.764461268726007	0.126490024714753	1.57081831540909
-0.764461268726007	0.126490024714753	1.57081831540909
-0.764461268726007	0.126490024714753	1.57081831540909
-1.01410926822031	0.657542796201744	2.00786877944953
-1.01030316667282	0.512753605774891	1.64099632468614
-1.01030316667282	0.512753605774891	1.64099632468614
-0.705731078639171	1.31249086384208	1.80907486792593
-1.48254781559274	1.10012900602776	3.18283846888686
-1.53396618496755	1.83571820921544	2.78358282894994
-2.47069208186337	-0.172619460061959	3.10955034631554
-2.66157362866561	0.188142971526544	1.91053711495226
-2.55531004267764	0.786079625342607	1.8641232313138
-2.59717323433031	0.942971481469652	2.17690937548431
-1.15362145359291	0.501620108670405	1.19714708805021
-1.15362145359291	0.501620108670405	1.19714708805021
-2.92662132652423	0.061823655330304	1.30892693672418
-2.56972950571892	0.1456317666282	1.52545333633378
-2.56972950571892	0.1456317666282	1.52545333633378
-1.98432454777788	0.00785641562853021	1.70504817267246
-1.27492599731814	0.149702610927009	1.65971405076462
-1.11306677098755	0.255947373131282	1.96620166091005
-0.782484014719556	0.3475273874128	1.9290103154251
-1.02160469463971	-0.140185926382385	2.31528782647841
-0.653514296590617	0.315790409770572	2.23854469542547
-2.62496284364958	1.43628447324745	1.79781319228044
-2.62496284364958	1.43628447324745	1.79781319228044
-1.45816805169622	0.806025404990851	2.36686333828149
-2.73954741836161	0.0855826550553513	1.52838792263507
-1.37921011960402	-0.236119380662173	1.77865149922123
-0.804025856724028	1.30407898649745	2.18528554768718
-0.683662568127329	1.05875307195099	2.55336995055058
-1.38392757648406	1.45416704653647	2.25890693377177
-1.47274319953708	0.788443930374124	2.16895882449414
-1.43148291804906	-0.133479284682441	1.44233978520226
-2.74249897721446	0.736995239242433	1.49242362584004
-3.21136918884426	0.525838901092143	1.58852891488987
-0.541587681019095	-0.0293588819206939	1.80133035734029
-1.03231048113333	-0.189361089076334	2.4366177593069
-0.815038884573275	0.264188785265478	1.70625839375654
-2.48562769135175	0.297100215473345	1.7416899338455
-0.834928324178918	1.03808858602575	2.39968716994273
-1.3861990362233	0.83308489812162	2.98725000330655
-0.847750275759271	0.620032084241185	1.86907528581008
-2.00040856055636	0.829544854125766	1.782395198092
-0.288070089178588	1.33951739538167	2.83897955828998
-0.203943911156702	1.93751277462945	3.2203192509171
-1.19083137242264	0.325398049285365	3.16758031580218
-2.02408601212685	2.05862677358896	3.10221257319599
-1.33599075329006	2.34439783829869	3.47932461148332
-1.70235753594912	0.980445329955408	3.95959203969781
-0.96936208157093	1.74951929310429	3.45757482662484
-0.96484131891929	0.382821215249355	3.29705795814534
-2.04173751377274	0.916894807721595	2.64222316176647
-1.11063150572431	1.15387612376326	2.97108421556292
-1.66751253725217	0.572236240032316	1.60742619353887
-0.982550248296568	0.876873901907017	1.39997109623378
-0.982550248296568	0.876873901907017	1.39997109623378
-1.01076950274438	-0.819656913582157	1.84003091465316
-1.01076950274438	-0.819656913582157	1.84003091465316
-0.795757464101738	-0.303339144105488	1.99606494390618
-0.897042905894125	0.0194740648911641	2.57221874178343
-1.07275961991283	-1.91381395924032	3.6240363558058
-1.2012800185432	-0.417112049406236	2.14590851734745
-1.05084579978471	-0.209740308343317	2.5973850716995
-0.744469839004968	-0.940610963089387	2.06464137886681
-0.585655275024113	0.0784794496045823	1.65981815951696
-0.272801437830228	0.570574697283388	2.56390771467256
-0.985140606366775	-0.500657506494156	1.50808164128018
0.0600327262046227	-0.495399695442793	2.47660728544728
-0.740951113282759	-0.840148577446349	2.51124724517019
-1.01734611894982	0.760893308659044	3.13045060931419
-0.392869729935592	1.07241408342462	3.23835556548598
-0.313453613988957	1.27454812966321	2.76720104380876
-1.828143841992	-1.07703828763256	2.8060795729615
-0.622844394310465	0.426302880184153	2.15741611824129
-1.79104664381148	0.573971251650659	2.52754836936294
-1.52048103780115	1.20078158451553	2.50700427377803
-0.13789592461456	-0.307242150085939	2.94814185208376
-2.00563474946323	0.222721326972155	2.01789880213593
-2.00563474946323	0.222721326972155	2.01789880213593
-2.00990549930458	-0.109762914516569	1.9335891159256
-2.1887611088166	1.65184901294065	3.10497751027274
-2.04972756429197	0.98287627286216	3.06916265971756
-0.807806371810813	1.06982435430353	2.35583633558522
-0.807806371810813	1.06982435430353	2.35583633558522
-1.99094061263309	1.38860350505212	2.07027767879259
-1.89562083240103	0.258022134407582	3.22138142533664
-0.554835392137619	0.229240612179962	2.54105886096154
-0.554835392137619	0.229240612179962	2.54105886096154
-0.319969165025235	1.12309242458926	2.69050601685665
-0.0692149392664273	0.643186218790988	2.84085875009075
-0.975390542413288	1.39224793271657	1.90617475623651
-1.6957203948286	0.825066139522615	1.37915196702779
-2.55129728481164	0.639633286007696	1.2168176171441
-1.14143866209147	0.620821939688167	1.36658121784969
-1.17729650339983	0.502585087148768	1.70670312085716
-1.17729650339983	0.502585087148768	1.70670312085716
-2.86625260801656	-0.18623736508942	2.1506879597054
-2.80375899361896	-0.19237366932325	1.67410073806248
-2.00726383134439	0.721098840567112	1.80086906519287
-1.86862482276785	0.88362652052197	1.86971150487985
-2.36056267981997	0.670075094651919	2.12379722338566
-2.75203584433068	0.601811177772137	1.47509196331901
-1.87151741877831	0.308507911044031	1.78757557382411
-2.55913214872436	0.892974895534332	1.1002757191403
-2.75073365136727	1.07871343293047	1.7097915516071
-5.02658034660278	-0.21054439487347	1.94369408024192
-3.93481459757304	-0.141704849554573	1.83557602300037
-3.52077137071946	0.220581448908975	0.988907850186233
-1.72781415911252	0.339476163950555	1.2562000310832
-2.64351662829868	0.436324437570242	1.1990267660104
-2.64351662829868	0.436324437570242	1.1990267660104
-3.7322671828717	0.278543752511254	0.968584879810999
-1.87158352020314	-0.193795391023006	1.22138483448853
-1.87158352020314	-0.193795391023006	1.22138483448853
-2.20029226067073	0.226104511558544	1.88609677748178
-1.89144175829877	0.502955419863416	1.91609456588532
-1.89144175829877	0.502955419863416	1.91609456588532
-0.416510694364678	1.50945801337513	2.36913931304151
-2.56963744660744	0.886529925515168	2.52010584566221
-1.68501719049649	0.997998215116919	1.97742285928971
-1.19104781072694	0.380742273974066	1.85580918582095
-1.22047902126616	0.273302274003243	1.78019973456792
-1.18086475712295	0.267304629412975	1.902579628927
-1.63635393632433	0.343106252835341	1.27589275649961
-1.63635393632433	0.343106252835341	1.27589275649961
-2.13433719978893	0.194388849045037	2.22106248030814
-1.71774079322347	-1.04045019234324	2.08742907968637
-1.1328749017296	0.207647503023586	1.80976085657694
-2.60006450043567	0.0437198235568683	1.74284382310017
-2.53078356489437	0.746474309721517	1.81397993307688
-3.13235344354744	0.371131983798568	1.521576268292
-3.13235344354744	0.371131983798568	1.521576268292
-3.13235344354744	0.371131983798568	1.521576268292
-1.79273283104101	0.136151224380288	1.36793884845658
-1.9688083635667	0.704511218881462	1.16645154802762
-1.34778730258653	0.890703272120995	2.13578909835267
-1.25190637508671	1.49315776650395	2.06363054200313
-3.02076069168035	0.143838096951513	1.62682895780969
-2.58756922419721	0.694862006908878	1.75280702537422
-1.90125602870583	0.0725192887801018	2.64673987261022
-0.69554495147227	0.31633892330706	2.60365166044934
-1.72866085068896	-0.170725521161365	2.11469395339372
-1.38847744692694	0.301654041574015	2.08213240872872
-0.275731378600352	0.617227051655951	2.18195646324611
-0.55259195807347	0.701151056770836	2.62070890704118
-1.51323933427934	0.648529450690857	1.29960892098473
-1.62839155202222	0.22778380655017	1.75130607492758
-0.707485669659833	1.36647071247491	1.95635093290373
-0.60270173555895	0.480484416496407	1.94319491889376
-1.23684859641028	1.1680948634101	2.48309267617919
-0.922415720429506	0.640698501891826	2.8917308168219
-2.38346822237663	0.263697427219167	1.95163942969267
-1.86896176106055	0.2453083976393	1.63156034765828
-1.56491864814458	0.785408478232114	1.68606843453569
-1.29027801168501	0.85337456841631	1.19996172907168
-1.52110268848601	0.427889388734453	0.819746387834263
-1.17836597467776	1.07063774019771	1.00962153135637
-1.25829287273502	1.23197072451868	1.22952452602761
-1.94527025702362	0.370089224288434	1.27428923656763
-1.24700806644388	0.972771497657936	2.2499847025529
-1.49782029237522	0.60238192552397	2.31331154001836
-2.0722867475195	0.262984751848364	2.25915137388432
-0.796823790942882	0.535661279723174	2.17145000288737
-0.796823790942882	0.535661279723174	2.17145000288737
-0.790713611006936	0.283162478639051	2.162387137821
-0.931493536314564	0.215560282404986	1.48547986666189
-0.931493536314564	0.215560282404986	1.48547986666189
-0.540473576435355	-0.406676899154306	3.02171160170935
-1.45928705702413	-0.312544904213993	2.91330560419592
-0.270006652898179	-0.463443948503571	2.81345136165089
-1.01960506437591	0.430318340372606	2.06935142422525
-1.45171435352672	-0.187396787735962	2.97908311397933
-0.893810318584663	0.19363991692178	2.57008715444333
-0.787813698380952	0.932607318521389	2.59918374112808
-0.486932188232054	0.513027952625695	2.31609671893894
-0.139497112656552	0.237145184715633	2.30570579446114
-1.79822029722415	-0.713783306262313	2.22148069787945
-1.25269500191108	-0.53503582724119	2.0388562896228
-0.10871044749961	-0.516575591042665	3.11708665078433
-1.9747573282595	-0.970950698453766	3.01001588261472
0.104906441136019	0.653038362347544	2.68912543529456
-0.748640168843515	0.203041793540969	2.30895326055735
-0.945474909636988	-0.21063297707639	1.58930205655899
-1.95367775381268	-0.151405894075317	1.64266230647284
-1.18136543621441	-0.477415946698966	2.306454627317
-1.20019138473469	0.1033701537579	1.87199419176521
-1.23329475026702	0.226739151106943	1.55964116224599
-1.34580206074876	-0.705601253735081	1.5977404574165
-1.29852430628981	-1.77076264674315	2.26078813465276
-1.54023033519028	-2.32774770912534	3.04672918024277
-2.07775970271521	0.547781944251237	1.34565905554736
-2.86044390846945	-0.822426800146932	1.43594838801381
-1.9350998028269	-0.28377774207987	1.97002437460093
-1.96099356358607	-0.598270649238091	2.00743465607525
-2.12227936645205	-0.24210527670197	1.99913827125908
-1.29588503946352	-1.23134496469381	1.56034385656671
-0.92869808327697	0.0983988976791749	1.7621694973035
-2.14945591581788	-1.19601611408436	2.19329792159668
-1.96693747968203	-0.918422679682351	1.21873941905079
-1.47699515787316	-0.897372905446039	1.68547573620651
-3.41391321339012	-0.443090461702904	1.49049756325125
-0.0289785998223479	0.271414641823326	3.31177768106579
-0.951319095059794	-0.806501296806044	3.73679332448594
-1.72895078870545	0.787956499585105	3.78516528208176
-2.99672647408057	-0.0829207732442199	2.44974691376782
-1.0755488398246	-1.31365665020553	3.08965808344845
0.133219417215317	-1.11778741672525	2.71882417031333
-0.166532908740513	0.374977538155456	2.69091243191971
0.0839979835151175	0.571304412454747	3.10433388616711
-0.739391694210858	0.851697918997407	3.08672558943981
-0.474543638847341	-0.367218672155541	3.25622035487369
-0.937210638738198	-0.118826024151025	3.0427106964933
-2.45569115751692	-0.832566785169486	3.16375665223171
-1.81905805736275	-1.45659417458177	2.77609303131662
-0.619184385562805	0.888601223522407	2.44070304186649
-0.941180555700813	0.806759872840427	3.29915654312325
-1.22884103311736	0.525004642148691	2.95744989368264
-1.79699657009521	0.229358855176274	2.59660931757449
-2.78592032352136	-0.233205280361287	1.69356365383587
-1.93950037006831	-0.186534527546567	0.866803852924855
-1.72438119894115	-0.938123001171055	1.49892758810205
-1.37423124176688	-1.00221954015456	1.07755716677486
-1.54058557155428	-0.532382402557124	1.57361660826045
-1.00586015961499	-1.03224609963078	1.89089745688373
-0.956245933026441	0.683187177417755	1.96436340137633
-1.74710490228636	-0.269744773435314	2.86344303933368
-1.29894804285578	-0.872521448570824	2.27112828646748
-1.85358155786713	0.261198340783673	3.29412022326842
-1.51612952517016	1.09497207463687	2.93778844612116
-2.25024985879202	0.296026108824151	2.06111729256591
-1.59878988572029	0.718565822731887	1.82093574381798
-2.82509167870528	-0.629698080498947	1.22187513886938
-1.29445706874575	-0.800479288988864	2.32257958087297
-1.8371199537727	0.251635882252042	1.23819535576218
-1.06638281293857	-1.18878174614793	2.59238792836767
-1.11719049286434	-0.0583520112993951	3.1387734373657
-1.05413505944028	0.413740939849267	3.36678770119717
-2.07805863844296	-0.104899568448557	2.9415468931912
-1.56301883316769	0.244047196110262	2.54958870756772
-1.7583208304174	0.219968923247273	2.96085033582758
-1.01384892496532	0.0483543300884108	3.31551344310964
-3.37878016340742	0.276063108374949	2.97174625695858
-1.36227174494869	-0.126842213583264	2.46610049862782
-0.0323155283472804	0.394728310573797	3.41983345461346
-2.19667636345513	-0.445997807349792	2.92944102397135
-2.08486528114609	0.603466402922127	2.13060697068868
-2.08486528114609	0.603466402922127	2.13060697068868
-2.11162306613241	0.25225075860982	2.52867614643546
-0.932682902144831	0.797895385419467	2.38321854456111
-0.444582242688589	0.497755723919527	2.00556395603773
-0.934430072224418	0.572374249089632	2.48567343352664
-0.957059799922519	-0.0533395390838792	2.0731688503799
-1.52640376215922	-0.220375002441634	2.01580924123811
-1.2108603175164	0.598725472099096	1.86225951047935
-1.43090522405555	1.06413606304136	1.92423731862653
-1.78042579775932	0.758372001546388	2.06121008221261
-2.29581423705037	0.66268616514576	1.85906960578697
-2.25934835852036	-0.143718923249149	1.65614286697949
-1.48652156757168	0.324569806924101	1.54585910928591
-1.84033088794922	0.627512486788476	2.16082713436203
-2.45205655993307	-0.556044603502477	1.59280129250587
-2.44173036555174	0.819536696279224	2.42121813291081
-2.25498017353456	0.614811274732346	2.93651918300487
-1.15208627181742	0.964653648002797	2.55474773316296
-1.66805958147587	0.157004280500955	2.58573258493861
-1.28056138225673	1.63955242155357	2.33519992025897
-2.25819444852932	-0.456133419526248	1.4743969196765
-1.9197981457121	-0.550889626044786	1.46555618773792
-0.197523502790622	0.306656781164365	2.4713468239647
-0.0282434189355972	0.494452105359464	3.20437370980851
-0.818473137734473	-0.253125399552992	2.62624063679403
-0.468174463567987	0.360568727479427	2.22721362246977
-2.02264836129601	1.15533548994621	3.11133876421799
-0.60016777857365	1.13099068224768	4.01894973970307
-1.24245394042806	1.48323719246605	2.71143745483764
-0.390550471279218	0.916793647177047	3.04530189767311
-1.29489950400429	-0.535562814452911	2.47312974720368
-1.4872765356266	0.497082634368618	1.31734318883402
-1.16221205989787	0.998716588316253	2.4084144245722
-1.33930290760091	0.910296439233785	2.15235728201388
-1.4862848951752	-0.0281439369018692	1.46910078073059
-1.13560293769464	0.18187138173834	2.57649662995823
-0.979935545533333	0.00705425007776223	2.07716580612104
-1.44009041264689	0.846738453495052	2.03864931788963
-1.11137003624253	0.318760972942475	2.66834109423652
-0.827028234972671	-0.467420531038906	2.06594042119405
-1.6115029317434	-0.859823851334284	2.51652033056009
-1.87168383182934	0.227746717146107	2.35114443807422
-1.42783174138272	0.8132888910223	2.51623239106394
-1.44974307152414	-0.532343006916228	2.91547398054182
-2.01555137696796	0.220084348006931	2.7966383990985
-0.417718657948904	1.37876918025386	2.72322527516832
-1.60806983394661	-0.291778851790621	3.50164465442424
-2.03833355882978	-0.0404842597282961	3.4094462969879
-1.11206845912122	-0.26660394062228	2.8881957227371
-0.0186529461213878	0.530643580612697	2.38372073882287
-1.14159016178523	1.18109877241158	1.90735801278503
-1.47694277762024	0.0873416581504822	2.94667769161046
-0.866352283051681	-0.133823943862638	3.61175053145345
-0.775999105849775	-0.421043383408791	2.79096839795702
-1.82042084077397	-0.299136047853696	1.95823210202892
-1.33020451403866	-0.803635870664928	2.07694241581559
-1.18862419324848	-0.0228541810033791	2.18083411307784
-1.27390389952009	-0.443316578027229	2.04779791607143
-0.819924591553183	0.0448626727729864	1.82300541762513
-1.96971470501473	0.27551172578735	2.46476044692248
-1.45456148102174	0.564792238171408	2.87263470358144
-0.860048473188912	-0.487664984738222	3.15209621661186
-1.13484447109942	0.467278882880521	2.84539306677399
-1.25062468333481	-0.217750598042747	2.1362200845831
-1.07156230165607	-0.532164539192822	1.617094017559
-2.50136579409479	-1.86853838955259	1.31450109535449
-1.52024188270851	-0.46049286379791	0.931043546795189
-0.816139877708006	-0.227304670692279	1.69171127966727
-1.44055752227337	0.181824024837293	2.29950396252754
-1.52428697903712	-1.0519444687232	1.41455754123249
-2.01839925940959	-0.318794188593645	0.449953219411756
-1.56890910789475	-0.333636294038177	0.862318671146848
-1.53951908407524	-1.43877322111542	1.36908519671439
-1.62124080286226	0.235191251972171	0.77545781311364
-3.00008839230204	-1.22959440074814	0.400315548572263
-1.5818967229711	-1.47123324251718	0.458381713627244
-1.45723965060187	-0.427895846134675	1.51100344093958
-1.45723965060187	-0.427895846134675	1.51100344093958
-1.83412185441896	-0.412764009464059	1.09829148712911
-1.83412185441896	-0.412764009464059	1.09829148712911
-2.44055655774932	-0.574689457057978	0.73092230388065
-0.941726008991447	0.208758697237496	1.35547211645582
-0.941726008991447	0.208758697237496	1.35547211645582
-1.95199007473195	-0.0245873878754525	2.19484598665228
-1.02421729145996	0.201316205977078	2.65767888614211
-2.12888082858112	0.625125776072608	3.28083487130738
-1.91490266471762	0.492943907554342	2.49489067395625
-2.26211215617786	0.482121532808071	2.07593487628153
-1.83235849201559	-0.239760338022183	1.4482904459386
-0.778331926428658	-0.0400557326322031	2.04027456907952
-2.77088821646195	-0.0255375050609981	1.89723888935302
-0.875941437158996	-0.0201997566301805	2.02429160753437
-0.875941437158996	-0.0201997566301805	2.02429160753437
-1.58263571932756	-0.808518937881935	1.91997786190938
-2.32059158257355	-0.558162836577281	1.88965455776407
-2.40384607321758	-0.110590236472794	1.94793839074064
-1.72313540893692	-0.112718547655465	1.5190817507821
-1.72313540893692	-0.112718547655465	1.5190817507821
-2.59117906271386	0.357086192038545	1.87182873049093
-1.70791462041414	0.396305601743647	1.57341944213527
-1.74917158964142	0.770386576954323	1.53520916000191
-2.59834179113673	-0.199393541411539	1.55302397462724
-2.53229935671353	-0.110533272034202	1.06215394568437
-2.67295847787876	-0.254624857363342	0.893785340170647
-1.99148859399078	-0.599053210644475	1.01537537009862
-1.39384745825078	-0.570720132294459	1.45398713878976
-1.19177497702814	-0.745248355030033	1.39849889348409
-1.24497932789961	0.0808222234415349	1.35006490729979
-1.84727463852364	-1.79275362166206	1.68788484439055
-1.26348529693531	0.622536775297915	2.057224890184
-1.66057233469615	-0.496711308085057	1.56721526380885
-0.30020160571322	-1.05276080255827	2.28078707871693
-1.39826487642065	-0.622204731513732	1.85673559206643
-2.18802620088542	-0.268619333094114	1.59872932571676
-1.81550055630411	0.28776178199083	1.45915176143253
-1.59388858274904	-0.36872122495026	1.33645824012143
-1.0344913634159	-0.521308637988541	2.12415951745772
-2.07038783735469	-0.460400893259165	1.45882152968744
-2.17092192047136	0.470276585445163	2.22250233317171
-1.61920962133499	-0.996670486393155	2.19480090995029
-0.972001279020315	0.58333788290844	1.42560007631381
-1.19840169419173	1.09005466640971	1.84477614995371
-0.654074119307609	-0.339961366075862	2.39029675961299
-1.54518101053088	-1.43882729121791	2.5283012584705
-2.30629526866964	-0.546302200439402	0.884817348082928
-2.30629526866964	-0.546302200439402	0.884817348082928
-1.92833463618212	0.419315309055957	1.22708550134036
-1.21754350037429	0.154510207621319	1.14062316611205
-1.05626919760139	0.713297113776807	1.75905049990045
-1.05626919760139	0.713297113776807	1.75905049990045
-0.823324645432264	0.947238934632903	1.81666941421798
-1.09062672849498	0.668105491077167	1.86155755275676
-0.545359940453619	-0.123478613270594	3.17732570740226
-1.11801655952938	0.479709636420245	2.20731280496796
-1.00390048928984	0.738876677285421	3.06298673821344
-1.37581352773272	0.384994791269307	2.29080922624232
-0.192486659061198	-0.317646416237311	2.73832591627286
-0.352609965763406	-0.1788886555372	2.2986448629312
-1.01442031188008	0.135467855097987	1.65981073783279
-0.621317766075899	0.277787280472491	1.95835556863142
-1.2528229103608	-0.649117071108869	1.41850424820835
-0.916355654090294	-0.683468865904157	1.90374370779986
-0.912914399223567	-1.20939350390628	2.16717102244624
-1.19868454502582	0.693782820740223	2.17026496930306
-0.49504756517498	0.801637709718341	2.82827305077525
-0.212078290495871	0.137773800346193	2.84965721641692
-1.85797081697894	-0.292232014417612	2.62222440376838
-0.956392984875811	0.00573314235974154	2.41059153397389
-2.02632632069946	0.342008858897456	1.76268887747906
-2.26755066819968	0.531837275121447	2.47946130903857
-1.17332837716002	0.572244375830007	2.2448304886505
-0.440373003882349	0.748939617930899	2.37089653454023
-0.440373003882349	0.748939617930899	2.37089653454023
-0.976435101771706	0.602084243581492	2.94994394036851
0.0195997713153786	2.06412178176269	3.1735775413382
0.613838055048594	1.51974650060849	3.92787040478968
-0.282061171688958	-0.583949816959073	4.56826867208481
-1.25122790841862	-1.17997624485051	3.82712171816081
-0.947659610517982	0.181692989963167	3.43168436161298
-0.659095942548937	-0.0293544203347863	4.49840473289353
-1.94696786150875	0.0728287646207264	4.20725316994799
-0.908084957826519	0.68914410309283	3.32132234145633
-1.66356486541908	0.0932292410372175	3.37422778341361
-0.980585193132662	0.855286581612524	2.75673015749502
-1.75884650561757	0.70140686802362	2.60494124102837
-1.57264496490969	-0.511848132722746	2.89915752949993
-0.322405641592173	1.23214516135166	2.71418682479241
-0.674011951947099	-1.35758391754667	2.81801396076209
-1.95833056102707	-0.0687044775162126	1.42361649808316
-0.723795194264259	0.811921248955514	1.58484322418498
-0.956995780915338	-1.87915176912947	1.75796891392344
-2.19916001895453	-2.12867926471278	1.60964077316223
-2.27158590037258	-1.76939145612596	1.46216118617379
-0.676044829847619	-1.76816631408606	2.47186392263317
-0.653513937384322	-1.54599406513283	2.36596111732495
-0.93214997228136	-2.80391953849461	3.24663581667046
-1.82756302329124	-0.751850631884933	3.46879562279078
-2.82605184848401	1.10771094986931	2.62757202018255
-2.82605184848401	1.10771094986931	2.62757202018255
-1.95755607653109	-1.2687346095715	2.93604035787627
-1.09578293914799	1.39521061418342	2.63355179980818
-0.946589130263178	1.28113866573933	2.45531163813817
-1.24389540397627	2.00886580152997	2.97328800916696
-0.971962096493862	0.834006059168385	2.66341514801032
-0.00961525000415309	0.894600186992047	2.85005053781815
0.148009826835237	1.39327013953196	3.00382942912746
-0.475047149582462	0.664100343754075	3.04050766197107
-0.57893466893667	1.04947786763173	2.74817077040226
-0.265408686605079	1.39672810433528	3.48231818852441
-0.99290859581193	1.06831668435353	4.03715957738865
-0.600543576852557	-0.329814447655495	2.93117837287359
-1.33459288936481	-1.39836587433006	2.30263663739449
-0.387073213420824	-0.268838484709237	2.68761524875286
-2.20869650179772	-1.40812674884687	1.84190321373541
-1.15178665388956	-1.14509702856742	1.85462556356145
-1.39782720228724	-2.96752324394872	2.59909939090207
-1.69757129209321	-3.21195835399029	2.50279634690594
-0.398798910675024	-0.817016448114472	3.65366584608063
-0.333845216063745	-0.874516109009761	3.42716983273878
-1.22211611519568	0.205124466231043	3.45452739618312
-1.27286809765762	-1.41312998441665	2.96985162366128
-2.07699143031664	-0.711325439023261	3.31083058670902
-0.584086544088912	-1.90247263864761	2.53098838578727
-2.14913416142925	-0.754176813455798	1.98234331582496
-1.49125233553543	-0.959631441870499	2.7041695445621
-0.846174690348812	0.630489346166282	2.23985386910533
0.0804327582146979	0.0460713220132618	3.2087147505158
0.20110090471361	-1.43085736415731	3.06742316615408
-1.60091263149026	-1.40538925967436	2.0626484774956
-1.78588072684866	0.00816610418060848	1.73321174161949
-1.00641383261562	0.474379645048833	1.56175629497444
-1.13404936259675	-0.534980855364387	1.70773500824747
-1.48783504892385	-0.837352781078363	2.49636703397464
-0.972060978120652	0.111274866698502	2.17478432708908
-1.75399743744549	0.70249752044111	1.618838470404
-0.180905963532572	0.960467956746533	2.76494351793718
-0.451188661687663	-1.20286605651805	3.60069955669831
-0.930904407219773	-0.935479481928108	2.058581727435
-0.409880779810002	0.194306128073596	1.890523174809
-0.0517532952149443	0.461660732068893	2.77353381856427
-0.0517532952149443	0.461660732068893	2.77353381856427
-0.971362428793535	0.390624136482942	1.66311379729693
-1.52848699696955	-0.513707454759844	1.55403293835776
-1.02281977980402	-0.959499633098956	2.22907817376487
-1.02281977980402	-0.959499633098956	2.22907817376487
-1.02281977980402	-0.959499633098956	2.22907817376487
-1.05114077001908	-1.19369403609574	2.33902229137733
-1.05114077001908	-1.19369403609574	2.33902229137733
-1.05114077001908	-1.19369403609574	2.33902229137733
-1.14375376251262	-1.58061842885327	2.87617366472825
-2.08240824629276	0.745355681644023	2.63692812981569
-1.73618227090795	-0.126787320349425	2.66022197109009
-1.07433679217571	0.236601286280324	2.16954665971632
-0.695692591881152	0.979445685941861	2.01243547810091
-0.100165092718712	1.59100624928847	3.11590827293455
-2.81590293381738	0.475237115505368	3.20096119738122
-1.71318702480707	1.76609901001428	3.78456045694971
-1.378141328837	1.41816757128969	3.63826428999275
-1.7837168678455	1.19531293338773	3.81423079545247
-2.550857061194	0.135639950271628	3.226071062481
-0.510828429036293	0.684786032057684	2.48172154848305
-0.49743694803677	-0.0398044946215865	2.60949042101031
-1.23604687840733	1.67844801190229	2.80787433493323
-0.202674752456079	1.16944427269255	2.52265840527988
-1.47465386778616	0.758345016827375	2.44278615213091
-1.47465386778616	0.758345016827375	2.44278615213091
-1.45634492480351	-0.690773680762256	2.57894008497345
-1.02814925494222	-0.306433356868594	2.10801381795863
-0.123561013763498	0.749122710416257	2.39784825867012
-1.58536300388807	0.0993724656457835	1.42401526949001
-1.61811289609623	0.904296495290836	2.28000943533852
-3.53848873165049	-1.12364408394417	2.60809266947458
-2.59649956178541	0.0639839737641208	2.67516767198152
-0.463967979445567	0.579737368444738	2.64212893056211
-0.290303376399698	-0.241265285724121	3.65328911529405
-2.01686009915613	0.636640854932191	2.63045190919084
-2.93694023708959	-1.10579652019151	2.56972902781596
-0.062222664743167	0.364499864922452	2.4785218561394
-2.41169991429239	1.2173951823978	2.79963817009272
-2.41169991429239	1.2173951823978	2.79963817009272
-2.66471009055564	0.236422652601375	3.77032287110987
-1.34747814896081	0.321165121237539	3.13937265236435
-0.087279907713284	1.01317905647532	3.1467843715996
-0.743973536531953	1.02480767963095	2.62519427294778
-1.09330903146638	0.704245241401007	2.43433657455766
-0.443382544902738	0.985251546657106	2.58033160336072
-0.443382544902738	0.985251546657106	2.58033160336072
-0.356722978061433	1.03540501333012	2.17695095552445
0.0672019050547059	-0.338708988208997	3.06562140383857
-0.0329245990491684	-0.549301752594246	2.97736143241683
-1.010294789753	1.09943797987487	2.57015387143258
-1.5528964968113	0.501748737339213	3.0675780716126
-1.36043812494972	1.05650096567085	2.72064300200206
-1.36406030612285	0.920243912579932	2.6187265959976
-1.36406030612285	0.920243912579932	2.6187265959976
-1.68033408907974	0.377863217510024	3.08714447673947
-1.39405887043498	0.527626619518557	3.77307846262308
-1.93955944447822	0.451638672220277	3.05388182398685
-1.7355164750857	1.50215442097818	2.4492922514057
-1.2537228740045	1.28779727541467	2.04204466944412
-0.370469457894632	1.27784205795227	2.00047126985024
0.358119473681533	0.314871633395829	2.99540958686799
-0.50726825611447	0.647459390272808	2.30808378199043
-0.577442016587499	0.895029266544755	2.1581119201352
-0.438980588830351	0.111167969389479	2.46002428338901
-0.785279116083966	0.838767474450924	2.58239377558468
-0.0916776559119606	1.10649883573372	2.73351766190773
0.0252161065663046	0.59668171836378	3.00002927754489
-0.870545865041783	1.1113282317379	2.29564823316196
-0.202115521551059	0.923587555972462	2.08101657795813
-0.202115521551059	0.923587555972462	2.08101657795813
-1.65821356005663	1.28398910129286	2.04199285961354
-0.840300307097865	1.26518139742172	3.15939409484142
-0.591476470819934	1.93783752145436	4.03227367882288
-1.09190530630112	2.35647021283008	4.05225407409797
-0.581495836145977	1.48913151662051	4.27894304627856
-0.652759998523854	1.40616969182512	4.23758617235554
-0.652759998523854	1.40616969182512	4.23758617235554
-1.10738668178299	2.17599784761771	2.92685282102945
-0.288224622127147	0.792987346975645	2.34017486438435
-0.854324397298738	-0.121115242793145	2.23883046899094
-1.59856718195654	0.237145328095767	3.07429031096172
-1.59856718195654	0.237145328095767	3.07429031096172
-1.97819345947577	1.58181081079977	2.63059186017814
-0.419356978840351	1.01154881374659	2.61306336569231
-0.419356978840351	1.01154881374659	2.61306336569231
-1.42212333764177	0.912635195683051	3.29971950425294
-0.353289289969788	1.29895182719649	3.07261022028488
0.0758733201191718	1.26142088858668	2.90457369131971
-1.68976657736992	0.567784260570317	2.73181636873456
-0.202324640310816	0.965280520560083	2.60301160135114
-0.46395623268581	0.666530650949113	2.60105399553085
-1.05178770105952	-0.0495641749720932	2.79313487189852
-1.65039554765748	-0.0299372680342257	3.05636896476965
-1.49821285918107	-0.421032078193269	2.94286690811235
-0.935866839288426	-0.886495522871762	1.89839811418702
-1.26188882345674	0.772938362385383	1.95867237850894
-0.190356117169056	0.688104924049091	2.10510163379337
-1.43421629470754	0.673579438507436	2.53700504052772
-1.74596809707794	1.15981374933514	2.52071089874423
-0.776488610022566	0.0830604504748075	2.62864880891034
-1.22048933785156	0.614475012588433	2.3067547922803
-0.34625885733884	-0.249074026116476	3.79761407205387
0.487592830103794	0.846347030292834	3.46687437601554
-0.0573256303803327	1.10434288013307	3.08151126531901
0.395755209771394	1.45440915593913	3.02651512827894
-0.0268526071107559	0.811403692972845	3.04119279130076
-0.884383297902529	0.594645423335374	2.42639943647742
-1.26849216785516	0.841661591485416	3.03549322567869
-1.54891581016048	1.29432502599726	2.50934118404939
-0.630918982897245	1.33807333635342	2.89406254636737
-0.178213367302797	0.425281164209543	2.65987588458705
-2.45084592707543	0.732910082066042	2.75572688368108
-1.29216433720128	0.638568974822145	2.46330506500807
-1.70662536657529	1.31912893156186	2.7666556161626
-0.744836837800389	0.78102003832885	3.27701224885434
0.908265350627813	1.03347598538295	3.79540017940894
0.648201123627109	0.592297166076873	3.42565431506644
-1.07157362320852	0.532356873277748	2.94152029522162
-1.07157362320852	0.532356873277748	2.94152029522162
-0.721020951952333	0.416967430846915	2.34460208468311
-0.721020951952333	0.416967430846915	2.34460208468311
-1.11705200131077	0.353387269360898	2.78238554556808
-0.932717453639244	0.662160079722969	2.22393506258885
-1.52852599393819	1.26343336546614	2.06486129882458
-1.35434068943239	-0.448705610252615	1.74606424260642
-1.35434068943239	-0.448705610252615	1.74606424260642
-1.25770920578266	-0.470302831978244	1.42212644635181
-1.83936293383008	-0.287951795070552	0.961574285868192
-1.65373285645185	-0.202639199859654	1.16396253849942
-1.49463036258403	-0.317666165687066	1.07134059929532
-1.88270181662938	-1.25236369166237	1.27602736837808
-1.8556625870321	-1.08251291903622	1.91421157986834
-2.39189205529868	-0.607437694007346	2.32048016227878
-1.43866012021982	0.0876030821016108	2.23485806909381
-1.43866012021982	0.0876030821016108	2.23485806909381
-1.1619096187295	-0.283813405072283	1.90764324995331
-1.26924444257852	0.195815279263005	1.64342556114111
-1.34950125175437	-0.38342685666956	1.3237270683975
-0.641704180368619	-1.01606559579104	1.67822590093981
-1.36929836742048	-1.28821118938019	1.09796694099625
-1.69103117747936	-1.83497649529727	1.27456616978716
-0.757830437899427	-0.128734724901128	2.28502871514222
-0.963607825546441	-0.0947067347281305	1.73373984611979
-0.744959766930529	0.0692588655433624	1.99471855340762
-2.49059723991837	0.584403281674715	1.94997229372682
-0.906213324192602	1.07511498781752	2.50305657063023
-0.310071747321334	0.97889427049471	2.66480098282561
-1.339130212939	-0.252381621677133	3.44754910987457
-1.51603164260856	-0.285021530844326	3.00513562956497
-0.815774545912582	0.278196034345654	2.95626316482518
-1.22331469909559	-0.440393945787175	2.37114761253131
-1.15677685868121	0.214807913499321	1.94267057738159
-0.970062890403212	-0.561929074811751	1.6929283797679
-1.06540240772098	0.0361447774768859	2.02031237525186
-0.688883839517512	0.504991134488284	1.96801833079841
-0.610174624836041	0.50836266291469	2.24635148331064
-1.14769111544174	0.587091867095137	1.6457551645299
-3.23643718829331	-0.195026491501976	2.33651248528207
-2.48006414419038	1.46848977630543	1.95014082985188
-1.92685733284364	0.681320881433974	1.63951264756231
-1.22531346692797	0.49652740379498	1.54299823718511
-0.928860019450917	-0.0965646499167288	1.46676472089455
-1.20602472429314	0.278721054577009	1.36962713881163
-1.45658396338	0.15738468531055	1.34630738245204
-0.584826275676481	-0.849254986895992	1.97191823424949
-0.747046608178742	-1.07094848570864	2.25114942792838
-1.28066956374808	0.162551261967603	2.45194689698587
-1.64130107579276	0.891531175128465	2.28975264254037
-0.335489260873978	0.886439051416693	2.14069480026144
-0.668779753793723	0.509840526215961	1.90602557662737
-0.706268610656669	0.257454172002219	1.79451624771913
-1.02448005650977	0.2916389678528	2.53503647032761
-0.623841060984521	-0.757806755535302	3.06852016855573
-0.363779803463817	0.419677901414328	2.88349456569613
-0.837407678989253	0.316428037264403	1.9519975191053
-1.9152018797359	0.097599382252101	1.73884629815789
-0.88213514280339	1.03355637462402	1.74894399937493
-1.58773395121451	-0.0307674965931843	2.17608652582166
-0.825318031915336	-0.364187274170796	2.37550756337449
-1.26586187069147	0.810517496428265	1.67139197086796
-1.61527839046135	0.249927817167797	2.62095015995068
-1.10441023064059	-1.15617290585359	2.45669788898716
-1.96475705236105	0.710467128900607	1.90700173343561
-2.83040840385196	0.501263386201315	1.90048245784849
-1.75064822171155	0.988056833459472	2.32063464420759
-1.14129807007309	0.453389695600279	2.59188847784254
-0.421346074771109	0.940396220287497	3.43619434020148
-1.08707431590259	1.32648057204926	2.79090052552006
-0.731523838377127	0.769460784035761	3.50412594890561
-0.0809566194748839	-0.107696992077588	3.42862711606297
0.305222543569737	1.24183961446804	2.69357354781817
-0.820695796845144	0.1957248718844	3.22346480684622
-1.52953371934316	0.438743836617926	3.50327494944043
-0.953378907678812	1.20164812838668	3.07043631808799
-1.69824577820298	1.34227542092477	2.70463520970897
-0.91350720153921	0.424522893630687	2.36356897893116
-1.21354356110438	0.381981615035994	1.57847831023995
-1.75846882133089	-0.09154120249395	1.25296341303847
-2.35849476969667	0.778947993311364	0.834605327598391
-2.96651057480676	-0.0272429528707019	1.14049882155553
-2.61871078530173	-1.26507703094012	1.88003677134832
-1.94875975467901	0.423138340634306	2.52854110244221
-1.84402163952532	-0.352305162817257	2.24023535054815
-0.792435536682547	0.304401359211822	2.31631296712734
-0.283395386260668	0.540029117188358	2.65708538439508
-0.12329779345458	0.902830208420594	2.52154923048599
0.399702820685872	0.726633620740949	2.81416099288806
0.399702820685872	0.726633620740949	2.81416099288806
-3.88824930489738	-1.19922150860521	2.95028227541655
-0.704630828559144	1.02107659474638	2.0387346242223
-2.21616783105278	-0.163042172477881	0.873979292460758
-2.21616783105278	-0.163042172477881	0.873979292460758
-2.61245140116854	-0.694379697549818	0.770356485272515
-2.05052922991642	-1.05222481710073	0.973561345740451
-1.83184881045277	-1.55272575837728	1.12773357511422
-1.27246904554432	-1.08642992441545	2.48466771344492
-2.51937418746732	-1.3836905218173	1.97108967286175
-2.34868124272158	-1.08517130370641	1.47035073060561
-0.684833889369004	0.326105560455952	1.96391349113933
-0.534021833170716	0.165708800641161	2.29158662743656
-1.58893802187141	-0.136758508728248	1.3629701347263
-1.84351678158159	-1.17223464590796	1.31466566173097
-1.65888890207075	-1.09872176802258	1.33600989136627
-1.7157798053943	-0.12782526789515	1.48031302999709
-2.61138582964142	0.496698549876215	0.998727485496237
-2.13764178697239	0.309197301501913	1.01422380549265
-2.18184890217205	0.110169414179551	1.31625764278501
-2.22572688999576	-0.789036696683471	1.10150974485781
-1.81285578225616	-0.0221205828990357	1.07086431761701
-2.25209582377015	-0.452048377949631	1.85022772773317
-0.484702301548488	-0.357041755444037	2.01939304194988
-1.56795033864667	-0.463801248374955	2.77003010116353
-1.45183161519087	-0.0418063344691482	1.80672831517761
-1.89105517922328	-0.385121392639189	1.97221063940208
-1.03111283753619	-0.760710510417153	1.43984075729407
-1.33132679558123	-1.04796493752373	1.5502240650778
-1.43508202956511	-0.371303635713775	1.23914691787828
-3.32421377842922	-1.59254339136679	0.673832497662712
-1.68357300914222	-0.984983294212396	1.43166338691845
-2.27532525583514	-1.03285744823324	1.5641270928906
-1.81475380138994	-0.807093250027418	1.01019079918003
-2.06979837220784	-1.51187779346924	1.43388083830652
-1.04657007477826	0.459504088133359	2.07293315683127
-1.36733139633566	-0.3823182116722	1.67675548997894
-1.79959536990645	-0.520631811608794	0.857463263698234
-2.24723696021535	-0.311713885709481	1.2151784038745
-1.85799085540547	-0.232175171756745	1.77229793574588
-1.82946319386507	-0.365815382726258	1.97527834601357
-2.36466937216653	-0.290768335364173	1.89841147446853
-1.52189392179609	0.359679293981788	1.8725637717762
-1.52189392179609	0.359679293981788	1.8725637717762
-2.80695197531712	-1.13670076128476	3.23872973188046
-2.29835307171149	0.0604557241669663	2.4854472738638
-0.415309502995687	0.202992725566104	2.5854073484388
-2.83773417370751	-0.638798030518507	1.26447239318161
-3.24838736451021	-0.200734121265901	1.37447162880945
-2.32851115100937	0.369941387465885	0.871702307397533
-2.22446864890221	0.400396982871298	1.84778471963567
-2.33265286796724	0.712408268129391	2.41613152668417
-1.77375070934326	-0.857410178859708	3.51108884389597
-1.63510167416335	1.21641250519752	3.18246657501595
-1.7537362316441	0.48004849316387	2.4941687322113
-1.82700334917339	-0.440585194439743	2.59836718172535
-1.93442040619725	0.265394140219544	2.03208171738009
-1.86351732885016	-0.195662255276603	1.80207308231442
-2.12901980209154	-2.41501925216346	1.73286822438966
-1.99268139922486	-1.18274092277478	2.84679204006163
-2.73594396427001	-1.97309015928039	1.82117505965185
-2.78368638243483	0.414549174227207	1.95725350645844
-2.2172261541302	0.00328169803270244	2.15615374402192
-2.00299715627512	-0.448851133523923	1.15126038903282
-1.17909031262749	-1.89981936883061	2.08397098748406
-2.11449361807938	0.431614127647006	1.49276546487812
-2.43242589266067	-0.520670849092148	1.12622944004023
-2.05818533739053	-0.44669636917664	1.37415649787904
-1.86758440092268	-0.321290312627379	0.835731384764065
-2.39722964792695	-0.850591733954199	0.496618461453746
-1.56052436374752	-1.3552941462539	1.28135702224628
-0.933987435137299	-0.573476945163144	1.69358953426191
-2.82714766632033	-1.59883837276607	1.0588055534366
-1.36076476224924	-2.86159090374837	1.72288942974705
-1.77340523487449	-3.21760155236532	1.97189208583582
-2.55116579762321	-3.03197690017681	1.12900624819385
-1.66764004879861	-3.02342572690943	1.64970263182277
-1.33429734637073	-3.3429684904519	2.58945139151687
-1.51718624751173	-4.35153118833828	2.09789943800696
-0.93166538098573	-2.80131090412157	1.48871692952386
-2.40247286809538	-2.40856256431615	1.08185314810822
-1.34031933721202	-0.31303719989005	1.29339625197565
-1.34031933721202	-0.31303719989005	1.29339625197565
-1.51739404532277	-0.420279801993425	1.28107230676072
-0.77742584183953	0.353753641527926	1.6782658697979
-1.17414367395127	-1.50465739662347	2.28005499059492
-0.0598955335240176	-1.88032527446581	2.97768282590921
-0.231218172637397	-1.6907474352768	2.5022869798963
-1.90802175744446	-3.67404170139632	2.33856244500704
-3.0719005362739	-1.96760713536851	0.732141764141967
-1.76968968483226	-1.98891613863046	0.827199163716458
-3.26167683086965	-1.42103734874873	0.434714130296024
-3.83172429754168	-1.02863098698386	0.459244533411377
-1.67717445828734	-1.59322949360382	1.04254576438013
-0.726644522244581	-0.251174788533521	1.82859661913487
-2.70361180775099	-1.15679677700703	1.12305541085696
-2.37655978835972	-1.0816529691461	1.64168922353897
-0.793575781277446	-1.68679505234348	2.4444542124736
-2.60576822710859	-2.94414417729703	0.833523880765869
-3.12596362019328	-2.56159506876217	0.582991603665849
-1.90162369185064	-2.45050765048654	1.95254148916519
-2.34603601567653	-1.87001817986614	1.38754639893779
-2.57960402708997	-1.09409190752723	1.10678290750127
-2.22332181053361	-1.04747567595188	1.89010823632257
-1.22427170347079	-1.3904873238988	1.62993498090192
-3.33186228472138	-0.0271867557990809	2.66460095511462
-3.71338212723299	0.359640070312712	0.815778917086898
-3.55848418219066	0.479938821157767	1.33142144512253
-1.16792304402982	-0.629894339014675	1.64083857054716
-0.623661845886688	-0.732474260510052	2.64742236758589
-0.333571802062368	-1.44695765489102	2.08683184767439
-1.01049667679586	-2.46851071567216	2.08624078483047
-0.892693517060555	-0.885918209635026	1.62959794445195
-2.45033527045744	-0.0192186206399572	1.85373229109099
-2.08768523255492	-1.82243300474872	1.81089129308895
-1.7052017698192	0.0659337437393486	2.24956367611056
-1.66842462304119	-0.220630901716432	2.99418633063926
-0.428963014610136	-0.464939423478407	2.70643969987908
-0.722071086449448	-0.137381073020153	2.83661138928321
-3.31563218048613	-0.416262947348131	2.02196672312604
-1.93585293937133	-0.732431484718074	1.79610066851398
-1.70493691991639	-2.96111806353321	1.40333543181525
-1.90624393343458	-1.42092791135522	0.822477988645276
-1.97904816660313	-0.384736242685046	0.576319257950296
-3.80650230438414	-0.178584397603487	1.44621013064907
-2.65762079497565	0.405941688767132	2.52353182723413
-4.61409294809172	1.03799137635541	1.37366468967972
-5.43310191462213	-0.438817335152521	1.624086981054
-4.08986548536819	0.172279732023968	1.99253748399687
-4.82407707732652	-0.104292660687107	1.40827630056741
-3.1699010706409	-0.78396860758052	2.02446987198286
-0.69686573039933	0.600887558167263	3.28506395336999
-3.06379181584699	-0.649218593786142	1.6739357337466
-1.67986437002253	0.0609362013487519	1.1672380336693
-1.12558340949861	0.514126533984596	1.63352030727357
-1.14299447911486	-0.886676131079944	2.33021873201558
-2.2205315784496	-1.78905887977326	3.71225575678387
-1.75755934214426	-2.6025736944288	2.23716233340659
-0.606112365876009	-2.25530138557992	2.48196767826575
-2.44274723187313	-2.20367417716667	2.44607890335763
-2.60385830147476	-1.87315520940738	1.98495501794393
-1.61974735171786	-0.922063461300408	2.05105445271971
-0.701712859742414	0.395179083814862	3.39339994891304
-1.40730710573685	0.521359736219465	3.37304293755072
-2.81517476070352	1.9991271629525	3.20943604383004
-0.868629737950372	1.56011393723751	4.01937816278026
-1.24035570999317	1.94224234330183	3.73211043667443
-0.555684192006058	1.01589874018433	3.00318749639513
-0.615197102468886	0.583091988020454	2.34962057247047
-1.17537325188646	0.450311468342874	2.4267067824203
-0.610230156245912	-0.0286264127311608	2.68243624756147
-0.767076467346183	-0.096491206781338	2.3883022211689
-1.16026503029199	-0.154973935349199	1.96717314770562
-0.144143410624537	-0.194501205939435	1.97097849988174
-0.785325455103824	0.0757571687851797	2.51738284742357
-0.889581085439365	0.728174952988202	2.48501888097313
-0.89541525919887	0.324587076317683	2.4100629393517
-1.5787329463067	-0.459771619561704	1.85275387986487
-2.00826525266782	-0.872441247621238	1.49029096834181
-0.779874093712943	-0.314241241921839	1.65399752308785
-1.76608206398046	-0.878081681013176	2.35234283722508
-2.77385821905968	0.0465551772064032	1.80356522387343
-1.9361052337495	-1.25558213992305	1.54347347467753
-2.10295370727448	-0.94688279828475	1.06467278407719
-1.52111682735164	-0.73047153339139	1.40585390978864
-2.29395322258201	-1.20123575334148	0.759947358084591
-2.3830323752747	-0.485089906505282	0.987423459120308
-1.56966668569899	-0.0414202295500429	1.70140911388618
-2.18652943975385	-0.34683182700393	0.754857944254121
-2.42479151867846	-0.686956373705648	1.39457891712546
-1.95215958063753	-1.38310210805562	1.14785448349286
-1.56123774979882	-0.293586480193621	1.65919840267811
-1.48423652495147	-0.858085538398014	1.61704230488494
-1.38394851048376	0.603464599749994	1.29623371216167
-3.20575253082778	-0.222398816504487	1.16100713877545
-2.39973003842173	-1.11933881552038	0.689900797743847
-1.8378309266054	-0.566369859089869	0.89932394393487
-2.19819960828984	-0.102154688901179	0.631550744287819
-2.19819960828984	-0.102154688901179	0.631550744287819
-2.17965465312052	-0.210538574582019	0.720121917809043
-2.31884870185238	-0.0781944661749822	0.709196653615816
-1.19558940056469	0.265799576586938	1.94828413329725
-1.07669689136028	-0.256359095033964	1.73214253773809
-0.570681991778874	-0.63770731114631	2.8679680785992
-0.56576393773355	0.238195745396303	2.80276669900472
-0.698437690220849	-0.284912147059852	2.42881197207502
-1.4489092619875	0.425638477439723	2.42180108945217
-3.29422992774963	-0.800927525704326	2.68429879518509
-1.82436864645841	-0.991904473209144	2.92178149642208
-1.0765419062286	-0.440459490779309	1.6270220876813
-3.93457219518959	-1.7032742529778	1.92912199421727
-3.69367992103467	0.419197701842243	1.56152011366256
-3.49765460129772	0.10702889285137	1.96279789937633
-3.31834476761671	0.227021136625513	1.96340503881564
-2.48170482999883	-0.591249366094607	3.0595602961114
-3.26816389627672	-0.351646653402432	2.01624032625223
-2.39560948503924	0.0327099512610316	1.45899400832503
-1.81781520953122	-0.257709467166063	2.10350612469313
-1.26028880572871	-0.669156922101645	2.36948502295632
-1.92451460625975	0.0388363810344665	2.31682353933709
-1.70783218586623	-0.0555929689986158	2.74353189934476
-2.28138261882504	-0.0916398118517507	1.75979592006714
-1.84991108381983	-0.533774071600813	1.51927320898895
-1.72147254393039	0.382807850441927	1.23230460863862
-1.48808035007686	0.591386990677329	1.40367670592572
-2.86410745764714	-0.345207028113917	1.29100047204088
-2.06410707748153	0.171672592377432	1.16448591790633
-2.06410707748153	0.171672592377432	1.16448591790633
-2.06410707748153	0.171672592377432	1.16448591790633
-2.84093540365102	-0.189851356770183	1.71032350261512
-2.98639157707961	-0.177047703737699	2.01502080944038
-2.98639157707961	-0.177047703737699	2.01502080944038
-3.64416656189195	-0.749115482665465	1.77320766314976
-4.44150606143004	0.102306411454846	1.72334370955107
-4.61881552567927	0.228915380716093	1.75866667572806
-4.40307999997592	0.30162283467633	1.60187111250907
-3.96365053532902	0.777168769089544	2.41347623908188
-1.69846001266059	0.378854535517519	3.33850282234426
-2.00163739250719	0.194136124190666	2.51169718977416
-2.00163739250719	0.194136124190666	2.51169718977416
-1.91121936366329	0.255544152167627	2.64249371613358
-1.58918932382742	0.631569815068482	2.49020565555625
-2.40072669138859	0.791638441419163	2.63780257648109
-2.03979632026308	0.912544739459283	2.76481982674452
0.406948469912866	0.190339865897932	2.77561837122532
-0.560873535990127	0.0213846677231202	1.86359472345829
-0.867111647183215	0.365080007048081	3.32765166589685
-2.03425646185298	1.40954235404041	2.84225355130844
-1.77089449691166	0.189968111832886	2.77822852761807
-1.19007607676999	0.513214801708067	1.90033713064436
-2.63367947312076	-0.846735330820085	1.024601200193
-2.77331124342947	-0.15226241214227	0.720820552320435
-2.71348370617292	0.424882720969605	0.478381370015275
-3.07276856284322	-0.109527443185826	0.672672818132874
-2.64793285414565	-0.473552576222307	0.434632573388899
-2.70888445158431	0.68753399079369	1.4254974777585
-1.49039079673046	0.841646556878514	1.0692623121281
-2.00848232933053	0.348111301569433	1.68981062845424
-1.22164432260072	-0.283902395107448	1.95526954437333
-1.3575914807596	-0.0160914661119053	1.83194755822448
-0.550843708050509	-0.133599267323434	2.788333694911
-2.00196895578452	-0.565457074182779	2.8499136101026
-0.943549604182433	0.769304840201536	2.88681230814468
-0.943549604182433	0.769304840201536	2.88681230814468
-1.17222766528826	-0.206121810862921	3.03115594768974
-1.05532811090391	0.985788733686513	2.82694803113596
-1.11450894554825	1.17289653000232	2.99929099969365
-1.23530116684702	0.643505974114421	2.23385754046702
-1.29985659943863	-0.687245093544617	2.01929629432735
-1.29985659943863	-0.687245093544617	2.01929629432735
-1.42038369076849	-0.9116679962903	1.46468716408119
-1.21810834421712	-0.21189987928424	1.68219035937238
-1.26927572853754	0.718072416367272	2.89093896779108
-1.80585460747329	0.298818637748626	2.83781569165705
-0.709269855846126	-0.691927438089035	3.16828154480127
-0.704801303821478	-0.227764508873139	2.71678733090729
-0.611241943743547	-0.148221783617089	2.7856814713869
-1.29746031068147	-0.648749033649008	2.74160677018629
-0.63813318728691	-0.646467094586875	2.08270295823928
-0.170909855721447	-0.377344976907484	2.23239818155374
-1.19228100335119	-0.79554635884063	2.04111628555663
-1.24030600339878	-0.42430474545486	1.32674380214025
-1.24030600339878	-0.42430474545486	1.32674380214025
-1.85277039092077	-0.788520391853444	1.73967311116821
-1.57113328446195	0.287847758564527	0.884521635437553
-1.57113328446195	0.287847758564527	0.884521635437553
-1.26947742489932	0.00442220165837404	1.83097037877852
-1.25900790146537	-0.888258426676448	2.51324522526039
-1.06945150575027	0.0127078729917365	2.03310367526508
-1.41153876901311	-0.0494037727961105	2.42246266739286
-1.73398185277132	-0.521550341590664	1.68802219534543
-0.320633396793802	0.788128663529141	2.69430658811478
-2.0206250311947	0.795016300795051	2.92293384812758
-0.756110836799878	0.865637070879378	3.08381780093794
-0.85439067151569	-0.383324039182774	2.21614966983418
-1.18737090945048	1.06588056634844	2.5346500288391
-0.52074650981057	-0.319415838919093	2.62208284894678
-0.577541021044735	0.758916453430123	2.48524266367622
-0.675842291964969	0.65699567279939	2.26553068612879
-2.04173477374685	-0.604677046850556	1.73227453736261
-0.7476942842448	-0.111876333058652	1.65783522644314
-2.13454635598564	0.146832866325576	1.79983450684388
-1.35329106781734	0.83637066348411	2.27319296032238
-1.29843826545642	0.91637589098168	2.31420848721035
-1.26624388109277	0.757778275657311	2.49314598792989
-0.259480676172572	0.69210833418	2.41902070184766
-1.19454786129068	-0.369148069605561	2.94411960295667
-1.23547536342457	-0.338581403577506	2.17552399875956
-1.26709158750002	-0.649864456872455	2.27866856234547
-1.31975316627582	-0.519098859684451	1.2804332443657
-0.706566323549677	0.460117455586111	2.14517384393799
-0.179309946053225	0.698716254866803	2.79687854056158
-0.67368025798945	0.446904642222613	3.56842998657748
-0.983761654154904	0.751233632767885	4.00875972298462
-0.675556014222866	0.759411536637875	3.64537353123845
-0.908511130235235	0.370612705957942	3.66375908143943
-2.08623846586451	-0.513639938036659	3.55319997687992
-1.53129202535148	0.436829556156669	2.82271874211103
-1.88815749867224	-0.40925843363294	2.40027216207584
-0.658432306448235	1.13048050065615	2.84261043798757
-1.53205719970854	0.308459580629108	2.1240532042854
-0.588422524996565	-1.00767088649221	2.432755486213
0.0237848742418738	0.367716422968086	1.93688415093271
-0.354858473803526	0.318290631189394	2.0158794024622
-0.936368721986793	-0.573493515208716	2.43826126801573
-0.969584296277257	-0.404862398067404	1.84831474186607
-1.33570952703504	0.329225655996787	1.60722023326497
-1.74089933017736	1.00340657142512	1.81537104580014
-1.28641942429321	0.227144347366976	2.59405382127678
-1.01285388303328	-0.215599388569385	1.90769789245884
-1.27266428454919	0.773228188184054	1.34610890283367
-0.537117904259986	0.137330208669394	2.37833922382939
-1.30468322096769	-0.627192009517067	2.62725557103761
-0.660974200099681	0.675146810050773	2.89072756585926
-0.660974200099681	0.675146810050773	2.89072756585926
-2.14298668934206	0.48700943176641	2.24909215899527
-2.18948269021459	0.882539617863303	3.10852560942484
-2.33911473190363	-0.0509780792127235	2.5757529800156
-1.43776997304516	0.201866720851389	3.49605559549224
-0.911632793084134	-0.17241320181541	3.93891744510749
-0.444210277681067	1.04758596018877	3.4290661056239
0.21213728812577	0.651113209446781	4.56263051102595
-0.421155393758807	-0.40508383786784	4.4031323087697
-1.28496069334687	0.366879444354991	4.55583030399976
-2.69592784580643	0.590551254411181	3.92559408850831
-2.69592784580643	0.590551254411181	3.92559408850831
-3.1597831696783	0.852722651183863	3.33910142356065
-2.29761565631206	-0.34410952553799	3.01283075213494
-0.244482903010573	-0.153636317335469	2.46974524914531
-0.489907684084381	-0.292311220987389	3.37488621668194
0.854556290758591	-0.279419876550208	3.70338085947789
-0.237094235812604	-0.0841259459282651	2.51555114091989
-0.66844585624899	-0.401931467691754	3.16384925631426
-1.90168930278115	0.478881080902111	2.78128422662462
-2.52801268450888	-1.26380545724469	3.76988863435001
-0.0815511243530818	2.07027368576275	3.37024173737967
-1.12857751550128	1.74085522275274	3.28350373040282
-1.28367416460685	0.936652028513895	3.47330888619796
-1.38336216981728	-0.160430195523033	3.0541983321536
-0.103616897045943	-0.4190364216026	2.99649275743574
-0.689376099870398	-1.03482477949249	2.52832911089196
-1.66980539713704	0.390099479896476	2.4592445339889
-0.507579150447294	2.02767340990725	2.37429429262337
-1.2623069895032	0.99205193587401	1.6841375900016
-2.14235362022622	-0.00831628802290013	1.71598232761971
-0.876099754887779	0.466879951561019	2.05276017009515
-1.32652683324726	-1.51682452847716	1.32746300778796
-0.81089472421486	0.207900902177345	1.646912359751
-0.937714612986169	-0.543289641092193	1.4653414936133
-1.60051979161087	-1.20128442575679	1.20724882575396
-1.60051979161087	-1.20128442575679	1.20724882575396
-1.59790009794604	-0.564874455915935	1.06524874089653
-1.90300754712526	-0.552101003329502	1.79778743394129
-1.38748607927927	-1.4638854242854	1.27840134487496
-1.04962881096212	-1.0575468300157	1.35716651098105
-1.39444987738907	-0.636372686352153	0.947324434117028
-1.39444987738907	-0.636372686352153	0.947324434117028
-2.84309146948177	-1.1318553027728	1.18215385401947
-2.50237881484372	-1.24005179594358	0.807914194094672
-1.67323639839055	-1.07376860378088	0.446340383808627
-2.70269417713826	-1.32753115984812	0.182672720501025
-1.53974688875942	-1.64499242681565	1.04630949875509
-2.05692619348633	-1.93825004516713	0.818254144830183
-1.38408339616273	-2.78834864186692	1.72968260856201
-1.05992809639995	-3.20643141587893	1.84038568693972
-1.36168964106064	-2.49953447306856	1.41168602631034
-0.907500969882657	-0.359510660106995	1.97287790644746
-0.907500969882657	-0.359510660106995	1.97287790644746
-0.777461241066381	0.878423359748201	1.8613670133452
-2.98673172756245	-0.100553600054683	1.2986402889839
-1.39051797186134	-0.75797656334848	1.13953120010644
-1.56810767633275	-0.65544505492812	2.00313178414252
-2.23421186571652	0.20606947998739	1.64058107127652
-2.90064008895416	-1.95650015063208	1.94822535646669
-0.744054503554692	-0.35446942818381	1.23342394648837
-1.68905947652994	-0.554581486302394	1.58866812961912
-1.06856346087452	-0.645214576270169	1.38989963472564
-1.32197220026246	-1.68991595588797	2.17955321854078
-2.45547060719899	-0.759517622377639	2.11829067742036
-2.46301577435707	-1.03356234279656	1.77320840929661
-2.04389584612537	-0.779346363030803	1.48171208313289
-2.24192547929162	-1.43600909045644	2.16672692101246
-1.08435907447036	-0.283195747875618	1.78902209328107
-2.20361835866109	-0.0542013389747587	1.52770333973589
-1.99371707505472	-1.14227707714293	1.41333439631528
-1.99371707505472	-1.14227707714293	1.41333439631528
-1.56145074752866	0.179607772585502	0.905912981352305
-1.75658442378287	0.15276883074827	1.92581813675437
-2.34735000902816	-0.776453631167328	1.30035296745507
-1.81832637442098	-0.626551432522915	0.375284120056212
-1.76330263556846	-0.832624540154145	0.881405366301228
-1.30448772093495	-0.489488970940163	1.28831765699169
-2.66111587560471	-1.08082170759168	1.10246004346584
-0.958886786542583	-0.148687559755764	2.13993863397956
-0.958886786542583	-0.148687559755764	2.13993863397956
-1.44666079824228	-0.479628378922296	2.56376816390246
-1.44783851316856	-0.865805306053536	2.43071472238426
-0.829664766770014	-0.275858949824984	2.08339981524357
-1.90573103768228	-0.651893564515136	2.53863985989652
-1.88389192986903	-0.429209177840564	2.5482048533335
-2.82897235777289	-0.142038906946086	1.562744859756
-2.15726534028334	-0.155354488694265	1.89487083933467
-2.8587589818374	-0.0087970453021663	2.40693307162036
-4.31078893073109	-0.810736383513843	2.17178177777941
-4.08564238082992	0.295357792888151	2.91880970821703
-2.93013417362176	0.0470783802851246	3.16315524458629
-0.731194979553488	0.585499984834588	2.78805706349522
-1.437197951195	1.19063727956034	3.5406969865751
-2.4962183865335	-0.255624340502107	2.74767324312299
-1.62463941122707	-0.0963882128625498	2.42259762535322
-2.00992544885089	-0.0799997579934599	2.29727440457397
-1.8877792648397	-1.37637630090783	2.22311885131086
-0.971649696831506	0.146038510561185	1.64459294671637
-1.8836449545507	-1.11836855925318	1.44697271823546
-2.50404120870265	-1.66836733729838	1.65387667202237
-2.3284485020552	0.122195523834053	1.56407246297266
-2.41910953351744	-0.0679353010126892	2.69801211837232
-0.8760286457715	0.147311544762608	2.91731830264772
-1.99738025678941	0.724509610952785	2.27391796121317
-1.79825213639194	0.603282426500191	1.7045798122477
-1.28538860613964	0.732929313080581	1.67286218506814
-1.00964347234672	0.0169864519851249	1.91036776480319
-1.80830155510194	-0.340629453299289	2.1763756238066
-1.7859093219011	-0.77200663654562	2.51284332826232
-1.13573439233209	-0.648899592129816	2.23617590047453
-1.70024145014343	0.662994835920802	2.54955171392745
-1.87711664289021	1.33629782300067	2.8437036218248
-1.16976933622546	-0.367634447848116	3.3742450266857
-2.70571485466434	-0.0711221553198574	3.37933151664613
-1.80980006492059	0.507799982700948	2.89094698213087
-0.995919535035513	-0.287198247903119	1.81817791400663
-2.21848150828447	-0.447538912887658	1.76884604656155
-2.04175696487918	0.229303796734652	0.874824232005558
-2.29695668610305	-0.606933141984689	1.22579789687187
-1.99752437177499	-1.06407776439752	1.60627168316644
-1.36286461774909	-0.31967421733671	1.67832019946478
-2.79012968734742	0.0898155133393491	2.07616192723264
-0.866470909796221	0.326315352669868	2.72067116013517
-2.47426635456359	-0.696460416385848	2.39179037299454
-1.59067353246666	0.176241272284485	2.67831809102974
-0.742962606362805	-0.0980468895107787	1.82157585176737
-1.46631124237717	-0.441091813249976	1.44209977182566
-1.10868415060836	0.446947716541269	1.14277601985888
-1.82222702671812	0.0767496529045879	0.917936773866568
-1.82222702671812	0.0767496529045879	0.917936773866568
-1.61068868328077	0.857214137015531	1.7500324635767
-1.65813857015735	-0.312631105593575	2.26511524799142
-1.50163528259113	0.0889911853888607	2.5150660636278
-0.945102815377657	-0.0936842406356832	1.82191388995801
-2.14583065809253	0.287320832847711	2.1354011546393
-2.23006617641827	1.18863274962039	1.42384685344272
-2.58503531461581	0.0135803881884475	1.77035556077516
-1.05221985924396	0.412219751780061	1.57260144995372
-1.6265196090821	0.262191211293737	1.91841817004701
-1.36863397932088	-0.271788085220025	1.89327706924615
-3.17345080534895	0.0404293578206466	2.00028118713587
-2.76004929964196	0.0876624967779087	1.71792817520314
-1.69493643473312	-0.270164782453907	2.09762274744904
0.00245445064530264	0.113487560010714	3.25354678136881
-0.968098005404478	0.581788426728639	2.99210973972444
-2.12250819983498	0.325639785545756	1.35596374897552
-1.9945777852988	-0.168848191946224	1.7599564148001
-1.54353778680377	0.0155246735457073	1.62709346409314
-2.06581510381548	0.411161391784312	1.91135856914116
-0.934466966528799	0.658070411375201	2.10848743172783
-1.8178627728363	0.428842579052293	2.02689089296077
-1.798630833625	0.737891514386304	1.75656101982844
-1.15141882053983	0.811486629525688	1.62311364761952
-1.11392807467489	0.699401661117374	1.82954285745988
-1.45699764653185	0.109145716851454	2.00645680441672
-1.98519853586569	-0.00854051956299129	2.41170719167353
-2.50972142476509	0.6424538328074	2.97451055232228
-1.89634133383573	0.0930870659664905	1.96182971554198
-1.90117848782069	0.00892186572939147	2.36627341973463
-1.36422824957825	0.785942662772838	2.85365645928426
-2.07074488294156	-0.0147974582577572	1.98081469698815
-1.01416989284121	-0.334701899617903	1.45394088035685
-1.64867325504966	-0.942273026580951	2.63365192898342
-1.70228581784102	1.28700964560416	1.28213773383594
-2.27193876162027	0.587065269830539	1.25440778236773
-3.17204971786769	0.0942485471475106	0.802693692016844
-2.91976680215523	-0.0611798603462609	1.26126570534057
-0.55057454692835	0.453586531618475	2.07887680616022
-1.6426027639382	0.104758854076838	1.98079264223562
-0.424412332325494	0.343915778665702	2.39050548929513
0.340915484350521	0.0364588153465683	3.42058175696341
-0.072471912219457	-0.00864717786553318	2.89855466244481
-0.154633605848384	0.304304012544617	2.26553344846069
-1.6123537598143	-0.429660362982811	2.36372175668491
-1.0198401800774	-0.0700943578108705	1.68672048875558
-1.0198401800774	-0.0700943578108705	1.68672048875558
-1.95927728983051	0.0472338192253615	1.08664875451328
-1.95927728983051	0.0472338192253615	1.08664875451328
-1.74893895059025	-0.562190823703498	2.64432659352708
-0.820368597606385	-0.489038444476703	2.61079586699313
-1.80468619488845	0.221258910414843	2.53018662588965
0.0691793591233657	0.136373544892301	2.4347449084475
-2.39356385148743	0.398999248708542	2.37550804358988
-2.65866693476257	1.53555908056121	2.73539690795215
-2.03172577236703	0.31522832282484	3.82077496050364
-0.884366523546003	0.804167943767265	3.61144047491094
-0.909866351070895	1.09547610019331	4.04995166666193
-1.64684973015439	0.999112027988888	3.15654037113884
-1.15175475297319	0.933282303544737	3.01223787377869
-0.488205381083776	1.42411443194313	2.09817962772813
-1.22716526412543	0.864707671570051	2.46527558375587
-1.22716526412543	0.864707671570051	2.46527558375587
-1.22716526412543	0.864707671570051	2.46527558375587
-1.49346203962934	1.12073530888775	2.50514407871499
-0.486563005389566	0.697425580179918	2.49021230785775
-0.923532933729756	1.38958352563385	3.06567945955658
-0.0766989241720201	0.96540796074344	3.05067913891627
-0.643216264397935	0.728827573695778	3.10862512622017
-0.737530148493837	0.702574637520758	1.80130039802115
-0.737530148493837	0.702574637520758	1.80130039802115
-0.337755245765442	0.965782662448638	2.1694453740481
-1.50993309680314	0.371977103754967	2.69567676141015
0.180677585207298	1.68727088462808	3.06047964722731
-0.455673869962061	1.42624015577136	2.71067966134664
-0.08377439931277	0.298298476218942	2.89552856572596
-0.222578204957326	0.613778587866349	2.652103564679
-0.152140195486907	0.59247812003823	2.72577924705805
-1.13452140382206	0.408181659423793	2.19232238226408
-1.27714154824707	0.144382272155814	1.66413217733512
-1.27714154824707	0.144382272155814	1.66413217733512
-1.25013620345657	1.38395554188061	1.85534996704253
-0.66423826139652	-1.17651380364001	2.88234717300657
-0.552680956252126	-0.00838346669129209	2.64389486987453
-1.03921366223692	-0.518344205514466	2.47604725212524
-0.156391664779379	-0.46137778312028	2.38601160172622
-0.70235005069471	-0.70390155213714	1.94591716237649
-1.21931355634223	-0.280527255663435	1.24848426371782
-1.57192684490798	0.382972230593729	1.71599493902997
-1.15708705679108	-0.00775269938755163	2.11774335561324
-0.850364727718407	0.72468743001822	1.7707715906799
-2.22202223430464	1.0550350250132	1.92361331946147
-0.516403082572239	0.620912527769046	2.46423578888504
-1.21531879963504	0.743257077473963	2.54317958868861
-0.630478523006676	-0.822657654842899	2.20086108181559
-0.728974106097246	-0.602461107500225	2.35871812243895
-1.13760173558381	0.529520845343291	2.20935538142819
-2.02466604547514	0.184925945076178	1.18051474996187
-2.03700345209063	-0.103815669798146	1.16049488040214
-1.13355751721358	0.3934574400157	1.92698609431742
-1.75339819621873	0.599771247821779	1.7606325606596
-2.01653272032339	0.0309462480079454	2.02148561671434
-2.22326169843221	-0.193608138661023	0.809556337067555
-2.60862863944	-0.798809130804454	0.935439380568675
-0.796252528779001	0.13469567505448	2.3977056751165
-1.40875857884636	-0.169527543561703	1.85397536652081
-1.53834644340977	-0.231394576268502	1.08780408122801
-1.87742622972655	-0.645387684951276	1.80673080065727
-0.945965695192396	-0.219530960467298	1.96767053734289
-0.234707209718102	0.0369084933557213	2.94107303698539
-2.0948843401341	0.619989611661773	2.75816858950256
-1.37420989072732	-0.684673129647105	1.65286983912129
-1.25686585651485	-1.75289365903288	2.89337856326387
-1.38599504873496	-0.186943282272877	2.39554142960929
-1.84846376341824	-0.0914738913100883	2.45140925950059
-1.12777528370919	0.291044768455759	1.84571454419832
-0.994826040407451	-0.243813551627038	2.11749011858281
-1.40584059543367	-0.653723370761921	2.47067700740667
-1.33357678477235	0.979836947682033	3.05635065940373
0.517346805947869	1.50382766967366	2.84066834478888
-0.636056950167552	0.307441515737767	3.01536157066638
0.154324399492048	0.880477063071722	3.32775198806262
-0.277948474903249	0.104295070596982	3.88907661432103
-0.528404476201325	0.308295624561394	3.49119302881018
-0.168173553812909	0.231839476376341	4.16683290878858
-2.30279993000358	1.86787977949593	2.65241397082218
-1.65390837560811	0.770829312287513	2.95614012948911
-1.86263728638496	0.120336000769788	3.29457714516924
-1.63266011468487	0.352060483867836	3.50372446136623
-1.8663579819466	0.611043512729492	2.15295926884225
-1.79360209870844	0.801041107559873	2.18251299227062
-2.63667184909029	0.825876829925841	1.73447083411826
-1.25768206266903	0.190526033491592	1.63228568310642
-1.53188505953797	-0.00408704692840048	2.27264132942583
-1.49478150557816	0.51086957654484	2.35874829128298
-1.17327123203554	0.962091085652122	2.66200149700878
-1.18153986857519	1.02158926450074	2.34093598357848
-1.50041462102863	0.0130209914113386	2.81160240512616
-2.15816586785561	0.275544939052062	2.03394964162163
-2.84555627811964	-0.061765439013651	2.05806272472718
-1.91181822912974	-0.081778283821188	1.97004048479407
-1.86707261522498	0.276618933975936	2.23707497583396
-1.93001899440351	0.397241609457049	2.42521245893168
-1.23777143243656	0.515046500123842	3.01183139221708
-0.87471482000938	0.0260477483289778	3.17521879580451
-2.1180096591427	1.01138131031579	2.22531579686833
-1.02108434668975	-0.0478619801522982	1.28591818465353
-1.3649917383726	-0.871902232051017	1.06851009448458
-2.40690485690293	-0.64214769163444	1.93514231404702
-1.49099833697486	0.871197156341131	1.75062444096784
-1.08891954961351	0.0139735380089386	1.71436183515648
-1.77908353375423	0.263277709886831	1.34751774456212
-1.77908353375423	0.263277709886831	1.34751774456212
-1.77908353375423	0.263277709886831	1.34751774456212
-1.77908353375423	0.263277709886831	1.34751774456212
-1.82044373185647	0.176187824174171	1.80219459815394
-1.34526001732471	0.342436942436446	1.80894996060329
-0.817977346094775	0.156380995958115	2.14346408162347
-0.893217156159703	0.455380592872026	2.20644094956945
-1.71403450401751	0.0282732339577774	1.88298728551074
-2.32853042021216	-0.233266189259823	2.06716641269366
-2.19788734479459	0.0441705337336525	1.09382997214921
-3.7577948927594	-0.282896877853216	1.34529031689352
-0.955655252980858	0.249892055419473	1.93886947148291
-2.51463167868012	-0.540303352464833	1.25216833524321
-1.48722227526914	-0.419279292683898	1.51407154253779
-1.43389328515702	-2.8233083622572	1.76230618633059
-1.56468939101283	-0.703107613443938	1.79232759635374
-1.47163955411837	0.271909757698751	2.43407694588788
-4.033931408222	-0.0513697400634133	2.0065045756055
-2.81928510428393	0.15194657462285	1.31698849905291
-2.48584109377922	-0.412849859446705	1.66655143564302
-2.36546242244576	-0.389872214954894	1.85508805684402
-1.93294603524343	-0.477232061960598	2.41231632543296
-1.3734599932867	-0.0757885710268098	2.41676063360565
-1.0335124954867	0.528852579652563	2.63213360053403
-1.17792963115479	0.404367440180188	2.40400875570363
-0.427856022050471	-0.0158575040972074	2.6270386503119
-1.22039552593469	-1.03663650822951	2.26297850530555
-1.93472663670235	-0.217506417637256	1.55955345293244
-1.81000961183269	0.400883924278482	1.51213649295135
-2.39253140669946	-0.477170611991501	1.27387986782249
-2.07426782223967	-0.430661563047362	1.58629646063501
-1.06879318448604	-0.0822248803189469	1.60874129446384
-0.656521918510592	0.374575994072747	1.88102018451372
-1.06556068228958	-1.50429242219909	2.15809297462959
-0.322052309487709	0.858032707523455	2.28352640989167
-0.317363979541524	0.642228076744766	2.80107883979606
-0.38634992131428	-0.220074750508744	2.55555659774162
-1.49619267600618	0.609650900891857	3.13072109114465
-1.08500305141184	0.147221906746179	3.00072480644656
-0.30174625549397	0.794816202803043	3.61155432166192
-0.021895602201547	-0.452544982514298	3.10681960494098
-1.48940467546706	-0.67478330409214	1.18655812064599
-0.63408546477616	-1.70464323373624	1.76096502220898
-1.17895393463476	-1.59444156872963	1.08774296594807
-1.20274145102878	-1.48843278764913	1.58396405804104
-1.29833113641885	-1.07511904178471	1.24870516522761
-1.91156167968733	-0.41022981730187	0.885684208322903
-3.01289743614585	-1.17823318287716	1.40882176035678
-2.55704200608819	-1.87909229200893	1.13590994783533
-2.4652379517129	-0.0260254332160468	1.38169579859104
-0.966127903113265	1.10377881930317	1.82141212773147
-1.53652930182366	0.555038461991174	1.77833458730397
-0.699616038060638	0.3037799260071	2.04917773218463
-1.15578197463431	0.0328439192015739	2.34920412301801
-0.688248148267292	0.50009185050206	1.59486898684926
-1.78572201948999	-0.651448832805706	1.72637814721602
-1.48485356895781	-1.08210121537555	2.00340177691556
-2.21956473864455	-0.00106528435413766	1.83052870654217
-2.41037997582532	-0.875608595146001	2.53076377403433
-1.32247533732711	0.22525791487214	2.11821023213567
-1.18701564488135	-0.432567621884204	2.66160982738227
-1.29591624110928	0.806822429820363	2.36432924521425
-1.29591624110928	0.806822429820363	2.36432924521425
-1.82378760211628	-0.494036562192674	3.51839919182101
-0.934851286605031	-0.329065487492339	2.02552028022254
-1.71792172701116	0.00736985077030972	2.07018733323387
-1.67062961000742	-0.742838530972637	1.97898596280648
-1.67062961000742	-0.742838530972637	1.97898596280648
-1.65680423538234	0.408210562796012	2.41011400272171
-3.38797463341432	-0.17506573465091	1.5454835398145
-1.35320255326865	-1.49560152025392	1.74942567888835
-1.92578099454423	-0.531276350267423	1.95460591706153
-1.77151528965013	-0.12294249610709	0.868003322329096
-2.42676989668237	-0.561769956742573	0.987057952417251
-2.08219428959642	-0.770606120499458	1.65198941689384
-1.8877493428524	0.325782369505422	2.08808370492177
-1.96799410733462	-0.938716650522803	1.07278929023446
-1.96799410733462	-0.938716650522803	1.07278929023446
-2.37319510401725	-0.438996344882704	1.16628202497308
-1.56112349628828	0.0378724672200539	1.52522781369264
-1.5447547821547	0.407037865239526	1.14603812106857
-1.5447547821547	0.407037865239526	1.14603812106857
-2.49938768326218	0.438757300699396	0.947393825075621
-0.858738375466756	-0.451361336423925	2.00369466763782
-0.858738375466756	-0.451361336423925	2.00369466763782
-1.7147309868478	-0.686683158203332	1.50963353472952
-2.40095982268062	-0.379235099202671	1.07903065276546
-2.12610544080966	-0.66159616469997	1.47143176626007
-1.1757910885278	-0.0768347248903529	1.90441475560802
-1.67560094448788	0.294341789925754	1.76880771865063
-2.34227875000394	-0.581823516813707	3.16807887612688
-2.04961641587989	1.25241787586971	3.18976689459617
-2.79109713779844	1.8234028138102	2.33928893681582
-2.32003101381762	-0.224956187016989	2.51624694319643
-1.40553359903802	0.36124139356471	2.9339979511328
-1.41659036735361	0.127321973968577	2.79254139511749
-3.15814497515458	0.186980968997477	1.77837425647974
-3.15814497515458	0.186980968997477	1.77837425647974
-1.87354297510765	-0.903848893048717	1.86852512148242
-0.929749518676823	0.181135984882329	2.97413844880745
-2.20662225759898	0.766521352316806	2.96833389407499
-2.80495220260919	-0.180924958837469	2.86773774405119
-2.81134526988812	-0.3516815577427	2.45322611383057
-2.76527825937185	0.725405263000193	2.30769396913076
-2.14598936968258	0.659466498115977	2.84505686960196
-1.47410018282521	0.331969292562887	2.81858015439675
-1.40552643850204	0.183359899143384	3.03532426263599
-2.95180261888863	1.52641445167591	2.83585994139797
-2.71109193494251	0.797926732490711	3.42321117289364
-3.1429726549913	0.384159141575108	2.73758112140713
-2.81829073046518	0.766501222971214	2.28437725882581
-3.63648026594751	0.33463684118548	1.35984206169625
-1.75943021332974	0.758959967279488	1.91084796545834
-0.945821069872872	0.419847282320042	3.19306489699901
-0.779997064762502	0.609977344386226	3.49948810018571
-2.36846930671715	0.942781056427416	3.48671018052131
-2.37396870157118	-0.0980038450751809	3.24253251701476
-3.36585690264211	0.0930496047211088	2.79366342101262
-2.59466006747969	0.14260025908704	2.60399177270656
-1.95769375801512	-0.356560892870186	3.32336890920962
-0.652024016199806	0.759048501001633	2.36135076062514
-1.06709261154193	0.0832506464342527	1.91930867998184
-1.4376186149549	0.278694868642995	1.79902371944591
-1.29273343578693	0.110568571043947	1.21413437945466
-1.35306305906398	0.0725827792719253	1.52518541341207
-1.13658717407958	-1.17385923876183	2.37960328676057
-2.05452010262884	0.23878519256097	1.19373817550781
-0.786591584290582	-0.108733669021781	2.46368742939576
-0.6832202496011	0.0248620822717254	2.26680276723123
-0.606409579680505	0.828717896100928	1.78480848005516
-1.54551812437692	1.16557910839184	1.78561801458243
-2.07409266461453	0.505448283284737	2.9121264984574
-2.95092344900977	1.15609869667638	1.92242272183626
-0.446354777875572	0.621812291480636	2.39032435093497
-0.809812425098327	-0.623104997214075	1.34502004146497
-1.919364775536	-2.55465139443398	1.93164026090616
-1.15751925668681	-1.3959513749487	1.73258226384148
-1.84583401308253	-1.17943340303468	0.614397990450381
-2.10954039994802	-1.40966032972174	0.690035669657401
-1.6813324458652	-1.10664103229964	1.78093880350683
-0.727300172080151	0.878586951355998	1.4276260776305
-1.18238624483352	0.114570825245329	2.16312581414851
-1.07901411589725	-0.457429639260768	1.89058974728058
-1.29357794951691	-2.07660768289436	2.0121908244811
-1.33928081570935	-2.68591262921781	2.23339888661166
-2.14422250564893	-2.52893131819563	0.247515656259154
-1.61682174426268	-1.27405462347775	0.480699782585282
-2.2824124724288	-1.94309235107695	0.279192902469125
-1.87961581864764	-1.29456200359408	0.654019132770281
-1.48154995564693	-0.690861699335506	1.17580331919951
-0.801635158350069	-0.296500989265841	1.76129674553668
-1.11791394826256	-1.16310172239416	2.11368262480848
-1.32143536508687	-2.29122191448365	1.50615728365953
-1.36927842487632	0.242236666441577	2.00629409598175
0.154645046075559	0.715247532563799	2.76351401467091
-1.00630295713283	-0.732251030231588	3.52269317883884
0.0626782904490868	1.3241785905831	2.59930509591387
-1.29652463917822	0.631039940999889	2.74972784831072
-0.82463056939271	0.164369184737769	3.09435350356783
-0.6133783322124	1.67061524124062	3.03244735932487
-2.0240425607045	1.06994265775789	2.85463172807259
-1.70757297686974	-0.275971723602391	3.57531289499155
-0.920141529391413	-0.460202261743699	3.58273066353911
-0.470417799552123	-0.752983878620083	3.81531950430748
-0.939609962854045	-0.406160142128927	4.11200209740421
-0.870017618614957	1.39757742945174	3.96954168808421
-0.670034587947107	1.21958214542993	3.90946070621094
-0.582676265212836	0.826348850991884	3.87635809033668
-1.7848425521184	-0.320893875808061	3.7209718679516
-0.368750469902062	-0.674388993888762	2.948930320018
-1.59912771742535	0.00300066991081155	2.62657834685168
-2.57897533222693	0.220644692459372	2.11212045233383
-2.31385762977375	-0.653518451549266	2.02690418499093
-0.807422155823974	0.294765412693906	2.49416851823944
-0.620308417606156	1.06046853478098	2.79181490474829
-0.560814260543341	0.281208695553787	2.65978597836227
-1.32625871663644	0.210332608208178	2.97676749125351
-0.457292959484625	0.148744459608592	3.34575676901498
-0.989580080442962	-0.359916722087179	2.16073664291964
-1.62360207315055	-1.30535701941766	3.4826148918073
-2.01183510702921	1.18809365773394	3.58258867759751
-2.88064406891827	1.87722654307216	3.06853761341865
-1.77460882732213	2.13465220956095	3.5133944518445
-1.28034541377516	1.61889249265203	3.68590046301021
-0.908270305368733	0.965867801288626	2.92272342638417
-0.565848756110765	0.645591018727563	3.35506138794306
-1.27580398525515	-0.233687950569503	2.80744532602234
-1.63386359370552	1.45799756670448	2.76236043835396
-0.616238244601199	0.310707245432114	3.91495045801508
-1.38397592636082	0.232537825153984	2.93904859920038
-1.02522564737558	-0.963348178063405	3.43998218695145
-2.02568183210765	-0.938033781840144	2.53051585404925
-1.67889116900552	-2.16571514447966	3.71833044185184
-2.20877978202354	-1.13481860856171	2.32783323374503
-0.991986340513782	-1.81584059319826	3.05330526424622
-1.89381318147076	-1.66452722462249	2.92236435684415
-0.605863394648524	-0.973305462332712	1.78747281727193
-0.513338514700835	-1.50540577822057	2.10588994348148
-1.13766674696069	-0.706234501542745	2.261946599305
-0.963461935676462	1.10576758462044	2.60473979100313
-1.9266314295369	1.51256075141473	2.97864123507137
-1.30284663521277	1.03662299793663	3.107438156954
-2.91656162619464	-0.00421781491086382	2.32804455668997
-1.00057980039548	-0.608363607619395	3.08535148900674
-0.537280847574819	0.113205346051746	3.48013422009722
-1.62219781949882	0.109361617200643	3.81126680261171
-0.853077403118355	0.347893812372999	3.38545117251559
-1.35626296791236	0.173282840786094	2.58632579848646
-1.53099728419812	1.10087637136172	2.66006767100228
-1.53099728419812	1.10087637136172	2.66006767100228
-1.03353110926722	1.2817740520951	3.02572242184252
-2.09051238968211	0.493531157332343	3.47145501227371
-2.30656599678635	1.32122494747939	4.10178232598514
-1.85348337832356	1.29360641016785	3.19682905925301
-1.11109600097553	0.847405138866238	3.50360799241375
-0.207204247185518	1.00764784130963	2.70528507648364
-0.778918953432183	0.933952915456734	2.3128701780133
-1.04753491604604	0.961959767429641	2.63810206963903
-0.581878277932305	-0.143927714641043	3.17131468662383
-1.29411462186993	0.6688910511289	2.42843721833323
-0.621670155119802	-0.426477460264228	3.97149957487385
-2.62296741633262	0.149350170533126	2.88367834302868
-0.955995029979916	0.842268778152818	2.22538220021886
-1.59162152665758	-0.719828413863133	2.51536537136863
-2.51621157746577	0.722302544878367	2.03616685119411
-2.31162009287663	1.14549563788007	2.55526719424443
-1.62286128446984	0.188787531187753	2.2401401147228
-2.24191695463705	-0.365869234402283	1.96556118438549
-2.24191695463705	-0.365869234402283	1.96556118438549
-2.92367375168619	0.335364089138946	1.49564292720812
-1.23689727670969	-0.30156709916936	2.04557690328289
-2.17771711518544	-1.7640277139207	1.12421380093046
-1.08146949320084	-1.42599535990897	1.68791793045645
-0.631107487295012	-1.49777735729648	1.96455003067472
-1.56877537778251	-1.77586475270724	1.59865816661953
-1.87058401411078	-0.146726140425519	1.58410068340027
-1.61365041602391	-1.61261561827437	1.66534912572479
-1.25378364987968	-0.794952247525615	1.60575841446439
-1.82652538028152	-2.25194080824563	2.63070998550064
-2.08275597558083	-1.29649516543	3.10615502003038
-0.979736148482633	0.791974782982545	2.25785932645437
-1.57073699678569	0.136134328847495	1.51025377414483
-0.92299912167441	-0.227468776130264	2.22769533560147
-1.35069689009865	-1.00061970945864	2.60069180019816
-1.17918123435872	-0.40261433134141	2.64859123310234
-0.752375888751877	-0.773121795372346	2.02125649358022
-1.6561807655976	-0.539816172870196	1.63125771703228
-2.57764052558494	-0.463887410194355	2.21069830931621
-1.01888545187912	-0.221251618110115	2.89126190103839
-0.249247917081235	0.323465048823287	3.03989529854261
0.322622049020443	0.574877241516839	2.97035507669711
-1.19165688605061	2.95888296510942	3.0477235887505
-3.46155301163342	0.832884678788708	3.32384363357308
-2.77219594919331	-1.28500529868492	4.25479499635303
-2.62528515288893	-1.20005459792859	4.20076957857136
-2.20380209483413	-0.774428682116958	5.039227913334
-1.50343274472351	-0.249071897547356	2.74304925342396
-1.63311169369146	0.0660641236685849	2.92708031124317
-0.7898644485899	1.28765095256158	3.00409497517689
-0.253915868827903	1.39102839011544	2.58323113462269
-1.63422309657623	-1.78485152139605	3.17932142030895
-1.27423977336631	-0.461042551069075	2.68145382915007
-2.81413944397543	-0.0367485055398321	2.01377451406005
-1.41372389046536	0.771499114883	1.18805938654016
-0.857509305421687	0.697783260769219	1.71744536645559
-0.899753018997837	0.36322754916609	2.19204053338382
-0.382161784172969	0.438870722646304	2.09895629837694
-1.18491203526001	-0.293976409322448	2.37709605479139
-1.5900564467892	0.0572994525574559	2.60160727168857
-1.33539320191027	0.841697685761378	3.30007184531775
-1.95697422366393	-0.0969597082208578	2.33737757607205
-1.61619239593634	0.849195045695175	1.90663826585573
-1.86451391997425	-0.384482210585691	2.25854298849736
-2.51223520121738	1.22521309067086	1.80190766842345
-1.61855578821493	1.46419897537558	1.94151655459985
0.426618645993885	-0.451351939871758	3.46585715215575
-0.352084950241986	-2.26444219084943	2.78629904557848
-0.0847373041749238	-1.20101495372267	2.66077129962882
-1.58468592131072	-1.69450476828873	2.65375103398338
-1.61827068621236	-0.0712373205967596	1.24197152504898
-1.17209366020143	0.849139478174331	1.62150355055649
-1.20798427731722	0.878654686803759	1.9201601477976
-1.2936658899749	-0.546499771461939	1.87707514719916
-1.49336222286972	-0.22743425625029	1.79377014074373
-0.61998303998574	-1.65540333476341	1.87090072290458
-1.75694099623916	-0.896524465474721	1.09245060556165
-1.72966795435872	-0.724348375895206	1.54688060923072
-1.81213388707926	0.569525768609561	2.26233782524024
-0.974737908997405	-0.844125978336949	2.16592384904719
-1.15489175596755	-1.3117813672745	1.53213766937182
-1.70390637668986	-0.0379764064142572	2.10078046333997
-1.46979180304995	0.838608993811555	2.53538374185069
-1.35853448131096	1.10902811703549	2.2677895263315
-1.35574609394142	0.963171952138934	2.09743967969887
-0.423068357192803	-0.294507002721809	2.41475751285027
-0.698458082719391	-0.886867478270924	2.84991955962813
-0.545688807078154	1.44692970295969	3.21054847592078
-0.657939711830324	-0.000204983661430291	3.21341259459421
-0.868250782561869	1.07659216171453	3.3678471575848
-2.09964116056862	1.3122348813866	1.82844382650343
-1.97701011613946	1.51974539133168	2.06707749144298
-2.58223800879925	0.408337164437404	2.31769103256523
-1.11385846879251	0.262955955749265	2.81115902396556
-1.62577849727152	0.331221136295723	1.64257667779307
-1.62577849727152	0.331221136295723	1.64257667779307
-0.896990288311908	-0.500833183199358	2.23554401760978
-2.13870280207912	-1.25791649211164	1.7184366184263
-2.78042333279623	-0.155518065516473	1.6439526117667
-3.57447846798316	0.354433339316489	3.19642801551721
-2.3935957036289	0.134820353028569	3.20729993279932
-2.04844858154611	-0.324822920207533	2.31891185604941
-1.60561988763846	-1.20048638372747	2.80108619694164
-0.700226481006844	-1.30763916714026	2.7298531605793
-1.66504534568637	-0.571818761458242	1.67495597409148
-1.36173804749424	-0.546037623631445	2.09027294749143
-1.40010689082993	-0.879448848209274	1.70586593246589
-1.48392754934863	-1.06174017686723	1.23436827587017
-1.05024348391244	-1.81804559841206	1.90844572133774
-1.44125584730521	-1.44176345660637	2.33198679911435
-0.599541779032566	-1.99703921354759	1.77816412733346
-1.3241595508864	1.72551542100987	2.44508995819186
-1.30348765973288	1.35085806061664	1.84469501490577
0.0518087261619328	1.07013398216805	2.48919571185662
-1.83113102641439	-2.07515826055853	3.55212290317226
0.229929559745035	1.05940763979264	2.70451241517399
-0.160389678791757	-0.0431258683047271	3.38477891867287
-1.16279217440839	-0.689444750465848	2.35349143084748
-0.523691025595019	0.605048633392862	2.38826456975467
-0.490224976630282	0.003545336092452	2.32655056299693
-1.06810108577826	0.53410117658035	1.7577065501954
-0.433193933671732	1.2738932181917	2.25633382251228
-1.05639594930191	0.439227929892487	3.11533892231181
-0.619893907442333	-0.283871709383048	3.1309710355589
-0.373005837454798	-0.127349012964224	2.73423234059204
-1.51556138534431	0.292109810835562	2.16519675050846
-1.89790484271819	-0.0200738087479023	2.5069963703969
-0.792085356818416	-1.17785523350876	3.1864043539223
-1.19723776167627	0.239655745166589	2.35235782548657
-1.94547144648357	-0.161768115523285	1.92528645138838
-1.94547144648357	-0.161768115523285	1.92528645138838
-1.53664037226649	-0.249324628741062	1.87359266241158
0.135264504749101	0.852795335916683	2.6515085286018
-0.826803730675536	1.33100575837393	2.68661493000173
0.264955750501659	0.696579169352987	2.76526393902574
-0.0733752558514607	-0.198813620264161	3.93650162825963
-0.112043211193157	0.545630648345768	3.78091606116795
-0.270855634865123	0.0559567939270452	2.22063891265839
-0.270855634865123	0.0559567939270452	2.22063891265839
-0.929743733393448	-0.230543807648905	2.02011653620865
-0.929743733393448	-0.230543807648905	2.02011653620865
-0.719662322755042	-0.930636967213813	1.96436654995538
-0.719662322755042	-0.930636967213813	1.96436654995538
-0.719662322755042	-0.930636967213813	1.96436654995538
-1.60446687619719	0.221825596348961	2.47722477983665
-1.41078283066859	0.75828841658103	2.87878764213791
-1.48456745438295	1.31506344864737	2.33021142171679
-1.29940929095474	0.270707127077493	2.70513592485091
-1.60899276783631	0.021815445564656	2.70191789443925
-0.435123250412079	0.319826117449383	1.92672264107732
-1.56296362985616	0.483710508985209	1.65454041109583
-0.335313981660274	0.901400258295114	2.87044655188197
-1.04836409319667	1.78634108199542	3.47286886005396
-1.18670605969064	0.933980344515519	3.58281066548802
-0.556009141325153	1.63730250294521	3.70940222794685
-0.556009141325153	1.63730250294521	3.70940222794685
-1.04593065505519	1.36349837279068	2.60874216311677
-1.04593065505519	1.36349837279068	2.60874216311677
-0.4223061547933	0.854382920160451	3.44182812942088
-0.0101894528093809	0.297581998094594	3.43376578478937
0.109041400862821	0.216297541960047	2.97673871178204
-0.42050566289182	0.323879655664841	2.22404207457334
-0.598872976852048	1.33244850904913	3.1880365453649
0.265194854055484	1.16253714448059	3.13911395674049
-1.95216455583826	1.02307495627621	1.77308158829171
-1.08537032592557	1.53162701951078	1.91138217065487
-0.919535587627249	1.20033725727997	1.94945674864934
-1.64349608086052	0.251047301285877	3.36201481247964
-0.713938009511827	0.363474302185638	3.40033681027821
0.1972228409999	0.467991646225863	3.56958253693262
-0.082314621549801	0.76506592034573	3.36005378110362
0.205632854522338	0.376191984098786	3.5184605500314
0.291401527291407	0.126823989533827	2.8979229863753
-1.24068867053235	0.402598056472502	1.85670595294379
-0.766257593026841	0.732408217601894	2.78135906906345
-1.45274823317613	1.09968837737012	2.49709462165197
-0.535990402447454	0.919433723483359	2.60563401151401
-1.0265333807344	0.596058380048625	2.29091607914493
-1.0265333807344	0.596058380048625	2.29091607914493
-0.57408194706064	0.713529858782391	2.60187356654711
-0.873413581853388	0.420170350756451	2.89646902071389
-2.32647949697639	0.921686684408909	2.68004576003781
-1.62768396426832	1.09753091014474	2.38857241284168
-0.879390684976487	0.963263247051825	2.26572692366798
-1.05375481325045	1.2508107948536	2.66043566007029
-1.35016657732579	0.17752338532557	2.28440033716389
-1.29949591174305	-0.373969257750727	3.00718450140434
-0.310463197798566	0.47330960688286	2.79879658482452
-1.60925572218552	0.937366329301145	2.51700363083351
-0.803254650302772	1.89444643997363	2.6801539619835
-2.03268345326005	0.43573822159005	3.5472266175467
-0.688198225343173	0.272758180310242	2.51249620237751
-1.62695101859776	1.33866626158551	2.68984047828828
-0.429425263467182	1.28587059431198	3.54639821014022
-2.13652004793552	1.10431573449224	2.725465147179
-2.33896409174369	0.486430408564644	3.20117438412239
0.267519534723775	1.02029537828639	3.58116809955347
0.123986361933915	0.61615384714382	3.66871412080662
-0.455517707232873	0.428771202115472	3.73830988396035
-2.11949353460607	1.06323896841072	2.17556150942037
-1.73506072251458	1.44778128706815	2.20759039065064
-0.772378085057942	1.08862669150774	3.18953093798142
0.183161160650557	0.849342034576077	2.47449407260285
-1.55989114003699	0.703439195493664	1.75364637205519
-0.900797024896127	0.657588572757468	1.51340659359454
-2.06831523698943	1.24734615622163	2.73307297612161
-2.3033252434613	1.25612371387793	3.81611033397859
-1.69125842376751	0.74273638074656	3.26893685950934
-0.923614303274345	0.90527297479013	3.46221447010218
-1.18252332172096	1.27864434670729	3.41868406927567
-1.04499978967156	0.0239440018296677	2.93429699673166
-0.350446141052322	-0.118537756290601	1.88072752523655
-0.387426405107529	-0.535616059326595	2.45747902620415
-0.488521787325851	0.0898553243132272	2.39244991859198
-0.768852096456816	1.65358548417641	2.86892981820581
0.204804975961807	0.430704064513539	2.80254253279975
0.307026685245993	0.0585864423909956	2.90729545000405
-0.818938763122694	-1.4781569432241	3.21534753775942
-0.920418996969464	0.568354446928719	2.14870260781938
-1.4820611428261	0.370971217300304	2.23067031670075
-0.883593803065266	0.251596233668323	3.05951795013188
-0.0105346064693537	0.875901666412667	3.60627420275786
-2.25536898198428	1.06906639691776	3.61539156846531
-0.838469452666094	0.757536971311207	3.52745553641334
-0.590578497582109	0.678457132354065	3.5201301760661
-1.0671709093163	0.709951824749035	1.9465907320377
-0.0695623304652932	0.132216083594612	3.2600641565518
-0.640566074794963	0.879492205953716	1.89644964329142
-0.634495653330575	0.598449519888671	2.84747253684371
-0.772651463152811	1.49791390346216	3.14916029416535
-0.852885283319416	-1.10375027976891	2.67825482546902
-1.05119256085057	-0.832874710331422	2.11989581685403
-1.69848140716642	-1.41202569833933	3.11949680806639
-0.0460287657411082	-0.248015422517616	3.06849106999281
-0.138166580494713	-1.09764406581225	3.43655485355932
0.70175702142552	-0.341528425175905	3.52404905340074
-1.00289334139953	-1.24940353847428	3.42528554865822
-0.219925147638437	-1.3235387500787	3.89644532031969
-0.483568969225726	-0.79298816542464	4.57177675385196
-1.21379253629565	0.675101215259694	3.4291416423707
-0.66654504570688	0.742563342107235	2.72683819585912
0.313943067921851	0.634340621022145	3.92784354269458
0.0863364973895406	1.95091213978557	3.65244279948396
-0.0833004992314882	1.48433651535349	3.47561989597855
-0.265393814024889	1.77429201598701	3.12795955474062
0.44229556083441	1.09388814954157	2.67183281842769
-0.517598779706458	1.05549363249717	2.40600141591328
-0.541788554846792	0.304026368294563	1.89424959512493
-0.362053489681014	0.737901139891513	2.22095262146911
-0.362053489681014	0.737901139891513	2.22095262146911
-0.362053489681014	0.737901139891513	2.22095262146911
-0.693946903287765	1.15894740203286	2.1212128339685
-1.11986119859542	0.163052010630095	1.98661300810813
-1.17186296878636	0.873518516888946	1.98817494663213
-0.322116912589223	-0.215360700675891	2.20145631330087
0.0823781120081203	0.361880084738437	2.84251198025148
-0.158483582017007	0.332351374388089	3.00843553042775
-0.494382853243887	1.38543749793554	3.13346260866685
-0.520272472669736	0.448131501074747	3.70147036561936
0.279533700743557	1.11083311450104	3.50887659344788
0.133297951529977	1.76420714365207	3.4320151988435
-0.115544079371069	2.1524204894961	4.98878408903635
-0.621310063853621	1.39889997490501	5.31424370161374
-0.292785128838186	1.81417333959337	5.35601658930087
0.0847112602164296	1.61160563282772	5.9173598784284
0.267984872761337	1.80345883379714	6.02577912038322
0.0796838786650584	1.51386719216417	5.65916922918244
0.663835823088174	1.32611382920535	5.47737670042392
-0.857894308578067	-0.179600895000924	5.20546444677502
0.982474904584335	0.144873052659708	4.23517555901958
0.534079561735137	2.35440338917786	4.34128221399841
-0.30173449558162	0.817616564839978	5.0524204153894
-1.21035511701678	0.308739629741185	4.88368106246778
-0.0822960897790463	0.852938279291405	4.60873435388234
-0.327909317218099	1.51155547907343	5.00915993523135
-1.71344636493784	-0.400419785295182	5.24145683571404
-0.226079302234468	2.36691398404663	4.02983276568041
-1.90597354494338	1.24833937021035	2.98139102390775
-1.65779961311993	1.6287591914722	3.14857618314963
-3.13306957925852	0.402139540948259	3.52982699856314
0.883066770553784	1.79940580327925	4.47110759674575
-0.672713221808292	1.48180192079329	3.83630331586547
0.893805587243348	0.405223371984072	4.11801556818683
0.191397703337356	2.05586705591645	2.80051441059889
-1.63799391078235	0.412639432462936	2.57329892185576
-0.346029549061685	0.383240514421328	2.53283312408994
-1.97974643512692	-0.407138157252177	2.57589933506524
-0.272818786042445	0.469864103768457	2.46362556788437
-2.09647847989369	0.893056890358947	2.73950508612323
-2.46838226687848	-0.799666969469914	2.80874311553412
-1.42334725187007	1.8328028189453	2.53087682051881
0.169821801686415	1.66177064303543	3.32437960498308
-2.48181030654028	1.28337243954935	2.30667177245287
-2.30757564489104	0.206191982035846	2.26409014559289
-0.440195213859358	0.918619423149298	2.8234993808137
-0.0747877941361691	1.14619336982285	2.91010152533661
-0.154504577061924	1.2091638687168	2.35468582080382
-0.154504577061924	1.2091638687168	2.35468582080382
0.70960219842119	1.17841631021454	3.52876644383447
-0.512316084495866	0.152769982666156	3.43396142376515
-0.512316084495866	0.152769982666156	3.43396142376515
0.12766025979242	1.02920857973025	2.67976519198699
-0.169355240796239	1.30782729610815	3.20218144647328
-0.08615483547408	1.6757972607385	2.81411982041275
0.266093019248257	1.45386174237605	3.36242529827133
-1.66451571340001	0.736755095504279	3.73457221805914
0.773273910992926	-0.388389184643616	4.06018675595572
-1.74907379329624	0.299224963955526	2.87161718195818
-0.889840688469584	0.11285749841558	3.54635218773422
-1.08218542644313	0.408875140239564	1.94386829697304
-1.57927853487784	0.893459093643545	2.67184167031449
-1.82347461949067	1.58296615032936	3.42959464791573
-1.60392853653973	1.05329060234582	3.18320510205261
-1.01293789657921	0.957470555157069	3.10599814419394
-0.19913844861205	1.84720019066555	3.44421004582793
-0.902883089241521	1.66079087396983	3.39714779232866
-0.710268694553226	0.53333119471069	2.9322160648275
-1.37181780277973	1.18860656475463	2.45672395635202
-1.43691241596066	1.7119551270223	2.4718157460153
-2.20145536788503	-0.511871169857463	3.10690086035679
-0.750567906946561	0.14155038543971	2.8901618635021
-1.69827112485584	-0.6164346923428	2.07052731903939
-0.939142735956839	0.939428059184007	2.04082467109413
-1.16996657565297	0.700003940873022	4.40329783779735
-0.503180060659016	1.86948529243817	4.88492467053929
-0.242804675886319	0.732746647388074	4.4325698675981
0.0261726301487713	-0.530164542727861	4.03272768003816
-0.430636068982583	-0.880714397298047	5.12126628039506
0.434370043136366	1.50016998487183	3.21786834297561
-0.359124976634913	1.6777069933309	3.56742011741905
-0.145435386392081	0.391353534804684	3.40517734255828
-0.0109626177414326	-0.106824832752617	3.29283462045023
-1.0388453318694	0.473994122558061	3.1631674782876
0.149855191360292	1.84975130257272	3.52919022494621
-0.288876240130867	1.69112214706514	3.54407488796332
-0.434514714579132	0.763266076539673	3.77988980263414
-0.33223278574906	1.23614043733349	3.55079938063093
-0.725394349102336	0.215107027549324	3.42264945577473
0.145952754859536	1.25543475930527	2.98513183150947
-0.330714134744503	1.31760287696612	3.56584850317375
-0.466802433322682	1.73073614265235	3.891282799858
-0.466802433322682	1.73073614265235	3.891282799858
0.149413778178312	1.48144208716947	3.19201781434903
0.0890361854671458	1.79599750428834	3.36704599245186
-0.408537827222166	1.97181579625746	2.97293635265972
-1.09477801289226	1.1488779888203	3.01030384358158
-1.09477801289226	1.1488779888203	3.01030384358158
-1.12079142155868	0.409108362256361	2.37811288606946
0.335375775129396	1.01519902582816	3.44759111223998
-0.853714591066972	0.335977555200392	3.727997353172
0.520367697706185	0.482309955878612	3.86798957943615
-0.67224189121914	0.219793932584851	2.44708806472602
-0.502651822559146	0.260055617100261	3.08316487770395
-0.597770052472088	1.32464234528027	2.23445898201348
-0.415396686896526	0.156431966419661	2.49036083252748
-0.0971773259381373	0.666504974662181	2.51678393470788
-0.274556505476911	0.541620399537732	2.53734660530166
-0.210144749360351	2.20683076661005	3.29258022170634
-0.348899903671429	0.908382759771142	2.24232089283165
-0.459983790513974	1.63900683740628	2.24495518659205
-0.900567642638047	0.804667712676539	2.14772720443345
-0.799152997192581	1.10484980708203	2.40543896164711
-0.669796149456505	1.25285065228301	2.88840961912478
-0.669796149456505	1.25285065228301	2.88840961912478
0.0828618077054592	0.951610245932807	2.87119357379008
-1.60106757700513	1.91660628101713	2.20796608391107
-1.41093325189388	1.83646653890858	3.49501835332012
-0.848585214674207	1.53683158973813	4.07970010680876
-0.758936828706453	2.11582976911242	3.33877533303751
-0.885376502300608	2.07799383211383	3.57351746631618
0.142352931380878	0.709042508025561	3.21468040860878
0.142352931380878	0.709042508025561	3.21468040860878
-0.668638271317169	0.832313021513756	3.61034527275615
-0.030625104014719	1.36269286892222	3.29520849647383
-0.569541593656505	1.18376923894371	3.36772146607168
-0.336770536242332	2.2949075759733	3.40491549772393
-0.54868043131671	1.42822067946643	2.92186292797728
0.0630354175890161	1.73817925708031	2.63361561948545
0.00889713952799204	1.52979602987548	2.84852957368952
0.00889713952799204	1.52979602987548	2.84852957368952
-0.0855916674288659	1.09303659369137	3.82290168833018
-0.0855916674288659	1.09303659369137	3.82290168833018
-0.600259546994803	1.60485679898847	4.46932290309813
-0.6388567819612	1.27436044157514	3.99181044383687
-0.327551086052217	1.16384505625271	2.54371609874765
-0.330487934707	0.842475881466637	2.47608703182954
-0.0115942494268897	1.67845901316955	2.35607901624101
-0.938042191536396	1.37534580482055	2.77952832311731
0.400619589406725	1.98784347842076	3.30842141006645
-0.410716055466611	1.59913662010631	3.01458762659657
-0.418731058024087	0.860526969627913	2.4656925769189
-0.325281751797543	1.25754610481376	2.70713522615831
-0.179757843696632	1.89112414427802	2.9928867820406
0.0622677420008658	1.62869263734355	2.60369834064109
0.0622677420008658	1.62869263734355	2.60369834064109
-0.214064237444666	0.52180055758167	2.81366094014021
-0.53404582059167	0.912023933391376	2.28584984787142
-0.53404582059167	0.912023933391376	2.28584984787142
-0.53404582059167	0.912023933391376	2.28584984787142
-0.53404582059167	0.912023933391376	2.28584984787142
-0.538746369838538	0.891246016558646	2.94426414176208
0.0317229453771154	0.628574112123544	2.51575473670206
-0.337957492941892	0.905766773243533	2.3923929084182
-1.0689996535876	0.688218946217279	2.88513295993682
0.1639518678065	1.82675631479937	2.92630480658434
0.218290787359469	1.41094345827578	3.07055092715926
-0.486385164283389	-0.00474064993005119	3.26604449243043
-1.44178058675385	1.15019449783585	3.25036081039605
-0.68646074572553	0.171056060663634	2.78209062221243
-0.68646074572553	0.171056060663634	2.78209062221243
-0.690319585307905	0.75821067093247	3.17488868061564
-0.072723378006491	0.734197107727757	3.66134033564875
-0.585791177389665	0.89287287083185	3.63238969850773
-1.24795363083814	1.49271986531192	2.38738472538809
-1.34385749993975	0.520107127075252	2.80470746847344
-1.03946124537333	1.63329116929985	3.067027930679
-1.47818693565483	1.55122562589021	3.1365931852125
-0.479590176385322	0.606147783230638	3.26243556052528
-0.710732683072727	0.270002964402066	2.73133363168867
-0.760846250418929	1.38169037412988	2.94490676822669
-1.10453632528421	0.765484990759314	2.96302050266767
-0.89310024857867	1.42644373106811	2.81139304449431
-0.749532369251078	1.4395454398369	2.93035761105824
-0.426942997450665	1.07583104300296	3.47519290050163
-0.289675315932546	1.36265629973833	3.59688228267136
0.397597007275372	0.717235692485206	3.611484398045
-0.765868596182934	1.27124254254273	3.79139174566107
-1.02203216463691	1.22011456907002	3.03801605918054
-1.02203216463691	1.22011456907002	3.03801605918054
-1.57629607326451	0.308410403886873	3.2221885083934
-1.23930395324765	1.02899968346219	3.5547033840685
-0.299144908304356	1.08734746587626	3.74490613657782
-1.83949478451195	1.12174855328383	3.5435564009057
-1.52065872498736	1.14142849304321	3.30244492043205
0.114085830930769	0.874440998587853	3.12695032696143
-0.896224297436443	-0.181634459542589	3.21478061802279
-1.30345690935	0.0230985579465511	1.69041072503454
-0.741498411536322	-0.349814744529847	1.5763049433567
-1.37182070782575	0.30005339511212	1.92469707899619
-1.37182070782575	0.30005339511212	1.92469707899619
-1.41502394496817	1.08581056175612	1.97270435227141
-1.47363008766694	-0.0906669621016529	2.4534616599932
0.387608112523891	1.38099193195263	3.39069231731515
-0.122648486082508	0.563542839735791	3.23557353539244
-0.120602517077646	0.141957905417554	2.71776584358906
-1.09904421209866	0.634912987740704	2.41310651150045
-0.74163474185425	0.45909736472726	2.33488217496336
-1.50176896018345	1.52947808249051	2.76087266744592
-1.12436507321452	0.685818450557447	2.99841719395902
-1.17594784406886	0.347939278464234	4.00485241454271
0.215997355158901	-0.187585829850354	3.64021003313241
-2.05848110850464	-0.482879972232022	2.26504394203767
-0.122495434944951	1.07816654948192	2.29107296500136
-0.122495434944951	1.07816654948192	2.29107296500136
0.131913903584087	1.03983306168645	2.85806454281812
-2.39407857028022	0.984898495538346	2.60313636598772
-1.46324129424073	-0.193605943248609	1.87733526194064
-3.17878308383181	-0.28545118130131	2.20944321500058
-2.1407707365331	0.0260685246638626	2.27585505698411
-2.11756817660481	0.0574744612838313	2.0332682729526
-2.56433858316216	0.747268958061694	1.36622331550302
-3.19905254827369	-0.42685387813508	1.23314254437336
-2.87684707539339	-0.167385477714731	1.72296018093754
-2.59504397242277	0.457683051133971	3.00791685616152
-1.60611675691441	0.180580727012671	2.84140138375778
-0.340018376894089	-0.186238408367785	2.95307216734538
-0.289937547183444	0.0184025651554445	3.05083427393125
-2.4166358357726	-0.815286383973444	3.27513559352
-2.57173033128836	-0.627760445959465	2.78990055402777
-2.53642933015472	-0.405412798638804	2.66395697060026
-3.14691646057717	0.676981257651411	2.40367868515163
-2.52904213502318	0.460162648868364	2.75349573299657
-1.3635979167729	0.836196003182405	3.70071322438667
-1.4249075736636	1.54479878216663	2.88907457056032
-0.866267263994726	1.67761046469959	3.63341776531881
-1.54434275131716	0.556851857551135	4.60012220034041
-0.589800762011193	1.54725043476849	3.87176491526443
-0.47912815168949	0.900506712569607	3.64651607960018
-1.38659035769098	0.872591648972699	3.36124691725541
-1.08213070186143	0.196734748967005	2.96181300184986
0.107941456697898	0.965413359059575	2.64157732835816
-0.691857730205269	0.377753441511045	3.28199891387742
-0.590202435287598	1.29047618991129	2.51340761982881
-0.842494743239766	0.27661319096265	2.53699131367931
-1.42058302371433	0.620034281491297	2.59201524047794
-1.76630003458646	-0.324924951053239	2.40004487104455
-1.70871747663035	0.399629505636807	1.8450468804642
-1.14006816661118	0.0130143958013861	2.18229969718549
-1.30748928237881	0.453637097300548	1.89137406303001
-1.20318169600538	0.188710373448296	1.76925271981668
-0.373155958165765	0.171997760343267	2.61390394194106
-0.373155958165765	0.171997760343267	2.61390394194106
-0.511193833961166	-0.207269418269206	2.90530608960642
-0.569383209067914	-1.20345915258224	2.84924878131983
0.0620568229406762	-0.552900601732186	3.11294067447069
0.0275819713923682	-0.00599905508681842	2.88402326858321
-1.70761319902081	-2.32131356034504	3.04424287360407
-2.04842847947189	-1.15530498814608	2.7274910541432
-1.91059368382072	-0.404511450881823	1.28530338704066
-1.81622302017988	-0.320883445857391	1.25484212942809
-1.25584700516881	-0.364412734432847	1.33423494699928
-1.40143892280252	-0.81537594579843	2.1004852001081
-1.75580616771215	-0.132433475378077	1.443769252484
-2.6764270792708	0.174145048503932	1.90865514983389
-1.1420475095753	-0.291863886933126	1.51198001769514
-2.25776483517876	-0.192033505974306	1.87250822154962
-1.68348990079533	0.42904170833665	2.1439971713059
-4.71222125382601	-0.0747388617123961	1.84578840967401
-4.32315113407854	-1.55704580273721	0.332261922606603
-2.52852450702954	-1.5253754758659	0.985284944733258
-2.12883867429961	-0.487169029892423	1.05014548121815
-1.39746712624202	-0.661479207888606	1.71652367874724
-0.861592159121243	-0.0874401709990679	1.75763869302914
-1.30191047214766	0.0083442606181709	2.00946917191009
-1.25093144848592	-0.677110939342816	2.78429853916177
-1.07382718444929	0.508144488169801	2.86760746953657
-1.09095202391579	0.820814568363275	3.16660897628742
-1.32317280207572	1.53514045370706	2.74591003466816
-1.46739510681907	1.85030396631538	2.77622639241176
0.10850902585099	1.0103752046935	4.44448984869965
-1.7965100975296	1.54684547525457	3.91966743188239
-0.250447997417298	3.18995117736263	4.18343869956602
-0.678900957322532	0.750224851269392	3.59836684062786
-0.410733148015091	0.836794102058523	2.81197378517578
-1.54321294394444	0.977444816656705	2.73600967878093
-1.54321294394444	0.977444816656705	2.73600967878093
-1.44797797276716	1.64495155666263	2.36872223003791
-0.166738150396651	1.4139309031976	2.95741260473359
-1.94313987469085	-0.131116230137306	2.21260785775688
-2.53963768898932	0.456779680412926	2.03629284699173
-1.13304711652637	-0.410060823487916	1.42891806256919
-1.39762649410371	0.19233647606716	1.78817163823362
-0.905895504050559	-0.255448551163222	2.77836307086812
-1.36076551556995	0.435919538973287	2.29019492452483
-1.38878010356392	-0.501734066698119	2.0599923828475
-2.18978877196472	-0.734142101368034	1.93856193628508
-1.7450443109777	0.00909750585601177	1.78454004735296
-0.848801345752723	-0.115568935326307	1.79006244938192
-1.50884332049729	0.101829716728589	1.62182766768016
-2.28109518789318	0.509273019783649	2.59481770989719
-2.28109518789318	0.509273019783649	2.59481770989719
-1.79245504746546	0.265383911059556	2.49762579297883
-1.91430911227471	-1.9201747584746	3.11782469455779
-1.60398318907971	-0.223466034585342	2.0086742189796
-0.543824417931746	1.12043487595596	1.76282908711625
-1.99999901724293	0.360273020410165	1.94915143032161
-2.10385903619428	0.890179469811653	2.07011216517795
-1.05542162994524	1.0271268927628	2.54532781826011
-2.446685235436	1.10983562955813	2.92722945914454
-2.446685235436	1.10983562955813	2.92722945914454
-1.68226460088072	0.960661394586598	3.40289378504382
-1.68226460088072	0.960661394586598	3.40289378504382
-1.03824862059334	0.352762281174269	3.44783497358531
-0.711967851200043	0.608735752454824	2.83568079181094
-0.976057657808708	1.04751577655963	2.71133561922622
-0.199339872908488	0.562475889226638	3.00753969198351
-0.372030715862697	1.19666425644418	2.79458055294368
-0.64081003791345	1.2958243557935	3.9276887827419
-1.70910092100144	0.909691891022444	3.66951381250734
-0.690762625666634	1.57235698186031	3.20334879884202
-1.21722357540381	-0.0354297067498686	3.1437874566096
-1.66056503917182	0.863563339927777	2.92301980058554
-1.23434349675099	0.934640348976677	3.1474548849855
-1.20751031227098	0.827083411903924	3.52316382481192
-1.11471520635253	1.31480273994838	2.36631748662588
-0.568617876835331	1.09530015929184	1.74847218972122
-1.44835217190691	0.512891418958118	1.97601823505895
-1.12398095253944	1.4293082422608	3.01860565472064
-0.131865604546993	-0.065520051727531	3.46051030397456
-1.71848248035778	1.72168098957993	3.28944715639704
-1.14227093132795	1.16312744787671	3.10343827289522
-0.409206391678253	1.63127198395821	2.97976289877445
-0.286297843563874	0.688607981375037	2.35831522567113
-0.286297843563874	0.688607981375037	2.35831522567113
-0.266433048785782	0.485434831838721	2.59495011518266
-1.70378941265801	0.603070633698328	3.74647452111315
-0.949003052642295	0.721031026107444	3.67868450576923
-0.036503713005855	1.00529852791045	2.89829400801726
-0.433613859449232	1.58561137515484	2.60698373097382
-1.27336537988353	1.1725684453056	1.79937713207679
-1.64985553862442	0.980520471959071	2.78031615619482
-0.989184978520905	2.17794386981414	2.74051054337738
-2.20082300672157	0.532086389058512	1.97542884116717
-1.178806414593	0.712949792822663	1.86675019077576
-0.435763884225095	0.144848607032387	2.02850482964062
-1.08222623714686	1.07201208054475	3.50227796063435
-1.35670718525961	1.31573460051033	3.6491220141441
0.0777489605905637	-0.439347346615306	3.52468420466948
-1.8353493449613	-0.315797403577985	2.21480237561463
-1.85668153594715	-0.503667844021765	1.49102189229022
-1.35221608466667	0.984857068687056	1.93127400626568
-0.941543873826484	1.01061650339637	2.04670963628681
-0.941543873826484	1.01061650339637	2.04670963628681
-1.41242014094065	0.986046010996077	2.49242482832737
-1.02217231297842	0.778748924944544	2.7573961828813
-0.504289095715788	0.687933002240274	3.47343106408539
-0.0373008922518807	-0.114182199476986	3.01226265737653
-0.638653577099402	-0.207711093675499	2.72201121937727
-1.63452976762294	0.835020195788737	2.15069618759589
-0.641821046874007	1.51368202816642	3.32061710242098
-2.06753097573922	1.57289777765336	3.2728252671613
0.0206190721072057	2.0040893447378	2.78536005456123
-1.41217834905904	1.43925945064447	3.32847324766269
-0.851860328608053	1.49340734766379	2.87510373129926
-0.251646750667746	0.0533773003174123	3.48173965867589
-1.54388532708802	1.27513831341945	3.81859640106435
-1.08907990351155	1.24058266414127	3.94804237311221
-1.45801067858659	1.85899291354409	3.76192939844786
-0.911994318763713	1.11995810465412	3.72898725772074
-0.629068952725056	-0.6801037199939	3.81891334896876
-0.384741654598949	1.20960005734006	3.20601270750568
0.244671422552978	1.61973358019617	2.71703028726225
-0.192324492346105	1.65847324114755	2.60834195228483
-0.69309686073882	1.28482932698212	1.77441937074612
-0.69309686073882	1.28482932698212	1.77441937074612
-0.77208561903254	0.904069290100593	1.40192371264773
-0.562395647578614	0.644745688567529	1.54803067756844
-0.533220123934834	0.478449114217617	2.34518881095196
-0.533220123934834	0.478449114217617	2.34518881095196
0.398631566335032	-0.303646372941775	2.81154832229221
-1.65273176269324	0.728913124550147	2.13910284589402
-0.302552430830996	0.905759587401867	1.94611887436887
-0.579682336707128	0.568536444518867	1.956089072818
-0.509075702866723	1.34173902469128	3.23621374633773
-0.49762078409875	0.66359138751788	2.71419254633481
-0.49762078409875	0.66359138751788	2.71419254633481
-0.763762561862857	0.615005073270843	2.75085175406314
-0.591007507550837	0.86212508511361	2.55244053835226
-0.758061377797419	0.453739854569649	2.23261130371907
-1.2340390722614	0.992978440582415	1.86153938600583
-1.2340390722614	0.992978440582415	1.86153938600583
-0.807967937390356	1.37942967305132	1.53245718334825
-0.635376278772274	2.14114775817158	1.09125839710905
-0.70292502961966	2.06389778474344	1.60549201184278
-0.462958755776317	1.30061673734797	2.4928566289301
-0.462958755776317	1.30061673734797	2.4928566289301
-0.298235359158704	1.25568887542075	2.28015871352773
-0.669822123137852	0.607544938568607	2.42502864197517
-0.669822123137852	0.607544938568607	2.42502864197517
0.221184646162714	0.648280872011084	2.49775346820264
0.117954632094786	-0.109582895435223	3.34053380856084
0.283601488333552	-0.418133674765813	3.2130200302079
-0.588146367287366	0.374607542522055	3.70848354907685
-0.644134828613547	1.06550939461228	3.07483171304893
-0.147172882839318	0.34663217137995	3.37796697015661
-0.147172882839318	0.34663217137995	3.37796697015661
-0.317267671521173	0.600736897635206	3.02097260797237
-0.389778334227072	0.995795035550693	3.11618194643595
-0.389778334227072	0.995795035550693	3.11618194643595
-0.438245080221751	1.87663717218847	3.01380217145788
-0.431843255386927	-0.39577786213998	2.86088801837649
-1.28428908769167	-0.900988650593324	3.26503978203848
-0.350627591152076	-2.14774075407737	2.83285603916493
0.143754002745934	-0.782935828439662	2.34349942005501
-0.793945072975619	-0.0572827116294472	2.69023749265304
0.220625555483551	-0.293261305413824	2.69869081589115
-0.612893381427183	0.0779495115185487	3.43470747357988
-0.191909341828586	0.5094655258398	2.9957864622548
0.341248945313729	1.32812589934941	3.67578316888503
-0.521905376743403	0.152377981982352	3.95056160491605
-0.470564651567629	1.44029370639439	3.78136070713516
-0.13183801879991	1.33043492308593	3.747663428486
-1.04260628486133	1.12253323399331	3.10873654058594
-1.43375543676622	1.58826828306586	3.10127711119927
-0.931675950297569	0.295669945137941	3.92592020410057
-1.4458926022962	1.39896275594445	2.8660711680118
-0.35469181907419	1.20527560875581	2.3997823073456
-0.44728446883147	0.209602498204379	2.47417437761732
-0.242944571169749	2.01121646163064	2.43858537803349
-0.242944571169749	2.01121646163064	2.43858537803349
-1.02397042139696	1.64703543512157	2.64873925185745
0.603861561719105	0.406605516042262	3.38616206639041
-0.830478876431311	0.798261371700575	3.73859900141036
-0.471899483856913	2.06243271305604	4.2965380483967
0.15801281175297	1.34891999157938	5.81325375818763
-0.370782229004652	1.70890147513373	5.16640465435232
0.0769627659340971	0.574685167370885	5.06265720652713
0.0274699103640257	0.26982799480645	3.49380083723341
-1.04550812614845	2.07989800486365	2.48496014165479
-1.59275009436334	1.16425892864393	3.58836718093388
-0.652064306584769	0.323218690692995	2.68889140446723
-0.620608280742991	0.766053322819124	2.98754603505285
-0.385124927149771	1.40172259756468	3.03652343890792
-0.504115959204614	1.56739575478729	3.8373152369706
-0.451838921534566	1.45201815040651	2.73389557749525
-0.201340361861283	1.77925611113396	3.11258957601686
-0.0893039913213128	1.45537658603387	3.05320456275437
-1.33234664668074	1.37565134132994	2.96949377820124
0.0131192649131269	0.739603891309681	3.04082281226796
0.129181257441305	0.386469771139347	3.51151002658665
-0.0774053099329075	2.59313165550493	3.60051032744048
-0.618362558685869	2.42605523217265	3.64564693206085
-1.05889253763676	1.93491937614607	3.2850098246911
-1.05889253763676	1.93491937614607	3.2850098246911
-0.325499110775109	0.772735170672773	2.81011945722319
-0.606639266518037	1.73027724680612	3.33270217301068
-1.04609779000646	1.8646121353261	3.6824048614624
-1.22204366086407	1.56369736617635	2.90028420837664
-0.59369634751481	-0.948309288612287	4.27908624557134
-0.119693877190779	0.076548075641081	3.68973885188862
-0.224676062602431	0.933879114604165	3.45112995001422
-0.65240090278051	1.9279019972059	3.20517566913464
-0.65240090278051	1.9279019972059	3.20517566913464
0.399107338915356	1.10284193607083	2.99050867925995
-0.186923356729146	0.390008276116386	2.87730856881165
0.75941570038193	1.5431116791508	3.42846060907023
-0.645017865699983	1.72454822663067	3.57642463845749
-0.10456813141575	1.10633790392076	3.92573866578568
-1.93360825579416	0.212661234409799	3.56045620872671
-3.14907841190971	1.37175013675629	3.01134368954255
-2.32414729853148	1.3904496837996	3.46330094838727
-1.39709319594982	1.00405011004327	3.52989867801842
-0.781025443674003	0.813673716829043	3.27063522699432
-0.280801425324795	1.97437138311453	2.83213727585168
-0.869650475293015	0.707117039443641	2.50651683739789
-0.869650475293015	0.707117039443641	2.50651683739789
-1.60469555780255	0.949648111921307	3.14262492662518
-0.632945052856894	1.21395033503853	3.24251645472439
-0.516414617216362	1.38576336798978	2.82748592954708
-1.06927913595095	0.432164448673537	3.20671467121052
-1.7936311858169	0.847429521003779	3.31150799209271
-1.89948375062693	0.289783043438995	3.54183683400894
-1.30873721781114	1.71448557127626	2.9325110348364
-0.913461314366513	0.881532213958888	3.50418555381202
-0.697977933653766	0.611250766589584	3.68193481670698
-1.96680953255023	0.869328175595528	3.85735506543661
-1.67076369461329	0.533359199641391	3.83176102808535
-0.614906115139877	1.86383552215912	3.99790249190303
-1.39725167924907	0.96677245741868	3.55138385443067
-0.592303233572286	0.897807763195571	5.45895679151117
-0.647771474249795	1.79481170174833	4.35989210497622
-0.58337648750567	0.658706761219967	3.21166371344663
-0.905307771512236	0.46812686151038	1.87230017541645
-0.905307771512236	0.46812686151038	1.87230017541645
-0.864180202373819	0.113221220082521	2.18070616332222
-0.320442793872613	0.51279678286134	2.72721536259332
-0.149993284009083	0.0837550803265107	4.06399998553705
-0.604203987740157	0.581062532614955	3.91334423706428
-1.32828943116139	0.531882882325305	3.12540606837456
-2.3273823294719	1.16809263400065	3.05225988196701
-2.62136439499593	1.90335331848071	3.27561909915563
-0.486505167221334	2.35742899797458	3.24713350654167
-0.0147727750804929	0.581191833449228	3.72064177004978
-0.942438615998116	-0.224973277383122	3.19684654972108
-0.401947703324821	0.60213443764303	3.49234154333834
-0.932919436301216	0.308382909419026	3.21439843164809
-0.192264594920355	0.654785641537877	3.01585954675846
-1.32740189976671	1.27115440547305	2.72530841381164
-0.667372804334377	1.4581052912778	3.37335733224155
-0.453669145571466	1.15756593920591	3.17949478804954
-1.66796792369317	0.588487390339536	3.46923149902987
0.0309812666542857	0.983662815005712	4.26328478826475
-0.229331476605182	2.03357076554678	4.98956329955207
-0.424842404878511	0.205770041745738	4.27008696508479
-0.250180581351061	0.31998315072904	4.44287467604657
-0.457816160961906	-0.0627241518557866	4.74689145246889
0.433212641899828	0.79150301446673	4.45055842414681
0.939889628561206	0.660264240673556	3.84421592513466
-0.402821372093994	0.712337469449167	3.43749796595561
-0.903494556640937	0.20477673075102	2.82722353302294
-1.82623951113542	0.535107443427546	1.97699143226277
-0.791394796633268	0.0535557410833777	1.97020525522601
-0.9130791094977	-0.00654063821981203	2.09720950592396
-0.851985557866298	0.922518436644539	1.91446668272879
-1.02591535793615	0.589709187218843	2.01956327291684
-0.36266477966251	0.475137482709426	1.97462919144942
-0.415402679414715	1.75448475174264	2.36125014360098
-1.05351832028869	2.09869204284136	2.94085504127921
-1.16794191607244	1.82136122232451	2.60657456435011
-1.38031193515334	0.820554103847843	3.75774777203783
-0.666997947842747	1.64756643390323	4.60642364616931
-1.62429339884798	0.651054614303989	5.19876396564017
-1.10027766977721	1.18770215258021	3.80724498061417
-0.0460015658929955	1.14964012503468	3.26313066982482
-0.0529256838681229	1.78036030868106	4.00521800911209
-1.01693864928948	1.91098269121064	3.83026908275413
-1.4328965914364	1.22256778982215	3.70203104567801
-0.60102605768014	0.98780926716916	3.67750108871019
-0.60102605768014	0.98780926716916	3.67750108871019
-1.29808434122455	1.07835596114963	3.74756709244508
-1.9095289753531	0.130416895103705	4.3462656457962
-1.0428842932407	0.713443778388951	4.05698016590711
-0.727620360039769	1.60931375643647	3.73559199004508
-0.686069393660864	1.06708360634682	2.85880476403625
-0.331954113990629	0.0686360989104609	2.78807935574419
-1.44207034448521	0.566672201728058	2.54179042438074
-0.893597597845391	1.35152623570576	2.94546047268422
-1.07248265891693	0.459862863988245	3.04328123025842
-1.39925935537675	1.45450465341445	2.86824148802512
-1.40699399523949	0.711946426064185	2.01722890449062
-2.17721104829116	-0.151617817195625	1.44938719658333
-0.545018908717514	1.48612466642179	2.58633937831009
-1.09119400580137	-0.464067249424997	2.4954322568811
-0.436228733585296	-0.997937333083419	3.10144101444289
-1.35039818127799	0.929271582926489	1.93544511483236
-1.33443337508197	0.770242576021661	2.17700527117653
-1.02346125728271	-0.523197373134979	2.18152727146689
-0.785361376788272	0.512144234123384	1.8453498899845
-1.65891237737318	-1.21800918880197	1.97697255939253
-0.834339044843655	-0.1216737361329	2.28006417072713
-0.839455838829766	-0.787789294442303	2.1145127369872
-1.1597472004591	-1.53016216285535	1.29554531973256
-0.538059198155865	0.217875485636045	1.36572455164489
-1.64386597434072	0.222507551139847	1.46812912653325
-1.40191761089045	0.177668253147324	1.14089656797248
-1.49157795796506	-0.0709738348543782	1.2804232238575
-1.53357186952342	0.361582297412585	2.02497745143888
-0.683515433597438	0.455163644787948	2.16885946988404
-1.10427099515578	-0.288817615951149	2.94024820900765
-2.90682517012486	0.103274564621185	2.808713646467
-1.41689528380996	0.669384198538447	3.1013904886605
-0.339851950949647	-0.300552709796196	2.49324159440551
-2.9298123165489	0.745389875002093	2.82961236786386
-0.569820199567151	0.5454300682333	2.73053750471121
-1.43863253226289	0.34437253892438	2.24324710967303
-1.15227026149077	1.37796130836368	2.90003695407082
-1.59521162966131	0.875430480098757	3.71539579701954
-1.75207305301892	0.584286015235999	3.73233741280537
-1.7169514751447	0.988197887079676	3.34703392276242
-1.39453480516738	0.816190151829967	3.47466463458695
-1.39453480516738	0.816190151829967	3.47466463458695
-0.0773047027840035	0.921331201871989	3.55109129349603
-1.67489280549027	-0.188162627476299	3.30850784572099
-1.85108789480235	1.33547289562097	2.4621809268572
-1.60715585981062	0.828500931395841	2.90754035162146
-0.740969888073068	1.27474026744944	3.31939752924154
-1.48407098862617	-0.520833889146332	3.84124218334292
-1.67994210000498	0.824717543637997	3.29420348065783
-0.634050357759589	1.19868296088177	2.75551613115103
-0.984014455502597	1.12228279427849	3.42353988897416
-0.263263221183208	-0.22173911943042	4.1250558572631
-0.899945226775319	1.01799594717346	4.3052313319636
-0.138150596993751	0.950886194766329	3.67369760133733
-0.224426223520316	1.09017341247193	3.31213601522172
-0.0884802876449641	0.0536243848221192	2.93608215939629
-0.286113973116527	0.632529789719607	2.67859436918315
0.498504744526594	0.611714319749145	3.07985322033646
-0.426896218491205	0.0771121717498498	2.94060026969466
-1.18554871902752	0.848145029784916	3.23113235287139
-0.376808294360093	1.13818659959753	3.42744076476863
-0.376808294360093	1.13818659959753	3.42744076476863
-0.453580666804609	0.606297035966264	3.46244612722362
-0.88556576112864	-0.74603945943227	2.7773682329682
-1.39705907476803	0.0950686670086099	2.35914818618874
-1.07476919461946	0.113901549299247	2.02615100405735
-0.82287174598411	0.842018095696033	1.92856727591264
-0.829490672453573	1.11486093939336	2.22708597027163
-1.78663443581258	1.12932923463638	2.34441252877472
-1.48004110600272	1.20718942194018	2.96869312261075
-0.94781059702561	1.53968549686261	2.01232975846438
-1.3910733086622	0.659849769015653	1.96592697421086
-1.3910733086622	0.659849769015653	1.96592697421086
-1.00756355953051	0.83314837977908	2.39341304866475
-0.725677671239648	0.38167425461384	2.51069791752354
0.193886894286553	0.214744961417662	2.45047456783563
-0.495892347518858	-0.0494657821563495	2.55624095176211
-0.828956698207293	1.43956925756592	1.95871984435582
-0.943366938332116	1.72755336496821	2.3199147457717
-0.688077393885811	1.0883732584271	2.69975072276396
0.48941315159548	1.02916082792781	3.20461223461412
-0.519372543195219	0.592079828612605	2.83203938456412
-1.57468594194096	1.34780961419982	2.49624380687834
-2.71312807427999	0.884033805265403	2.69890261561928
-1.72259746373413	-0.97684343927019	3.46359021571524
-1.96257948439343	0.536019128334043	1.99169307925558
-1.8332972130766	-0.201726420052541	2.16161333837477
-0.968518197502971	0.911672597318933	2.94769465144087
-0.907396748359892	1.42011900505905	2.25183480450461
-0.439678807434245	1.46612929234797	2.31624348548722
-0.387828063892247	0.81270786629269	2.32221003804519
-1.37406581448268	-0.117994200490489	1.36882887498812
-0.609356140407234	1.00247548340259	2.34254432818903
-1.08110243999478	2.11085837067835	2.46363549940089
-0.695506793535812	1.4412599348776	1.77326250284275
-1.09648093624661	0.616405546001024	2.45779654274629
-1.01288134084317	1.31330811504596	2.25701804956123
-1.01288134084317	1.31330811504596	2.25701804956123
-1.08561082083181	0.126670714161689	1.99374483717977
-0.98621601534686	-0.26676813835018	2.3971567113156
-1.96316167439501	0.534244848540505	1.80635096357389
-0.842870809424461	0.651232522968339	1.97841970092448
-0.842870809424461	0.651232522968339	1.97841970092448
-0.833677429541401	0.293761233799672	1.98857501785539
-0.833677429541401	0.293761233799672	1.98857501785539
-0.69202344273879	0.610353555203335	2.39224100576241
-1.45422725427539	0.040042542544357	1.88385733961194
-0.645081389674362	0.35753013670341	2.13004144361439
-1.8552777338995	1.33450236051501	2.58625639559089
-0.390570773795557	1.07006542139955	2.99511596025151
-1.59393183984057	0.935784256533866	2.9010970643852
-1.21149315417049	1.03701405794403	2.61011822461668
-0.856112520032887	0.659610020806361	2.10869635735373
-0.530186784643321	0.619339347831998	3.08915231243296
-0.847402949538471	1.2972151650093	2.60234015622211
-0.447766553135591	1.3202873259696	2.69766142886046
-0.486078906766171	1.69989818697623	2.82298256100175
-0.231639616113826	1.05862807589404	2.2538384750575
-0.368026739987847	0.321537786305301	2.59114076038585
-1.62482127535884	0.147152889102909	2.33591294783438
-2.73351024471001	1.48687666672539	1.60367205346916
-2.02028597666469	0.507933479426274	2.50496288092077
-0.863616428041809	0.94253810085941	2.93732960100467
-1.70642876396679	1.13403865842623	2.94525925590409
-1.67339189519233	0.875359091536459	1.82300992217247
-2.87383770200455	0.109711101684032	1.87362815665797
-0.749063033764872	0.496060662572292	2.34968715182074
-1.34371363519282	0.337237553873713	2.12151054995604
-2.25331608149578	0.527131334770171	2.18791534581598
-2.56913716214499	0.0772482313217764	1.79872341496922
-2.47225455586116	0.662892459320885	1.97316090432179
-1.90308747833176	0.95658490025596	3.1571878622514
-1.22960767116687	0.987383005233633	2.76111052044485
-1.81471640580867	0.522991225343267	2.39289377518138
-2.35651497201685	0.0825136633432133	3.99717719586888
-2.17466439116866	0.896850494907476	1.87868053281822
-1.37973511941107	0.364304905199007	2.46368349366036
-1.54705247225973	0.556964718251313	1.7321557809963
-2.21492911230348	0.551819990354938	2.12041881653543
-1.48700316054972	-0.465216160795641	2.56118262045913
-0.662918185518204	0.466708706105005	2.14558617372452
-0.559690959472178	0.0340890055340274	2.14372149014421
-1.65112053067254	0.733500283012121	2.32877894273095
-2.55656803601053	0.132464095992438	1.96978874171595
-3.15133074354272	-1.14473001091539	1.59777960887788
-1.98111401511685	0.0750686609200793	1.01996112729332
-1.60591748959993	0.331065787015145	0.850891569644486
-2.179150746699	0.0457224844434194	0.577582072767983
-2.52645131747709	-0.148977331984682	1.16380815301007
-2.30806826501118	0.340885581425095	1.70757981030537
-1.36349169636823	-0.172608911280511	2.32664327326812
-0.478441378616513	0.775539070334971	2.62862852859995
-1.10416039064517	0.656835502722991	3.0837535028908
-0.519954590261988	0.0959353021907359	2.03371772068781
-2.17963501973281	-0.914989246997808	3.28066961282338
-2.13748404341513	0.807999565226979	2.46724814675556
-1.67764289264986	-1.02451776663026	2.41238166887904
-1.48820374242396	0.601017447367042	2.39312502402865
-0.726118302524899	0.788442614608329	2.10144637450172
-0.538874847384127	0.328931088654061	2.04756486633571
-1.41870622713135	-0.561532235526752	2.46121879072004
-1.69856205996837	0.347413516575838	1.6163092312168
-0.87014613729298	0.696747076317231	1.43609243907015
-1.54726779845816	-0.33021496034607	1.81528531270544
-1.74004201337657	0.264991971368407	2.08995550006429
-1.74004201337657	0.264991971368407	2.08995550006429
-0.304443064952255	0.26946512565409	3.35407619271508
-1.37871448895511	1.12518253189719	2.17005681662936
0.281794426342233	0.967285459584884	3.12807075794957
-1.5120171665366	1.55106495756607	3.03829255536582
-0.820385269579688	1.34666371207913	2.96855820495172
0.527535641664526	0.764271238391622	3.31903848594484
-1.03476604412323	0.943047589921451	3.30604166771265
-1.40293563831519	0.320523026772529	3.98397737977994
-1.06009412364859	1.18417946610809	2.65117276593545
-1.06009412364859	1.18417946610809	2.65117276593545
-1.25753643118023	0.487730572994833	2.62377231347003
-0.657399379253765	0.694713459222804	2.30562507699007
-0.405606026911527	1.54915452267921	2.80526943042589
-0.951280373603968	1.16266754328077	2.77811483309066
-0.875639998154314	0.24529188646455	3.75995039726957
-1.47943611586342	0.00582795428402744	3.41183922645637
-0.881423844602331	1.37888990819756	4.27065116396885
-1.01140607651342	1.73548279851453	3.4434814490307
-1.01878878001927	0.912014644041484	3.28847998477041
0.0592840795107338	1.26411566999065	2.60406972502409
-1.69648744979447	-0.308574907669132	3.23688309216602
-1.10089939586938	-0.05191771859094	3.72135137578471
0.661971090612721	0.691878530354826	3.65498987182291
-0.198342075011198	1.24603560380634	3.40735259850635
0.0867120025738766	0.425849989143771	3.10709389761594
-0.652517465391569	0.749508966667543	3.48357298527096
-0.0261775660623934	0.626597253778619	2.94440560946369
-1.01019256444848	1.03303912891518	3.1941021211102
-0.73079542082473	0.390274870462589	3.20759815588603
-0.388645271251214	0.643616366708766	2.81137028323721
-1.13871013480868	0.73903578148654	3.09115548681694
0.0504677668591304	0.84458669800387	3.23429097777504
-0.41540248290938	1.07312399481652	2.89890301573006
-0.61994242066432	0.924293118286534	2.94003980382975
-0.61994242066432	0.924293118286534	2.94003980382975
-0.756514624809081	0.299578525685269	3.00295622763337
-0.47518171637149	0.87182373473749	3.72084891769482
-0.600965882626062	1.2712344267585	4.05365653514891
0.32735337954416	1.0264778951055	3.45221993916424
-1.11778664839479	0.929033309468745	3.44695562605084
-0.721521866186451	0.481632891759879	2.71950111170647
-0.598050386425941	-0.800523905961851	2.55750889493776
-1.64778662865032	-0.460795800099598	1.49206570502616
-0.891318412237048	-0.212075709237222	1.94138597699384
-0.891318412237048	-0.212075709237222	1.94138597699384
-0.529561670666807	0.462108767719743	2.26635359162162
-0.529561670666807	0.462108767719743	2.26635359162162
-1.23096741443806	0.84309353925585	2.91705866934955
-0.293021440543462	1.10882500725541	3.50310106067558
-1.64743880247888	0.956350784097073	2.94040504009239
-0.278460218524276	-0.165464859878364	2.79180442135913
-1.16126193080343	-0.425348809042716	2.61307604388567
-0.454236404910177	-0.701356698114105	2.17615728327349
-1.72921628289603	0.247708205610769	1.38911644074394
-1.43610814286695	0.708888767539682	1.11816523982162
-1.43610814286695	0.708888767539682	1.11816523982162
-1.20876726114105	0.737350758589848	1.75236582450305
-0.708238631139668	0.342192640282992	1.89550274992528
-1.11272131958016	0.227883615065362	1.37551720514845
-1.38197311967671	-0.620958429246745	1.77569233086907
-1.41484515713457	-0.00649368787236204	1.44946577388444
-1.354582222061	0.0652632873152102	1.25100806263596
-2.01665520518993	-0.860164454392776	1.87844581775949
-1.93379269329539	0.329732488172002	0.898869680179582
-1.72701378157099	-0.320856949635924	0.890232330593324
-1.69224468653701	-0.980694477073112	1.11323591700666
-1.87306116263	-1.21009140300585	0.923003121440382
-1.79774817379245	-1.15000437793199	1.33827993475423
-1.6104852803662	-1.08619026169378	0.955462517737033
-1.65064916461285	-0.426233020971618	0.809608977868536
-3.19048503417758	-0.0767831767455265	2.12015264877861
-1.83807073626464	1.18486054126488	2.0325098918095
-1.17857006598032	0.525936758857922	1.29794595343512
-1.76151441756839	0.108784117722605	1.5459136223078
-2.17266302033702	-0.509349160561644	1.87528508976298
-0.658268362347635	-0.614561036539062	1.69615557873258
-1.29264677598255	-1.13290749296822	2.19019631780254
-1.08526980695975	-1.59295464625427	2.9275689832482
-0.188214367446758	-1.00817123737376	2.7747573589741
-0.100290066087135	-1.81281455187511	2.49582055299532
-1.23209916103591	0.141416379565691	2.70772061728844
-1.53040540113567	0.278967067122088	2.29531736409946
-1.16356334829496	0.122166148488073	1.64578756917472
-1.19082467741451	0.126561378486359	1.9351850192952
-1.29670408049985	-0.248026043835684	1.83822389836733
-1.10517191874677	0.515536709976463	1.88906668892491
-1.34730433509439	0.279951140875895	1.75456133247181
-0.957128846035264	1.35547154412938	1.37625863283018
-1.92511277710312	0.0618165069815134	2.00032627688505
-2.05098815863705	0.27345303172626	2.39821949879241
-3.27088876555839	0.0275501919179098	1.75516842507266
-1.91806303223278	1.28951369431754	2.63790515096517
-0.826951632597524	0.906667270185511	2.26542586573253
-1.76684797987072	1.13402139090502	2.31970308058861
-1.59426577391365	0.906243241893659	2.85113259778669
-1.99947751802406	0.823827889816898	2.60508197320069
-1.7753556857506	1.00183711955297	2.26554164622199
-1.7753556857506	1.00183711955297	2.26554164622199
-1.93654384713678	-0.830639056474027	3.3372387105504
-0.368929471063769	-0.0659246950698431	2.92705276398431
-1.81306909372658	-0.376981088857742	2.63115316897607
-0.110728547731228	0.967814504847458	2.58709696190352
-0.159011580837593	1.15924479908693	2.54205051653431
-0.904576438735166	1.55216481608137	3.55581415163073
-0.497627093688565	0.464455683554735	3.38480687494426
-0.965948752227677	0.656692013147539	1.68832366821519
-0.516258927183068	0.374094631220784	1.95297382680025
-0.699043185481977	0.304359672009916	1.96771391991825
-1.86242228197097	0.124898132673376	1.96120663637274
-1.64834669031905	0.394016812169774	1.94986070018341
-2.18359787091469	0.0700690544293595	2.06849981508545
-1.76728729610413	-0.188280295438514	2.70437886670783
-1.32849747931616	-0.489214669344376	2.83830879802237
-0.919082187179864	1.1257483038893	2.51854470934863
-1.75799342694768	0.0294064589800203	2.99787490583191
-2.47471460524833	0.436130448989153	2.80891040840392
-1.84057667580279	0.878987729256956	2.38642513946581
-1.76128664348787	1.06200541500105	2.79953050939429
-2.71465538808843	0.507873795758658	2.4500985814815
-1.0690672880443	-0.104032741677582	1.71764391567353
-1.28480441014343	-0.637821574620353	1.78088298971011
-1.39690626199455	-0.708488266311575	1.85949961403374
-0.965888295920366	-0.108302304999695	1.73703783740077
-2.51747769344983	0.0619468101079796	2.32687346225157
-2.9179279744593	0.458721516804027	2.43132130797164
-0.880374446513858	0.512384139319588	2.99582791512296
-1.934792524153	-0.851762868723454	3.91861551014166
-0.858685327384491	0.52893376874178	3.82210845149207
-0.202887282846416	0.941924968544743	3.78323014884024
-0.618333380108951	1.69323984672954	3.43850127843952
-0.36930410119034	0.963648994319169	2.7915448998581
0.339210068808207	0.835893330093672	2.77103438757565
-0.101895295818148	1.33991111051554	3.99945009851871
-1.25565099639524	0.511241384955403	3.93835563085882
0.639239376642269	1.18079737367094	3.24614715987599
0.639239376642269	1.18079737367094	3.24614715987599
-0.963510377078058	0.99986564086141	3.61512454608686
-0.851979444890625	0.73824161070645	3.33777198857815
-0.851979444890625	0.73824161070645	3.33777198857815
-1.93710972822536	0.866434843899343	3.27836767388356
-1.32338893632004	-0.319118543032095	3.38492052257247
-2.15678247246836	1.53097477084605	3.5455562140864
-1.95686633651868	1.45003373922408	3.18379844127722
-1.9539098962844	1.02402580915503	2.86673098992885
-1.75935970950102	0.919357566594281	2.73987759030277
-0.555561464919987	0.674014955584921	2.97768032986922
-1.83309962424944	1.28810898841935	2.42006403459076
-1.23914727673041	0.636475396928812	2.6823180996324
-1.10017968393184	0.11366435031606	2.66268186508784
-1.99403909780629	0.10371220587216	2.18693809115446
-1.50208235855454	0.902388988905512	1.89551554129679
-1.78319432770029	-0.032204512248059	1.5734911939385
-2.72371638395553	-0.577746738230569	1.4714139746636
-0.380804619675253	0.0818068611063671	1.90366435121269
-1.15407949069334	-0.918130902010613	2.23571802433565
-2.06230220309313	-0.529028672608011	1.63061008299147
-0.93371165711326	0.216980916455253	2.38022809366727
-0.490870302227291	-0.380540528818112	2.49900895788574
-0.206287500674619	-0.640054519874691	2.93497585691292
-2.13253873552601	-0.302598604911592	2.70914355032747
-0.700805191988711	0.225077236301538	2.12961783814932
-1.29851511724562	-1.0231529883757	1.91727831287777
-2.06222950187682	0.346797776641842	2.08338515965849
-1.59093491143531	0.215953710552313	1.59985334489752
-1.36149074535089	0.2623229488078	1.33215275166707
-1.72836878994897	1.14251327116178	1.83598196101189
-2.44944386078399	-0.554316116338233	2.98277754405257
-1.3382536503253	0.16317380922221	2.64136468438544
-1.00095319401127	-1.4198796622573	2.97489567471143
-0.628370418053413	-2.64560720907989	2.50622326679986
-0.743419582823669	-1.07347435136573	1.79884972258318
-1.02812415215157	-0.310868176362983	1.68594406116451
-1.11133259303455	-0.0368873498265499	1.94257171836712
-0.927340831110728	-0.149757905662904	2.58146042252877
-1.68261100510986	0.0620016880863437	2.38334632065168
-1.73797769703546	-0.356625630127053	2.19613526897436
-1.39449281134522	1.23380826978221	2.19480490367711
-1.12983827850951	0.433239972294649	2.733276498251
-1.01110704326907	-0.426007078889463	3.19494411551414
-2.00892446676044	0.164871125369737	2.1310852316765
-1.73335888114851	-0.110879690904532	2.11744643432043
-1.60404421330702	-0.270987362568465	1.41851796617381
-2.39829769850583	-0.197129587450831	1.38430958634657
-2.00180597717252	0.374593651403375	2.09669009145792
-1.8569415362471	-0.172705105427038	2.09798537440137
-1.05220607916055	0.494392731957218	1.99050098770818
-2.1661323353611	0.215136772333839	1.33718679407724
-2.29174956798153	0.542110523604366	1.58948100051588
-1.88993803787189	-0.0029806423270895	2.03042648911669
-1.62713938202294	-0.144237594009286	1.46885069160841
-1.55328445565947	0.620171106535976	1.90027793391959
-1.24337738544085	0.546891721330048	2.23018022286401
-2.67511466208032	-0.159901163597443	1.70244572332934
-1.54828917044172	0.298663206788979	1.13527797226643
-1.06245997326957	0.558470000370871	2.76775701372169
-1.05285155561874	-0.311302092535456	2.59424858013281
-0.879841527271298	-0.466424865270263	2.87176458958053
-0.203735718743358	-0.0929656466250254	2.94131384281194
-0.146951670202758	0.837432154527395	2.33846760098904
-0.402692506932786	-0.198616111426166	2.68537198976344
-0.402692506932786	-0.198616111426166	2.68537198976344
-1.33088435333086	-0.42445985800426	1.98782044529439
-1.96493850202161	-0.061131530317531	1.6418907680849
-1.20363280872654	-0.272247906971302	1.58151215787149
-2.44836741657053	-1.44721455111059	1.38693950806774
-1.71653505066678	-1.64040477202129	1.4459040969558
-1.71653505066678	-1.64040477202129	1.4459040969558
-1.84671595112724	-1.32902267530129	0.787850584485011
-1.19009632204185	-0.134085787014407	2.00699014314817
-2.13507315183893	-0.0907214458943717	1.57329916015696
-2.13507315183893	-0.0907214458943717	1.57329916015696
-2.39497050401274	0.491874951424163	1.64400183693689
-3.35078257032102	-0.196732565816817	1.38541662878277
-1.8955488257935	0.494180909257753	1.42531156103789
-2.33305364428784	-0.309574225284749	2.45570350311512
-3.56207096593611	-0.423111691018628	1.62104041052532
-2.58402001756128	1.04098802433373	2.00717624602124
-2.39869775761905	-1.00590824166034	2.20597645564298
-0.969010011734571	-0.355314932843261	2.37059571129285
-1.68387786105884	0.214029827309309	1.04949906150491
-2.01907227237914	-0.259427324105857	1.55799680919652
-0.814544968120529	-0.729935754286454	2.62196223071112
-1.71668481237295	-0.97956176537946	1.77945903137593
-2.08055746237801	-0.294212006202984	1.54536566099004
-2.13157135683349	0.301019690585661	1.63151774905593
-1.96087669284372	-0.0199026138622359	1.70301129913136
-1.96534981571567	-0.164495238205152	2.65063327290572
-0.0137734450079192	0.244938784427973	3.015162637444
-0.390773303910157	0.839764392603679	2.95843680015385
-0.273767281341745	0.7686875724008	2.98637519099001
-0.319330141980402	1.53613012952056	3.15818605731713
-1.18916256281934	1.62504047491521	2.25576978771617
-2.73341112484957	0.805980042671069	1.90324939423616
-1.87429797120458	0.0948142304478725	2.26020513116423
-0.559993129353437	0.97111921349779	2.3779421775314
-0.945002815284202	0.478605518291944	2.86551874120841
-1.19131054383804	1.20211676955772	2.39584009913616
-1.50474170197843	-0.564794267789984	3.03772204296234
-1.3698486212816	0.225640468874821	2.07198981897275
-0.473082401721388	0.343645783438907	1.97307164733
-1.56165160398851	-0.119456924889778	1.10223240870558
-0.200149104721398	-0.0787992306044549	2.02476729995341
-0.360353986343709	1.29434512314939	1.57210554225254
-0.620147201705355	-0.922747539616714	2.17223629668353
-1.78480937145982	-0.553363098828815	1.89839505619633
-0.561560566816966	-1.59519944659938	2.6822135108182
-0.678700574101234	-0.035337009166257	2.62730689274564
-1.40373090094774	0.0766559953988677	3.03113748934597
-2.39576496068713	-0.682743432705632	1.85262931104609
-1.73968692114051	0.451334795911896	2.04031106304591
-0.983864869033576	0.468046356694813	2.71564560127599
-3.12875486466344	0.385353434512917	1.9056775730653
-1.27741766763287	0.424157000759074	2.63812243546793
-0.236775209580042	0.758128054526296	2.76859066754208
-0.333327262249331	0.73885495645263	2.75718618752897
-0.685314135797878	1.13405172310122	4.3439834421668
-1.05556085071699	1.85300676137756	3.332833667875
-0.878635443106583	0.988219224848157	2.94827611072268
-0.878635443106583	0.988219224848157	2.94827611072268
-0.817131754823129	-0.407391805370046	1.71807628625298
-1.23316828153856	-0.319584482765173	2.66225719501434
-0.684757696464485	-0.406656541167478	2.47630894421637
-1.32906261481669	0.838196409652919	2.3558880023702
-0.40143627705674	0.878450786644337	2.36374455585344
-1.50612285042125	0.517137037503817	1.97413427678544
-2.34529361817956	1.35412579740031	1.54326176867172
-2.16547616930313	0.38844245842518	1.51455537683971
-1.57532061071911	0.334258426060037	1.57956066334661
0.19788238508153	0.649928268534274	3.34792821339104
0.432494124335795	0.404459144143145	3.94664366838856
1.59670356112615	0.982957984358919	4.09479781908271
0.857624271627541	1.18010303632765	4.27716568489573
0.938599869355396	1.72335826069451	4.44205575469237
-0.470882540883432	0.97148173662954	3.85487652968333
0.376819175640041	2.17201228472055	3.76070983692798
-0.382407316723256	1.78310179063162	3.34424338219656
-1.16703620427724	0.378175437462405	2.33789322053083
-1.16703620427724	0.378175437462405	2.33789322053083
-1.23770893999567	-0.107545291283786	2.58350175692718
-1.67665479406403	1.09993442968321	1.79276939318303
-1.52256570406663	0.585165816189071	1.8108450284935
-2.2493355065315	1.28232342878706	2.34734542319006
-1.93469086866791	2.19499781178534	3.68729323442918
-0.445012927133976	2.41509769528259	3.30001719333282
-0.291664675062022	2.68272438064434	2.99722901953318
0.752881512943537	0.802623393625801	3.27585785907275
0.784178917477042	1.3784158879984	3.31258719393345
0.156145797513912	1.38313271146079	3.41604319684583
0.551699060857505	2.28851277370794	3.62470440108897
0.789468045061548	1.19467607078245	3.8893054510448
-0.660843875440373	2.12142714470971	2.88552229550975
-1.48252306959641	2.57209308356411	3.21671506063794
-1.84533188756407	1.21761817510954	2.35409840868139
-0.688833717549344	0.767088738456579	3.56139703086738
-0.479182669834214	1.62569365597174	3.27194916990511
-2.24783088927787	1.15012202908609	2.97123127941375
-1.57251584705665	1.30221142539969	3.0789666271508
-1.46063012383105	0.76658336546769	2.68466440959082
-1.46063012383105	0.76658336546769	2.68466440959082
0.941009297402719	1.15862094592774	3.29828185908387
0.832395461020045	0.560180646523312	3.64888346291084
-0.298590290351602	0.61134316104906	3.51802473641878
-0.00158987695005675	1.56299535045872	2.71112058077339
0.607368247665628	1.01162655671596	2.896313297007
-0.592084698066935	1.74778462113215	2.4297569606603
0.463127420373869	2.51479704385801	3.45340269763924
0.521177258677546	1.857151549005	3.40471969530377
-0.521015846948441	1.60388637463674	2.59753387128874
-0.377107828254302	0.806972472110274	2.57839229268514
-0.396356611316866	1.18982301180439	3.04308970379403
0.0216639075228329	0.350489043759049	2.93921508126596
0.0216639075228329	0.350489043759049	2.93921508126596
-0.475152501774739	1.14306618245754	2.19862583353023
-1.19348276342348	1.64416785225675	2.49072253906528
-0.495712878447251	1.03361636415924	2.866925687274
-0.0324865721288599	0.892333266314402	3.30444338153131
-0.556147804968225	1.20276273532657	2.89580103639375
-0.124867748326296	-0.21879186287305	2.55506782849808
0.241285187450241	0.616426949082685	3.1519952893112
-0.348201311561829	0.828353940507694	3.94788799756832
-0.751625255307667	0.35338338616931	4.02277034418169
0.743479096202168	0.177024223452542	3.84649471996948
-0.0927077560311759	-0.205151458286819	2.40028407954103
0.336000896771356	0.170653568090877	2.91171685375557
0.163545568607391	-0.00988153591112978	2.42180792907521
-0.459833158894366	0.371332248838987	2.62924544869914
-0.0539737236469165	0.821186771000677	2.23043610332377
-1.03886144941144	0.381215430933323	2.75648118049192
-0.412084391232096	0.441614625905764	2.94084943292798
-0.412084391232096	0.441614625905764	2.94084943292798
-0.412084391232096	0.441614625905764	2.94084943292798
-0.225237224235598	1.61727800764295	2.84155055110292
-0.570380015564321	0.918870588447959	2.63985707884354
-1.52146418023285	1.1891667283226	3.09246511114555
-0.809073013895238	0.705450856841952	4.72108678337205
0.77202677973005	1.18565565253761	3.20156846976776
-0.124011605361948	1.10551884648405	2.27569415889183
-0.732899849968024	0.535972551253359	2.35703571296284
-1.02061340268708	1.65719160391538	2.59711371968946
-1.02061340268708	1.65719160391538	2.59711371968946
-1.02061340268708	1.65719160391538	2.59711371968946
-1.02061340268708	1.65719160391538	2.59711371968946
-0.308835679506544	1.37450954665728	2.61683586946225
-1.01340392431027	0.980519361532067	3.12783509667351
-1.36185074867392	0.365142353923321	2.01535397328339
-0.242394328289523	-0.394588022523958	3.31427854205437
-0.73454002611685	0.207145370281161	3.54648907752977
-0.548967332521421	1.73951536359053	3.08571849550887
-0.358367474023256	1.16258189973193	4.29154258996458
-0.55976478408087	1.32000186518405	2.08531837732446
-0.963247868491567	-1.2470440445973	2.41136828150415
0.296615268389491	0.621680864596585	2.31699949608765
-1.11786500507128	1.42755883075723	2.80770026172911
-1.26394814505077	1.17702991639734	2.04440869271106
-1.53197140463564	-0.529556256548258	2.05869996303951
-0.680072745300413	-0.761646105293454	2.48710505871712
-0.680072745300413	-0.761646105293454	2.48710505871712
-1.19624004012601	-0.418397061905121	1.68156080371416
-1.19624004012601	-0.418397061905121	1.68156080371416
-0.387642350217912	-0.478354293922632	1.8437417255933
-0.999260117254475	-0.933689499299533	1.72536731380518
-1.00172424084893	-0.513550241537948	1.32441161889344
-1.261956652037	-0.261037245746008	1.36783437463893
-1.21287622944881	-0.219142602415416	1.46707762616862
-1.21287622944881	-0.219142602415416	1.46707762616862
-1.21287622944881	-0.219142602415416	1.46707762616862
-0.84689812530613	-0.845817897469572	1.51202474972926
-1.24417415652124	1.26836333452594	2.09895054368201
-0.656183589491757	-0.447182937558753	2.48539718389173
-1.5106433189226	-0.792177036503235	1.7425584421733
-1.0581153699595	-0.631326051406333	1.56062835661779
-1.13246780111496	-0.978314544288907	1.66786260270293
-0.715855973014641	-0.602861363741688	1.82322700759237
-1.75525368448216	0.679737872587408	1.28047003485615
-1.75525368448216	0.679737872587408	1.28047003485615
-1.26657488618577	0.222659854393969	1.77270785788106
-0.993755800951917	-1.14237862619358	2.6537922389465
-1.08581438121683	0.446029541481948	2.67993286505777
-1.38604219093495	0.60140818596151	2.47503861244068
-1.3911843529666	-0.663630106272835	1.72986624323133
-1.00312222770037	-0.9523292770627	1.78369461289098
-0.906631516200024	-0.728469489873426	1.87375215678672
-0.269980691439536	0.101464428380628	2.09226484666064
-1.61327146712206	-1.68432883331209	2.2039692010774
-1.40426201594756	-1.49934162232432	1.71020566311083
-1.7868248897576	-1.35850781699216	2.69058092326942
-1.42865042068318	-1.06138075000132	2.60952111736913
-0.920898734802747	0.89729764934902	2.51982587014531
-1.37982769544751	1.06565202086706	2.7940701623876
-0.393371500336107	-0.970380672272271	2.74408552104586
-1.52475547303829	1.07124854805168	2.78306878837909
-0.866163131789019	-1.1932008679798	2.40701643930998
-0.866163131789019	-1.1932008679798	2.40701643930998
-2.09594170213484	1.07493886973285	2.05546834908569
-2.34312143994943	0.874198341723245	2.00958637327927
-2.34312143994943	0.874198341723245	2.00958637327927
-0.838669758602917	-0.646221005461031	3.39843219756552
-0.148839918643761	-1.30828748804431	2.62462146127779
-1.14282827687719	-1.42647844767489	2.74853573107443
-1.54671779847832	-1.3624576765287	2.73426150061992
-0.57898480921916	0.10981243177504	2.33650769612426
-1.13601937543295	-1.26793529818807	2.20977409329868
-0.619153088944151	-1.60923873588414	1.79932904634423
-1.97617440468545	-1.38621433328217	1.90888419526973
-2.06765968154612	-0.929556558079455	1.80886424891424
-0.3566168142335	-0.272389211475206	2.10864579319991
-0.957800903790379	0.230387792336999	1.76966789948363
-1.34234134812157	0.557374722631457	2.08031627285595
-1.4501676857005	-0.793216685813274	2.93843865189182
-0.323887838454888	1.42007948226979	2.81034350782314
-1.56497560508705	1.35992328614723	2.43618059540523
-1.58797241102311	0.537046512358786	2.90465496436594
-2.01632136568719	-0.683822980000246	1.96857048818374
-1.66373549951705	-1.02703429447816	1.64487921229959
-0.910892979035338	-0.300283457351214	1.56030435424523
-2.20963166794745	-0.76353134414214	1.50383009834068
-0.858224377869344	-2.86385875614604	1.9213307747579
-1.48658591803465	-1.06630707332662	1.8006306748532
-1.21764585391215	-0.0160803356538426	1.6708361533684
-2.30446889066863	0.19065180274183	1.11879088063174
-2.72454130625059	-0.454726485590323	1.93291104159789
-1.33558062466991	0.640766780414558	1.8506162537184
-0.53301747864173	3.29928451736627e-05	2.1921993636488
-0.91126851674204	0.646093397376104	1.91514082390509
-1.0495654151013	-0.65126347474277	2.5297582722046
-1.0495654151013	-0.65126347474277	2.5297582722046
-1.62275527397404	-0.932794741189916	1.64369579302612
-1.55044351287535	0.30840580900412	1.42927010102322
-0.710139720675106	-1.81323632977612	2.88146326263855
-0.772577131658872	-0.0456102219063876	2.65845180421442
-1.60976355692706	-1.01839965511962	2.90108989179328
-0.619898781488746	-1.0133717256845	2.28722350780618
-1.38012379487093	0.905488004135092	2.22881669542706
-1.74299280487039	1.2733739570437	2.68719222595468
-0.615776488701604	0.999456301031912	2.87025178602655
-0.741962159459948	1.85493005207897	2.58233078031077
-1.34090942346316	-0.192421370747744	3.2509582667349
-1.34744147689572	-0.328642801990035	2.63466043283086
-0.115306879796896	0.860712189864517	2.89179256749754
-1.16906160760254	-0.342144206426804	1.79237493414779
-0.521878756660324	-1.28771335038047	2.23194037313185
-2.21416044690704	-1.86533220035796	1.99173558810255
-2.00995322473579	-0.750248117569362	1.94809217445183
-1.33677677881202	0.0131036307003953	1.70949805138448
-1.06105004785471	0.479572015442183	1.5366040891262
-1.06105004785471	0.479572015442183	1.5366040891262
-0.983659311093513	-1.34997601096064	2.16520981449128
-2.4842026839453	-0.725540850119472	1.57324219787667
-1.95943057935327	1.34487058513364	2.10426644383206
-1.71689268271236	0.535768113936462	1.76015091865284
-1.77533695190234	0.0206923340125202	1.76939611154728
-3.05024220035205	0.240347642557783	1.72801672333383
-1.47778385148477	0.917163215093547	2.82939847285605
-1.47778385148477	0.917163215093547	2.82939847285605
-0.641140702274448	0.281460169547664	2.18261614413283
-1.23366308628848	1.12722315122408	2.4283481571246
-2.74374431598838	-0.906767069192666	2.4597571195692
-2.25884684677448	0.0544409018806439	2.18377122807282
-1.29453660345635	-0.189497203808504	2.17664908362876
-1.2879798515808	-0.692080658162631	2.2970586201087
-0.840346281315395	-0.560179988570995	2.05109885562946
-1.2074375906735	-0.150208136823575	2.83114849298743
-1.26414114098554	-0.97273164058554	3.78805170627211
0.150751693884943	-0.483249904522504	3.61278013934679
-1.2224184376309	-0.14660354182403	4.73033547658859
-3.29349328683315	-1.04980527076475	4.25311183644902
-2.17851901817773	1.89621171296973	3.52234267666455
-0.553168057369663	1.19105389848335	3.56434697506149
-2.10404814006553	0.386799987453563	3.96419022172852
-2.09891428993439	0.540886931196051	4.18295587948065
-1.4934792648915	1.51774392104725	3.59499626770229
-0.519435553228448	0.833653387633122	3.58467200948485
-2.67496834738927	0.4464368041935	3.27395812778212
-1.53077233133091	0.0332545589708562	2.90458871482139
-2.2949132075273	-0.756806144926236	3.01050187769291
-1.1936174435651	-0.226876012267646	3.24493752950656
-0.701815763595009	0.217365392551919	2.77996176695099
-0.543259997012978	-0.760277023854592	2.13817940511927
-0.706199630002516	1.08498989056536	2.75871024532444
-1.08574167420611	1.06666284119642	1.66893905003834
-1.54420933619729	-1.07865327858356	2.03601803130207
-0.516745397354781	-0.992598776717064	2.47301507650736
-0.980130579904513	-1.1050791879247	3.60149931057534
-0.996325981848987	-0.481288177794007	2.71445072006816
-1.1717779655493	-0.332418985535088	2.83897686000313
-0.592274878402841	-0.501474303574094	3.065341984267
-0.602710809388593	0.0132249291804464	1.94767526632188
-1.82677775101824	-1.36721433738897	2.00384815872848
-0.936209270373734	0.270478492701313	1.63112214702374
-0.76085415971409	1.01538916596687	3.12522676435342
0.179516305128018	1.60182373768751	2.91842530868338
0.327038029196025	0.00726927893951446	2.76182921768146
-0.474893109501382	0.493052189756605	2.04703516910144
-0.471869263631958	-0.390360238136784	2.09226314911242
-0.928028401813343	0.0186975553689843	1.39708177424356
-1.17089136151	-0.525841442902335	1.84204740715145
-1.88009187463725	-0.644672017220819	1.52340969476504
-0.963046208794275	-1.11764820409142	1.59555535512131
-1.56045977376388	-0.495499169659732	0.877798921708122
-1.66122195777819	-0.690617004054713	1.90017692746198
-1.3798426379309	1.37266139164383	2.41524843092132
-1.2243119160361	0.926105341544719	2.34228170884544
-1.06022921308577	1.04897453377688	2.77530518479571
-1.97578601601433	0.670139648932253	2.10560407968073
-0.112066083468859	1.34578662483861	2.09642661145728
-1.05348117389677	0.134646057354406	3.17070760997794
-0.109350195758378	1.15271006250293	3.024592282118
-0.178143124077001	0.695301324751033	3.12365855501145
0.340708519753308	1.249994898059	3.40142110787238
-0.641260643301191	2.46030823091072	4.0347611772978
0.747584209107638	2.77239089508477	3.43078746553135
-1.48144544940404	0.326063191051433	4.321447901631
-1.83472707123388	1.00917205002544	3.39748353613807
-0.634510900288148	0.869625184605253	3.86333320665701
-1.91045356404061	-0.996563220976118	3.68335629672376
-0.499985174561848	-0.335606411231598	3.1596208885893
-1.56081849735798	1.54039754887241	3.18569405422222
-0.899438681076184	0.732190408505407	2.78095790870511
-0.387615375991087	0.941413464848768	3.96587488037893
-0.0504165042901672	0.19461547924053	4.34888098178525
0.516870376957948	0.720406180049614	4.64052003826176
-0.951142090889	0.73912625164869	3.08966988944055
-0.684460751667289	1.16717512619023	2.83477410620635
0.780418027350675	1.68932196323527	3.8250764520174
0.28963862463827	0.394651204024318	3.02886644520419
-0.0811992141679434	1.07843858615291	3.09391853586106
-1.09449062742478	1.16221944595359	2.82683071932584
-0.932311020208459	1.22630971891877	3.04766835876291
-1.79702797132835	1.79990078696024	3.23154314628728
-0.599233934399618	0.934874293735994	2.20777101300198
-0.461363410468848	-0.43313440760874	2.64911314614917
-0.219579683543137	-2.19101864808773	3.36036990656682
-0.354050284963823	0.297344259960266	3.72967319550267
0.135876314830726	0.626378093126897	3.65432635661439
-0.963325464425991	0.258047558440358	3.0205830724958
-0.203836570939744	-0.354341945343123	3.32919665797617
-0.318859467664078	1.225189794634	3.3806518662637
-1.15315109886497	0.492717383615981	3.00855270614533
-0.249292884322553	0.864896526314817	2.35722330496141
-0.960503563741432	-0.239673293862862	2.35091055568837
-0.961771433881309	-2.22757630225996	1.5373782257933
-1.42688916981365	-1.83730560900709	1.8111856381857
0.115295230181682	-0.903533333858642	3.07496922454683
-0.502469904076398	1.21882194724164	2.08685828952609
-1.33440669451338	-1.00398361526	1.60458714015911
0.0877744859472876	-0.661872362899568	3.11820814979074
-0.547536906002847	-1.7153627482839	2.45676149832388
-0.518432397237459	0.303776218829575	2.48028420520205
-1.11883437757741	1.34517791273553	2.27382271155959
-0.790419909494397	1.30757340123438	2.85157735107868
-0.897480147745645	0.709191456742341	2.87274136647425
-1.00297248713943	0.203405741325799	3.34775424736332
-0.44312263617935	-0.55750292367596	3.24274981776789
0.828890033580491	-1.00017264845485	3.88978070646809
-0.703870822804336	1.55225033001847	3.53271219129647
-1.46424728566856	0.206237699111306	3.83535021342525
-0.895255973016681	1.7090159726033	3.63639075091913
-1.12113823584025	0.411647428451148	4.02273130447188
-0.204668793493311	0.431027202980181	3.14352612124426
-0.79618618262977	1.85293851231029	3.12071135306071
-2.55714873197067	0.895923785619626	4.04916244179457
0.00455826915669211	0.98868628040767	5.1222756681526
-0.714549344155143	2.2069712376727	4.09486158171095
-1.33265852092919	1.18209216937358	3.03551936666104
-0.157860151609407	0.168625001399477	2.86106259773657
-0.922254473296781	-0.117292852568348	2.42323470270356
-2.93408299829665	-0.665484502502943	3.14667042630604
-3.75613714847638	-0.281586560192909	3.34368287811361
-2.36038762237329	0.282353773045595	2.86008105701358
-1.97401945375824	1.60163500799224	1.70504681736983
-2.36915396440397	1.27045160167953	1.0397056305542
-1.73969603045653	-0.303892680249387	1.76703548129359
-1.6406047619367	-0.33765479320137	1.76058034480829
-1.28075922903145	0.838908689776854	2.03337374643495
-1.77417927745881	1.0533445189312	2.67140847827841
-1.96750978560645	1.23413505540352	1.93128490795421
-1.5617657639792	0.602872426997377	2.88181094574592
-1.39268471077584	1.53038560946077	2.6186602083034
-1.01921966775543	0.645009196387709	3.42307444384171
-0.869978098222721	0.824885270554626	3.6258074922107
-0.515635828342226	1.2867314980689	3.40968452151109
-0.515635828342226	1.2867314980689	3.40968452151109
-0.149481837686552	1.21852074794138	2.49996198796042
-0.297822374254779	2.01917232316086	3.46712637962965
-1.35177200624543	0.941501750089911	3.88192319166703
-1.13802398873764	-1.00382583251656	2.25628481930838
-2.39655113601568	0.774970631845932	1.43214982199158
-1.96000289859149	-0.795584174455313	1.55126210206031
-2.15116661709614	-1.07053598237868	0.831187041001351
-1.35179084209775	-1.4966661822727	1.85583037294152
-0.660268749043565	-0.215042658104497	2.44965898266979
-0.311808578727875	0.392287234481911	2.36543512469819
-0.311808578727875	0.392287234481911	2.36543512469819
-0.947108900003881	0.598411482324461	2.55001510426971
-0.551214364859617	0.642223503312048	2.80291720821316
-0.789359722315722	1.45347969251451	2.05516431378466
-1.23829257347508	1.27322687292819	2.02838077890934
-1.12623028023332	1.48874299304739	2.40892453420826
-0.47938749783006	0.668811198203991	1.91244322289937
-0.177755599097232	0.810133796847561	2.43198880231448
-0.00148923270190793	0.891269720222187	3.09978635526112
-1.07648864997152	0.926754263062591	2.26834766841173
-0.679457393539373	1.34567453716817	2.80747801332265
-0.0741025278732123	0.161054715228235	3.33776432236847
-0.898701952595689	0.503844272143908	2.357721306756
-0.0032676443852504	0.511964020009993	2.86217722840552
-0.463423200540634	2.0515057970055	3.01453048158691
-0.789093666105702	1.70576569780164	2.98222861342514
-1.44450397246469	1.73132708763296	2.17406529881456
-2.06502088130362	0.167361185129773	1.50864924002724
-0.626254058722007	-0.112381245020193	2.09527635838601
-0.522550664635919	0.605660968130021	2.48709653210637
-1.18661039526952	0.369291133434123	2.21974135421754
-0.584531667355741	0.4481589673906	2.71042900544991
-0.682400863722109	0.78227870022194	3.07029178069489
0.341684808503853	2.01207391892526	2.74305927830713
-2.0481918950869	1.66380522449354	3.16323233523368
-1.90252304316317	1.69940884306763	3.13217414140036
-1.19203520639429	0.71874963891324	2.51508268713983
-1.17540320703553	1.10083105749376	1.38145806703906
-3.73181304513655	0.520648813258131	2.00247789411912
-2.0530578260373	1.3332089187877	2.46676461144959
-2.0530578260373	1.3332089187877	2.46676461144959
0.122611767382462	1.94072360272398	2.24446246712068
-0.302689301942175	2.09188522314233	1.96044054205645
-2.23923251011353	0.784121255783357	3.0062003952367
-1.90757934428496	1.47656604484021	3.18187486692479
-0.522961579718559	1.87518102768102	2.68190876796744
-0.517087735495354	1.3600791913072	2.38414930982271
0.107804428732087	1.65993791841267	2.78605661253028
0.322987814748117	1.42471529524184	2.95163882212281
-1.07717238416468	0.0459399080496441	1.83750763363451
-1.07717238416468	0.0459399080496441	1.83750763363451
-0.736412556711287	0.771683860792946	2.07841913772331
-1.97844656421737	0.088187814020676	2.60169518913532
-0.494640864746036	0.8311420894749	2.73670489497891
0.118666759398017	0.98835085082454	2.66817369302308
-0.38377045223443	1.31710630754306	2.78149633814457
-0.426951489520136	1.29101519817542	2.93092267949473
-0.814036310146206	0.602970690487438	2.3804752332273
-1.72842849773215	-0.0525159407581919	2.22324000934062
-2.38083113878878	0.804907048125544	1.85978390151048
-2.09452555290196	-0.11892799721504	1.86529409924262
-1.64763394975775	0.668177451023421	2.11021830822903
-0.768147755642459	0.761525858356986	2.6847347995231
-0.587873320874015	1.23635904623835	3.03759883816884
-0.858027642751437	1.62684136136755	2.33375849171181
-1.61440108422994	1.08185142012427	1.97244546441615
-1.21639347030529	0.763752641680574	2.91088309513304
-1.83818395920211	1.05665583948321	2.87103392049364
-1.72574125139856	2.036570962213	2.81276868625676
-2.39570390001411	1.94837973046438	3.08709275340016
-3.75513767222106	1.98104268963757	2.63288942281037
-1.27198152694121	1.4399211302881	1.66165254639264
-2.37574987316692	1.74651376380463	2.01718229466633
-3.20194373434784	0.283161395346899	2.78911684306694
-1.49488596148122	0.574184670886972	3.34829381413423
-1.64311995020776	0.703657750867713	3.22043463540833
-1.44969339320532	0.472189957892768	3.1670140973582
-1.37786632629947	1.8178816906815	2.76229950529794
-1.17647432622199	1.41659530377839	3.22235423945218
-1.16474854293464	0.285792218873238	2.80744059327508
-0.853191834040618	-0.00751895227102251	2.25773994119188
-0.487531535482559	1.05310766997976	2.83613242363742
-0.487531535482559	1.05310766997976	2.83613242363742
0.431456975829674	1.23344471721398	3.13807836499554
-0.912915804139595	1.2954396252692	3.23298370606439
-2.25490331920096	1.74074124572228	2.9970970744506
-0.137559029580417	0.641974159542282	3.13092103485496
-0.299446490028944	2.26028414068583	3.34619112240697
-0.945213991822101	0.576616991580103	3.21804498670658
-1.83504832754043	1.44537399121429	2.38442872979725
-1.84610814309877	0.0675117406072895	2.14716400402007
-0.857924737448055	0.232791223937599	2.93625136480637
0.308367242978433	1.08078835148873	2.4274708180577
-0.46645589627127	1.13847107988622	2.45609571747531
-2.04560358695535	0.400580222712342	2.10489610625801
-1.02791041100078	0.382433261367799	2.98559680407035
-1.97457499266534	-0.486752546995124	2.78838299845573
-1.18184053957297	0.58480099731775	2.7228575708143
-1.54678850456963	1.1935834247341	2.86437243608196
-1.22294574659038	1.52221221939146	3.19713868964888
-1.55095811791165	1.48643717251758	3.10252105646931
0.243804373084947	2.05257973104704	3.48046495895049
0.426039308028721	1.14121046181043	3.29821170729312
-0.94869778330418	-0.410451474135638	3.04916462911586
-0.605781046973972	-0.089912190745113	2.24935886491572
-0.605781046973972	-0.089912190745113	2.24935886491572
-0.309080309866077	1.30157315521718	3.27155612610043
-1.07283951325821	2.2096347394965	3.58576038686824
-2.98950884526811	2.24364782669491	3.07526955220793
-2.66461756384535	1.36607939195823	3.88051610692262
-1.99073555833776	0.853839962083531	3.2062787696045
-2.78857860551625	1.10849536504322	2.65529598660021
-0.019635656674555	1.65606034416444	2.5326641345257
-1.18423490292079	-0.601840541315258	2.16368528384361
-1.12274177141226	0.716307509419457	1.61121571666887
-0.790427880027419	-0.983840065370544	2.53765260010342
-0.517878081378398	-0.584430399426488	2.26628330455472
-1.44693673052655	-0.216098230252673	1.30554460486991
-0.885238593675076	0.0756852871372795	1.78385679698782
-0.303449509362913	-0.382251127266673	2.5229862462974
-1.59479166045485	1.00101416052437	2.72957300021696
-0.745208522442678	1.13104871358787	2.54338708171142
-0.0210371625992581	0.0279892874289882	2.77104189140827
-0.703279148518691	1.45627445911994	2.34740656735325
-0.263891562621061	0.490989712665417	3.05735684626456
-1.40464433903809	0.610575069830668	2.47571629880003
-1.01586522642828	0.42547152244566	2.0494555786173
-1.00785015117437	1.04561657135489	2.58411514322485
-1.15461154950417	0.869500517971968	2.48930213490299
-1.15461154950417	0.869500517971968	2.48930213490299
-1.21438142826409	-0.268378008600531	2.39094188498098
-1.46216214419146	-0.396780464368463	2.32551791690634
-1.24995998603427	-0.887596084019423	2.15026724593562
-0.352012790102845	-0.449654460261701	2.36587411159355
-0.995721361362088	-0.105183265074945	2.26550720295555
-2.0427485953483	0.14511201676055	2.24215491537057
-1.97743139333516	0.985782341370687	2.45519000015892
-2.02155200036818	0.584728798166194	2.8328890890496
-2.087521461266	-0.970693938287836	3.47525822498759
0.103758858415205	1.72069086071016	3.46531176384201
-0.654066957984486	1.42889667089386	3.90188883693689
-0.752908753505847	0.498685281585833	4.0325641348651
-0.273997379235962	1.24706866383324	3.06665859255682
-0.188240773269744	0.767916597565464	3.39657022627943
0.0625658150799164	1.6962163487314	3.40082318875845
-0.979399452487471	-1.85978070735638	4.20432828279662
-0.526618597463537	1.44211543111895	3.4058394987867
-1.73620620648377	-1.37013607016528	3.92480846612833
-1.47741115624645	-0.209418496664176	3.64419812715327
-0.709132803384642	-0.764930168830216	2.8125335905717
-1.6425037126744	0.187577691165447	3.17911619544227
-2.41686682904243	-3.01126410849982	4.29605814483366
-1.90328458565231	0.40601661421909	3.11186935753641
-0.745203400452198	0.621239679733235	2.44394344402678
0.162668360732226	0.874879334450275	3.00239863279435
-0.141383913190775	-0.268406802429985	3.01973309764496
0.727257262812578	-0.0553678602736379	3.51751377843133
1.35543918572239	0.748434261506613	4.11010704777833
0.0545191230721002	0.184000520928317	3.62960410908565
-0.984184552944156	1.1236117051374	2.7623705526378
-1.07565828662991	-0.525863675794015	2.84818825340854
-0.697009272251735	0.701905582329321	2.68948832484421
0.117426787607722	0.666779417410015	2.40466556585522
0.331242602738675	-0.0257024936168988	2.83372939932219
0.331242602738675	-0.0257024936168988	2.83372939932219
-1.09436127670042	0.852883099665251	2.23876431992846
-1.21692091984572	1.28606218749646	1.7840519158506
-1.21692091984572	1.28606218749646	1.7840519158506
-1.85228526876996	1.20654300200241	2.23734241549842
-2.24691814003407	0.47347349266426	2.72869712782539
-2.17864301408097	2.45092603920878	2.45381873953362
-0.226288135772269	1.50714809622002	2.78729128072664
-1.04680808471157	0.620442636552266	2.32209850510284
-0.419256009151918	1.2527024293569	2.94369812963871
-2.35552150047295	1.53842429235935	2.77395987386027
-0.518215754391315	2.2640345916754	3.09896902490252
-0.752677309024895	1.23127578384153	3.55390724911955
-0.752677309024895	1.23127578384153	3.55390724911955
0.146273288113302	2.06924977102638	3.57634953296739
0.432009441414124	0.577402850797714	3.51160789108211
-0.244441756805144	0.918160789427647	2.63950538252512
-1.05307377773848	0.592342054643571	2.17119346715166
-0.18416967067247	1.22387628767463	3.35184589558063
-1.51293226252643	0.226912422867703	2.76516582922791
-1.06026299033654	0.548936617405099	3.21329139662701
-0.420584031316631	-0.142803289650093	2.60085253496924
-0.818346925369609	-0.243521525402705	2.54824181741167
-0.400262432768521	-0.713292312356731	2.41053068497385
-0.861073946457906	-1.09937644656064	2.08979483076514
-0.5814289978069	-1.03871486705768	1.99807959588194
-1.82743123005721	-0.297895029444494	3.10232590716682
-0.307616243643037	1.14597770561703	2.55065722157452
-2.31536778839487	1.00154414828621	2.07337867881585
-1.22363891666955	1.68291608076829	2.5771134887506
-0.931875906059927	1.71329192724199	2.47557619189465
-2.41150146713193	2.07688394725633	2.09970961367713
-2.1758588121357	1.33428947156969	2.23474401558985
-1.27392304651714	0.748785755230708	2.36871500714671
-3.52777424606262	0.511990373401627	2.42225883438956
-0.947239555837926	1.00705882387513	3.25963980424031
-0.96322481131499	1.24746961726846	3.20020817964382
-0.766703081533609	-0.30435420617846	2.08637685104097
-0.766703081533609	-0.30435420617846	2.08637685104097
-2.42599123411657	-0.674777300112655	1.96618369576558
-1.16983645939481	0.931341075199296	2.87980703450876
-0.517979015196815	1.19082099260316	2.83754248244081
-0.369442320626631	0.470189493674699	3.03972484396363
-1.08943889673265	0.917664837437343	2.98191608951954
-0.74985021526343	-0.20598585260919	3.21122717376417
-0.339239277704425	1.35737811588598	3.42088166992579
-1.29181725439702	1.26234026175787	3.46329441707078
-1.45377786955677	1.07052858728894	3.92569630334039
-0.392676660552773	2.5093632777994	3.77830615617317
-1.83296832867738	2.32045800492725	3.75578786658791
-1.94612349084653	1.61846989736942	3.35529944433664
-1.65184782430593	1.75159338325141	3.89860094095615
-1.38359882632942	-0.0833368368137243	3.50976512646267
-1.48527063326938	0.673310697460383	1.73039316813777
-2.23083733188217	-0.665820534570306	2.13195302006358
-0.436099470557541	-0.0457566062391772	2.25059815823997
-1.69108687240266	-0.767301567947357	1.36147655702144
-1.69185396897883	-0.98930705906454	2.29832405548043
-1.6932276028486	-0.392190262643226	2.42161211757915
-0.955219047625093	0.121187858041795	1.93500741464649
-2.19896692154046	-1.27143104809839	2.94020895444184
-0.721521132717931	1.27092129095573	3.14987219525526
-1.30729694446103	-0.837344663681997	2.69937327205024
-2.36915904764914	-1.08602187988463	1.29308312851802
-1.9892564083506	0.525085406768949	1.90547847490751
-0.230188174322007	0.277711969779768	2.8086258694238
-0.462432492668975	-0.508806474164587	2.80540178508333
-1.12799745130149	-1.22663936664562	2.41671025174592
-1.44837440610728	-1.96029712200644	1.4949693166915
-1.59589324445531	-1.68170481273989	1.33502444723657
-1.54468726955016	-0.0860202270985194	1.49702818316612
-1.51709211525809	-0.952337767197894	1.83930511731303
-0.8242469673094	0.328201996952968	2.78072685932632
-1.48286446351873	1.23233600010932	2.05955167254556
-2.00933378426001	0.140511259870758	1.98130346998924
-2.52193453572423	-0.0934344737069048	2.1064177551394
-1.64295793440681	-0.985331846048527	1.67952622452787
-2.45198084816502	-1.48847182912289	1.362804931843
-1.47387207667897	-0.860934612559022	0.945907708675099
-1.60652278754316	-0.145407305537904	1.76936611107702
-0.918601558210704	-0.259143493532644	1.60053500956269
-1.38762786515444	-1.20178836636122	1.52222711327845
-1.80337360218906	-0.0575158944908069	1.31438192278048
-1.80337360218906	-0.0575158944908069	1.31438192278048
-0.713731336773272	-0.911793121328748	1.72334994230165
-1.61660615453193	0.121551702707201	1.57577139155586
-0.774633539711898	-1.19912124844183	2.0538976481453
-0.909744153577238	-0.674945580434665	1.83696381986369
-0.909744153577238	-0.674945580434665	1.83696381986369
-0.0874728945438667	-1.76207226266632	3.42117769506556
-0.929490903960757	0.0204512067971554	2.45692518418686
-1.46135667224549	-2.20496337593952	1.88191453297314
-2.37254003146283	-1.16304705076673	1.44849674367406
-2.23537365591709	-0.892842672284474	1.88221629161171
-1.13085501779188	-0.71386388240057	2.37936005014497
-0.730633680506618	-1.33472314847097	2.43011053601358
-0.213491791031316	0.609723468897686	2.41076667281474
-0.687662690513036	0.310974217147276	1.92982810557023
-0.40880554682448	-0.51153175490108	2.36014406773415
-0.40880554682448	-0.51153175490108	2.36014406773415
-0.740483286316233	-0.336159653102002	2.759295554453
-0.828807408506923	-0.670790924653777	2.37301352830159
-1.23220162704019	-0.741201567680964	2.73670375587818
-0.571699788308332	0.537209784969608	2.63648591093473
0.271660959970595	0.18879937240736	2.92269028552435
-1.34368866528495	-0.407343347931813	1.88501943663674
-1.04416587614273	-0.134721294832572	1.45147048601566
-1.28971385919894	-0.699993345470513	1.23879261366099
-1.14735261221404	0.0607980467196991	1.45785184500221
-1.50110341278283	0.200572684335298	1.00128911414211
-2.86413815802138	-0.909372707856393	1.28725570095336
-2.42871486249811	-1.46152553631363	1.53558283733277
-2.17720056779392	-1.11642691042495	1.72741862843694
-1.32632944358957	0.701729518013787	2.91892862614832
-2.39272332116897	0.349283744693366	2.5870619896732
-0.638072779166324	0.540509599092683	2.51836363119884
-0.17252526082894	0.278892787464868	3.26952685296908
-0.0417996795190885	-0.186073743454712	3.01407985711381
-0.704489211019437	-1.74976089262752	2.88351490584667
-0.44556911949196	-0.296378336283284	2.63896321656441
-0.44556911949196	-0.296378336283284	2.63896321656441
-0.35062693158244	-1.40177845832673	4.56767395146005
0.540022212512545	0.385921659470901	3.91015149395953
-0.651513000893522	0.106634201294135	2.48926051266492
-1.1730209380433	0.48327493400959	2.83328121074024
0.631264082868886	1.38818123287415	3.4485002688813
-1.41002837685633	1.50828917564235	2.57575306579975
-0.557126821709247	2.10415816302193	2.96099403176764
-1.2210079997519	0.241215674107768	2.87305190692059
-0.0242340128456112	1.1205952547501	3.7716067488867
-1.97195876395519	0.751600873035113	3.94889629893
0.232238178820606	0.517651409308347	3.46980085323137
0.185626209402222	-1.08703478617882	3.10422669048974
-0.513246186681473	0.346227924233028	4.43591802994137
-1.0093251810062	-0.0627999487892424	3.9686502301282
0.431913676185188	0.276325374854402	3.39671845412113
-1.06210331575252	-0.833262257352586	5.31897772487844
-1.74929979639132	0.757946086580725	3.59578402537836
-1.74929979639132	0.757946086580725	3.59578402537836
-0.569920617706294	0.423546996225156	3.11104258302964
-0.0108096926650801	1.25834730743012	2.77706279348142
-1.13915413497829	0.503015906120482	2.9408932088617
-0.620643344429968	-0.4189578917113	2.74392455106722
-1.02270662474188	0.355405162304613	2.63286598654376
-0.671797820061391	0.799250574052315	2.95149689754648
-0.48080787050566	0.478835207425338	3.35422429981734
-1.22229083681952	1.07101222630879	3.93696466260364
-1.92114311053604	0.370450750605559	4.41661203253183
-1.85910912537225	1.7858524636334	3.326670917809
-0.1948041401384	1.52026227404949	3.63868860942905
-1.20157138974411	0.28778622325878	3.7811303588776
-0.306226093483331	0.134866403037691	3.77093030520449
0.0108671282993581	-0.166718859045789	3.00553772058378
-0.869929094216989	-0.289200540638158	2.765186743334
-0.7980778042741	-0.459970823145125	1.76585403745952
-1.46903779740078	0.46502400506126	1.24483742956844
-1.88668341320315	-1.47165719453861	1.8460229081937
-1.41661417441713	0.826005092353006	2.78254841184276
-2.16350179351698	-1.08931466257593	2.74220730639345
-2.12994199563493	0.211753911055932	1.85969768608587
-1.46629594684058	0.458227587906131	2.35835180540553
-2.34103899599664	-0.0687444963942481	2.63884845305205
-2.24499504914683	0.760936612677682	2.46188382219064
-2.41750045175138	-0.582559107229431	2.69212898724197
