1	1	1
0.824977323423067	0.303450169042535	1.80814060347625
0.58749566578159	-0.0987356979630807	1.2476860924257
1.14229474266239	0.549391902004761	1.30493982940689
-0.878029554339509	-0.204253561512478	1.6002077873471
-2.10679492774722	0.907820447283761	1.97027821618256
-2.0625199986642	1.50391646882674	2.21545889025003
-0.113799817357085	0.461745925842087	2.44508544605314
-0.543401014051853	1.01695685613505	2.89171169827859
-0.46102170528052	-0.188787907969878	1.8142455155823
-1.65508662840224	-0.819620291635187	2.17651253297451
-0.463070131616854	2.20692522119469	2.21564811032498
0.73014949468575	2.39652419454071	2.11866591174098
-0.946175416548624	2.09768405761005	2.65817936115878
-0.271405175614761	1.5443333281088	2.1620004402752
-1.21438626289929	1.63452067761598	2.6002496112606
-1.90081934507737	0.238018179187857	1.47082547952704
-1.76198285717886	0.268018866413541	2.56356358976616
-0.882211366801654	1.86115271033476	1.86635200834642
0.429784968434907	1.79336562258381	1.71641445705364
-0.321566709898264	0.988630308829922	2.14883535533996
-1.03963831975089	0.57815463013061	1.90641640735737
-0.648167824601985	-0.0720146972642283	1.10032718838779
-1.05550912266169	2.26613552177289	1.79797650103171
-1.48697580779021	1.43103021802822	1.35693245522856
-0.396563923204563	0.536852158665546	1.11007576904972
1.12997319763699	0.83941228040194	2.08762547067286
-0.584125420563604	1.19599978330882	2.0391399188143
-1.07042705629854	1.33082067333301	2.74082209182548
-0.794281783005073	0.404244644635452	1.50822854705167
-0.210211195558355	1.68676190694665	1.77573308353645
-0.108975123757365	1.28410491582987	1.83367191453782
-1.68573237793923	2.04323321409369	1.28333094239242
0.24116121912978	0.768394995527915	1.48486369319523
0.23014045366965	0.507584811444265	1.72399426846857
-0.636561104481597	-0.0245145921743799	1.68791885635507
-1.42528834939801	1.59041433626566	1.28701955529034
-0.670542781815803	1.30107133649416	0.791378313900947
-1.31414529536602	1.73867714793914	1.03787359756743
0.427253860769802	1.85273337103961	1.677218179152
-1.04821984383752	1.800432869153	1.90785318661842
-0.237233933926514	1.86640933678369	2.05250447299651
-0.973223472605412	0.422248181311404	2.81701300620186
-0.949899153872086	1.36047826734697	2.14733642202062
-0.33537567222672	2.75224888528741	3.32152757566681
-0.920207481685014	1.96147190792331	2.83934538270187
0.381824788012227	1.66409773146639	1.6734193763883
-0.510512688033769	1.71230764817159	1.54404888318729
-0.7398184393836	1.48485322540904	1.94286409011832
0.261270729304373	0.671798540467524	1.47415337737122
0.00469828458092736	0.823528958571912	1.73488455002933
-0.389577993952258	1.0706676125684	1.37165083329823
-1.14367417606452	1.04995108404331	2.55541613005914
-2.34259172148703	0.531364800856163	2.4190003941378
-0.523592279178888	1.09880251308699	0.807673986230697
-2.811804041795	1.42792860296437	0.531483962672095
-2.29374705720266	0.799352459743921	0.406254746575794
-0.677548713601575	0.284532699587994	0.343915597559687
-1.4705594029523	0.61749098229421	0.613342335879332
-0.643855627644553	0.863152630318232	0.58919263590694
-0.62990468324593	2.41339804090359	1.51600144538779
0.156914520030946	2.07161065517929	0.281434295373965
0.156914520030946	2.07161065517929	0.281434295373965
-0.80617230708633	0.925138158625482	-0.195802256181298
-0.844551516608747	1.28165759463045	1.65762176679414
0.387509230917845	0.692529739610342	1.97220887526198
-1.1256658025275	1.03133179518758	2.54131700727985
-0.140509608799079	0.230655662936267	2.65598561411446
0.982007345023327	0.470103257839346	4.17095109790118
-2.27664137497861	0.346443520535095	3.5173412159126
-2.18190411552153	-0.486295226865572	2.05295601875804
-2.93452076791759	1.51588277662661	3.91515343643605
0.120992295471074	1.58469837740302	2.21740027980598
0.517153866913392	0.832631782925461	1.75104794188339
-1.05929504533384	0.826848027863469	1.31807860093865
-1.17379403111359	0.541095559591696	1.93140372297557
-2.55984943004918	0.0227155625239059	1.31604295197879
0.32031709852313	1.75821961782521	1.11199892856545
-1.5547086724453	1.57011762673481	1.60478084445748
-1.5547086724453	1.57011762673481	1.60478084445748
-2.48809624508578	1.40654251771799	1.18572387351939
-0.493271946701244	1.95971195571396	3.64248313806995
-1.60096523851929	1.87293974424598	1.58981169763123
-2.60572061386411	0.40179850218871	1.74266611478294
-2.13839016982399	-0.103599229571048	2.18870640080659
-0.777509117818549	0.147411148272511	2.2128254854885
-2.11645629052001	0.746864131513346	2.07595398034479
0.385619200118993	2.12559195478739	1.60218311448995
-0.508766829319742	2.2156383522562	2.9025131413905
-1.03074148641536	0.299674801705707	1.4522669761767
-2.46579654959843	0.486901680639825	0.52382727945725
-1.96347856234626	1.95257162148748	-0.875625107911893
-1.56058659819238	1.4769099609045	-1.03271592450315
-0.582452556254586	1.67817726926613	1.23138702860378
-1.76714182627903	0.339640462285654	1.88841862694853
-1.5676225340475	0.650850275374991	0.197234737867636
-0.444719680132998	1.47844922491491	2.03241002100349
-1.77303325001457	1.49888613403373	1.59914081782965
-0.635116051065818	0.152409826367367	0.0543450572457496
-1.53046189050988	1.84457484700269	1.51811279799848
-1.2809397663078	0.428107670904905	2.00409150434753
-1.2809397663078	0.428107670904905	2.00409150434753
-2.61304897311696	0.828654412588211	1.64384744319827
-0.841861476458383	1.31043221892564	0.998379543738297
-1.09555637140455	1.41133996204041	1.23941015265206
-1.43681804468184	1.08457092746987	1.03891818873874
0.138032835821402	0.708813651031129	1.68458999532763
-0.73196020452004	0.0924600113279954	3.21089579882653
-0.47803301173951	0.763795027729005	0.109357005381914
-2.491484771478	-1.10673291886191	1.82595544978509
-1.86597435206099	0.215568154009174	2.01731199795589
-0.0724345163535334	1.36173887116693	1.49213245558232
-1.25188228149064	1.49790892249886	0.586498314718287
-1.21682857560904	1.09954653682977	0.838211051712748
0.095930949668329	0.77436227277016	2.12655292650453
-0.366729056726913	0.113050590494348	2.67732735939371
-1.15752377861997	0.189269031847063	0.363933961565117
-0.389102022591215	0.732832534923114	1.76343814016157
-1.58888312834786	1.4324564687186	2.74406726968024
-1.33678299767859	1.24501467682785	0.970049033154741
0.0185899657648978	-0.108092957534471	1.17164323715687
0.295718507101909	1.00449263594642	2.99318291559458
0.466853658643146	-0.208296578421691	1.88500793934609
0.78481093488231	-0.394858747023712	2.17396163336085
0.23318233110208	1.08564974886342	1.8648485769369
0.36652015092835	1.18019792003686	2.46131427475695
0.062705680179468	0.225089536280612	0.908713561332217
-0.712860825575082	1.05440376870881	1.69192257532851
-2.01061540035581	2.31768413608823	0.503431414111118
-2.01852811736647	3.0866239668814	2.98689259379091
-0.279034142052615	0.734532987893623	2.15440868942753
-1.20385071073469	0.372101565344934	1.85367996409769
-2.64326110705015	0.56041293937505	1.48069356670441
-2.07963187703672	1.30942804206891	1.25157270669255
-1.45196477390869	1.50161248315505	1.37268409340308
-2.98964775311477	0.70891563852235	1.84322693589804
-2.88669590125982	1.48995330723398	1.04838135281257
0.11793921593168	-0.255604406689562	1.85041216524716
-1.40976983257605	1.39638830908111	2.0134533915397
-1.38971194605528	1.83843313738338	0.988135838769521
-1.04590304381972	1.05006932629765	1.44303454942318
-0.0368244032893696	-0.0221941340966103	1.5972114909041
-0.664682951974224	0.130290414494807	1.88247698956633
-2.77410421191948	0.0689861771227388	1.09895819859602
-2.77084450460155	-0.644642563204229	1.32468712518738
-0.189111491036767	0.618310661114422	2.04314113157589
-2.21695098773654	-0.739702410124283	0.737544798080217
-1.62325901670898	-0.502876841993043	1.069251685661
-1.68775053713623	0.830599919163036	0.820124575267698
0.0616678181258474	0.432235294425639	2.32742158862694
-1.5120273143353	0.810523764631861	0.560862165924905
-0.623036047056021	1.43832380739439	0.890962777379043
-0.743887140106182	2.44956495456599	0.470432030394256
-0.292796364292678	0.707603420768169	0.418663162161901
-2.25535761000156	0.588484046135009	1.77829877697443
-2.07258008256034	1.28726997606931	1.99745926256422
0.592544534000542	1.76221698854321	2.92885267907085
-0.946241277367963	1.28803281744129	1.61885214257359
-0.111728334129704	1.98793495855225	2.08517691811914
-0.616686686640624	1.73378012874115	1.78841183973151
-0.169991591060013	1.12591673954117	1.66653573399909
-0.853369348631707	0.788990219791227	0.471345794402415
-0.923215872430936	2.16861990763664	-0.765767663195025
0.327869173523214	1.79417226698043	1.08669425133459
-0.800016036674357	-0.657623271054879	0.270769788142258
-0.636134688682167	2.30390768080383	1.07061872059437
-1.27412260995597	0.585106855393997	0.34820322380134
-1.14185619407046	1.2035134742863	1.27729253436378
-0.511865896173035	2.00910305559046	1.14153177004476
-0.990400820589482	1.47985378070261	1.32810790511192
-1.45920240471082	0.353863277803818	1.39320357395381
-1.65557282259981	0.500443280107394	1.56172540817813
-0.143304918191356	0.501591949481172	1.61566555490256
-1.28273370638504	-1.13415161536732	2.10444326999442
-0.211069853482045	1.23125658750225	1.9189440885064
-1.72502377494115	-0.404636215137477	1.04621820861609
-1.72502377494115	-0.404636215137477	1.04621820861609
-0.620401856651292	-0.14713214386033	1.76665381779031
-0.917723416762982	0.790256301072475	2.23756353840941
-3.12691140383428	0.518630927692662	1.64559432495307
-1.35928764680525	0.395542249253826	1.86646360277202
-1.58122353265599	1.4068196786255	1.37079499965153
-0.222594533905031	1.65148966392775	2.45167930839733
-1.47623582794487	1.31162616100064	1.15419028654468
-1.00368579185901	0.752289884321414	2.06801483116041
-0.834706311055752	0.06269737383638	1.29491511674024
0.589696824316752	0.000864749396820908	2.4764420712074
-0.949519441056598	0.629298969755173	1.27466657069484
-1.35699629002116	1.1163390372937	1.42243101334739
-0.637654408493067	-0.937589440828422	0.855755752674729
-1.38216387172608	0.299344455401381	1.06969253466784
-0.372634381053911	0.110315790111826	0.808927712882762
-1.26629308184775	0.702163735412716	1.98745682703715
-1.06231781686964	1.02062926158737	1.88578157635329
-1.33786941453799	1.80261221437	2.39890627703755
-0.67507012696211	-0.0864822121613078	1.79567924998356
-0.67507012696211	-0.0864822121613078	1.79567924998356
-3.07833955999158	1.67407366738379	1.96319700706916
-0.433920732592229	2.10698921528323	2.21852513709268
0.323434303612983	1.81120112776974	2.2398819210387
-1.86967753789753	0.301803846485012	1.1233722359785
-0.289640721255872	1.03692352912882	1.38453241094078
-1.27018181207937	1.2762379575292	1.83974363716919
-1.6901884509335	1.16522129626072	0.989326068654873
-1.8617592796707	0.18421309969969	0.384088051464539
-2.1184751863252	-0.159917347923221	1.96616205367391
-0.910060868545259	1.27117089113891	1.69783132064609
-1.06849281614953	0.341949707645436	0.625806798385502
-1.73200507759095	2.08104386711697	2.79912171065825
-1.51649915113058	1.8024351284957	2.06465012181966
0.0350097187909616	1.41175772759817	1.83679155583431
-2.43708268658631	1.67521893341192	0.915563095565757
-0.272527967297785	-0.952123923407864	3.51682294358323
-0.548235864311672	-1.82479665378036	3.54820558588993
-3.46054722550486	0.506882225230669	1.58894196520096
-2.77627759212819	0.818388086951543	0.751409699600069
-1.48425120909124	1.93215559040827	0.704095527263077
-2.4180867974924	3.22578517338859	1.52208026224602
-1.43162896061867	2.9265529867026	2.40085271651141
-0.403737772498873	2.62883885528773	1.86474274906934
0.622133056691211	2.71182308982447	2.11706812189536
-0.734330165117341	0.387523966712505	1.77233327190186
-2.09473616292394	0.300111007233287	0.607686115932061
-2.33990681407231	-0.388797689643403	1.70496603722188
-2.3228098019822	-0.248014399288763	1.54890347368434
-1.6330207630552	-0.498404478796005	1.93934186200557
-1.17130027398968	-0.521904768298544	1.43660689965642
-0.81138685586301	1.86027054574236	1.97245214250224
-0.702090308746453	-0.10383695665329	0.841247983328273
-1.12171834735558	-1.35451419341189	1.88871358248643
-2.33435864153579	1.67968473532308	2.29437420615176
-1.96634014650146	0.966969675857931	1.72446808914663
-2.21379221745647	0.934698245294877	1.42557171039849
-1.6881005514873	0.408316510521876	1.50181326711101
-1.77353087763654	0.615764417251407	2.27025882989569
-0.678674919725213	1.54769740292034	1.33654262555652
-1.86377240123471	-0.231715966709601	1.98140968925115
-0.556156001431615	0.281454992016206	2.18652818920754
-1.17869559537889	0.7765364246756	2.55587755849657
0.111670898207451	0.223331240272574	1.58200176095054
-1.92289470356852	0.802233029998314	2.12491969769547
-1.33796861903029	-0.0972321545514028	1.18955030942476
-0.975254090528151	1.79078993786936	1.44388641917998
-0.721583351723628	1.34650386100401	1.54580483035381
-1.32494055103577	2.26933492307622	1.8395461967236
1.10749853330155	0.549452928163933	2.11514474167074
1.02172249894463	0.0166019497766257	3.11543900934138
-1.11231453069074	1.79017403139637	1.46421489161469
-0.208778249066458	0.389198101665746	1.68558191437649
-1.18528784990084	0.00531729874304587	1.5299002540557
-1.86403743395451	0.510394672973367	3.14771355147932
-1.36282487661524	0.577911835262657	1.0877288206302
-1.64062887303528	0.743023277295396	2.0174622718939
-1.65116967070785	1.67685345075856	2.30132817227719
0.31225135035924	1.35044984350126	2.30486806973622
-1.56876135323345	1.34427148954875	1.88444242275078
-1.21348290080281	1.08329182866973	2.47334251091098
-0.756432909392605	2.09915591719832	2.14237385244802
-0.980005520528261	2.03492036498681	1.93575538609471
0.668318794682046	2.08941675606642	2.04947079950155
-0.645709051360238	2.40948855989135	1.10161889182862
-0.458120671930417	1.77245977712478	2.46663880839541
-0.27311066830702	2.26464343902934	2.84460962371336
0.303404916829421	2.35331532591677	2.98703210377704
-0.0302686153019335	2.52205117169853	2.8218874374329
-0.855576250119447	2.25695509155986	3.26834408198285
-0.729056875344977	1.96752500346799	2.8792509685827
-1.20631277930774	2.39973528299704	2.08291731704651
-0.377899241183594	1.86640765032434	1.8909227789294
-2.74975968323798	2.39347154951695	2.42172381236109
-1.56058729170118	1.15725283528634	1.88634855499726
-0.737887821101087	2.03559572807832	3.07908082731637
-1.51398009807752	0.937610456828587	1.63546155891717
0.0155312904166431	0.479642803299461	1.83923877642464
-1.13441931603726	1.88624087335505	2.47856328599627
-2.4765497097726	-0.923389518759352	1.71049791521749
-2.35375907078524	0.268603271863456	0.894920766250199
-2.42057265965829	0.5741758264307	0.724356594250162
-2.08784581754091	2.35841892354174	2.67867954578259
-1.39918186873923	1.78429157255664	2.62445838370808
-0.891858960295344	1.1349604516205	4.14049238603075
1.14623350831159	0.743187178768654	2.05384152634212
0.0378275954418525	2.17668974427767	1.71842017873301
1.25647679911231	2.39435789208451	2.86894830704856
-1.15504023589492	1.46845329323121	3.58173279724287
-1.08800243083357	1.45553376877455	3.92425867924196
-1.1501430245694	1.38524560536384	1.77417855167742
-0.815728450374686	-0.603184175216379	2.18537767552282
-0.954538636376012	1.06730012515935	2.56168440414372
-0.533512568672658	3.20981442473144	3.24877336414182
0.048563783019674	-0.210190688180678	2.29970539841627
-0.238438036096976	0.930233375833298	2.0914613554561
-0.624968824584141	2.18983810378053	3.22746062846898
-0.0318580521491108	0.362836056320994	0.551949314284042
-0.751283102146545	0.563352667202308	1.81857968175144
0.0845796922219713	0.954684887247803	3.04585987334338
0.124393804913432	1.98525695579915	3.11441394698692
-0.535874941133711	0.796463564605709	2.44208101206508
-0.369654031856012	0.850523589910295	2.61666139410301
-1.02976280129886	-0.797343587677433	3.38146507542836
-0.939120190027106	-0.80876294610386	2.15710454525962
-1.61966143817534	0.237192004969476	4.20354657992491
-0.765945512636417	1.123904604931	3.27222092857555
0.324056015473311	1.65631199348843	2.66366752890379
-0.470245542347283	0.967803175091164	2.55209194894349
-0.168822506856421	0.135135698514198	2.22943837441346
-0.0972709455612537	0.743813866811511	2.47930830096144
-0.411840761063712	0.0627676314846734	0.639641708985647
0.786216045492961	-0.0312730623317099	2.14033858882889
-0.0654722845508885	1.6167716993443	3.05202076029917
-0.143924612902338	0.234316114746662	3.91985363343523
0.413488693421473	1.3967989772844	2.05270438982835
0.635527590356419	1.50729428634149	2.31133193745591
-1.49688831364787	0.660713752318048	3.27218459909385
-2.3674184319278	1.5814907164938	2.36819952248907
-0.48211514926284	0.444307722960324	2.25188408340658
0.0322662721123058	1.06963673800236	1.88737431025401
-0.947803195925487	-0.0641609332778642	1.89311990307484
0.629103858022304	1.42364621042255	2.34077703681862
0.1248519874541	0.158150000358703	2.15000249332642
0.947044953407552	0.669295279711001	3.07575580763657
-0.751887538058407	-0.233733555854425	3.25271914034643
0.29341469458992	-0.0532736073902362	3.21212366904916
-1.67103950075768	2.16093686867712	2.36932296536081
-0.473713818469507	2.30595494311304	1.85169330066443
0.282983793920055	1.84576035177654	1.79947258506537
0.704608658749647	2.57993143639821	2.97211089945027
-0.465733626242734	1.49627331995674	1.35107542692731
-1.20889404280919	0.923119147463612	1.63196395798951
-0.647448328406265	2.1694776128021	1.60050286355003
-0.2509689259965	2.04276362740972	2.12875662221666
-0.0433314670551626	2.03844067702582	1.99411573777186
0.135266655812417	1.83354954471139	1.85837044447248
0.580876231698625	2.59730056452836	2.40800826033402
-0.442575966543844	2.70655067248539	2.20435422677493
-0.464865589457634	1.08567658026393	0.849941322045679
0.404073459571983	1.64140648294992	0.161564309178744
-0.481763599350991	1.9019240122403	0.628227621349266
0.304267306340892	2.32809740819992	1.17605362081583
-1.59092230188415	2.36644944388772	2.54328518379074
-1.17367800130549	1.83645470840202	1.85960192330112
-0.519975572823674	1.609907700656	2.74412491744717
-1.35066816364697	1.4136536145643	1.53775840505844
-1.04249184217082	2.00319199975738	1.24571758909096
-0.762883058738509	1.34204543387553	2.43161559567864
0.197404283643875	1.11079337184357	1.64518441528894
-0.574604937713017	1.03241037211962	1.34457082283286
-1.31151053506739	2.0921733653003	2.83269321411197
-0.45770862987124	0.620467878739492	0.999976465668157
-2.20313787792168	2.21775595721966	2.60826309511206
-1.25458651011218	1.31583025453989	2.1009157251476
-0.444131786146062	0.858120959322889	2.2570852106404
0.600466456756156	1.64130862307853	1.82517502365142
0.327551730583155	1.40908246091044	1.12512547736076
-1.71585661308215	1.91538097100677	1.30814081538807
0.281132511951979	0.480305980033975	0.513982918134933
0.0667298548479838	0.299589102224263	1.75849293662311
-1.44836895813903	0.998776359930235	3.44687926173971
-0.765447841484882	0.67418478048504	2.87468970609872
0.82554783075884	0.792887239232206	2.19479689493769
-0.0369745607672147	1.11367457480161	4.26234946517476
-0.0308314572907501	1.56287128296332	1.57275397690281
-0.161999198343618	1.42072315996936	2.43193439009796
-0.829668341886739	0.470430476210763	2.70913613037481
-0.193046910631325	0.824293109516189	4.64566705760295
1.39237767198236	2.2245957131055	4.76195652561738
-0.404131099467534	-1.34220352120719	4.20232161774812
0.634912696479878	-1.02177697033405	2.52359438971525
-0.714623367760943	0.206527828809896	1.90150264882354
-0.777367626200586	-0.665045466992806	2.54443999206748
0.00892468380714684	0.41113642008972	4.31065988679972
-0.501105732397978	0.230992842154558	1.32708377418319
-1.39887212530318	-0.0404691858960884	0.703714775946414
-1.03503081155733	1.33967465621926	2.10588408303719
-1.6479645658287	1.39138313350214	1.90658219858083
-0.873275283459777	2.26656516133697	3.09766523642119
-0.380252221257281	1.26489654578694	3.45370395320816
0.486244957252826	-0.757781208306302	3.32901538412514
-0.600947581634012	1.1858701215415	2.36503193019031
-0.593153705077676	1.25265411128462	1.62144216577217
-0.247089474426455	0.654295667665141	1.0553812842482
-0.251154922681559	1.08240073948627	1.62908237638585
0.0602390814162385	1.96565400359291	2.06276904822314
-0.620346879470869	2.61060334381305	3.00716890581165
0.354084301417978	0.37420300055828	1.90343672964371
-1.0836676394872	1.61791931431931	1.87764009640909
-0.352694301936787	1.08223553957921	2.57404095788995
-0.472968237938204	1.31624548410678	2.05055907340259
-0.0273998824107899	1.31228350102228	1.68378055136302
-0.502934579050778	0.202798473061843	2.83032674818509
-0.181949136400495	0.0940263852044954	3.17566673905763
-0.986319048755419	-0.271619466259554	2.10448974465235
-1.31242657536651	1.44909348918971	2.30411534274814
-0.931992414339562	1.07991654936639	-0.0559413250300571
-1.45114347935727	0.945324536921898	0.181141175557985
-1.06788139512529	0.942794774576965	0.495220748953975
-1.26123483547198	1.20987970904247	2.23904611023633
-1.78445790507679	1.68628292661737	1.30799528690154
-1.23889114270701	1.50235476726758	1.30015234017593
-0.565420136890113	1.55957230686927	1.56477621734326
-2.0053347070405	1.18958416226127	1.58963093655817
-1.51898081581429	-0.157426031864484	2.44475749580058
-1.19604867476767	1.35350544943214	1.57666405242484
-1.22154962295268	1.20405508120395	0.434363079184021
-0.715578228483106	1.41189082664052	1.77904554725125
-1.72568467247083	1.09491902921236	2.00963471859829
-0.800270785620526	1.69098859981041	1.51472181490996
0.126431739899898	1.5376200282733	0.528584357225189
-0.553233422877593	1.25601240522058	1.32806463868218
-0.4334506741766	1.26823452091235	2.14485566442117
-0.422023882286581	1.3561186759443	1.42807097714911
0.363482803822813	1.86078967128764	1.27231359968248
-0.996081112024964	1.10804044004163	-0.259369239396698
-1.09457499845184	0.613393321873469	1.47800682215536
-0.508353322732322	1.07012295151073	2.10589318861622
-1.95714081645727	0.723530121906896	1.96996816562894
-0.309070043164917	1.2196708945124	1.04205786452216
-0.204118296309221	0.779428382743152	1.0547850978989
-2.05339681318656	1.11550022001972	2.06873051511096
-1.56313256048539	1.42727822486754	1.85696336283833
-1.54686955396544	0.905078420461032	4.27866838983362
-0.0927366620080752	1.68777359192641	1.97649652666697
-0.639236960754844	-0.172966255133608	1.73648618629044
-0.109170217444072	1.18360698355379	1.72915610214529
0.19096801680229	1.56580221289736	1.73755778021453
-1.46230009465068	1.12718897674759	1.57133658562283
-1.12760945738374	0.850889244664797	1.29917123147563
-0.351710241569083	0.53567576566234	0.769657363714415
-1.51413174494179	0.652104013406759	1.57404170089038
-0.680539199723167	0.442774477530667	1.35311228377697
-1.86787152663225	0.35772081526913	1.74052151118079
-1.14157747335902	2.15568970216284	0.90113510298358
-0.246681255800426	2.2055356807179	0.441327751883674
0.0941339179995657	1.49306457460121	0.504665549203706
-0.197848558450614	1.30712690772414	2.73756369787105
-0.40205867065315	0.858308412198218	2.10834753021834
-0.813426804595585	0.666498026069847	0.347854331307348
-0.699772752159688	1.53986389571178	0.256354293949003
-0.599669858213249	1.49678147737811	1.9561080432094
-0.345184202018037	1.30533887493482	2.04727602495703
0.495159006065549	1.57009678965275	1.68272889587342
-0.348960105118599	0.573167127471847	1.69676005893124
-0.83268785610353	0.606567183948625	2.44414532868382
0.813358508068047	-0.411451323673707	1.81529102554564
-1.43298219718708	0.716315541009343	2.99439332899104
-0.22178955500422	2.2680910791276	2.13390896962354
-0.298503061257219	2.32444368119687	2.27719164449282
-0.0927222922250627	1.6155793786523	1.8552383556397
-0.416591611119287	1.1200036592372	0.702205899984765
-0.864177308792062	0.573027139256332	1.99236930284436
-1.14487624008645	2.76943026951672	2.60411401300806
-0.479273821878733	0.205969319807336	2.9279212022078
-0.860735376679347	-0.336312596291178	0.487670802171353
-0.623996909884129	-0.551859627552067	0.477454272914554
-0.693187041653862	0.110202638929561	1.10076069527604
-1.03681589574522	1.15964733422465	1.82826201341174
-0.202388976891015	1.39543688902775	1.12482887483943
-0.0679492181425558	0.164257145286758	2.0525858767819
-0.589589292583318	0.743484633815043	2.22873355677711
-1.09892621036736	1.02609803490881	1.94989384423754
-0.296974643957005	1.28183908788727	2.52886684843159
-0.360985902761278	1.40457782555671	1.95705433201897
-0.00747849763385972	2.16619693133142	2.60792179450299
-0.00747849763385972	2.16619693133142	2.60792179450299
-1.32818208107378	0.148062285466443	1.26146509793066
-1.46921188571544	0.248198902882255	2.62754397828702
-1.81517608744585	0.435347495032072	2.30581056319418
-0.87706957976784	-0.50437467231527	0.748397288701647
-0.177708521053646	1.03501679208985	1.61348750857072
-1.11885881708574	1.71912405838443	2.04254435695724
-0.92974609971876	-0.677796541858133	2.14973823223499
-0.677098056816167	-2.23797303781384	2.07452880680356
-0.121232737646353	0.669777531887697	1.2541233163185
0.269730908180409	0.792175042486981	1.39513116971999
0.41319216775057	1.50121487452078	2.13234325592426
-1.21123685482894	0.343344713923713	2.48296322252651
-0.569698354301222	1.28134084688666	2.05863520088095
-1.61193461588447	0.692257519663795	3.12709053571024
-0.957494053696845	0.80780274887466	2.7660771155471
-0.8306512933052	0.631140006747197	2.81405133280394
-2.53321138580398	-0.599247260454582	1.96223350821503
-2.16079457010951	0.5515775081603	1.36448359717244
-1.79204534065474	0.753711376186948	2.05944412854873
-1.39921015649128	0.0927072014482518	2.23804120255314
-1.8630950610241	0.883782470676492	1.72336852766593
-0.312823043402201	1.26815815874243	1.19450093839832
-0.33829944037374	1.40856930481033	2.07302817229505
-1.63598866464966	2.02356017838466	1.97436922469278
-1.78950574811085	2.33001909344061	2.58363310514527
0.0840430499955136	0.974237336248292	1.15550515853016
-0.496885822626011	2.45038120446571	0.816705264890918
-1.29939650830783	0.881058909857703	0.983012337463731
-2.38757699308332	1.23616791744297	1.46228781675354
-0.158572816019397	0.68264250138571	0.698012699170943
-0.545667802681328	0.244681302304279	0.899787703377455
-0.578619219076596	1.02170943468518	1.49771672686068
0.662308493548972	2.04757314564439	0.25319199601017
0.19087286681252	2.4252816963213	1.21166448532301
0.321795398192591	0.146452647503762	0.82419032258983
-0.170320068385909	1.95190555555367	1.66204014395923
-1.21204012688582	1.67289489214976	1.58265718748783
-0.562494369218564	1.15554655385006	2.29925245495284
-1.83301266710819	1.49947788366929	1.00939133971078
-1.06851275693004	0.846955636732852	0.976206601281447
-0.865704866936769	0.371101394149546	1.64526303282434
-0.646488335705318	0.246229563406493	1.18471201104639
-0.915743292317531	0.294932291194859	2.67871452747286
-0.351434079731573	0.893340376293005	2.77373558329447
-1.76416764626548	1.12289091951064	2.06284428785482
-0.222771561954315	0.113707435199789	1.86637170305701
-0.300578704172248	1.20770263198388	0.735597249308797
-0.950581844824491	0.998346297059221	1.64967361934477
-0.991101113487623	-0.376385420153065	1.20905579354663
-0.257921710821155	2.29491707300233	1.93962633459163
-1.40788422066818	1.31995752577425	1.79217030416164
1.08016244652193	2.60182736930158	1.96594176186128
-0.73029925859655	0.710541337168595	0.568686124246338
-0.138154878104312	1.41734249086165	0.414813116205612
-2.24060402660117	1.21494631277655	0.974013685626365
-0.121207173840809	1.89637041066739	1.01080056233364
0.421940807933832	1.7267780643394	1.58494135044437
0.421940807933832	1.7267780643394	1.58494135044437
-0.0134670944445295	1.35141546580992	1.88615717812781
-0.638954914157735	1.68068299944319	2.27004100406564
-0.112356437476503	1.52239983147015	2.5083598907805
0.00621908835556545	1.82392014256212	1.3983914170621
-1.69128379067658	1.32283959592125	1.31563603397447
-0.458551985252346	-0.428508728884298	0.907136844612454
-0.458551985252346	-0.428508728884298	0.907136844612454
-0.529430206829074	1.97065681691631	2.34173720107385
-0.735902393309381	1.52724227585649	1.51074622220456
-0.0844961235941374	1.57999070562174	1.76651403906645
0.423448014317502	0.958994438285354	2.6361622945593
0.0146473300527676	0.166431996555458	2.19959945692997
-0.317551840687483	1.93198233305417	0.771718082778463
-0.224594210782758	0.16138887197152	0.573349530699418
0.739629443759355	0.541851480229605	2.64175566355114
-0.625348309025467	1.11598385167872	1.8929107168307
-0.563492155168896	0.257435101551225	1.83049255807328
-0.253556467016464	1.04187709538273	2.01457942511484
0.294829730649753	0.303144712286991	1.6983942874597
-0.592548424313333	2.55045820868398	2.04346237540074
-0.592548424313333	2.55045820868398	2.04346237540074
-1.10973843365158	2.28150242060443	3.42695972747014
-0.698722762032495	3.08027395154374	3.87915469547545
-0.439911342867379	2.11007237730559	3.56707625333613
-0.110927053483409	-0.0483940748741432	3.45093899864825
-0.225974275183618	0.681807957942554	3.05353423635656
-0.0457148352516709	1.84948848329173	2.61219027254279
-0.81623103745968	0.356782497712913	2.70892851124705
-0.314193298412926	0.74173817736171	1.47480782031718
-0.584874794836003	1.75223390528322	1.47504500621621
-0.66190492102003	0.954793473932914	2.42170143953378
-0.492062991221471	1.64511738748078	1.72906897983797
-0.867101996722459	1.59660988280972	1.20064726102553
-0.793120999574094	1.03682175396384	1.82446412784762
-0.199652095095581	1.24334310848594	2.63632532764469
-0.219545414824859	2.30666012175102	2.60274006796274
-0.198485869362966	1.63641094923071	1.65737100324775
0.0133503266212187	0.707736285401026	1.89368727482442
0.00811406160584449	0.903610140036863	2.5633621386401
-2.33987251957418	0.868582756407962	2.19261309166321
-2.23773752495662	0.655645005968397	1.72060903796354
-0.739174272408776	2.27015353758565	3.08040480369002
0.115059594811058	1.58088662745988	2.33720804943325
-0.489406045346818	1.47128912695373	1.8113512095609
0.054309913716618	2.05936794519807	2.93907915162156
0.0812988426211457	0.994307014056908	2.681259732233
-0.682241533994329	1.09114697113009	1.87867056242789
-0.948159142707332	1.85202923057353	2.69566375604083
-0.359039970252289	1.18286365656903	3.28095138042589
-0.134817826173987	1.40539736657078	1.1249401013954
-0.134817826173987	1.40539736657078	1.1249401013954
-1.43590210394024	0.0875596724022274	1.49298968870548
-0.717211829402886	-0.783036589217949	2.2105188248012
0.0477018044942695	0.768206871179966	1.02488577056848
-0.146137264588793	2.13469289314805	1.86642274516132
-1.10313102244839	2.5854078596991	1.78628588085644
-0.0629322122523804	0.875666973681469	1.43719083991824
-0.0983398199909596	-0.327308838212959	1.25548956361831
0.0616897990137013	-0.546764553668013	0.0848196089704882
-1.53584106070998	2.36438609684892	2.75475712368357
-1.23148624684273	1.80621538154405	1.60342706810533
0.234081537580365	1.34770766847518	1.53263991720309
-1.03735382170213	1.94322784802874	2.39800568329363
-0.481418628584063	2.65871659155722	2.39018561207918
-2.60574904510722	0.884760746171283	1.9481670632237
-0.778617782405092	1.02513587730305	1.85385738907446
-3.0711039380876	1.99662148356183	1.91293643657799
1.33876249785778	2.77225640847384	1.52088909679929
0.0723787119153778	0.0205612212506452	0.832380693002758
0.263732542209859	1.32622401391239	1.70377421338362
0.00613700391374519	-0.303146276437007	1.73375084379137
-0.370000786744455	1.75061527889837	3.00998955441344
0.0900032701034593	1.7363445196866	2.19753220513699
-1.31022442905983	0.960629042783136	1.77202543058734
-0.845705238059867	2.01318873497016	1.81265503429757
-1.04830161299166	1.73413568021039	1.72120782122041
-1.0693872462736	1.51797954922902	1.36322531461952
-0.959631889447921	1.51197777736966	1.64577492362106
-1.04308943422002	1.17423241148339	2.01277527488201
-1.04308943422002	1.17423241148339	2.01277527488201
-1.36190071527646	0.778249138750831	1.45485372410541
-1.06783959710841	2.84643927834685	2.3003416645129
-1.27691170693667	2.16630458654872	2.01593280597667
0.0682989361816947	0.549116198024443	1.77008652170947
0.279534219914284	0.680403961919228	1.36988155430502
-0.508010452909184	1.48422586366737	1.69016607960343
-0.163055401015892	0.813339708558405	1.29756473196074
0.614730445910009	0.818501147485211	1.40049287944821
-0.653920789270633	-0.103357997618837	0.968902563561549
-0.784256893698353	-0.35358139724915	1.90415521013502
-1.68801294064137	0.692740692067371	1.50753533931519
-1.1003113903746	1.67987583835749	1.908297409304
0.345315362665244	2.78704463567403	1.81957255988663
-1.3377628253101	0.515156775804815	1.95013990964317
-0.414921643656005	0.897684665798167	2.1722554583604
0.524533870739852	2.02729944907135	1.31702512253792
0.551087517938369	2.11024791363729	0.80249838851411
-2.00107628452102	0.896100885104667	1.65492460899703
-1.40437861623005	0.0747725578860516	2.21153667975293
-1.06601518131475	1.15913814890307	2.88556382004878
-2.00251536776539	2.10044040423154	1.406930721916
-1.7447079603103	0.578011372414238	2.41730256240859
-0.755022085943567	1.66129746566003	1.88655887628085
0.115407466269719	1.04886410122725	1.98051285700203
-0.430260491052683	1.26320243545602	1.28219153719745
-3.81127082179298	2.17376691792598	1.2904739847927
-2.79180740141853	1.89042335653093	1.09431814666026
-2.87209424319118	1.6263545659341	1.04219227810587
0.655094941211082	1.69514674128114	1.84233686938376
-2.05722792462353	1.995177204874	1.6589378113241
-1.97333311096725	1.72541368738691	2.07115684733081
-0.268479598042728	-0.236381920324762	1.5331490588322
0.444108146049252	-0.228656095867757	2.05047772181539
-2.09149700778895	0.198015964908775	1.6983011065502
-1.63449010456812	0.570193044478679	2.56061821050625
-1.74598558880198	2.11751955260916	2.02001910273653
-1.27604238488742	2.05922606431164	1.89793313920919
-0.822270268510107	1.38786705927683	2.25616434934646
-0.870426975366573	0.340328284621784	1.33644709282826
-0.870426975366573	0.340328284621784	1.33644709282826
-1.4803545339329	0.921616362686089	0.765149291818636
-0.701124546128389	0.655778537082217	0.437384776142715
-1.08385830738289	0.443831376914173	0.618999548440642
-4.16288001537741	0.879081336308486	1.19045806951978
-2.7574871068233	0.794523220689858	1.39201553989654
-1.98921463113529	0.575405512751692	1.03460900821217
-1.20320522980291	2.30603419253083	2.01893654634528
-1.65519051135467	1.29352434402295	1.25975803531533
-1.91251645618658	-0.214894258785942	1.25828229085846
-0.351743885183993	0.696636631496242	1.3140218773471
-1.56015716320732	0.481800547876451	1.76766861246836
-1.09631838171494	0.444827514589526	3.25472924404924
-1.62279625051621	2.13554195593934	2.44560394277473
-0.279486140710493	2.30112628700901	1.96381591912136
-1.41620180979169	1.30791550894844	3.05858900125145
-1.12345632910913	1.78559086202239	1.80104921360726
0.951962602405125	2.43231460601417	2.12847671087548
0.297680235301534	1.06759383589105	2.18221337827161
-0.632962948567328	2.51783288915625	2.38349222933768
-0.56925583449447	1.27789283886009	1.04029004897825
-0.96356691806735	2.27867262325017	2.06222153758079
-0.96356691806735	2.27867262325017	2.06222153758079
-1.60375930054478	0.659449244862471	0.830238044957665
-0.245585204383755	1.73377081925843	0.378117157769933
-1.79233894695818	1.17453998988139	0.307340388520402
-1.79233894695818	1.17453998988139	0.307340388520402
-1.07087778504053	1.54860529183267	2.15356060087826
-1.61930223924502	1.4853479294611	3.3391076311874
-0.466378122650364	0.146285490972713	2.20452283442312
0.252609588189765	1.17496589857219	0.950096489083259
-1.43858688460025	0.719695864317688	1.5727797529004
-2.36733178918684	0.832207132544581	1.98978044427117
0.388403743050646	1.32714415005357	2.06784903784364
-0.358645313604973	1.21021765786296	2.36547195765088
-0.704171678288541	1.83877750914096	1.31776229352574
-3.51817429807348	2.44503610770979	1.23925177200212
-2.43791719147909	0.528069378912162	0.0424078624064961
-0.78176271286814	0.907892386662229	1.13728102741401
-2.0456307554475	0.258391340704926	0.282681477628645
-1.17784397724304	1.43914201542793	0.917860756210218
-1.7141845356225	1.22766021490949	2.11514858948735
-0.725289462746258	0.314958387514347	1.18177657015033
-0.618051742955558	0.683049034614168	1.02604851110547
-1.48947757031264	1.54422906569176	0.675453491898527
-1.27795868943537	0.419892179550891	0.847203156414294
-0.0334903952133308	1.33808228396936	1.02482001287185
-1.36971029207798	0.720317960637688	0.64632050033963
-1.60103819357752	-0.212898696106214	1.33055397327981
-1.15711223647715	1.02821973493172	1.57838698009726
-1.78818215314015	0.3792699996165	1.08269235122748
-0.280718494651778	0.174603255101707	1.42841260999724
-1.6165092118523	0.302021304983472	2.1796006583474
-0.849022370582177	-0.0433888455585848	1.77482081840726
-3.23727515325647	0.826974095796929	1.07359099650657
-1.458119745427	0.328422519655535	0.257441789113281
-0.869078466002972	0.983057592964333	0.667724475889731
-1.33023583069583	1.45991831123369	1.06991593375116
-1.03601123372374	1.65019156582864	1.2983793016738
-1.25680494565095	1.17647335054141	1.4525466931728
-0.495588783067782	2.27826554485403	2.68038750632004
0.161197750370757	1.69845147917827	0.799953665153654
0.575704572524541	1.42441089539353	0.895787268780662
-1.17714922458839	2.29642539433253	1.64015249889059
-1.82116968651234	1.40332705632951	1.48738648531612
-1.87766820454422	1.71003167059183	1.72666600685888
-0.791553585110852	-0.3715019319765	1.77531277829659
-1.30024727997051	0.397067784080059	2.58809534505927
-0.819397651107583	1.13201885096725	0.837069153422844
-2.4769113482123	1.31873439272031	1.15529249495706
-1.53961838978177	0.57748504298607	0.548313994714717
-0.30319448179179	-0.631314359762619	1.10622564590057
-0.576431854721398	-0.00826883711105142	1.47596643967887
-1.40124625668084	1.74477265407405	1.53396245721415
-0.284711818815333	1.99305906220018	1.45646797712026
0.411687563594962	1.9743654631607	2.00828536643925
-0.482682736694403	1.34754731859406	1.36346585600579
-0.731494690677783	0.831739683697219	1.30477884964902
-0.314311625521761	-1.97328475921701	1.24543654786405
-1.35684864116411	0.172498528604294	3.58818406300031
-1.18312667793303	-1.11038783621796	1.02287546699706
-1.61718538332641	-0.113682347064561	0.868833840833672
-1.8284024999787	1.01304398813276	0.80013542987158
-1.35037686150761	0.281233685973354	1.40871394839716
-1.14252363744485	0.38345972843586	2.5651664494928
-0.154199308788278	1.46408651291135	2.47943536672096
-0.548404989690315	0.00257883321517038	0.46911222285963
-1.69670262479891	0.708988267794447	0.596415800650586
-1.31472851298518	2.83299758308019	2.27012017370651
-1.50266138437293	1.53004808713002	0.592576850561999
-1.0202372097974	1.53278724215679	1.20155886565409
-1.56465052610844	1.00720737869334	1.07202606980637
-1.61244261741268	-0.293622711394979	0.678316900161872
-1.57988703640976	0.744279087251659	1.24716432860463
-0.981007649600877	2.01933173679841	1.49999563661682
-0.206792588605035	1.04818263767976	-0.300763175614116
-2.49533675315029	1.81800089285824	0.596064657606986
-0.850490889543399	1.37809905129887	-0.319515730305822
-1.46915060603687	0.630777173957592	0.507102216077473
-1.74040381021879	1.06943816104125	1.19364403910389
-1.8010635019898	1.37547739378409	1.71990650300225
-0.229095160707793	1.44326985846064	2.1285748455279
-1.22991672817975	1.69865670577089	1.55209235301826
-0.878578538681647	2.34142593019451	2.07045598674947
-0.194892675647454	0.71637787761323	1.25424800187046
-1.24949085446176	0.794301903080793	2.88285951940627
-1.52202358150777	1.49562961449079	1.94652616342036
-0.643092604501644	0.375276023236627	1.49058176860831
-1.19227908291721	1.21464321296899	1.34108492702201
-1.76386815428904	2.16326125143237	1.52458638675521
-0.058741403268972	0.533188325270012	1.69467994730885
-0.816953224372614	1.76577939597988	2.90634517184421
-1.1234845617107	0.413853343328098	0.707239650910036
-0.569043107341747	0.552326988842676	1.55606652601117
-2.22244657929927	1.33698290772865	2.29245771843173
-2.19437535308921	1.16561029885572	1.3691634032121
-2.41973238386368	0.968488463135412	1.33630680530711
-1.29930768771691	1.85382408408173	0.445170196938371
-2.68841060606067	1.61060312885008	1.88039710826309
-0.531873072591416	0.628988254500356	1.30627812735778
-0.591477693268774	1.07882128772518	0.840098773660236
-2.00628932914897	-0.118582859653819	3.33712455252946
-2.09557317153383	0.733244668093895	2.12352962838586
-2.02759712736162	1.08712548444103	2.68178230351871
-1.39314624109088	0.59769240897156	2.07862038612713
-3.24928967773524	0.391814666203972	1.6589327062029
-3.45557372103678	1.07544240624957	1.11813109552849
-3.99520650213943	1.20680382669522	0.194807911440848
-5.88552652427178	1.27156346345007	0.49027969305521
-2.44813670207687	0.509008999251843	1.81158568780023
-2.93676777054233	0.61788937283245	1.1875235911547
-2.41026347459731	0.905134242144693	0.365470834371812
-1.54844274129003	1.50651651547099	1.60362775135696
-1.77673518536613	1.14953396479118	1.07687650292958
-1.87889844005161	1.48518450379042	1.61313384622444
-2.4291894792762	1.81250376094245	1.71602074007396
-0.246982396712667	0.308853450879135	1.75717962325994
-1.86446923140473	1.3051129609139	0.550457977573601
-2.33400714245888	0.648616779514115	0.751228162998227
-3.23740938776734	0.817258562828847	-0.361355594903866
-3.94529577979153	-0.047991267259305	0.173268342293038
-4.31549191741726	0.430244283630737	0.351951983215686
-2.09839511243478	0.184114448788546	2.02540180625202
-1.08532020742387	1.14185414701584	1.98948574681032
-1.48545817299039	0.813831591005901	0.851733579575527
-1.4884328595508	0.810978531369899	1.57396751359029
-0.0581257530533557	0.724363033522936	2.71106123527993
-0.908631183474096	0.0524116250151634	1.62695385402627
-1.42686135795972	0.619602509001422	0.220060757737416
-0.455708607027111	1.32761717873792	1.56434749268069
-1.02011041210504	1.00638891277367	2.22863094916995
-2.12846069917938	0.484903237676625	1.36723423359325
-0.13814922148418	1.09336656024885	1.808753384058
-1.85180963402317	0.30051104192959	1.6220572321536
-1.3562310827253	0.889522652337603	0.636159881224234
-0.0806071460090598	1.14816000986944	1.29292797618966
-0.937902131938448	1.24115993049498	0.481538437828327
-1.37736163781051	0.557807063043276	1.46079579734143
-1.37736163781051	0.557807063043276	1.46079579734143
-1.82007613506737	0.846936907316924	1.26535109739366
-0.0641314778045562	0.803392120493152	1.53970920176704
-0.841962027945513	0.480881802103161	0.74594256058326
-0.110537384351604	0.629737011858029	1.48612477746933
-1.17150256089832	0.683795657358696	0.870879013176592
-2.18561673384981	1.01138894122804	1.10177254202476
-1.63465238300655	0.246222017629283	-0.440981210121179
-1.92766901847614	0.644174244122628	0.441443971574417
-1.01379136252585	1.32099365242684	1.09539273412826
-1.79961838053396	0.142943900667202	1.36189564981324
-1.66623343032825	1.14758935019441	2.39872956422773
-2.72765031617553	0.650030342509771	2.23008227599076
0.343225226891223	1.04055123694775	1.51244763007111
0.0506148850530147	0.849776125758679	1.30473555242117
-1.24968459127313	0.579728934305021	2.04942849254608
-1.36740483872761	1.25163228755072	2.02077117450824
-0.803990300700082	0.222276422769775	2.83631941143216
-0.988342535842156	1.76825146650691	3.43678724766966
-2.80935926551554	1.6106512489142	3.82707297502505
-1.1644702835146	1.02720671024067	3.52302991756429
-2.68117147228574	0.990720365772462	1.36943657595066
-0.089128077984563	0.365135653596713	1.83557604915641
-0.027433043433267	1.47131194736697	1.47061338643598
-0.539506575967459	0.291540478105426	1.00411711531163
-1.38610487980904	0.584897543486621	2.10136173814395
-1.38610487980904	0.584897543486621	2.10136173814395
-0.878733272719389	1.69104168618701	1.48663638537031
-1.4892003474343	0.72459794299326	2.2920781014337
-1.22237003909169	0.574377127042597	4.16691662052859
-0.604188114970627	0.728649252949462	3.05087303468276
-1.61035404718422	0.706787543064441	2.78206595276734
-0.827440078154282	1.72017943751541	2.70866404885017
-0.173913476267216	0.842109116097409	1.73408505615565
-0.378009163351153	1.06896071349543	2.07689651568589
-1.53442402317044	-0.48410860678924	1.37043760764697
-1.37639144636543	-0.316432573615731	2.50532328333753
-1.53802947980954	-0.61986050218843	0.647069448783549
-1.8346460049999	0.326747622985579	0.783952497802304
-0.471911652509248	1.24261430541819	1.14970494138991
-0.829512428532993	1.31849072556888	1.42549542808473
-0.281784345177715	0.23882240895423	1.24595836303367
-0.683949813424328	-0.222177097207817	1.27111183438929
-1.60871802063956	0.660057820724067	2.24435024485012
-0.360441531057108	1.61438865890947	1.70924589541615
-1.05412564443586	1.33325453698862	1.72113777273674
-2.45923977853597	1.10130400670743	2.0472679002702
-2.11647883320369	0.265528044448937	1.03624029016342
-0.974730408562741	1.41785822741829	1.76163543611066
-2.07896196520821	1.08508018903186	0.485805906054745
-0.121192342467931	2.22793888215573	0.918422246292051
-0.740576552318324	0.622271153554682	1.34834090215268
-0.675733527145384	0.904764926905132	0.831833253395493
-0.675733527145384	0.904764926905132	0.831833253395493
-2.28015772128732	1.2355817160915	1.62793482194233
-2.16615401442056	0.351830695413172	1.35722200540515
-0.686466946832574	-0.148605201483104	1.37819850518056
0.141868024335968	0.87814718997352	0.88701343595095
-1.52266551976602	1.85267129248541	0.233363140366677
-1.78625039529183	0.880740363833055	0.0115141598445948
-1.05551084228252	0.395519571693424	0.852202397295601
-2.02395264695475	0.876779699924823	1.01470448583935
-0.122149966520857	2.00126301907496	1.71059426047191
-0.267047212437373	1.51179209681244	2.10350751909588
-0.716149990828425	-0.775841698305697	0.602825449804553
-1.54213898307639	-0.307082479292014	1.71326680976029
-1.51200291498402	-1.92796625198062	0.76165822819029
-1.34991509459765	-0.768629455168444	1.20687935733654
-1.24897435746687	-0.814840106750611	2.11193168400467
-0.893069543214127	-0.549441433005438	0.613353932379784
-1.10758035404314	0.850047792546747	0.762490595578859
-1.1638293908734	-0.0452966881883875	1.56568406242916
-0.440858355390278	0.112914374627397	2.2262757423115
-0.897751642973352	-0.349207661898972	1.30837170083523
-2.97884962486032	-0.0272776322160065	2.24865484969104
-2.05712531739192	1.00818402004072	2.02510049492931
-1.04882418132944	0.00676452258811067	2.20783691447666
-0.824503910181038	0.474214351951915	-0.523926806548163
-2.47412865278299	1.19458308241399	0.145555367031117
-1.50901546034503	0.293518552605849	-0.381728091995627
-1.04596567680084	0.635181091794834	0.533628309694446
-0.603984567919555	-1.2072027444002	1.48582744645528
-1.46561817017138	-0.958475786782635	0.536901927219192
-0.975258750520817	-1.00482171373428	-0.19372757944473
-1.80559251231397	0.542259451695257	1.33899576447889
-0.887325304528935	0.352609309125901	1.71976254925481
-2.25354781209121	-0.5941657163078	3.30637632115361
-0.952488670339337	0.131113110275824	2.3324234799709
-1.22925334240788	-0.050595624070067	2.27201996721695
-1.90841286225344	-1.97402654510881	1.82379267076091
-0.837409449058244	-1.79562932081981	1.09385552065467
-0.525890422257834	-0.58902204080451	2.76550330583537
-0.56635784978885	-0.732074026615739	2.32348554939408
-0.12774945426385	0.305540667100566	0.903878246707205
-1.1915184187398	-1.68959665233949	1.4997226210044
-0.891817095151369	-0.528614126518595	2.89431010126011
-3.07691033083375	-0.198413028144396	0.795674828850254
-1.50640164554912	-0.0156781492300678	0.439435115541282
-1.82320700741614	1.15745510334195	0.573499234759222
-1.12313302180398	-0.0206617644067423	0.457562579731734
-1.40791655229793	-0.55379509933949	0.79831144176135
-0.164513861369155	0.434398580470037	1.38655424060157
-0.580613448052208	-0.0190405792164216	2.32162844266385
-2.11503212325487	1.00789078859539	1.6840488871471
-0.670119764635043	-0.198942812207568	1.10011096522757
-0.55369601488629	-0.0815329917614078	0.959401170352642
-1.34451549309153	0.0324261451667228	1.05733964816592
-1.49693261409101	1.18760644303987	3.00716191774219
-2.91226257587788	0.425072816832379	2.19077969420328
-3.14174500273806	-1.16437036071445	-1.14992545040506
-2.31564911594534	-0.367637558696988	-0.352774375680102
-1.31069167936975	0.951855868783847	2.01113232596353
-1.43056767594575	0.456014152189007	1.51477573793546
-1.30845619126897	0.146290797583915	1.00720987514942
-0.565956912222814	-0.0648660977737888	0.701408174911962
-2.05678070276827	0.444566980761903	0.717861925328459
-1.1852237961662	0.187576179158877	0.468779113007907
-1.25014713660349	0.270513913791316	-0.347648510201243
-2.17055135327072	-1.29189367013423	-0.538958791264235
-1.78012213025683	-1.03610688306868	-0.206897746729477
-1.192361458959	0.333027525576222	2.14243357953239
-0.382274900827935	0.194840863280027	1.45575115192372
-1.4090862907132	0.65867101313689	1.88320565808411
-1.14080151212277	0.664983933324391	2.1308263516668
0.377383023913137	0.995699614056737	1.12914446492761
-0.540538198998633	0.360654498619002	1.14055192082041
-1.19622075245515	1.05095956729375	1.31566485172866
-1.82650628839114	0.199777794357239	1.14523238027494
-1.76541444718781	0.345717123804479	2.00523829179327
-0.579269354267746	1.51577524079087	1.64291299154319
-0.790093628672252	1.00261538535259	0.487678383674705
-1.67176545897876	0.118840633042067	1.36046054240927
-1.67176545897876	0.118840633042067	1.36046054240927
-1.98910267839449	0.137079365545485	2.04751680988058
-1.13897133493612	-0.261516350327164	1.39168464737284
-1.57090177946245	-0.937361561158948	1.43825031981342
-2.04293668292316	0.941909997459186	1.60128287694507
-1.10272278582931	1.16270613070126	1.72199447370556
0.251340545468238	1.77583570919087	1.13950059582996
-0.690239286001894	1.76896498032013	0.523518673040221
-1.7401498025621	1.79521332754121	1.35070280763957
-0.878645575535794	0.465879786432784	3.07500422361422
-0.608590957440454	1.91951672905069	1.14232711745324
-0.611198528237552	0.955379400436534	1.96562705255412
-0.0569728270457577	0.236165792822533	1.21807122164479
-1.80773571621244	0.420088469379736	1.48712243899342
-2.18033565393722	0.226962753344962	1.56976396055476
-0.49823757052483	0.0875711129049791	1.43383101922897
-0.0735613693079461	0.154292741100583	2.3704363381328
-0.979050538324247	0.340390000686638	3.57472996812115
0.0570208631956415	1.5789062780615	2.25163893468376
-1.18032987310698	0.52419673894362	1.33077355963821
-0.597334648282885	1.02945831338898	0.420327690880755
-0.429423016646624	0.917613144926688	1.32419786760338
-0.998827996420693	0.920753898696885	1.06799962062489
-1.23912290628853	0.314364501342236	1.93215071377748
-2.66640422122588	0.540816791446704	1.52973176095698
-1.30557777647091	0.791932502313552	-0.139983869150515
-1.49028147584401	1.10351128726672	1.16642315681956
-0.577587238376955	0.284995779007773	1.91814005063286
-2.35651204393532	0.409357720433558	1.42566632491199
-1.80513186363204	0.362905687416538	1.51947825225819
-1.53088959797899	0.648718852685317	1.35978880617477
-1.97309710945569	1.08428867040711	1.63154002747062
-1.39991518656273	0.286593019092815	0.500053689666601
-0.843019711030157	0.541376251369229	2.08746683669352
-0.94486716101221	0.78757032182072	1.63924734678023
-0.790687800136182	0.463363358097016	2.57975822634156
-0.519491992336402	1.47908408189589	2.29780567392035
-1.14357693518086	1.00612337708189	0.838111971003847
-1.22851771211172	1.16188204814069	1.87399669496972
-1.22851771211172	1.16188204814069	1.87399669496972
-1.80122992130236	0.674308255789164	2.45071775420547
-1.57126521526648	0.685480005913178	3.33515829579718
-1.13938412504853	1.27422704666653	1.70654083023475
-1.34883439855043	-1.2877594442697	1.06920846601381
-0.441082935460504	1.6644913575956	1.26439090573034
-0.420523448853808	0.433915219459488	2.24505060890544
0.00845538855969555	0.053834127340205	0.91210065630509
-0.767558044646618	0.939568348257066	0.187551166411244
-0.497219686805758	1.87283340541243	1.68811196412072
-1.12582963640711	0.378893208529144	1.48957967589902
-1.2447484241558	0.77685361382643	2.50315954641077
-1.21746190169974	1.29206978503574	1.44325857404197
-0.589059614712642	0.50704579878618	2.15728637492249
-2.50019753016927	-0.547295608334034	1.44969228094833
-2.04067846705591	-1.24741380061506	2.22299915862728
-1.44834546157424	0.290898231535094	1.63523350240656
-1.19269104425628	-0.0555258579660856	0.391450399741735
-1.0529660805824	-0.254256870142608	0.605327605326146
-2.84026363727076	-2.13250884350351	-0.415188757312939
-2.07407653686611	0.109290789991143	-0.913200157427127
-0.972753677732158	1.34858360496142	2.22853431188475
-0.708280660396086	0.623914188345372	2.27960686760285
-2.4718432497075	0.570310865804648	1.39758773825276
-1.52723195738334	-0.27212729423724	0.874449520461818
-1.08722754333545	0.190177073923354	1.4490135900012
-1.44432348739123	0.747071310805954	2.32701526704453
-2.70744858943718	1.08635916798484	2.09226323502067
-3.3123511708223	1.22760580822801	1.65526222361413
-2.20735299536986	-0.0524527163322506	0.748547872214878
-1.65998854964991	-0.257964579367064	1.32512709250454
-1.56561691219186	-0.0656733139018955	0.0717346505890435
-1.98593917585269	-0.86409966760292	2.17683897991313
-1.03783287808194	0.475739393356178	0.310801580332898
-0.42566874745172	0.115620158780909	0.656195368563876
-2.82831867736058	-0.218447580764654	0.725029964513176
-2.0080923111	0.98801048324282	1.15447105864547
-4.26449329881739	-0.532790487929904	1.18683210810774
-0.263141278906122	1.8094213088308	1.37741070270747
-2.53011994200187	0.265694652766571	-0.37516504807582
-2.24123251756778	-0.392067677050686	-0.474437447031868
-2.02581515813066	1.69623623048511	0.725186194420925
-3.87354330206811	1.4553119078013	-0.299882171908244
-2.4284078245897	0.492094069370854	1.40897362830296
-1.89859048362732	0.513085236943891	1.03084313786202
-0.603402553695763	0.608049703775006	1.32157496500261
-0.808928962670405	0.467305432295853	0.864850503928272
-2.55201817844941	0.704545047783499	0.86694242953177
-1.80954077125994	0.490438376320041	1.44713588819196
-0.643518819466642	0.992400569034369	0.346455807328363
-0.505149696136582	0.0545622357298787	0.123321777764029
-0.934961862785338	-0.227828467608176	1.01872583577051
-1.66864814013519	0.779250861768237	1.22858488462536
-2.17895504926145	-0.238469376418226	1.05015206415127
-0.508366448706476	-0.778637071439445	1.34347382474666
-1.03439831357366	0.353001391939399	0.771485877392238
-1.23434053999078	0.499506206088785	0.919606576939255
-2.09796033924936	0.283303418524165	0.844507987709147
-1.50580091813978	1.75667380336104	0.351757230630826
-1.23722104973761	1.91052312526454	0.413258240378308
-1.6305763182278	0.688244062499457	-0.262273992327954
-0.963924438968787	0.719176299982396	1.8276994670969
-1.22177499444528	2.6800806653157	-0.252489725272106
-1.07092109779914	0.854372669761776	1.31920611964103
-0.919091915141183	1.59984557471371	0.293915701283845
-1.37034169552684	0.796126506567994	1.91107623418782
-0.733426944572526	0.269029806800022	2.22358631718514
-1.93176309497678	-1.19013387353856	1.22001711301314
-0.704230495437731	0.177111855302551	1.83099455359994
-0.902830384645366	-0.404793177022188	0.852871605767197
-1.477284552944	0.527751570556632	1.68494672687043
-0.737594807739168	1.49992185427698	0.669134972931437
-0.560106545145249	0.143325333333867	1.10082179734269
-0.452938619139519	1.08556523827983	2.32787561272245
-0.702797596555318	0.824824115007759	2.00259523822754
-1.56941308091835	2.72763030063142	1.55940394236667
-1.15386024246244	0.75298678786766	0.881404124112425
-0.762951465345257	0.531963266008891	0.812905028557985
-2.07626747760122	1.00396210211106	0.95291178843598
-0.881099182411471	0.184176482061616	0.340548280018027
-0.813483320265965	0.664964221072476	0.47870866143243
-0.250318806197416	2.19738313271267	0.799092297653998
-1.34898229036381	2.42251061157174	1.01017106549788
-1.64795539896626	2.16232625908919	2.03170221997268
0.263132726645558	0.505922786341136	1.80143015611032
-0.309377333105594	1.28382858201261	2.93207458036645
-1.14523820541285	-0.251118260361315	2.62398604147444
-1.29670107872712	1.28410018706092	4.00630659417597
-1.91928600176401	-0.450937744376584	1.66400339100368
-0.642894387591991	0.0878432892678294	1.61683370067534
-1.3446173478889	0.562379496042044	2.11615676046271
-1.40739630111584	1.08535754134816	1.93559193150239
-0.73466987424788	0.904885019847397	1.93695863510224
-1.0550244522452	1.72410927519715	1.25060015406483
-1.20772426377437	0.763225941634915	1.24942128115479
-1.05426036144915	0.995833155752559	1.65582383401977
-0.40702070806935	2.28303807674801	1.51327037105795
-0.0562163235627678	1.54277597754919	1.37398986258642
-1.29949891822017	2.02992707684709	3.20140775234271
-2.52163805201237	1.17016395761962	1.85838214889291
-0.950559287998075	0.947226878696859	0.459309070457687
0.160698694963733	-0.506711943764522	1.20542664533793
-1.48678576240661	-1.1541705370893	1.62182288905418
-1.79129597597643	1.17390344699747	1.9215698943186
-2.09751136265396	2.68043677922226	-0.0711218832030341
0.739339680900493	2.19398451432629	2.1346469960764
0.0922740134295855	0.966579740353615	1.07553454611098
-1.7462476793516	-0.0114931079874185	2.25857742601965
1.26673735639239	0.994480897751082	2.96346521600779
-0.429258228499728	0.941418914515413	1.69022725361064
0.0637271298001026	1.04733248167199	1.3321896665268
-0.57910819487484	1.07204612984995	0.199758494395447
-0.018107167710998	1.93889417562267	1.11071884602654
-2.09213911763049	2.08127922651056	2.51240063439576
-0.191155916868583	0.0260673109274238	1.50277602635411
-2.14089300820493	-2.03849063420486	1.83856775102223
-1.29643053501755	-2.10612888605391	0.809201707628941
-2.50118144336987	-0.140772414173414	-0.64890799991173
-0.897551073555739	1.08329608911491	0.60047901079147
-0.818947051021389	1.42541428537363	1.29377760017309
-0.290452728531686	1.05915770594903	2.11685952855501
-0.989592956050899	0.594010351893331	1.85278046726856
-0.967812815474745	-0.202262596966926	0.432618677877158
-0.109085926757763	0.560311970060596	0.464055031527912
0.501988681596081	1.85450465507537	2.1896898386911
-0.423825000684488	0.588939936553582	0.860710175603756
-2.0755149322971	0.640679169204086	1.20738995962818
-0.213641651969756	0.362823639032846	2.14641042553268
-0.99691945048965	0.309827208640877	1.7839755191814
-0.158071717691539	1.01764253235281	1.6535282205797
-1.3395025964102	1.52358195563966	1.98100238012428
-0.892323631711307	1.56368250260242	1.11834918652436
-1.9062517079158	0.559559821683255	0.0377594159637263
-1.01251324906494	1.08923196897048	1.33898308760493
-0.650794720430943	2.31189271326799	1.93899089225352
-1.02375408405021	-0.197239584775384	1.32855965086454
-0.758293543050414	1.74918407983933	0.531561095205268
-1.65234921011971	2.06278420247027	-0.0983494741173658
-2.29348226868966	1.78539513638676	0.123065768147059
-1.26728410751894	1.95528930047535	0.320379136125023
-2.64660400208943	0.547121871261031	0.304726767816384
-0.885064696624589	1.16764948144648	1.87221909499102
-0.885064696624589	1.16764948144648	1.87221909499102
-1.58440594271695	-0.435030401855095	0.762595518666721
-1.58440594271695	-0.435030401855095	0.762595518666721
-1.45703054255218	-0.945217778307902	2.01135841949476
-1.45637237130043	0.511678965315466	0.921277488324718
-0.429323122383457	0.310988793554204	0.546444120259476
-1.36569270295371	2.06913153846187	2.00515657040344
-1.25877823048742	1.52741929404509	2.43636844910255
-1.01701108635648	1.31233788032468	0.664017803964489
-1.14176058173479	0.143894078191423	0.132303630147219
-1.02703993389317	0.269799757373192	0.174876410965213
-1.32987044812286	0.203153925456166	0.853054043223477
-0.729480916758779	1.48504551577149	0.825200898234254
-1.94423634006336	0.854437930422367	0.755073102854174
-1.19942770751963	0.953876183641867	1.47282224133826
-1.70458138662385	1.30661182775015	1.4778146735555
-0.842721369846578	-1.07618367283701	0.635331958423967
-1.50960043625955	-1.49462494641415	1.621983926329
-1.89205003549379	-2.2481104113752	1.02000876406808
-0.737442849266064	-2.48313395725368	1.52729434498769
-0.532097825021898	0.9506361964226	-0.0308865047962307
-1.32678077178716	0.33013373545339	0.36765226076526
-0.433149285033927	0.243128986830896	1.39433311475977
-0.708616835200432	0.774007384758031	0.0783283274061708
-0.624341708460245	-0.177345295315897	1.02410387768555
-1.61287099372875	1.77066570823678	1.20322254619439
-0.75936380974266	1.50992599705706	0.855588537386584
-0.65744393149572	1.80291441060369	1.56324627668013
-1.89415601080234	1.08972619966083	1.24480998561269
-1.22350635477989	1.48340394834842	0.701027874846033
-1.63530047212781	1.62103298939581	1.98780706350283
-1.5823556205352	0.989345184202937	0.915374174877448
-1.54347513676029	-0.816119253264938	0.243466255674051
0.156992199796778	-0.314290247078555	1.49562552387506
-0.566253195747861	0.402181471434551	4.13246159986741
-1.12630132454565	2.28442462584422	3.66141902497009
-0.370291606289944	-0.115843012980906	1.55394074252803
-1.95768248570306	0.372202428550391	1.43867057693072
-0.776923022347077	-0.299046047700731	0.708892906863825
-1.2707601087978	1.23655904353215	1.53684970603207
-0.514213065336333	1.33595983250823	0.973971319525777
-0.735196311594743	0.588137470786678	1.02019908908583
-1.07368950046651	0.309286636625857	1.96155016262596
-1.58463718875738	0.00825030241403452	1.96515080504455
-1.63064209546089	-0.16973941040898	1.34102994816899
-1.56509102215996	-0.381877766630314	0.941931949162557
-0.845683776251746	2.01570714418243	1.81302930010367
-1.84027673001206	-0.00623974813706207	1.74067818166667
-0.975517409821835	-0.560402988239058	0.287840049519643
-1.08242471786801	-1.08105442564893	1.50834888518499
-0.379962073133877	0.871174625167314	1.12348100863506
-1.9089509926708	-0.787329406147614	1.93308070544306
-0.516309380194247	0.318230458050956	2.34196888853894
-0.536195202131113	0.878206139285058	1.58745102684109
-1.09058937056842	0.457694016847255	1.07083318593042
-0.50527777917183	0.5226567275458	0.629577845042946
-1.39599993091127	0.37619137149906	0.724581388520147
-2.71848761673402	1.02786821290972	1.89756865882378
-2.85127922835036	0.382110467870019	1.61797154070823
-0.944601887224155	2.02324180491526	3.16959269929003
-1.07103809239302	0.743263812063371	2.71129029282187
-1.10902858607932	1.90698227129876	2.85581889831723
-0.974724817922504	2.17855085769954	2.04473411849743
-0.810900898781635	1.67141760965673	2.65635699364081
-1.07347400282883	1.36096007671757	1.80909949541735
-0.261364561568311	1.37270770438195	2.16037411351394
-3.14671441567101	1.36063675455465	1.90919414099526
-1.31062820780605	1.33885514139263	2.16148040807939
-1.25820747725869	0.805038647518916	1.99252125592125
-0.78063076287123	1.50270590421361	1.93903355801416
0.744558621086858	0.777092821227812	2.24476291208729
-0.381375822469454	1.33490707230686	1.56156748972865
-0.0373508657898646	1.64968321660132	1.33332224864036
-0.912636011555305	1.34291265208049	1.15016894428237
-0.00948520190326319	2.22277792053584	1.711278615132
-1.54955662335934	0.498929355669792	1.09074312968472
-0.895908305773424	0.740654358481852	2.02298242533226
0.343037646138653	1.04853962573023	2.46470985462354
0.343037646138653	1.04853962573023	2.46470985462354
0.186700729187739	1.63017938296892	1.95162817078772
0.208251354401023	0.598137593421942	1.42694959649775
-0.567431154875802	1.00962405981772	1.41611517989738
-1.34607991004505	1.70997299707549	1.77695964482573
0.137884662103829	0.721009899575412	1.16693790005623
0.289630044653758	0.885699980967117	1.71442185120721
-1.89521080508055	0.0705726999680252	0.301316947210879
0.330702009703129	0.63121086110516	2.18329204290445
-0.0807850279308509	0.092230878605131	1.97954282404353
-0.937351008289061	1.06751035755696	2.0038471636518
-0.763708153010128	2.3457375547757	1.12515489082088
-0.916945638824504	1.07964560652171	0.558998596735101
-0.39788559392688	0.970711165225681	2.11698116926111
-1.17114485706337	0.892753156192618	2.35885676025147
-0.199750336325153	0.48008311573309	2.63991308080505
-0.457350069753559	0.909621240233954	2.95291260691535
-1.40401849485729	0.512850916315638	1.0465893990897
-0.892900215859399	0.39417821232735	2.45877798578187
-0.334543637857303	0.540327271082312	2.33565195438144
-0.572147786409237	0.924447868140346	2.01486718517927
1.03297523602854	0.505446336623172	2.6723477703249
0.0276543521036706	0.446837721350901	1.60235807868211
-0.999843883990563	2.01288767048827	0.583167545669004
-1.52479687156756	2.58753884366187	2.11612545560095
-1.48134695501659	2.51716465456262	1.78366056926424
-0.161205867430668	2.15437319804744	2.50191925269178
-0.289776028881273	1.51109916632539	2.97075101584097
0.0857634899660808	1.5979157687546	1.76598205897053
-1.14022249331865	0.678623725301006	3.51794492059351
0.336364922673941	0.56880945601236	1.98488804954351
-0.964008790573067	2.7500387821926	3.2706343014538
1.26336162340631	0.94131279057563	3.74266677466452
0.184661268647183	-0.121466875788317	3.77685137012775
0.33722758143184	2.05769681478096	2.42616771614326
-0.890393242226874	1.92374971797032	2.68286208737842
-1.3499173844262	1.1467952747246	1.78490092142151
-1.33449995678581	1.07522833580801	1.04018208891206
-2.52988415412881	1.66040181331692	1.1179981681769
-1.09937985776405	1.0905579263151	0.257886396048341
-0.542010484197955	0.59715144591718	0.939977609286934
-0.374462835937052	1.89027979484636	2.56825893731405
0.280256775493921	1.74367245973054	2.79185340012277
-0.0701940630122211	2.33633136235738	2.92732228747217
-0.230725485159512	3.1453631493348	2.50457467564891
-1.05027811485533	2.64499355224978	2.75541579744012
0.609103855021566	1.89466802716096	0.622321899593264
-0.272250345847075	2.28662076474631	0.0617668319598971
-1.2988748271957	1.18442650332676	0.0174855243593864
-0.0554005924840326	0.31189168323397	0.70292299711515
-0.797466057396926	0.693596721435033	2.15640234006825
-0.733788731920518	2.18023102278419	2.24477811447181
-0.931522200121198	1.54107204485159	2.98275394419175
0.0740126984521278	0.995787293372962	2.6039024094127
-0.554836579537989	2.00729624335033	3.0173239626005
-1.03723518970855	1.64618439150305	1.88055668411762
-0.183415707800639	1.42519399145483	1.8995565171452
-0.365776030027701	0.245348567129825	2.30514787342267
-0.495178393060664	1.41241924057904	1.95775802626573
-0.165601342021059	1.09946575591488	2.59442518256481
-0.484171087663533	2.27342514866395	0.226440941806079
-0.157819274898402	0.894135311174189	0.113413038529634
-0.189149151559404	1.44129783947844	1.96707547757278
-0.154743515621403	0.455196991417294	1.74032570264086
-0.00971323555418363	0.607544608269053	1.66612427268883
-0.00971323555418363	0.607544608269053	1.66612427268883
-0.662375356772682	-0.133168854012099	0.249369201033561
0.880525173279571	1.14518018963186	0.691438702457973
-1.07278966559963	2.42859352929057	-0.0924296478813887
-1.08939041238167	-0.00941880626605962	-0.1887556823368
0.181621306776024	0.547595527578933	2.09084813616547
-0.0964445026195204	0.192726294045755	2.37758210046844
-0.560977853048398	0.74238282002645	1.78765563612272
-0.587110232412117	1.15968844433486	2.5176072738191
0.501652785810723	0.0187476332245191	2.53628913792595
-0.384292485629549	-0.617895486226077	2.5048901068671
0.211684362528562	1.12243955120831	4.00445901553392
0.0243596436913991	-0.671895090938941	1.73299032079847
0.308963196029182	0.731078719028122	2.19376350590763
-1.31835566313176	0.231415015234459	0.958648168523713
-0.50191462177894	1.1782262296809	1.54072161028652
-0.662277191363792	0.545158284695258	2.01163199271168
-1.35220839318864	1.1974664968013	1.5825435864572
0.042857329945321	1.39685578659579	2.87604441780807
-0.606731386945969	0.319299795082394	1.64921862212012
-0.638138047010758	0.863152722426403	1.81366420021125
0.15790127042707	0.836976844526143	1.31994842110354
-0.603017288108893	1.78329102977108	1.54150330012089
-0.943089168132197	1.1346545020273	-0.0834764722552924
-1.32356852958656	0.754406012414552	1.76039914285597
-1.32356852958656	0.754406012414552	1.76039914285597
-1.26080082650965	-0.0309816495529187	1.80099082442032
0.0358129938320197	1.34154056031393	1.48693778816905
-0.252808173127883	0.28950078950704	0.895790818696668
0.198648583433497	1.24789892969299	1.41912164966474
-0.393078529634144	0.161067825005891	2.69510173810875
-2.09257201382231	0.635075492513894	1.31862667216592
0.113285739260998	1.24681312176647	1.32264323852672
-0.782187588930202	0.371339581117528	2.27812652511491
0.567840750823758	1.31233775866982	2.17806031139554
-0.234768322921304	0.614243630871145	0.97202037339166
-1.14881679045608	0.445866026915464	1.49219221678658
-1.00938091143043	0.197238795735562	0.465253549020185
-0.900461952672722	0.612013198008271	2.60279007004218
-1.061808262611	-0.0930460690378368	-0.361140921330344
-1.35124828601448	-0.24542847149509	1.05689830942572
-0.273272118018765	1.11164207712962	0.336905777952256
-0.814198748149164	0.93688362939116	0.83785231185541
-0.835846234869414	0.612021963581793	1.79980224128318
-0.908336019856171	-0.0288906642055632	2.14505977333529
-0.099361101162549	0.831874944255931	1.14239202571567
-0.484831301514535	0.236390537714131	1.55036773544166
-0.268544726288423	1.80954753623396	2.67645544366131
-0.953061435479727	2.25992625747142	1.82053700785515
-2.16152781113389	1.9807801973541	0.181993401794866
-2.00840784844855	1.10052935588368	1.19632994921359
-1.11061981047578	0.157798983970206	1.18879586120072
-1.66319281788652	1.19754440124428	1.85219821061427
-0.640969306496847	1.35919663550286	1.60598739325179
-1.98249020800224	1.64957422184284	1.51397993377916
-1.93524263404779	2.54968681228646	2.36528041323789
-0.283418527144219	2.51382326738064	2.15817657437429
-0.323478344504184	2.16668252200787	0.615304065171175
-1.86953482475069	2.20883321052655	2.18870276773309
-1.08231717173799	1.93485253606177	1.25424433583887
-2.32447679332653	1.47707055225322	1.29688014298487
-0.297894759669935	2.19078507589832	1.73102156413946
-0.285073997112144	1.44471194195725	1.88336860623798
-0.710727674058788	1.24575120981947	2.20339828527404
-1.26173726298243	0.680155129534412	2.33149943459888
-0.533798197037199	0.567963467017357	2.21948481774772
-0.533798197037199	0.567963467017357	2.21948481774772
0.227347283341179	-1.07235556085315	2.51889529133777
-0.67932849922839	-0.225520476076722	2.5061564965169
-0.517517095513806	0.602097758433362	0.898279624775534
-0.217753620317872	0.997825833440136	1.97818577877241
-1.78301900172697	0.851849253263152	1.45389102600331
-1.08836915421173	0.115255211598049	1.51328173123329
-0.411417060952503	2.28654340017679	0.888279339521761
0.0449235604569264	1.33482759886165	1.25511411677984
-0.85951245687334	-0.558051915054606	2.15247354612848
-0.069010733003281	0.534822579895996	1.7291046023785
-2.09553800246239	1.68029199728011	1.79648561231744
-0.31293315036029	2.23062722014017	2.30649791038896
-1.7804382141059	2.20188744483404	2.49878465318011
-1.81638291675363	-1.85895105516235	3.14089456517666
-3.24577134585672	0.64544792103331	1.26295741249458
-1.51304353677029	0.331551969551932	2.7889898371777
-1.67470845542618	0.658451476465149	0.880745645368565
-1.082004985897	-0.0209875683700325	0.384938259816291
-0.363816452696369	-0.244427649548687	1.51104250062453
-0.314000033832626	0.408367394601091	2.19140860798254
0.575918458618672	-0.3716232927911	1.01668460068173
-1.1107471669967	-0.530044672459169	1.13949276920855
-1.57586085444069	1.45406753740398	2.51567457279391
-2.47424667921907	0.955395186244295	2.71519523204509
-2.14552413088148	0.106470219400408	1.07051145466751
-1.98995928721159	0.743488140091617	1.33124193526138
-0.360085297861064	-0.0503779926440747	1.20668228168996
-0.877087146772752	0.845683277806297	1.18498502352376
-1.25223622441417	1.85634653890477	1.17587589080339
-0.932251139742405	0.660757086087578	2.02087839134142
0.00389532169995256	1.64021699859043	1.49396115254476
-2.16896547137007	1.81859263584822	2.47309277730382
-1.90996301034164	0.937968943501084	1.83321649027644
-0.898662697624373	-0.820752060955566	1.14072644555634
-0.996991554952682	-0.868730404920078	1.80464854620594
-2.120858591191	1.82529463998991	1.86311115485272
-1.68113671227212	0.51580320057295	1.18715205753274
-1.14606912327924	1.39406499545692	1.13949873608799
-0.607467444779509	0.655012466584408	0.411087829826842
-1.90288515091556	0.750169737404362	0.828354300863116
-0.439853014070184	0.137543690534125	0.483623636659668
-0.364310281571239	0.495747505712618	0.840082055214023
-0.946982246955531	-0.659118346918637	0.567243122462418
-1.38981219212786	-2.19055766992938	0.42152622451042
-2.23552518754382	-0.146143969527717	2.42158429068601
-1.95009028605945	-0.643702143137148	1.59434803830721
-2.30716679905779	-0.21700585134038	1.39677641672513
-0.733004887895757	-0.0875752728508557	1.09507332112864
-0.733004887895757	-0.0875752728508557	1.09507332112864
-0.704053028720566	-0.879628786434877	1.33621031077054
-1.31462070324573	-1.05629819115921	0.146397905850867
-1.69518011809327	-1.66539966560253	0.703926542382269
-2.45442830945331	-0.174262440290849	0.62908406004062
-0.948752702892838	-0.482117147324831	0.0310065210908752
-1.21296832847721	-1.04459556608115	0.683054811439199
-0.266179261380746	0.0155279552736135	1.03002732803299
-1.35815723451064	0.136149268046557	0.604477116341865
-0.889828218801853	0.367673960246781	1.00844055922333
-2.4169620707232	0.397617147345572	-0.471854018583384
0.339094759476516	1.30662664269175	1.04255713498225
0.236456793038316	0.810310068058986	0.850709033060895
-1.82239169149753	0.552340180590886	-0.164909548770586
-1.74296125262439	-0.292524010641341	0.560403305104473
-3.10187291580463	0.332071001024215	1.63473709819111
-3.35917829163319	0.54872805412277	2.0847546402112
-1.63131257112344	0.396077959541022	0.806366718890769
-0.516031879550769	-0.336183907632504	1.90545355839373
-1.65966069440857	-0.2709613614377	1.51066308283269
-0.183712443046879	1.51036342684905	0.77722386576923
-1.21306418508944	0.982196504767338	1.35854510688549
-1.21306418508944	0.982196504767338	1.35854510688549
-1.8681594884369	-1.62049270873075	1.17461093612006
-0.877777598323799	-1.63293538069274	0.467309030700013
-0.511530707316182	-0.693416933242098	1.20072680481611
-2.73695284117039	-0.0251977847126271	0.150777151622778
-1.71838916010933	-1.22606621904344	-0.423570506365369
-1.07286768991884	-0.606367613546045	-0.108512780300415
-0.753384170428966	-0.806911527348185	1.23660983158474
-0.980351373799062	-0.607772871595943	1.28862857131207
-0.869330192952368	-0.00504051641212991	0.98019070472005
-1.04378064557428	0.557581411748547	1.46267016048273
-2.52030295283481	1.57199919947308	1.75931058860736
-2.747848470028	0.700668730902536	-0.392179242604523
-0.669187551228878	-0.707504645603812	0.060049155802948
-2.83401229691261	2.07003081484048	1.53960680461922
-0.556257772507563	1.02738214591482	1.65051094793797
0.173262193798994	-0.145713642503545	2.04762161607319
-1.93397294815073	0.515573135779777	1.32606724656692
-1.45618718612202	0.620862276213759	0.715763289954265
-3.01657345310405	0.582799712836908	0.0383564601528944
-1.80235457662384	1.8818622317868	0.0173641699026375
0.0210480782549226	2.25715767917097	0.727167610570151
-0.690537142341471	1.31911561013831	1.66424153515062
-1.56074810714789	0.784589235776925	1.36912694534654
-1.40161913366294	0.318172381092907	0.798738497956865
-0.799482351508634	1.3685595649754	1.66048263091165
-0.784001989620336	-1.51594444415957	1.18243530054735
-0.373088446229976	-2.98552867549117	1.30284732096625
-2.19823142520242	-2.16676678906673	0.305159113284904
-1.18623955594833	-1.39411774869457	0.844174314040512
-0.900590911391883	-2.09094591592316	1.50978093288062
-1.99046732403595	-2.50183087462147	1.42894154565921
-0.308223014977386	-1.80819739222429	2.45348606996501
0.0218271872352067	-0.0963776626671377	1.72586864167183
-1.78793089861286	0.493281095769007	0.984371849491295
-1.84481655519877	0.296175933691895	0.0592020930659357
-1.58889779631264	0.306401246429548	0.0898161819974838
-0.170560867764546	-1.94611591853197	1.7728113381967
-0.315386433869302	-1.45984269395558	0.840471459823104
-0.258630693241823	-0.231821677707981	2.02050542475042
-1.30044550859778	-1.9137605529829	1.76777681847023
-1.16538643450234	-0.140501019931308	0.737748210558389
0.159607390316669	0.537762662502517	1.09231371173598
-0.393818385796391	0.160050192495069	1.11874499684398
0.450165676500972	0.518780337418027	-0.112331305460095
-0.765801997430719	0.362093502513125	1.54623964647335
-1.02113103740128	0.999430039051327	0.562019947967394
-2.24737854443681	-2.41470852418378	-0.175887707767688
-0.380282064153141	-1.8188646391944	1.70515353684102
-2.43582867277315	-0.943057571398782	2.69192081497557
-1.68548189460043	0.915527311431706	1.04805322977433
-1.7169975876804	-0.0868475149281744	0.824173100040561
-3.23478826779032	-0.0486718812349728	-0.503624151740056
-4.10215327308444	0.223667838717299	-0.0722433007895756
-3.13825407890491	0.076248264657715	-0.0965421096235276
-3.23110192284129	-0.803548237956625	-0.365212770732152
-4.50296276642399	0.954389984915184	-0.0856408616526004
-1.96826321179297	1.26709671258527	1.11078226302733
-1.8585464672087	0.766552526027877	1.23398229300005
-2.5522895379831	-0.118942328939264	0.370722896668075
-2.6600633539845	1.06565362950449	1.57446597606419
-1.77122411626185	1.4840974189606	1.02063628967932
-3.15472945938422	1.14692194793356	1.09978781985427
-2.05641439069425	-0.363492228690414	-0.395819034052023
-1.3689201937041	0.261759349017548	1.81562634112182
-2.98523538652835	-0.49020928502637	0.944567659426424
-0.61011696851759	-1.03356662118583	0.719039122398369
-1.38173017524245	1.10010741422023	0.285953204276363
-1.71592946897358	1.17748278058262	1.89122658112075
-1.60977519349511	0.944318926708997	0.84262833798943
-1.67485205071508	1.23465750518672	0.972253074795569
-0.268948321278363	2.87352923807146	2.09845766257157
-0.300411833967248	1.34876532046649	0.52477372161813
-1.79228559133489	2.5103725006217	0.317275118363686
-0.197842497241021	0.643911382676704	1.56119727088249
-1.12665038624593	0.252402970647305	1.81004793858405
-0.498770567486269	0.321709060781249	0.365826644908751
-1.23327648133925	0.728870606130499	0.56977707220254
-2.74204720582213	-0.750923070326522	-0.0290509860068804
-2.44607325817702	0.977882136782868	1.52147947893447
-1.60379870994184	-0.681436661951221	1.26713115843074
-2.67300557612805	2.05066052617762	2.47928209467838
-1.49037879402373	1.79336725255891	1.45884789329851
-3.11811167392005	-0.460546526056771	1.49163384290919
-2.71811307603343	-0.986991284315591	0.132356644230156
-0.224196594613309	1.22114965193326	0.846820331179363
-0.624565095937904	0.122415049708257	1.26788728955943
-1.10445538299922	0.419339331264339	1.0652037348719
-1.23465710196477	-0.814062131277948	1.71270849802173
-0.783693922352501	-1.33538785630039	1.13068323359316
-0.067879136895603	1.5113279968923	2.38332943163584
-2.01084721804223	1.48406897945413	1.69820316569879
-2.28796948545963	-0.410711484334803	0.75393944474862
-1.19896915780296	-0.369200683788185	0.402331181511697
-1.17425414871843	0.727184035676418	1.25585459324192
1.17043013708099	2.70536488814935	1.40679746015837
1.58644637158715	1.26574176023031	2.4955737660116
-1.00806366212223	0.578429773649744	1.52419059601376
-1.23088792956536	1.10004338447684	1.7624711679936
-1.63058802843172	0.226014483123713	1.01502434354119
0.565526370751172	0.153710038752667	2.42515025214822
0.176580894354277	-1.59369709183757	2.35714755714759
0.178810127761703	-0.252060867400756	3.01947098621386
-1.32127679174667	1.23653101120983	1.45822217858232
-1.86508207636669	-0.466810207126417	2.75420387863098
-0.709707029572282	1.22680929453108	1.6774687275724
-2.61927884754392	0.696688839030474	2.34210103474185
-0.651207216129461	-0.107365398858965	1.17264067934808
0.125007026900857	-0.0184673179280496	1.19669283944345
-1.45122660281634	-1.557194468489	1.13560051855276
-1.31952342264158	-0.774388087291855	1.62700600570868
-1.13925123751268	-0.440251359215083	1.31407833853478
-0.768684973743435	-0.548907419182639	3.32782294754279
-0.799329644317219	-0.108455798312979	1.90808601343357
0.308050568976127	0.897709518061321	2.78609427608726
-0.143402719674514	-0.0296071746232471	1.9783203662598
-0.0180213750760395	0.448083271972901	1.54124034985662
-1.30178182409571	1.48432267868567	1.14442735954244
-1.61453588936318	1.3443020356668	1.76462112492256
-1.19089855719058	0.106864060482941	0.55936195293214
-1.75472505333335	-1.17668305251542	0.295264655397772
-2.01263432757702	-2.24742192028717	0.460915778134897
-1.21447243060407	-1.93955277265808	2.86737628649621
-0.548540012974986	-1.25235903692556	1.28765573861537
-1.95346186035137	0.625187143275841	1.26419406665473
-2.0256753011715	0.342491168957856	1.58642382208709
-2.0606698960825	-0.0913909670718163	1.07654594582607
-1.77019808955731	-0.534709510311644	1.16376103786077
-1.51927372906375	0.0284144201423189	0.413651103196291
-1.21681081164484	0.26837315957552	0.6376778910367
-1.62070159827689	-0.241274928079033	1.24062670167157
-2.03599060470357	1.58312022460089	1.88278197544989
-1.62985051527386	0.752692122114437	1.32964082386496
-1.5153820401838	0.416094667897438	1.1686325374696
-2.35738482556539	-1.06525557456446	1.90561143776451
-2.26532674107665	-1.57691367763667	0.266557663531773
-1.74534152621736	-0.81686177217305	1.56862502374476
-2.24054818426768	-2.41460278294031	0.655398948996034
-0.792629464080554	0.0526739682324757	1.3511758246434
-0.300937615768381	-2.20199740569427	2.5618015370203
-0.979899816020185	-0.574580333022161	2.58013501048804
-0.811888870897719	0.54790836477497	0.724769156547457
-0.499692508417127	0.363031220493351	0.861688224660323
-0.554735167107919	1.27127068939274	1.46074331670845
-2.53285194271667	0.705653911331279	1.21272425092537
-1.3178496771169	0.367181988856591	1.69850393777464
-1.27636171562993	-0.016514522308843	1.43549187963736
-1.41657310756821	-0.203759355336029	2.18667492926154
-2.90511877459535	0.691702378831027	2.54112579713331
-3.1743893979002	0.340198207394849	1.20374036470981
-3.66298042815701	1.43328521085133	1.98692731914546
-1.94979828967632	1.57291175535809	1.66986467937106
-1.76713726271945	0.315342651045979	0.600936824115145
-2.23029112369613	0.18309773455009	1.7928313504287
-2.07143904878853	0.161760866464319	1.40876167186344
0.142263061828234	-0.0566740139708104	2.51738479492862
-1.43064564165067	0.0230070096513366	2.14043049619331
-1.56935271329263	-0.31432258326383	1.56324647630972
-0.826749119340914	0.594256713921055	1.24907485307376
-2.25672175647133	-0.0306862056211581	2.50804991516435
-2.59788540798556	-0.360168497032837	3.60842406340522
-3.74944651783834	0.302464958918154	2.01874891233478
-2.42546475674217	0.723503999954771	-0.172841977391459
-3.43871534047059	0.201130421131685	0.214363783605137
-3.6892160204524	0.0563839944873354	0.752677796569205
-1.93102061182798	0.865336473066929	1.33062869504428
-1.74151193551879	0.447774779097434	0.284995347501358
-0.931580135449513	0.379196886253707	0.804634262662398
-0.931580135449513	0.379196886253707	0.804634262662398
-2.42074790110038	0.701719721425012	0.250736583287787
-2.68898369777348	1.52125781213875	2.60993876634033
-1.98565236791859	0.763486853822197	0.487574371988275
-1.70052817331489	0.44816978230158	-0.799749090156412
-1.71600179942353	0.367687625996109	-0.727756603755842
-2.53242570223589	1.21702431715134	0.551742822346777
-0.206356488755756	1.10737225998972	0.615040460745218
-0.569490128507351	-0.11143399643423	1.10348732157779
-1.24341603059011	0.174570141127031	0.902340574516381
-1.23643038421098	-0.0703678408926673	1.86068439377174
-1.29331481286967	0.511361180251021	0.766776291222685
-0.806882921379896	0.459042109579902	1.32940427395355
-1.45475938090031	-0.473953463423129	1.02744464693975
-1.64318603230235	0.343519174502436	-0.199592393578292
-0.542796270994197	0.842264519842049	-0.205576057956962
-1.31446909986437	1.48028493458135	-0.377344407092691
-1.12298590001088	1.57987886601049	-0.518098252049398
-2.08832401015565	0.20557114361813	0.0615220697392428
-0.450852300171274	0.352808665480119	0.312318983000158
-1.70317842242993	1.4257683934241	0.324620331674611
-0.648166881016151	0.0736399251911322	2.32509793799318
-0.577502995807295	1.1746137349226	0.764752732006075
-1.22528408493326	1.86132864625925	0.495667235050086
-2.10753584017645	1.3426938282465	0.509223331365732
-2.27308985949055	0.0691218784726557	-0.595586319848449
-1.6558643861412	-0.11524067757561	-0.481333482814332
-0.984035838811017	0.803191483427529	0.31990155904691
-0.884787058161459	0.105445687451255	0.00131077341199901
-1.63127064248582	0.641999533994776	1.48875045929701
-0.620675456232597	0.651925448256419	1.90903331230895
-1.4159646823473	-0.138450004022636	2.35958471640543
-1.72318657277391	0.276821572469583	0.618121006809749
-0.792483553763074	0.254216938529504	0.560363143169846
-1.22983347172025	0.370700069591951	1.64563425087229
-0.52668954790772	0.998549549894355	1.45311236361937
-0.150204877386481	0.347045232089439	1.67119856021585
-1.24176304023396	1.11783708386395	0.94758269860183
-1.54106117885009	-0.351614850095575	0.540827112081772
-1.54106117885009	-0.351614850095575	0.540827112081772
-1.56514759190951	-0.622901048937271	0.628919753045188
-0.909176658578189	0.556739638572395	0.530228003911333
0.0262368295926094	0.582318461837969	0.812498879411603
-0.658615311195537	1.03452024239419	2.11831407467259
-1.86227223399517	0.862832243843672	1.49932624412646
-1.08674435106145	1.25590995158193	1.79018199160623
-1.02471846290411	0.837991895124586	1.38649279760546
-1.01718702490147	0.528012243926618	2.5905887453512
-1.14579371050417	2.00857322750244	1.63720217128382
-1.14579371050417	2.00857322750244	1.63720217128382
-2.13771009762726	1.14980818544693	1.37312885494449
-1.66211636216427	1.19229876142701	1.20349718665159
-1.38061797485798	-0.398334792520202	0.934033833502835
-1.86581619603704	-0.877291928342169	2.16826557307501
-1.24560870281946	-0.0210179631512024	1.77461198192986
-1.79671685089514	0.776574364290327	2.05649152771217
-0.195345547684521	1.35355960070563	1.42448430766137
-0.838158181188829	1.03004336632837	0.831473224466114
-1.65281714244381	1.23946503459617	0.960022448236623
-0.966432559388861	-0.236422071978372	0.427758215991795
-0.669884458412873	0.495187986261777	0.31764994144034
-0.75491282860993	1.12267074288625	0.249050850888552
-0.143472912774115	0.525775174845502	1.14399421807172
-1.3499455291585	0.859775711147488	0.292540669023217
-0.602479550485183	0.643328452761732	-0.214267925608168
-2.97029830994048	1.54270849478354	1.53975284961943
-0.0479788332422286	0.0103935361908121	2.43449550527822
-0.633037882051358	-0.826486279907454	0.703832915425359
-0.0291264656762384	0.0774095417485196	1.1616230432333
-1.36940697514626	-0.173898139009978	2.33638177084827
-0.190773733241144	0.297270557122218	1.71788396602854
-1.50739034163132	-0.173405055538185	1.49050726219843
-1.3034204483549	0.552766576113714	1.27811347284391
-1.84310632177361	0.275330156542068	0.0277543787271145
-1.21749508758613	0.428563286624014	-0.308335995094494
0.100715128659825	0.103670646444788	2.09903318619886
-1.95236311433672	1.21425740811769	2.07863823315524
-1.56314139663067	0.0654815635249645	2.17752818789036
-0.224841616950205	0.64509424795156	1.49245290886809
-0.629932564167839	1.00659322609073	1.17058038032597
-1.84766335493764	0.820673982556594	0.89932997661245
0.394796062320194	0.191822216761477	2.46434570363302
-1.9392767258459	0.513849265854794	0.940150932404809
-1.31980815557521	0.349772333767254	-0.0913916050503366
-0.460348225927486	0.407510681149492	0.146679202854053
-1.10223208691637	0.136495720879709	-0.456464952724237
-1.67681718321914	0.250756559786684	1.18389494546733
-0.3204179373504	0.378385553865563	1.38939230364938
-1.02543627695796	0.461045916805286	0.308594358235518
0.0509822758939349	0.548879867686946	1.14005653309375
-2.32344050005182	1.40953716867142	1.10219554899209
-1.3370369276027	0.512962610209537	0.981409109937305
-0.615698947234771	0.744821020297521	-0.115437164241158
-0.246141495316752	0.900948080730602	1.9045361348674
-0.479765552981628	1.07479819881208	2.01598104948269
-0.0427266529674957	0.48680060933521	1.98957839272636
-0.14051717578099	0.867294180382773	1.52722523479806
0.626099835413491	0.441063740299679	2.2140536404139
-1.42420954738484	-0.381262480188651	1.58878903779666
-2.64013012780432	1.24942716297232	2.37637404448055
-1.13063849087108	-0.136604319831364	3.71501151001986
-1.07612772375891	0.971088876461643	3.60534214989361
-0.887758671860526	-0.144978487937628	3.26953447407724
-3.08257229078499	1.06806873800996	1.40382069269329
-2.03252564461995	1.05620995293099	1.24380831590405
-3.32743140638555	1.23031634182002	0.371402473935708
-1.75182739753356	1.05870380206134	1.03975603270941
-0.987520624949359	0.76593492963286	0.639401781633256
-2.5361377348163	-0.62326657052845	-1.09403969976414
-2.22885920502059	0.533373589987384	-0.180658668608577
-0.581268780707371	1.25919432865508	-0.60137078444944
-1.30492116763186	1.0928211153533	0.68870812049153
-0.123354207461522	1.30530802250007	1.21015606877653
-0.941962017790736	0.707802360354187	1.87128836605036
-1.54468444738935	1.27182763753542	1.95859244882954
-0.0579852639949785	1.38990222715948	1.26550022287413
-1.54550367027127	1.13723043602922	2.27737611326556
-0.705952329951983	0.766665676128403	1.05827443932851
-0.356602197110868	0.875604954929439	1.33861051354949
-1.38536235111545	-2.0630963431195	0.843430308743707
-0.667691069155463	-0.517298569284643	1.27693375447635
-2.52008723106075	1.42945785909503	2.87774330265551
-2.15922807368992	0.881806749124605	2.95775123875284
-1.92055568800336	-1.31891711631585	1.32535359824448
-0.194576274319151	-1.42641461059135	1.70179727890446
-2.24973023524686	-1.51487089716989	2.44208631401541
-1.58510338970609	-0.190471264636591	0.320266755533018
-1.42354961951828	0.259185396944628	-0.260119955825054
-2.11117124220104	0.56986609847256	2.19170330854114
-2.5871717210497	0.498535960344329	1.7285870902191
-1.24475868365809	-0.662593410401884	1.41743094730834
-1.99841250819071	-0.447549642136426	1.26887516655712
-0.882335714476841	0.519172949061971	1.97810179638939
-1.2337804792189	-0.495912095799339	1.67568301602633
-0.890775130613201	0.794178633111516	1.08592812217676
-0.282370223178824	-0.5587005577565	0.980367583691518
-0.114150168674036	0.170993415698735	0.740710487288886
-0.88346716459455	-0.344282800664403	0.822786347968918
-0.791514212262736	1.01052956708716	1.4180282118312
-2.21277898691097	0.733969215261066	2.61496370864842
-2.13737357148476	-0.57479781696891	-0.16802398540874
-2.13737357148476	-0.57479781696891	-0.16802398540874
-1.21128164436394	0.755171962324783	0.305956253556227
-3.37318587307583	0.133176442083229	1.21786832761446
-1.80647652926458	1.35265133175611	1.29823697850602
-2.42224606516949	1.17983990063856	1.91046923411684
-0.766050072815645	-0.725500902520527	2.48935874084965
-1.33626831579067	0.88993998468836	-0.215690332273182
-1.4171923289031	-0.453665065416766	1.44433980869998
-2.20228306471522	-0.281360260489736	0.983056067537879
-1.86723303237522	-1.19853071656055	0.153632637670818
-2.46892035014419	-0.393166794136095	0.923060077175737
-0.802159070383784	0.37283123335281	1.34717193772667
-0.794087012907625	1.01086474887666	0.880578766528062
-0.900303054606366	-0.0121441354554044	0.253562505994211
-1.81672310900255	0.295982684685133	0.606307253040351
-2.50676199114626	-0.00297203599867274	0.307162221857514
-0.918842367070881	0.815270876150856	-1.09043321193329
-2.66797177712006	-0.519138499202986	-1.07320726409725
-1.81054199370757	-0.0727306354538556	-0.374973718802028
-2.20866307374305	0.310840755806434	-0.255544802657353
-2.48402172612285	-1.10686278896641	0.391792261015453
-0.977959244399336	-0.744715362696595	1.58155514490263
-2.1008987399457	-0.835520793149216	1.98151845693884
-1.80554489951749	0.273764009041378	1.17522503732498
-1.12178805897833	0.259417513942352	0.875882092174877
-2.17883174736481	-0.0409860637701873	0.0824303618162084
-1.94893497814137	-0.861191770859606	-0.136272475838855
-1.94893497814137	-0.861191770859606	-0.136272475838855
-1.57094201711187	0.163339435333254	0.526797453379523
-1.20772366897763	0.27753186509034	1.23574093312594
-1.67969237507576	-0.583436730746883	0.0697903855564637
-1.9085105565179	-0.189068079584244	0.94539535950133
-1.24251008231303	-1.30445150284274	1.17374686062198
-1.37322465395211	0.758232302018706	1.04209930162114
-2.30932268456074	0.47819599005259	0.860144870502939
-1.77745806831216	0.550003915312487	-0.515475732022484
-2.3890382521053	-0.644359009927433	1.74300981613741
-1.91437081094395	0.72374231984493	1.81756149201905
-2.06507865433905	-0.954745493225481	2.01904605184845
-2.13177285611372	-0.268196486383057	1.17695578487482
-1.58461965996951	0.791081188016715	0.37125465155399
-2.20661391401548	-1.51607121432109	0.109780953793717
-0.550999585158791	0.112173799502984	1.59201078912068
-2.19689476168154	1.50403442613178	-0.0505082456437344
-1.76068931924644	1.32923786076152	0.926315866372203
-1.47774908181999	0.329079903228191	0.344569992777288
-1.45090039162381	0.853223657112019	0.84460410809006
-0.990572299537002	-0.787655149413261	0.600572095363754
-1.46612550308591	1.39462095317545	0.864757678464436
-1.89964226873962	0.306110641850311	1.59292069468132
-2.98681758685382	1.1338616374666	0.217076565720093
-3.03232671937309	0.889307562745558	-0.452329766347698
-2.50598430004744	-0.364645965409697	-0.365075625920671
-2.49897593770505	0.771670812658963	0.661130251520529
-0.447544435730502	1.54712053202083	0.979317701576799
-0.31938437164621	0.936438101395127	0.750533732657914
-2.48094618079162	0.221208239234444	1.40996813665776
-1.18604061059798	-0.247320690862673	1.29653169259381
-2.38050229459922	-0.213094919321171	1.06615873437212
-1.92222703760365	0.604753444417629	0.994324745666494
-1.92222703760365	0.604753444417629	0.994324745666494
-2.27695993129351	1.05310584185219	1.0804417055847
-1.55778556573248	-1.11075154123183	1.17915891294908
-1.32669033252329	-1.57979433759704	1.19211277549895
-0.994148175502151	-1.16624654744264	2.02017195744374
-1.53448889703659	0.550895589370528	1.2398846250593
-2.1599554222256	-0.371437081061018	0.781590464576682
-1.27614660518258	-0.963586984781361	1.01537803560139
-0.97723291416904	-0.341455438651978	0.634700813756564
-2.3716136233883	-0.332890712706062	0.439426637513401
-1.95261272558679	0.40761748496871	0.769297810638202
-2.10136720347435	0.462437496445827	1.00667104569986
-0.943612873318203	-0.466799173292648	1.2294023200959
-2.3446297581198	0.23216287696949	1.97232722640248
-1.78861842202326	0.189496971246404	1.1987843719
-0.553873203923274	-0.40121991220841	0.766929471849651
-2.26272168425089	0.887037651164608	0.62711705508687
-1.70752870375337	0.367412200021713	1.32891375883479
-2.27792934813162	-0.133315259316365	0.682903471787462
-1.1247948438303	-0.712135597434374	0.403993792293894
-2.72884160708569	0.393292970496081	0.909471970970529
-1.39189390595826	0.163810415082997	0.691786719639495
-1.92230025560693	0.369198694597686	0.880501301422518
-1.29538631628542	1.00526013308001	1.15855897722689
-1.50471510197055	0.895051691406092	0.660943034784136
-0.762339458683066	0.492538334576482	0.589036775336894
-1.68685515586794	0.626464665394385	0.808145985625846
-0.446944876863517	1.50450206529486	1.25023807481195
-2.3549947338715	1.12424470953427	1.27196752465418
-2.46421582034727	0.399405137142643	1.57495762762305
-1.50100141713486	0.309037977029397	0.707769649816222
-1.3534667421912	1.11082260671677	0.390493597364637
-1.55682919645271	1.00114248081832	1.54622539702234
-0.596703370260112	0.561359439617807	1.84693619690992
-1.84481852304278	0.83813474551275	1.68160621652741
-2.79083003643032	0.313764196306431	1.86996314291868
-1.51352947563155	-0.78988180563274	1.41349255174285
-0.85799502342012	0.761143727409495	0.132466182910718
-2.44157728388022	1.93771381095687	1.63957111874076
-1.39689703699393	0.75597571062493	2.16004985984807
-1.62367757521381	0.983671332131243	1.59523720183322
-0.388847364970044	1.75963504163846	1.17894568086541
-0.669452868032156	1.29480100390942	0.7407561493757
-2.8464820014581	0.541636104379793	1.02961208539119
-1.64352426801224	0.494964504410722	0.633148236647032
-1.64352426801224	0.494964504410722	0.633148236647032
-1.80192056014281	0.0402248213100598	0.80337654418039
-2.03891820503958	0.897519074612265	1.4402555476316
-0.406690661543298	1.42587956795965	1.00379400635392
-2.27939716456785	1.16994488818737	1.94129993119703
-2.05166191094735	0.284120959426698	0.79552647390771
-0.930520688372685	0.821440762306685	1.18292448296458
-0.9331052379181	0.26445995213452	0.867584685707418
-0.533174341408005	0.316122106703262	0.327813341473009
-2.19205893649	0.677071360798813	0.966047274883273
-2.99431275533959	0.435757639309967	2.32970656831658
-1.45831604936368	0.478304868762933	2.38456106146492
-1.46945455113661	1.72509618479666	2.24300078728432
-0.868487637058295	0.713030623752784	0.563074846518048
-1.87701518980103	1.14590180857612	1.03506055108354
-1.31379779113359	1.32980963537243	1.93748262914294
-1.60889269092115	0.267238820698264	1.90453938662095
-1.39039846566495	1.26453845722808	2.41635948926084
-1.37180728616894	0.625254213515146	2.09412881055853
-1.22448783216776	1.46727485256706	0.953663394042321
-1.38486005183319	1.25082854705616	1.72264036574997
-1.73613977750809	0.944343613551497	0.881805798187705
-1.17715488675743	1.05863630729406	0.536606471031935
-0.759135523946453	-0.18557687559523	1.12300628940853
-0.233333266300639	0.366113775611886	0.95977963736045
-0.797034083911457	1.26467889771873	2.09416127187006
-0.636479578274134	0.939184451113132	0.826501436850398
-0.854266162627457	1.92994981785305	2.51723507923115
-1.52292060501542	1.2400303725963	1.91791041933609
-2.19780888548591	0.484137287523065	1.33386126277363
-0.688987491291867	-0.247347375848189	0.217295609369738
-2.07214418054455	0.226451112647583	-0.931612630841089
-1.89068654757726	1.80456075974195	-0.437534305536065
-0.571027335632327	-0.230007851106207	0.540588877590811
-1.58779260616641	-0.0428661413384544	1.07955007974199
-2.0498345284259	0.640559371181817	2.45633948853353
-1.82466377857376	0.521679429552871	2.65367196638288
-2.69200654235919	1.40227704632858	2.29429261496828
-0.230677071475488	1.41844177489914	3.67512962775905
-0.455528752216629	2.29896330700307	3.42983599957814
-1.04432495294956	2.19546119812825	2.74507704946947
-0.354087913753047	0.866543702946249	1.57470053732856
0.0870803692262172	1.50067820409246	2.10067864380079
-1.23634743269317	1.69551392333849	1.55990754290067
-0.596674724878388	0.306608710435518	1.12009209008388
-1.23474362488339	0.401223822705506	1.71169538553483
-0.659275059401326	0.719089212802239	2.19023011379681
-0.75082121145236	0.619748175758983	1.36004491444485
-0.802521471938726	0.43830406906065	1.23062430897866
-1.7833532709748	0.680711631232343	0.700374441552041
-0.359147433642521	0.822441886579698	1.27931353654592
-0.317112535411576	1.31714761739897	1.51701118733385
-0.874334265922956	1.272899836115	0.936736008525192
-0.88735254945117	0.523659104031342	1.74648327064416
-0.880685752742171	1.06136850486984	1.3227753043211
-0.880685752742171	1.06136850486984	1.3227753043211
-0.825980251152585	0.635990816260868	0.653838784925534
-0.534329480703956	0.646692651582947	1.89053590188259
-1.28423194724995	0.792231757546012	2.41000764878657
-0.677852786067762	0.511682273961717	2.20711188789233
-1.07286592942416	1.47442179802703	2.28801939897103
-1.20575839828438	2.26717211892865	2.67999815313011
-1.00040793560947	0.703535726392018	0.735717316268201
-1.92975294817483	1.14760322591874	1.18403616775108
-1.42802508458915	0.753025720426185	1.65779562804977
-1.0309976296642	0.723796505866914	1.95253501478805
-1.27419136795978	1.89629587963535	2.35186326119158
-0.676812163706227	1.71846186033768	1.70051627133643
-0.848863806238976	2.17473824826818	1.91278481316908
-0.848863806238976	2.17473824826818	1.91278481316908
-0.939002166645606	1.88820295265696	0.619098208532155
-1.28082768675012	0.769138682751071	1.45164885517964
-0.938778999626238	0.522907512308296	1.76461961921917
-1.11420806617675	-0.410465326985326	1.92000097000723
0.674501102062562	-0.84781002711137	1.83158251924645
-0.657287456907217	-0.0796512071168432	1.9285367189748
-0.893235587840274	1.13554544398988	2.86946705010937
-1.71267324933268	0.927589922388162	1.75641802001266
-1.54232976267293	1.72764795622368	1.72352810943207
-0.968671608334563	1.99792977089333	1.5483935840019
-0.758964246228362	2.06940226099019	1.55460664449917
-2.08393235159841	1.25154058708873	1.18837468420509
-0.92194118975192	1.20850465332083	0.500517591699087
-0.372640674301671	1.24906882783722	1.80344047973006
-0.646913410186165	0.0991826744411701	1.68616404199412
-0.627428298810497	1.08229745735769	1.47415779808096
0.374393941916559	0.991259959182148	1.66096441454788
-1.56450390615861	0.126504085703071	1.29627284830203
-1.85933118286451	-0.141658922046215	1.14191354407234
-1.00959187854679	0.565405003354722	1.53183397328494
-1.34701669052955	-0.107387858174148	2.37779213321376
-0.806101386007762	1.38574639831798	2.77204738468177
-1.2873810573285	1.05771593426096	1.19445836624787
-2.00583528533041	-1.07859020786454	0.134361593741589
-0.902907739513276	0.170322249166058	0.742918160967577
-2.10052310197913	0.830605547060715	0.174202217523283
-0.853615533861867	-0.088122589076898	0.293251584060237
-2.70091754218929	0.16760916462822	2.17927921503483
-2.8372287779053	1.79998993459069	0.298135421129806
-0.328947213164661	1.63931548774151	0.652809330252807
-0.363660739391288	0.766999321273441	1.25071386714447
-1.70774346783561	0.645328343360128	1.02224196732847
-2.28026262559774	0.636874192467067	1.17329497380918
-2.29749540817554	0.402119665063545	1.56391331905747
-0.699896851390417	-0.117520913875838	1.4894783663358
-1.55397486558348	1.35021639473092	1.04458889285938
-1.74173352226909	1.35134192214816	0.61635893224988
-1.26006282303068	1.28466232960213	0.86816139487622
-1.6474806298963	1.05193578767622	2.36914312747504
-1.91478361979115	0.577505566757027	1.26340994802618
-2.04943799569002	1.26761965523153	1.17016231548866
-2.87528568865783	0.464371389705272	0.605673017040237
-3.45100492927528	1.52273560680405	0.870459067314165
-2.98026744236878	0.322709066183863	1.29000985899823
-1.29310103014272	0.367525644935469	0.804996702268358
-1.29310103014272	0.367525644935469	0.804996702268358
-1.37168953403896	0.243069789375986	0.671549896587898
-2.4227323395741	0.307962604311101	0.599016172113067
-1.64128234221751	0.395094089405041	0.543664329433558
-1.72481904729571	0.173918188082591	2.06410852298554
-1.53585427511106	-0.193771958791861	1.08806377735604
-2.11196465927835	-0.0260657280571844	1.59733942373399
-1.52883297680988	0.434894758920529	0.887546991340495
-1.13853103003941	-0.467134992297753	1.13182113737428
-2.9071936864917	0.32732207724635	0.46767270019642
-1.15576557455602	-0.436605679757575	-0.0176265992681809
-1.31403102684212	1.13271984884163	0.589064694756522
-1.28325693467904	0.707776055396543	0.680305833515411
-0.173375606309884	0.211849453620362	0.794236987833005
-0.567359548929438	0.237229657795029	2.0512008577547
-1.40247097312878	0.136225733609383	1.72474466513521
-1.82448074267499	1.37790192599673	1.89074393787657
-1.74149346003516	0.774952942058326	2.259379651435
-0.831057910539231	0.593759460608752	1.43572486154829
-0.656490938009747	0.424020579603829	1.37030904089276
-1.97271515418729	0.179903692235277	1.06469412699636
-3.11180410353386	0.898591874401703	0.732610643839996
-2.18024138145703	-0.00989170590383961	0.676258757717323
-2.46518469756157	0.109109632751746	0.391806429047134
-2.31901853693002	0.375906465848578	1.09197665298903
-0.230271241607976	1.14133053263718	1.03676934628688
-1.66748416114338	0.16524450915491	0.613414715507472
-0.475303447940018	1.15183197132301	1.36744764577912
-1.37679174197979	2.45045662468925	2.72513040010244
-2.19505420323328	0.448989887945693	1.43486886544876
-2.37709583388434	0.943027890876005	1.52209891579068
-2.18327463799617	0.454793552072988	1.95080241360848
-0.895061125316135	0.297676733794883	0.934975082462275
-0.766703370747413	0.659540962845175	1.01965057894423
-1.51126934420078	1.36829397805334	0.681078871554718
-1.15725077965612	1.01234193101391	2.01230201416337
-1.7184419918458	0.660348810416678	1.35209899551432
-1.7184419918458	0.660348810416678	1.35209899551432
-2.8522957263086	-0.397819157841397	0.18572810881583
-0.815505549424577	-0.0811386589032768	1.91753402002459
-0.0852297651365688	-0.246889314189132	2.48169279594496
0.0835289248240281	0.00751294766092669	2.67504252186321
-2.18252258786076	0.865891901905343	1.74772147733683
-1.44862584705733	0.0885182710703517	3.20922087404113
-2.35236553243565	-0.122251634284931	0.867845723970078
-1.77474274195976	0.197481549754859	1.02186736089791
-1.12619722396885	0.503349431877575	0.850392823762357
-0.678983690471257	0.662799488694064	0.819706724327884
-2.03091268584245	-0.00932998758158299	0.919229482408055
-0.882376179746947	0.138098264042496	0.982233083603034
-1.7785134146476	-0.062777427304452	0.253878184198504
-1.839697648797	0.483351042542032	0.690191002655788
-0.979696739260589	0.294605934803034	0.587237760407979
-1.70778481964244	0.405092254845979	2.61588688388949
-0.921704769310176	-0.28881773743732	1.79462157234655
-1.84482276397887	-0.341701995950767	1.82037211406231
-1.23558133893442	-1.62074440388505	1.82326390924233
-0.39146477336167	-0.573725195275476	1.24026408972014
-2.1169436445275	-0.154451814894242	0.723763646992622
-0.820386665006911	0.280346504670873	0.265231163666185
-0.728133863730455	0.173194161585406	0.713577630915091
-1.30531867960735	1.44055885379184	1.15095024814007
-1.22323198650181	1.8410260572634	0.441200359119935
0.025804629660852	1.99016981057606	1.19740783266911
-2.10215670618543	0.820963921597825	-0.26577912515542
-0.492785363358649	0.133918018012421	-0.582127304337453
-0.69755920969749	1.08836075197308	0.296811666657464
-1.92073148382234	0.0974651987599877	1.10866577902153
-1.90042177985618	-0.793375393163887	1.2500127235563
-0.584099583676433	0.945607586799064	1.46471459971357
-1.05091467986362	-0.809864083789805	0.195882671554846
-2.21714603148653	0.573663028716883	1.83962952481114
-2.55380968970276	-1.05636576922464	1.06125605626974
-1.96807372058969	-0.0532598679763192	1.27248928753147
-1.08176539869025	-0.477742723806702	1.2150506636377
-1.85330470155535	-0.125243282710384	0.715814514869644
-1.67214649368949	-0.304685778255605	2.06942879156619
-1.86629490262312	0.887689851537806	1.98122929918873
-1.34588081986549	-0.460308724458188	1.23366692984003
-2.01946162751273	-0.938348656815671	-0.265173158236957
-2.16942356797506	-0.872386863700412	-0.156385521298131
-1.7203578857725	-0.904826904349515	0.0987174334469218
-1.82687905888621	-0.34114554909343	1.44886852388306
-1.52141593340847	0.638396616319159	1.23084016831181
-2.17769743736937	-0.434300198174588	0.0504656352782065
-2.88877546125992	0.221814131652908	1.89342912674539
-1.62319775995611	0.858188748578022	1.58156500723007
-0.933411767223751	-0.372593359994688	0.725198871786738
-0.96069909236639	0.967237278226349	0.650121339757337
-0.803934797038932	0.647080465873122	1.2644475168497
-1.1143791513518	1.49413280561946	0.900990549894099
-1.57034284879946	-0.0608337188505252	0.0288123479973631
-1.24564405552122	1.4073010493288	0.560447885283686
-2.98536509451602	0.750187307186242	0.11175493235293
-1.89758022013948	0.554291037571631	1.35863067221634
-2.39421464736045	-0.0175094369909087	0.658649651903937
-1.83240193046545	-0.489388764750562	0.855723720883575
-1.631614686999	-0.00566920379689712	0.157813629195788
-1.53978826492305	1.34550596620638	0.28497426239559
-1.75448063687238	0.23832734621759	0.812001030645335
-1.26717588675922	0.317726182832545	0.0687985409298486
-2.15375690273514	0.436160131261958	0.639337930127832
-2.18699554569227	-0.208207719313686	0.158664783397211
-0.855971267974374	1.46798350983123	1.33420661790809
-2.13767406400981	0.64264132396099	0.846619636427622
-0.532793647022937	0.586228599136125	1.17293210997484
-2.26886005303783	0.413789913060984	1.16043135770846
-2.33784151851182	1.67268962172402	2.41284381556221
-2.1985974750161	1.575840494793	3.57934101275811
-2.44345765533447	0.379270864688563	4.25267916190449
-1.54457426263335	-0.837941860147041	1.92060763411756
-1.90586564769396	-0.0396999743971622	0.640763390412098
-0.28654864917752	0.412733983923137	0.95553332578784
-0.403593558851957	0.0378183269489454	0.95193905332838
-0.499820852440132	0.857609829956372	1.35928787940286
-0.413244771139078	0.0549601056216699	1.12338065778471
-0.413244771139078	0.0549601056216699	1.12338065778471
-1.03954124285419	0.0155275116392008	0.970550922181164
-1.49154067428248	-0.654647631941306	1.71012465564442
-1.44651160981092	-0.12831256492332	3.6504797534588
-1.49608405638305	0.854492458436924	1.20724844462104
-1.35550604496602	0.390899198237776	1.35327596856192
-2.90959945195253	1.0686417772612	1.14350422669571
-0.997950787342171	0.571153969668721	1.89069483279404
-3.69691352083297	-0.0279577782504051	0.768223000149781
-3.92797323424197	0.65548805733967	1.458826854424
-0.739817985057061	1.30273125090178	-0.444823898978719
-1.57936974554812	-0.147787270381936	0.901067059300924
-1.40188124904143	0.234472514395417	2.20483716841376
-1.89792503094491	0.329855213918811	2.32742643163616
-1.25899612976084	0.665530489419893	1.31001826876803
-1.57869220930613	0.30340256240793	0.476392611851924
-1.57869220930613	0.30340256240793	0.476392611851924
-1.92360150831795	0.790864516004984	1.52224583106785
-1.35958199042593	0.101970165321048	2.31983199604451
-1.09723244876751	1.01776797653564	1.58287230998987
-2.33987970426977	0.682264543496074	1.20711088878879
-2.57418583424657	0.351096882550598	0.679898204124175
-1.55321312713088	-0.328410400452701	1.43697989130065
-2.58295315831933	0.479513828990658	0.977338587686954
-2.2683642890536	1.08482838408579	-0.36308923761862
-2.21077750870738	-0.0737195959781865	0.352150268130037
-4.49310541640006	-0.300766192525513	0.678596801552464
-3.64774840749474	1.40230785199321	1.44551897732519
-2.34151243216211	1.47650530576697	3.27993233225227
-1.34854795278343	1.67033048881446	1.78199919892133
-0.506112195633483	1.32872225954472	0.924961239126515
-2.01555188012991	-0.140689532696541	1.88223511395906
-1.18136715923811	1.62611027242736	2.99508847585469
-1.26388487343881	-0.714118152576014	3.30094321609074
-0.657109883574729	0.0923998948239346	2.0567003887827
-1.61815931809717	0.594192645769304	0.0411381224519181
-1.33500521151261	0.607176730927836	0.178043349183677
-0.114821938690735	1.13573563504118	1.37637167001709
-1.82503624354852	-0.54022087015519	-0.123790934069661
-1.60899665376472	-1.70277619523544	1.43199463192385
-1.13596613508239	0.595878844148226	1.96685390293231
-0.703869520436812	0.848338588352985	2.55868588856395
-0.912841367411481	0.372537273307835	1.99009921858068
-1.13522708570424	-0.269742856148929	1.83482895262981
-0.0258407861265729	-1.55218817057865	1.59789794808057
-0.481551820514281	-1.1891016816533	1.66067705013217
0.152009329549536	-1.11624025774286	1.46715303966732
-1.58779042569133	0.320753313234876	0.845782367125679
-1.06145186394411	0.271167869150147	0.251196267696459
-0.259305240394015	0.186365973405108	1.19656128950644
0.381668240478894	0.336813546349046	1.41210004626804
0.526032324995378	2.64039755112548	2.27134661190864
-0.327310122441039	2.31572012657418	1.96820552435439
-0.303128019830443	4.29650493472441	2.93016357253906
-2.31240522671735	2.37990957172472	1.28107080857201
-1.50450434288855	0.328780544814623	1.59533150103107
-1.02201197943888	-0.0856459244223695	2.04245577656586
-0.778768219913776	-0.399975801614344	1.58929994578003
-1.21213317940207	-0.705485523775429	2.25425563563337
-1.43538626675267	0.577194332151652	1.79888478375803
-0.515232026377484	0.671972063272779	1.57886563227447
-1.18718186855127	0.729253777375762	1.47799510687274
-1.25869425679105	0.428874366185521	0.815308659578479
-1.35381483099817	-0.797008373840741	0.817587504678926
-1.49262327921033	-1.0648662754167	-0.51083771701189
-1.5395824358119	-0.649817446613884	0.803870969023629
-0.494483744860139	-0.866052321465327	0.820392246153939
-1.35866516205484	-0.943927896463587	1.52809157783009
-0.734150571123096	1.41965099500484	2.08033639172142
-0.0148265672908345	1.66132174460918	2.229017502597
-0.723245823134934	0.156874245582978	1.3562107856051
-1.0241361894052	-0.246258751059023	2.12926108545579
-0.691024666513841	0.581449564993067	2.25358270808648
-1.0572820013555	0.239663461434409	0.174969483490257
-0.735851799673076	1.57907504884625	2.17017601073082
-1.80461024649741	-0.126039702770726	0.181553809062663
-1.13633734150723	-1.51666815437662	1.05598226741251
-1.81985273247965	-1.69498650148613	-0.137118600474491
-2.05764485907044	-0.0192290154195239	1.61614170897961
-0.55414377998729	1.89783717368133	1.96303574393976
-1.2347372007139	0.698610309658237	2.55763866776876
-0.773694377930331	0.236762093359982	1.5047211860448
-1.6565086080505	-0.538877014021944	1.17352784954944
-1.29367466167707	-0.290882056078696	0.118987515931808
-1.21917467827899	0.586816706808778	2.61328598667977
-2.20923716172995	-0.653192747497234	1.51156306726375
-1.64713605292425	-0.574862102504615	1.11013367025601
-0.547065699052731	0.0316470700867102	1.85605531761449
-0.892234834118165	-1.26109465678402	2.32425929038898
0.909450061623094	2.90532989630857	1.65503583021575
-0.193032642881691	1.65193452943057	1.30601926579334
-1.55658003804646	1.08520169969831	0.862061729381484
-1.73290549279193	1.16011451841059	-0.971171545993131
-1.41484935132929	1.92449071198845	-0.0641308620931184
-2.1537289130005	0.239830026170691	-0.0375340048051845
-1.0159884754085	0.739600035908594	-0.0552946718934881
-0.85896649160275	0.516541414401709	-0.168288125987638
-0.435950943040068	2.02527678267374	2.33406774960342
-1.89631845747092	1.36324472426164	1.3909468251783
-0.596922450411442	1.47880224888299	2.70659442860647
-1.38450557983629	2.37351177879762	0.384922987591896
-2.21968605546342	-0.0589669630899112	-0.441060197229298
-1.17472045347779	1.0997591683275	1.01143140967774
-1.86374068877565	1.9636624760336	0.985357441017639
-0.613404088097862	0.79371183396195	0.414244053086499
-2.47632899841763	0.754522040958709	0.763800929895044
-0.883961585018226	1.77300297793592	1.60640608027569
-1.14360505497686	2.19267962569229	1.59359003482306
-1.6614394255584	0.800195321876139	0.410846712453656
-1.88768166209344	2.31114963297342	2.34811844593299
-1.06679388410116	-0.33484311779839	0.572494068497997
-2.59424623733031	-0.328539706034486	0.244158613625504
-1.03285132553852	-0.402757931659294	0.301656215688402
-1.71619817270742	-1.16886610801551	0.440944583870071
-2.77591557807409	1.02267284373398	0.895660276241991
-1.57064911585085	0.110523749145333	-0.342019532698782
-1.48370117568488	-0.237039399397202	0.83872106982684
-0.744413934818801	0.823540960054423	1.52764091335787
-1.32896275620345	0.8916714444835	1.61925152078094
-1.44106583976352	-1.07381410857018	0.914026344458282
-0.650950419307713	-0.170751837500198	1.14345613370205
-1.27296778099417	-0.256862395431783	0.360975823794206
-0.649407233342627	0.686091131424748	0.86382584618144
-1.4919323415392	0.140173078965667	0.717120860273607
-1.4919323415392	0.140173078965667	0.717120860273607
-0.884738069615867	0.660670653501141	3.39240631700575
-1.42829050676317	0.480926508366623	1.77831751649568
-0.904433838327514	-0.435164073141379	0.700438380104116
-1.16680035381052	1.09013337259548	0.954025283394472
-1.86034790037678	0.67634116141122	0.210147376880099
-1.5769199455126	-0.288594030496304	-0.282554876991354
-1.74218865822053	0.524677445196816	1.40777448919855
-1.57547910206999	0.712163136290258	1.09739989253849
-1.63120773833348	0.852936997341663	0.966178230646061
-1.62933819297409	0.61135516939205	0.454555689244633
-1.53365274055085	-0.191249571556552	0.148488438244817
-1.1801314813939	-0.131884122472365	1.03748944626731
-2.07151400008541	-0.0689679410634126	0.27570560160899
-1.95256878854655	1.22025158608595	0.973471037313834
-2.43669430088656	-1.10411796851771	-0.353108280928592
-2.62550004785275	-2.01593420114465	0.459276317725569
-1.10368562682808	-0.576893292749007	-0.0453587046275375
-0.348245548243263	-0.523963701954155	1.89697862200293
0.0633068153200624	-0.0929461157627161	1.58405983179915
-1.07238810616211	-0.0803495191000945	1.73932794706564
-1.48705526989227	-0.191290604890479	2.33583110771861
-0.594359288558357	0.270690823270695	-0.0475980726617616
-0.772852211647491	0.335129210057568	0.180596501660175
-1.32502595942661	-0.0658677853760285	0.334989843610253
-1.31863597115879	-0.783347163705489	0.519045610856252
-3.03056993997575	-1.78813597691332	-0.931925239203798
-1.11942478325936	-0.697773366636588	0.102453656344285
-1.84108835554231	2.14710155947276	0.289261733694269
-2.02658178923543	1.2281693546398	0.201787918266978
-1.4315977581925	-0.165067650815159	0.904429864674356
-1.80794288465989	0.446262503112969	0.929464998932304
-1.04847703122828	0.573762040689698	0.847431678464594
-2.36888871207078	1.31355324391176	1.05017920752485
-1.7137061991126	0.614201972745756	0.953954084313261
-0.859263475348725	0.997506836762337	1.55916527803429
-1.75215829230911	-0.391181591913977	1.61095655027554
-0.580022837533631	-0.490297867591119	0.612090237353717
-1.14465679697116	0.300090621644831	1.57093639083125
-1.61625116322377	-0.344898436881501	0.598735210996856
-0.565252213759846	0.720700982460009	1.43087905071759
-1.18941173971926	1.67872956031348	0.954481241773245
-0.758650535653152	-0.219817898829439	0.539804495941935
-1.29144686608894	-1.08228056763893	1.68938081931474
-1.52170908388081	0.232778069119774	1.07513836153943
-1.66095661079671	0.435886675623722	1.66366036869695
-1.75661713058086	1.25097707714687	1.45144730934822
-1.18756481934898	1.15766857746089	0.539771746524035
-0.653952316351257	0.103153595237894	1.01935998297001
-0.195160091846721	0.428434926002248	1.96223951301473
-0.931516146684155	0.309164367715093	1.85581484476945
-1.18480589438993	0.611510310339944	1.09776385999654
-0.855081100141583	-0.90070399165212	0.511956049345756
-1.3346578739943	-1.20878130807476	1.2515303284088
-1.09610783584796	0.30050605967474	1.4728404876736
-0.234681633149086	0.823326320678501	1.16942744226975
-0.943186054794577	0.960891796320446	1.78980001351118
-0.298180588772726	2.22921496992725	1.82775238217508
-0.874869158168237	1.70716262068053	1.60643963960812
-0.874869158168237	1.70716262068053	1.60643963960812
-0.833457663695957	1.00568345473954	2.51614639934778
-1.05933421372368	2.16296059624592	1.93057794599722
-1.49515066632178	2.75751842468412	2.15343077932262
-0.725295381754567	1.95901622940025	0.279167010938443
-0.295134615731918	0.488320731946098	0.869756303736375
-0.889150498924906	1.03028154669866	2.7724010448614
-0.481780437983105	1.02594209259517	2.84705678216767
-1.1377294042399	0.1494994838756	2.10892818704419
0.119325750514827	0.446524094934406	2.64664888829089
-1.19657160870774	-0.200777669954494	3.39500638843476
-1.1416389228484	0.828837838570717	2.73295148808677
-1.49900813557558	0.417170414240217	3.09819488706253
-0.814639823147885	1.54589139537337	2.13997648767022
-1.15560892363039	1.69053113847683	2.09912474410275
-0.310605758373817	0.835038578449462	2.3597608541852
0.961360063074763	0.937950760248951	2.6814474189256
-0.884107833572877	0.640247603005456	2.89806184264473
-1.95098644459698	1.41855836085358	2.31098724676826
-1.47872526966547	1.88622971081663	1.56166828527714
-1.66949118298779	2.06029773034092	1.11600081941517
-3.55925499307478	1.51856249185576	0.673184804537053
-2.18225925784178	1.62258527877594	1.87968490422074
-0.904436880013583	2.08997442539479	2.26871868711716
-0.860537904001954	1.43705283285582	1.82936167369407
-0.788490023442486	2.11602386070019	2.04204297423439
-0.488787844568	2.51339029421601	2.51832863527573
-1.87942062176555	0.920287234331166	2.1290901986221
-0.923341370538145	1.0388702521633	2.29834175506674
-2.0869239804081	-1.33106224662876	1.96105367054273
-0.136071452195584	-0.55939036235769	2.45593563172278
0.4931258294826	-0.34289671447886	2.45913453848655
-1.44912487158537	1.09601652109698	3.36372990951686
-3.29852944368995	2.99137841500317	2.48328874415202
-3.58192522592475	2.41914160833732	1.22821864977387
-4.16864399414425	1.67210083590431	0.708293499668596
-2.98395315504652	0.631898757897444	2.16527490156171
-2.15558730925917	1.44309289845059	2.03309524755005
-1.91212508627981	2.54489924741054	1.53153130021427
-1.9320294220976	3.12267312956117	2.36681235124933
-1.88282872042019	1.71955380277209	2.4986102789603
-0.671315957598599	0.0559352534406075	2.35281664085172
0.248114903651655	1.20364088401428	2.50264090926228
-0.864668544145031	0.997510002563329	1.78699441360918
-0.972450025502241	2.05089942779362	0.190696859845532
-0.613263299422755	2.93923760712298	2.34678196820814
-1.19834857477465	1.67905313844572	2.79478356578866
-0.248259999729553	2.21967705822009	1.6117306437326
-0.872120906026359	1.62744736686329	0.680059183479619
-0.415932361833761	0.773735881751684	2.24825210474124
0.0859123702390083	1.64312093548362	2.03304908646249
1.01205484851575	2.87631259906885	0.809232465188829
-0.216204631354725	2.58791855843287	3.03659304045437
-0.382571191578937	3.15099800163685	3.31056124999201
0.0760087773190667	1.61550291669977	2.599311828683
1.04633463638657	3.49234477781479	1.87300506626113
-1.45016260925447	1.28699678052601	0.911334139979261
-1.39646183124203	1.88797386169576	2.07974080941909
0.500323157137526	1.13003893224314	2.71148071003595
0.200965788435382	-0.00878343963954387	1.71393535809304
-0.194466117732442	1.89566600974676	2.75404752283353
0.563092448117831	1.93678267152487	1.97515160920156
0.273154619138672	2.31019828437522	2.05973098815923
-1.21834852069018	2.07568375919065	1.64503141603996
-0.227904052285313	0.776462293272453	2.31050789841515
-0.227904052285313	0.776462293272453	2.31050789841515
0.062214274818572	2.11156456412749	2.82803758452236
0.250783435930213	2.45063900915653	2.86270269404135
-1.43813734541991	2.97620079391053	2.20722190750002
-0.291622341851029	1.72067762016851	2.71930767851305
0.0194322933281739	1.02147212540651	3.6201287414057
-0.409818899009023	1.89196044285259	2.40481723945417
-0.110860800184569	1.32349187419308	2.22839894301551
0.689566693925857	1.8023115793758	2.72477279042319
-1.43544161167231	2.66218300937467	2.27107746920345
-0.606177195197301	0.962511663960242	2.89063927378364
-0.318709903770878	1.36819039928471	2.40602873013657
-0.48024251089166	0.704075587379268	1.00836654837596
-0.833357523376227	0.933857481771231	0.912541478098273
-0.0733450377112059	0.425773055705131	1.17481060539428
-1.66329794703983	0.797910358788615	1.17940198560931
-1.20377733165275	0.881229926300465	0.601727370224343
-0.879058048236994	0.344873291596347	0.480938429891483
-1.39392971171892	1.08558157881465	1.45463194748217
-1.55182273244185	1.00077312276042	2.42762609724727
-1.94907352736265	0.805497828843709	1.684247084602
-0.49528327609858	2.19673044983905	2.36235596112258
0.188984752694716	1.4183932716262	1.63714114898539
-2.21672233254704	0.779429255711953	0.649727865624302
-0.188562575740725	1.30637501090511	0.535466393205364
-0.188562575740725	1.30637501090511	0.535466393205364
-1.17354660128381	1.52056208769281	1.32404475747436
-1.16081925097123	1.57774280356689	1.71325940980064
-1.97853009242097	2.09046121438203	2.36010782027934
-2.03253891805291	0.897036024543422	1.43519968130331
-1.97825889849664	2.31620526025261	0.445992744558313
-1.08587837277679	2.76107438052338	1.63947515703141
-0.658440847781006	1.83493280062402	0.9039513618114
-0.658440847781006	1.83493280062402	0.9039513618114
-0.275455515010809	2.3522611814341	1.80133597112627
-0.710035741569722	1.74177095560501	3.65391081849102
-0.236098389058043	1.88143114714368	1.41542030285979
-0.755030196171208	0.695402439440522	1.19308103907819
-0.354462435207215	1.26091611648463	2.22752811809221
-1.55841640027442	0.174844820499918	0.885495193934454
-0.39011019174497	1.25628590523245	0.579692994019453
0.0279807315719801	2.22372413509521	0.399722729184781
-0.978682958915345	1.84138333131825	0.826545890008389
-1.12910726345484	1.428813626772	1.39317241323795
-0.19820204757942	0.740021925632644	4.03305416643318
-3.14678451872811	0.512977570981693	0.700780647368017
-2.00342954482491	1.58248056921004	0.914703106193075
-1.14146226495045	1.236676354081	1.54435399203106
-0.614813943183535	0.782259027488233	2.62594934531356
-0.803181746889048	1.06758287155053	2.48470082866002
-0.0524247975747565	0.218470471972945	2.4496263614296
0.180774808801501	0.870956189436356	2.40754760195205
-1.6199029981099	1.01176171999496	4.26785237259414
-0.385277876219539	1.04363451184452	3.51011568216114
-0.13749071469427	2.58080726286885	2.31939022149193
-1.02454657025284	0.6942571097325	2.14940541059185
-1.39913138630985	-0.359840731469311	4.34354925347631
1.50600626002781	-0.131830496723873	2.78370941525969
0.437476993754922	-0.965623374372881	3.82158188692297
-0.839255944443227	0.527116432678509	3.44981485704725
-1.15214453797096	1.4339128253935	2.76586757658674
0.0589499070599742	2.29488710038996	3.17159721465332
-0.156081821340323	1.1590075702243	2.20061255209983
-1.10112380458853	1.53801492664791	1.1480109491577
-2.26553132831317	1.35930055589853	2.29734568415473
-0.32788212000427	0.900477075659455	1.07879961305774
0.19273277978683	1.0844941524814	1.07911613936009
-1.47439313508602	1.200816689692	2.55310959752965
-1.87950063997272	0.913149483731563	0.534164319034719
-2.23970434679896	-0.395621393773595	0.343395062104754
-1.22789254828953	0.303018736851338	2.66038561153062
-0.946201269105456	1.77625957558987	2.83075596310163
-0.871957324430247	1.64909942171917	2.54629722541259
-0.877088646189236	0.946818671334274	2.02156162341828
-0.0766993984679141	2.52002578226642	1.32914828699756
0.228949514727276	2.1359126436201	0.981469352491023
-1.53969912754987	0.791029134672901	0.43216614580086
-0.924601541054043	0.508505005966589	1.78643108912859
-1.63105383983075	1.02267516007489	1.66623757601108
-0.887544116110854	1.06496582540135	1.26541529501214
-0.380011025022809	-0.488251219022727	1.85846684574918
0.251620506201745	0.81052422256465	1.89211440749645
-1.69853315480813	-0.350129746679789	1.63884885640144
-0.340598487779195	0.479102158161934	1.84098295102588
-0.929737132661842	0.314750574708725	1.35042182018078
-0.159141396080947	1.46269869565665	2.05518257324177
0.107673358056336	1.02318586241247	3.85461383885342
-0.117101593682845	-0.219050310800489	3.95567504382131
-0.284243945932841	0.254713984656614	5.77679833602631
-0.279364261859682	0.587097064417764	2.68469450468996
-0.659099791832412	0.469949685136533	1.58202436041591
-0.3964528026619	0.426044724766755	2.16723273740909
0.753175446904046	-0.233308959093689	4.13562245620729
0.23513947837219	-0.294011681855243	4.10882046767755
0.554553546498063	-0.625509453053132	2.84153244548611
-1.11810698219297	1.92159388133311	3.43488693024249
-0.741224738592358	0.592596636027967	2.48389685305422
-0.0938975217593116	1.95258827988591	2.87025215855455
-0.747709227414202	1.10566336414865	2.99052443123812
-1.02606925438122	1.86558062796599	1.2472454769483
-0.950110485786168	1.27177069060961	2.65235288505472
-0.431331118026483	2.37824712046117	2.42937309638709
0.238327024826726	-0.167238759713528	2.55531574116898
-0.936192679962156	1.84731765999121	2.19447794272913
-1.54291043250084	0.708878750850975	0.982273858362482
-0.858928164634546	0.733917994083134	1.04505361199563
0.320316872686778	0.0340321434997893	2.57636513383601
0.22480520498396	-0.0315398124045597	2.2639296132044
-0.617087341282617	0.548759155301786	2.31074626283929
-1.01327599127825	0.300851704974707	1.77389581441658
-0.220813595397385	0.493899895461706	2.57804875830675
-0.179514957198298	0.0275199885351621	1.37073331913417
0.0773359101131479	0.527230840554403	2.55159814600563
-0.115853525456755	0.844797581102306	2.81568634023299
-0.714560662956573	-0.0960432225531219	1.56249451748646
-1.06906766896749	0.325669507387532	3.24914733212374
0.735010804752049	1.05908785565272	4.54124052422211
-0.219053435448809	0.64778537377064	5.03014897647545
-0.65038677377191	0.0898419512117871	3.19578076763276
-0.380253694691758	0.0162415295553222	3.03053438743753
-0.933456598669306	1.25939669110408	2.69129704963305
0.0425655975883548	0.227476475568052	2.69251897180347
-0.480569628707005	0.439346722500198	1.87815561179079
-0.731649139206439	0.256296676399052	1.35075558053585
0.122567505354253	0.614820284986412	2.12313591407637
-0.756194454607687	1.34253573981724	0.144586579765388
-0.892859821786534	1.26761161596821	-0.202620279335612
-0.892859821786534	1.26761161596821	-0.202620279335612
0.471172216814365	1.34793571444032	1.70359264666147
-1.02336012489109	1.33064901438677	2.63587465381084
-1.41560745731994	1.17572909097953	1.13936770944349
-1.20367478519134	1.98397141450362	2.06785755590619
0.0352403379480697	1.6082992008653	1.74136723996341
-0.225457228761705	1.37890456872705	1.96170266362777
-0.00938896329489353	1.37557254174611	1.92113244051341
-0.0979562146090157	2.65594020786968	1.46146731717179
0.154830693942807	2.49351289391123	0.127595075660218
-1.59742252683423	1.06009457563129	0.899319675598953
0.267736190916025	0.161143440410716	2.88054430573129
-0.322213928486071	0.388473673484512	0.827708133944887
-1.32860999616547	0.450777859179421	1.03763273662545
-0.383386294086999	1.89386736617704	1.60247232981331
-1.46138358560575	1.16445463885654	0.974347821798132
-1.23512180851008	0.843573511522104	0.517191910933831
-1.27334614279951	2.16858162506172	0.962703187479859
-0.252812630995077	1.28947515839609	1.61949979729853
0.5386404831243	2.91432945088772	2.73764126492654
-0.0351054685327377	1.79263969211937	2.79280380908278
-0.99700917254581	1.70255670383189	3.29340411085365
-0.900516442258149	0.31940658114962	1.00535410680483
-0.60078964204661	2.0517489230877	2.17801829842586
0.328800056771978	2.35475937371913	1.90549296782433
-0.685119393055142	3.32378657709588	1.99410017014172
0.255578341778796	3.80229423014437	2.89585614340632
-0.29576732056266	3.13625390429736	2.37730587277272
-0.245861207734077	2.6541161517012	2.00369260244216
-0.947257203468274	1.51676362970299	3.0979583392345
0.313763991469176	1.3599258336829	2.37649192126448
-0.153321567269245	1.57216569875433	2.69972603151845
-0.670286293697083	2.2199867490316	2.6853110556989
0.181542873007547	-0.353519014808279	2.46191825786381
-0.932604497549095	1.01277720029451	2.26006042795759
0.236559189592328	1.0321110342731	1.86999495844611
0.236559189592328	1.0321110342731	1.86999495844611
-0.573903566163275	0.254063441401881	0.997166561342384
-0.446113750781122	-0.666121989594872	1.37331544555746
-0.045364060301359	-0.24892963338001	1.95369475152239
0.0898757318278352	1.87281439387847	2.99313024011655
-0.390637240536689	1.81705615013936	3.51158514793546
0.06159184887687	0.0577912297276915	2.06673027012322
-0.688527355768058	0.662866538740401	1.52732524850184
0.261570747933344	0.211922775390889	2.0605656393548
0.142674312282438	1.66763130933388	2.43983263232063
0.00397128404138392	2.27789483417869	2.31168085640994
0.529515053811048	2.61787537586033	2.37430198352449
0.990128429467855	0.848984818342678	1.94460136366843
-0.703276103724852	1.07849741609185	1.33658392711509
-1.81869161554084	0.985864289953725	1.74692190915888
-1.99774535945565	2.3627192161929	1.63254311342728
0.550314656693179	3.03046338668021	1.11594985618725
-0.374398573420586	0.913427727225556	-0.0436073170331337
-0.483178609523607	1.55088313759132	1.45732434437008
-0.483298532227299	2.399790261101	1.61360776639254
0.254301649798228	1.01321994662602	2.13526315426261
-1.10034594169441	1.72278716819234	1.40735779672457
-1.52147382100292	0.599888432024323	0.650115528124701
0.211375455756369	1.48202613412981	1.86782460418631
-0.248426162519952	2.28568188464804	1.71391712649349
-0.644247377795051	2.24759512423856	2.42649912664824
0.461240539018514	3.02853350571488	3.30913772122414
-1.03689341235678	0.225641214115169	4.51294608513792
1.11004256485154	1.82378367239731	1.81794754691818
0.305397900156158	1.47696650189557	3.26012570697864
-0.404675358673187	2.47993300450099	5.01373470233005
-0.355043546443457	0.708475236291246	4.60477002843801
0.891755242792274	1.89633337586689	3.09706726894896
-0.184886594335718	1.04296648544934	3.60130605400882
-0.342792866987647	1.6632318793434	3.51843901971362
-0.219437466876311	1.98852985024932	3.28825775355729
-0.114963706497829	1.59833917153291	1.85906019030831
-0.710443203430245	2.06609210061963	1.60361407864439
-0.782203117775703	1.39051638638538	1.26119689311841
-0.651817635874339	3.08381620500392	2.59992622692376
-0.128791203818716	2.02850721256266	2.04036177504682
1.6471429501139	0.917681479102976	2.87938585781983
0.789095256894363	1.20335474420049	3.91427455533761
-0.126321331044891	1.64360536526645	3.72106765585816
0.190450879808812	0.954871057029784	2.26994916756069
-0.368992830038661	1.00620961059121	3.55194901313987
0.499735321449875	1.70740534842436	2.50955552127216
-0.172666770715747	2.09788008049807	2.74859713148752
-0.172666770715747	2.09788008049807	2.74859713148752
-0.438921109960225	1.25549126139176	4.01029176048892
-0.70128125455267	0.473958021749311	2.15227166709905
-0.462416566140457	2.65005022012984	2.77271278641483
-0.368330363142243	2.31377323267048	2.78895170857407
-0.218202110765184	1.73926119235448	2.78436436373165
-0.525837037329537	1.3760105174223	1.27734608632332
-0.177927797891595	1.01559253424478	1.37976880491407
-1.10818156697219	1.81442112828713	1.63202138121646
-0.241113190880598	2.65879908175956	1.17193718040267
-0.64347041236118	2.15013864692111	1.27745411752275
0.328225936661947	1.15531566265523	1.99226356140753
-0.564744316447542	1.90758269421156	2.76656123509893
-1.01925698040885	1.57421657174725	2.86356298620751
-0.269136543120379	1.85805529019476	2.26322625253669
-1.56038380372274	0.484171040360853	2.58822869546267
0.102375200738208	1.72186787600997	1.45859642502473
-0.239899809917819	1.47005191116258	1.44275202251436
-0.485727441913635	1.40289644852412	2.56269785677694
0.25107511435909	1.63207330730617	2.48454020210411
-0.689674100108871	1.24351182423746	1.27115874021065
-0.689674100108871	1.24351182423746	1.27115874021065
-0.16889566244484	0.73492854602496	3.09351357131979
0.742248220161702	1.46367108942032	2.77366990660082
-0.120670843490482	1.51752868682765	3.32373226518561
-0.849545727679485	0.897754269582358	2.74369251655487
-0.766766511953793	1.77545846400684	3.03621629225957
-0.222206652017118	1.34025801306928	3.61544859243203
0.388256798853909	1.91006591030574	1.78104233980242
-0.820420703892891	2.41073112937554	2.06860779853445
-0.38612479444399	2.54406002746509	1.17533797901404
0.344294711180807	1.30073015698916	1.50275790778174
-0.611294655024763	1.64563304232014	1.27360839277442
-0.200882133213327	2.24293258904821	1.4898211801165
-0.824854659254439	1.04024476996063	1.14450060861552
-0.601236623512445	1.58537481725583	1.29450835033473
-0.534002447869795	0.299820473297528	2.05506438688536
-0.19382933351733	1.6542553831511	2.3925058329036
-0.19382933351733	1.6542553831511	2.3925058329036
-0.19382933351733	1.6542553831511	2.3925058329036
-0.19382933351733	1.6542553831511	2.3925058329036
-0.173500891888126	1.2746431877384	2.86788359590233
-0.173500891888126	1.2746431877384	2.86788359590233
-0.596431029510803	1.02853879565081	2.59272374611847
-0.868327234347776	1.84930512525896	2.58028073777128
-0.894478035772366	1.04994566008466	1.43226910767732
-0.30609538638901	1.17907097699227	2.87955658901589
-0.31580786334944	1.32468005399636	2.84316138351216
-0.0981546444861084	1.14293248274647	3.04237144754975
-1.19591674529487	0.958527491461138	3.14923815842665
-1.13230286433036	1.61131282937203	2.26379084682216
-1.22827400075994	1.71608747157634	2.09509163705114
-0.127641724753427	0.851224290978198	2.1284018270082
-0.127641724753427	0.851224290978198	2.1284018270082
-0.914330233369004	0.645510261314078	0.59747270790905
0.307334921925219	1.59008843038738	0.352104716861548
-0.190204668776364	1.09873564159265	0.817287040362665
-0.129151391572701	1.23695696886655	1.4632992744325
-1.01842397296118	1.30429507125812	1.89894418909191
-0.0137684761393709	1.76324716864536	2.39968751048431
-0.518574507977199	1.22974791757934	1.59319174926807
-1.20296811234868	1.58316648617498	1.15557976477046
-0.838186403568038	1.58940683890817	1.66190843153636
-1.2794967897037	1.14133738866169	1.87920612310933
-0.947813150672967	0.874733228784089	2.83725367374282
-0.00288207529120787	0.693135502116103	1.69798015846069
-0.687337027934282	0.876160199431526	0.969240889853246
-0.206825895521985	0.566011638797792	1.2517295995267
0.246794518906782	0.744787810177155	0.586443829106848
-0.0062137491800546	1.21436878224606	1.4417392310797
-1.47254113861662	0.659574217522025	2.38595164365325
-1.47254113861662	0.659574217522025	2.38595164365325
-1.01701645738067	0.645926223503472	2.05910271846115
-0.485160147486284	0.839079989031159	1.01024030814582
0.4527455283384	0.633312219701455	2.28486567983031
-1.19858371963501	1.38856553091285	2.00683090659215
-1.18249123407587	0.133953758062897	0.994950700257857
-1.45271087383781	0.596068946276092	1.79480434516563
-0.641516345929825	1.07626843727907	1.22804583711929
-2.45455226360177	1.08136757555996	3.36374379374725
-1.60631555051523	1.5072934061209	3.43451814651731
-1.86244179244047	1.21537412807507	1.14473158027846
-0.977309605893391	0.742313652379672	2.32934351114179
-1.6647724325709	0.749507959333561	1.77095128944364
-1.04547878320423	1.29909535816207	2.73193431191992
-0.375465357838124	0.562740785833279	1.36545981328119
-0.375465357838124	0.562740785833279	1.36545981328119
0.589749760999446	1.1393905410836	1.98581351178213
-0.603440030779025	1.18943341154416	2.45932668464299
0.0548641510927055	1.29038941167432	1.53329119898273
-1.12924920927415	1.13347675392456	2.12355869535652
-1.06582747026952	1.39399979646325	1.04302004320723
-0.632380042441957	1.02866617952102	0.484726232816659
-0.705725490708543	0.647553747139055	1.09433274189891
0.436766454557511	1.11936225811037	1.92348701645461
-0.899566493180635	0.129855779962394	1.14591140105525
-0.842809135263154	-0.304146014440581	1.93521638112216
-0.104312595914896	1.86418704732154	2.84221771527899
-0.483095476581641	1.15479394670891	2.2556659061256
0.127353557266964	0.428788670560707	2.56547739109217
-1.41384938908651	1.17725023414361	1.04764006248809
-0.683997613620653	1.5968162993075	1.51710081295166
-1.0743715024399	0.64607564531045	0.767268774627528
-1.27782204377086	1.46996847937423	1.45113087913901
-1.15794652197285	0.253904487175317	0.828865380275102
-1.29087350511737	1.97282007320885	2.20656092057982
0.13320484023106	1.51262593962164	2.10931429009036
-1.43232477150761	2.25614978567674	1.71593526922079
-1.16926420570601	2.26064857539075	2.3011308254776
-0.0296260001592122	0.364650574468205	1.47316318164475
-0.519483256542943	0.436382695769345	1.32811796137588
-1.49332486399742	-0.108366987016079	2.51406108756351
-2.21479136470503	0.823534945499001	2.66457990287846
-0.943509121010015	1.69754413625591	1.48580741419929
-0.56704622557909	1.07984739778819	1.0000476875055
-0.468771856543991	0.517497330131321	0.913187199230518
0.700523534617329	2.22259934557535	2.35084371927217
0.314075062344112	0.741938280456904	2.89218971362706
-0.0469013708608613	0.0708333388768109	2.62366363178201
-2.22231080561188	0.376460814310725	2.14141677611572
0.113227141601249	1.74203754501791	1.76774094268957
-1.36455111646612	0.991742892929248	2.11758774079542
-2.13777058806918	-0.174598423824905	2.58287808059563
-1.73052230281613	-1.29668697252089	2.40938859343406
0.00455222168175806	-0.40976293547077	1.68927244711472
0.189916030625821	0.198529906242021	2.71056803735304
-0.736327173014918	-0.856572470303125	0.701677027608935
-2.02405107547608	-0.0073355539461325	-0.0576036786053822
-1.46267942854296	0.694793460663598	1.48634115560928
-0.366366567818867	0.0964488874329936	2.25028120117085
-1.19050839728514	-0.341635378150461	0.570681480357337
-1.77041090229886	0.0966251657588952	0.6280459802015
-0.170266053760246	0.174002064063162	1.0562287133954
-1.36903379854435	-0.409016502963493	1.95169888701204
-1.71459399741035	-0.21445009870721	0.952616812876678
-1.94273830890616	0.893639710592306	1.6346770916797
-3.05159970228951	0.628506259208763	1.49958071378489
-1.9627795839515	0.0199599157580107	-0.328546708012491
-2.30616252382871	0.19679415600579	0.473968836040814
-0.762215523231227	0.412376629740224	2.24442520708647
-1.45489482277371	1.36348608613125	1.51380569350944
-0.245750867489637	0.951347926431713	2.09292667376067
-0.913730244979226	1.18637438689768	2.00056036671997
-0.913730244979226	1.18637438689768	2.00056036671997
-1.31112910562326	0.550728481028923	0.492435727542571
-2.0206282820243	1.3014936545189	1.09703032406224
-1.01318009658487	0.431543333469576	2.28122713751701
-0.563142325433778	-0.00165536638725305	1.70829476644093
-1.17029704513139	-0.147934717758618	2.45402325837536
0.787392404113518	1.27688316602932	3.02142024984442
0.472470386500021	1.02244547131156	3.61592244019079
0.410950694781667	0.225315586605953	3.71236157945667
-0.732170031201598	1.87068236167475	2.27437386165686
-1.43516657617263	0.0765908699331965	3.04871065542476
-3.3350334380762	-0.391156837234915	0.453687670925878
-1.4937410675099	0.0274775713108726	0.124824795608201
-2.34615211666819	0.646560440700347	2.15685920589313
-3.30867329838186	0.66308076572396	2.65364073751065
-2.3407342654309	3.51907682429641	2.73665232411791
-2.30056579263084	2.20501616936671	1.44582694066571
-0.287722214383018	1.29887748516266	1.84894278042985
-0.776023991075262	-1.00148783639874	2.50181580635844
-3.04242776400783	2.44151877569183	1.21005702489116
-0.27359339616238	1.55105972365349	0.669083491035319
-2.08481370850727	-0.0613529649960392	1.34350057401539
-1.5191380212223	1.75632817969851	1.39772590329186
-1.52891893117663	1.05223104698862	2.36501921735795
-0.220252884241519	1.21961019749409	2.24615971852507
-0.717358252204123	2.07678250004066	3.13017306008484
-1.41859790771168	-0.122721153663635	0.127385381666892
-2.13189657170839	1.16721226533314	1.79693451149896
0.733207382168956	0.767713606332353	3.34980662198058
-0.685976469635108	2.14184356948825	2.29814661957573
-1.65610968908197	0.817352184406124	1.89142984121942
-1.91920344684956	0.590749909082745	2.21834780929321
-0.834603069464249	1.24175491445122	2.47744969279272
-0.683959128878348	0.317212334893429	1.87273375989194
0.50837383821022	1.28735308966817	1.78253098735409
0.275204911754716	0.438636134317594	2.24101003917923
-1.54169899355666	0.555875445248363	1.20145772599259
0.773676562158266	1.57836288862623	1.70963977855806
-0.806048866005253	1.33502056288522	1.47502767961558
-0.630621813895286	1.91846150049675	2.87407042177404
-1.1632701487654	3.27383840855011	1.14123364709406
-2.4565495461205	3.37757395285907	0.582453382682563
-2.18118366526051	2.3632885596592	0.822452783620739
-0.545561165272064	2.07528532847184	1.09208045516832
-0.464454030138677	1.99318359137751	2.03875619290651
0.124564360718078	-0.228165036252286	2.28068300351488
-1.80869100245383	0.457154759938698	1.2865177467869
-0.43093762377966	0.513663876278548	1.85363061858824
0.057935620090964	1.14162616319424	2.50059692716738
0.161982218952879	1.45387049232668	2.25870680065979
0.537534022081139	1.82186470739105	2.20384138585126
-2.25056847241343	1.70231758978736	2.49899363873239
-1.86340492786557	2.25735338985339	2.24944939077305
-1.98363056055305	0.268486650629247	1.26994546263776
-0.335280197666628	-0.197504516653667	2.07078365418726
-0.803679505101125	-0.308303832113293	0.332445563938418
-0.724893277961288	1.51688290343108	2.30666278908078
-1.21358033437322	1.04547490477884	0.874197050398567
-0.657289757253861	1.88868883244988	1.22687630251513
0.0914863035782194	1.42577821372371	0.347877297643376
-0.00675854097216573	1.10738891828519	2.55711525459679
-0.791231091119578	1.08085813921012	1.48804709453132
-1.80069880998318	1.68994885666154	1.55172333499519
-1.11604347361113	1.42692965629919	1.64329924522544
-0.725086920705291	1.3941665582682	1.1617192754316
-0.917370074642059	2.25100741802234	1.78758321958306
-1.60695416804306	2.71532088114037	0.30721799531294
-0.785292419667197	2.10453192849865	1.6728315831562
0.209060869522292	2.09133160465113	2.30079921977315
0.209060869522292	2.09133160465113	2.30079921977315
0.375197934753137	2.22451241214158	1.68823051846081
-0.627429355458508	1.95402733276851	1.59617800907137
-1.52983062271005	0.850454809948641	1.9466976808602
-0.56451000018429	0.497406714563381	1.54310454812932
-0.0386733489864139	1.77813556021227	1.50492719558302
-0.760409904299052	1.28567107366319	1.66200641612887
0.348632175771777	1.53645688276657	0.821479725556072
-0.941033312999469	2.27252612024202	2.74074898538177
-1.38383714390985	1.07403569133335	2.2501238914707
-0.415645213638699	-0.135814050131064	2.67323569764715
-0.720343100488763	-0.450487813780852	2.50972724824584
-0.634948864049359	1.10310621774168	1.39613290600071
-0.431532853360257	1.13928983276786	2.89363356129774
0.737321358523725	1.18394618494809	2.6582323251577
-0.74929702362012	-0.204067408999644	2.29732704309538
-1.51358570952384	0.810571490340682	3.35650677942318
-1.73528432087168	-0.180736219614077	2.88529085416203
-0.892688829574119	-0.138845019846137	1.50251500115474
0.194873265411722	0.631795583367115	2.10952746177846
-0.788804571818835	0.762884151583547	1.75677899552726
-1.6974497257414	0.675385025437265	2.44262694461409
-1.74949782552407	1.56513322914874	2.26194029459864
-0.577039413042668	2.24386886397274	1.51697016515105
-0.158276164962956	1.2250793529587	2.61354806410727
0.0829463637115793	1.12458506566972	2.84805545565589
-0.79807881810843	1.42341605252555	2.72729829419592
-0.247443833191819	1.52645844823856	2.66439631207595
-2.12626688856619	2.08545917750395	2.30645800290444
-2.05980815657851	1.80433656773801	2.26624558914554
-0.636284809909257	1.27254282484351	2.48397443188647
-0.013568820571758	0.734537396056966	0.428284465734474
-0.260760997774737	1.29069438169219	2.26806922884478
-0.985355645244764	2.42888606124893	2.3060018662962
-0.400596947555805	0.91466218818244	3.72415666391679
0.497766986721461	0.880329726715216	2.53181498642037
-0.0528651555215717	1.39706455948155	1.66722233680462
-0.0528651555215717	1.39706455948155	1.66722233680462
-0.269887505526602	2.07095894265265	2.39063523289047
-1.70484749884851	0.800712757213729	1.49498682670343
-1.28624996057616	1.78030017140739	1.67939632135255
-0.415862818608678	1.81861667773449	3.1978623093696
-0.97030891785409	1.98104441117817	2.509311856445
-0.358073021823068	1.51041909164241	2.57477646771745
-0.892597443460381	1.44013273574329	1.52184728572364
-0.72438488891622	1.28692981504398	0.985838494160132
0.049260251977798	2.18772560750448	0.95400952630691
0.561478707496332	2.36090503759239	1.21030680124946
-0.682420470305806	3.44641688385896	2.44859768827281
0.0364812899396029	1.91601124092371	1.23736265570767
0.653842112754758	0.903626089157493	4.46252028175305
0.958149628133554	0.211070163094486	3.28082291883615
-0.478592461915914	1.27494887810359	4.39659223806906
0.166707866288025	1.56657649885899	2.28540070541309
0.380577717605054	1.8412298391773	2.8862323114183
-0.311141940981056	1.22085009991867	1.42965823609697
-0.892149245383796	1.75808613353335	0.636833923358968
-0.182573758463619	1.15778880546457	1.80416399389174
-0.163454930643562	1.69261468657347	1.81298067139836
-0.447529087843674	1.12039176513506	1.32842694430354
0.687403895907349	1.89468893211655	1.72946860492198
0.0670521774481889	1.17776006313032	1.53393673456205
-0.326501299938559	1.99877108794584	2.73690886853771
-0.24244578531182	-0.42479466975181	2.02647992504516
-0.479659682570026	1.32873928082197	2.31139178675242
-1.05045411638979	1.48722855658268	2.47942538727926
0.424204121010367	1.17158134870945	3.47582805319159
-0.463444387677362	1.26264871793758	3.15110129206356
0.47964518511225	2.01655168687615	1.20564912420891
-0.265688973996675	1.40625929707981	1.36580240995064
-0.265688973996675	1.40625929707981	1.36580240995064
0.192541445476349	0.913440061673717	1.60739871857374
0.192541445476349	0.913440061673717	1.60739871857374
0.277909863690766	1.58429443437998	0.675000430415582
-0.476385531426903	0.747253449570097	1.51967916001038
-0.941806149058923	1.08253880685642	1.18143276135467
0.0963360179507171	1.77176786567044	1.39707830994299
0.0963360179507171	1.77176786567044	1.39707830994299
-1.10408490611555	1.08869248941317	1.87452284464326
0.396534718743748	1.29834840701453	1.71390877057607
-0.324398033946944	1.50975364081007	1.65212243953073
-0.117571867828364	0.756239526000071	1.33757577052435
0.219702538179258	0.962055741465982	1.58596127899965
-0.671797295355548	1.29780962082978	1.05271865144064
-0.671797295355548	1.29780962082978	1.05271865144064
-0.671797295355548	1.29780962082978	1.05271865144064
-0.797087943742721	1.4159168087993	3.08247349933106
-0.396647160338308	0.830145433425518	3.22931700175482
-1.25197345096691	1.60132785347676	2.14840107217138
0.171036358149907	2.1671841107943	2.55335829828606
0.313535472973728	1.43449709228485	1.75201042172509
-0.28803866779816	-0.00127409626243502	1.77952592207425
-0.814556908031011	1.77057698593603	1.58840129891325
-0.462146939878428	1.08893290721258	3.28685719661937
0.0699504989722781	1.14339618218284	4.01683321592728
0.171614213485118	2.56016911436101	3.32305589654554
-1.06771217017537	1.0763898252232	0.352882903331757
-1.20705856289899	-0.0561941674550223	0.993622496174332
-0.204800541728404	0.893139483309717	2.03582422532329
-0.2526562628452	2.24120973000478	1.82063830053574
-0.789969662566135	1.39562479844389	1.22834953225116
-0.789969662566135	1.39562479844389	1.22834953225116
-1.17924354962711	1.10549739003042	1.5169132442109
-0.51429273600745	1.10698984899247	1.00956892338815
0.480486654759382	1.34177011279645	1.57160642073528
-0.767744720767815	1.22203721689993	1.41852988329944
-0.396228869916888	1.07831098715898	1.57130514697028
-0.325724654837704	-0.182348277160727	2.04067479150555
-0.635309019304517	0.464384888316933	4.04326009461953
0.255701299411987	-0.107214180723212	4.22015084654723
-0.177285129754414	1.6995202415315	2.75544873051558
-0.528192355293088	1.63574352692949	1.81125288277401
-0.547802685854646	1.57724130543831	1.39074375197903
0.71435745208455	2.04905008065593	1.76740520488696
-0.64273361191518	2.54129043003534	1.72744922313485
-0.792133619762953	1.73830562645635	1.69210119462967
-0.858087498547703	-0.0132128004874316	2.23118496842345
-0.762340053690533	0.598010006502177	2.57183157381307
-0.807732280166438	0.450057478970344	0.348744913344274
0.214675677701548	1.57222099068132	1.65913743795691
-1.24353766854802	1.68907587649528	1.40859937700909
0.351208810441148	0.9600095233225	2.00417956481647
-0.351512962535422	1.41807303493821	3.25004543804342
0.207042018170999	0.695881454180573	3.59357212454752
0.152189828624306	1.1093138924939	3.64814008928857
0.888489750798474	1.45945190177972	3.55835585410514
0.8896595135153	1.10687834526894	3.23615429219158
-0.130336405769569	0.377655352397271	3.02668003126981
-0.765606441112446	0.851512207082504	3.13537771405544
0.580942222379101	1.55834127655517	1.36640575865413
-0.327964773537672	2.1874208291792	0.635837104427177
0.735160081727039	2.04237542729823	1.68219282857056
-0.32612658129968	2.8435664991135	2.28443452764541
-1.40636083197481	1.3812076468945	2.49593799441593
-0.895804779421623	1.32752783839847	1.47013943314013
-0.467258363936529	1.47746397078104	2.12447703262898
-0.39866776621799	-0.815431495068539	2.49331681186794
-0.205961826534692	-0.032219835936977	0.333014444344204
-0.898057722898303	0.48382150872446	0.707334860387823
-0.374832832031755	1.44808768635836	0.847187872742655
-1.35151834344048	1.14086103515054	3.17910551514631
0.264728442881204	0.963409615204387	3.56334726608347
0.158999402213253	0.670724327724951	2.39631869584837
-1.32358503532857	1.62068324941334	1.80524167787992
-0.521582455117776	1.0561768256203	0.53885068293297
-0.521582455117776	1.0561768256203	0.53885068293297
-0.479836701392343	0.930224630390107	1.28989189560489
-0.740995732429997	0.966555654083667	2.95838948733681
-0.452290122934899	1.13340516077669	4.4319427841172
-0.662743673100446	1.62040012418831	3.41063178409381
0.694631832336197	1.35675839711297	2.23913853046471
-0.351719135725911	1.15845355006981	1.66751371747745
0.26493922073469	1.0264046655137	2.20774864621178
-0.362163870396841	0.352293128190935	1.87338701394745
-0.360899585278336	1.10872323475104	1.59355843239301
0.0671534856905401	1.41834229587407	0.695861226858292
-0.772214746918996	1.3013360541972	0.799651796131996
-0.0336546451801433	1.46478600412508	1.49226930766641
-0.764687104409766	1.93981113846944	4.34503653120138
1.01374380109688	2.26592865231517	3.30713824123626
0.75935947937404	1.53283486438791	2.81507539527158
0.190571046353067	0.591515740147662	3.73524863994411
-1.04013886716956	0.879520601805935	3.2454843982855
0.187165636670267	1.14790393298577	1.75178525173733
-0.0702284193348372	1.58868971780258	2.81149838879376
-0.234377391659235	-0.0907317063004118	1.36621309161305
-1.35634795781409	2.13532146244951	2.97494783544215
0.242435540524624	1.52192881749562	4.06351519621668
-1.15636005191578	0.374313890778376	3.51133503096899
0.479868060565075	1.48801778818258	2.14674800607911
-0.172441156934453	1.99550694360015	1.62176985840985
-0.368904695817909	2.09777663197409	0.591077674002739
-0.368904695817909	2.09777663197409	0.591077674002739
0.397066423348129	1.9593289225688	1.61447588281481
0.147849643156374	1.83125091943227	0.696390824963885
-1.04672553184495	0.93803191523494	1.22821771500704
-0.603533409286858	1.33749992253853	1.15149426837553
-0.542402915660703	1.38889919291984	1.3115434629816
-1.13405188426518	1.34759354758624	2.63437629211613
-1.0451178458718	1.1526487618977	2.08241861999757
-0.327554670698954	-0.142231040362812	2.0272097848473
-1.64547233049575	0.0258005490597186	1.11437284904626
-0.825339497797706	1.05828732518612	0.902508755331609
-1.97834360389782	0.894074576119655	1.46529351057798
-0.520311375251376	0.887217459724753	2.53718289048667
-1.142169546757	-0.0543393298255412	2.07619315108628
-1.08436256119078	0.0966177490364168	2.83113495670169
-1.9385365823706	1.95528488219015	2.944122208194
-2.00813350605886	0.836399355824602	1.96072405398363
-1.29157587890467	0.599710411859694	2.62287153396379
-2.3700969604395	1.00605637547661	1.78329753221198
-0.0539967482118904	1.75476994286553	1.47021489385437
-1.39026981378086	1.5110400183372	1.94362711185192
-0.560699079334655	1.77805886011041	2.180723372034
-1.06850858567137	2.21065504927733	3.33511818587482
-1.26039827796182	0.597583958552936	1.47172106395059
-0.766103889437065	1.88524583260798	2.57973747170283
-1.16075952059941	0.501025910960193	0.850767008424624
-0.771428068510633	1.00489647002122	1.54186744742566
-1.15568701480687	-0.673614119858584	1.78000673132356
-0.650435293073423	0.759703803004962	2.47278449657318
-0.148095064724666	0.505687903341635	2.35061558530103
0.258303437210788	1.88917688519439	1.74650229101942
-1.82715306201224	1.72014751510716	2.35654318246432
-1.92452863415469	1.30476983219045	1.9971063803333
-0.50331629136148	2.57172318059264	3.00853956653369
-1.08948572879358	1.69067044490422	1.52822499323666
-1.71705001769215	1.20209327853544	1.90002509651555
-0.394113439162887	0.626070103796907	3.70151038928257
0.652216533390318	0.165350182257476	3.14024977868748
-0.697081070885481	0.700672357924037	2.94427805383231
0.418200776392507	0.376332949320863	2.43770432694681
0.554989035242237	0.91281664759263	3.61058556829952
-0.237412984193105	1.49430926069234	2.84864141859446
-0.464497555360045	1.23194399116624	1.87719787467911
-0.447246998049673	0.307381537135261	1.0007525005381
0.0449429004151142	1.3208488336103	1.61897001753251
0.633969148802131	1.44997062336143	2.05647240593769
0.0105634050735448	0.815912667210392	1.54578730394173
-0.821305735206637	0.970450098943736	2.58942836484396
0.0446472083697971	1.35988949220453	1.94385758545708
-1.08764056897215	3.09304289567559	2.93769263632153
-0.35247723471177	0.935368692157708	2.76604956784001
-1.45002994339574	0.288083894776133	0.749880968512867
-0.982828835978813	0.788899757221897	1.6006363442602
-1.72673248238132	1.26292680944728	2.14530618494775
-0.79359109920682	0.632929195301989	2.00850706920069
-0.262236540564834	-0.367453695890574	0.726559023651581
-1.90375015265547	1.45344429873085	1.53526299233599
-0.739254861208939	2.23977396857443	2.00921781266378
-1.77570459964272	1.65089353857296	1.4012309496426
-1.09303807677408	-0.161577756761075	2.43974044288559
-0.310017193880662	0.223399396644452	2.56585124525936
-2.06222995021373	0.407463685378482	2.16040905090177
-0.977992881635078	-0.112951243259285	0.897641948090117
-0.692926958438865	0.599548487521003	2.17833937079019
-1.25776078609588	0.10905089552333	2.03862267573763
-0.870786397694932	0.597578501141006	1.11106868800158
-0.930007191146019	2.02439544414248	1.8444260846105
-1.64579512681291	1.97959422738003	3.24313335906751
-0.282361517237024	-0.831754643583859	2.81177580027812
-1.37315727800885	1.24502518210838	2.51225724379688
-1.06417297274279	0.984095570701106	2.33568104692764
-0.776062357266333	1.087223320117	2.19509084263094
-0.438988939917564	0.988226286381424	1.900718235847
0.20489357490409	1.31360082953205	2.74331020453663
-0.812612398624364	-0.0283141771895845	0.670489199291322
-2.19096780026817	0.730176527712894	-0.500487729396863
-2.54354218954254	0.62376424299739	1.24882931286996
-2.02921006980991	1.59619404374605	0.884426301697928
0.475559046420676	0.618249156682046	1.41553659968447
-1.05728218611819	0.301328910852236	1.48977124709366
-0.894109856943155	0.306445823011731	0.9093498164927
-0.593967904375046	-0.457045238791817	0.717491691581545
-1.43087250292749	1.14691795883227	1.0912741043794
-2.24222856952179	0.673068292267935	1.39191808314155
-0.620694315898416	0.53379185994197	-1.25522885961392
-1.33699608442953	0.842594579302621	-1.99040037903939
-0.420314006922072	-0.165597470018057	0.13249855202854
-1.19527967893224	0.262924017036413	-0.371308980429238
-0.14677039834965	1.37216238397673	0.285934794685921
-1.2034929162176	0.609688389373183	-0.559498220192678
-2.09414413392562	1.48831410990998	1.16008888164027
-0.880495198134999	0.686510591620465	2.35635203131898
-0.646403961704155	-0.172798279359783	1.54898976270061
-0.596024976784398	0.893978000829154	3.08400384506265
-1.35624619962421	0.127754575836057	3.21982390379083
0.0854535026331054	0.64095308509829	0.963874091630112
-1.0680047415564	0.327442142502282	1.87776111047205
-0.131141093801323	0.0205730906599833	3.39802674352484
-0.372915249274015	-0.577392989634676	2.26266942943484
-0.176884603559136	0.136548723483982	2.23049880692181
-0.667916132051825	0.508263122369413	2.16842160826675
-1.92074558360249	-0.448511153461934	0.196066256257022
-1.01783462154308	0.187381420993347	-1.43814445225939
-0.674188491089847	2.16987233005404	-0.174069550402329
-2.43307851694288	0.853335871167833	1.35753536665098
-2.17123567264054	1.01585626121549	0.695812658662663
-1.09680129225942	-0.109713229048617	1.12951611553864
-2.02424095827863	0.32109978202255	0.694011314294359
-1.25317295365684	1.23771448489369	1.39743616755435
-1.16693168149122	0.0426707314026444	1.21438614067952
-1.57420733460234	0.348490319083552	0.420321342735709
-0.608546370723971	1.26756482061196	1.65468890986226
0.0661169818728923	1.78167008472536	1.88414789061028
0.0630447113752974	1.06933000247917	0.661459078312781
0.0539995128260451	1.17343677909517	0.560142027049641
-0.550611089472362	0.530751756384633	0.310064891505864
-0.441182157149796	0.647336786163228	1.66300916275958
-1.6787302919911	0.537823857876953	1.10639163929466
-2.21449625915939	0.0937009579479387	1.72125118478485
-2.66481024582676	0.626241710223917	1.81791079729627
-0.0611831630288079	0.453967527953963	0.968818687623848
0.0581891208816371	2.58153159359039	0.737289556217174
-1.05765123258448	2.05411333346575	0.749306068353268
-1.3584079690621	1.7885675683898	1.82037657196689
-0.677933932032008	1.45101864843399	1.91018834815276
-0.84622482261652	-0.12012550621099	0.62079243890055
-0.980428097891578	-0.197634389877385	1.31763036287774
-0.215466758783183	1.85585314228229	0.363046616035094
-0.931442707726994	0.282503153302841	-0.244919721745917
-1.00727705386623	0.99394616660058	1.68610671197409
-2.08178071264001	1.0759521160802	1.3806918890183
-0.122921984550044	1.61340249675701	0.84444487567548
-0.968252635288024	1.37434137012003	0.00580654126489344
-1.87891418296118	0.33831050727253	1.87354608872168
-2.45895599380863	2.15448707397879	1.1562961525317
0.291043928860716	2.18359679440005	1.33301222663839
-1.6756736189738	1.02132850196102	1.23545976267925
-1.72278982002146	-0.0471524632422717	1.66628196914561
-0.0790508755524235	-0.761830252960027	2.18756783723069
-0.741432084706126	-1.20359550673481	1.6767807919259
-0.320695196568223	-0.178427530416034	1.06642932268707
-0.998375002790017	0.338827835966455	1.78424260766338
-0.271810481752304	1.13458341452563	1.26784223554864
-0.339907307540199	-0.0921245761759132	2.49697708292362
-1.92471888140642	0.681811717131184	1.95251009653117
-1.09531793402257	0.884941037654279	1.46665418475954
-1.12695620821101	1.08203132659671	2.46125091857831
-1.50273681843364	0.82243177478062	2.29892805803191
-0.804094345453593	0.40532697721159	1.03842371062761
-1.67803785166999	0.529301231190696	1.3619352733402
-0.748447765623606	0.362956339388055	0.865084265821329
-2.19661564298849	-0.364328779695895	1.67724113973781
-1.0150748337487	-0.292358875482926	1.60176622946593
1.35635604235247	0.805092088083986	1.77058259914108
-0.318610735837986	0.464389412267512	1.17128501059626
-0.570744225185398	1.82124089106734	1.2750263001921
-2.34557754619338	2.60149938193307	1.96360239257047
-0.962026435090569	1.24866953309347	1.54729252425942
-1.29116604842259	1.41103287270588	1.2092187132918
-0.425395179798568	-0.0965364956087943	0.864682370932036
-1.62120675850094	0.53596044262632	2.12861547825589
-1.77305058605853	0.158036375041418	1.15605111118342
-1.51152530837556	1.58620272174566	0.440051110984941
-0.131684608396515	0.712161270037215	2.91283147299834
-0.762668416308537	0.352815290540243	1.19776887086737
-1.29469837296662	0.554623865862354	1.54055443177326
-1.46563717995346	0.710204815495937	0.309194983750975
-1.9472052495669	-0.0882475186347206	1.28048839490876
-2.41889443411953	0.408532186800905	1.38314561980349
-2.57723173468085	1.18834957639253	1.90447882500089
-0.759691584404947	0.265885876055195	1.39482913679965
-2.43666557990352	-0.552227795570208	0.838442061925077
-1.19013024694721	0.894743831791364	1.09655735420851
-1.3611694352351	1.60743999973639	1.69693153305241
-1.61808036097188	0.616679608446544	1.85788858625895
-1.14938127068648	0.939025092770366	0.806651912640851
-1.65552164060148	0.597619148751026	0.942432572908061
-1.65552164060148	0.597619148751026	0.942432572908061
-1.32593208707431	0.0284417739995835	0.742096015174923
-1.47526918767293	-0.831886233361074	-0.0551678673793519
-2.25709104494075	-0.214179825366838	0.33134496178827
-1.18547862894589	0.499490905033161	2.33065698760943
-1.78882211358628	-0.463131045300234	2.14549408770316
-0.890048261543802	1.02064290060693	2.32834755968209
-1.9061468289003	1.83040900673288	0.819839398882184
-1.41120734130863	0.595183790992878	1.21293904087448
-1.25634174642058	0.995249120390162	1.97501366299255
-0.129196497081897	1.64007124320313	1.57957037663309
-1.37970248843405	1.26485669563094	2.19858428265214
-0.916671465999364	0.628495166709671	1.92916630215767
-1.46245619322009	-0.304645124040642	0.513653274514249
-1.90017774668423	0.261940937183423	1.3360848595887
-1.00280640529292	-0.154540167344703	0.200589799653454
-0.627941603825312	0.919489401802281	0.741241354360472
-0.822301301761775	1.34276179023166	1.6361151043592
-1.80021875763829	-0.0686256787170722	1.67027109601741
-2.84335842965431	2.14062859573456	2.56488557123225
-1.64563075805591	0.478412276960586	2.48386576420525
-1.54678672606197	0.154039068263189	1.64221901465889
-2.20670077445041	1.37729179596273	1.75587872610313
-1.20727085448563	0.326402324716045	1.60055054794692
-0.684908218824268	-0.603581283701251	0.935263162648584
-1.47367628881511	-0.0765729776088722	-0.486006809544193
-1.91940142240196	-0.103621718860358	-0.237142404256116
-1.22863981707735	0.684467095258187	1.24840550038075
-2.13498863703015	-0.101517876210718	2.06760827733146
-2.13621790923272	0.68506023941269	2.23576848135676
-0.712402804488452	0.812121941296869	0.743564683722871
-2.44905035464737	0.0919468972019246	0.136389061750497
-2.44905035464737	0.0919468972019246	0.136389061750497
-0.0992701817670236	-0.181498661320528	0.8497022884275
-0.395068891793199	0.577881488638555	1.11803575607785
-0.395068891793199	0.577881488638555	1.11803575607785
-0.904439967552815	1.05600087351298	1.64330225905914
-0.361335564489113	0.851089223409502	1.29002020696977
0.260492741357057	0.381480267778016	1.66941499410247
-0.123120952157597	0.529633666432416	2.67958662028346
-1.09374288657656	1.27068293855044	2.2917653207207
-0.562527801434142	-0.0115900936067712	0.619572019420967
-1.22846685271944	0.3827995467158	2.01739992704484
-0.846253714497968	0.807715044875754	2.80851024155303
0.0136626920746298	0.308631938367842	2.33400857463642
-0.510310484511099	-0.278546044807366	1.81298419938012
-0.618156093781991	0.684753337670831	2.5429058509052
0.812585948952137	1.41394971265404	2.64978643757342
-0.210784361451745	-0.120209886770144	1.5648622799495
-1.11969070559804	-0.494787046036797	2.86801346107366
-0.125542023672615	-0.00286923276248728	1.13046309435812
-1.00418009009556	-0.899750490673463	1.13425896903865
-0.948056455238202	1.24100318434829	1.79120221392517
0.414717685320571	1.08216532795409	1.75996410916519
0.0422328012967512	1.88534373704435	0.450919039273497
-1.50754143295274	0.331754686092642	0.038781648857648
-0.478231822607799	1.46838980190704	1.7589942360543
-2.12574464009846	0.267363754078212	2.39682493435618
0.599676477597201	1.10067035164976	3.04778594549491
-0.301237051889448	0.913599916551214	3.37626035848842
-0.825707947470218	0.972049349401501	2.40121320933179
-0.684515432281612	-0.141065300973569	1.76062813811588
-0.949086737902526	1.64286255294921	2.6647700571278
-0.37158490537515	0.913084823215984	1.61456582613458
0.542955059492179	0.221945596509904	2.62118680279123
-0.278555512270289	0.733279746293187	1.93440820671193
-0.0828564739038801	2.10499356011584	2.02527783683105
-0.95969725343314	1.13187312640669	1.01637390745014
-0.79806826925743	0.201107149413841	1.55814020057196
-0.629623806520818	0.820498526128267	1.29684258884452
-1.3977160707375	1.26163294624886	2.026614300422
-0.963803487486201	0.690463805354009	-0.136645227323517
-0.202284685613536	0.0682242908150159	0.644313887165881
-1.2997889760804	-0.122318553272001	0.532857805734097
-1.65682005964315	2.42832039394891	2.10953527081934
-0.389826748761514	0.421703263884474	2.29751467272022
-0.328194847528609	0.811300793942326	1.25055758785895
-0.328194847528609	0.811300793942326	1.25055758785895
-2.08609709495086	0.79354418984456	0.56427975719617
-0.520671677766429	1.67827368233564	2.58730727914696
-0.37245433145557	1.07191533169858	1.78660455137027
-1.37649592903044	2.00064537857506	2.84602678610332
-1.69586503946141	0.883696494514184	2.11905109966929
-0.591436145153602	-0.0926034141507571	1.32451719011385
-0.646187888506702	-0.29049090269577	1.62262972843332
-0.782648271016292	-0.536104094291213	0.634717373275054
-0.706614133316899	0.348767968784829	0.914345890117582
-0.471227715866943	1.27701366820304	1.66056056337778
-0.596097759210748	0.616104080411429	1.03499497818045
-0.0538940921226571	0.219963499569639	1.68585882576852
-0.639008465873825	0.147208591338625	1.65232739474671
-1.56055393243927	0.90443560075926	1.38404517511689
-0.786913587032957	0.695965496525136	3.10481772318428
-1.05615518182188	0.596723890509962	2.22867510562753
-0.868800047448579	0.101984883433799	0.859512867759209
-0.171095984887051	0.805364651376042	2.90175344842363
0.369010463359033	2.00058771307601	3.57780543897726
-0.104507062956145	2.44687300532008	1.45621031765257
-0.909430344257825	1.49313462150595	1.6598942715429
0.0940763539801592	-0.0438190627082358	1.40048398173993
-0.459443218022882	-0.136704881555853	1.74128222671027
-0.13004992236211	-0.0803527089063637	1.89378705626148
-0.773326597625184	-0.335043763460593	2.01000641343041
-0.0431614911095455	0.709303247856178	1.41057340276966
-1.03611218007926	1.5348627775208	2.5396796742412
-0.781163527297363	1.48660874526009	2.06491375329013
-0.364211066067294	1.27130485839531	1.73531310155657
-0.827810048068763	1.10790589753787	1.854821775568
-0.289402340899155	0.91333289024701	1.45806639774986
-0.289402340899155	0.91333289024701	1.45806639774986
-0.910188507354091	-0.744682924491386	0.765535096235344
-0.175620635236393	1.33462424636569	0.626522986697222
-0.258396386893418	0.805840463962406	1.49169825778235
-0.394803464158711	1.07675652965605	1.41919997842976
-0.474345329879848	2.01976849473307	1.52908289847637
-1.4569541110369	0.899887289128822	2.55671639467164
-0.945125247199737	1.45192290998252	1.62923111070073
-0.612954084888772	0.824296590643854	1.80625287737566
-1.62896384966371	-0.0671136596891228	0.0391546322191891
-1.21832769325779	2.02052925330341	2.12407952984299
-1.37589599323353	2.55677572363576	2.78600392284558
-2.90353788679024	1.98915539488324	2.14333219882093
-0.737215084015676	1.95249503588595	3.66135397413116
-0.847003687789639	2.38553286073631	2.92162487905505
-0.407286388659146	1.4348704273552	1.2611057393741
-0.608548931117143	-0.264438138697196	2.06034995820129
-2.16605066925909	-1.04708881412926	0.723943227284279
-2.02177934812922	0.876678004328761	0.456450859068389
-0.347568322312759	1.1245684738067	0.254304608980768
-2.29499304942565	0.914535673272431	-0.395003630699593
-1.98026674767087	0.265604284663595	0.779538900841279
-0.639905887091342	0.440901334078784	1.3958895043847
-2.45175474286648	0.568581077570783	0.159826211598163
-1.80518882174966	1.22723760640315	1.72585128152895
-2.7538886117809	1.17630411972075	2.47914937178667
-2.69398023389652	1.17566679692323	2.7283677503291
-1.64706330239581	-0.0719592576955944	1.19444479589518
-2.19631071061628	0.958928178102257	1.00337021439959
-0.478267839972367	0.529753719238745	0.490797900278171
-2.0758023203752	-0.16261081115638	-0.172263175717435
-2.53486458396109	0.666479491472883	1.18670424257322
-1.77145930677902	-0.401977906341987	0.438738077884399
-2.09887775820891	0.537935973226172	2.31590643732581
-1.95170448741562	0.0133272861262109	2.39968391370385
-0.778102570644928	1.20144357911232	1.86637284413207
-2.4902793428634	0.788917437930833	1.46835340715647
-1.20837062625839	0.648345599182929	2.09081652377042
-1.73587132401132	1.66310244423721	2.60535929880665
-0.301137739082554	-0.0503314130800726	2.17244936512018
-1.35853543654936	0.545601003846497	2.11076367328459
-1.84623443302115	-1.12511956724769	0.562883115428894
-0.944666909030294	0.333056359158287	2.29403087053572
-0.51112572479765	1.15200270267489	2.5643483907373
-1.51171903530963	0.124843482782235	1.17040588257097
-1.20830223264321	0.838096445093749	1.59383801409277
-0.704142048288152	1.29641954851204	1.92547745012123
-1.59441530763648	0.462498314635362	2.84773043940371
-0.454011820771013	1.488685531656	2.64258393571575
-0.0643672984126041	1.90236532508989	2.4207094133939
-1.23770741598838	1.72285055612082	2.49595981687026
-0.923986466658271	0.536268718765241	2.68895919070655
-1.16510779924245	-0.28863295904516	3.26718235101455
-2.30936734848054	0.400835528732309	2.05366821283128
-0.351326780953564	0.346581883185827	2.24131767244666
-1.32060253529457	0.0392911273496394	2.08128928919831
-1.02203522098356	0.943046817031942	0.969790475804253
-1.02203522098356	0.943046817031942	0.969790475804253
-0.788532149317917	1.73384185844051	1.79822623461311
-1.06762288844183	0.251185190874593	3.000693458766
-1.3386809020749	1.41347817622498	2.8853520672536
-0.945207407013975	0.874024045233234	2.31800719962625
0.447777108789859	1.1743276876845	2.29019245985249
-0.88368795517644	2.19729475375282	1.60937727126342
-0.0862796463826861	0.376228221815348	3.44381079496812
-1.62943072029359	1.68353752910706	2.60880913735352
-0.649954181949682	0.404974558858667	2.86877522903009
0.570085554141564	1.01176701195572	2.42279152863982
-0.32661328689002	1.70999590967431	1.87901919200778
-1.92391020858692	1.423141337981	1.54824972898465
-1.96171973342001	1.65630553860993	1.47941896110364
-1.38788807355925	1.57642542969833	0.304897601525368
-2.38853720555736	0.716794092547762	2.18013095639597
-1.53144375307031	0.0192083205659976	1.58539238058021
-1.35463770001455	-0.871411512060389	2.84803776597492
-1.13895932412767	-2.01026072293503	2.61182767537311
-0.4558219834757	0.725443338667367	2.5156858523133
-1.59992691311202	0.3136057790884	2.39151081685311
-2.02467097664405	1.28272291434977	3.38019090181373
0.13859231753281	-0.263488625912118	0.791338991644252
-0.716875827296462	-0.0866801762081594	0.0216781655386156
-0.869948139817396	0.854848395251104	2.01334476038794
-1.56199557668657	-0.246724915561739	-0.721357780422375
-0.523953171042743	0.754969050452526	0.141274370771611
-1.83130976670593	1.63227418093518	1.48792294285568
-1.83130976670593	1.63227418093518	1.48792294285568
-2.4143141124307	0.269760712648943	0.452948968608405
-1.26399698717946	0.729563482869303	0.599750606017956
-2.27446556099509	-0.0694338543339189	1.23321154608783
-1.58474285194438	0.52056131109675	-1.17628384415102
-0.510620428720118	0.830477416525621	0.521974607235477
-1.38185943278855	-1.29707652296382	0.726843476092476
-0.251212284540822	-0.0687873572994757	1.41060046388263
-1.22424273800295	-0.135751443217609	2.92648629073206
-0.902595488746929	-1.01435830431548	3.23823273686519
-0.0133343298324566	0.65815129254686	1.81104489116692
-1.09619298149748	0.624325798755891	2.23683223092754
-0.214781156998167	-0.00301473528695007	1.54657971907862
-1.87028463578032	-0.0819554756011344	2.12404662872877
-1.26421407657736	0.361574529148155	-0.149951944017313
-1.16989115564684	0.426867801814499	-0.198535024382403
-1.28745324567003	0.990550009885924	-0.305216393647879
-1.50967039717207	0.419606082500683	-0.216116676197171
-2.21668309580836	0.958139313807726	-0.306366966078834
-1.57071656707521	0.860399592797227	-0.990750272888929
-2.43909588117769	0.659574962459424	-2.19187549132754
-1.05267075561438	-0.302527944643711	-0.753877763241501
-1.92710114474252	-0.44771645180749	-1.46497141561728
-2.06845893776213	-0.714043878442453	-0.582590676243222
-1.22308979303201	-0.606661798524864	-1.1267360673602
-1.98016263868326	0.155795104115654	-1.84395908754268
-1.00577228411946	0.593280736238308	-1.44642244315624
-0.613571409400022	0.0307819972755676	-0.0935208049177701
-1.08857944068712	0.28556455418617	2.56604760061683
-2.42822431107469	-0.460109043951958	0.397695491935772
-1.45574187353386	-0.390270885585246	0.31656407644736
-1.45574187353386	-0.390270885585246	0.31656407644736
-1.86027832930009	0.147521835015882	0.883765462036922
-0.931041946366567	-0.156122174479838	0.838034990582482
-1.1511451457543	0.216621315489811	2.25034070588329
-2.23878284155409	1.21125067473102	1.41090198066494
-1.59395164013703	-0.208260297745429	2.98009889120915
-2.14874755130791	-0.486190883116362	2.57761539348945
-1.23711639839368	0.70764119456354	1.18042066974443
-1.17250527925083	0.351251270541281	1.73894163432098
-2.69335898652986	0.0287454425358244	0.762242388267199
-2.04817300518191	0.796032071903058	1.46524273010539
-1.90299703429463	0.763980408697765	-0.713369483320275
-1.4676935997005	0.0659306105622153	1.14140021087989
-0.227528648211106	0.791272567322755	0.967971147061345
-1.59590623638506	0.2578284929625	0.720852974307745
0.24443044301703	-0.00406575128437292	1.18672244680484
-0.830670989395756	-0.828077428795884	1.46115932941637
-0.638157710877434	-0.115770631321969	1.78447835339901
-0.628571240527617	-0.640164411643283	1.36341234372852
-0.520481798907106	0.0524053650808614	1.2715795271788
-2.02011231057468	-0.731743789145717	1.54877046526049
-2.71303976072212	0.951684355793287	1.01701746885744
-2.89302713026617	0.00789313797973179	1.09806937426242
-1.83393693401622	0.229496281036347	0.666138676980692
-2.61720553050876	0.190037047838869	0.655440022284399
-2.30462049260698	-0.321427681132217	1.5760642681075
-1.055040176664	-0.520873488369963	1.67087883359276
-2.07055382844035	-0.257117435401964	1.4160096042792
-0.179627420126405	0.122816603755149	1.54263550503764
0.428405824112344	-0.307095132085622	1.81835584784867
-1.20213628571648	1.20046773301738	1.30138232575817
-1.20213628571648	1.20046773301738	1.30138232575817
-0.0941655546855984	1.39447177901104	1.69428660707951
-2.42192999047408	-0.931046830973758	0.697167009276313
-2.03880863357372	0.939301760475371	2.10628843031002
-2.11548745175603	1.376680772976	-0.156473727343376
-1.61577572986086	-0.359014286616533	0.527814959160364
0.132113531055231	-0.960971361619532	0.948567653907994
-0.103322186438872	0.420340179576399	1.9518858603032
-1.81768900396369	-0.283773719372046	1.8805436289677
-0.892850185849782	-0.451355458179701	1.34019791522002
-0.872686788583513	0.855788672441207	2.01825626954848
-1.22250487553082	1.19785190198759	2.15254615686605
0.0604456350903002	1.50404603922934	1.12472061136052
-0.846595907480079	2.16982001712432	3.0242084821744
-1.61151448241152	1.9947388156005	2.22783258047444
-0.994950074211826	1.56305910223727	2.3857723076804
-0.923768685984943	0.64020910438617	1.79062821184321
-0.816261151266536	1.43818258438887	1.28117850055048
0.00758961164633659	0.799062621104456	0.916944596032202
-2.00536254778216	0.178511098496057	1.91029353694743
-1.17639905977186	1.66333345632664	2.36711007219463
-0.954042016567238	-1.49653605898642	1.31407925323256
-0.709513631128278	-0.670784270203772	2.36387670737326
-0.382526551514053	0.599020289859737	2.32138726248254
-1.13324610116577	0.249433372995466	1.72588930825343
-1.09060659925604	0.130052502162746	0.842613409729808
-0.320770973957846	1.1290983447355	1.92208460757142
0.429883027274625	1.14701806705305	1.67013580758468
0.563094437527701	1.61707401317741	1.51384958829336
0.209558744692401	0.44730343292413	1.66763303215228
-2.56717224259963	0.506422880649626	1.8187871131702
-1.84427611925443	1.32856982277465	3.17622365796563
-0.573371683282563	-0.0739993333601463	2.33861863706808
-0.683797414190421	2.584605806643	1.86497075468722
0.308582985959308	1.90254215500604	2.61685904063106
0.828300967855418	-0.864842445980817	3.41614258057273
-1.60357036382741	0.149336687862605	1.66317431991102
-1.04806469313107	1.82630879316346	3.18597048335256
-1.71095580359881	1.6903985203991	2.39575911103908
0.0131685620176846	2.18074650657736	2.73297666656395
-0.295219313227049	0.3245562248553	2.16285927473853
-0.820425517474238	1.29579033799787	2.07198596925163
0.104854926676263	1.61293504832759	3.15872095242401
-2.93462208074882	2.34109813931202	2.26207154040975
-2.2108723868164	1.50150723960674	2.29323419561194
-0.49810913226667	0.95123537513758	1.99020261439008
-0.182913767090123	1.03569071011455	2.36215756999993
-0.905106481757981	1.31130095666121	2.66889997893852
-1.79466901230873	1.46458324040066	1.92160330199419
-0.938983705228824	1.74964359614015	1.65399635208594
0.69046158874621	1.63872520781528	1.72526240182418
0.69046158874621	1.63872520781528	1.72526240182418
-0.689875663359667	2.6595760000808	2.18839146893399
-0.667557002454779	1.05115785237986	1.85940375091058
-2.04585091440487	1.21749204432379	3.12488022596775
-0.536476388225619	1.10462475156785	2.3830989906184
0.431507377860773	1.98721704495106	2.42060952029191
-1.12394947659695	2.49554418936187	2.09808974714344
0.164281740459604	1.87597856570554	1.3742142875229
-2.70817242481996	0.868292050325582	1.62910822551433
-1.40574039754654	2.04641410936597	3.10004883549327
-0.185281152323601	2.32383874560551	2.68890691975966
-0.162975696413578	1.68635718671246	3.06550392105042
-0.409223526849007	2.11854418031934	1.84550135360985
-0.471875519561699	2.38686460062619	2.68231415232264
-0.556574480234192	3.15066975601068	3.13166675826093
-0.948054513976033	0.426070525118353	2.42068511360417
0.0264605297437697	1.66757260593095	1.84144770379285
0.0422813267862406	1.14131201854701	3.02336357558981
0.981106087842113	2.23137680634286	2.63295344462842
0.463231954563992	1.91283479759427	2.83366697901622
0.604523182463728	1.68559323978924	2.56572385517308
0.0828926915244023	0.734341369753059	2.67986237179241
-0.805703643441321	0.76386808101853	1.22880161830072
-0.704401941969844	1.68097299824361	2.20670682244077
0.434315271876192	2.04484844552548	2.94733968086131
-0.297160140668674	1.77364502767434	2.80558521268403
0.281730097682867	2.56185340192079	2.71316455884602
-0.0782464485078291	1.79814805987467	2.43177260415463
0.148634561847337	2.43276791669055	2.40316683904732
0.0354443852670388	2.181585305896	2.2512027050879
0.172322496637976	2.300054569529	2.55047033388469
1.10736438029072	2.53666969377126	2.44903448396782
0.0456762945400291	2.94598274060001	2.16170586646271
-0.238690515269681	2.48690659068226	2.34254350133684
-0.428655611270048	0.782216196557313	2.25932262625503
-0.175665580454699	2.68887545467931	2.67688393361755
-0.217863596985045	0.434448085886199	2.06927179840418
0.11553552589742	1.82526611805013	2.89166326620265
1.27377787220537	1.71403435040227	2.86309413009164
1.27377787220537	1.71403435040227	2.86309413009164
-0.0399229801475831	0.807124796127784	2.00539435801187
-0.527619251193891	2.35156531299038	2.6517823688091
-0.0276184827358239	1.89748214555826	2.87697642283557
-0.674341556085128	3.96558014323317	3.2695809306561
0.269044848114992	2.45623094355172	2.80679331973959
0.463481532673568	0.0403583526647604	1.95215508177473
-0.471021645814649	0.349462631906002	2.67885617861589
-1.3678244419661	1.13045321988295	0.830434337428056
-0.0620723099882894	0.916637050699044	1.4512126987518
0.957788255629753	2.66571590827844	1.62170833308823
-0.448952887169542	2.30251686286392	1.2777732459048
0.0698891825360158	1.49490911402034	0.618099718329263
0.0912564626170158	1.75949227777324	1.38895947866395
-0.267078804635619	1.77594183892285	1.01538665020067
-0.569643911827643	1.11860542621286	1.19583199639915
0.065170663299609	1.53038264319007	0.9789667156681
-0.248642358366008	0.4652900823107	1.31952835561357
-1.27657194088113	1.40885261700097	2.62635471633964
-0.335330418779952	2.33292146756108	3.48271574541365
-0.575401150442622	1.84926321902357	3.87405818091564
-0.264798110718519	1.70633948457533	2.99591571372373
-1.11417768280639	3.26696329500538	2.48667926831122
-0.422885668694266	2.61634134896472	3.15672838053805
-0.527357790967351	1.74809650845373	3.64700583096092
-0.634651033722679	1.51771599983667	1.90548713249525
-1.59011991229316	1.18300882078366	0.245317738954785
0.808704756559041	2.92826577334771	2.46450094841291
-0.820634894946468	3.1971357252503	2.53014343483703
-1.6008556458307	1.50649896263759	2.07060665960696
-0.822214871117385	1.59802843146365	1.24528835702578
-0.121651492728795	1.7652296997159	1.36703134602744
-0.179762477324715	1.62382289138822	1.20042506011776
-1.11838404931541	1.23048260396388	2.07001620720323
-0.312340702089756	2.07898933494401	2.69331875214191
-0.308511180920031	2.32059367923181	3.35447092732495
0.284449490859903	1.65862602386757	2.7636781339766
-0.868455432256012	-0.0520565557421764	1.50769553491464
-0.105389291935145	1.41639851471434	2.12407870206823
0.161063712004328	1.98543587374512	2.69467842595794
0.400171368088404	1.41780623627949	2.33885894501105
0.136851602603814	0.0274856828244464	1.37866753061709
-0.980297491650252	0.996617964341234	0.964024568279391
0.175674359609477	1.04629142209226	0.584403843402617
-0.521232649627877	1.43178025575834	1.04216162050392
0.229228437117986	0.0439050682873124	2.61960603918304
-0.597779467476252	0.176379488464214	1.25882606193795
-0.597779467476252	0.176379488464214	1.25882606193795
-0.823706395460223	-0.111740746475345	1.89538559790975
-0.259143239844829	-1.02541937283888	3.25754045785065
-1.23489148105575	0.108940824604744	4.14018510320367
-0.475312430675749	0.763105159882792	3.4564418029
-0.964755004954694	0.438467438981605	3.82658015424804
-0.266207263378766	1.24028175854752	2.14958790217522
0.0544016352348046	-0.263728736476351	1.96626338310244
-0.475151008506627	-1.71670755713617	2.3775323932394
0.0314313578914272	0.197189305199986	0.983575929286817
-0.0541649532044481	0.550994568593463	0.0381502230135853
-0.227747460718181	2.33629124461569	1.38573260553887
0.0606401310230756	1.41974311707857	1.09562585064164
-0.693333812317837	0.0983901823635342	1.7028730710138
0.45270383723633	0.930553777432012	3.52999849173123
-0.487260139055567	0.372786250046599	2.99856345061081
-0.184360168113455	-0.180094576765903	2.87644346121813
-0.850560014011325	1.49815173144463	1.8957497194462
-0.839716729603617	-0.17875470691279	0.622567983384175
-1.29127690621995	0.609265093414708	2.32567979991082
-1.400444868459	0.0441589930945778	0.301219958818909
-1.36016997847451	-0.248358724883283	1.75435798955839
-1.27514086512137	-0.139273997962185	1.38633466197262
-1.80443105729909	1.97067825124284	2.02478904430588
-0.302508638424609	0.547559357350899	2.39834816635242
-0.468987444149594	0.619814806764859	4.07003799512361
-0.286025330563557	0.660901392025126	3.24990252189247
0.481083810016341	1.56975730165148	0.618073671598296
-1.30274953350543	1.69443863584417	2.42607388598502
0.215881251757971	-2.22780319515035	3.17488039159231
-0.586557826341558	-2.65140958445513	1.2439104106837
-0.65374979062629	-1.41648146391476	2.77947326489532
-0.777709368600196	-1.72742403317492	2.3927265864421
-1.09335117334593	-0.919215790460246	0.856346354010178
-1.28188350451128	-1.68838779411105	-0.121191148578898
-0.183602028048036	-0.395674847203432	3.21632818757463
-0.104190220749918	0.920984278776182	3.04931330323218
-0.863038017444075	-2.38354057918692	3.30593267577989
-1.7227734718604	-0.961073135772457	2.29543417471723
-1.35385261767582	-0.372179731967656	1.59726245947118
-1.14939330787903	1.16486176552272	1.03419362199432
-2.01721816539825	1.65614192154753	2.09530509098673
-1.52973972434791	0.70574415584593	1.19563363516645
-0.431232667498666	2.32006932470131	2.03558732688666
-1.30099096220831	1.50609083671577	1.14817500231103
-1.25132636984208	2.38348337531502	1.33410272527633
-1.10906282319394	1.91745478446453	1.55849157508225
0.173946938276469	1.70421281810805	0.65127859927679
-1.38163834678599	1.72984924786337	2.53418526545641
-1.50488696671727	1.41553438727143	2.42940627330026
-1.97379686184519	1.41892452473856	1.01604842937476
-0.698123320183997	2.50069948077491	0.889074888634552
-0.842256057236265	0.478652168518049	0.908068848520159
-0.828233836037875	0.913166288582825	2.04753047292038
0.311401054464806	1.26515307500572	1.11585659206738
-0.311757736402186	1.91026351129457	1.82986137845818
-1.54807267610698	0.717563341355379	1.68834306194068
-2.18761297106962	0.25033040133229	1.89944887715787
-1.55503717724367	2.03108780879296	2.07181665364641
-1.90254923803004	0.0956312367281442	2.44781605061758
-1.61002183923496	0.770413226510263	1.39903452528219
-0.652799761883195	0.826010335305618	0.932989311099435
-0.729058484665868	0.610595728169289	1.37526572443563
-0.608723414032913	-0.0607502967397164	0.254540367600634
-0.411231547781829	-1.76685644347628	1.46031319094858
-1.25898684590234	-1.167332911364	2.04463722269247
-0.973221286674067	-1.41919609404186	2.14778860353272
-1.06098193832153	-0.330855864805832	1.07776625577698
-1.62643766904812	-0.20733937892688	2.04112496127783
-1.7761857818589	1.10631014226374	1.09892517178277
-0.614200285188006	0.289698391657255	2.11946472256206
-0.273054431916188	-0.151532772312225	2.72643712144324
-0.166807315418613	0.17544970462747	2.40030738135029
-1.48324390223992	-0.904940522261297	2.10590373104347
0.116347954584656	1.22672321965823	1.41056008728731
0.000607148971211502	0.325215230458535	1.3560334723768
-1.42130206646277	1.41015573852302	1.28425151342413
-0.0681051083256254	0.494178953170229	1.31937141506999
-0.843445333547603	1.23339278533813	0.407879919089555
-0.872037853011169	0.725573261728079	1.14360604525603
-0.872037853011169	0.725573261728079	1.14360604525603
-1.10464227767492	1.23521919839775	0.816369648279883
-3.05373018728346	0.775182241586654	1.42505523211265
-1.98172678724095	0.694217370053491	1.1214712185154
-1.98115326309684	1.21230202841391	0.809186593478255
-1.00371046587905	-0.557194961439225	1.60264551144262
-1.40343031765789	0.349617952402734	0.443696133495999
-0.951987150735126	0.852246239064314	1.59498437752746
-0.429191288637583	-0.274876988750827	2.26969523903508
-1.20484119836108	-0.455089094778125	1.29884040789067
-2.06681525015795	0.316344150877187	0.533590767495725
-1.9733685752558	1.21810615507403	1.30272301851016
-0.582403338923938	0.229759648306402	1.68064001236695
-2.64318922952321	-0.100089925133315	2.37156457416165
-1.17009859289905	0.0357342934292206	1.91877010969294
-2.54035066643938	-0.710233924541526	1.44693054563491
-2.8077473130693	2.24502260482781	1.72750313961048
-3.22420930237121	2.2350880593012	2.17513939601603
-1.79776513054447	2.21185165855204	0.51732316833332
-3.26609147594155	1.60652560649845	1.2899456679486
-1.45955979444709	-0.789551681073475	2.24995694321089
-1.90629890246294	0.260462661523077	2.58594635742895
-2.06379277394964	-1.06546063236599	1.21868438167084
-0.755063447273528	0.989828642831304	2.19977344960653
-0.507926853697451	0.218645852288066	2.6294235210261
-2.07228597859068	1.02747719947353	1.72992359456348
-2.58995839750112	0.656909374008309	2.62109088763874
-0.118803562172281	-0.674027033767263	3.51834023653269
-1.02555068337567	-1.19113358671866	0.813313595119757
-0.725230106584494	-1.01672856151671	1.37076834168392
-1.35334574872589	-1.30929326925966	0.400956283577596
-1.0313415825216	-1.5275137038375	1.3896451868414
-2.5773817730996	-1.35313395921313	1.36258420276981
-2.94373738793136	-1.37665029245887	0.340240079442376
-1.77736763566923	-1.69516536681854	0.76308648778899
-1.14242753266345	-0.0246847699496441	-0.0752108991881847
-1.29620454365765	0.263392542596012	-0.734315979130284
-1.52971282540847	-0.0276984124731038	-0.184937155072979
-2.74071318564859	3.02045388604401	3.00646589390267
-0.459607993148967	0.551435137865149	1.06619465134661
-1.352057137946	0.1047347922853	1.25967997198667
-0.24404761672972	0.221486398806816	1.27592808790743
0.481235266839405	-1.79591253506702	2.06191011132983
-0.934030803113604	1.28398894929241	1.71740913323047
-3.24553538235731	2.13376868892762	2.16037991404945
-0.389078121077156	2.93361882720391	3.10945291417796
-1.13797843121137	0.142554483238623	1.41339987900084
-0.907244130342552	1.00630279930251	1.58784209998911
-0.283985092284838	0.0357364266744851	1.13322259329883
-0.0915559471853041	3.52570921790725	2.20941144923106
-0.898127204032156	2.56290081051323	1.47573905704688
-1.59452435949785	2.04696290809783	1.12271514338538
-0.896310240254387	0.963212426111911	1.34080445170982
-0.850171778059571	1.47819429361144	1.31981007916967
-1.76134386318679	1.55990499407591	0.510445593335165
-1.06305124801908	1.43722415752622	0.128247167434375
-1.05031999982544	1.53111231466989	0.583705364339632
-0.697974655485738	1.63274582927615	1.83960613275881
-1.14436436073355	0.959962214499945	1.62538515128024
-0.924982000334583	0.841554102051501	1.00708512490392
-0.724070449273207	0.804405981109304	0.784980690090519
-0.704410088313803	-0.502837725302435	2.22190686648774
-0.632308281044323	-0.263106889608929	1.20463292229822
-1.60084769306733	-0.867278899743965	2.01904207648389
-0.638265704366071	-0.608701711679317	1.13461202483953
0.357897406694296	1.57484499000449	1.76798074447395
0.177887823086734	2.02863337824293	1.97767909230288
-1.1041722311008	0.662650891775214	3.35451956760669
0.0693009763616361	1.37250452054538	3.36157358227529
0.279710451944799	0.617236567901006	1.87245202976114
0.450701070367633	0.500165357424549	2.10416548763633
-0.512623736304957	1.59165637944254	2.43975539347032
-1.0323054453151	1.91844705364275	2.67543276318396
0.178002706421751	0.978565990456929	1.73561736957613
-0.88320105340987	2.91364614718469	1.77138982422989
-0.828704664432898	3.83758004541449	0.65797438354353
-0.72428356511654	2.59685611873168	1.08046431311684
-1.59790120698499	1.88386894068807	1.40145330570992
0.0351546890322871	3.12381718487242	3.22808490867188
-0.0454072265358547	2.6350117108737	2.59267376121936
-1.84389499707761	2.34020742916221	2.24155238221281
0.784627949414549	2.93990301646623	3.44300278003388
-0.0848858637073867	2.23531418430504	1.96301473396494
0.248156077730074	1.84193680267729	2.72282263754069
0.436679526873345	0.975394026492905	2.39435041546238
-0.533941000291697	2.96094174125558	0.639399638769655
-0.129760809971548	3.24665423353354	1.69651343189715
0.200249847302861	2.61097390331553	3.06464861080136
0.738984469789834	2.69533146918174	2.60159161099177
-1.21818678884673	1.06358476369982	2.66823186295896
0.290798406937187	1.05268612787971	2.30577182257751
-0.318256604732997	2.85189672692525	2.31410949647873
-0.0799834426083127	2.1836304023937	1.82610612665952
0.143148349110801	1.79329630981581	1.12138498021527
-1.08913826735468	1.08525427878654	2.45567433628383
-1.45907607941994	-1.09174596344769	3.6274877928149
0.317142670586468	-0.294335522488843	2.36619151320256
-0.959866878595598	1.39168791947845	2.44804473708383
-0.168666731381536	1.34336798276744	2.42528971980663
0.0774992342009571	1.42025353329392	2.1628072641604
-0.621025703790532	1.56024303173042	1.50473269635032
0.0783864620255562	2.06413330703175	0.563685187142542
-1.13195561626911	0.684659710936419	0.401879909444762
-0.649467519481394	1.98374451061292	1.7184561831803
-0.799395566410035	1.61183164794598	2.19129895470736
1.22739907025952	-0.272776726890488	3.53073268776111
-0.80067794601199	-0.212195542108702	2.58214759589687
-0.773165748451953	-0.110784952913101	1.13711974635916
-0.88045394881853	0.667021641792764	1.28369672886671
-1.82501891254463	-0.462174139545719	1.58588787051498
-2.48209386557547	0.636993691799145	1.83701201840338
-1.40105136747527	2.17259201915944	2.76891373620338
-1.09413379353194	2.10615384484673	3.74054901018848
-1.84836450325105	1.86293271049691	2.75543661052408
0.0165031921033602	1.14180237707642	1.99168111548985
0.26597376863384	2.3945328773498	2.2660539896795
-0.962492248490097	3.26000087893005	2.37185764378105
-1.77995076143531	0.503618349103079	1.63979770625941
-0.93655370919772	0.242440539973089	1.97011431155974
-0.0543080824068656	0.49015516256527	0.750430400430479
-0.896676236503505	1.36529950484908	1.04423115170041
-1.39332538051109	1.50942616917404	1.38625351406707
0.474153840768401	0.510126656370495	1.80890555305654
-0.180905353994623	-0.59169823693317	1.38106017207431
-2.32150538494581	0.875828274845741	3.35997446424568
-1.70312672278823	0.79867768796054	2.08998860385473
-0.447614029137916	0.0673163279346938	3.3742133640523
-1.08582408268784	-0.21710458990865	1.92322033093358
-1.5493367983434	0.328235639127321	1.16190983416311
-0.434947162870466	-0.0565590390469555	1.46487740922195
0.105350099989808	1.24475649630739	0.874394476761323
0.486876986584949	0.543988085184183	1.47838284974068
-0.937930261178001	0.896471985908112	1.20601605401598
-1.13881819237507	0.276989194837801	1.2730145972989
-0.560883100432643	1.3854954156766	2.86335591784534
-1.49960262965575	2.49614098899518	1.73285342161101
-0.437029998039156	2.87289990712724	2.69809062122604
-0.0382699374204032	1.78284495937534	1.93523524371132
-0.738515681101477	2.20810813551552	1.85726863410161
-0.620813812254713	2.02774606552102	1.78141916876634
-0.181799219433017	0.895295359692482	1.86368435886145
-0.520900686096206	0.886025354380368	-0.269561824800542
-0.780736112098381	2.10135269762342	1.48039044984614
-0.386111060751396	1.15035126009082	1.95433482835672
-0.386111060751396	1.15035126009082	1.95433482835672
-1.2615138823369	0.854962537323225	1.98343885516827
-1.58690488089756	-0.459844316500015	1.23305423776277
0.512917497938408	0.900576715832372	2.0916747934058
-0.605907842642957	0.29456269525004	1.81641334235689
0.130278712063083	0.39490340207831	1.25536134501822
0.435697908574729	-0.0898185275088304	2.29066315125301
-0.13798703509829	1.7754808115351	1.84182849863149
-1.12417812508655	0.997625816585407	1.09908671605544
-0.466813051495133	1.29496242578402	1.75454799777474
-1.19373960345545	1.33948027828932	2.05214259336882
0.568594577873477	0.839893712609476	2.27842077631856
-0.76944917475982	1.44162776875352	3.76349144912569
-0.948540843218139	0.260583679122696	1.79162212835652
-0.0986435580189757	2.00588961973733	1.88240766279795
0.211111717709879	2.89057434082778	1.79377850430763
-1.22137739819353	1.608176679686	0.70989316940997
-0.465478656007247	1.78744454549997	0.789345517402446
0.663214449531364	1.69584968311606	1.54285448719243
-0.407663233365243	2.53417366161823	1.59195803425278
0.270232441957599	1.34725278031166	0.946873748672496
-0.236075217002119	0.242535188275042	0.991992015927382
0.207226412267449	0.823628268234083	1.23692125133726
-0.197541382763725	0.63548509330927	0.728554463427926
-1.22943562997905	2.7483270605457	1.65015990856553
-0.191114678611226	1.63565144768803	2.78223748665024
-0.61329393522735	2.68303972906641	3.51123876066594
-0.657902422114106	1.52795390679703	2.00092033304193
0.141591444878389	1.86805837129387	2.80449875941024
1.07094708592158	1.92349610137291	3.08241022958893
0.979967629673377	2.50392654073966	1.83154218103404
0.568254122851811	1.47531417297053	2.28656302551248
-0.557044485549237	3.39863236901681	3.04790818507202
-0.220960005926139	2.53298835739725	2.67536903174182
-1.24113885009552	2.85341956166411	2.87649472339182
-0.95482680681846	2.66345058049022	2.35264003662447
-0.32707587100464	1.69850432996513	3.10652646516217
1.18539011838616	2.64651336810221	2.60100308002934
2.63158929155019	1.95066535625231	2.64718734820312
-0.318713760393156	0.71723804839541	1.42723669399031
-0.557413168400896	2.03292614088172	2.11706051068121
0.114654509772687	1.71686900439215	2.78899472872176
0.505769114642146	1.65440411163851	2.85607691739835
-1.36889184487928	1.52812125575081	2.46154637607896
-2.34574627487733	1.26865108993484	1.46927789125414
-2.05123034992624	1.72996192940644	2.15753579376032
-0.713575600503075	1.77086053643073	1.91944641251887
-0.211467970649347	1.31672228155316	1.39171686295757
-1.33435098468128	1.46896945655775	1.89280017014959
-1.40936786891101	1.18599257794379	2.47164904951873
-0.480053115540392	1.57587113766708	1.65098700341054
-0.0785670224974515	1.19481282143882	1.82112014656153
-1.01654222976432	1.6732571026496	2.3924168262897
0.115633717142457	1.6403252645671	2.424943280513
1.01356572001189	2.08032092635449	2.3050819441337
-0.443407622087412	1.04969101779524	1.6356531863918
0.232470419586793	1.24929701329517	2.32795692598181
0.232470419586793	1.24929701329517	2.32795692598181
0.0811136689192535	0.312266481690155	1.52338723852999
-0.814743532770529	0.892463104016435	1.77750450891537
-0.729918088094238	1.23312892806302	1.65114189625919
-1.35888036885183	1.85610781915655	2.43264305686141
-1.35888036885183	1.85610781915655	2.43264305686141
0.948674227824979	2.00870264955347	2.2561943851433
0.864599326192968	2.43496072953113	2.23745050561249
0.0946983279416103	1.35492707842996	1.28042853809331
-0.0770260569506048	0.760772948811559	1.70440882759324
0.297947782568796	1.30998968574442	2.10451611242028
0.742791737251771	-0.208679757465653	2.36423495054624
-0.380267814690091	0.35909936070698	1.59399222843708
-0.810196358614655	-0.123328916245227	1.26357063899687
-0.519575222940306	0.622175011630646	0.856142175228891
-2.7697003838066	0.469338252297983	1.92787402916172
-3.13684401206749	0.190551650176166	2.57956929692302
-2.70362729870523	2.20417859881467	2.8528948165339
-0.823503468594186	0.815242991002823	3.09025567928789
-0.955221130425711	1.48778868936772	3.28387500027359
-1.10271087753773	2.2022441347631	3.2731037468296
-0.440920403247944	2.15407459092406	2.57628666469444
0.198771175400059	2.48512992431798	2.57467797548979
1.0167982474463	2.19321862420139	2.65519468144539
-2.34976920904081	0.813329074857905	2.70572001721954
-1.48085430986587	0.903587946648748	1.3086625530337
-0.196026986607163	0.384971445148031	1.78335234318885
-1.30044936110919	2.11767004243909	2.53039596570452
-2.03089050580271	1.41318678424269	1.71792479074676
-3.52361135900722	0.870560796183477	2.06217899875273
-2.08847099347805	0.532634270371436	2.10764989627314
-2.73613649430486	0.867330088071127	1.95855367493327
0.792103066324095	1.69954829541146	1.99725098134719
0.150636527664258	3.52148485907252	1.98185373054421
-0.44109154923213	2.28315337407201	2.04343055069872
-0.32489122489003	1.68628087362115	2.0978513830382
-1.73067345881238	1.29774493508069	2.41353150917249
-1.17208369144783	0.413670215388926	2.46397630818275
-0.529243471851663	1.2283558646289	3.32421507063745
-0.371566241909387	0.848191323550595	1.4934001882803
-1.31531752167538	2.41836719432125	2.09413441882474
-1.99778621735618	0.985591641888907	4.38457634461253
-2.49664654788635	1.05912662201576	1.77772308906966
-1.04777486698847	-0.406148295372869	1.54115427237502
-1.72560824015209	0.154644026527343	0.393590666714129
-1.70260212263877	2.6478124257029	-0.0717099777937529
-0.122733902597888	1.60710144403026	1.47151059585464
0.891750867916907	1.60913180495224	2.0111542576873
-1.80323765515351	0.580899244564106	1.2175759761504
-1.38972094701937	1.73387914936664	2.40757129661153
-0.239492693277454	1.81604153629745	1.36554909937585
-3.00648998009837	0.192405189169073	1.69630793390021
-0.678862344689426	0.450570948271453	2.1925789848752
-0.7658002722997	0.130082028978252	2.74406732562255
0.125079572892615	3.00295465576112	2.05508185569528
1.00110263006035	1.13115326459928	2.56097795971196
-1.74934250255067	1.22287869548724	2.42716958953705
-0.310404768010598	0.447798010923557	3.12336058888649
-0.736746279756977	1.1380364079567	1.22308345895823
-3.38214843254179	1.63944035027211	1.63043964904515
-0.979144017057045	2.37468200800712	3.09497083829405
-0.0235860813345755	1.93809659147221	2.84670291003829
0.177632989143374	2.31608618628883	2.24753256361276
0.132607037797714	2.01772478148965	2.47600883591337
0.325449797149759	2.34102475926436	2.58520384436308
-0.293316345836857	2.04895066136638	2.52573791262601
-0.933551355182244	0.519039370034383	1.59362504303502
-0.683193562745017	1.06919375832361	1.39592001844694
-0.583027926496125	0.440036865128282	2.86785502987654
-0.223882201895295	-0.873262995760923	1.53783003267909
-0.324490973332448	-0.0181624035755225	1.53475920557612
-0.214986497062611	-0.534389985355298	1.90782113084068
-1.00991673569132	-0.653002501502979	2.105258975015
0.788970687695737	0.857062974371881	2.2112884801467
0.555808987016051	2.11702653146705	2.25859220271325
-1.0447368930784	2.28834530679269	2.42228586072417
0.299262588186612	2.04540106429261	1.77816354784375
-0.586479856453737	1.33138697320315	2.89680484842675
-1.73963864469446	2.58060854869116	1.96449113415968
-0.941389655722169	2.3837745598114	1.5153781259088
-0.00295239606730383	1.64115005969385	1.52315564051519
-1.38944088888582	2.93701473765026	0.934934491980578
-1.48745267068652	3.74326454181641	1.48047247691062
-1.01346611582881	3.78825372407245	0.931901196119572
0.114595378226589	4.53259467093525	1.77574190629223
-1.41920015593062	2.88022490851711	1.01656347791914
-0.853872008610735	0.360464324104828	2.26329871385362
-0.413162497413288	0.559291562615769	2.70460991796938
-0.55072917645258	-0.738765813264419	3.62857059770928
-1.36737797239238	1.04365473494261	1.84781733769714
0.523896756212694	1.19875073814603	1.45006009169434
-0.500047075386355	-0.577258130935794	2.74258600561302
-0.433255811912706	-0.731276768194008	2.27514491421087
-1.92547832501222	0.515189898288736	1.1369139196041
-0.506809910015478	1.51194120256953	2.18816578338019
-0.994427603003492	2.64023696589524	3.22793092504618
-0.535952082223544	1.68429078714546	2.43574293541228
-0.03587049199104	3.19292792250411	3.03409306786518
1.27533907933024	0.770562330898933	2.60569442798893
1.23908304913135	-0.602857405559481	3.21286433999896
-0.517422116737087	0.96541377017285	1.51354074345635
-1.43063607364173	2.00392463645193	2.45816023294075
0.785987143586563	0.842412666215728	1.85090620264287
0.553925594408166	0.143311255351737	2.37338981136516
-0.215398984550972	0.800118569018157	2.14200912822591
-0.17285960178303	0.218389028621331	1.48600084777932
1.43255132246533	1.09487063585999	2.24375363190252
-0.646588144276078	1.54011732659991	3.04973586611747
0.149441517325072	1.12438193720632	2.25532671510039
-1.66801604420867	1.59367635107548	2.55081745842511
0.101926476807203	0.978755202027002	1.38643370510111
-0.745819920757109	0.188167248850013	1.64504185581432
-0.924938497693527	-0.00487545363130162	2.10538693583158
-0.902635111487983	0.136599903402909	2.29983695016257
0.175509175141567	0.210088113673891	1.97262402786932
-0.343070808473041	0.685970029586832	2.5993399525131
-1.08163435591856	-0.146922610671798	2.24984913605629
-0.169500522639476	-1.69571468130118	2.34629069395935
-2.39230149312793	0.596561898424311	1.32117718871084
-0.811503739852938	0.692687447156864	1.84747792026453
-1.61056316852158	1.84687672857455	0.9068764557393
-1.48240816798984	4.230506922321	1.43293750539411
-1.28555233612083	3.22539180970826	2.23466769529919
-0.265394717790481	0.0568954592253989	2.45247983058797
0.545882642827352	0.761739665033205	3.26349861751103
0.545882642827352	0.761739665033205	3.26349861751103
-0.564882700500806	0.90220431601957	1.76327356242443
0.375631938326891	1.52479855989917	1.22318777339559
-1.04701038896429	0.263636870588514	-0.192720720624817
-0.285906974394913	0.121198136317155	0.420734790378467
0.198224360360808	-0.147635190569333	0.858436178004661
1.26568778225357	1.11190563954193	2.29553769957374
-0.174451353433508	0.774400286009187	2.255060579162
-1.58837918590186	0.378676387856441	1.54618123490615
-0.948588718749376	1.5776077127499	2.04474784414978
-1.00660718955731	-0.168232023735497	0.90412567674693
-2.17327367362147	1.43439941611145	2.10102286467133
-1.19866658794847	1.70417503413306	0.838679427398228
-2.05618524069527	0.330063035083329	2.59095587368048
-2.34757571976414	-0.365195181875011	1.12410750798853
-0.840829298762694	1.31118060561406	2.19563898059906
-0.351670809847425	2.00730935584874	2.00887642442221
-0.896198388648264	1.09477024845613	1.27976702638191
-0.900699869116648	0.120890815210546	2.16186270258774
-1.05374550317583	0.975645575667778	3.58323719832234
0.236432132213225	2.58196322524204	2.89212075340586
-0.692547911127186	2.88488858540247	3.36068278875276
-1.84540145556279	1.7291742333235	4.38957306857631
-0.998678138314256	0.6511499865052	2.43762157204604
-0.0577012833992048	1.30855325311912	1.72389066176562
-0.0388441543480926	1.71180268843917	1.91066770065457
-0.156298559026224	1.9444749261662	1.91378725101231
-0.315215172494183	1.19359734516755	1.77891697898256
-0.882543410637963	2.31150414817078	2.14461696885988
-0.902336023055577	-0.558158408311119	1.63225336349982
-0.94873826173965	1.02591816622091	1.8184968421532
-0.0735769257276742	0.253575571141874	0.85189811585009
-1.26480838018026	0.129588142068363	3.21283230397572
-0.323381196631272	0.522815584784228	2.21624915152096
0.0525362112774703	1.6528621864289	2.06627567755557
-1.27450990122253	3.24786858510729	2.50815720021036
-1.38728795864962	0.865314877162207	1.17460645778607
-1.05723437632001	-1.17999264147954	1.41226632134894
-2.11887493743975	-0.937433951606004	3.02520330826268
0.164569731920208	-0.923507615786108	2.10477253349413
0.321579191261786	1.35553636179938	2.60456233733642
0.550823773886481	1.47957181071123	2.30584637639606
0.133026440887062	0.263146922170222	0.478462114213599
-0.262165282736551	0.361071092821455	2.12231802043327
0.199051815339855	-0.429542192840753	1.35480417687288
-0.948504124346103	-0.248710583022661	2.13828038083855
-0.796162908744129	2.81611254608456	1.13495774537396
-1.37960519277073	3.05169359691098	1.86804833940182
-0.0110522565939193	0.495310396710706	1.28450082941789
-1.11274150957328	1.34357349989932	1.51962414106901
-0.273536564855272	-2.11593616889209	1.998987262229
-1.18512542936281	-2.81542845494341	0.525418961244322
-0.97106480600411	1.78202788872974	2.85302152791955
-1.64158078735337	1.7665041159753	1.98941689078701
-0.734761397369075	1.19047988923349	1.02752812233919
-1.12349635434689	1.50465612213307	2.22339517005251
-2.48681871618718	2.85702494606217	1.87624626009438
-0.816542662718356	2.44007094087555	1.69776072068465
0.102230389638446	2.64414687098375	1.99303977674666
-0.830018674083193	1.90711355114286	2.02202858753416
-2.36674985415787	1.82187534954465	1.51072921710612
-0.668285968784652	-0.348409559843068	1.67104284691675
-0.791888962758436	0.383481556317279	0.967561755117554
-0.569738089632932	0.124294004975255	0.278367861429397
-1.08033060770376	0.202590056537009	0.716815628466595
-1.16485485994838	-0.0649560260609452	0.971325832760065
0.0578321281064339	-1.25898659152468	1.39360256870323
-1.12150964728729	-1.54781902880735	2.48834371145063
-1.07859468054241	-0.852949724928688	2.15483767869751
-1.35078500703806	1.49717834849302	2.31609523088713
-0.394776353446772	0.72837239099451	2.47502555801035
-0.503453124232074	0.339544732664871	1.64591830008351
-1.44612354063519	1.83981597749487	1.71976482586109
-1.05144144633987	0.801993517376188	2.92576828852087
-0.909301139380593	2.52388602428558	2.54499495075016
-0.264789601769623	0.169257611302572	1.86162240134693
-2.56748331742156	-0.249702230225568	1.99913090023641
-1.56493146350139	-1.22507624524985	1.69105625613054
-0.601543359759259	-1.09624874380555	0.419059632686444
-1.24401805319573	0.0721074782812579	2.39627641858402
-1.32761677046684	-0.0705416066739459	1.69438856226484
-1.59545048633847	2.19126551498095	1.5839132318826
-1.4748006812841	0.617114007028014	2.27856273570356
-0.457294582640101	-0.635190402355735	2.62651780281899
-1.91508390121871	0.07765922334606	1.14272984320647
-0.964597912308924	0.348053748263032	1.12323219310856
-0.627263357905522	1.75883362811979	2.23011217185821
-0.665887363675099	0.431401857225693	2.23647779514948
-0.0019659199171228	1.19030247848908	1.05109978584551
-1.58202244801837	0.188832999085684	1.87425831193882
-1.39711459944936	-0.0457697440582049	0.0789133814859794
-2.96401315090689	0.713902074478727	2.28605291919517
-2.09282534903046	-1.96505387798546	1.1492998168226
-1.32542609230795	0.130406299569566	2.77416943334683
-1.10511075436236	1.23798775461637	0.852328762057596
-1.11627552301709	-1.10220312356812	0.640974592684247
-0.912804653890661	0.624468120932725	1.36006702107395
-0.103214241090032	1.0992108793922	1.25559675324272
-0.790577536891192	0.865161506245305	2.58156593333432
-0.675897977277456	0.730398745835998	3.14877411162489
-0.627970212411363	0.368158801267914	3.60495180978887
-2.39771971995475	0.110061098138706	3.44592328224112
-1.83528869424464	0.63818675660231	4.30070594807804
-1.1984204605912	-1.47508710093568	2.52861809630875
-0.819462642363844	0.304603050594233	2.33917499421618
-0.0483185790520424	0.328678239255047	2.70501127737637
0.26139904302332	-0.249177875212786	1.78943060840899
0.225275047629	1.51889144844903	1.93939662731083
-1.64275180803722	0.982739319840719	0.230320410165485
-1.50028903850884	0.930581435371151	0.999469658724806
-0.586424870007427	2.04383117587837	0.39665602433548
-0.0550856044764599	2.06857973168638	-0.486743507446568
-1.14445620029477	1.81609477834707	-2.80343893952893
-2.0410979575822	-0.122009626376128	-2.40222254058002
-1.35864761321495	1.36952242560318	-1.23375767512396
-1.24660501939319	0.945252073146264	-1.52719157754754
-0.641159595468005	0.110130035185271	0.0252170898600624
-1.97072651810508	0.292478580419446	0.15553745215969
-0.52485905956117	2.06026814068962	2.56063318840623
-0.489560127041908	1.05021151414519	2.6232099733535
-1.40075454977234	-0.942573785018706	-0.0590318474814715
-1.39744703689747	0.449195473152437	0.0400803842403732
-1.08875933953151	0.539906456633939	0.875485600997032
-1.24832682427766	0.616208135895369	2.54430617778321
-0.457477054822407	1.09418812745064	1.14684604177285
-0.43670710483528	0.383756854384989	0.941676157866481
-2.05825285329148	0.704574627522858	1.36816917318635
-0.44363984681774	1.4630625937323	1.71692269702776
-0.172282011987751	1.63666408141889	1.85928211885547
-1.83255973849144	1.76499730207729	1.68851630577077
0.534800358614718	0.931503986773259	1.5227162178168
-1.29651629201701	1.10525722073661	1.48409178457359
-0.539036716188039	1.02115349248196	2.43268069283248
-2.20085716842747	1.27994989137445	1.45715482855345
-1.66707139043556	1.64112032282583	1.99525733964413
-1.20920463845775	0.401906791891924	0.888227295719305
-1.2360152349874	0.198572321990745	2.49028285663103
-0.822327939662207	1.06047608922953	1.76619399188659
-1.30964211954195	1.63077150351888	2.22238397196514
-0.385847990064869	1.80096405016883	2.92375235581742
-1.20136599160066	1.10447919834057	2.03888508117703
-3.17500712685658	0.639454463120559	1.43843986807502
-3.22913563161976	-0.484446706807189	1.2572907844125
-1.03202531395808	1.12413515817178	1.86958799203184
-0.348762356859423	-0.933484844456277	1.86715415346807
