1	1	1
1.61422173029514	0.76450514445068	1.21957144705053
1.47244993841616	1.16611846384916	1.75462791725514
0.170848698021138	1.91256789951648	2.24218427112239
-0.84660339919172	2.20598317763566	3.18455857098561
-1.42166655490513	1.03107434661749	2.45444371710889
-2.01108355759945	1.283427802541	1.76313114234899
-2.13360096555877	1.45073585742275	1.75331786628733
-0.817429380402549	2.00722752033017	4.30898510601073
-0.1049932202885	1.72536118578752	3.54338802233547
0.137994949421067	0.942656629579689	3.35347811125314
-0.546553390232564	1.55940986766535	3.35279201082018
-1.48331415168619	1.64280701135627	2.27410238357077
-1.39035105598147	1.14877871136117	1.29608482775691
-0.662094540774492	1.55982774788761	1.96603465077577
0.00578015907745411	0.428655354051965	0.60419913455874
-0.472672158034174	1.84105723309286	2.93876396384329
-1.20129087215521	0.689041201540942	1.56238765685391
-1.61472774079514	3.10742262143007	3.30862251735657
-1.61472774079514	3.10742262143007	3.30862251735657
-1.96905137190394	1.06844528664202	2.03641416785517
-1.62023517605404	-0.0449871812444975	1.88837812241954
-2.06818573924114	0.646606985713078	2.53564889157656
-2.36734380272026	1.23886357908457	1.36243113098189
-2.46009863854279	1.59915288379159	1.27050004964951
-1.78356567989899	0.33733648276555	2.23409311287455
-2.31125433112585	0.455578496447589	1.94950025646938
-1.12795563026638	1.33681271813995	3.31916131584967
-2.09339659447221	1.08750541267652	2.41261772512931
-2.38258908749621	1.67243372546519	2.75489772594693
-0.554819441182671	0.539448467824673	1.79315549393599
-1.95882952522636	1.63227778591419	1.13051513869174
-1.49971412360764	1.67655466044585	1.72977662913654
-1.10121589470427	0.227080555370364	2.05763889862561
-0.685674527054346	0.908305691606903	2.95482568575439
-2.50102694858843	1.0539610259565	2.57417490256342
-2.00720332136061	0.463160568541756	2.17644765403873
-2.00720332136061	0.463160568541756	2.17644765403873
-1.64220476942434	-0.0400883788847194	2.52896839352706
-1.38542053849994	-0.421259887161174	3.01215716944226
-1.33298569514198	0.0898179522899735	2.43304948195699
-1.75998741805232	-0.585857387505064	2.63870483286531
-1.31224914381973	-1.45098446007659	1.8955705581328
-1.57009931284888	-0.506829394734444	2.77518865405503
-1.30373310779621	1.21470994104129	3.7908018624544
-2.07081086372306	1.23175388568218	2.10529769619331
-1.93898623101558	0.865476605541853	1.95870518204842
-0.810435818267883	0.171275677709874	2.64133295202118
-1.86388129541513	1.63338645185523	2.61124243911414
-1.33329436866882	1.28330325079837	2.97564137423645
-0.811716614474903	0.600022167349255	2.89543374588318
-0.913079827725064	0.613593711308915	2.8508699196409
-1.75250557481766	1.53367452558803	2.99729403195008
-1.6218838916591	0.958815687277094	2.29653731908419
-1.6218838916591	0.958815687277094	2.29653731908419
-1.28045929570915	1.26719830410604	3.14056190005973
-1.72269363530111	1.08647627139085	2.39374597180644
-1.70493023606036	1.20397877259578	3.34587598950675
-2.16748892396571	1.42219755231292	3.1149256686542
-1.88183291962349	0.744215892141719	3.51564983009039
-2.68910156895031	1.41634243395551	2.87498824684636
-2.18198811108799	0.271712442576651	3.50548647083028
-2.52009194398665	-0.901039556837736	2.25845506995151
-3.64178751413105	0.298211586237882	2.7630882190382
-3.14248209807076	-0.0611771409263229	3.03018482244942
-3.06175299114082	-0.155663906740595	3.91383546804617
-3.13805146127456	0.193854706974823	3.81193111837827
-2.85998099034214	0.366441795511859	2.93562589507758
-2.51985911794876	-0.39586731023343	2.7183457099765
-3.59131283179655	0.704334638963323	2.08572268816582
-2.59829996430187	0.184361867947446	2.68443926342924
-1.99146757001112	-0.270721753042012	1.69723439274312
-0.243469796327635	0.694096686434622	3.80237208524835
-0.243469796327635	0.694096686434622	3.80237208524835
-0.254123649643287	1.0166260534122	4.25830931592942
-1.7153087611363	1.49462023068861	3.10547475859454
-1.28991056285545	1.06400637901764	2.26195031319559
-1.28991056285545	1.06400637901764	2.26195031319559
-1.2120803466224	1.53850785467629	2.85301732747563
-0.0448327439609395	1.70610885611459	3.2555747239933
-1.8950223786876	2.31233579732047	3.49188370726226
-1.44145403716916	1.86002158945767	2.38919054781254
-0.598360749181072	1.44638209222757	3.93908337404595
-0.774852878168515	-0.0739578564748752	2.76839051898379
-1.37508182933625	1.11840780554318	3.17693396956957
-1.16481040200278	1.32554364420554	2.66813677185214
-1.16481040200278	1.32554364420554	2.66813677185214
-1.54296645499844	1.5465819258908	2.74845572376766
-2.34095713270789	1.36212790682765	1.4413115900803
-0.944820323815688	1.87252142314619	3.16691506131134
-0.944208195402419	0.965487856299442	3.62136207948867
-1.14352954185475	0.410416690371504	3.53098947591884
-1.91948329301879	-0.126273865838246	2.10849838561059
-2.11424616946077	0.0873019811655094	2.83297244462988
-1.85389335433357	-0.517559508986098	2.74050182616753
-2.0754892450762	0.248801565248914	3.20441761240481
-2.69719219639483	0.638983624240097	2.64526004831972
-2.53957828519403	-0.105604461036669	1.66593591712863
-1.22892381751393	-0.404473494313448	3.29344008143704
-1.33892702232516	0.834811653003354	4.52619375678088
-1.50569370892943	-0.518224295252867	3.61644004527203
-2.12385512454777	0.755752004809678	3.4522624223987
-0.969823959867156	0.0765752163927387	2.17297675003014
-1.69202830619884	0.281998248577538	2.65855327279346
-1.50008337336617	-0.280647356869359	2.20558797977624
-1.34738228249843	-0.209753667604441	2.66536452725056
-1.06050335748956	1.20356698880474	3.21949296663176
-1.40735799335751	1.66456096285509	2.71097630253715
-1.22688821806084	2.52800890638849	3.69604451061637
-1.18274387992244	1.07385965630569	2.92620348221039
-2.01733161666169	0.683627235443724	2.12556090671457
-1.69262795544045	0.882697537849979	2.34512239253322
-1.59204381306112	1.29389779180832	2.79487699220431
-2.74479834848223	0.260357981923599	1.75139606943872
-2.86587942735534	0.454925481388851	1.37805075311827
-2.54842047124781	0.404618241781187	2.07427880522042
-2.70450727126395	0.509441975194686	1.62440498274815
-2.749815483972	0.660372971727362	1.45458791417569
-2.25038228698068	2.15905768910079	3.18263274730338
-1.82526935302551	0.11460637563466	2.93274229083132
-2.86501741377077	0.819912263363957	2.49590978140782
-3.75037075950499	0.750455762655573	3.34019899899766
-2.09042994015916	1.25198440450553	4.07091422832653
-2.80786141006551	1.28671440103131	2.54784097904105
-0.757175757183353	-0.243089364064101	3.12593114884933
-3.05425252025726	0.0177652376106028	3.49012226904092
-1.79421727779186	-1.28206892929946	3.17410010312023
-3.13638188745454	-1.29388786881268	2.47320518956759
-3.25986934784482	-0.910252000486877	3.45513875027613
-3.53754803829747	-2.28613354123796	1.68081159252276
-3.51922347079182	-0.572326506028046	2.87645127015217
-2.30831720778979	-0.940731316109607	2.03801518495313
-2.88401590483681	-0.205383689289966	2.41898404658324
-2.96538888838288	-0.279650482992589	1.66303755336204
-2.31800702410401	-0.0109005248349033	2.02845302352933
-1.91805929435392	0.0654366928019608	2.14707329106719
-1.48501398647965	0.621760655443001	3.03098800019507
-2.51164634142925	-0.312882284017465	1.41590063046642
-1.59664289611514	-1.37123862122823	2.57701027489539
-2.79764245602257	-0.300081036142682	1.55330617266086
-4.77761722483785	0.723652055786058	1.92769873703514
-3.2612092221521	-0.103369501094317	2.81267867143126
-3.51128775795012	0.349770449571109	2.0872746914706
-3.5809783436113	-0.156610713939184	1.91484277900265
-3.82255783231116	1.04558461425266	2.20784546812214
-3.18321151679445	0.951358215154933	1.90064742910252
-1.55117032093518	0.216815324481182	2.25714543203486
-1.55117032093518	0.216815324481182	2.25714543203486
-1.16747162433634	-0.684309117517992	4.86279397001847
-2.18943595217805	-0.497366962615104	4.16021347580039
-2.90993319159155	-0.256647734575094	0.767870592958541
-2.11491607813862	-0.208375896542585	2.9255502645259
-1.49776961873649	0.354538108392017	2.02063366768386
-2.096187537355	0.748379027239949	1.90199785072865
-1.95158113447107	0.607012382741312	1.83075007205452
-1.5439254020439	1.21598140704852	2.55618049670505
-0.831448139618736	1.36948279940417	3.03908145391861
-0.959366559008921	1.60164678021991	2.90298883339226
-1.03646603160985	1.96912628205945	3.85530339874111
-2.04841692374331	2.52518307730493	3.78259781938423
-1.21257430083236	0.320567372923685	1.84813706347402
-2.52501788761199	0.888181390398694	3.40247121865872
-1.61042962567791	-0.570956094608413	2.73726679041022
-1.91592580564698	-0.0248368845098387	2.73613548379331
-2.53211298054666	0.897544817168743	2.39903679981027
-2.25994551924447	-0.474871066308189	2.73818941761317
-3.011110972467	-1.3209361939207	2.00277462842104
-2.40336183882624	-1.3163008264266	1.05001880618159
-2.42515677147303	-2.37823953701508	1.30102449234865
-2.39815270913814	-2.64720722726603	2.04459864357824
-2.39761784500059	-2.7493739545654	1.85970502909255
-2.22490936445617	-2.20273022607146	2.5007569547459
-2.22346438109204	-2.82147059110585	3.07594102683561
-1.97061963098762	-1.91756233458052	4.29267679469022
-2.26097544301511	-2.23518876905263	2.50260642001125
-2.10484251356736	-1.20124741727266	2.4731772470102
-1.95487834238344	-1.19421487834804	2.07695194460045
-3.20473525552406	-0.95017001654878	1.93039939744604
-2.34974759969689	-0.770976517799311	1.74268368413248
-2.10436743551427	-1.00127745769574	2.75838029899124
-2.33810885563104	-0.946109497882363	1.21945703607903
-2.01709049757419	-0.200263995761281	1.82750856336372
-3.3969861713833	-0.198583083068267	2.56752674652379
-3.53337080284452	-1.28303205679076	2.45332385574055
-2.62985673800194	-1.08974480565448	1.93793309677245
-3.53219604882967	0.248109258804801	1.79971839814003
-2.82280482027451	-1.70141890225477	1.45852214853676
-3.86173034129515	0.196581865692681	2.81599816873368
-3.58387404775019	-0.468665380690461	2.94470486471386
-3.68079252401177	-0.65693718602805	1.68893688176256
-1.60956857989829	-0.584042780142282	2.41848542865327
-3.61974406519865	0.546533390477398	1.76123029749104
-2.68622884816531	-0.118258483444737	2.13138975070674
-3.15206823128616	0.353426167683919	1.20123063392199
-2.5406808842657	-1.42769009010763	1.65289567005973
-2.89053899907376	-0.483701826763953	2.12791952989973
-2.9613480121864	-0.313285309535244	1.94118488357065
-2.9715190785696	-0.0118612847279599	1.50846406928079
-2.55741368178651	-0.780467341063831	1.66152007362462
-2.26297435308583	-0.313666318876136	2.23983113039034
-1.96706637642619	-0.897173382072079	2.22533326036358
-1.9327574699671	0.179866598823169	2.79373090797035
-2.62760496783291	-1.52577749189874	1.08757109455864
-2.9877350495353	-1.05301467047336	1.89581435041379
-3.20161511506003	-0.925736198919258	1.51934297881175
-2.64778930604631	-0.0160980397610462	1.96778491714205
-1.93605235449237	-1.0585614316582	1.25771594072305
-0.951289011948466	-1.22671918736195	2.9344051803685
-2.29878332912774	0.955759038317006	2.35652557986195
-2.3198469001008	-0.92630973191247	0.837200571770663
-2.40399836477991	0.498053451085855	2.48323525050981
-1.06216273315089	1.21734757614524	3.21628971267368
-1.67096492808312	0.513708911374739	2.16727301838979
-2.56492806718846	0.545781475419037	1.42490550923008
-1.71016062684973	-0.707250004647342	2.36500011694111
-1.29482448822264	-1.59416667473208	2.30965596714371
-1.57375027727932	-2.44113302092769	2.18784397004178
-2.23151631853057	-0.510695299669412	2.19265334141892
-1.3656189398567	-1.63962798995215	3.18068650331457
-1.52707366531407	-0.573433753050587	3.23801155056154
-1.05926895537882	-0.989141946511711	2.16721647441947
-2.06206192712221	1.38644983040769	2.52549234965806
-2.96344462992564	1.79074387624942	2.62969748764476
-2.86698082384567	0.11111100881442	3.03947595308922
-3.66353231854466	-0.846685189089261	2.66838993996879
-3.36401698904712	-0.0415633773304319	2.27083200734811
-2.2857908727565	-0.170922570632618	2.58990035614567
-1.75002634323809	-1.05043967999676	2.40381503903849
-1.06290532576085	-1.31537365511538	2.79777902465983
-1.52437850251875	-0.815841141882243	2.50999976264636
-1.68393879269212	-0.495439314199536	2.34859371385234
-1.05013518015495	-0.581481426216989	2.38380223391301
-2.13778079010996	0.969548328727031	1.95884505581688
-2.59846901780101	1.90269575377831	3.45386239104571
-1.86760371147745	0.608624794142669	2.75951891094172
-2.04720130227978	-0.136024752314638	2.26214036775286
-1.76561918623603	0.740056483164918	2.54561397879591
-1.63939188183346	-0.153542165194988	2.47536809971666
-3.33081423159997	0.119068084599302	1.97235427333517
-1.96266316200621	0.268808877967224	2.59417282194298
-1.96266316200621	0.268808877967224	2.59417282194298
-2.54396624297444	0.208303880398154	2.58849986349875
-3.38920717456423	-1.06733108120809	1.36135360572353
-1.49051079939718	-0.355607616702522	2.51548309295352
-2.18375121995441	0.232665855989443	1.85756172661311
-2.35219236831329	1.12599366546929	2.65476659902565
-2.00976235389877	0.75387288212871	1.89270870748386
-1.28370920328973	0.820823227143968	2.41409582645241
-1.28370920328973	0.820823227143968	2.41409582645241
-1.58476541509895	0.457150852329655	2.6785298617841
-1.48589530983631	-1.56650527332854	2.46854926853265
-1.38971861566064	-1.49213592183876	2.71598080243836
-0.841121801244132	-2.16400531904428	1.13797189835497
-1.93375001701389	0.838582570952372	2.27611756530611
-2.50633870620863	1.46911666565222	1.99232934429927
-1.52216971703668	1.02810277642572	3.62739821410763
-2.31500472481148	0.552701711258295	2.37641428660225
-2.31860865460599	0.783198098264395	2.75005417280438
-1.92231762070389	0.341006660492081	3.11139899180009
0.0010938810026675	0.250156365250493	4.60589113552269
-0.286457476185223	-0.269079551498191	3.39200507565712
-1.34161206977949	0.543099766734338	2.24740197879978
-2.6705646028115	2.00446173504926	2.83725343403077
-0.64579856926355	2.57653976484703	4.84541513532412
0.0391764988251354	1.69157120289672	3.96942611130606
-0.966362188235314	3.81575831752266	3.87651048570092
-0.35234157304315	0.717986617032599	3.93159443962901
-0.380803157745326	0.135911772507964	3.37553226240075
-1.93613026750658	0.0863036960586813	2.47504111760231
-1.66538101692593	-0.335940714283485	3.07081610701777
-2.44944698755001	0.605040275687463	3.31475532671449
-2.03044252587581	-0.725619491777273	2.35924001218871
-2.65140692398862	-0.250986587995669	1.68916287056758
-2.22368761256351	0.27463429914147	1.94092536654974
-3.67165903686928	1.46875782562639	1.30154982263671
-1.83912552822344	1.08000291438486	2.51441283309348
-1.67080468259177	0.100334673412014	3.02638860415783
-2.7414858287917	0.280702175332156	1.33028067954414
-2.7414858287917	0.280702175332156	1.33028067954414
-2.13595184571934	-0.424908296841249	2.08417387689877
-2.53108224825533	0.595318274429321	2.78312475038892
-1.49461714695018	0.550871699426893	2.64251240502131
-2.47259046866655	1.2009030511955	1.87961919975484
-2.3005192093688	1.26028460551434	2.4454380125122
-2.3005192093688	1.26028460551434	2.4454380125122
-2.15275457040991	-1.17090764648814	2.42877361708981
-1.79035856670513	-1.38151303569099	4.03480862836644
-1.01446467504942	-1.8882172257932	2.46516997485676
-0.584343549691218	-0.937299030478663	4.38462796918288
-1.60201468437457	-0.511578891996597	3.8726977881697
-1.15828804515978	-0.618565101123924	3.34742562494309
-1.00458180543424	-0.993168444786502	3.42022764180299
-0.666445470474624	-0.807949487284978	3.60371127494695
-0.533016333065398	-0.711715576233578	3.53875031732878
-1.24908566111705	-0.833965271610615	3.16063522725087
-0.725322717288557	-1.19136755800101	3.51948418825778
-0.928336005613734	-1.50405512125517	3.51632018646464
-0.946533415144597	-0.400629206337051	3.24281150016742
-1.08665322942804	-0.291156848985234	3.34757741335345
-1.08665322942804	-0.291156848985234	3.34757741335345
-1.10747770547572	0.085081868201665	2.63709200714569
-1.56079719524007	-0.140797067438881	2.50399771417296
-2.35117479947792	0.147937932348896	2.64943386387851
-1.55283982872323	-0.0711538173156735	2.95345241432117
-2.32070691608975	0.0626350641329315	2.98116117944254
-1.86046778165403	-0.379852483401005	2.58627499484785
-2.35149117051719	-0.424901095281057	3.11828885810883
-1.34536853558446	0.125231502636	3.9862873442399
-2.36955840480212	1.44349779519888	2.92306821256342
-1.4276728035455	1.05213946372442	2.85811586669624
-1.30508938746785	0.346009643367486	3.43892350890398
-1.85467353472762	1.45492538028051	2.31649275025398
-0.669584619394568	1.50942690267664	3.48660638072536
-0.733645596684339	2.0314395682388	3.1308274263708
-0.0962884266240114	1.78598189776628	3.96387088177135
-1.32792941983948	1.35687874956995	2.80048197056164
-1.53659602112977	1.36166934623178	2.70086973760239
-0.974372710847815	2.01224634577915	2.86131963649138
-0.778427693023419	1.84822430881663	3.1491816441317
-1.07261239707209	1.8714444354126	2.10618982840536
-1.08420089830085	2.79892589867883	2.63100139452727
-0.161982700380993	2.48863256790856	3.60969529135321
-1.20896701821128	2.44217514827088	2.33129568794749
-1.32143658283512	1.45541060368459	2.75570216419026
-1.0063155647361	1.31423354800591	3.34340026231126
-1.47271776885627	0.792668316129198	3.5419558327123
-0.863242458734361	0.89704808633663	3.66993542412378
-0.863242458734361	0.89704808633663	3.66993542412378
-1.55226660208418	1.30682715607399	4.01513638642723
-0.585883111179944	1.75601426572833	3.58774624708602
-1.34961154496901	2.19907855812344	3.37073694925852
-1.03617259950003	2.17244983135923	4.73915083948803
-0.797078931272973	1.56936834852928	4.54772609026004
-0.933571053880716	1.50458986326869	3.31611780407887
-1.23805789280163	2.02773554241534	4.44669147966947
-1.02479138085333	1.73314311108414	3.65639366141933
-1.38730697855536	2.11600548562262	3.37676331994134
-0.888660250995064	1.77438365307709	4.11909031253414
-0.780220105704303	1.40139466512909	3.67053707553539
-1.7766526605467	2.43827253516697	3.18181573994287
-1.40225666095171	1.44879572583065	2.34942126062595
-0.883501768204551	1.21081468221081	2.56200803059743
-1.73907697120184	0.907697162522488	2.47974090458309
-1.8851113511142	1.07254115604743	2.42009857222799
-1.39647744224123	2.41214801690065	4.01333731148418
-0.633320746045535	2.37632407772666	3.3150712179966
-1.10586304938072	2.0378441150375	3.13758307827549
-0.791155048788555	2.37703074657438	3.07481138867071
-0.257321427549885	1.26305002983068	2.48388807309247
0.988354719076363	1.8338921567918	3.63209198182207
0.398904224308152	1.91654497311362	4.11943146353072
-0.0590414416711836	1.27012022914456	4.17249924385308
-1.12630027011514	1.11364380356607	2.73970499137724
-0.42418049822432	1.86108957410747	3.11794178026671
-0.570375580023774	1.96040258326467	2.8090067509327
-0.670453381341123	1.82500492250547	3.25179414697623
-1.21853779997559	2.24134202254099	3.32810908518944
-0.12530030289367	0.7052743898237	1.93192270005494
-1.85409209553789	1.75631530672996	2.99051560546467
0.0847238242098873	0.965602261778431	4.72172459944486
-1.02294729460946	0.337255610747104	3.31598310426434
-1.6683876008884	0.911231162647164	2.55445503226469
-1.6683876008884	0.911231162647164	2.55445503226469
-1.93368956707975	1.49979846279647	2.36050994004693
-1.87863273026663	1.98588542373007	3.05959299857545
-1.17377077068429	1.20429433699758	3.87532627577649
0.1033338030341	0.00838466250410375	4.50201765697734
-0.589566494344119	-0.379515357452514	2.96731016458055
-1.34499543986395	1.24011257329169	3.00741180555247
-1.50291681912371	1.29369889064549	3.01778794688047
-1.00847579069824	2.04964230172818	3.05273004881477
-1.07272193868047	1.73687742896897	2.62048492401104
-1.75115341848361	0.7849516161927	2.97833936198256
-2.57222804465724	0.86701730437585	1.47033425465209
-3.05366002899818	0.605899760658122	1.3070664749085
-1.03978451209766	0.281541770574372	2.96518724649434
-0.909132892383031	0.777308967765727	3.4794231949054
-1.84106870911675	1.55196625610386	3.40307060083321
-1.4764185811998	1.36580418107578	3.54520114325029
-1.46582686930634	1.90681544956857	3.9174693291827
-2.27424369591372	0.447137700361625	1.81096163142434
-0.792218453249725	0.701995085541442	3.63045140399847
-0.742270409743498	0.62067212954649	3.12625505714396
0.202983013652274	0.5271523031549	3.425087561609
0.347423997687215	0.511771392869138	4.43520171962285
-1.93336421457157	0.253623980609995	3.15953093665295
-1.02171829587026	0.917820237271357	4.11049501211518
-2.22238135301671	0.579532224084602	3.7706971130156
-2.37822478898896	0.144742915013667	2.12576319961006
-0.63190632486239	0.108513072421499	1.64033822507656
-0.726478735315625	1.09648044503664	2.18828507886487
-2.3604478744586	0.445519148978014	1.47441763301214
-1.02139723940738	0.434319877196802	2.7581134713536
-1.86645886606021	1.09986407895238	2.03810565493658
-0.751917190054788	0.821273654011914	3.37825629161811
-0.54211683356847	0.167067268829805	2.96369313239032
-1.79191715890823	0.932994428852422	2.1207149830607
-1.79191715890823	0.932994428852422	2.1207149830607
-1.6381905148349	0.842851707465638	2.77620888780445
-0.619114289241635	1.04641098875668	2.40491999688196
-1.34608435201292	0.976665652261896	2.27679113090254
-1.16305272380356	0.39422401211726	2.32290600386715
-2.00113639524705	0.535897412184203	2.11851036403155
-1.30300271660275	0.2627820240018	1.93123244874884
-1.6511321525002	0.704776202024563	2.38929176265335
-2.04019503835168	1.08001723208494	2.91545102259119
-1.77908212424192	0.58049885678457	3.57306054407006
-1.98190427886062	0.788616879999636	2.12220654203239
-2.25189243768879	0.794928927538332	2.3925785790168
-2.22806851808163	0.316039451314314	1.65035509031838
-0.580961065797707	1.19045089463034	2.44106690080949
0.0217742771834305	0.725960213548556	2.45087519054784
-0.966336483441532	0.303170086973815	1.02539936655466
-0.675073621925974	0.454393016984468	2.11652336331404
-0.973548999806871	1.29910251583266	3.01679339679292
-0.855451174131055	0.697501262914071	2.40533421826698
-2.32066840192239	0.993358159017517	2.47541854283865
-2.2783726459361	0.0338050891470804	2.31248590320516
-3.0061765677924	0.538001074945493	2.33205841654804
-2.98717857454084	0.21589268208472	2.51221382566821
-2.63340392342617	-0.721817707088749	1.36826657141825
-2.23091245888672	-0.405919209821223	1.80571654107764
-2.09653535335068	0.339298882909798	2.00355498609842
-0.684212097201223	1.08968359303732	3.72602897259358
-1.31886572411791	1.18512333420239	2.51797548637119
-0.80242024901352	1.17057798032631	3.2928014966867
-0.139785376060838	1.12349332623546	1.932362630701
-1.61983305156074	1.66268918005956	2.03893956793667
0.046747633144321	0.645882722613499	1.82829866065271
-0.764524770384254	1.46051804782437	2.97036338988501
-1.0795667479343	1.21283889327271	2.11634087486139
-0.0594139535705872	-0.0998881616312967	1.80639293765691
-0.925916999893675	-0.19664345124378	0.896864909923
-0.919809143875751	0.97882893121891	1.5368306468239
-0.30891701521669	1.27404241933651	2.01639679262593
-0.290599779778139	1.05366735602097	2.20283552228381
-0.422339239174875	1.47455404066809	2.98499944731081
-0.837393276238935	0.694678208336415	3.04087367216249
-1.24117997744271	1.46751187805309	2.57278780408884
-1.69114841364222	0.23536778975984	3.8236165131628
-1.06520391968081	-0.85102691431737	3.37576563716069
-0.925405097894886	0.84040952593884	4.78951147180271
-1.47399114090061	1.17661854795866	3.31818525970569
-1.3725298842592	0.321309239274871	3.15470195249416
-1.58148951701453	1.64127718085151	4.36852121093729
-0.962154957215264	0.36333331181503	4.24108395008837
-0.549262827331891	-0.0548808249876687	3.92550885676753
0.152454506789292	0.683319561933233	4.11468803741694
-2.11177071270638	1.94241893480704	4.23975452369281
-1.32272946410653	1.1614248880974	3.84155979826147
-1.41895957903293	1.4535496818603	2.83832397384673
-0.461666863653655	1.68542537275093	4.05529563312599
-1.48829835251901	1.30530661656221	2.40863614478181
-0.813450230257053	1.05600747116504	3.12650678913999
-0.813450230257053	1.05600747116504	3.12650678913999
-0.648362184095559	0.773494040517415	3.24777435647704
-0.648362184095559	0.773494040517415	3.24777435647704
0.0861071914888487	1.61866621322353	4.16074067246918
-0.431941656258231	0.526481685377082	2.8354038564406
-1.33036073244313	0.00485152790792953	3.6768148925066
-0.816313422430225	-0.690129349070771	2.9215872190532
-0.113050718827808	-0.551301180231715	3.7020656115627
-0.705045550449872	1.45318237099047	3.85048841267609
-0.947543758095804	0.639777899691643	3.78012878862951
-0.470935904235759	0.80395092446417	2.19944747125242
-1.14520539688077	1.88888203611735	3.25043717835263
-1.09368961594516	2.02081934170781	2.85241771455394
-0.526016000858912	0.347234272607319	4.04086154519073
-0.268116031123687	-0.195584290044337	4.39943083519556
-2.08683110122669	0.147265459540482	2.16763740895115
-1.50299492832489	0.258358815200759	2.16186337154195
-2.10957715482395	0.410165541717785	2.44499273933774
-3.36752644824101	1.16467489288381	2.11740810391638
-0.926805014081417	0.551536708664024	3.08571242333274
-1.8927664886144	0.964196038587376	2.82974076624327
-1.77619383196324	1.26571203760144	2.25667068924356
0.367841278673228	0.596021091341589	2.75064178407814
-1.13215439780276	1.5294772944012	3.23204481781813
-0.90411388594313	1.32410926425248	3.14657839876023
-0.924524917382193	0.763611228343554	2.03642942265171
-2.16416740096301	1.52861600465229	3.00190670943632
-1.95655834513117	0.0870247028082378	2.05221791148867
-1.9969170692435	0.853841723625861	2.21066899805227
-1.69761181187671	0.914668686304494	2.32912821928369
-1.34736843790767	1.99200908253986	2.62325277731265
-0.83204826021072	1.08930561920299	1.58157565216901
-1.04258471509676	1.45532721988988	1.8444746783823
-0.923414662805432	1.56777228383471	2.23372734569401
-1.19247262439511	0.275190367513608	0.461283548144174
-1.49736972363663	1.96577326235868	2.64236377754978
-1.93140875414354	1.50471375838539	1.85125735864457
-1.3972531113186	1.10956124804192	2.61596930801985
-1.41123381640059	1.18586948098515	1.81799922071431
-1.25202107125529	1.06850616784096	1.57519439123449
-0.94955284798287	2.36794618935694	2.76159852880941
-0.509691794105249	2.38828338290463	3.85593363726691
-0.455789275332153	1.68667689537544	2.46690663146354
-0.95727890053837	1.31103915931686	1.85772156195561
-0.718640343984022	2.16943563898651	3.04473211795764
0.194408296497077	0.525693901835392	1.97256295348699
-0.405080640881997	1.17832766442662	1.088953407682
-0.294864564909581	1.27013296980714	2.07818580626786
-1.17123686583991	2.32268628739022	3.38434564482719
-0.735998245720397	2.03801712605005	2.90328025008307
-0.44442992035733	0.707436280406522	2.20412315246276
-1.33695341965705	2.12173475934645	2.84091597312184
-0.433011056534249	0.424531007008465	4.20280738308088
-1.37091987492398	-0.485675949259912	4.15215987549182
-2.40077599800661	0.123486101869238	2.42385498564743
-2.36476957068954	-0.0104072555766537	1.97995860570218
-1.65109794249358	-1.12679589639254	2.05484911078551
-1.91657762092914	0.398701205938551	2.50671268960904
-1.15799468090508	-1.13538165191601	2.4108476991701
-1.42974226933825	-0.591800462239329	2.83813956975959
-1.51620125273832	0.142921680633966	3.34430230182629
-1.34424522225591	-0.302353209509289	3.47731099753595
-0.387515808290033	-0.0193245749988363	4.0713628085202
-0.768843541199103	1.66256340890495	3.75223725490947
-0.220679366793704	1.14528056047946	3.94574042894604
-0.0639832783025802	1.53540355917718	4.19240411780198
-0.0639832783025802	1.53540355917718	4.19240411780198
-0.10957069971096	1.18719864236636	4.32541075288067
-0.749303784935199	-0.44750556264941	3.80438857749783
-1.02584579074498	-1.52561326238109	4.50072354576045
-0.860061010267824	-1.87299898831853	4.53314632773876
-1.28706305917659	-0.60187265713224	4.73051685389623
-0.784162538616569	0.371868602744772	5.93297198892705
-0.60403865176229	-0.0605644384908828	3.81336640932018
-0.802245404317968	-0.592899811474683	3.41115095929134
-0.858081492937531	0.0492620621470536	3.74460869846228
-1.01960687423873	-0.701149885919945	3.67397136712118
-0.790086149910497	0.865651560675039	3.41480436206978
-0.642108570999941	1.15611590161823	3.81084626459879
-0.774321853342289	1.01511486984715	4.18176017995219
-1.12361120892004	1.88170213084224	3.84161390675099
-0.946100028412519	1.21817515779048	3.41874401179778
-0.482419056686764	1.70815289291569	4.56800302745509
-0.520388827531232	-0.130817082248509	3.58139171417982
-0.880533375393433	0.959970027978912	3.61239554960318
-0.206429487030626	0.254116055184986	3.93678859859352
-0.197779401703426	2.08420610299316	3.59377294137215
-0.642631279124254	1.62273150895297	3.18557190672776
-0.511499789823012	1.59040471577978	3.12510108217437
-0.558345440821555	1.14396442222073	3.20883207669119
0.434408129244941	0.558071923848993	3.6909204125792
-0.765409541155865	0.240956282872823	2.63791047073155
-0.341352436538461	1.58578059526212	2.72824204647172
-0.69823478822904	2.1642844385698	3.47506812397069
-0.579760079529765	1.96679250107642	2.98787695911061
-1.07552147983614	0.898068063309808	3.29098338691222
-1.18712199847336	0.257372022257455	3.84991571069512
-0.606630623975372	-1.02465008179739	4.16985637228639
-1.19569786820582	-0.645379664561772	4.43647611944733
-0.588456520794863	-2.19710454324954	4.30318023698853
-0.463312634562216	-1.5489749557728	3.27690655632366
-0.718423285678317	-0.905229247926451	3.59525524025152
-0.912057815496795	0.416954192677346	3.78790540235031
-0.902949190331167	-0.303157979272501	2.93206174693727
-1.78575573272124	1.64823686028907	3.00715779379572
-1.09129365647137	0.167072517132739	2.24294068570019
-0.397849795819846	0.340879153930514	4.03604700026244
-0.397130798894521	0.0408245192416287	3.73964448416
-2.37426982693668	-0.956958068140007	2.36988680136973
-2.42505177854516	-1.43086414515332	1.35290847600459
-0.550886385788447	-1.26639216462163	3.43688410703683
-1.57280760189376	1.18902057850974	2.97771408346584
-1.1395636917332	-0.0249400886477915	3.57611662874979
-0.466771789785381	-0.734782940440002	4.05008132165854
-1.9168706628134	-0.294762131433218	3.61103804067019
-1.47681302889425	-0.455903450805017	3.92786434867151
-0.73930517161543	-0.798291612318985	3.09429609815782
-2.2741406607228	1.04580858619729	2.56086229824001
-1.37897429634392	2.29381827857295	3.61048986813375
-0.956386202907603	2.19158198254275	3.69144382266374
-0.161614562108631	0.171830487067527	3.65541781171129
-1.15175797747522	0.76418959932489	3.02072541708751
-0.728718750280454	0.635680222888987	3.35292494661107
-1.42587948694826	0.79679238067582	2.94499286975299
-0.859575440628613	0.192435405212825	2.19350014196432
-1.41435045526177	1.40201105175095	3.22514497477505
-2.23231802617682	1.03802014530734	2.14606936898568
-1.6269843804235	1.0335355670869	2.30773331653939
-0.6771871151828	0.945355758356663	3.03381113966203
-2.39838716748117	0.295338263003593	1.38224216858127
-1.67122614413148	0.669967337246461	1.39540707528769
-1.48636552921605	2.15798873545185	2.01905680882372
-1.92942257298981	2.81233147551163	2.4880752323879
-0.465091496936275	1.90445854243066	2.99684243941669
0.866260195718595	0.758040672633991	2.12782854763472
-1.18759704865912	1.54497700716018	3.04812527382137
-1.67260588150056	0.313648586932963	2.75927300479798
-0.879556684006086	0.93429369185581	3.86851356244737
-0.725499596095117	1.56208348451589	1.52672089619133
-1.18300402161376	2.23460253946172	2.49002327419918
-1.63432112311665	2.68532436884938	1.82168185863791
-1.00521989344088	2.64444485797012	2.1509742934661
-0.349469978799666	1.59364672292192	3.19486751160828
-0.691673762751018	2.16321389077596	2.9941052922229
0.111211660507781	1.32337384487134	3.57806262679381
-1.23740826702692	1.09126569998365	2.23898313316431
-1.2159567180363	1.40305789118577	2.69607280559113
-0.287296308609494	0.620505291266839	2.71394392285188
-1.85825033449638	1.41546632076686	2.64350552326855
-1.19007143452874	0.846602272868134	3.34291883906457
-0.995892251528741	0.530663954840015	3.03388984392938
-1.88035780449187	-0.301658075229809	2.14563859666352
-1.56384785540644	1.10291826591912	4.44263957877116
-1.01624916565654	0.913234570425882	4.49010973234365
-1.73566858279194	1.58919628070307	4.05084077723287
-1.53516420622412	0.788129466548404	2.38321337218012
-1.79767015159632	0.800832100738427	2.31743133269996
-0.194875525734962	0.210534817582464	1.83691917203682
-0.0166840387116752	0.854483251201095	3.80100181022407
-0.881143423550632	0.254566142441399	3.35508335534283
-2.03407688294746	0.962268389297122	2.03739427600672
-2.03407688294746	0.962268389297122	2.03739427600672
-2.92403743512124	-0.13122623221624	1.88302342039003
-3.05329969342671	-1.21783607792218	1.73858752836993
-2.70788138824811	0.285441216609287	1.79303937886248
-1.94742214820945	0.684769526980306	2.86835374210285
-2.50590226614426	-0.393321403482315	1.91044542259417
-3.14378231976608	0.21055344111315	1.98402170226485
-2.51212976182869	-0.961574170721134	2.47073375597609
-3.9208422329668	-0.0621639787293932	2.24041956019552
-2.73489053195577	-1.63912366850399	1.41617048849054
-3.04419229921949	-0.92416126637594	3.3442275381657
-3.05007340469113	-0.411107131934452	2.77927346680793
-3.21650126972391	-1.41385011567949	1.15045993476755
-2.75519125034293	-0.99488709888542	3.27606145324947
-2.89404109851856	-1.34445670773235	3.80302263791597
-2.8355453712132	-0.142987176966838	4.28728211883815
-2.51931739791557	-1.28040608916413	3.16919180026457
-3.33994773970901	-1.48238915166269	2.18727217757002
-3.03384110659476	-0.242011620457548	1.90773182447383
-2.00337362972738	0.183145044005805	2.09782134713688
-3.40368845123329	0.326900888360368	1.95185881275286
-2.23767500324659	0.25500677198485	2.12696521078375
-2.12065224039943	0.0458296173690606	2.56839377872857
-1.92668652555644	0.0213467321410367	2.62706571716301
-2.3726624349973	0.303725922591951	2.4320920347983
-2.32542688114266	-0.0570630097016217	1.73056224550208
-2.35427908739743	0.195735463006452	1.81069040727005
-2.72365110246321	1.15948688891385	1.52153602448716
-2.43618347474461	0.633919860815527	1.79967792005119
-3.21352718618113	0.625175908285804	2.32298895430372
-1.62260889273751	-0.289486554893689	2.28739357429172
-2.50173553880044	1.02909503208613	1.30213692786946
-1.04936307558375	0.504690631554347	1.72247905170142
-2.19033239817739	1.0932287652876	1.73034893201961
-2.24515070855194	0.782097325810621	1.88151484115927
-1.78444616625743	1.21928475601863	3.21996036650742
-1.12604243103094	0.718275854197733	3.40487759364328
-1.07810148813151	1.0801898966823	3.39516900655574
-1.17380202911338	1.89529384461395	3.97165335454795
-1.40040752300879	0.889203772151999	2.71271279597273
-1.94589966769401	2.0932919326992	2.27114555265083
-0.320151374327441	0.918394171081172	1.58245755811099
-1.06250285145903	1.24824006744866	1.66352892994783
-0.976878488750139	1.9214723497401	2.37842701082978
-1.14376654354933	2.14785482805926	2.50038058068993
-0.0566067228519654	0.740863968165021	1.96124516083644
-0.976144925170273	0.758333724681176	3.69633555558584
-0.316797602197617	0.484380196331487	3.38977615931021
-1.65352357157656	-0.211391554485187	3.3698606225644
-2.11084060968576	-0.218347016102714	3.5611523766556
-3.5902765108073	0.26540330322449	1.2606248434013
-2.49613201256809	0.523827625061343	2.02399396551291
-1.86783896934459	0.113705054343753	2.93221277719102
-1.40952662716535	-0.469481108118839	2.57216223864546
-1.95071746575844	1.89561070078655	3.28307299824351
-2.20837941684573	2.25725447636817	3.35796366579183
-2.56530201539704	-0.114260296288117	1.52768588602978
-2.83033075547867	0.356355268079606	2.2314264030061
-3.36982839170423	1.27147729099843	3.10540282216624
-2.8315613459385	0.544822070112249	2.49668557436121
-1.96156461649525	0.709120277375856	3.63866020147487
-1.33487039827701	1.45862365761556	2.83129628811038
-1.57127895122111	0.686218273756128	2.62918877482996
-1.70702022918877	0.827675533933414	2.63340690993585
-1.87322767732458	0.687759880385121	1.39526345589586
-3.6985005525061	1.62226718838861	1.30288937156888
-2.33364023111189	0.343073963014366	1.78319275678999
-2.50175198833134	0.944313690828391	1.48774330273412
-1.91004508656895	0.0924790004867354	1.86310347675475
-2.02614302488911	0.726790740110415	1.5781134129254
-1.36927969842178	0.168663172812032	1.98722443113017
-2.74248045732375	0.856167838800811	1.06753663826647
-2.40646546111096	0.665707008377976	1.37321809276072
-2.49442345086879	0.691274317952356	1.61169458727956
-2.25884143598066	0.810307739819297	0.971165681218152
-3.10696786580511	1.0560247368067	1.33097776549934
-1.65277076345822	-0.257649740160968	1.60048680082639
-0.628900092221933	-0.468518081023897	1.6264936633343
-2.30562464189815	0.392977263883036	1.79576265360833
-2.78097272696213	0.443988227943444	1.67880651759489
-2.40718713362424	0.445073542147998	1.7665059593635
-3.19830310308529	0.813898925647111	1.10885974192959
-0.811275085423663	-0.347489547094446	2.51120146269594
-1.00568617970928	1.13167424535052	2.15707452489255
-1.73903209088868	0.233497543667341	1.8995023003379
-2.09589864924438	-0.383660141707794	1.92691230058441
-2.01365496206907	-0.35595701843102	2.4965311612757
-2.04142590739644	-0.607042238775686	2.90341138257856
-3.63032629955732	-0.494062426388067	1.64487894997821
-3.63032629955732	-0.494062426388067	1.64487894997821
-2.48255830572069	-1.09120134916342	1.32873067289389
-2.65327427699165	0.468315128218814	2.16477028468901
-3.03979446964934	-0.361791747169185	1.72018105618542
-1.30682340286304	0.661532514438364	3.14478514154602
-1.42299564615249	0.427164105138477	3.3742350275846
-1.21187896706718	0.907273762540787	2.73763531899163
-1.65667035641425	0.661463991869128	2.34291008440507
-1.95246222159385	1.04794810800104	3.25616741588768
-1.36046628132524	0.363153105480708	2.77568455491871
-1.36046628132524	0.363153105480708	2.77568455491871
-1.5166869704181	1.02403414472466	2.68939530940104
-2.04004119248544	1.36661759794095	1.71916303076376
-1.32490739671801	1.42489733176199	3.09409563564414
-1.67565822742612	0.0868857620103595	2.27395752290989
-1.34671137149034	-0.559233277519708	2.14476872111974
-1.11630642944301	-0.59513583321693	1.85024686303348
-2.11814136963338	0.852772252027125	1.71871085854085
-1.17442356020608	1.39171246178347	3.01322568222967
-2.10974789124117	2.08929927729088	2.22600972185655
-2.10974789124117	2.08929927729088	2.22600972185655
-0.414938363290932	0.424476286995124	1.82897558701289
-1.43718044941699	1.66369547812609	2.30430769391219
-0.85385133691047	2.96163001460869	4.36399092704916
-0.0618115446275384	2.06880974265226	3.15152876269718
-0.418373059833646	1.63251873446462	2.49242409554394
-1.466308108615	0.895842439081767	2.55505760411753
-1.27675144129942	0.320602792057217	2.56315415339268
-2.55104124563482	1.38697233644656	2.06337397143862
-1.37678510929779	-1.33017299256843	1.66954079277257
-1.81940166269244	1.2359416997448	1.87591393555398
-2.14964489911569	0.783415687818432	1.84230675194159
-1.54827933343624	0.668568063571349	2.75581040538482
-1.21486145091653	0.275106187305297	2.59706644026672
-0.779683960854423	2.02654379182724	3.09473611710944
-1.92913533451661	1.43946051915189	1.98277496988595
-2.51203518749704	0.666089692763084	2.91882278147393
-1.43034260827291	0.175883564412448	3.02952931174269
-2.46735896268274	1.10400784933115	2.72233521970521
-1.94136705899954	0.614973981819218	1.2429690693986
-1.51474402168423	-0.247415794789633	0.953164390672527
-2.94745226190114	1.32100271797264	1.97324983126792
-1.39041406320987	1.43443893110328	3.61161721091208
-1.90263992279625	0.232872787055736	2.91620421072899
-2.48809756344818	0.909311180442357	2.85162471144882
-2.36581875122231	1.13344116305088	2.67211285023041
-2.46627066090297	1.40999274885807	3.15271103053615
-1.39392836790641	1.47725573447818	2.82501776354328
-1.21947659872856	1.09327644476168	2.33168369898262
-2.5393751053038	1.23077156397294	2.75825240045933
-2.97734548544621	0.876654678828108	3.06964954633204
-2.32733410991204	0.329685854464674	2.71530202841216
-2.82422140470835	1.36137160504742	3.09305327915546
-2.57194473287476	0.545536759593419	2.78486839281991
-2.07945722257729	1.19911336656929	2.80735963265075
-3.69624243517722	1.51417285439785	2.07021188891905
-2.44309640753387	0.00326509535665914	1.56163075357948
-3.05245922440376	1.03659887874311	2.08744065060195
-3.52201593740532	0.169531934856989	1.49242665779028
-3.34359666284604	0.354159114860837	1.19630364572741
-3.52152687608608	0.513859584902362	2.01745312217338
-3.46110621565763	0.550597391520156	1.30159220057582
-2.67338992579958	0.827423604236718	2.27433804512976
-2.89716759925113	0.357587450213012	1.23399746990791
-2.87775045180625	0.198556673290068	0.952399211893803
-2.78926844378795	0.485500759444641	1.72279470178116
-2.73622955654535	0.746135535611703	1.49933813631947
-2.54116159982905	0.482399763984957	1.76213695978045
-2.36127158389951	1.1927417462693	1.24403424235538
-2.63671221434956	1.13710337955789	1.18139870181309
-2.25766318811329	1.17236626027952	1.1643558713413
-2.96176081498772	1.16474260714963	1.28108082565829
-2.96176081498772	1.16474260714963	1.28108082565829
-3.30104699424107	0.744436356437177	1.44112902402481
-2.23194584268974	0.332075687961871	2.0393313590042
-3.02745803059513	0.0969025552297861	1.47515852830787
-2.87337875097622	0.233724078739382	2.21965168461211
-3.44076390492497	-0.167279643581975	1.86036338708088
-3.42210997006099	0.323760797276738	1.43784146813032
-2.72235585789131	0.659472342515711	2.36679451232666
-2.24049918638849	0.692138736545445	2.34242712243312
-2.60627774947351	0.959362163098496	2.04639531539761
-2.89056027594158	0.795277329310601	1.11221358233074
-2.21457428614124	0.83710822563043	2.63941354711965
-2.36757180197347	0.695774859933569	2.58396784247838
-2.35281634597594	0.934196100174775	1.64354871246783
-2.10849445282203	1.17333448095006	2.07399007129341
-1.69194946549294	0.5974794913014	2.60475607900268
-2.64216216765122	1.00698422454236	1.11326126326021
-1.50947342553375	1.27728346825378	2.00973491491777
-1.52575859054407	0.783050015192796	1.00899696803984
-3.10817534077109	1.62807667959404	1.04708048705528
-2.30930674653504	0.297793948365814	0.862362597726281
-0.756624152444173	-0.273931015414468	0.753637419504904
-0.825895901466825	0.830830768816446	0.82504260151971
-0.819493604848202	0.791500658621587	1.38171273036655
-0.432601743559873	0.498099614974288	1.16704810176277
0.0211751727898634	1.04394241582876	1.42366691575261
-2.10480506227494	1.42161158849982	1.63455727868418
-1.94222439190315	1.370558311673	2.13957581436886
-2.27373516947324	0.696875874072531	1.12471897155173
-1.82218720434848	0.872263740870517	1.87874000186807
-1.26826480932527	0.715213352112678	3.2483651285571
-2.77725646178863	0.408957189266482	1.80918135932993
-1.76168423625384	0.746700414798849	2.82411932984733
-2.3801775163061	0.942636294855304	2.25099815426745
-2.41815506550621	1.32184431457243	2.6240588645495
-2.57376711107509	0.547554798250244	2.47335841049379
-2.11038995258412	1.04701020273245	2.57351847674783
-1.65501896066461	0.524312818741167	2.55192858109275
-1.65501896066461	0.524312818741167	2.55192858109275
-1.98927475434133	0.853593702231902	2.7781134873402
-1.99994286844062	0.948599479714394	2.29675235837088
-1.60926066605174	1.02807992738597	2.83619260552592
-1.35535760695789	1.05736717816369	3.28409998821146
-0.923013182021749	1.27690737972341	2.85795654818659
-1.52723181032978	1.50975119860441	2.28748125936431
-1.64059906498534	1.76672862040281	2.72455640776975
-2.31421238527421	1.69358431521367	2.35705628810064
-2.36770940850134	0.470756017345628	0.828587900107835
-3.52784514983892	0.546817642031003	0.904799543362814
-2.37145493290361	0.742709646340425	2.3021054763341
-2.37145493290361	0.742709646340425	2.3021054763341
-2.21084668045822	1.27509240233052	3.24280014007249
-2.47147873781026	0.63859709162514	3.73061766450331
-1.96478056435063	1.36305616364485	3.72750622264348
-1.29261675976433	1.1316320735523	2.493209671017
-0.817795590172764	1.0973245604006	2.87925748396444
-0.680644450876359	-0.896917831918289	2.5673107534473
-2.78214585482637	0.384663307513251	1.66354293589316
-2.12368668531562	-0.143921153782208	2.59902303335477
-0.812394214643533	0.673557778888331	3.6642550251392
-1.11805697674713	1.01532599300114	2.25311769576312
-0.645715295623849	1.44305599818606	3.12038352723871
-1.27957838438994	1.98734635291256	2.97697485404151
-1.36869364187167	0.88649629612213	2.29749226904802
-2.06991729029231	1.04688104061334	2.05223831261542
-1.40823570017688	1.43989428168849	2.22629096245288
-0.742950885748625	0.391437442485252	2.54061834257116
-2.22969872135553	0.955606791524712	1.81532380478563
-1.88626504632073	0.969909717962669	1.29085915631314
-2.080708611621	1.03173975352754	1.83724053132158
-2.00397145534828	1.17279153138765	2.47723158302184
-1.78587816074799	0.573306524227905	2.34670510422745
-0.906443103472414	-0.0879503968509191	2.04414221815987
-1.91611270752172	-0.158841457935301	2.50186126848521
-2.93070606895533	0.728836220919815	1.33049144888964
-1.9706399749313	-0.706363189617208	3.25984323551316
-2.24019477798667	-0.346986439987289	2.52799452602138
-2.64511880205739	1.01889153252531	1.99936969834221
-3.15509516598258	2.09144072267299	2.32306306685063
-2.91728262841658	1.83066741755924	1.52884389773073
-1.46783188096891	0.776178345503509	3.19837974010689
-1.45369252863317	-0.695893403576561	2.72190134249425
-2.23765801066045	0.697642743487105	1.97114571239413
-2.89310698841848	1.05849728766857	1.84117483166373
-1.69706313012817	0.901627763209356	2.62846104168847
-2.7649042555291	1.0738720296659	1.63573768477476
-2.66961472425987	0.968458568054944	1.12671626460648
-2.39598595558246	0.219036110858857	1.6726213377821
-1.33028649052659	-0.935311341939345	2.47137931426517
-3.57297242887722	1.17790918672648	1.97924068065609
-1.82754954313092	1.0356551156059	2.60107424857062
-2.96374393000117	1.57510732626545	1.23382249288867
-2.41052460637236	2.25625417231679	2.04152579408141
-1.82610894117729	0.932931232336496	2.00266924347644
-0.89325450158928	-0.446158105659904	1.67520830651299
-1.52385602985485	0.747385879596513	1.21865113299718
-2.24631778655543	2.26529318053084	2.95634244457667
-0.957554433155592	0.829840345601093	3.0030837903141
-0.892315400824712	0.287003584500517	3.63257500913369
-0.990295610488258	-0.431554141277786	3.94001754560786
-1.39565809162297	-0.325653661360027	3.47799340957583
-1.5940993166623	0.273666488452118	2.31525204688602
-1.2808470041507	0.200993811939463	2.926183035641
-2.28700128108479	0.338901452979105	4.14846832655468
-1.76059708323573	-0.238885095805959	3.71063360440852
-2.17535180186712	-0.327688462218717	2.51419454353721
-1.10038025330277	-1.23727115765174	3.61318065157877
-2.38935290211088	0.510040372612045	3.16385087199228
-0.966581672967489	0.185567701635128	1.60494106007495
-2.34615286948043	0.694604085004479	1.25149673771215
-2.87202708239528	0.386524435413497	0.650159549681459
-1.6653071678972	-1.02789646202549	1.71910772788164
-0.534807200853649	-1.22048267880964	2.3271811036241
-1.5456339641693	-0.74302795671462	2.38448856583687
-1.51809943318646	0.371179469257975	3.2650190721055
-1.36343648860564	0.920517919032363	2.52915911996007
-0.702391420801626	0.895019129714866	3.46719409637218
-2.06529803852569	-0.0458133468369796	1.64664648719161
-1.71016541237642	0.697385273414852	2.67725488556903
-2.33135246440045	0.811166305930959	1.80965639663668
-1.77624194308012	-0.0606779853259403	2.35389893869146
-2.89175176362488	0.92650196682239	3.0374448945596
-2.44743353711361	-0.873842694408083	2.23032019103876
-3.03261139987375	-0.504473632263505	1.62548089631698
-2.33946214995205	-1.25347284179197	2.10707790691082
-0.491774206781444	-0.112811287142031	3.09440617906763
-0.726340969948646	-0.194391491312274	3.5544561998738
-1.29779260518018	-0.0531204436264914	2.4847384987934
-1.75697359334561	0.0579246849254801	3.16677648666898
-1.36449741506172	-0.393992237900074	3.86063664470827
-1.56341681330885	0.418705747141188	4.32552825002808
-3.06741500649351	-0.242219837149978	1.84315883950543
-2.38362099719017	-0.289700676749749	1.54094799794268
-1.88662113039027	-0.448158174531538	2.23673252277672
-1.89795382016138	-0.450334565384047	1.84321164478513
-1.84214349280489	-0.160234626371964	2.19890723538445
-1.88228301297039	0.256752458973555	3.18666830957396
-1.08413942110717	0.0967947123413664	3.06281517495111
-0.779913435590679	0.354973853151864	3.64146947973861
-1.56832923979445	0.70065815240146	2.75732447618603
-1.56832923979445	0.70065815240146	2.75732447618603
-1.56832923979445	0.70065815240146	2.75732447618603
-1.48462052978885	1.10256137370004	2.09609247697817
-1.26554800951806	1.17808151337552	2.42045684611837
-1.4955496665668	1.14547762811705	2.89895573894469
-1.80056482954693	1.1839026153331	2.5362795226867
-1.24281456213902	0.6450533646142	2.54933210010955
-0.47473272310062	-0.250085736529895	1.66060551108589
-1.41722228196867	-0.485468437361503	0.923677872947149
-2.8628385682399	-0.0284339983671638	0.972034175896798
-1.42301918150814	0.448546391544576	2.48047972214238
-0.981599547865198	-0.26050676858069	3.24134648520115
-1.48270608923908	-0.255515835462901	3.0667563293538
-1.78759759342314	0.355911611008721	2.93158006277681
-2.21433162806891	1.31283266956066	1.7277150940576
-1.79785375528141	1.3957225115567	1.9905684905806
-0.851231163324232	1.53509000843067	2.28026802036486
-0.908399599868755	2.51060121737722	3.45120464676173
-0.599225752405906	0.888381832250931	3.05606138909686
-0.142740256570659	0.958118663970933	3.30150527170127
-1.1176141108378	2.78091237133503	3.36528184239392
-1.70901029916449	2.76607946876008	3.97925584887775
-1.92987561056674	1.96532194516846	2.37008083188311
-2.12114560374804	1.60401765003101	1.83375754458535
-2.25959456847886	1.8324794573426	2.93942260404162
-2.27450378085826	2.91396091533156	3.93995820901763
-0.48907749547606	0.200975933264096	3.19497819616809
-1.72219260249558	1.24279828776929	2.45877523740732
-1.29246413445726	0.508492960461664	1.45414530212228
-1.62602763987711	1.43104528237226	2.61281329499613
-1.97888839094257	1.6422448440497	1.81078902487609
-1.94985069807269	0.264395866293104	2.26571154042707
-1.52848890531591	0.402091790353292	3.20447094577652
-2.24899093375997	0.506745166067093	2.68669983095291
-2.00226186537053	0.544462353972572	3.08344943515529
-1.88713873439304	1.07083992850565	2.39197307652843
-2.07352083837174	0.703068870978659	2.39518512963858
-2.29711350799293	1.22006601712798	1.38164286140592
-2.23623977547081	0.723643699636108	2.51705259214953
-2.23386765739008	0.780360621621624	2.28439392278823
-1.71872758221484	1.50168776278764	3.2532312698999
-1.90949828837991	2.51136889889765	2.71152766935465
-2.40635474028852	1.75976765317688	2.51191296860836
-1.96437089991775	1.28601211569239	2.1574949995627
-2.10348206775151	1.01520882654247	2.54454323874959
-1.83555749025843	-0.174650236086121	3.73189103344455
-1.39603347010587	-0.683263334369594	2.42769550768686
-1.20112423197299	-0.698504467106663	3.32655717733641
-2.1477621694742	-0.353014609335812	2.09502608397006
-1.61749339246084	-0.438722226797011	2.94740723799545
-1.74286674871827	-0.703992831521358	2.25666543672582
-1.68799448318196	0.29674243180488	2.41799105372411
-1.68799448318196	0.29674243180488	2.41799105372411
-2.30226172658814	0.930502137190553	2.53945350037375
-1.4744227903268	-0.596826393276476	1.49220322961234
-1.36286786520389	-0.202234568026271	2.02663076933226
-0.904112248681559	-0.296330087971944	2.35927164687329
-2.3749045493695	0.602331972753419	2.39492044540979
-2.3738531442128	-0.793375051648884	1.51208133431294
-3.25496941362112	-0.0974954795361885	0.843958527961431
-1.97473883874534	-0.659832003499303	1.26339232502189
-1.57001299362469	-2.03237817169385	2.37360364741739
-1.43277340216282	-1.64450440650939	2.04995839904341
-2.62507363203739	-0.179660014933931	2.44716164221879
-3.00282903867714	-0.657781416731787	1.98723867349352
-2.08847097396159	-0.718849055497507	2.0573767843099
-2.47579339279234	-0.764484032475915	2.50860643626033
-1.53043911409585	-0.960029983351563	3.62888512569198
-0.832002088390766	-3.51063443817173	2.46954335814695
-2.54585522407657	-0.75874429818067	2.98755866688667
-1.66399678810631	0.0197456688885076	2.72718515270652
-1.81799927342368	-0.687962271438116	2.50980318845739
-0.756518032842865	0.233579783929857	4.80559651754738
-0.572086302710707	-1.98328452655145	4.24119403963385
-2.41113653744259	-1.10757916163925	2.74550943568721
-2.85120235151785	-1.37948062397351	0.993323209217839
-2.75286484476586	-1.01255357535004	2.06049799569382
-1.9574160447559	-0.909629841119402	2.45400028882745
-2.10895973672507	-0.910869478569148	1.93116005208113
-2.63016942880753	-0.486377470305911	2.01224501898212
-2.68392071020613	-0.183473553353113	2.45011411656707
-2.91128027199911	-1.18612079133349	2.55240946044983
-2.96487886635789	-0.94393094386603	2.42372308673739
-2.64449170854287	-0.602207451684124	2.38409423984754
-2.38967223107177	-1.27511905785417	2.08908942439557
-2.4809797028497	0.438170606545827	2.9029537144701
-2.32977434715728	0.110024122463989	2.18677507431674
-2.32977434715728	0.110024122463989	2.18677507431674
-2.17932986736713	0.18596544607774	2.2290756833185
-1.39184903810715	1.03632797078616	2.51133054512643
0.0606340963199969	0.347721705646147	1.97200398417588
-0.0218798518780116	0.220575096452286	1.58491918093877
-0.744068951233288	1.67292632905216	1.98176395472901
-2.63921580569952	1.65408865349016	2.359699661723
-0.489725502764567	0.436655352936036	1.22619327417327
-1.51328077904284	1.75689237906274	1.52837249535594
-0.551647870799902	-0.188598652114667	1.62249587368068
-1.51480264626674	1.61756939379865	2.15847686155195
-1.41400421966216	0.627191125541739	1.29713702785976
-0.209265663539013	1.41961021889822	1.17958082453236
0.401073244994159	1.17417598650889	1.61791578929208
-1.79465833516293	1.79755611913615	1.58140964919972
-1.50927250865488	0.508150013801766	2.44524772320334
-2.16183464858417	0.982643397345465	1.89576608971338
-1.92814462971353	0.047653349705839	2.82018954593909
-2.06688296159682	-0.160605750980861	2.86729524260312
-1.63177989570251	-0.655996681805105	2.47718674143333
-1.79981305205996	-0.617471079453053	1.98445116293783
-2.42476761654331	-0.107427426356791	1.64603035164826
-2.14848239638107	-0.385786925731696	1.71009870707346
-1.87553226778385	-0.220959058983938	1.92637154048932
-2.33231437258722	-0.532007882686115	1.7201237274325
-2.62233372071961	0.113284948060425	3.12795847391409
-2.41852729265402	-0.180654123251613	2.06199105735748
-2.81083317416489	0.203242632503461	2.37881547884356
-3.22604337914725	-0.661466157125279	1.44482344777519
-2.93643265979326	-1.16715129569884	1.47780207977994
-2.5014096892676	-0.123016093011095	1.87526860565903
-3.13867950884159	-0.116842270897237	1.30420118218355
-3.10568164252373	-0.340999476396582	1.99650477404461
-2.69587152190991	0.355084250481672	2.17942838205434
-1.93035819579506	0.532287377022039	1.26742608490515
-1.59844445973182	0.966768370018922	2.14883165221344
-1.59844445973182	0.966768370018922	2.14883165221344
-1.59844445973182	0.966768370018922	2.14883165221344
-0.975448394249281	0.697350208246743	2.74373196289084
-1.64317724367742	0.811888057343981	2.89408159145647
-1.48335237814784	0.125196380100767	2.93945018556267
-1.21265405516504	0.167060727810618	3.64496627361999
-0.251644205022267	0.230279838125986	4.51586021882046
-2.06368231573131	0.449882235314832	2.29107058259494
-1.82674322539958	0.229770534212863	2.55969449148874
-1.72908103414354	-0.303031777234548	2.30967119368871
-2.58904162880096	0.577094862432699	2.09521853012621
-1.59704891488088	-0.0137759214005255	2.67759943424038
-0.427747177369803	0.742463112219837	2.43647101094823
-0.793575620267956	1.50696553595482	3.12589881271272
-1.39984881615212	0.838884127814535	2.01497018347787
-1.03805229372022	1.26417215957208	3.30695003809282
-1.08523304050349	1.08876920817499	3.00118380269994
-0.574850678138725	0.676988433974332	3.68744015845363
-2.38848955705077	0.171789840882094	1.87055694533922
-1.75660945030933	0.0230514630473993	2.21167130912273
-1.80188124701043	0.382005384979949	1.81609369641635
-2.46509406557631	0.375232135177251	0.526089874023247
-3.02174645013803	-0.117876476182038	3.25290990121947
-3.17858028777559	-0.790107997068053	1.78051523283844
-3.14663843098581	-1.35904423199166	2.60390731915357
-1.28026275051674	-2.42860764777802	3.56951978667812
-1.99962323680527	-0.797988325016226	5.73329667805966
-2.10196034533304	-2.33476982408537	2.93086290664539
-3.91563931447558	-0.466381125982379	2.67203849446258
-3.81572927883676	0.426081726430275	1.70431911399327
-2.38826010318498	0.463535866899265	1.42542677914188
-2.19618519706588	0.628409776984966	1.65783383976175
-1.67827137089534	0.160096753704573	2.0961504625337
-1.52050326988251	0.991130042693394	2.5345698659735
-1.31314265273183	-0.0900024167909279	1.95882636525116
-2.47093262981927	-0.0793983422707627	0.810983928163518
-2.61047677766479	-0.503815671885681	2.07714522669479
-2.23452026233832	0.261608783641222	1.53817741998299
-1.09533166075619	0.0176479582821769	3.31283928208182
-0.624961066480448	0.516505419487949	3.47964609259379
-1.48128773396919	-0.239790728155257	3.08825313240763
-1.48128773396919	-0.239790728155257	3.08825313240763
-2.93022620059438	1.31746654696254	2.388758026583
-2.513885092603	-0.783281237447042	1.71250136413392
-2.44933253463083	-0.51507493350046	1.66436972754171
-2.44933253463083	-0.51507493350046	1.66436972754171
-2.09562991877596	-0.474769912857961	1.91821327564638
-2.70363460738507	-0.368060056904741	1.18965081095916
-2.56413311375541	0.452778083174899	1.74654820242673
-2.327764595481	-0.224262760249393	2.4214449980966
-2.05484392301444	-0.574670997829554	1.93508958384294
-3.20512068473113	0.291323935256076	1.79005335857369
-2.35961744384693	-1.26017426972019	2.53426584830131
-2.21192436384601	-0.0405928241083738	1.58747957035104
-1.38321732322712	-0.273292000647291	0.876714724744698
-1.6415731151129	0.430396469387058	2.46673572034934
-2.81439808378124	0.503113821504756	2.98115857677674
-2.02315374616031	-0.700996042577625	2.13847776333835
-2.2289282844264	-0.36955652754088	2.19471818825609
-1.25459169014912	-0.495500026034398	3.3698513057787
-1.03138742841409	-1.39989332920061	3.06920171883106
-2.11297118497454	-2.21647363034341	2.6358246293024
-1.24669631347654	-1.64841561602651	1.03147826213454
-1.462671086989	0.0511270335353917	1.66676506410704
-1.9469404060278	0.777319701635375	2.30961075186358
-2.71711099917929	0.791316623132684	2.01853387206528
-2.66217239972487	0.724737617754574	1.43338715523741
-3.05184028511376	-0.164539716052041	2.07910752764692
-1.61118292946647	-0.734246419863062	3.56481253442546
-1.71425638299824	-1.45361318376776	3.70521101756977
-2.0898719183614	-1.75989406054184	3.56900705979587
-2.21619082923851	-0.241168178660744	3.03933173455606
-1.9391055586563	0.184912103973008	3.13171901360894
-1.51354422708385	-1.27957439222214	2.56398939447717
-2.25741018308532	-0.152909337820263	2.16049935042661
-2.15595698186978	-0.129351153182133	2.63173780115089
-1.65418347966287	-1.31178180555636	2.17203012037938
-2.34837071625547	0.666020216840043	2.53910876827879
-2.01491455533259	-0.222342619641749	2.83680918570288
-2.17724127600442	0.392223986262652	2.7280625602535
-1.62169875804329	0.67639885400257	2.7277172631421
-1.12557023688716	0.194009119899393	1.4206196571437
-1.81159778370243	2.89085518016433	2.09265866933941
-1.4918726912459	2.28547576582693	1.43827926960312
-1.14074139082386	1.89374419506268	1.67219543865738
0.170899740746976	0.334764063854326	1.38465194125647
-0.672259946021105	1.04925066784884	2.4921482034235
-1.75316512891203	1.33682413949194	2.10873143496179
-1.52692970969447	1.41609616204072	2.06410190354907
-1.83970260529048	2.08292290190942	1.97068461211267
-1.31549688277171	0.352915502877746	1.20844108013776
-1.09642437888812	1.63899865982942	3.04683326392284
-0.710656785879985	0.167142285128667	3.38103266702381
-1.70148695019313	-0.338277962670251	2.08575645402498
-1.01386313589075	0.10527108486831	2.9196505177172
-1.22905238380771	-0.332782269916586	2.52482782899327
-1.36266154230853	0.466388647187798	2.88949795666736
-1.50379002430233	1.10494442699117	2.67306731732035
-1.40234685868344	0.510598011337189	2.69996104621632
-0.58511347122344	-0.232295888836232	3.49332770872099
-1.50434856344776	0.00938613322665163	2.91510348683619
-1.84684612821812	0.0714406274045582	2.75076493198151
-0.805742344558368	0.396833373788314	3.88965453364304
-0.899885080237505	0.572820766951725	3.01754761085422
-1.48348215202836	1.22425090366149	1.99652723160298
-2.11561504465244	0.00697021067646197	1.87022510674845
-0.682046163382407	1.28738469950451	3.43599624078936
-0.940990584859606	1.7215820972722	3.42662601145995
-0.891281739802192	0.95927024225858	1.67263746942542
-1.7549872365382	1.06937673374404	2.55188191415595
-1.57494687036241	1.13087573049757	2.28569953658429
-1.25259026333584	1.456497787924	3.27799916145989
-2.31447960353329	0.849582928562498	2.47511600217419
-1.41538988614494	-0.435581659429417	1.87962192767084
-0.254550342761626	-1.08986900865598	3.39555552476686
-1.62488497731947	-0.732915566123791	2.75150909863464
-0.852318159440941	-1.23135065977173	3.41307681270059
-2.14581753789174	-0.187935763236318	2.26639179475417
-2.12316685099393	1.37289127987548	3.1233731097245
-2.50966907994426	-0.157264742439161	1.41397022799315
-1.88335173459906	-0.231846476835008	2.37092902758804
-1.38892192165514	-0.506820367091457	1.9202631997308
-1.55932886564433	-0.451767699230287	2.44430534485509
-1.56126526070625	-1.40797432700342	2.63822946468986
-1.88620626036754	-1.23236995808123	2.82455694410783
-1.65503868821146	-0.164725076718921	3.84052777239419
-1.46710703183967	0.201614775526371	2.43637071094135
-1.6060440265327	1.33975917173553	2.08391818245501
-1.6060440265327	1.33975917173553	2.08391818245501
-0.763546518620368	0.528551934188479	3.375102670589
-1.54892540454908	-0.195965891826334	2.76526948374719
-1.67576059546072	0.859419581800163	3.64711263970424
-1.41240371854223	0.344509131078544	2.92816123632923
-1.19814551436969	1.04350529725281	3.70549647843824
-2.39011365356369	1.72803652742187	3.78780118828249
-1.82677214511218	0.800312292684421	2.493658755282
-1.7981113183848	1.32797296012458	3.5202409459904
-1.87729575765943	0.168594107987635	2.49915786013452
-1.50089795461478	-0.308179918854119	2.73842746413429
-1.997702904356	-0.220801948984853	2.53580367901886
-1.78382129518784	1.14435098500663	2.92906615202681
-2.16206532353393	1.18832490277553	1.72903217033311
-0.281012386788057	0.723184511722099	2.86989732224962
-1.18029952232314	1.38030315992402	2.50848983603864
-1.36225862394063	-0.683787839279939	1.01855074468368
-1.05948380446546	0.651102291000488	2.75238354030746
-1.92833808953474	1.88819789393266	3.39587286983069
-1.6710558326163	0.561430052373043	2.23038445938786
-1.99535566424567	1.53794224161068	2.54541056993337
-2.55904398965328	1.20765436385071	2.47960327521772
-2.32020830901346	0.58351538663638	1.92293927285083
-1.96567745381059	1.06390206171952	2.66866327160851
-1.88239102924302	0.312198434158052	2.54107403368829
-1.96395048984784	0.719951384524002	2.43747178426505
-1.96395048984784	0.719951384524002	2.43747178426505
-2.71469608326307	0.152068938512153	1.7865733418719
-2.13289231525996	0.927688250753103	2.01855999529433
-1.8154953272064	1.72299236503612	2.19496590893111
-1.58943259227961	1.38417405017189	2.72159725619727
-1.74683708786745	0.917000042077265	2.58860670642741
-1.29807900640723	0.908375441449679	2.60141996938541
-0.365953853527931	1.13166036877632	3.30435796890215
-1.55306726078571	0.356295576226517	1.88314425221112
-1.36680555698004	1.06293346967851	3.23004739078141
-1.99241740189341	0.943550511335023	2.43642829831557
-0.664624092746205	1.24355869675331	3.69925647450188
-0.874271345118055	1.19396846473894	3.18650796596921
-1.13072064100922	0.648140473751617	3.21310256379756
-1.16140258760849	1.39451859275363	2.90951948562794
-1.18506614277161	1.11072795347079	3.45723087028378
-0.508096622792507	1.15315605726948	3.23318679060038
-0.219919610359345	1.5887370269938	3.7324358422842
-0.666608135234864	0.51012705802763	3.28998000951266
-1.42632490113449	0.193582525053057	2.10658900302355
-1.54491261655263	1.10365857863579	2.76870460797211
-0.904800700378747	0.785930428939815	4.27811234750028
-1.804905130901	1.28351449898976	3.77576795400596
-1.17376946051181	1.74218927527051	4.12379918859537
-0.526789951518054	0.924099074171048	4.20963347715018
-0.523707764425824	1.71765192446769	3.67964187217709
-1.75570146729869	1.50381682391313	2.29935912721106
-2.23278038147781	1.64119508641665	3.68494135684502
-2.77501548415913	-0.241576910948471	1.56207194316744
-3.95044959371044	0.748494434672349	2.19315360630376
-2.29287899064219	0.913837490214585	2.78789610506629
-2.16084701150533	1.78794304111462	3.28343393741613
-1.88324697442314	1.38641835696402	3.44561769572311
-1.17177549096181	0.792221130477938	2.23379398630879
-1.64885501653269	1.80973122519911	2.46356389790276
-2.20793852538922	2.3907267287677	2.48532224120679
-1.05396319299073	1.1001066391864	3.47584877137284
-1.77443480989778	1.6980212706141	2.66622371362815
-0.776058547691422	1.37638120566404	3.8192340543558
-1.76328519777311	1.84874138458504	2.49115644665298
-1.91223623951252	2.9468637618858	2.44736126999641
-0.862627913952986	1.8691855540939	2.69092639661106
-0.548538962960398	-0.0022389650527283	3.40258198001516
-0.936735254869589	0.335466966444859	2.92785453630715
-0.989127575361146	1.69981545508869	3.45881789357684
-1.07667493073303	0.845040217144704	3.14891501255859
-0.744789074173253	0.242523377280555	3.52256322258327
-0.744789074173253	0.242523377280555	3.52256322258327
-0.980943043884961	0.0469228946494047	3.14777558661527
-2.07546671026091	0.866267450883182	2.41796162930976
-1.34142706941042	0.648304554714425	3.20161859311754
-1.14748949851626	1.01112682382966	3.63911477482005
-0.502530016275024	2.09076748639038	3.23244462520863
0.444710847312519	0.98242099806795	4.85444153410641
-1.18876418819532	2.48881938113623	3.50012814135255
-0.921452891162967	1.74454012386941	2.1517561991616
0.0293164019238801	1.75005265797325	2.36589079088051
0.622168963990246	0.88157664354651	2.26976194880699
-0.451402102839778	1.79268629749657	2.93433157410389
-0.927713687528182	0.560878744324825	2.8828997360969
-1.0237195173894	0.102075787210968	2.78982520835198
-1.0237195173894	0.102075787210968	2.78982520835198
-0.786656525049687	0.104717585826088	3.6948356078444
-1.51643501520422	0.25937702371451	3.31796272796811
-1.87591286833342	-0.0548310727330535	2.22316993924598
-2.73632135733637	0.67782963913748	2.7478687231589
-2.03557888285677	0.871144035308329	2.41969226419734
-2.32520531151473	1.36582379738797	2.66823040981643
-3.15388040533114	1.38421675309403	2.49177710511545
-0.588812317995059	-0.0814152991399775	3.27880541577969
-0.921896224824988	1.48345718864057	4.60328412052121
-0.89852817838629	0.410806824672423	3.87083058320281
-0.759442215018728	0.0223510580729051	3.54764779783386
-1.38796640504342	0.768509196371706	3.14529816337349
-0.917470597928539	0.894296912064494	3.3573920798925
-1.89817788761823	1.56397281001064	3.27075772441911
-2.22898253180517	1.33232222647329	2.07559069450881
-1.97562234279057	0.577779076911743	2.03688199680784
-0.0319489005678478	-0.568456627581066	4.31788045769502
0.328775544324287	0.181231651582169	4.69243732417613
-1.3409102221493	3.02264621312729	2.89763355019109
-1.97576653280456	3.61790370013708	3.42337227555558
-0.563252622130156	1.38412904368097	2.75661573180657
-2.12551312075117	1.02373683400611	2.22976559567809
-1.59856302474497	0.106556750671856	2.84957325543088
-1.82183734432115	0.254520239371625	3.02536580165276
-2.09512775355966	1.08118809620437	1.82625419484716
-1.96685196246331	1.4184479797555	2.61145724251712
-1.08212457684875	0.700088960149001	2.86390737927312
-2.48518455458258	0.451745832629611	1.74435372464346
-2.45169887302056	0.765862304235972	1.62863422860258
-1.81907185844164	0.270604231406473	2.24462182360696
-1.30997636441527	0.485839725369851	3.29397961934671
-0.491841395905014	0.244788662375973	2.96156983750652
-0.586622155180297	0.566395410501197	3.92961988075477
-0.956553198220517	0.441612283103299	4.08051681386896
-0.23986609995203	0.340760298156877	3.92570281820929
-0.797246579840917	1.43162360806029	3.1816561782657
0.0715923035868147	0.972121096005118	2.74012382492497
-1.37870564919632	0.985207678004697	1.67260289483576
-0.87932073296691	0.801240792702205	2.00283860173269
-1.46405692074168	1.49195885139273	2.30656739219955
-1.47939003186214	1.62768309189675	2.62349972708792
-0.431018221235283	1.01815009338705	3.32431863246126
-0.420144188079539	0.786013507258097	3.34796829998818
-1.2575866553718	1.13422981467441	2.46359407838101
-1.2575866553718	1.13422981467441	2.46359407838101
-1.96306963838303	-0.0216152172880506	2.05161194162831
-2.33768845181013	2.03639550312575	2.41673504092201
-1.20740527561934	0.861424427034806	3.53704542362928
-0.771834922405529	1.29061340632472	3.81472295905683
-1.12873990372482	1.78299825071901	3.20490218808954
-1.15618044014925	1.10863551641906	2.99155095573867
-0.783230820031162	2.24094057307425	3.82677096757118
-1.4605494853442	2.5021154418659	2.66525445414973
-0.248988548034273	1.61008814174539	3.56037361115721
-0.809346550236776	0.178084794351191	3.18414287852813
-1.54793742184432	0.669915257513447	3.34759486943941
-0.759077267466053	0.328896067036093	4.13210976963039
-0.63631604916718	0.192800358732072	3.32789204669015
-1.99994491974191	0.800727037295521	1.66635399062094
-1.74569540293885	0.393217775159501	3.03968364652666
-2.39361281914391	0.618568609524254	3.07946180516062
-1.83667172128688	0.803317046171107	2.4865050144452
-1.45077227569397	0.598132834328959	2.02133583270498
-1.11164339479067	1.14214476199419	2.9870789719605
-1.4133728625187	1.69706864851641	2.68409451129757
-2.25618671620482	0.739078199202593	2.23495826338912
-0.740807224017024	0.107121733427327	1.89856370265541
-1.92489689242641	0.236577782791365	0.459534456792884
-2.19483624333153	1.08460543068285	1.44885099763438
-2.05929643113645	0.8336102836365	1.88143849996811
-2.01467036711108	0.740418333431928	2.12582562539317
-2.23872285823311	1.70866110186347	3.66548767048524
-0.461133181439859	1.50335529297001	3.49389191395132
-1.11564804749899	2.40950940886262	3.60164225329216
-0.36124415266323	1.77469363998009	2.37942684911388
-0.130882727228863	2.16772360056372	3.64295241355835
-0.905375379931985	2.73549155201407	3.90016044180268
-1.19912365855243	2.67839523364194	2.86484718179286
-1.32799553155099	2.78625763260946	2.55414756861249
-2.42579683310645	1.45958264544517	4.14078567881907
-1.35862146151008	0.0440056172057437	3.07974575632491
-1.30794852454971	0.312106023127667	3.15413401504393
-2.49645686335489	1.09838659395463	1.77843125070462
-1.76098063213366	-0.667246941912814	3.24888342476661
-3.1333199092821	0.706363163301957	3.75139118503678
-1.47674725029493	0.721876278224576	4.04716284091793
-2.15268748393576	-0.137297745124014	2.37816955946701
-1.96742594647789	0.628992025657517	3.74191296515191
-1.83970060610696	-0.341395014308563	3.02469120300457
-2.77816990606465	-0.090549143604556	1.80200421444737
-2.62727836335811	-0.370501137138892	2.29924417241451
-2.7439932939198	0.801743548588472	2.19661537164827
-2.20800153812294	0.816096542444002	1.11022261091882
-1.96125389585427	0.539885752561073	1.26497347347457
-1.72371651565641	-0.200741341532252	1.5940320556266
-1.57776123981515	0.429611802310521	2.02949269363401
-1.93164538546905	-0.389209824879172	1.94474195669827
-2.67385074516508	1.52218310688698	1.64190188016417
-1.60777079287075	0.276671255337362	1.21416572821023
-1.56714582422766	-0.301789382531881	2.07610183046189
-2.62745958166594	-0.70355834581551	0.904024423868108
-2.78747425215876	-0.503532947803508	1.33835433616406
-2.78747425215876	-0.503532947803508	1.33835433616406
-2.10860926362504	0.759185533151623	1.59093169224499
-2.29090801879197	1.06240193868641	1.49661419106036
-1.44275911331975	-1.01748738047872	1.36681291743487
-3.1474575408167	-0.25568668809737	1.65060914581554
-2.83865064535911	0.375913976271233	1.30509885914199
-2.90566736342075	0.135945475902385	1.44853929056655
-2.47275695190589	-1.26642733204503	1.27948396670795
-3.32056616755865	-0.547813236477681	1.00242604904587
-1.79079799319802	-2.95407049648662	2.23519820782433
-1.74739517674069	-1.37684467860806	2.35173666734697
-2.60850955114617	-1.08538571846104	1.8322028613269
-2.70954311666752	-1.08876909576142	2.27596815692275
-1.73326122447337	0.205952624367468	2.81049579841468
-2.44360610662697	-0.480370683266592	2.53667506487349
-2.41303206143431	-0.141220431897157	1.09380199616063
-1.99793528305934	-0.169612739038743	2.42063183722347
-2.19890442094802	0.789509323339259	3.40474294770648
-2.60077633196053	-1.20384937375704	2.11419074100292
-1.71451625659194	-0.418855984991446	2.31677733909302
-2.19478796171153	0.869890603701474	1.57948835167303
-1.73420631897068	0.512500678356662	2.35812031729684
-2.26424801044409	1.35339019220159	2.1798310319943
-1.6358912948466	1.71070216831626	2.01846770111141
-0.863232170791115	0.706839849082297	2.13523126056925
-0.982593485030978	0.0940671269651031	0.919104607919326
-1.3687131882955	0.347208015293838	2.01119482029701
-1.92208169521851	0.469825167058681	2.62817628526132
-1.30984064140433	-0.443629897205331	2.93752476134338
-2.69150043389757	0.92562908433257	2.16127578003094
-3.35523537045773	1.53835037782387	1.77406640125325
-2.41958234419093	1.61849634637163	3.38833058087455
-2.84499126255128	1.39155378994161	2.59187850986453
-2.19709799660216	0.813149483559427	2.34235351544903
-2.19709799660216	0.813149483559427	2.34235351544903
-2.82399593130412	0.508705497951601	2.53470334082359
-1.96587050054391	-0.512441201775036	3.06673821278601
-1.26190678011368	-1.06313314190903	2.82408667501605
-1.55674886563358	-1.21553867020355	2.03000354447726
-2.47869380510498	-0.717837984156404	2.30056103020766
-2.47070733348974	1.22578584534154	3.07397396698877
-1.70009726145997	-1.13758217723324	3.12356193855188
-1.10916854062896	0.552539060455966	2.9329914173311
-2.3972563427851	0.787086501369859	2.54044768609144
-2.47346704518063	1.01621423104702	1.66838449658352
-2.94629299845941	0.598366538009159	1.98508896273667
-3.18286766815633	0.0423846192704561	1.39579863131055
-2.99655405463073	-0.227541397888292	1.78455380635746
-4.01434812295358	0.0666388768110904	1.9209794014567
-1.95315084368404	-0.160796043157586	2.46335882952788
-2.42513790959292	-1.56496288593075	1.23384397424073
-2.23912122127622	-3.07237868086933	1.60431399588534
-2.02559026441847	-1.41257505818551	3.77705711403596
-2.40694724223703	0.0305017442326226	3.18167277269898
-2.36791308228223	-1.98921392830219	2.34050867354236
-2.27227212810142	-2.33938786238763	2.45134843335259
-3.50934284443012	-1.14645064866876	1.59545301563672
-2.10232546442073	-3.40116563841794	1.90719986034165
-1.90445677719696	-3.55574720186779	2.55727403256993
-2.63800075871963	-2.33177149357947	2.18674095096391
-2.40978033755014	-2.55159928776696	2.22365144923682
-2.35233267353008	-2.90768142224954	1.89137499825016
-1.37057347823273	-2.95079339220655	2.81812471981888
-1.94238142536787	-5.48114040694351	2.20089116819239
-2.35017055854859	-5.88262089583277	1.34431904022245
-2.19521303320892	-5.92877034170066	2.23881822817846
-1.00495037470388	-5.57439182862972	3.89052255688097
-2.50466939935823	-5.11576650014133	2.2998377211731
-2.52523194934838	-5.03569487718221	1.90666515658926
-1.3868625009524	-5.4803898786404	2.98716497692125
-2.63353139167695	-6.47904605102841	2.17762603042259
-3.42560100445499	-4.29124757692498	3.55974817127934
-3.63077774024385	-3.24912708069095	3.49914366149763
-2.85345217177845	-6.10249750508329	3.41996087986376
-5.12129370672732	-4.33793168664703	1.35629731864451
-4.34793510337879	-6.14714374913635	0.890720818646352
-5.14230434933044	-2.84128790558542	1.93663063826947
-3.12353451925669	-4.26340191176153	0.910965597121783
-2.20528680076078	-4.4277237977354	2.42709647521088
-4.88103302908067	-1.40117463629884	2.61272314841346
-2.05570728642074	-4.35422259515444	1.3737842044531
-1.96751221269849	-1.09460745169415	3.69254994107006
-2.54306317555445	-3.09742632730818	1.9136267398736
-3.25929275468377	-2.93266004772852	1.38794942196144
-4.08939181155088	-0.703914568661635	2.26434483451259
-4.30572945024844	-1.25587173535112	1.47176349405156
-2.52052849622724	-3.00381139143135	1.61618666760891
-3.61299520378674	-1.36653275987673	2.11988107118543
-3.5023381253199	-1.50275950862753	2.39701330446235
-3.97167054581034	-2.15464510779734	1.14421096283159
-3.40833985910351	-0.466377637583822	1.73209080688955
-1.98194667553409	-2.94328789018859	3.20292642337929
-4.8783222075195	-0.733895874389064	1.7059518185459
-3.73482263035137	-1.01693148871368	2.1436224295162
-5.10697711800814	-0.252166366750484	0.890639513161326
-3.91790476661889	-1.761780112308	0.396404730804628
-3.59587825687733	-1.71838042512785	1.47421695950901
-3.41237743267219	-2.35449037562939	1.34958779123896
-2.47945001895116	-1.3726380086872	2.75486660754825
-3.12925467528333	0.125087921613222	1.59813863579416
-2.61923585552042	-1.01254369621748	1.25592981639003
-2.5485187247463	-0.757605464506154	1.51671588144222
-1.13897405270829	-0.617571853447262	2.98738105259502
-1.68973775836059	-0.962877700173193	2.35121250939951
-1.68973775836059	-0.962877700173193	2.35121250939951
-2.06844276008595	0.257325278615847	3.18914062158722
-2.41372614798549	-1.3265336088494	1.12469017584961
-2.57363357027003	-0.560238631743813	1.4511820532377
-2.69492892404709	1.06207314151502	1.75759250975155
-1.67642903683728	0.185987655794862	2.84584227030093
-2.82525796464403	0.446597517757564	2.11088803079882
-3.43506254842308	0.843692466819824	2.62939706841616
-3.69646207456296	1.12532734050446	1.83822462284466
-1.99498864652766	0.759295241690784	2.48549650883086
-1.13314958950518	0.011201981157052	2.90684342990085
-1.74185096675622	0.799514454317987	2.09030626521296
-1.74185096675622	0.799514454317987	2.09030626521296
-0.76732348235835	2.17699642977052	3.01625487710506
-1.67112942382044	1.67266392911085	2.3664324502993
-2.25798470136926	1.71962046398564	2.60786614543195
-1.80431814212616	0.74836035024347	2.05206117096975
-2.07784478650236	0.75667815662036	1.92629785528364
-2.04563921957924	0.28727597850378	1.99325496467967
-2.15243349979528	1.12588759735817	1.61986896790186
-1.7680481725484	-0.0862088807735488	2.28670605154103
-2.56334554518005	1.10904823277057	1.96957958915883
-2.47073401610047	0.0419392652792274	2.46896182752636
-1.82727268092407	1.53197344580884	2.84074450231002
-3.05318115734756	0.71520742227162	2.71969019608881
-3.00226270267503	1.49062014851214	2.31385994003651
-2.28450582947384	1.49896241614676	2.504240049527
-2.73163402455184	0.608177902542793	3.12575509089868
-2.25367337144089	0.586468959271266	3.05144035246238
-2.47440971215718	0.183842190393626	1.42470999197911
-2.71758618954235	0.437202905787859	2.48643018772932
-1.96422501185698	1.2084159149151	2.36173946795485
-1.90272352654813	1.89609123482636	2.6198936383904
-0.0252642018193815	-0.66546200686667	1.09813905251558
0.200262573293187	-0.132929444530016	3.12934094770576
-0.63639251551547	1.98211631128201	3.28453980341616
-0.694693181772466	0.226047440889493	1.50758713581835
-0.864241425744181	-0.155774980058071	1.69716269615029
-0.813059595800308	-0.437631936145579	0.868610809996598
-0.795866176903305	1.43158130750302	2.40487320638453
-1.17172777559691	1.97933520121139	1.95585607667645
-1.70787288468407	1.92760171448693	1.91322558688359
-2.34842666170368	1.1299674507491	1.4843111427974
-1.70443023862632	1.32796342179063	2.1414991175727
-2.44722755159904	0.804557837603595	2.13656144972752
-1.85088280376774	-0.0455812782041156	2.16855362378153
-2.7022749314927	0.8517691904053	1.68351755367533
-2.18973192900177	-0.992883551666145	2.47245201537592
-3.12945799096106	-0.569025941161191	2.10791755865891
-2.3568917647984	-1.68510092527947	2.22666725214693
-2.70440114960176	-0.10734331552165	2.04218819974192
-2.49932695826072	-0.0759479425549889	1.2776713068429
-3.21334752230343	0.010859852067767	1.57553337077794
-3.2504490929701	0.41935712926638	0.940393615700644
-3.15585613186559	0.627051346518542	2.50540704371847
-1.89242997676048	-0.296768234541862	2.44062333544378
-1.87373032059886	1.06223306256949	1.78958174691629
-2.15322442913382	0.933283177463914	1.24434481127605
-1.72414602438894	-0.334510581921369	0.688121301672451
-1.79359140729635	-0.630061964485483	1.19022638636697
-1.99926433151571	1.66883465767398	2.79062762592464
-2.12013456300344	0.468968423613187	2.38539742801682
-2.14870367529352	0.314034000562084	2.28934441708198
-2.77379608849791	0.187682667343297	2.53659977660849
-2.53661076220912	-0.672370735701727	2.09711448149882
-3.20073909982687	0.712641897016065	2.35608213200344
-2.5855299945516	-0.504474912483186	1.65695631925171
-2.25137446251504	-0.454047301748373	2.39849048681095
-2.32089528481255	-0.426353661720825	2.01644134689493
-2.25899673223102	0.225272923135261	1.69229489880808
-1.78922994948341	-0.501785778576508	3.04603554575993
-2.12787933261237	0.286314884101983	3.04270180368098
-2.73315018225806	-0.066373292310926	3.11516370400413
-4.32786418350416	1.26137319148435	3.24198480987392
-1.8038664378726	-1.19035481355375	3.52403048824982
-1.51146651352125	-1.74512752462084	3.02482022135934
-2.10909616877712	-0.708980941648111	3.64285744542311
-3.11947551381212	0.112628004110051	2.93486425101601
-2.36682715315395	-0.172858076372114	3.03713906670149
-1.36161737158123	-0.535180948652955	2.89063739176886
-4.05188891160816	0.590786056083492	1.42032039921279
-3.99147829223159	0.31012370256755	2.20920918604626
-3.41061422887028	-0.984921775010354	1.64556940581005
-3.70398426301016	-0.59663761962678	1.35241962541369
-2.52922937663298	0.0799654252989049	2.52961977775062
-1.67595127137169	-0.0360858601572017	2.54135563566972
-1.99954771280987	-0.15623685271199	2.57170764144039
-2.72276453093901	0.137992990046541	1.9117749289874
-1.56506206408244	0.117627453134503	2.54628709485508
-0.817700690846192	-0.334596011895957	3.07741292544486
-1.72896797591493	0.605321314056748	3.29469242281258
-1.52732295087094	0.905050035217445	2.36576432279876
-1.78979350455661	0.261091462376963	1.79672948124931
-1.50029020956611	1.32715851480247	2.23483770823552
-2.81529650463589	0.156508695274762	2.43642188796584
-1.14206986502537	-0.0130743860705965	3.32915448430345
-2.0916842331419	0.793327888973377	2.11640445450959
-2.24599107018959	0.921068061672037	2.43511133996714
-2.6470721172011	1.16676534446655	1.65225577693465
-1.38070697386333	0.316110319329517	1.81711630349822
-1.25052182550789	1.05209333992505	2.1633582388209
-0.979250619695084	0.64013739275201	3.59790134601234
-2.00396812711133	0.377926882328989	3.44982501291891
-1.4547523467372	-0.178866616377983	2.82675464283327
-1.60956002595652	0.691111425848412	3.03989878292078
-1.35120641193611	0.546897185100491	3.12139156563088
-2.12414322575348	0.259663970528256	2.34303690705658
-1.52238661917389	0.338322433112966	2.15560525377472
-2.73689722579809	1.04601545595087	1.54854645767113
-1.93376376455292	1.24143277786736	1.05243667304233
0.309208920226592	-0.139258804002758	1.95732105885196
-0.356883076476868	0.484227892607284	1.38492877885039
-0.993455243385205	1.6139885500114	2.98993749432216
-0.87617617879867	1.44799864186015	2.4350716650215
-0.794521444639569	0.56734773644114	2.82065965279833
-2.20563211558794	0.572075816944407	1.80507625688726
-1.63207699581242	-0.447615054220413	1.37041370179092
-1.93026876910657	0.248990770610704	2.52695751838873
-1.5239391507415	0.789976416735525	2.16518661475837
-1.96048591456915	0.65867521870754	2.16323279876231
-1.07713840784316	0.808933566596518	2.46673692742926
-1.88096746207026	1.30219079938933	2.0641572975575
-1.44321722209249	0.324695184998131	1.12992911580357
-1.53602995468799	1.82608853987078	3.20349772051191
-0.774753918144273	1.11639713355636	2.88077042546618
-1.51356304132408	0.361197083104347	2.18638995533027
-1.83127835554653	0.400205376755248	3.18205638720775
-1.08029047268242	1.21395738172442	3.77413141210737
-1.11287732664406	1.20089150598714	4.39872422620477
-1.21871719847875	0.511741540244015	3.09470555503625
-1.15525369562783	0.56861116196796	2.22140938210976
-1.32559869106436	-0.141324225780093	1.62973737906192
-1.20247280427047	0.0481096994420017	1.6329937787215
-1.87338471375131	0.451818855631215	1.69340152011271
-1.41444410537532	-0.277484285332784	1.76704295948238
-1.57450415413909	0.368218524278601	2.94086455915821
-1.66272851493069	1.90225857511182	2.79345116479116
-0.517648858393562	0.849961277818761	2.03276824802817
-1.76078279950428	0.380536796043612	1.02050774528819
-1.97716673978202	1.3442663070891	2.07030945878751
-0.529471180036055	1.27859698790181	2.44579804205748
-0.708772336354327	0.736250326167459	2.39360788005325
-1.62862976757552	0.286605810998342	1.84993128433388
-1.69429051232439	0.912250864297609	2.75376446460334
-1.59338673981885	0.071672744563016	2.63714825411457
-1.95291158109252	-1.12141154388203	2.21649295074965
-2.33406092341918	-0.300454520623891	2.06420291187978
-1.72086658223766	0.356907868628337	2.24824942512485
-2.05099088689085	1.86981452155272	2.54760530280502
-1.60789777771447	1.14706777329726	2.89622502057307
-0.580090256830138	0.572552070356289	2.38483005749149
-0.576724579576048	-0.270013651475584	1.50948470370468
-1.10969369048079	-0.0315981621364221	0.00839437572777541
-1.99030375917747	0.211451217586289	-0.0148930838520547
-2.33135960234342	0.357848100514556	-0.106489439187925
-1.93616972811632	1.82198201544034	2.7088054033961
-1.3245542134695	0.731964175133297	2.86828452252077
-1.56098681021642	0.680636885378403	2.59126072177717
-1.94122716588356	1.08161306667252	2.80057782768751
-1.24263958320365	-0.191929178080915	3.07575042018495
-1.42998840962686	0.760623870426378	3.04146364882858
-2.11132097569766	-0.268306368443471	1.05590757816787
-2.74320590056626	1.39456028074941	2.84157732989637
-2.10797967202407	1.23504167366604	2.31337275871052
-1.27057438845305	0.5732445989805	2.98816341009862
-2.23619949926842	0.542529140537736	2.32742873413623
-2.23619949926842	0.542529140537736	2.32742873413623
-2.60798254361171	-0.0567858568030303	2.09424554951456
-1.68576669522697	0.160305946425547	2.39087364496549
-1.68576669522697	0.160305946425547	2.39087364496549
-1.89017983252188	-0.107352695594064	2.30263208078439
-1.27694362596826	0.687217322667955	4.19762249667909
-1.53705276320534	-0.951449164661947	3.02896291802954
-1.57379146158599	-0.31394375667924	2.97290685530006
-2.33701483267071	0.425010268752417	1.99330618619269
-1.35523615373161	-0.248553030600293	2.64088949515872
-2.00293295462732	-0.257017825437974	2.6717951543047
-1.292798415916	0.146324196456895	4.43441777524285
-1.44149248642835	-0.709711921186751	3.04002464359089
-0.703518117525185	0.445311970634705	3.92863114123123
-1.78165808471664	0.781897093893123	5.42648619224603
-1.17694678329514	0.154789162989232	3.92537518392773
-1.43739847700826	0.40117518066179	3.21036037682664
-1.22772861319249	-0.032969060988491	3.59074199632997
-1.56100616345582	-0.15887638329993	2.95037558430222
-1.31917895626669	-0.195077498563594	3.38245812030053
-2.14848167838134	0.513595578009699	3.3696252626491
-2.11509836047935	-0.112326992650437	3.20778802452026
-2.2504449284253	-0.518516095211065	1.99671879069487
-1.75210764135781	-1.21016962921689	2.47616192510376
-1.71338626305941	-0.144094750220398	4.23752079882376
-3.99901614117156	1.2041431580339	2.91020797555313
-3.04436972056905	0.0549922418882805	1.78955601151912
-1.34427629618959	-0.484268357444577	2.75268585170744
-2.14217256210485	0.352976423040515	2.38907213171519
-2.43129972983869	0.55027535519247	2.23961239529305
-2.56484057005973	0.420266714201427	1.87744382947573
-1.55784716450738	0.353144253928692	2.51147002011916
-1.7002887126562	0.262479749061038	2.31457275929814
-0.680723946995764	0.704223930791426	2.4681843139505
-0.746308544761105	-0.331217342834553	2.93248926053332
-1.60047401305778	-0.956887626560302	2.45181726253637
-1.82327931224547	-0.742495109869231	3.7480904137834
-2.61201008190934	0.381924188209207	1.96266013401746
-1.45960114353887	-0.00660618436827387	2.19669307378266
-2.05145759551358	0.465711691338219	2.29437959981199
-2.05145759551358	0.465711691338219	2.29437959981199
-2.53635342980561	0.0686281204119512	1.59806476305987
-2.4980909318866	0.221636304699605	1.75442644721947
-1.57314413423578	-0.759398219767523	2.61726444118045
-1.15511932707707	-0.0882868022294869	2.5959298710346
-1.18155848357254	0.71157076173927	1.88691643080451
-0.602303865158846	0.318865219300681	0.488881171697814
-1.94165925702483	-0.0837227240563024	-0.435112659958875
-0.413307823222622	-0.192556999831153	0.647752716018117
-2.92980392713129	0.824162891513468	1.0947077943602
-3.21893757087663	0.175871630629793	1.13467558403213
-2.57456141821192	0.0766893998377702	1.30872413992906
-1.95649927539982	0.238670882445558	0.857087849158922
-1.73463549152012	-0.100043701854343	0.38480299286552
-1.37566945820724	0.0322714684700489	2.03644197694101
-1.66138941677208	0.103768192344844	2.56882838318272
-2.23582426138213	0.218138442070399	1.63817954737181
-2.36889177822748	0.153673120519735	1.37592559791679
-3.15786946135512	1.7203131652765	0.739429401381444
-1.56489668544457	0.901833152349028	2.61531440529547
-1.49963587227507	0.181885463112316	2.89496281366638
-1.61231288982622	0.0405414969934317	3.03024292953179
-2.39384415660502	0.362017595503531	1.68084602035168
-2.05715925979705	0.191843792309406	1.66858563107494
-2.25983541910448	0.518621994903141	1.56641940614335
-0.585893074461777	-0.202161007870345	2.44490845536876
-2.37175115349145	0.182062968883226	2.29463564371177
-3.65280974428455	-1.18681423573961	1.15701869140908
-3.29903682050652	-1.5115585662404	1.02733584318802
-1.67572864048027	-0.155237997796858	1.7153172687139
-2.74307775429796	0.413597831716074	1.41298445565972
-2.31962431834616	0.483767357113902	2.07803905226324
-1.12433965233448	-1.49611238812517	2.93339985637958
-2.49216836615828	-0.0909588265852477	2.2979364335113
-1.61868277398803	-1.83091085143816	2.96478568581556
-2.22622304574925	-1.58482358211555	2.70626322949658
-3.88081345926561	0.337278719619625	2.36435716327243
-2.5420853342742	-2.41380199671272	3.17813875237719
-3.45354575358415	-1.88217542335568	1.31854788171863
-3.46100992109042	-0.378025749781615	3.05944743060869
-2.85522267044864	-1.92111538265301	1.46663241277598
-3.00454335325928	-2.17383737568075	0.525652341284368
-3.18435386392858	-1.02794316468217	2.06829115433484
-3.07533501349113	-2.09505617725059	1.79969500642573
-2.55739828592129	-2.17696164296206	2.18996337924627
-3.02878645928294	-1.5534433647296	1.36175467089458
-3.43764734693355	-0.656642024944717	0.694791514496986
-3.24569806643435	-1.45685159336513	0.542436517100719
-2.60349772365931	-1.20479330120147	1.24297262968464
-3.1521423674966	-0.46593890030178	1.64251559170271
-0.939455373587417	-1.15559577697991	2.28960477582224
-2.38070948096803	0.0563203994193942	2.36761462343764
-2.41282327890633	-0.262684454946091	1.87747356616405
-2.41282327890633	-0.262684454946091	1.87747356616405
-2.77751792096946	0.638230945816511	1.28088455390907
-1.68251876972762	-0.301781861525619	0.311085971225743
-1.33947339941395	-0.101110618684367	3.56555907248258
-2.43427146662209	-0.0933689763544699	2.3333563578818
-3.06791392489216	-0.623657985586146	1.27843822915733
-2.81069963920926	-1.00151742149273	0.998730669605018
-2.94284872725683	-0.508193134532991	1.1760881303935
-2.55308652067869	-0.797045361810175	3.03532583073782
-1.74813057396548	-0.375893817108117	3.76307518516522
-1.63312288771804	0.825945754588814	2.22969489327623
-1.58238577246193	0.597406694843041	2.39027429999632
-1.77867241866413	-0.0969180587062383	1.45062310418141
-2.07151896635428	0.355601817607231	1.78162128580096
-1.49370090951246	-0.113863760741725	2.79470196789663
-1.57699135067094	-1.20192345049551	0.823585824512744
-2.37990500432773	-0.69277982266461	1.66650719258338
-2.59205395312249	0.525199831403877	2.89588695070425
-0.809513594828816	-0.768562872225259	2.13347585503366
-2.63473077303265	0.742836780329518	1.81487239618443
-2.75641643461301	0.0323495224598624	1.24443616059932
-3.0720879137303	-0.0583913373163942	1.4194330690359
-2.60462966318969	0.240973991986611	1.26714277457631
-2.07044067550165	-0.782842664139954	0.512294321243163
-1.67014059015034	0.628113478901932	2.75816796326382
-0.922729925555549	-0.999666581731448	1.2006395077804
-2.4358542261701	-0.12195102067512	1.07853175780355
-2.40981976864078	0.353131962243627	1.68448024568904
-1.62649255180952	-1.09942738402162	0.475541410362996
-1.82283302573152	-0.634716495926267	2.67945030259255
-2.59816945685328	0.0833803755517181	1.31525764919992
-2.04865430688112	-0.332645218048247	2.53971739311785
-1.27892611883003	-1.22191035026274	3.72107758902882
-2.02706588038735	-0.778887293489463	2.78644305567113
-1.99198269186937	-0.215341675685077	2.57957471898047
-2.88962132675588	-0.1020512318141	1.83504612787976
-3.89824889931189	0.329128947708223	1.0332110091412
-2.9028889649366	0.0165920947658623	1.46086933241368
-2.69642347229413	0.550622046645403	1.08473223797282
-2.69072866703357	0.808145761004812	1.42457834099447
-1.59214380976903	0.453254768320296	2.87219667035051
-1.84498911101086	-0.386648583430373	1.897616921446
-2.50371191579791	-0.634610296099663	1.51935926932418
-2.0119045527676	-0.766623830268322	2.61494004432156
-2.62264009897037	-0.24792753807285	1.81164658424626
-2.98168228273498	0.174945764556915	1.09705107463031
-3.15560385912355	-0.464581312861445	1.49908884185628
-2.22024208408532	-1.45201562120091	2.36867190516674
-2.49431089784804	0.522748243519259	1.94269845062762
-2.99654030172488	0.0596660651282994	0.664759197398561
-1.92746701469462	-0.117497047776941	1.02043298002705
-2.64805801724871	-0.186284266429744	0.0439849458851842
-2.91775290833721	0.991641361694299	0.765726453661508
-2.44535746833505	0.852351659364539	1.03149923482877
-1.9262258318597	-0.0173367148472834	0.959143464424972
-1.20720071170846	-0.369323580547982	0.717087906295921
-1.95029351886476	-0.173865130585786	2.15177310425342
-2.71514777375864	0.689088601948478	2.87978812443195
-1.71193533818378	-0.143427930444038	2.03052347087256
-2.39932280670236	0.152645079533473	1.87289866094161
-1.85024539908045	0.156437408980593	1.87598518077208
-2.28729777976636	-0.23997336884607	1.46643642687349
-2.45756036163014	0.137774919997975	1.52305252349078
-1.69243978305777	-0.342982097100564	1.5623718300791
-1.35337731330697	-0.539272170182452	1.95295450111391
-1.84496666909121	0.580884370250169	1.63844459789073
-2.60958397096536	1.022197206331	1.69689882396754
-2.83383356080577	-0.0514943876325858	1.24260135917747
-2.63513701163044	-0.355879874801411	1.28888562011603
-1.38203708242335	-0.585493236002584	1.6427116715558
-2.05199113174897	-0.728995324048725	2.51560554051301
-1.93004738888222	-1.79830943580104	1.29790543607016
-1.77883209736405	-1.04606706187825	1.55968751444571
-1.93596159996845	0.475603717771077	2.04757477536943
-1.83094100899186	-0.230838833397437	2.05319231332058
-2.70770536775677	0.609255257173458	1.35476807310977
-3.22662125651897	0.450662829929668	1.11289687090702
-1.29424740522942	-1.00756796605993	2.21560104831949
-2.78050138331578	-0.0892383237105609	1.17909777178436
-1.95507435398535	-0.118238908516251	1.82023093726394
-2.00440632176458	0.620386888754127	2.10579958331438
-2.02503705992016	1.41139755176998	2.40328623642473
-1.51132833232205	1.53044343299443	3.12508674717632
-2.40379495190902	1.72572601791139	2.26899983180915
-0.545678737598508	0.35729905375094	1.41315267528014
-0.57492348543406	-0.38999271913254	1.65897179826381
-1.4866237555662	1.12961689679471	1.52344766006406
-1.54057000715832	0.864021285512863	2.41823251347155
-1.16795190535966	1.08349006214868	2.56395070022493
-1.03957493892113	0.379415939916506	3.64149236982451
-0.964228010630071	0.617762253731123	3.18769554617408
-1.63728684157255	0.576024224440892	2.87983863306761
-2.102811849058	1.14706563815715	1.88454968110272
-1.38066682586716	0.747426758937589	2.11312718136093
-1.3115967716875	-0.129953255506538	1.53490218518282
-1.00753664308894	1.44299070521204	2.97385778341374
-1.13769149169862	1.05306622771031	2.21908298225177
-1.67390877369521	1.06271648404407	2.51631881544222
-2.51865180509648	1.00068324831812	1.10993044917572
-2.38640807975569	1.11601090352459	1.09293591956622
-2.16450176305045	1.19003786002321	0.862310107026787
-1.36877675244072	1.61525988756751	1.59873035150742
-0.791382077838445	0.377816119763376	1.03304769019879
-1.27557956436231	0.452606704226437	1.44707287284588
-0.724757127354963	0.252310217114018	1.91891130437231
-1.1844214562208	0.500022287137776	1.46620728395228
-1.48452789195258	0.70994798041422	1.74693503834262
-1.06189563009736	0.167382484406748	1.33121556480782
-0.44988664572667	-0.928698557571549	0.918455380656559
-1.24478730757163	0.344808979556923	1.73692917398039
-2.22644658875569	0.376750257856487	1.7505212078769
-1.52697971655566	0.215175891211423	1.95776046126603
-0.838311483143142	-0.218471647545772	3.57054927103416
-1.40341146988828	0.813676571134308	3.02213722906706
-1.00542241817219	0.69430236176494	4.69592985240793
-2.11595334047095	0.704777546936094	2.19646187431664
-2.5708144922034	0.600575067540898	1.55223430254852
-3.57385428548022	0.640435272902511	1.00688469616848
-3.54545446084543	0.897135953432109	1.60262561313834
-1.23493812998935	0.351647837740836	2.74760263420004
-1.86227073958056	-0.649642899518488	1.86688578370045
-1.99872125083991	0.708632117250539	3.76987332963376
-1.3327809176923	1.78108541418502	4.11495337985464
-2.18307995659543	1.13138221087171	2.48212887085668
-1.23246315238011	1.45353463615037	2.41152675394606
-1.20045697242336	1.67373184194836	2.83150939234195
-1.22975972356698	1.87487053848704	3.47345721443888
-0.710386044568782	1.41506085586116	1.79346133109638
-0.672562608266049	0.110078994767166	1.12824797999693
-2.33631607659406	1.17418912938619	2.23720378490014
-2.49738177679231	1.50896982587129	2.44283178047556
-2.49738177679231	1.50896982587129	2.44283178047556
-1.4256884715963	0.6001623300258	2.48607636870053
-1.51939659380616	1.58694207496416	2.73795486602569
-1.50417416148566	1.02084761542727	2.08309363454773
-1.49920624147565	0.592417103590722	1.56104880385741
-1.19960969581529	0.782761596653255	2.56696829308176
-0.507112104344652	0.342271861141684	2.22626348791924
-1.53686248289581	0.360048749840959	2.92713745024689
-1.29446079362668	0.681695149109747	3.01144574446895
-1.0618704422343	0.736558484386968	3.76797673983734
-1.70228366282805	0.491485107226519	3.01703256108658
-0.889281694869166	0.661526902277184	3.37733666589237
-1.39154800190263	0.357488581423608	2.8319713820542
-1.39154800190263	0.357488581423608	2.8319713820542
-1.39154800190263	0.357488581423608	2.8319713820542
-1.47538835684245	0.39600766993055	2.89039113432143
-1.55270693229052	0.834044433136103	2.4150861656157
-0.815350508229649	0.442767716782035	2.78328163308773
-0.928383425684846	0.274944525569978	1.99168857627731
-1.66657153818451	2.15587836379266	2.28806875276107
-1.95617983607743	1.85350522186825	2.16243743766676
-2.86682120109726	1.83119281405743	1.22062785626919
-1.27897836984597	-0.173497010116859	1.99833291566733
-1.96936574375362	0.104082881839777	1.89175085633532
-2.29306047924689	0.0671514662529475	2.4092637096136
-2.20015277148963	0.0311227994986673	2.63822903238332
-2.55774362904077	1.43077588407781	1.96103942406625
-2.15402889630365	0.973284948833864	1.72332925081081
-1.25837656405182	1.86428135830069	2.53415205903902
-1.31527185453465	1.4521698119387	2.45358635298646
-0.973450461755837	1.18907519185894	3.26747133898456
-1.98748888441045	0.388596444660504	2.14520304836857
-1.24477553764595	0.689920890513672	2.58246221130542
-1.23785824870436	0.311556797583513	2.32241192019267
-1.23785824870436	0.311556797583513	2.32241192019267
-1.66660941887701	0.171926456013438	2.01167955722568
-2.4175100759517	0.46760404955714	2.33482074067517
-2.65946409854219	0.0247252251674127	1.61679720263894
-2.5037185435852	-1.04972576214245	1.37007420020873
-2.14153357532109	0.122004861593273	2.05088309806223
-2.82880046269545	0.401312172318772	1.69051682187822
-2.63130664913451	0.20986656017278	1.80290319322063
-2.67038068886907	0.257211139660039	1.51499357526859
-2.67038068886907	0.257211139660039	1.51499357526859
-3.03255965345782	0.259237391075021	1.18243097695348
-1.52525780553611	-0.456114252259983	2.63916078366794
-1.58923422012984	0.918371458258737	1.86484352508519
-0.806039972608122	-0.812035655503687	1.12104307663087
-2.29610978124553	1.27695732893027	2.39720688714023
-1.02657419088011	-0.0989812027929535	1.05151990053739
0.146981153406779	-0.819014733938222	1.46730514382251
-1.16092019881737	1.16922983464836	2.78727361819101
-1.85654340239775	1.94857084421835	3.62244575154562
-1.72772144469886	0.874682148548668	2.46622966462971
-2.56355260065091	0.300497686173658	1.85687023080447
-2.14315049035804	0.804230562064611	1.74287356437066
-0.581247487964363	-0.224612189075776	2.49216592634001
-1.23745727597396	0.783938031806364	1.57574354700951
-1.36628791865843	0.718920289782279	1.73966679200745
-0.851305279517252	0.281210528036382	3.19674655793946
-2.50814929194473	0.962260865863713	2.10068179519234
-2.09482158783992	0.467828833415557	2.1109837827604
-1.80142160382613	1.3475512438687	1.62855601806241
-1.97369604285551	0.791944743240455	1.32825714557465
-2.24935095779585	0.904145007075387	1.65672080527891
-1.77435664409697	0.930419932464164	2.6230897391582
-1.504209079183	0.664473089661659	3.00279579703457
-1.63680929627609	1.31177882988109	2.83115349062204
-1.70706777992381	1.26114918402206	2.97221738942283
-2.22670248180187	0.333131941954191	2.67907547733663
-2.29638360495079	-0.14441150186814	2.22865013661782
-2.25497817014112	0.362495735958392	2.37605058561989
-2.50646117042585	0.542364731454541	2.22459899141073
-2.44191910585733	0.0220310024867648	2.06264250338268
-2.98133963441469	0.41947883444711	1.82959986568205
-2.49317511553711	0.93594364050959	2.05342127613727
-2.25098441864743	0.982262056542985	2.01977008964611
-2.51241633425655	1.38179488363891	1.59767625660531
-2.01466215960843	0.161850868435761	2.34153319785235
-2.45529528369791	1.18574372962622	1.26598598150624
-2.28092860584588	-0.248795008405052	0.779415497465749
-3.15261712979044	0.227037057233134	1.65129472794119
-2.73962019702585	-0.421542009272865	3.1289873359252
-1.75068089300775	-0.19193970389591	2.54562499483124
-1.7993323657986	1.23587012022412	1.87375650626072
-1.55574795923928	1.50067885748365	1.79433956294392
-0.780106485828298	0.116328290672175	2.23932462968165
-2.2932710781857	0.513543837482518	1.66541905281545
-2.21055070591835	-0.158352172095378	1.77447073980706
-2.0156511313883	-0.109261899746787	1.81130728377364
-2.80230540424131	1.6499340500297	1.76320054063624
-1.87954079460223	0.870419234159575	1.64655013982988
-2.09633159536432	0.340283401513892	1.72069224929218
-1.19884434840296	1.43787092974346	3.12813236246202
-1.08042233795726	1.44208903448105	2.54007806562385
-1.47808111911716	0.903023404635407	2.44312382433504
-1.87369564817554	0.581757763856358	1.63419852321403
-2.18695456425826	0.201177136261964	1.65806855629952
-1.53862662635881	-0.270487322920814	2.531939486248
-2.72274957867265	1.25038683244474	2.21671240996744
-1.56782397735811	0.23150767086289	2.16475912303175
-2.61697215340393	-0.204516358169363	1.97167635441803
-2.91297234437021	0.206834968911155	1.69220974068377
-2.91297234437021	0.206834968911155	1.69220974068377
-1.47600761753664	-0.286136838061172	3.76927737075331
-1.35792194660733	0.762824623158859	4.46871765161988
-1.62709763270639	-0.492103538533673	3.2630628222928
-0.996543186128673	-0.400959500170304	4.20675743530476
-0.870197861889423	-0.381991106219279	3.99762600678481
-1.67046121607775	-0.562525970745728	2.15692557494644
-1.00489325072198	1.11357125528853	2.7423181690018
-1.74415470130887	1.75531928848154	3.14840127867188
-1.63274031936834	1.18397370939048	3.36146037738958
-1.95915405140023	1.1926464714053	2.51001721019005
-1.89899189475293	1.34435965321294	2.3975618647151
-2.77441858909648	1.53060967235452	1.99268338215652
-2.73968657441729	0.474069272162379	2.20276799897525
-0.526067233042281	-0.134768691391578	3.91540682106768
-2.72137479850371	0.261423303931952	2.287246515995
-1.67325418399463	0.420476576407521	2.01763846464101
-0.949614844689816	-0.0847269572249085	2.70000847461433
-1.04050582484615	0.570069804446382	2.86902062526065
-1.57681656341311	0.415334110567565	2.45378443192325
-2.62146263128033	0.272219784783289	1.74065924706079
-2.07805714038946	-0.255268957734729	2.70893583918064
-1.14998706532917	-0.306715141904356	3.51078208875382
-1.41208988126856	0.197447072946592	4.36904038430257
-1.11924998740441	-0.583979083567222	3.84232009207655
-0.318155565587417	-1.15373607000569	3.99370111369716
-1.09124362800876	-0.907786969940418	2.56477093668111
-1.11323043940076	-1.025848560642	1.65727118021492
-2.42681917185181	0.870856360119512	1.68363176780831
-2.69269410451208	-0.669036672731525	1.04309369369413
-1.56681620881422	-1.3875752382944	2.99256413016033
-2.19949206221945	-0.257352488752298	3.29566210943083
-2.01860492349328	0.103759512821914	0.237318223085879
-1.52850763449127	-0.733443029344094	0.48830694776132
-2.44789554364407	0.872076588895504	1.5166786517527
-1.05754424595643	1.60068623589361	3.23621602335758
-1.07252756733349	1.34209480618137	2.40561981587705
-2.09711218851204	1.26077848319918	2.64891999246636
-2.32932933282596	1.25090024911522	1.73209746056683
-0.795390305297252	0.434245464152922	3.41378604002058
-1.30478238780432	0.678567919493656	2.27503644972649
-1.83571833152383	0.504749223714957	2.35836830707143
-2.90514697604381	-0.500674407566178	1.78546206969063
-2.05458320024948	0.598076491822716	1.89548708877299
-3.79286580592366	0.556270443284063	1.3981316319579
-3.95842772040722	0.0186631546490466	0.70416243945285
-2.91416282375675	0.634054141742649	1.62422856855434
-2.42997856877699	-0.572029473867331	1.06793829101826
-2.27464295017646	0.07687063964277	1.7638102476735
-2.76658760994387	0.439707395928916	3.52192292381669
-2.5219408166348	-0.570276315185505	0.503700922959372
-3.14728197940861	-0.423495171482484	1.38837344189527
-3.01174702101773	-0.288606840705575	1.06689096734483
-3.91759323320794	0.602640526247156	2.57851505370648
-2.50791178276309	-0.17554547593417	3.44715762990231
-2.4665822581079	-0.710083095153404	2.26047289233449
-2.3995288927768	-1.47072338468036	2.64478634521737
-1.9103409903227	-1.58844177018667	2.40858119354136
-1.68249395153155	-1.57830601923914	2.18779929925091
-1.86516964573874	-1.25099344757372	2.62652032791553
-1.86516964573874	-1.25099344757372	2.62652032791553
-1.86516964573874	-1.25099344757372	2.62652032791553
-2.37455641171945	-1.24301169149964	2.04882080204866
-2.39469032910169	-0.928577531272733	1.83780408219877
-2.32609705620591	1.58012448392	2.00863211934604
-1.57207720562486	-0.341695638420066	0.16309583429174
-1.52050539037325	-0.892888592416058	0.343220476724216
-2.90491542010448	0.381705209729386	1.56525626541928
-2.63410145401532	-0.321462141465102	1.48155663808774
-2.5671171645494	-0.715285628897762	2.84762619051665
-3.31684809318699	-0.395759247387399	1.46001627908074
-2.63438296230741	1.77827524026746	3.48274127072332
-0.993212380044883	-0.679773719762654	2.84200088354106
-2.32355598660463	-0.867405761610367	1.95872617673546
-1.81318484111641	-1.23930995086526	2.43628852275522
-0.591308780767383	-1.37181775912987	4.20090520449109
-1.85342725038156	-1.31129418472904	3.21053109759577
-1.60571607306937	-1.52239395231128	3.9183265624165
-3.15950374965242	-0.679386176473158	2.28368349099337
-3.87335409208379	0.461515025021266	4.54748405952265
-3.14395712677599	-0.153293570567272	4.64971190890315
-2.69848233759403	-0.403436268917934	4.75891948975697
-2.34500160130054	-0.0356461134959954	4.22987216686163
-2.57126242470208	-0.636406225661014	1.66133252626005
-3.71592398235685	-0.0258977272276858	1.70027671000858
-3.71001905206518	-0.701106412882827	0.307933890704435
-3.77480210106021	-0.0358875905416305	0.818593118082816
-3.0112295577745	0.449413590996776	1.41205159440418
-1.35642499139787	0.304832165350284	1.72437809444672
-1.07057564159488	0.841386249080217	2.31937389858615
-0.0410482296565301	0.203139388927448	4.18543108502224
-1.33192782776816	1.14688272875221	3.47226927556416
-1.39449163560476	0.586463354553809	4.29246224327956
-0.388603158518703	-0.0683092714214982	3.55724975769013
-1.84798175416427	1.01546908399287	3.31839395280858
-1.65789976374743	-0.19443359467787	2.94993407955136
-1.91501752589138	0.355145787149722	2.20183989539053
-2.28450466024226	0.56898589063972	2.47856144897447
-1.46718657333414	0.346669783453108	3.36587602491215
-1.73863202710026	0.143614439202485	2.3895080287358
-0.886721549223815	0.962664830160799	5.41786256656132
-1.54772524024431	-0.313178686775477	2.7876743273768
-1.27230397325806	-0.250379445573679	3.42490514175118
-1.77372082605075	0.57059000085823	3.20352426601554
-0.710237454166669	0.748262932708341	3.99067022728042
-1.28115322076376	1.11255167914394	2.76639523626161
-0.738274688188399	-0.312632641719501	3.57633611731405
-2.08728081829799	0.747382294509388	1.86151265454165
-1.88331524673699	-0.549946699839247	0.624787596852405
-1.05680481475204	-0.726359633135342	0.402248746498866
-3.19021863753456	1.67647643791005	0.619449977716661
-0.564049628261284	0.507293944068876	2.14847651998761
-0.999755289701449	2.11886540410304	2.49090773263809
-0.899949386409564	1.46342625135867	3.21398323960225
-0.583711560693491	1.05974537599107	3.09102363950387
-0.388681060091162	0.697095477310802	2.75533864552384
-0.666052400252198	1.3001081189245	2.67356632142764
-1.21432335841854	1.02772327843566	2.63935088127128
-1.83627797692879	1.74388673536834	2.45591470235693
-1.58024784085334	0.878352176473351	2.93249226055257
-1.84711067455008	0.64884928154467	2.05551133756417
-1.25294041477829	-0.407191368093645	2.94513165115861
-2.33704783986598	0.774353932821839	1.94684317426535
-1.41816421219605	-2.74462362076036	1.12692272484446
-0.249381297004212	-2.41751203980983	2.45105730145765
-3.4570457285193	0.414623837100786	0.666389040559579
-2.51448520665133	-0.93224884466205	1.84323686160314
-2.42990087657192	0.748020243452468	2.29683663970602
-1.8061097812723	-0.778182397527454	2.31754161414704
-1.02348532647753	-1.07747436600276	1.69843107897296
-1.05105706384317	0.257257036994813	3.38725230159557
-1.87918070096697	0.413220511209179	3.09264314966405
-1.99763741963619	-0.344400853305831	3.48779874401933
-0.940773685906941	0.409335159614166	3.11682328910195
-1.4972769469258	0.976573842471516	2.70524800143332
-0.963361307786291	-0.433473923257599	4.04065449549441
-0.382019933175126	-0.601975744917153	3.86206627532863
-2.26549622641903	-0.862999661415412	2.33616377426744
-2.13454220797873	0.156134813702805	3.68611274959517
-2.18913615963214	-0.272976391815552	2.33576762377214
-1.52818286594022	-1.25306436675222	2.69530644690277
-1.69492638792769	-1.74299119887853	3.1455114931454
-2.62117634736815	-0.456597009266543	2.71507911184109
-1.2362126658085	-1.38543618054396	3.21812382279606
-1.36947845795768	-0.563472498230583	3.50623882545161
-1.06854209393367	-1.10841573620618	3.09303880491846
-0.592306259553997	0.148022900410841	3.95042223747276
-0.638030112009683	0.0364415157095552	3.90396821695818
-1.6145146648254	0.669699891975355	4.56686749789824
-2.39805443745999	0.258952532218836	1.26726826894102
-2.25191352481619	0.868200190661278	1.83331978060215
-2.25191352481619	0.868200190661278	1.83331978060215
-2.80750676911101	0.475135455923761	1.58835531019241
-1.11977619808875	0.388732160093424	3.96698686998928
-0.9144716897626	0.449000319388096	3.87389612535984
-1.49363378262143	-0.546830577723527	3.57429869558883
-2.18817015679033	-0.933171989662412	2.55737386334898
-2.48768014049357	-0.294438594588905	3.17563610454319
-2.11402638037288	-0.0402967971102156	2.36116435512885
-2.69381198723138	-0.0161087219188295	2.55830227482682
-2.7052648429196	-1.00232329459859	1.94359155614237
-2.02023478814317	-0.721603912797385	2.09937297481623
-1.85811193135564	-0.850353377653861	2.73771005410472
-1.04055309512972	-0.701712814781373	3.73459150704449
-2.47830666825697	-0.854130574255094	1.80388347587128
-1.2470499119635	-1.24690337416713	3.4600909789279
-1.95451598615145	-0.438754993416797	2.55869667576625
-2.08955220400572	0.835378444244456	4.14403898478443
-1.25034643802412	0.264762670671343	2.77357630912406
-1.20704827138192	0.655503367783842	3.00965983624879
-2.01832885549903	1.74563864401934	2.84420088306014
-1.7632933926726	0.579231716647385	1.46124835160604
-0.994672814131867	0.582983636401512	3.3261063425185
-0.618752574198237	1.33649938587841	4.00507310358328
-1.1861055129912	-0.145228040963542	2.42585717997677
-0.895979831581439	0.512957727497477	1.25904266095466
0.209283815239948	-0.233087005271044	2.60142400025972
-1.04421761586316	0.875573979519676	2.87730738597888
-0.116653416035407	-0.00425129396983648	3.84245354716472
-0.686913685422106	0.253357463090738	2.95596757164191
-0.973083211100514	1.28569871188772	3.0659005109399
-1.37297982516101	2.3785547552596	2.84907832286262
-1.02644757384082	0.544277901391959	2.51516376288258
-2.00479567258545	1.11085644812688	2.39694013664193
-1.5731856475692	-0.861550171396326	2.08709060874549
-1.69836442856354	-1.19031360985739	2.36717003365276
-2.21224423067575	-0.155553503392543	2.75275721187498
-1.78895725815522	1.19005572756698	3.34388012397107
-1.75089551506302	-0.112086522761301	2.44650250897729
-1.31064449613022	0.615958629566491	3.63571330678523
-1.59915060749889	0.790953266923432	3.475462600798
-1.63844006542531	0.431363393506718	3.5729185035219
-1.38602706183246	-0.118874307898314	3.31003221640973
-1.7809567456588	-0.202723680333077	3.02989825358951
-2.71231680347832	-0.23927909233937	2.60088111968418
-2.08644006446651	0.143340056203579	1.94480883060829
-1.50297327854398	-0.200281391642436	2.09979558348232
-1.49794994227201	1.12477397423071	2.93988272178517
-1.68715519541474	-0.0635123966706261	2.52171661140491
-0.911373394219328	-0.147263492318163	3.03364843269626
-0.624912883087873	0.0688710155611616	3.39445340633576
-1.2946590593148	0.0506470437107945	2.2616729021328
-1.87900835999729	0.561307543612903	3.13589828164071
-1.33742111594065	-0.5204954948199	2.93446482823708
-0.981187090990379	-0.205974378717517	3.07192162645831
-1.19528294339758	0.192652257471523	3.5753392310077
-0.964093814243116	-0.876257315599652	2.96637497562018
-2.12371567691677	-0.371620181609834	2.3789170274828
-1.46163579631547	-0.837781171842736	2.64454362113009
-1.70353276907251	0.253035277910225	3.48869304766889
-1.83129023250842	-0.254599234409966	2.18509420637868
-2.10769588738785	-0.408031219087775	2.53830976582198
-1.18533427047376	-1.88663583684236	3.24727672589958
-0.368714495176327	-0.803259989070673	2.62537432535229
-0.853754229630531	0.381928994137785	2.06642141774695
-0.957550396383324	-0.904051014263343	2.57985832736206
-1.32967936929658	-0.19623880642007	3.06481645013014
-1.29747402407385	0.888840171899685	2.99062678264647
-0.824331638958488	1.14950618060355	2.88447266388742
-1.39401628256404	1.38105235350851	2.42937905614132
-1.94180587206181	1.25489255904523	2.20242237237793
-1.73921887897362	1.51634310175044	2.51046613419719
-1.13245483361941	0.752460037572979	2.86823584249595
-1.33876221936163	0.905017680053411	2.93204026379037
-0.956852996814223	0.183899584775779	3.80152633881272
-1.06567567958943	-0.784081110603733	4.20935183482398
-2.76887657358837	-0.248400228222009	1.79300599523117
-2.58282233811808	-0.467257757927305	1.65982111087903
-2.4414333758459	-0.684310691084527	2.15810456237042
-2.5571885145484	-1.0032396619545	1.98452563774739
-3.49795822617326	-0.431936186897051	2.29026860978527
-3.94611406912223	0.0649366961564804	0.885625810276391
-3.57364286413984	1.26709140373406	1.92886143080781
-1.35728245059534	-0.213258932547045	2.81738847968133
-1.59283878187218	-0.538977640582569	2.1312857092469
-2.13991908555833	0.526904530367303	1.88664609372729
-1.23504287298671	0.164623247414934	2.6708745951646
-2.01031447856772	1.03480518286756	2.55707004576265
-2.96230418121534	0.727847229030643	0.891390162878448
-2.12392274404176	0.842972405190683	2.06469181648763
-2.1818809071497	0.0715205744677174	2.39159957335843
-2.52327165235016	1.3341773610461	2.96680929477388
-1.87820422823808	-0.423314231932411	3.57359437911809
-2.13757315293156	-1.30108659077709	2.13586445420224
-2.16356113365687	-0.742946549965557	3.7964741457026
-1.34541748357302	-0.679436042442017	3.40383728901729
-1.67473522137568	-1.78619752503664	2.64496793663447
-1.66175845285719	-0.857285320854765	2.87007460897906
-2.78231500054611	1.12109261331231	2.78079556076002
-0.360829482403973	-1.73473640611155	1.11833549256049
-1.13856856754162	0.555871624067049	1.86135349319773
-1.16830170612331	1.63996143885779	2.31627970279661
-0.690751237430408	0.518570740105976	1.81169908922464
-2.06256374674652	0.546058410399174	0.998525170891184
-2.38231572267121	-0.416787102534398	1.42127558432799
-2.24121908538818	-0.598251094041197	1.76006384721541
-2.74052422061973	-0.523249961282046	1.35159301173262
-2.96997262615784	0.899895266262808	2.39326677092114
-1.21595327422888	0.0647566654383963	3.65425609844626
-0.776700818297258	-0.753346862468613	3.46106154220416
-1.9734756524707	0.275319351567497	1.93368299528209
-2.14025656825217	0.224413291848061	1.91820266697635
-0.756322281539307	0.270229714966036	2.34585915987796
-1.06884079234278	1.22373077046388	3.21088885256798
-1.30929763020139	0.537829891217786	3.27640685697284
-0.559645746092107	-0.364892928189226	3.4251907831932
-1.67303497622366	1.07106528700903	2.63803594253545
-1.16409461048271	1.70291722654968	3.46395210494468
-1.10129837960246	0.481874650184629	2.4058608104486
-0.844467566723297	0.264580204199001	3.17798271274478
-1.39107665244868	-0.767156892828508	2.97261559760821
-1.70391666960767	-0.683472746390065	3.50942508934208
-1.89365308172084	-1.11384969156104	2.96827961966808
-1.49625260820238	-0.77895821102021	2.30543201986805
-1.16373243157774	0.497441458764316	3.65730059018221
-1.20310502988598	0.133241094244974	3.32220915901443
-1.20310502988598	0.133241094244974	3.32220915901443
-1.40082094494909	-0.328860486362979	2.94034579463393
-1.8957826175443	-0.0835512784883221	2.907081897426
-1.85421767175623	0.79727220869589	3.47726525138279
-2.81521187822463	1.64568271030517	2.83134738656635
-2.08385819841362	1.97749964223958	4.41287586679109
-1.89910068127981	1.54818243749826	2.00067419803969
-1.98415442054707	1.06074231705416	1.06474682500244
-1.72099121878717	1.82657635875885	2.54955874284874
-1.69277525969053	0.299149036484969	2.00085998194991
-2.99744368244206	2.41916658781594	2.03186308648417
-2.6383647192747	1.67582036403605	1.68966072530329
-0.848069449127799	-0.181507149657616	3.32650640104531
-2.11395459873944	-0.293055939938678	1.93948507073569
-1.39035229480096	-0.0805182291533515	2.95830641226589
-2.69522280156498	-0.831341618510572	2.0240204752024
-1.42621010588712	1.25777512439414	3.19556906448912
-0.686019866180973	1.63512467305337	3.55023692079406
-1.29574338105982	1.34375476263993	3.12421099574567
-2.33429612452889	0.204535866676705	2.03497047448796
-2.10894141707549	-1.37428529134661	1.72873235061107
-3.40043300855954	-0.32906783412983	2.85681862519422
-3.8236618443194	0.35552331300307	2.08277968822674
-3.1974320342611	-1.04689740844263	2.88277297804489
-3.0356422341581	-0.361033931104629	3.16988781449183
-2.41623898574708	-1.39650801354439	3.68571440119487
-3.44033709717277	-0.422984365583523	4.44858677392426
-2.75217778202901	-2.21238464503204	2.55566579662428
-3.45565094976685	-1.45365423327054	1.74703189373152
-2.54891607961335	-2.70900584336075	2.54166211947012
-1.59107637228565	-1.87641055054091	3.66669001704581
-2.20582286584818	-0.948583459999902	2.45534857709381
-2.43245566621695	-0.702897196238128	2.28343606699501
-2.20099461691212	0.0760566816277822	3.09055196373011
-2.25382123782768	0.328935148751467	3.13396691554179
-2.84190618326647	0.311595078726279	2.10455335940005
-2.28434218640293	-1.2042749782555	2.20075658173142
-1.97944090176978	0.559311160283501	2.97295683142148
-1.76082546027757	-0.401577365465367	0.946429335917476
-2.94653262180073	1.88986360047939	2.35833127076037
-2.41036806307518	0.545022061364463	1.96802517601937
-1.35952348972431	0.539860197107211	2.63729107123846
-0.701213556932611	0.182698941408416	3.32549470398361
-1.76638548435275	0.924311280221629	3.29211953526964
-0.83797171998206	0.772070897527355	4.85440022334095
-2.08067104380592	2.51264263884862	3.3700680277783
-1.85907097609995	1.74240603684762	2.13272079794692
-1.30279793908006	1.34936891424543	3.23350946448083
-1.39130036412961	1.86848991862562	2.80852077974432
-1.2661200411868	2.13623124606884	1.93124187676179
-0.578206615173589	1.52804497392212	2.01503295822079
-0.868390751600265	1.63543816439214	3.64943105562741
-1.62909282647953	1.2636930912065	2.2925678773765
-1.21684604432061	1.24505603202767	2.33477580446002
-1.23660225939828	2.25802565767719	3.30696606091625
-0.798259218377076	2.23930038195584	2.85467469151747
-0.137625811905839	1.41929513744616	2.73173245092103
-1.08928747726499	1.21038943617148	2.18388179891903
-1.17847213305362	1.58762897390853	1.98405941878939
-0.683831699516632	1.139764039385	1.55226964446805
-1.12222468764527	2.9096952933893	3.12786061212534
-0.779590444118847	1.71336763770569	4.05390889483464
-0.880035117411402	0.718773072672459	3.96346842693958
-0.880035117411402	0.718773072672459	3.96346842693958
-0.629670270765816	0.228229724777148	3.44821529741056
-0.631204285760559	0.867402990266184	3.4566117770367
-1.23071253906462	1.04196802230171	3.22702520224781
-1.3838303796814	1.49045654828324	3.06014474054198
-1.91504252508863	1.5913600728726	1.90593515091381
-2.02399067342249	1.81295821440717	1.90077965313224
-1.03067296996445	1.31158718552424	2.68605068622413
-0.474091780024731	1.29142071058155	3.70207136364553
0.00124813902649021	0.674223226098558	3.65526180448886
-0.975592901076995	1.77718386945886	2.95883866184184
-0.364182297238352	1.1893110445021	2.69105391793646
-1.3799706099271	1.96556898948705	2.64206307287493
-1.7792221150756	1.26329666416127	1.53780540015072
-1.76216564198576	0.89911448610168	1.53172178309592
-2.75357612708628	1.6925061188397	2.00373663423687
-1.46727521904568	1.54011226326042	2.98062138794661
-1.02244778001234	1.18993897649108	3.46977680403657
-0.465023935387585	0.706902898684519	4.01742266581707
-1.83641331955307	0.583638187908613	2.5622584175621
-2.09271350952939	0.504139482095368	2.40046635068149
-0.653776783452019	-0.0715742359442364	5.41335143535651
-0.730611416561335	-0.926797130970112	4.75611058536734
-0.574263989486599	-0.124506522611552	4.64925468419618
-1.25225196986213	1.33723906565723	3.84903036120979
-0.710722351976818	1.31540757280352	4.0462805619701
-1.16858240279146	1.7558643995896	4.46191760447693
-1.98226286535891	1.60527233039196	3.91538814608519
-0.948401831918041	0.197978168740655	4.19436991220738
-0.545745834355432	0.208999400917805	2.95076761063083
-2.02473416001082	1.30041902695441	3.1980246373706
-2.32971975415077	1.17561581478455	3.56798748243806
-0.161337004776001	0.465943165820462	4.62028422016388
-1.24942291770725	0.442927588537857	3.10627856041172
-2.33051595558467	2.07806867017518	3.09797150372499
-1.68969734576499	1.61603118026242	2.77272512276759
-2.56524446956936	1.7448082840739	2.97582792048095
-1.57410072450822	0.585879644117668	3.15579888331718
-0.671733337411678	1.2402156745409	3.88363359405588
-0.696097895183947	-0.0903478750924143	2.8062468234462
-1.41313494947541	1.62331738334551	2.63712391865693
-1.41313494947541	1.62331738334551	2.63712391865693
-1.99004478034945	1.01138259358443	1.66704253808913
-1.93403103004999	1.10170355406425	2.64446614619455
-1.2797939967144	0.267242548590847	2.72312569059141
-1.61028664397597	0.605797997456459	3.05769911270032
-1.51412847657906	1.6453816894545	2.91544764739325
-1.67875837250024	1.83528263171563	3.03551872847789
-2.10705868083469	1.0329353222614	2.48060552899358
-2.56739148677999	0.823396215883989	1.87362978589085
-1.67373973675592	-0.160561764117761	2.32221574701566
-3.05640228694298	1.56771912832917	2.16843672271025
-1.55675952348	0.514164731279662	3.82770655104486
-1.21666653199673	-1.33775890855066	2.45974424730914
-2.06766136924904	-0.798347209049738	3.02197563888394
-2.16420543225267	-0.596155531696333	3.24686809956142
-2.28078750218712	-1.00181198746159	3.69983334370055
-0.874365738500708	-1.01417033479609	3.65990801443383
-1.00707161157052	-0.164782578850248	3.52371806237496
-1.16836276073961	-0.292488999995332	3.30451614933328
-0.94284706723864	-0.354069074501288	2.91669092450734
-1.27686243541477	1.32043680361785	4.40490764238481
-0.972277535363153	-0.250430951839284	2.54567052188889
-1.55655097463518	-0.259854042303291	2.82518659539186
-1.46043703085111	-0.331411918750942	1.97798218460795
-1.63087514940224	0.595668123685484	2.38343627494409
-1.49834703645924	3.20826125918303	3.8723670994765
-0.843436143896737	0.963115384111188	3.77409109085264
-1.01843990022925	-0.663007402835518	3.17988407098711
-1.81109955762396	0.020161528214162	2.83586718396489
-0.957384905710645	-0.337903652258005	3.56717144749444
-1.38814650852203	-0.464615786413215	3.0862864996237
-0.783494139022386	-0.746368413350872	4.13590187473195
-1.15771909155365	1.64740116867161	3.50510970721824
-1.68205912689968	1.24769239498911	2.68435806700079
-1.21505708729769	1.15063249657863	2.88213629057314
-1.13025260305788	0.90479014024787	2.82994839848016
-1.34558519449888	0.95470730179922	3.13537883448207
-0.583122163962907	0.351366671266894	3.64247077949373
-0.319899780185722	0.885158600148495	5.10788806253711
-0.746165214261637	1.55346384340045	4.50427947056703
0.126199966830796	0.461576495764407	4.42947394253492
-0.854890071041306	0.675979594680716	2.75414391825262
-0.527030170928675	0.602766250188178	4.19028268964534
-1.3224601631489	1.15721228628195	3.92912423057507
-1.17192053440971	-0.0969708559134791	4.14865408191351
-0.818704421287164	-0.209593657163015	3.76537107492917
-0.988197473999869	0.891110637982907	3.11674459601925
-0.66158078626974	0.678983469571034	4.55704218517312
0.681532304414795	-0.452584835308869	4.99704065007249
-0.319670314048054	0.272827833334434	4.56935385130847
-0.0236627733570809	-0.770951709671633	5.08835958653704
-0.761048236781527	-0.0482566977585787	6.16262138500299
-0.882904936420463	1.44761091851432	4.70673698149625
-0.107456326378429	0.411408271953692	4.35339600164438
-0.870213592430984	1.23638889831218	3.33268384816386
-1.54303417952119	1.70763825781227	4.17704391676604
-0.464611188568953	1.48311018752619	4.74898753734441
-0.229931636343471	1.8487698900811	3.71093007886099
-0.703905075034238	2.38740029441162	3.7975333727922
-0.345284626491808	2.34658123290357	4.60827115273576
0.207377634585729	0.842348816501046	5.24261638322276
-0.322345180857765	1.10958998158809	4.24427082741855
-0.322345180857765	1.10958998158809	4.24427082741855
0.592481093858293	1.42177018071125	4.7217512126443
0.108146210725639	1.24733653984119	3.58359700797386
0.625651258096184	1.337817119734	4.29217691032307
-0.181095163097719	1.58113044722701	3.41337565827226
-0.639776025911868	1.20794708079113	3.16539340627837
-0.82286113488435	1.3398577790808	3.17410317895894
-1.8760609537014	0.648402099413914	2.58444503498983
-0.623461527358711	0.342124116406341	3.90020246491941
-1.47471050164903	1.05591763922746	2.46052953043078
-0.647350337874152	1.3735519776348	3.78461264721385
-0.517567419176462	1.79102193901511	3.27938234411191
-0.877230520239131	1.66857563888307	3.35088861785611
-0.455959772428213	0.946329472398815	2.66121659593592
-1.10521760183711	0.306836404229662	2.71599925214755
-0.597019984352266	1.90104262870141	4.81197494580514
-0.496895291212103	1.62550868864502	5.17992945641049
0.66600897091092	0.855280954996059	5.19805142819312
0.737764544623322	0.15550419473785	4.4867082757171
0.0238046432680112	0.938031453340507	4.70950004670933
-0.675883295184279	-0.130933554965001	3.93534883550344
-0.635325228233904	0.337919495543234	4.27271081179707
-1.50580679590289	0.712263101441425	2.70737439243278
-0.314167573023605	0.890774673943487	4.42275455828566
-1.27468726257896	1.09967823813447	2.57989931619793
-1.07105748994826	2.20927991588092	3.21447713697712
-0.301286281746172	1.88048291721967	2.5527175927657
-0.973021988539692	2.05807800604527	2.684407963451
-0.601667458933236	2.14828950197028	2.59724865095811
-1.16562812334518	1.11066230307825	1.74871178216394
-0.0921960167216514	0.765322683628078	2.64111165094656
-0.920047214788557	1.72829185032219	3.52414168661951
-1.46815778527881	1.62698198671143	3.24199685363718
-0.802943910220866	0.439262059629726	2.85874775351586
-0.820304377424658	-0.728910596742724	1.84054128776017
-1.06252694168154	0.334649880384544	3.45431697849477
-1.35789128424692	1.05644159774234	3.16747949384941
-1.08215474251022	2.51927466238101	2.98004997993284
-1.0244364320491	2.07153717850931	2.93471899535793
-0.761100196032684	1.28293363748675	3.04713619787333
-1.65257048591072	2.49163996310148	2.64483097257485
-1.45217811587374	1.66749690704032	2.7470963505002
-1.6404468568566	1.27048126913688	2.33051735792194
-1.6404468568566	1.27048126913688	2.33051735792194
-0.539651872158634	-0.080134431526335	3.13159324513956
-1.68347633947531	1.17714222110522	4.07262554918806
0.34510588553135	-0.237115320559676	4.4119194584931
1.28309567676774	-1.58617686625133	3.13517060640786
-0.771631489051807	2.01495434726405	4.02350264221211
-1.3691580127884	1.12050067617948	2.6322911057302
-1.16522682327806	1.2143929635213	2.54051651620589
-0.614673996137207	0.727832588359828	3.51926736225775
-0.601564691530798	1.57588657536148	3.99943206493709
-1.4827392094663	2.4925250086488	3.2996723306254
-0.320392309889858	2.01944746385537	4.06860994196739
0.523677655188145	1.04040840058887	3.99272404294261
-0.359779069701793	0.99337651348256	2.95605725575615
-0.639926394115689	0.825992772739306	2.1019501055532
-0.57685637800851	1.62688350398954	3.20625731382694
0.895658407735672	0.651796110705047	3.35648737663026
-2.01623411027392	1.64045234372103	2.06817152021341
0.137097406685115	1.59120776854177	3.99223923031379
-0.389869809309244	0.895624576979493	3.05249187533502
-1.07457103640887	2.19283013426709	3.05717876257427
-1.26756992772464	1.12423749050937	3.18766304233989
-0.699144080577718	1.2463165727334	2.87452623724101
-1.80140423584343	1.78944628915475	2.14002731779626
-1.15568258090529	1.64194192003601	2.33328171961154
-0.681192495258404	1.13476212647846	2.25689833301388
-0.691642194429473	1.88604607649052	1.948760617133
0.608950511287526	0.678813998517001	1.83869753081747
1.43279560628626	1.38339416661539	3.20686809458415
0.65431348095681	3.30536025932005	4.19839314793892
0.374027238609237	2.0908118945511	4.35674150096388
0.0734488555083821	1.71773952524503	3.61336601565719
-0.559507958764848	2.7553791160688	4.15704666439932
-0.187913040572205	1.22587861914736	3.84806360077103
-0.590454695076478	1.41684989625415	3.71171379222693
-1.02017247823118	2.58954610719821	3.70063688123966
-0.244241724458492	0.819733758737678	3.61751980340886
-0.507105849814296	0.743499037775905	4.04265366535325
-0.696626809787948	0.719694895832287	3.83423186163796
-0.633471261324974	0.915473330447391	2.80468010846374
-1.09943509422558	0.269181575599928	3.62629199527818
-1.09465301073475	0.350482329552641	3.29218100281785
-1.97207684833007	2.32679918675067	2.98413046959629
-1.86720979492291	1.18856408849861	3.13291662453124
-1.05878909369648	0.745749021055563	3.88783236306544
-1.43091398252707	0.364891020880561	3.9854235141247
-0.935307528388984	0.18630426656046	3.2292052613183
-1.10129166870172	0.799519281021311	3.84341875463817
-0.86749828541186	1.17354926875636	3.91781455282784
-0.874184043806578	0.549130925880647	3.19157733264196
-0.341923898451433	1.11287495857673	3.43450495256503
-0.39788504640964	1.41535643384418	3.45099898056922
-0.897300290286964	2.16582368675857	4.22571829191467
-0.936262240636815	0.909141583768142	3.37497947621092
-0.989958742889941	1.23815981861356	4.04158647944448
-0.484477088093507	1.38285965402937	2.54007753476968
-0.00774852881002486	2.08242367746141	3.23664323917278
0.145573609606951	1.1024397109111	3.43352765226874
-0.610611970981785	0.650646944631494	3.8189001820902
0.293021560681523	0.116165841033743	3.37168536674399
-0.444254241186936	1.67442571538598	4.21656443538567
0.00338525087326605	0.537888810001765	4.30049780596529
-0.506581137685408	1.15410643701818	4.95479658189537
-0.972939585291587	0.625447756939079	3.94672280680856
-1.17650499149891	1.24380270326996	3.47640965790376
-0.841980787312902	1.13285486642462	3.68110111918867
-0.873935857740572	1.18684458950188	3.72403611733493
-0.221714149315627	1.36332843754271	3.86008951732672
-0.355350340681868	1.09744239399653	4.02522390605038
-0.397545995005778	1.36446579177518	4.19246106638462
-0.470524740143382	1.34114746112404	4.05161861697896
-0.65872258448827	1.46196389530163	3.64773497674185
-0.770675238740164	2.14009629841561	3.59783210695722
-0.470997534214667	0.914619908763398	3.13983593984477
-0.380678413308833	1.33000851373281	3.85626495851864
-0.347523958458372	1.52742921929991	3.52784502160613
-0.0726522985956717	0.931532841986542	2.61127100348007
-0.817178981832152	1.71329500700289	3.04589232374898
-0.473976456147984	2.56145732269639	3.03248925599291
-0.591409392782471	1.61950092866348	2.4424976224874
-0.450500661183251	2.60148845446066	3.73737291806325
-0.64146694380405	0.559591277004726	2.21384021186202
-0.709790189427794	2.40135766826751	3.62607475895539
-0.110679691589455	1.55559526273396	3.93559538369692
0.0503079311961268	1.03375172763742	4.54028960675778
0.0503079311961268	1.03375172763742	4.54028960675778
-0.397306589683025	1.49219743441057	4.81928662334801
-0.144530650788927	0.435062336482822	3.77674521641378
-0.102772420704902	1.52150333373895	3.92398335699474
-0.224817608577337	1.8437433552085	4.46835838309487
-0.083224831989198	1.05835383970649	3.92919254561889
-0.3875329798567	1.45849900683374	4.24822328148625
-0.480157695678432	2.3472901156359	4.45348834299945
0.113461396446688	1.06938087937016	2.51233258055574
-0.435139328547572	1.04836018846076	2.11522502982863
0.051183434550431	1.00306991712514	2.78977344254949
-0.345023929340748	0.561618368175512	3.57237992848618
-0.646851569227318	0.391340721005695	3.23257699802601
-0.56424308169815	0.671306923966677	3.83025900993851
-0.560300960975934	0.016035606378825	3.52436632523219
-0.536496543926016	0.622510534135042	3.92430356521495
-0.958755937186415	0.934745906319058	3.81156994632052
-0.859031940076263	0.362030527319612	2.68493510200098
-0.789015272941883	1.25560696540781	2.99636105366868
-0.256075775580261	1.02244590276033	2.83927991985024
-0.41919024652297	2.07953067038136	3.3007858285656
-0.201966107405043	1.05547856639864	2.83777707657411
-0.376507546786328	1.37008662475398	3.39325035846501
-1.23781327783027	1.86814948373355	3.4456830544672
0.122561225946698	1.00129733631949	4.00744427084658
-0.78230948391435	1.24782170242781	2.95529223731814
-0.590115369657728	1.03729923243865	3.19888092505793
-0.704420663290017	1.08679368520958	2.90992058249638
-0.654569331967294	1.24757268545404	3.5421416043729
-0.691081367327027	1.02209509325137	4.03084129960487
-1.37420084393891	1.20472107821152	3.86646870348266
-2.04861309377198	0.969021658182353	3.65952250713007
-2.47186348893499	1.20697597088226	3.30283951723559
-1.47943691069442	1.14877209259929	2.77078001610248
-1.47943691069442	1.14877209259929	2.77078001610248
-1.28048585586326	0.570456088967053	3.97093369427354
-1.48848026732004	0.613797295213874	2.13114636055318
-1.28921618461111	0.708081672561653	2.93064808029374
-1.64778986744123	0.83728760503325	2.51432403321029
-1.64778986744123	0.83728760503325	2.51432403321029
-1.56779640790068	0.82583594754865	2.47985576392168
-1.57375074862076	0.924947208016732	2.86527515726646
-1.67363568585209	1.62040104642959	2.95187127692037
-2.13271345776219	0.546384224468442	1.97691817472633
-2.01620939021307	0.66371687640917	2.36140699434805
-2.48135581013872	1.31855635899063	2.31239479770164
-1.24093068372489	0.873440587146247	2.84383004983479
-1.24093068372489	0.873440587146247	2.84383004983479
-2.00143895311533	1.33807867321369	2.99350228482898
-1.494080952908	0.929653255725426	3.02641185086266
-1.30107922588581	1.58426631624834	3.10426151289206
-0.810256619794126	0.936129754839747	3.31382290737867
-1.59075826595149	0.870251404716796	2.56856550411266
-2.06550029785205	1.5348946364369	1.01073215342886
-0.365749448793559	0.447495800551207	1.30442547573518
-0.744069767632618	1.24931275642497	1.77129852716277
-1.10353572311098	2.49914131982687	2.32802321499764
-1.40355497846199	2.10205775815582	2.79362902350915
-1.13438006780417	0.319567698205704	2.6837342639626
-1.20976815705628	1.05703868881299	3.20108639189289
-1.18223365360248	0.746808807451929	2.89210640108002
-0.486627896003736	1.31483452027082	4.34663323393339
-0.494610692883963	1.60033523912263	3.97464747414806
-1.03175268137347	1.43390065687694	3.11118619412525
-1.34570152839621	1.48411205926759	3.00963759824997
-1.40896643145117	0.814239241511573	2.42917280179072
-1.45383932489685	-0.0905101976294515	2.12560091628364
-1.58268935578562	0.882568220249981	2.1399331386994
-0.00350538061084928	-0.137132374280169	3.59466471502183
-0.660585913363613	1.11495815054866	3.51838010232315
-1.54163379149167	-0.0543694109172124	2.40429042268929
-2.24468049511911	0.544933114059245	2.30204332383806
-2.20870343373882	0.640668771744956	1.45216513704526
-1.94319036270093	1.40121134984106	2.77042752953741
-1.68104980537383	0.752474432577967	2.59413314778065
-2.51573458939736	1.24261596040918	2.44869238185312
-1.89359588238609	0.521687586782375	2.47803172925783
-2.03242116340157	-0.179271632957582	2.23984218932877
-2.1048181921152	0.932682929607764	1.55771637284077
-2.35920227644042	0.613317064088049	1.12553119566006
-2.70136865834951	1.25451498023874	1.27016109521371
-2.60433176886262	0.983234034909364	1.83825790301757
-1.88367787203796	0.443883371937813	2.73439884032158
-2.47385735721244	-0.258958632844564	2.16215217890837
0.0243663651875927	-1.32787840130163	3.58558414784477
-0.556654550795632	0.838751101693371	3.76899896945098
0.0175410417894026	0.701917976121764	4.22136329463597
-1.76679321036547	1.7691602625866	2.48847209085794
-2.05901036037644	-1.0755859688987	1.31738642784445
-2.50143972588055	1.11771855367824	3.23221284671658
-2.12869566480772	-0.200556637629966	2.80104738421108
-3.36443349096316	-0.686923223047746	1.63804681214568
-2.46330207786392	-0.692007709805654	1.79894267075493
-1.62971053583814	0.602034472384201	2.92376459086489
-1.97278708303457	0.701078460290151	1.97070626739178
-1.51953869680861	-0.520347896252707	2.3445210573987
-1.07649043632282	-0.976195192859404	3.50676456259374
-1.35372189516127	0.859668801446633	3.3152952054704
-1.39748118128421	0.174369772120855	2.55030216209852
-2.47744100395258	0.374850882373545	2.32705867303652
-2.97425390731589	0.360349951569342	2.40489127126712
-3.12418591345926	-0.530132700956521	1.19216667884493
-1.62642862002736	0.012520630202916	2.83932412686382
-2.39623506279146	0.128059048093875	1.74230411139169
-2.55671373636973	0.0162532577325903	1.3412166268365
-3.35756735968192	0.110416510917626	1.68626052436137
-2.22328126916046	-0.473387949162383	1.81860110403711
-1.23521113359705	-0.139083574362301	3.3702718903832
-1.20738557534633	-0.55475753538255	3.0549641963143
-1.37835328974029	-0.179960792998563	2.87298968438375
-2.77803219791264	0.284989435778048	1.74942960669136
-1.92783307404387	-0.908347312302025	2.92771905423989
-1.71581106858513	-0.357998379348404	3.26030483193761
-1.31499353617263	1.44232022200924	2.82888267816504
-1.44167921640828	-0.823377576569557	2.55562373120225
-3.12127104248954	0.0841079282040905	2.29899049027128
-3.32817613491121	1.37705300471303	2.41370128930906
-2.52447582617169	-0.286611525761865	1.56960457379654
-3.2846916294705	0.817366263611533	2.18808091186498
-3.06614216358183	0.0627022493751462	1.88766740369774
-3.76382795673814	1.31310102337274	2.19776283003175
-2.24144271071319	1.13191385633901	3.22940711900672
-1.63626296325301	0.482427810142795	3.18373982535986
-1.61605593942052	-0.872448333100206	2.75569372455123
-2.13127996360951	-0.928033180960768	2.25687599377952
-3.32775906481544	-0.924244868905812	0.675636451670803
-3.87202106545316	0.701458856117767	1.82719466363096
-2.86284405392251	0.212421398271968	1.98839549550862
-2.97184248749378	0.49196051169989	1.31212015092669
-2.64928332584439	0.822500419757959	2.30260367510977
-2.1426805291165	1.84095126154417	2.43876800707711
-2.36442721610645	1.98483072433058	2.33025435076936
-1.30049722497277	1.90946702710714	2.90403848230108
-1.26685713052716	1.21418359533511	3.08996806695072
-0.941045669874744	0.726073079450539	3.12995952865243
-1.3715988245319	1.74921460231413	3.34589335064658
-0.585543827960075	1.79515521965712	3.24032989442609
-0.631150898012828	2.30248892069736	3.30807105818689
-0.157969809463576	2.5179120769065	3.79011768241738
-1.31224588393764	0.682560897875243	3.15936979219483
-1.87621278579539	0.911078340549875	1.55370324733245
-1.96401837313468	-0.377530222752634	1.39706613577006
-1.5996987582893	0.701088844451834	2.68029968640095
-2.21467488992988	1.28142323922743	2.09934460409402
-1.86325171188559	1.42202088807239	2.39857035668852
-1.48401027259443	0.880516325318783	2.66061642801784
-2.27014926520535	0.359258140568674	0.925994901559838
-2.16215991880927	1.58590946663079	1.63867241759028
-3.04780164470722	1.35843364998544	1.87309323674615
-2.63904997569668	1.32264588223199	3.27071416171202
-2.49093255245127	0.104660974823181	3.37260112006172
-1.88890808356154	-1.29643331940752	2.15891407927683
-1.81465379383144	0.109951086340912	2.33525317015002
-2.1333824998247	0.0583292094031173	1.51263456435898
-2.28927423139159	0.182561574962525	1.85709048492659
-2.00899663549704	-0.420587400318409	2.39021655799278
-3.04353301391101	0.129113362797153	0.911142724987148
-3.24810370746946	-0.0197151044666739	1.7911927904023
-2.62929217002335	-0.0850504808740197	2.41638299480119
-2.97461479752562	-0.215882235541455	1.55601776816339
-2.67706156627436	-0.788736336448171	1.87476779545063
-2.24586876225229	-0.32166900932573	2.59148883510527
-4.16075420373264	1.52800050971765	3.34606228445577
-3.27621758406326	0.951121170134968	2.07872318785745
-2.16666784295596	-0.465882290879616	1.54036453276104
-1.51812701487839	-0.47624291180678	1.95484748419618
-1.59868811542171	1.26379533865644	3.0174954166452
-1.73307066883702	1.36207700536552	3.05425678828143
-2.08592528020835	0.499659039893066	1.98138838007702
-1.9791598652543	1.07167386997226	1.98957297870003
-1.18826922054969	0.881828848913317	3.1931346459331
-1.35641142923953	1.22048740042449	2.53458441089569
-1.36204385669714	0.922259498881022	2.66984959298508
-1.36204385669714	0.922259498881022	2.66984959298508
-2.09289171500479	0.54860196986558	2.30829234543229
-2.21287614642741	0.785363549546613	1.98075042560162
-1.97331154183288	0.516913198062945	2.31051454538348
-1.64606523495387	-0.220904540742455	2.9033798405992
-1.94949997444837	-0.0780777908441349	2.71960012063798
-1.95598388629219	-0.0129497819904463	2.8563195006678
-2.70887810897882	0.506490062696676	2.30382225842597
-1.71199787425594	1.35256928265415	3.10784785034547
-1.76084302799802	0.513408252226704	2.62879499758385
-1.44652836251681	-0.0463874805557211	2.42370064277202
-2.40939454440351	1.00834064841815	1.45316690049867
-2.16367435462864	1.5419773722644	2.00514965999847
-1.95964122299633	0.853756084664476	2.40727164499728
-1.76764157235182	0.427270642571512	3.1775013236656
-1.04204036607217	0.947667137958123	3.07524167809527
-1.31358530935908	1.12034469376351	2.68716899996818
-1.37199500321078	1.06497272644337	2.60681292141666
-0.858518094808519	0.853081677192062	3.33808508733369
-1.62530365740985	0.760511884684895	3.71049291234443
-2.53690446029968	0.431968397187289	1.68256779198666
-2.04526790562988	0.0369794856701521	2.08891715543615
-1.56394222983381	-0.219103196824171	1.7492182546277
-0.625719829223482	1.23332330835033	3.05551065144457
-1.67211237566443	1.68415164614937	2.01631914779979
-1.12055572821906	1.30681497083807	3.71247433368187
-1.0408429355986	2.21962581504122	3.71796863188845
-0.119348297749843	1.30864279913994	3.085452257302
-0.977774995206686	0.361321708219293	2.29258957414828
-0.88239418534813	0.73772198053381	4.00864000745571
-1.73939979867357	1.50448134669861	2.2020695017838
-1.10317664321382	1.42313629191842	2.82409946400401
-1.63550592837128	0.717554356110188	3.12388879710226
-1.92052767159532	0.964702414292316	3.1232046780288
-1.68022748943481	-0.340522622960606	2.6995534860062
-1.04271382600479	-0.498403133188048	3.90926276757999
-2.82333219341515	1.40303991423422	3.34476718509091
-1.03258268172047	-0.414646919392722	4.01668157658149
0.393296054575353	0.508906165524154	4.88785827303439
-0.609970691366535	-0.0572835157576779	3.21045535788434
-1.16703262198228	0.475018559304793	3.45599294737885
-0.742664395748006	1.22441346566244	3.17151039034241
-1.17367590896047	2.26737758875028	4.16789920823829
0.325275943972137	1.5146703369413	4.72333710597194
-0.354322275425921	2.2846687255109	5.10783103432794
0.678399381691982	1.19706194677199	4.4472319142085
0.402437589622141	1.94665438226052	4.76002520466478
0.0650875111443612	2.41995211103173	4.66108724356532
0.88612894922103	0.619607271051879	4.69060143785359
-0.330496197600751	1.86941315001496	3.34204121315426
-1.14307069023733	1.34894595673835	3.0928196066605
-1.14307069023733	1.34894595673835	3.0928196066605
-1.14307069023733	1.34894595673835	3.0928196066605
-1.44315536187281	0.42750262118341	3.64455503428045
-0.716699109487156	1.15927360726072	3.97731077175028
-0.646417366584628	1.23620458383439	3.17997657159778
-0.861777191535931	0.538806614251768	3.7108810902682
-0.291932591859493	0.352182686495493	4.06750340018498
-0.37119566675977	1.0716053491624	4.61535930224551
-0.595805209708676	1.24058603007529	3.31262698440626
-0.970262630574398	1.28235707618551	3.63017097037794
0.114891177601808	0.27877266728107	4.21622649259902
-1.57872129841086	2.37446850360566	4.8733285153937
-1.12520412436482	0.75833108453579	4.91916264759786
-0.754992118570281	1.26513023089611	4.67344014988552
0.184844719502257	-0.0615096848436858	4.6268155176963
0.626942356238577	0.790475624492981	4.85448931207494
0.730182064090441	1.0076517975083	5.28146010939133
-0.340065375915536	2.55929534046039	4.00207080466019
-0.170814495902361	0.831742410804568	3.70026986067853
-0.598170493509856	1.15563204530473	3.53813924478139
-0.762139783880219	1.46953961634273	3.70373822962373
-0.938129654659279	1.2633197600077	3.04215171510035
-0.995263176702837	0.994474950049721	2.81679537471637
-1.44687499550033	0.734890204892825	2.28695276875015
-0.552590583807735	1.71099387791126	3.73684508077666
-0.118870895702506	1.1318741640917	4.02855438864813
-0.867821825998728	0.780270224255581	2.61026522948319
-1.53296334387333	1.33949155985176	1.8864422676203
-1.53460285708099	0.553273248803789	2.91760292124614
-1.53460285708099	0.553273248803789	2.91760292124614
-0.592526999494261	0.599428612760212	3.28768279800129
-0.798902100854476	0.550139105211039	3.45745833868648
-0.875260918843542	1.02612501955906	4.14269095668938
-0.875260918843542	1.02612501955906	4.14269095668938
0.0860013133338509	0.516253672715321	4.55773219429344
0.0479551631034412	1.43592472729917	4.57100850374152
0.830632669147899	0.947593423560515	2.77102565923981
-0.0138659862977413	1.61127809822751	3.19974370160374
-0.595009806599468	1.62634458116435	1.96382589985966
-0.0302976046072878	1.93888214916428	3.91657215330041
-0.196250672817315	1.54288302087703	3.99519485861351
0.106206065466021	1.91902352259448	3.67979974503681
-0.256235566369729	1.34013939064463	2.48729814674607
-0.179946568294022	1.2757343404754	2.02633634225154
-0.0549597335463246	1.54148902436745	1.91295995136868
-0.0562160073396274	1.05338235859599	1.25628247516502
-0.264949030929029	1.12342679734993	1.20750237695235
-0.097329505536363	1.57772969078494	2.02601403010499
-0.276290280138441	1.85699877601525	2.63874450869122
-0.512167144371736	2.11328231935849	3.40738353439444
-0.732337453506617	1.42893768293077	2.98235586736155
0.168250639520745	2.11455712898891	4.39098874432187
0.168250639520745	2.11455712898891	4.39098874432187
0.0633690585529249	3.3450986127664	4.26309536739871
0.0218392631983502	2.11288289080081	3.4683200753987
-0.394882963498888	0.0483487392514887	2.29107526494003
-0.820534352196739	0.846487332175922	2.35110060387917
-0.911497999671558	0.486516481929985	3.25230872727764
-0.354163894219363	-0.58249237906149	3.86216912575139
-0.238319228935085	0.224316862076471	4.69114587317878
-1.22837377452798	1.3364277786187	4.68855243546455
-0.760942865690172	0.836343538990672	3.65183469003789
-1.3389946438538	1.22371181637722	2.84601556272093
-1.00737793004884	1.08050243905867	2.99486770235037
-1.00737793004884	1.08050243905867	2.99486770235037
-1.37753690639625	0.910627527356496	2.66861595819539
-0.68297275265483	1.19806241974331	2.71682561898691
-1.30179865741534	0.7979363807591	2.32829594001923
-0.704220327275897	0.463974372772932	2.73538662098118
-0.697302378600338	0.293434541068737	2.93442138936374
-1.27084874110007	1.39492476921659	2.93892662985824
-1.33125134071547	1.82332696862166	3.2131791943154
-0.529543110006387	1.98490377989137	3.66704229804143
-0.0985174689707756	1.53238823551789	5.0605619280446
0.493085573435263	0.698528959315272	4.58828969970047
-0.309136171719949	1.1951840812881	4.84934348769598
-1.47565062002026	1.06417333374651	2.81953693990018
-1.25134789868985	0.659516496696082	2.45971897847477
-1.49574968391337	0.671145196632083	3.07955442508211
-1.29690425434744	1.51273801094641	4.48507215505141
-1.34054917603432	1.1397527400785	3.40421121262015
-1.68714241884518	1.46786228920245	3.05936346271852
-0.527336186076888	1.21689433229519	3.24228626235121
-1.64962784029667	1.66335131335933	3.88574878586728
-0.655024542361695	1.54266328515668	5.00551994533397
-0.31861865769768	0.355879367991023	4.49919702011477
-0.988613842510218	0.633200848268874	2.71705568668095
-1.28614032096092	1.452882375594	2.87103999743828
-1.32381695073739	2.31130513993193	2.95872739813437
-1.17226275882593	2.23151400962395	2.76226957135816
-0.269181068821159	1.46600636330159	3.74079234491444
-0.648320556530502	3.06086180100076	3.95354955610275
0.267855972834468	2.40871057797364	4.50258310775028
-0.807218591658627	2.21650658382581	2.94742147868881
-0.863422743447978	1.92517081942691	3.14204274652925
-0.474691421541045	2.32455173842914	3.01064146620119
-0.173505256409388	1.54564622126125	2.98107899415355
-0.365323671601234	1.93838375706602	2.79654471178025
-0.840566910995273	1.24788503279794	2.17772844863582
-0.923284229743959	1.20634440843622	2.98221208565387
-1.72023878685381	1.35873152628963	3.14536041076416
-1.09633817061348	1.07679351391424	2.81424098841312
-1.14590524521318	1.40953886332038	2.5087443659838
-1.32138897389707	0.876533691987198	3.27446713209691
-2.11709552352764	0.868825197398701	2.78953894285892
-1.68577794669896	1.36925374254147	1.88653271731613
-1.59603889984577	1.40066885489761	2.19762794615724
-0.580022955011784	1.24738512402487	2.48750678795445
0.378119192218316	1.81893008790686	4.5496038089077
-0.103360587841418	1.81013094434388	4.10321444947586
-0.609879354557677	1.85917286412095	3.35873776245112
-1.44384661087861	1.52150131775574	2.68455120694271
-1.48287180399878	1.50894777229613	2.53109006871982
-0.735182426383881	0.721410813520443	3.06035602504847
-1.1052922410248	2.2745216597736	3.51825221098413
-1.36428038160156	0.888903828108949	3.37917286838914
-1.5440093765629	1.04651751002702	3.41646488987265
-1.71960910183396	1.28316081141207	1.2719498949476
-0.889395988175675	0.995877687152188	2.1533684775697
-0.268979353584647	1.69060153508487	2.50416094227422
0.166767433621751	0.914408913316875	2.71080388665096
-0.953159987524929	1.20477355801742	2.47083039376616
-0.115091359201201	0.895825122903143	3.88827590606435
-1.81248945979037	1.59613819705288	2.68299936601388
-0.783430483367493	0.670444385634324	3.87965981552438
-0.395271568020306	1.30637230730499	4.20131221379293
-0.345364028234138	1.08506036934616	4.33739361773286
-1.10882815060767	1.74996185563977	3.05266060784348
-0.634841158059173	1.02137097625137	3.02558355388941
-0.706353694405478	0.373906704627444	3.44234311698531
-0.0908737019601075	0.409333047496678	3.42809147335683
-0.496221189462852	0.531224484496378	3.72542033595097
-1.45805935818612	2.99141522044972	4.64920525621977
-0.96471626090679	2.48574333051063	5.27894885931214
-0.125058215767029	0.832805802019097	4.61743527059254
-0.990195031907338	1.0821905190566	3.43864131061328
-0.739400236337917	0.552042587224949	3.30472917949115
-0.192211122649009	1.3328721086224	3.89258666870536
-0.388902395215835	0.802375872288821	3.97574192882242
-1.1115801087607	1.97967548333695	3.69505751396841
-1.37118018887021	1.69836544846381	3.70193702829352
-2.22656206866375	0.705789502371186	2.05947611288919
-1.76354353825542	1.50876147772399	2.82228169712614
-1.42427074223743	0.874761078171221	2.69773835934442
-1.95562487504002	1.05752821182393	1.81817913812569
-0.664495152780104	1.16393266382771	3.66045488897744
-2.08698418057927	1.82938513071412	3.15894234749154
-0.876801702824923	0.42162728225374	4.67014381540931
-1.4042905290524	0.419590742770602	3.54851110019527
-3.15600946687338	2.20939081064973	2.76143505991765
-0.737106571335291	0.886151138608327	4.445391784002
-1.99799194009023	1.19239605973394	4.21222167863654
-1.87516868789089	0.721479473811509	3.18606948122265
-1.34682661741288	0.435514718378277	4.28431199971572
-3.1133419123614	0.643148918067948	2.98087242560193
-1.15279338637244	0.0687025441756028	3.40643293700005
-2.4083934222442	0.511143406234371	2.76197825628066
-1.88603135608098	0.16979971245551	3.9757170409023
-3.52585708984993	0.864354466638136	2.52279881104747
-2.09718539122988	-0.224058404465415	1.79731573538249
-2.59113025567062	0.229574870796103	1.37919628387374
-2.40039389567838	0.510114199616315	2.61663821722152
-1.50299778584141	-0.119487556701998	3.19704028807445
-1.09060473769618	-0.272112545230376	3.58329089641182
-1.41796985221808	1.07091751178583	3.19322952871437
-2.51941323678747	1.95006130247576	3.62144702653416
-2.288099274025	0.965015114040818	3.22152127108666
-1.3780775506833	0.797846649898105	2.97720851508673
-2.07167612806623	0.599556910117533	2.42059927056251
-2.16030130580713	0.479244407490784	2.4217455184912
-1.37031319887005	0.165609903205495	3.09669931588
-2.3357381135809	0.326634658048329	2.00674136735594
-1.47818912127794	0.207564889304541	2.81723116833039
-1.71629563739969	0.598429396062441	3.34665154741406
-1.72299274376348	-0.230497843712208	3.05492761043695
-2.41912427409313	0.0931907855406042	2.89612878138502
-1.96934660531484	0.945253955922261	2.61949289907587
-2.00035655305545	1.91204553030343	1.88609349604327
-1.52028928307225	2.61244404527728	3.2974193218606
-0.350501600002177	2.15564490361877	3.74359841440105
-1.09077594600157	1.05774034341252	2.04376078023295
-1.59605629861402	0.906079301960107	2.36775806868032
-1.87343892354968	1.13370536717017	1.79374996142906
-2.17910387337684	1.36718584406744	1.80625534257142
-3.1722290791164	1.51597559510356	1.02367415881387
-1.70295751291068	1.31293283779199	2.6909536959636
-1.84999345555126	1.37081268018811	2.65735965087572
-1.6725862493002	0.917791735839126	2.84213018666901
-1.70190057748542	1.65740335755958	2.96908003172361
-1.20149559953507	1.11965237675708	3.25438020640035
-1.24585186364349	1.4014238631245	3.62624904382827
-0.861701436754028	1.20345149973699	2.82511526668199
-1.35258037433164	1.1680525638036	2.40356405833857
-0.901469802581429	2.18013765482882	3.10146576687813
0.0304285299967892	1.76619581127278	2.51327432632189
0.182034927254573	1.95233521336252	1.44873355315811
-1.18159292651544	2.96223268955177	2.36601317110388
-1.38420923797966	1.75734906715589	2.33298849136635
-1.05452764722149	3.22750194764762	3.04301693197191
-0.737909391007892	2.01230441286045	2.57685982649518
-0.997780259821828	2.97844868029055	2.94794289154854
-1.26574220968985	1.92413304764781	3.08929443975053
-1.58618032810248	2.25949125980025	3.93000278580085
-1.56252291905892	0.476385423956084	2.70706743776524
-1.83782660947222	0.520435987749329	2.00389021901611
-1.76195734165133	0.543439766230955	2.59680312189346
-1.51188356024305	0.541669519270628	2.35704629966059
-1.84260310705168	0.808376815921058	2.89403860146828
-1.63648640438291	1.08753981414461	2.63753196432835
-1.70115758178898	0.189793974441314	2.5679368570141
-2.41967836322968	0.123312959704865	1.27496765747494
-2.53971700379735	0.879690664574945	1.27873295100644
-2.06232373217101	0.769244336077334	2.11871377018059
-1.50368440496771	0.318496636394856	2.57536157910073
-1.76042465999737	0.681450188722841	3.39602644085936
-1.17377010286098	0.668464214757109	3.15259150053189
-1.25051286581118	1.69399614698177	3.3343973812976
-0.914852515881703	0.421668157955984	2.65788491090515
-1.13767406252895	0.264490195709104	2.77240764118088
-0.663853146155394	0.804102395845959	3.19209509247626
-1.22376822778709	1.82029222504373	3.11766673661214
-0.748129081405769	1.16922629583573	2.78827268145463
-0.671511138147575	0.669697979260413	2.21222579911113
-1.07401657094902	1.38536438927953	2.78681526047986
-1.34186084360134	2.1887315850155	2.77504623496351
-0.696717393960714	1.47409225715714	3.62440750923038
-0.619251699620737	1.75836300767069	3.43778913144856
-0.799139283389489	2.59940568406738	3.29631252861203
-0.255936980827816	1.32313449053707	4.33170248803894
-0.552411815601611	1.86057313060784	4.23533165748523
0.279728740978002	1.66896861631225	4.25288106920241
0.344938305578844	1.11089587461094	4.00497438663103
-0.271498415316119	1.37303787355977	4.12451288969297
-1.39136997627529	0.334558870528847	2.75014350565572
-1.92423890919463	0.553219945869404	1.59239027752203
-1.24368848384683	-0.962581229754186	1.25719334628828
-1.41835627091299	0.35595772189979	2.59489279603708
-1.75012671137805	-0.819511227694658	2.1846862453467
-2.49148389861593	-0.279694012552466	2.21368459114727
-1.79994598348589	0.200777249837831	2.75815164347159
-1.67226533220303	-0.259594665015855	2.61997335490354
-1.74440566032529	0.00930337825470767	2.27961547916299
-1.4057739464397	0.173511973994924	2.47190794208597
-0.803312713432395	0.5633937182774	3.20299525892249
-1.78173741930259	0.497485635014586	2.27560960363236
-0.720443446497405	0.697470742996425	3.28514671944834
-1.63776548751814	1.01463352056502	2.36411840168241
-0.94286293801893	1.00350471195313	2.30141854633258
-1.49083255691921	1.52727403075833	2.71279341178244
-1.52407536964647	1.77625082870386	2.32996761515011
-1.62457999945113	1.93454305233766	1.74790974726164
-1.3588943126059	1.15951246911774	1.87128129595087
-1.96583226199406	1.41635454666895	2.20900686085558
-1.43299755227682	0.731901740454631	2.45978920247195
-1.113496140375	0.503192512289238	2.58865910950945
-1.41023780476811	-0.249858876398914	1.8716145021336
-2.08681115393209	-0.368411579859581	2.74388652715964
-0.577920146430505	0.391690623835595	3.83161352280843
-0.701816874344114	0.744599263016263	2.35872686177823
-0.274983465206954	0.790082962873795	3.20843499654353
-1.38438409881653	-0.557838258848749	1.63013817484657
-2.07363977210353	-0.692896562689387	2.92989394734936
-1.10959910931491	-1.27938485028055	3.55200224238139
-1.7927688432197	-1.6948743530052	2.84897697957906
-2.61296266786911	-0.314454837124859	4.02695310172217
-2.87433165972638	0.0168007234002137	1.66824256149201
-3.31041988495736	-0.0291002861839504	1.38414599277971
-2.30135583559046	0.55687186411769	3.3544980656622
-1.91452568320376	-0.162599027396715	2.06574251335738
-3.31770007118172	1.20513442179229	2.23473543384521
-2.04519529352159	1.24900554214511	1.84949990941705
-2.46828418427309	1.28696055476421	1.69372939230144
-1.42367957059073	1.79335751464149	2.84737745912603
-1.6343745971343	0.660457753630742	2.71817474560784
-1.65507843051437	0.349016715963348	2.91875507610807
-1.52067503641953	0.633457628308778	2.0392974031462
-1.96154298126615	0.278466823549116	2.3783572906232
-1.97289450738622	0.854957628591505	2.74657226342198
-2.48776553503656	0.204448332326574	2.05614093302236
-2.48776553503656	0.204448332326574	2.05614093302236
-2.65476155957679	0.73086050362517	2.51078710414086
-2.37790877159675	1.45872303523974	2.72757126103573
-2.0186377344931	1.09080635709364	2.38378339223682
-1.92132645709095	1.17826164512479	1.97544255202059
-2.09883757526097	1.7045173246124	2.16138952901232
-1.04353594919242	0.582184916989929	2.6502211150458
-2.23238629524556	0.541853498715359	1.62807724894921
-2.56139724859535	0.631248804284319	2.41641669034293
-2.98943990447128	0.655507283031537	2.89298715172358
-1.89766820399191	-1.05150238294316	2.97927360178068
-3.01378498975616	1.49055872121613	3.21199472659816
-2.17715238172821	1.4059998793904	2.86567177497381
-2.3389512103797	0.870675950250199	1.85348144490764
-1.60318265772581	1.28201477855026	2.38659458531106
-0.809809844806465	0.915693640748262	4.55319762623915
-1.98213045288602	0.635434052913298	2.67949919893304
-2.82683985058944	0.0342453944350234	2.11312552497144
-3.60078797304981	0.808156687539931	2.27245788333538
-2.2175937528497	-0.719975502339566	1.9908233837385
-3.46215696802179	-0.131225862734623	0.912993909071642
-3.32403625832738	-0.583040934623759	1.03206639950741
-2.03136612860157	-1.47380287864909	0.975013435294049
-1.74587973317173	-1.09567041812001	2.06289606745762
-2.32577757154731	-0.773291220014349	1.87997115416456
-2.75632845269199	0.106364668361955	2.77108706088886
-2.36987790943252	0.587612190000689	3.81898208315729
-1.26710979855912	-0.704163082614729	3.42591461916737
-1.47095086768201	0.299739822839091	3.67731845419089
-1.44963084144791	0.243646242810407	3.17076775191993
-1.44963084144791	0.243646242810407	3.17076775191993
-2.30162696984634	0.314159112242947	3.15236572641837
-1.7475753875747	-0.579426710526131	3.37167588436595
-1.82024716164888	-0.491230824940637	3.64692526517941
-2.08232290555607	0.0370073509931997	3.20597173161922
-1.67242461247692	-0.745782297690298	3.40087588876002
-3.05118083260057	-0.779985544219831	3.31643657940505
-2.13975781836768	-1.48140327236196	2.90968710040095
-3.28437453481521	0.0981555949710697	3.07705277447597
-2.04816759736243	-1.78408903643124	1.94548225602933
-1.43751025020695	-0.319158136972942	3.24738288949851
-0.641448465780658	-0.0160193957962436	3.34279194083492
-1.27864573835505	0.237369501537769	3.10920729566362
-0.630879966433476	-0.0633220148504026	3.30353928527278
-0.868748005925845	0.331089671754858	3.62087050232911
-2.22630980052948	0.582480449682793	3.33651242355035
-2.50519984015369	0.356112296850463	2.72561578475756
-1.710348161299	0.143279945770295	1.63361188232254
-0.052286115208577	-0.387328534146997	2.51523515857246
-1.10959785057436	1.60948109325238	3.47090214488757
-2.22544538725398	1.0068800635873	2.57349032289782
-2.03036864022717	0.718695275293236	2.55007521813115
-1.30196564025342	0.300281254281478	2.46163670240346
-1.70076756427497	0.455341932391005	3.00932552663037
-0.319474589606673	0.606187600426448	4.1044390210793
-1.45865036966978	1.15453869898906	2.9123324728439
-1.45864784091302	0.171344719253007	3.26173231385244
-1.68364349312863	0.868062335767651	3.30978652193103
-1.87820918891165	1.04176999252655	1.66295357080522
-1.30843780465947	0.373744464719324	3.64568126362435
-0.814980167431125	-0.032478676488075	3.73941491827436
-1.47043228087478	0.552311634371168	4.87941399934351
-3.39416463039852	0.105474329795823	3.70907769573811
-2.63142395698169	-0.609657942487251	1.64170135471429
-2.14866704596883	-0.0100982421543064	2.59559832992719
-1.37251746141982	-0.455969034812619	3.27410592139056
-1.70608144282912	0.607089131513232	3.1083578004325
-1.37630990412176	-0.437614418996647	3.14675927290457
-1.80828381309739	-0.353519649805792	2.58970967440731
-1.4633347297272	0.449495604899471	3.12915563975713
-1.77214529405746	0.909857118631743	2.96915867921974
-0.710404005606672	0.185951585287753	3.44254680972713
-0.551053138122457	0.507237657671485	4.16651934638391
-0.646990070975997	1.17395872970531	4.71056425275278
-0.805591142697115	0.185171581908438	3.4445756983186
-0.805591142697115	0.185171581908438	3.4445756983186
-1.24088069937156	0.807274097981308	3.98489534640981
-1.5772975108103	0.399049775444592	3.73500913647861
-0.935033963494778	1.19305709201912	4.07788998672938
-0.00566594010410626	0.281765601888187	5.06397598244563
-1.25741459903521	1.71827761142884	4.37623431872419
-1.38014371846545	1.50473079347093	3.39301462188263
-2.69967697198773	1.50337606193854	2.5857396619089
-2.0589168879913	0.630606008122246	2.98161739184301
-1.4613651949461	0.248480791060842	2.65765173005194
-0.819188840782874	-0.159846628670101	2.77837183149399
-1.18693042892091	0.753461350918105	2.78345097052075
-0.699648839512481	1.19328804646901	3.28451807747991
-0.999177511710601	1.57092601136373	3.14090353697411
-0.999177511710601	1.57092601136373	3.14090353697411
-0.935163061041668	1.07822025443008	3.43805249651639
-1.46019645415442	0.493685529553399	2.87362626629322
-0.0779018151888659	2.17927549049343	4.68210667539669
-1.74217676192326	1.52509106459119	4.1667047959286
0.159114179571795	0.43067885714384	4.35266798466405
-0.171415731446875	0.261233331822689	4.1785532837098
-0.171415731446875	0.261233331822689	4.1785532837098
-1.58036412724406	1.72589453888244	3.67024317936909
-1.3626403003193	0.455432522337586	2.53583262417967
-1.23166817801175	0.142517264661421	3.32559743251242
-1.26027163747064	-0.0985563512336136	2.88705796345425
-1.09221589892575	-0.0038632788445237	3.34871765858637
-1.51387876707151	-0.484769766660278	2.40390168131405
-0.578295486801326	0.55153769984862	3.50357424656006
-0.740409477708684	0.61709667132239	3.60045230505358
-0.3300296701805	0.434315246321215	3.89163265391787
-0.632057324182591	1.15912273589741	3.49039130213761
-1.5640927483068	1.22932997930646	2.1679091931643
-0.748218366359789	1.70420073059883	2.94346674700715
-0.380549794010581	1.43036284878804	3.34765004703117
-1.38559914501282	1.93323862541853	2.93767837662629
-1.77608023237967	1.89018111203972	2.64463808119282
-1.61251517500956	1.25529844440534	3.21056254023681
-0.989475937554735	2.01595318456332	3.26404145188679
-0.737993902144216	1.28784372788258	3.06887725776621
0.0753311948363551	0.779212426651206	4.01922549241531
-1.61277914555786	1.66235859289077	2.45283088460227
-0.986986618385623	-0.0077869231576535	1.88484707706186
-1.10205070401154	0.252845670231859	3.42019739826619
-0.80785332430703	-0.00228856468716643	3.30210117762298
-1.42735253298265	1.36739688134995	3.88183615857487
-0.824163710745251	0.566335963574562	3.44059899912102
-0.756131319782715	0.755990277351587	3.885629382939
-1.27276001681651	1.2628617740096	3.75295411809522
-1.30718342715199	0.477812256175948	2.60379437066177
-0.918120963116572	0.298977606169308	2.96378436103201
-1.2677401905501	1.33130613828293	3.16145228928307
-0.661906200681556	1.57260013589708	2.93915132679561
0.104591775332359	0.47242242741649	2.97331254740063
-0.971038228143838	2.0907102959193	3.96245544413819
0.0606759398152283	0.427092273307342	3.67586106314389
-0.680729079978992	0.45976954028353	3.37541619608603
-0.53441052380047	0.434826497693575	3.04959182392868
-0.236570240964672	0.305167953387589	3.51839726419501
-1.1803446855809	0.62283846178751	2.83719260483527
-0.897936502926502	0.799628132527071	3.66371908291315
-0.755441365747443	0.395465177634095	3.48606336699486
-1.91199905896782	0.671123619798374	1.98079060408275
-1.9638315932676	1.05097049546889	1.90956035839273
-1.47184706074122	-0.673109723362288	2.5044692171257
-1.2978640252599	0.313874974579717	2.85611358305239
-0.658132627052819	-0.115874845807293	1.30407187667943
-1.04469372196568	1.69333859330688	2.22832390010357
-0.582502727998092	0.631674546890566	3.61156873263317
-0.863424037616117	-0.653462833896	3.2087686464236
-2.03539752014891	0.698631689293555	3.21438228806989
-1.24909185669741	-1.23153946202564	2.06976825412707
-2.07373308624542	-0.122994072494949	2.17964587790212
-1.39978444952636	-0.449752418512255	1.88836822353512
-0.910752313303397	0.745987939468626	2.98614906248936
-1.0252236460088	0.725939002019219	3.03931681828186
-1.30721711593758	1.28097301090448	3.23380663857139
-2.57307673002211	0.997145789194583	1.78279452208072
-1.90584929085116	0.211964249256746	2.5674435912496
-1.74480683347028	0.714902498216033	3.79672810161857
-1.91775576129644	0.207108197658771	3.16253882842214
-1.61416797424291	-0.744363460920097	3.2141995472498
-2.702364960601	0.179294984065386	3.22626043402013
-2.73830253513869	1.15608553624555	3.25163555910065
-2.20993003539265	0.277222321452194	2.21116649653556
-2.76573721170904	-0.480400385894712	0.350526201675869
-2.44499569417734	0.386513766478315	1.18151132349888
-1.73509822489525	0.0863006880399918	2.57010294507099
-3.00258733423628	0.528085429958035	2.5776436264542
-2.09772738480996	0.04261265300984	1.32315926512905
-1.75689013334297	0.288956220563891	3.08160932970268
-1.1156405333893	-0.488478896423102	3.50175885053974
-1.452438616731	-0.414928775151782	2.76304995760683
-1.52396037148968	0.771893200771041	2.56414712096896
-0.973891756459723	0.375504896052804	3.02545019550657
-2.252027432359	1.64225947110001	2.60135798526695
-2.59772640564406	1.82508581564669	2.80910232144576
-2.45643539563815	0.465162070304518	1.17953397271855
-1.57502630718801	0.244319413534108	1.47094519625056
-1.31144232036577	0.835286651248012	2.74437941223529
-1.31144232036577	0.835286651248012	2.74437941223529
-1.50996904264212	0.503968611012742	2.67443071385643
-1.64555348185209	0.740201598493414	3.06284434397036
-0.59778677493679	0.407311134544696	2.89028863973023
-0.836629627568069	-0.435704716206754	3.0506991650199
-1.12758867040466	-0.00613304969171569	3.32213677906106
-1.33287719272536	0.646466647093312	2.57668933076178
-2.11851503121343	0.655929816335385	2.94587439266027
-1.09899222540909	0.248477348320404	2.69944205767828
-0.735793046155495	0.666871344796497	3.37756322289973
-0.991814796953448	1.13280734052281	3.17558887390662
-0.581624204979205	0.837200069054454	3.89910901008599
0.637959819546755	0.235617049721352	4.20034837741142
0.0823930489289232	1.2482390410422	2.1333696436822
-1.6287659482151	1.59649180423833	1.51913861723382
-2.45925180372576	0.987381780486897	1.38878805525043
-1.78359113644064	0.633712175153062	2.81143284245719
-1.67467062545102	0.788696024177896	2.77665721081446
-1.72278627945964	1.01565215093697	3.60616844218423
-0.701012469152405	1.20126535072907	3.70423394967361
-0.83256031966559	1.29210286071983	3.3226031751538
-0.944558888122359	1.17139638844996	3.47221137915007
-0.919586429255317	0.264787009238985	3.29533041121099
-0.936157149952727	1.12178064117859	3.12462240573832
-1.28733045446316	1.23603696736654	2.87410883449884
-1.65616578688859	1.06511382799363	2.04435446038975
-1.83387815501762	1.01004936636032	2.2130842924378
-1.75781434656099	0.421825122338201	2.59397889441814
-2.09848612198312	0.996289012425966	2.42459898239498
-1.5013532628091	1.44835144015305	2.78388618727618
-2.29765465236523	1.90781289188504	1.88079310305681
-0.937410125090332	1.12657771204694	1.98936932782426
-2.37674709465993	2.36157194527609	2.65005911416552
-2.24171073310682	1.76446588395315	2.54624771390361
-2.36932352470166	0.616690264412439	1.56173666789234
-1.46162784816222	1.32848314014215	2.59772777386553
-1.81867175224235	0.845331433012943	1.99859214637164
-1.28279855122791	-0.549331229643896	1.58659750265298
-2.58064554976541	-0.00939171658355392	2.45236323800305
-3.28459274868677	-0.489606356925526	2.07506594902443
-2.24911915827613	0.356240792411902	2.76316426428811
-0.941179234511427	0.174558088122194	3.32080355753008
-0.945564322326909	0.381244136672089	3.82100472497931
-2.06967295177249	-0.773069623019723	2.55291213503776
-1.56410899127734	-0.127034794432978	2.76981639903174
-1.8140422000051	1.26601459975794	2.03333260114797
-0.74566742068813	-0.109164550013375	3.33674943739668
-1.5744502023572	1.38665104664974	2.85977584768878
-2.17994375485786	0.821382571791712	2.25033421861071
-3.48107281277435	2.13128251027358	2.11153692472202
-2.59065013489717	-0.319243866920494	1.47528408693921
-3.00303192352291	0.372707165564059	2.24308546090587
-1.70731114797288	0.20227192899138	2.23334226263068
-2.37826045754647	1.28770638241027	3.04768408890351
-1.2665440078674	1.08044295713872	3.31639296884816
-0.955712488867586	1.2434863228829	3.56990098937485
-1.79114110079425	1.72687919018072	2.43431072344628
-0.677596828031242	0.143218057455762	2.33783903600272
-1.56109589799211	0.61070672738028	1.83998585864872
-0.963597311445025	0.486627281714501	3.55660930677246
-1.53528193655166	0.14806052839578	3.22113138922798
-0.875068729362983	0.0579049302017994	3.56528736669902
-1.64346249047696	0.675574081885745	3.66861458320861
-1.11316490340733	-0.264414273746602	3.74478872717368
-1.27108304580589	-0.339635845843598	3.52210452894459
-0.744458691363031	-0.43873266191344	3.43561013931352
-1.90396752493735	-0.222652734089342	2.60068389964035
-0.980012328293251	-0.968875030171164	2.24925586388808
-0.828148337928619	-0.342657453567084	5.39328342367237
-1.79982355869372	-0.990563992534469	3.27765976643755
-1.99497807141341	-0.482093674186059	2.11302180458648
-1.92803047023895	0.105242157735568	2.22502112552987
-1.8059008518843	0.400668301679049	2.35280380377616
-1.88476986088394	0.693257480095622	2.51913117308535
-1.5665302668458	-0.377264005893937	2.45548044107349
-1.68034010009198	0.260891075429973	2.66481177496862
-1.4786039230767	-0.29744897728006	2.63999553978017
-1.4786039230767	-0.29744897728006	2.63999553978017
-2.11047166260129	0.183888099785565	2.26497943833296
-1.86025745869248	0.677158615478482	2.46273405201425
-0.212167332772988	-0.282967654370457	1.98927694902529
0.174770324698575	-0.203165081794464	1.66293029552784
-0.684009493185741	0.0141079880112609	1.5014346083129
-1.24501299941021	0.992238429459855	2.20390532228818
-3.04334913328235	-0.0217553418477235	1.08665011248074
-1.73179796691131	-0.286352240866516	2.55327138757059
-2.77155030949145	0.411487345614601	3.219331535225
-2.38919359845445	0.253073613420539	3.13817703013445
-1.80487727990892	-1.62196875970318	2.27423828850122
-2.01309853438757	-0.979820877025244	2.7960416884213
-3.03821795087419	0.214911723853869	2.66372525501101
-2.67710489931793	0.122762024782357	2.24436867247072
-3.19182778283329	1.04683131618806	1.1119147745624
-2.1371911525822	0.116512601170151	0.722703064777191
-1.01191752469437	-0.573370759655774	0.896729543522763
-1.16717659776727	-0.403909127472537	0.999217735838488
-1.5102776112177	0.395367639475411	1.85015435728655
-1.56906099454774	0.633679904610787	0.942959846497364
-2.57600207423393	0.755928172608418	1.06975534514187
-2.4159063140817	1.26075184340693	1.46040127910594
-1.90155717177943	0.731628461237092	1.86684718899435
-1.89614209398232	0.93790728064186	1.78014631858894
-2.26673087481622	0.809504490048442	1.29235172229609
-0.621718359685171	0.469050582671494	1.27294242409343
-1.62247596185119	0.416622808965944	1.89731530956224
-2.84116318279676	0.815549010773662	1.25305332535243
-2.84116318279676	0.815549010773662	1.25305332535243
-2.84116318279676	0.815549010773662	1.25305332535243
-2.51053163602005	-0.208757323172174	1.86214075816788
-3.74859470878263	1.26705896340786	1.11695426675093
-1.95541027399685	1.41070737526093	1.77311376807717
-1.54692830217565	1.45496841016416	2.3146735795723
-2.11934223231708	1.12322230757638	2.06437177734046
-1.96533966890071	0.167907507138803	2.27102869252353
-2.17683177406079	-0.449158678229201	2.21259111047689
-2.95281826664414	-0.342274569414866	2.15396112110168
-1.26292308315123	-0.495360468030116	2.43396374464297
-2.42537658147418	0.0199020296192713	1.2027869287405
-3.19591991933957	0.588385454560542	1.88392023133612
-2.20346189761414	-0.500046444428558	2.3459195745996
-3.17723979538781	0.641193896849925	2.83708527775347
-2.18804046344491	-0.727094231034967	2.42338975415868
-2.69029153214441	-0.74611964338739	1.9547106521495
-2.82573999015919	-0.416641044768965	2.01955243129506
-2.1930687429812	0.370626928347863	1.65034182649564
-1.90754068254869	1.19369340649711	1.99200901662795
-1.90754068254869	1.19369340649711	1.99200901662795
-2.19036906938576	0.638387284519736	2.76340370644284
-2.54008787512404	0.776430293791902	1.81499967756929
-2.03081459512033	1.36863413946911	2.0361334220321
-2.53969100889765	0.595785692426237	2.36281031580321
-2.07300269660871	0.880105230132801	2.65096327735958
-1.8280676153643	0.586090860528484	2.15182794447088
-1.93606010957315	0.945327582446101	2.13609344503829
-2.15903228089154	0.553056500245947	2.50387535908507
-1.80337234834675	-0.076194740033511	3.32049896290488
-0.650289588838445	0.466486412894528	3.63846537863811
-2.71439968977058	1.62021873872578	2.49366731882239
-0.853510155161946	-0.468841704656422	2.37754961119368
-0.995401053758331	1.15320184881746	2.37625804408168
-0.945245657082711	0.372595917476421	3.23316533001732
-1.19192363895494	0.689314711174559	3.0031032112001
-1.88116941523744	1.08853123127036	2.57801512406345
-1.05797010177806	0.549349943770617	2.85883881619091
-0.937087782970327	1.00902487731281	3.91345652530896
-1.22529561741111	0.463739134357135	3.80760356933235
-0.690425869656872	-0.142841379664608	4.0192083252443
-2.05704056034151	-0.454188126025717	2.45189098505345
-1.16659991093376	-0.24217846169067	3.72353031933425
-1.40634289541536	0.166898462620391	2.39382465049625
-1.31173219566484	0.81787199818854	3.29630194442515
-0.892971825823275	0.572635560479363	3.05711336686615
-1.26840777668837	0.692699431644653	3.18480037927045
-2.19378760968634	1.04872982864399	2.28087973310052
-2.08730390580164	0.188030060453119	2.85667619858687
-2.44538158570434	0.448763361508365	3.10920932951371
-2.5274142806245	0.477598301869629	3.77852423415968
-3.24662625124173	0.532590923911442	3.0404752567769
-3.37300361467954	0.0349121232269715	2.14675135030537
-4.28066258525764	1.15436110762086	2.40499399750319
-3.59788863932983	1.07013111593488	2.68638099924605
-3.1430206848629	0.07510775265912	3.30348151543426
-2.89686090763285	0.579326384688683	3.24089861165296
-2.95714245193935	1.61546403789929	2.54101478715545
-3.02409009772713	0.766817682344841	2.43509379491899
-0.826021107071336	0.208475198380328	3.47699690228758
-1.92381295500271	-0.415687388665362	2.48560472549132
-1.59122705335593	1.39200195237908	2.56943089081344
-0.589208609525464	2.02423830048829	3.56952508380289
-0.745987499601585	2.55101224478622	3.10905071926586
-0.376152928692885	1.78075018048722	3.07687786182979
-0.344454862455902	2.14654440190787	3.24428474811304
-1.23875213488545	1.73729375578998	2.55928558668821
-0.255679404974497	1.21213326568238	4.01208427875188
-0.432054443332487	1.80920193157263	3.30747506133232
-1.46641459541082	1.30248919910952	2.5270662927753
-1.48685868027595	1.91342522006935	2.40018968388703
-0.680226234457231	1.16589787073034	3.77883503854211
-0.778580846298216	0.861615091685253	3.39984103849828
-0.388762916553406	1.81730442614371	3.46554650727833
-0.388762916553406	1.81730442614371	3.46554650727833
-0.496632637401079	1.42331850959183	3.19364690316892
-0.288961135171568	2.04029213715056	2.83374210815661
-0.289295243931152	2.13434931125328	2.98240126629213
-0.176896463558596	2.243558075089	3.82136244776121
-0.268321415389186	0.971376183563118	2.93679142572576
-0.446225459711354	2.17216775066968	3.94203006603428
0.625828594689569	0.436945445005772	3.06337504692059
-0.235688605727153	1.41080061166385	1.90081243843001
0.108899169364366	2.31618803030865	2.94014451567003
0.00416459380955625	1.78678484737834	1.60012365046044
-0.0235266378767121	1.40255226372932	1.29853031483142
0.806285309771977	1.74089071320606	2.07616334873672
-0.875163172679137	2.63103483791938	3.19459217492269
-0.324306436627106	2.41430289557493	2.85987482270501
-0.656692997413638	1.99052463143431	2.66021864889964
0.660819132237418	1.14470406798887	3.17345201161742
-0.429964975657372	2.25451624653676	3.68363681576063
0.324220593384999	0.287376781743717	2.42138887163541
0.461410231087356	1.32827162512076	1.9650172072626
0.388507323850377	0.513296198892436	1.99168985597121
-1.01964509510071	1.74312658652556	2.73029014388709
-1.01964509510071	1.74312658652556	2.73029014388709
-0.996274243849133	1.27546941563276	2.4025631624406
-0.980769005483769	0.623180996134464	2.98286531464722
-0.620727576487574	1.76876317079376	2.58134926416684
-0.88083317291909	2.48790837392531	3.20808452890958
-0.140993465239135	0.0665827332905205	2.65577107085865
0.779312785762951	0.781575757272415	3.18624490488808
0.528118777099069	0.495984629909886	3.06021076827594
-0.924574630501981	2.15996788162266	3.11356808634092
-0.76668873743659	1.70747874171015	3.32453342024759
-1.39002085810438	1.35387464946473	3.19466434413234
0.570875593497656	2.6274480933282	4.43230861150853
0.0261644117887774	3.07022212329038	5.29870716257498
0.742061402738741	1.80941990428774	5.42878626083439
0.412700389779439	0.907259728322994	4.77889400062425
-1.30899717472079	1.6847889611846	5.22133199250243
-0.644643939770371	0.649820185692458	4.02576934803746
-1.45617659118077	1.15955268794801	3.29224085319044
-1.42783866246046	1.37784214754145	3.53492227473327
-0.4249886566966	1.77791751989649	4.09740634274338
-0.881605127403029	2.40772973953931	3.48917428679585
-0.0134182494863492	1.54228900673598	2.49285231821547
-0.0461267430140074	1.83026580707804	2.14298774502006
-0.265674450144493	2.28145030954921	1.92614213014445
0.34464373408225	1.7759633009271	2.68841531971803
0.832567491459463	0.386364559426279	2.22095571866124
-1.08344122066889	1.0201885933225	2.55557751198361
-0.645330630480152	0.232842453714077	3.89004098737728
-0.895655794439021	1.72417581343379	3.07514135418569
-1.41470397840461	2.20837551429287	3.06316423710974
0.0489956072337736	0.329864901944125	3.63213877494019
-0.809735146114581	0.905669286963553	3.51948539593569
-0.809735146114581	0.905669286963553	3.51948539593569
-1.83393124020116	1.29971377527203	2.34254931671326
-1.68168624572656	0.37123434752716	2.98767999014619
-1.33696206740881	0.038025004231451	2.73155155175986
-0.354868227965345	0.762259203459588	2.69162191504817
-1.58539007150175	2.22291399469368	3.00753580885835
-1.43883540756356	-0.348852068820835	3.8079074800239
-0.259385616032721	-0.666332555514506	4.92758507055626
-1.00744614127678	-0.9899923737465	3.70074119910896
-0.760535917203262	-0.777376819715295	3.74635434319664
-0.737628245866833	2.14953979046246	3.22349756080912
-0.714409211937585	1.61050117358014	2.77307324539814
0.00138655627826986	0.953631247548856	3.81911304553929
-0.811685539875463	1.54293996093266	4.62386354224469
-0.0519382829081243	1.69820596190336	4.12534228393351
0.00300554929354957	2.56815557724482	3.71347828500805
-0.168375321039687	2.67713930414875	4.05912401118154
-0.966115174660301	1.70466124663353	3.36957978923564
-0.441297736732518	1.44859152653975	3.47428585051739
0.123289617180082	-0.202663226335608	2.06857705374112
-0.188051273419509	1.47060238334901	3.01066903432624
-1.39397881779787	1.21100095950008	2.91888376225867
-0.860740285449285	0.738905335285075	4.127815462185
-0.939756049872456	-0.239997167111035	3.2305814335617
-0.697617384962372	0.267278143134818	3.85930407001961
-0.243497782187652	0.253655867822882	3.91043836397015
-0.497930183396994	0.921002075836077	3.87261206814696
-0.487678089979617	-0.117016256629863	3.19522206860024
-0.116168776913119	-0.890722385457835	4.60085219635185
-1.22952996959467	0.480174111877872	3.72686863511637
-0.528885976934778	-0.0602977794315312	4.0418379445096
-0.437007342363343	1.33215270353309	4.57077062863603
-1.69747237462058	2.27278469537355	3.54112424027588
-0.867433406404129	0.912595760851781	3.34078870174005
-1.51577848848265	1.09341820795855	3.5154662598602
-0.806839577284983	1.09844910827264	3.85850099088488
-1.25197338894622	0.411666157310807	3.1489010293364
-1.64643484560589	2.23480083515878	4.84615611903378
-0.332684248416956	1.69901107692502	3.60786579249062
-0.189086387021289	1.18447682158334	4.15178087647159
-0.0690285651196997	1.79980193863735	4.96057840660743
-0.737333329962047	1.8367378194573	3.53195888496543
-0.975316642822961	1.23902526750776	2.3047462570559
-1.45449922050044	1.40786488752273	2.92762078160714
-1.82091525554635	1.80115656897467	2.24553675142774
-0.602804958204659	1.10577607022591	2.73521174246097
-0.916544755943503	-0.291004461323327	1.1141798682484
-2.10034925632091	2.42460175795129	1.67232307343166
-1.61024034633168	2.93362582545812	2.25856037964065
-1.12265629624837	2.45199149575285	2.20156555545781
-1.61889875800038	1.84139042643859	1.78911559392681
-1.98417326588195	0.517937783249388	1.40465875947388
-0.758703850083031	-0.723620837998748	1.30260311044387
-1.32134838486047	-0.570903461916857	1.63357949881526
-0.899807465806868	0.528710262743506	2.99451862656097
-2.04638948689501	0.654139787753487	2.77021796134778
-1.90565932318917	-0.146840170442328	2.91967055999353
-2.79750402560476	1.11471685426622	1.97383160392529
-2.34470014202309	0.021856155072316	1.92386281433905
-1.84080120462433	-0.171817379324211	2.07209233885484
-1.68670249986874	0.285197020382188	3.03633238566465
-1.25292389061133	-0.138790955742827	3.714794949766
-0.706934579775333	-0.30781125454273	3.41996034248198
-1.41801240889275	-0.497870920531668	2.93173819215858
-1.32147490630543	-0.0990180275922465	2.93271032690928
-0.835562500391926	-1.77207555535274	2.11249318831107
-0.968275621710438	-0.969545165201072	2.52438358156479
-1.74206357793882	-0.917606453074674	2.18717741491691
-0.759579336514254	-1.9249460578823	2.18626864246453
-0.223811631434467	-1.92345933307478	1.62420880898533
-1.90215310267694	1.402032220778	2.1276694073524
-1.47631423186046	0.839262061809483	1.34485600436989
-2.01188706048958	1.8732707538821	1.38504702628589
-0.928669598959694	1.00800784517184	2.12196143739717
0.872012651239391	0.0586854005970193	2.35812302533948
1.10376917681953	-1.60647961634494	2.63339039893083
0.204603619753095	-1.79941623014308	1.81710096457304
-2.09055445798568	0.657058290402528	2.14036596692208
-1.91654401178164	0.0422519987643931	2.1490073199539
-2.33450714148047	0.32561470295711	1.75125282299633
-1.2418290995784	-0.811324353066124	2.74122508077293
-1.95638186204407	-0.0699325840041628	2.09882698302201
-1.66446365995793	-0.777614842610704	1.99232923515418
-2.17433837344419	1.14041303630366	1.97293452090009
-1.14394325215125	1.03328203419611	1.95890580675369
-1.69490351071762	0.865546795225948	2.81796656632224
-1.44987535293666	0.764873702539949	2.73260143723839
-2.08090857373893	0.386963084415797	2.17515331465954
-2.01179994458664	0.0397097116216221	1.5747618792965
-2.50330622114836	0.743851331593675	1.40936906929137
-1.7457475100805	0.144836519265545	1.38975655280718
-1.34918716432436	-0.497425046658716	2.08630883730362
-1.64750289901715	-1.62022545144076	2.66809311168888
-1.8634555936985	-0.835802414110547	2.65231295449366
-3.15897515254036	0.365087827518391	1.96403791634199
-2.4282995879391	0.338732732525074	2.44588971202507
-1.69525157890151	-0.300381598596051	3.49186369129061
-2.14376799015181	-0.747626861773293	2.06848586562375
-2.89039107296199	-0.0694374695510633	1.78851507938177
-3.07707316369253	-0.242849139917042	1.16289459530466
-3.20666862224745	0.625016716337241	1.94771011927639
-2.58947145385846	0.209223398818795	1.0724813067764
-1.52900934446596	0.171862618800235	1.0507372857612
-2.03388793148277	0.63566417330745	2.40515407108691
-1.62749794028006	0.201896960138582	2.39982026976977
-1.99611186212073	0.0800851448526139	2.14169525260061
-2.84684626546667	0.117502666205008	1.59579923768897
-3.24831748337444	-2.20497692062889	1.14024839498017
-2.06446535391501	-1.77234561382067	1.61797725971802
-2.64457351960197	-0.925484453790516	2.42601439679078
-1.20430062460839	-0.857737523415107	2.9019957456598
-3.33025681290067	-0.985794089420829	1.44534228841723
-2.99588524280548	-0.43106779124889	2.11556774758652
-1.87217327495631	1.1264963761334	3.83059627378515
-1.34484844001697	0.861493122534528	3.25522522023796
-1.04852559340965	0.0558095768514534	3.29619239840812
-1.56413513161143	-0.215405006923155	2.77520785850723
-1.54590964022961	0.787053191634099	2.93435447717206
-1.99496496605229	-0.355766690011087	2.79216752727228
-2.07550175608757	0.22648271150078	2.75805916395015
-1.83308750289962	0.268076694032208	2.53484111842109
-2.82034493271041	0.301016156843331	2.13021158724668
-2.14650576596934	-0.293005762637127	2.40335082966767
-2.85950670302834	0.0134767042683767	1.71824007370689
-2.16305115454994	-0.461998498663913	1.37063866809065
-2.82875163930276	1.18679504030291	1.93664266763547
-1.02578032027003	0.166451915001627	2.57467599411519
-1.33336158027851	0.985561746911158	2.73316657175196
-2.68405551763334	1.60661274489412	3.16792718479681
-2.99210561278834	0.514176807189161	2.21708439997203
-1.83196753040158	-1.1947521720424	1.72290903322166
-2.76001093748885	0.0295430846360458	1.63581034304969
-1.92777687071527	0.390263528894254	2.00157205908996
-2.45769643469203	1.22776111049228	1.88279046565146
-2.45769643469203	1.22776111049228	1.88279046565146
-2.70370918638645	1.31662318488775	2.61230316763428
-2.20991811569842	0.405176484784508	1.99687178979401
-2.6978747430119	1.83905117504809	2.90498185737607
-0.694288022837107	-2.34268476371722	3.64221424102548
-1.68723604802184	-1.00301335921756	2.38963070118935
-1.0622771767253	-0.931676499091497	2.99496714425991
-1.59286814385093	-0.923090300267479	3.86648410579186
-1.6348480329309	0.385124158958411	3.81642724475171
-0.75888541671797	0.396636351758171	3.55116489524838
-0.107217896571987	0.163457304178093	3.69607936830201
-0.770832581235577	0.323921916891506	3.50012769029381
-1.37304620294826	-0.00242652897997389	3.11068975551504
-0.886210942634161	-1.47589876238276	2.65104259433681
-1.45078226992371	0.788350815126896	2.19452408771654
-0.813471672903712	-0.206477927167459	3.34501004841961
-1.73569962082068	0.0733516115616164	2.49837573425984
1.07596238520623	0.7950502582357	3.16909838175818
-0.527033463365859	2.38474622005974	3.45618653249858
-1.12626776148971	1.11625479887808	2.4687349257126
-1.1498849465512	1.31422302209055	3.12362550389869
-0.988209687820133	1.28513019094551	3.27332289950667
-0.818362029927549	0.986115011447867	2.83858680661432
-1.16863742246965	0.88971919618999	1.95497496689902
-1.92969812884823	1.12700404357849	1.36726596442027
-1.3171070548781	0.110109318738925	2.65790180136683
-0.653329656843238	-0.589996016451679	3.39366517936595
-0.683292140868807	-0.281888726724874	3.13797828617049
-1.21009980092112	1.59049562799387	2.84049826574526
-1.2274565099944	1.46301881364934	2.25747799742062
-1.33468649954739	0.199759636121016	3.21512925214559
-2.21510237322379	0.61886892151144	2.83923883344031
-1.1262037172798	1.41389171294916	3.14102835083931
-0.857923424604069	-0.638177948774329	3.57550562660513
-0.663604064347981	-0.240146845173674	3.42505539849268
-1.15993267803396	0.694810358791784	4.27233683278996
-2.12697651001914	0.293116378742649	2.85790557213394
-1.95301688751268	1.88673637807048	3.12545796896936
-1.52402278480429	1.267309007134	2.47746112971977
-0.734717843315583	2.27367993294237	4.13841342894138
-0.399445750591271	1.65995844491712	4.71364436466952
-0.316270328537216	1.59934762896939	4.80570296176819
-1.94783652559944	2.16024790506231	3.21145672489712
-0.914480321517449	0.131992777465229	2.70328604412143
-0.486499259830397	0.138902606938631	3.24587028028912
-1.16436159943701	1.54152344237646	4.15654418376566
-0.0586765015114551	-0.658790426226345	3.77447346632897
-1.32534339405535	0.503401864247083	3.30017924403847
-1.53981586182869	1.00761301133404	2.14217783080884
-0.66606872602927	-0.346661630297858	3.38943470513821
-1.61547480397928	0.181595450717334	3.85430013422864
-0.78472322152766	0.782726264266507	4.03076127130625
-0.424407676096367	-0.0764409246208495	3.40478033050398
-1.07155978637005	0.342322959181469	2.68828960504319
-1.14126102082104	0.718846944359596	3.46874297513315
-2.11901550273727	0.819256541248535	2.81152702486526
-1.58766427145918	0.219088153571994	2.89319052693973
-0.748075940185896	-1.02102762646148	2.98883947356895
-1.64342529687058	-0.381548110665094	3.3772373564156
-1.89701224531753	-0.81227497001485	3.45165306291141
-1.48319935565852	-1.39235507167046	2.31723921875257
-0.931699768568837	-0.575664020012996	2.91388242592204
-0.985661849566631	-0.722497422488035	2.92764347559048
-1.3913707507917	-0.603375845447812	3.07799305941286
0.146324183695659	-1.0251469415352	4.40138857264114
-1.44564609367233	-0.224931849211188	3.01965938830424
-1.2233180206257	-1.08797330062797	3.46888635023762
-0.59868233367229	-1.95260459244886	4.26004697437912
-0.510576985183888	-2.79630521545179	3.44676313517037
-1.78995953256847	-1.02766192374613	3.49624245223287
-2.74434484658654	0.121145825690791	2.21294183045332
-1.65383691764037	-0.114997025747474	4.03289058622878
-1.38357400484068	0.307672000969827	3.29118664163027
-1.42221266099424	1.7815870816569	3.62109455125637
-1.12987897708237	1.09234522996979	4.15157397911974
-1.96236288987082	-0.6568222099965	4.07339035448579
-2.19032379927103	-0.482809201976916	4.52414549334791
-1.97930694450605	0.185889823151699	5.53688517117959
-2.98698829538629	0.861237478616721	5.1024310000083
-2.06985248901813	-0.122509847687394	3.94171205868423
-3.62984183615187	-0.78417614409033	2.41214237331966
-2.54521499580645	-1.77525532221808	2.37930415305219
-3.38103619264402	-0.078172296469701	3.14304473372148
-1.83246502281155	-2.26607312384418	2.29487503933621
-2.9470480247857	-0.345057294392072	2.57424429502157
-2.58029017185724	0.370991879786304	2.93236042317309
-1.87796941844064	-0.406910269709464	2.80933043477385
-1.73124391916076	0.587461063578869	3.96990887248029
-1.59087775180646	0.473578271511525	3.21818024454061
-0.795284031650575	-0.243601365158444	3.25788659973665
-0.795284031650575	-0.243601365158444	3.25788659973665
-1.93518541641642	-0.0950282591945252	2.24028804594016
-1.87258586682844	0.663639605091138	3.21192502437693
-2.31195270955668	1.39227683358632	3.4201214092851
-1.15837418190386	-0.705322570656222	2.9188469352576
-0.18985732612168	-0.852786473540154	4.29761386587587
-1.96996376299129	0.671048579995543	2.08072328711535
-1.1911849075533	1.04956116498091	2.84988737394049
-2.69757842015019	1.96387174220409	2.8347532605233
-2.94637215512586	1.08095290320344	1.58266791723395
-1.61412950630604	1.73514368064132	2.83864131656897
-2.19104288102717	1.66410795764803	2.11723534155055
-0.641915540459447	1.3657787735978	2.39512024923692
-2.0228492107448	0.22535270388815	2.24762292816953
-1.05723115443037	-0.204961211269598	2.86605625147878
-2.07149187721898	-0.0661765856004543	2.19371832314789
-2.67052441799216	0.455665642951748	2.25556917547163
-2.14289559286175	0.774541417486357	2.9133898465757
-1.55185933049823	0.97380516738915	3.22147176620057
-0.180692944796945	1.28537202412038	3.67021033436326
-0.997969203758678	1.30129685891713	3.76180929748521
-2.28671459967935	-0.0832240289499854	2.45030252374202
-1.99355165692882	0.968320560154023	2.99802874875043
-1.46169042699101	-0.26567738801436	2.89583537155206
-2.10490365483948	0.117900764002513	2.39903494901843
-2.06634378444419	1.62466273013319	3.44784367864075
-1.72485057061599	1.624627925628	3.39606111069357
-1.04936345553513	1.29622112707393	3.3617968206813
-0.332712976529653	1.06166783283295	3.86447139946709
-1.07271032594789	0.629663544538948	2.44217378464469
-0.939589993072061	0.760190625552665	3.17008902572027
-1.41311331122877	0.572162802355706	2.88122459088686
-0.88436826808979	0.0991085454414385	3.02374558449243
-1.92654390306196	1.6108196931673	4.11375557346133
-0.886225563756884	0.8613242448072	4.97018127820417
-0.518028867853546	1.3265180654875	3.85956743864224
-0.13534345526767	0.581070640670526	4.03479162791302
-0.312597129651594	2.31300716982758	4.20093791088075
-0.569560883623913	2.07030092638218	2.97417663424677
-1.20384204863271	1.53790875344657	2.72677116827383
-0.763796013532575	2.12400386710473	4.00504293767017
0.0218481163536313	1.86648613205568	3.00088035393463
-0.65346179637511	2.79173380632328	3.06620893990167
0.164408154251015	1.74521718331966	3.39423113482224
0.0321705787832186	0.984195784712735	4.35449238799889
-1.74489941557227	2.5138604180706	3.45555027069137
-1.73644591924228	1.55929090068844	3.03892101897922
-2.64746656369552	2.29014848471717	2.57761752754885
-0.784342259618275	1.63371641032555	3.1913015945506
-1.38836834822395	2.07797196768524	2.57759835832019
-0.478190923205283	1.81059194295191	2.81780127851692
-0.635183496321591	2.28038034084044	3.06680723175756
-0.51479442317577	1.49187248876369	2.40446001814797
-0.593803655798558	2.28149050069175	2.80854324059379
-0.345698593325987	2.31390464535677	2.93565277043019
-0.442802808598612	1.87809074817764	3.08238231621499
-0.49592860147066	1.16326005804247	2.63290615143077
-0.596447743689617	1.53654442759792	2.17154006650428
-0.119903470640297	1.25709126804278	2.22394075483083
-0.68661736360878	1.3031752948669	1.80055337393184
-1.99713677755628	2.0108939829665	2.10967325194151
-1.68743895054153	1.4075126925986	2.7188009403097
-1.89618213185417	1.38236840878973	2.92955413039166
-1.82837570206114	0.908286578587196	2.50247980861843
-2.10030464091382	2.38087091223313	3.17102517097592
-0.128939933018555	0.49387524728079	2.30327254659531
-0.660597473633019	1.61330486306109	3.12370309467437
-1.5903535458894	2.17874935219428	2.58157449077025
-1.61774689715997	1.98616707330279	1.55088198436304
-1.04431103176134	1.99719893861666	2.18952694397981
-0.376275404916906	0.929711291945545	2.42999818111752
-1.08287654942179	1.40095708653897	2.97492960075559
-0.554894742934717	1.08659067710101	2.63461822608039
-1.37732921487671	1.03464359054303	2.72109489588083
-1.1247447762009	2.06645782196424	3.43197189080489
-1.4300165715816	0.428875642141191	1.87330932664402
-1.71859813929185	1.16486655919275	2.65516284192112
-2.00219666134481	1.71257721259362	2.87762654536144
-1.13130943320773	1.20402316863645	2.87121790282767
-1.0994761258141	0.923227514583207	3.09581710571314
-1.27685164566271	0.535243010847324	2.46451279102296
-0.725025290831795	1.82314849214232	2.21580614973759
-1.55489870789203	1.50648708314811	1.38986144250275
-1.55489870789203	1.50648708314811	1.38986144250275
-0.745181768743791	1.49996862843478	2.41142588415299
-0.632271078151012	0.761100403335692	2.93464870968958
-2.2815926284636	1.48510544470102	2.11407884415457
-2.58282843967375	1.48352120230457	3.22127244711584
-2.62524498083863	1.58933238283129	2.32538812052866
-3.23140898751512	0.257697645978029	2.7710347286952
-1.66206939512805	-0.460937511959896	2.97884077519622
-2.5439202627582	1.58897240293094	3.27031988228052
-2.18254165534724	0.799511952098139	2.74464957814391
-2.05553966165142	1.29095454719618	3.26597955174555
-2.03165522057814	1.3427073983506	2.26965380925412
-1.79379563631253	1.13547517555465	3.05133821431577
-1.76922095092401	1.51539387396984	2.91124975599535
-2.13015571325614	1.89820029656731	3.45172162635982
-2.70785184060146	-0.143525937090352	2.90506413600333
-0.816072045519071	0.836109355277907	4.31429127289646
-1.81637740149736	1.65334038163313	3.09579194358187
-1.7998696927478	1.61347810758236	1.7685016257345
-0.83321743909619	1.71840310117715	2.84079407210448
-0.276167465779254	2.05723345429647	3.79678394356869
-1.14938167320882	2.05817770113744	2.14971876525297
-2.30692401605715	2.38975755684374	1.77186795067163
-2.15336110239411	2.23181286815347	2.25389491457658
-1.74583648586588	1.18766452847722	2.37735677440786
-1.51306731606133	0.961125128403537	2.56130466359297
-1.56949518201493	0.525227406308889	3.13070859278674
-2.47146839339882	2.69211140046273	3.2576955615587
-0.0681219485894199	1.0985943373481	3.55501730851253
-2.34776402391664	0.838472123825694	1.92652666373978
-2.32398351598268	1.02529512446014	2.32148952151194
-2.38389757523829	1.10567596281714	2.28517603441703
-0.933424871393622	1.92562931951874	3.94069336139007
-0.563823249769728	1.45632998523679	4.22623013428315
-2.40395112486931	1.39207065641536	2.07144125112065
-1.52021247952585	1.72243017408817	2.71525367358819
-2.07625090911766	1.20887368492037	1.64332545908835
-2.4486516396418	0.930771823216998	2.12422728802243
-2.66865409033099	1.88495347302364	2.37374566847644
-2.28260411659627	1.39621498215498	2.2876276040451
-1.13300362233864	0.462280514167638	2.8998341531471
-2.16270651159511	0.744500564245022	3.11327433681257
-1.63504047919801	0.68712063301792	2.94120041978916
-2.56051722542999	1.14332846977843	2.63286077853243
-3.15426128105052	0.220056447017106	1.68534003453785
-3.53030318903391	1.16478200013044	2.61766312506999
-2.378560015083	0.961143839501567	3.15533300634686
-2.49954176165913	-0.296491511743879	3.40491022052389
-0.929845623814664	-0.775963498838852	2.77539190002939
-1.60060165408801	0.0222132345379403	2.44286244225669
-3.22142457569337	-0.227305328404595	2.38789001907285
-2.86382076254446	-0.609647826366539	2.58057567050989
-2.79434118498339	-0.253969274679532	3.13011988971705
-2.14098652486794	-1.00418585821919	3.34488486505147
-1.75738656018074	0.391926140780478	1.68274489597151
-1.46202262219398	-0.0855727110043473	2.11026632321292
-2.05398846517921	0.756429105176432	2.05358859570189
-1.61314279787185	0.927418076191933	2.55662826746581
-1.50105815426724	-0.0265745566865496	2.39705026646218
-2.14484191361172	0.709048119921516	2.29955196131246
-1.30776478245838	-0.769618825124504	3.29403644666792
-1.71896019399082	-1.04789595261619	3.26006687555897
-2.21845892039979	-1.40495114951459	2.64589119084179
-0.964868288729996	-1.80565108098792	2.70015112331194
-1.26155380470841	-2.06882470684685	2.900431345512
-2.08624833279456	-0.25659017448019	2.0978267475414
-1.47514741907016	0.156350764741644	2.88665307842726
-2.09126122599619	0.0252776395813469	2.03784590567178
-1.97531469515715	0.0292861535607485	2.27561454278243
-2.10573431051743	0.827530714484899	3.1034333990025
-3.48127581993585	1.32445132549376	2.87914880223821
-3.69281230976844	0.812413857774126	1.10879723995214
-2.52052515380945	0.648978788567873	2.01015680126278
-2.42567200071896	-0.768455391556209	2.36300298806096
-2.47764556057728	-0.0179498483831076	3.10081939420602
-3.15876905472536	0.0587081451942163	1.96352815261589
-2.45396083416515	0.32902930722024	3.39416427535377
-1.84596703795202	-0.625349425364035	2.78521360401098
-2.45160892204451	0.885865233699945	2.4556067864169
-1.51919196573439	0.181551205165043	2.90891935963396
-0.572875658367634	-0.583764201513902	3.89632422268428
-1.46497404516369	-0.67675427767346	3.63341946578255
-2.07163157163257	1.49185686500666	2.61561516981672
-1.94388496388636	2.62381912855746	2.86190301798643
-0.410889273640732	1.7792309135841	2.71866865173486
0.0189503253336754	2.04045814781766	4.07314137487038
-0.591440854292811	2.25501216905988	3.69356665794348
-0.380650309806518	0.778174230746974	3.37822039339696
-1.70803355099887	1.64318689008548	2.84359824446442
-0.883684495364047	0.426080383188515	2.89310751658243
-0.881405113404242	0.0588732171482245	3.33049272015117
-1.64642309834491	0.612035331770787	2.59250706847019
-2.13049034990229	0.717243004327148	2.73664139995744
-2.23195015431903	0.886131584641387	3.74422344063674
-0.626564507394302	-0.873284048380788	3.92089394553043
-1.45827655140169	-0.774745497152277	3.34375837732252
-2.19467933874428	0.619938671123279	3.35829369906104
-3.69186560504555	0.460238445176505	2.13018833171563
-2.31902282892197	-0.354530602934209	3.27079280872495
-0.973482642500033	-1.61660121386106	3.18082478232925
-2.40802872552227	-0.390525951613796	1.74271322191457
-2.5512611655873	0.668326871659043	3.04057560880986
-2.61088084121862	0.323452597080223	2.86182979545277
-1.92813824562116	-0.907252836911179	2.62295351389369
-1.55040683693113	-0.635487258592389	2.79671367606135
-1.8600599524461	-0.79308361706108	3.12315099811152
-3.5136245373172	1.12380331840692	2.4121682203829
-2.72345939657952	-0.657857717612174	1.75549394371996
-1.35157969660633	-0.415219618362362	2.71409538669345
-1.78188106039306	-0.247509030212516	1.93662397693968
-0.549811256335165	-2.07585891524405	3.07507670455009
-1.24524588699299	-0.562720787477305	3.17163753914273
-0.66584224689921	-2.29044329725759	2.6406901258058
-0.905603230045738	-1.16900332987339	3.70896521883992
-1.73200210494099	-0.242925910812739	3.47960052750716
-0.768411038425819	-0.479892709004375	4.11643344354618
-2.80313357918495	-0.271579353780941	1.23972792978598
-1.9267273950498	-0.640128119396538	4.13354951667725
-1.59198308269347	-0.435506837254208	4.47882581251549
-2.24085627177587	-1.73660594735061	1.65186337379979
-1.49037806021019	-0.823959960189467	2.63941924329639
-0.00581123295297165	-0.504078096933335	4.06800814246262
-1.64937683057204	1.09898644321005	2.53070658900427
-1.14832801673638	1.23055885167134	2.85489570693065
-2.7044034091738	1.89902850945525	2.02606932914654
-2.73499510549758	1.30725193961638	3.6079038129853
-2.25039901428427	0.942537927882384	2.71926463004561
-2.37346485212076	2.04768816688353	2.82989452166385
-1.49337418243795	0.488502995845935	3.2171468930476
-2.03632083000873	0.530000068435906	2.0994366403133
-1.14035687467531	0.0687098522916376	3.21928876897082
-0.196896289411452	1.08025262495768	4.77499555771469
-0.657740691869382	1.12456465247114	3.4393250871963
-1.0856322855488	1.18367258586547	3.11730919751085
-0.943950949377767	0.526375628677823	2.96426539431585
-0.569789722983946	1.25981925896351	4.19890239494881
-0.826193158101065	1.01023681744907	2.96373376433193
-0.534691967862631	2.25319041826481	4.52829769517865
-1.16755085171974	1.85208574492639	3.25892309587868
-1.54070398711045	2.09603331476599	2.74137767928279
-0.909359768431516	1.96974924065008	2.48182583259841
-1.21595679781998	0.295802340470669	2.06249312542721
-1.05897925461433	0.753019389701658	3.88467529635869
-1.68505337876603	0.121912323456024	2.22592015664243
-0.703430842174797	0.621181010436312	3.06614146768716
-0.505018947689495	-1.09710417003124	1.06062569391366
-1.60386561779397	-0.980932755143042	2.39185575372768
-1.30989959693453	-0.951477468322289	3.70178466999394
-1.1771242266896	-0.513228559896803	3.36909757406646
-3.70190199899483	0.298937378563659	1.56462394209055
-1.59505999851114	-0.0704929552040554	3.07279354668356
-1.27624516768235	0.167540216241915	3.06751360491736
-2.54682097004253	0.626544746551827	2.58878867971854
-1.41445000899405	-1.72944399336616	1.49751422935022
-0.806929561004916	-0.217173324613274	1.35452030765053
-1.64336387622086	1.48411495821378	1.76991973228903
-2.04884209034585	2.87734255811068	2.37834566176423
-1.63598684363965	3.30119932302772	2.01129032494232
-1.42228459429723	3.4426182229882	2.87621436354232
-0.42516770634929	1.83900953472525	4.23937237125399
-1.05127571183485	2.46317369285841	3.51137883423122
-1.44204838641502	1.79648892476391	2.851390023047
-1.27858376160698	1.64803317102124	3.13079319413266
-1.47400285061155	1.76436907399898	2.74503629106266
-1.22167849034586	0.922861151879715	1.98874437258793
-2.56607889997654	1.61204276401753	2.24069909778125
-1.70755295561608	1.30750066513247	2.99489208194025
-1.60133725740401	0.790839489379317	1.84263439467114
-1.97934692379394	1.82600152035322	1.92641345678897
-1.91059654792804	1.88626591656266	1.72308712267342
-2.16543033634319	1.49491790501829	1.67163183141225
-1.66312480008914	0.335461968060901	1.66430065290611
-1.92437456051861	0.711974604869654	1.75725895574891
-1.45636938019694	1.35836653777388	3.25554397853532
-3.05272017918684	1.30939244179197	2.65960880184242
-1.08863199973926	0.994774869264169	3.07098806361831
-1.52062387739112	1.53172898344201	3.36474973355856
-0.902729333720938	0.0881402286002471	2.98047377468405
-1.48715434966645	0.496286623707396	2.73908078647322
-1.41675448869482	0.401911100343556	3.03086395348122
-1.41675448869482	0.401911100343556	3.03086395348122
-1.41675448869482	0.401911100343556	3.03086395348122
-0.82591464777948	-0.0077034159200929	2.93143085213231
-1.74213739184943	1.08626553832063	3.20690458320749
-2.74931842772355	0.890399513618594	2.57941566783883
-2.6847103269764	-0.186102366737456	1.42686894225954
-1.77090036386433	-0.588960237299664	2.38077915304241
-1.6717329124052	1.11061884290027	2.99750565543572
-1.42555756211715	0.636157779233004	2.23939533759476
-1.74087634504978	0.178191227850631	2.17715451755521
-1.31526868537271	-0.502963052098065	2.46730606088432
-1.09861020178897	-0.317047368839738	1.13298216916001
-2.25723430399404	1.22441686591832	1.21470674403502
-1.45672118457972	1.03972542003588	2.77776604368225
-0.95646020937367	1.68222193893211	2.63715967015636
-0.841294690168364	0.279818371385563	1.7193941319638
-1.4770737132082	0.0463575876307685	2.22616570641844
-1.93532061537088	-0.719267070979017	2.16696890029471
-1.0258704305468	-0.640190776244778	3.35952384765879
-1.65468428979714	-1.2348260882762	2.4522619324483
-2.25947902700757	-0.473387030367122	2.44859362642376
-1.77558807713483	-0.728467128691406	2.16129277764292
-1.32081793924552	-0.147867947378779	3.19791427961078
-1.75566237340429	-0.282377747845268	2.00728913148398
-2.24930019021333	0.566071543685744	2.01474677388333
-1.60390338906773	-0.89183212935896	2.36454954397044
-1.04727508212763	0.697726363266389	3.55000301627132
-0.638351904868313	0.983964916327478	3.59744115734342
-1.69992878802282	1.88336928208276	3.74941311785204
-1.73551556416663	0.776119962135628	2.6560924837446
-1.90385791509367	1.06109798783024	2.33178516069376
-1.70668231849592	0.797368001626521	3.13964308456723
-1.64020064653754	0.148586609216187	2.96010169024427
-2.49061879752178	0.839064049925583	2.59140501748618
-2.04853482355919	1.40638274728152	3.12100130514142
-1.40298699974088	-0.471410550078054	3.05797578104991
-1.85292331876857	0.250995277175919	3.96071744530167
-1.9738737660203	1.17945576593933	3.86010002483178
-1.70764672841354	0.7913135538593	3.37641837553178
-1.43501539387098	-0.594072733918455	2.32768996357813
0.00844850985153839	0.698948039534881	4.07070261358317
0.0169219725037587	1.18069843831986	3.89023558345395
-1.26459598323624	1.56457197887031	2.88877242346087
-0.739034135876937	0.778900404275952	3.77252036849588
-0.529215793221852	0.0162652589415852	5.26262461788503
-1.25234097404992	0.755570399214958	3.72797214349913
0.860030762216688	-0.0423063128596607	4.69061159213776
-0.547453345405326	0.465599939503899	3.89238087390502
-1.35735525971473	0.863223453014434	3.08953593596927
-2.12947230888599	0.266893034078723	2.13550670159351
-2.32251647891357	0.565336402942298	1.76827218997299
-2.23980056756748	0.583093252212385	1.94569954623943
-2.49432684093016	0.609334004087184	3.55177752598814
-1.54011643984796	0.309998266726677	4.8675660981615
-0.259335289026766	-0.67147614199701	5.27513868156997
-1.66749912307829	1.52497881239409	3.71853017082071
-1.04907455321745	0.504793263026279	3.31194906317803
-1.63148772936467	-0.370877894406852	3.29844629247065
-0.8989530986635	-0.16687517115292	3.86334143586587
-1.42083431638992	0.537425018459822	4.05829135441784
-1.3798366320876	-0.462765614296807	3.99944595407611
-0.657096039983168	0.0571589680308298	4.04270072547109
-2.0338437790786	0.997470418860738	2.59101706752463
-2.54472916008912	1.0648145269977	2.93845772195725
-2.33803068335572	0.577066365087875	2.77202383052751
-0.518923403357031	0.0947632708820011	3.90750559731302
-1.38088567010305	0.777644499643163	2.41744815195969
-1.13059746133718	0.468444252832691	3.81892259339368
-1.75532798903368	-0.108292401990495	2.36462435150904
-2.8412900313916	0.593204157580912	2.5078320563019
-2.05488079795771	0.0287458881877047	2.0788560728758
-1.50256164377653	0.25023919180509	2.8190300274781
-2.69586218866098	1.03139205313214	2.05373161981066
-1.93770408952724	0.507895565614669	1.89159144837777
-2.00254589345707	1.25643939136569	1.93058249871742
-2.45999401328722	0.168635042436383	0.905782654000132
-1.24381626319433	0.378325192433745	2.85450714351214
-1.73614774906611	1.57074578867098	1.9197373906351
