1	1	1
0.500961948078053	0.632261830875349	2.1625784324665
-0.259978810147223	0.436733515983435	1.95586717821378
-0.770515299058915	0.931286699529014	1.51067931693326
1.09518188441114	1.35305561227106	2.16184110185254
-1.33062840650514	0.557844204982933	0.843785861822813
-1.26062815069598	1.80203915908097	1.79731070203125
-1.08872689095351	-0.109230036608113	1.78504979410689
-0.257775340847755	1.21238000845733	2.33594844058903
-0.94582639895253	0.0782701933032544	1.76777798728263
-1.02225587998881	-0.666535440692367	2.51244252198298
-0.682808439537488	-1.35698082786701	2.12638581702397
-0.644105620323954	-0.335435422687833	2.20121538649885
0.087277701182833	1.32396063436644	1.86190261212734
-0.603983072701524	1.88116569661876	2.37591838931937
-0.846325685347216	2.30039415136763	1.90829565616161
0.240196377582518	1.93233267981103	2.38239349829916
-0.322973619452992	1.38259728216103	2.40311628746067
0.221265670371092	1.48923284201649	1.78161708106082
-0.180156523139878	1.25517841108749	2.17842827515592
-0.180156523139878	1.25517841108749	2.17842827515592
-0.326834792358411	0.0132840884695183	1.80901222017813
-0.144537775191161	-0.00788184707228079	2.05940783979919
-2.11066609658899	0.379130539709649	1.96522327311733
0.547186251422037	0.139116864803553	3.02976499106625
-3.33182416222655	0.304194980925865	2.40673403264705
-2.93848985423502	0.606097565562937	1.27915936844109
0.262322893686937	0.54044984332113	2.52210033567504
0.87250348557247	1.63565536401654	2.89129760501381
-1.00397982657748	1.58183390812809	2.02646152435815
-0.627696784620984	0.97184951435378	2.15591174350471
-0.637364177645844	0.565353440142019	2.23082580997428
-0.740183962534315	0.172827473811644	2.17536177217492
0.184720055250185	-0.331874495558372	3.07628004792823
-0.489735956480777	-1.47524177567187	3.491480278816
-0.588791473120636	0.342460479688846	2.3654599848323
-1.00905726427431	-0.254110050272846	1.74843030804094
-2.28418297090153	-1.31562667850922	0.564787271464288
-2.23732621824313	-1.03502108241685	0.241164833276992
-2.9194412114194	-1.48941077174343	3.202619533754
-1.37093770637072	-0.971395534348389	1.83664961729289
-0.673442635248131	-0.610886952738555	2.33184184545433
-2.13769767895551	0.681003894619713	1.76977758704929
-1.09563559248288	1.24719713280409	3.39414336640725
0.188560333387752	-0.219550914315914	2.63400117331482
-0.208788752864035	1.57117346270308	2.71736810538306
-0.758720229801728	1.91896587843349	2.43558111029588
-1.75523699901646	-0.243556014615993	2.07362555418983
-1.34237581172045	-0.063695662512917	0.933411544802525
-1.09789678683885	0.575082315457224	1.95341012907778
-2.44061229456797	1.03420670498963	1.84236937214073
-1.16412194715883	0.179179887960814	1.65411659694848
-1.51708029285478	0.287748117843135	1.54212845155086
-2.04395533104986	0.484041068050215	1.86072374346215
-2.47574501663705	0.636186139175522	0.630754205570257
-1.04076950983384	1.4696309224355	1.59595705546093
-1.7647614762975	-0.526055568532843	0.781160643352483
-0.269643727253656	-1.01294938443994	3.06007429498382
-1.32170136180627	0.879188193103401	1.94809701566806
-1.57977871466765	-0.187811848936856	0.568379241188611
-2.38489760765893	0.295881595870989	1.40247528744833
-0.933928098797741	0.337433727157225	0.899083409991332
-1.44766030873817	0.534174547431839	1.26483924285302
-0.899126127437139	0.13834517868248	1.89390938254137
-1.38186274512514	0.735551641577467	1.42452802037529
-0.981009920501229	0.0974594501346725	1.34394568136365
-2.11279452967405	-0.279889572998819	0.913789259479388
-0.807591337065194	-0.327631594703065	1.91152186397595
-1.23918216691256	-0.331844348018201	0.441936202987233
-1.55649926418362	-0.297480024475726	-0.0109824674175583
-1.26394187514201	-0.475836648202565	2.06423976139697
-1.18297421317819	0.760330107578376	0.845394521518702
-0.715461891357988	0.856457651737202	0.88492767973426
-1.3658624699957	0.249177745732402	0.933302058560605
-2.56126538166794	-0.134058993862074	0.890745323318611
-1.38281804883594	0.37907859022682	1.08439766485367
-1.24883906398606	1.03689685277444	2.03453734014165
-0.501677231208855	0.150590198729284	1.8070061389799
-1.4937176271798	-0.813211378060299	2.57098696855883
-0.585489345820369	-0.00721235284399127	2.44606617779048
-0.761452923917895	-0.717169757518173	1.70892192597582
-2.72308203495603	0.602494508254287	2.2754007866236
-1.27376941409272	-1.48278005361583	2.54327614879407
-1.08095743205587	0.31163627350677	2.86921127922242
-0.964415093731129	0.535895974448426	2.76225265946877
-0.636563354031258	0.0298200400130507	2.18623651434069
-1.16780541909714	-0.141317621970764	2.11319696759007
-0.662590071626931	-0.364930187681455	2.11555587715695
-0.890900658949787	-0.728907042803655	1.98126174099495
-1.14692418303554	0.342755146116405	1.22044106378643
-1.32310168466035	1.01548347156689	1.38607533583659
-1.73937229734929	0.0637951516081389	1.62692559598222
-1.53918664197195	0.258713137456186	1.9108951117557
-0.16563846818335	0.155091041269924	1.61398412615323
-0.978843452921266	-1.19389251619735	0.765186443697127
-1.32900530451261	-1.56176859540699	2.383610927872
-0.114181425259466	1.04573979076896	2.52059191637303
-1.18845390224169	0.655359950656902	0.571319367920917
-2.26195957685524	-0.468405668646882	0.606358599034604
-0.595986392273504	0.487769252334367	2.52400657923617
-0.0118439694504104	2.06951300050993	1.04744686190124
-1.55806435923336	-0.130114954344405	0.437911236190492
-0.443725159820831	0.451919332296223	0.774407561032609
-0.200969774044011	0.691028199010742	3.09923733856924
-1.34423187696362	0.276392034689762	1.24112663262437
-0.0819134311238466	2.30693025178938	2.03049286752395
-1.38168100335516	-1.21121093040803	2.3034789374344
-1.66776275811163	-1.62440105481196	2.87556909333557
-1.54300420553414	0.00645567722176632	1.79133328727019
-1.72518151268555	-1.67690441073474	1.09553873833898
-0.657060050422903	-3.09685401184589	1.7651575179459
-1.11594373355208	-3.39243935193899	0.969645956852843
-0.59673346095656	-1.17160809837424	0.336425808239272
-1.74953413118728	0.22272745982678	1.59134578045607
-1.87775700367839	0.299585218912209	1.01823733936239
-1.59999251404055	0.236828512269234	0.17578564885521
-1.63656495715612	-0.265866692995221	0.740392724296683
-1.84842054041977	-0.601714964629188	0.439807234926244
-2.06128828880886	-0.190714595779521	0.867060529848064
-1.11544913962904	-0.183402524022155	0.972988850988462
-0.594555282839982	0.578592960760322	1.9882808424102
-1.33571356864315	0.236154480243654	0.471451300014338
-0.399051351348774	-0.968490947944908	2.74543793188974
-0.432857282539369	-1.21876131374673	2.34106090189524
-0.162699593409878	-1.45187104478444	2.97438836296802
-0.834994030295681	-1.41173580821531	2.04932614164006
-1.51129635512168	-0.318901318600557	1.61900497507208
-0.6515023537004	1.12214025391177	1.42351922215654
-0.591015309788782	-0.297135158420108	1.33698528768254
-0.86157545837665	-0.738064717410596	2.32015126159938
-1.15378839835482	-1.79373552546861	1.20758996530926
-0.141296174712113	-0.413288708814493	2.23228404280259
-1.17544178613671	-0.265241605292028	0.386353171882281
-0.904873654616211	1.05623385779925	1.51624566027153
-1.09716646036236	1.25724270886814	0.983533604635994
-0.443267648123025	-0.524912015366455	2.3759761651697
-1.67469151093288	0.348654202784616	0.861794546666329
-0.804474692841861	0.343073099407079	1.01557050117065
-1.23888913310179	-0.89594290663364	1.75206362567909
-1.55845027874229	0.229564645408911	1.95527433529817
-0.502035639303211	1.98522616785081	2.5420780842804
-1.06701960139486	1.84981754598876	1.51107706213958
-0.902795368793095	0.663660815250587	0.569227783864566
-1.52265588341562	0.524194036455193	1.07919209376053
-1.05531694359301	-0.695646420592614	1.42172804028604
0.264612235295963	0.0490089267037194	2.10218368034413
-1.44035005208068	0.569811265238887	1.57520484716632
-0.763884042289058	0.903437117071177	2.79148245107434
-0.250442748988361	-1.68007879345884	3.53123164806469
-1.66334913905601	-1.45920634061346	1.27419924852156
-1.52632776844676	-2.07538210283966	1.13810454591452
-1.48239914964764	-1.67194240558677	0.773334962204179
-1.78252749310697	-1.55756710800866	1.3819152541749
-1.42771185201337	-0.275596422987638	0.320262367132083
-0.767802343147604	0.554763056325476	1.23122597545161
-0.83568168016385	0.264473509370169	2.02884021321266
-1.08481988369928	0.599725983836736	1.50894334780305
-1.66222018266812	1.0605704491934	1.54603888121088
-0.638063436334294	0.697482150775328	2.05635468306591
-1.00487113171475	-0.610438307542106	1.44222428560182
-0.565887581279798	-0.478272578575689	0.627917310386486
0.380081051786927	0.322155083229016	2.92241769511845
-1.5209752860296	0.0067085860793189	1.13472959351193
-0.14485279168993	-0.160496056410781	0.736095750989894
-2.48273469685433	-0.65576252281147	0.49693567655322
-1.33444124398798	-0.654953089716678	0.78293308670019
-1.28808982788803	-0.258940086776548	0.784988107870584
-0.468785399638376	0.0891179489515768	2.06427018080781
-2.08865028888161	0.323418233840959	1.18922254824173
-0.733208345152164	0.884840629393183	1.24969552053084
-1.56146074947975	-0.510419017372519	1.55153683879016
-2.21510952237974	-0.410608527786888	0.850612168875438
-1.91098772349006	1.2111625436533	2.80665124898596
-1.98129785830463	2.56670953111043	3.25726128999611
-1.8997988498896	1.34507004977867	3.26307062701325
-1.21088842546829	1.4953398269053	4.42443520915503
-0.673889602793366	1.4441841196049	2.0849144857663
-0.0910916847434199	1.24818770463923	2.23171031793295
0.117992982068956	1.00424197627479	2.83044434206781
-1.20341266056898	0.91920642728251	1.81924337905288
-1.71011062495559	0.778583157627321	1.58652820880723
-1.01085690822343	1.50718617723431	1.81693044014793
-1.42965385802027	-0.353283086674352	1.81438657462933
-2.22788578411416	-1.11171327946666	0.384239026139056
-1.19668169342055	-0.454602787721969	0.227922011397954
-1.56573132800157	-0.352382088909713	0.752085349384612
-2.14294108925849	-0.761312845086371	1.7174860841383
-0.132180459078548	0.577778511693143	2.47110599169588
-0.883245407790587	0.307199011079162	1.10714742508348
-0.385138235906317	-0.0171586847561463	2.01885516125862
-1.09817933133907	0.37277418488428	1.58367462231729
-3.02693985841544	0.0432772456608083	0.920378572668646
-2.31746960686482	-0.418695561375283	0.24127986248959
-0.791535374119554	-0.215869666543531	1.9484799312118
-0.673163528181103	0.880336361033464	2.93448021383154
1.30153988851393	-0.370417842208023	3.24359550442238
0.963205544757067	0.321913425527501	3.81236994689268
-0.048242855059415	0.706596241009582	3.32709404345332
0.140842593725458	0.609109557811714	1.91569346443335
-0.949433614719814	0.768728141896939	3.00000967174556
-0.763247677863005	0.975163394910324	2.17882159537154
-1.15809145245544	1.31183501646249	0.596948433928438
-0.900787291438871	0.368484778026563	2.15507289930035
-1.68473036147845	0.0253480466577741	1.10421123983409
-1.16557319474266	1.28746090089093	1.69496287737162
0.17618970409023	0.543725972873292	1.49481261676725
-0.397292026775216	1.59006044836019	1.91948227754433
-2.15986326013219	0.620248598060052	1.21308077486298
-1.91303075928847	0.879515931987022	2.27003538573216
-1.61655060854606	0.49104706011053	3.35527512434298
-1.04438181934022	1.1997292962163	1.32710330113711
0.111697268217837	1.45150376866755	2.28128377900109
-1.07261008583284	-0.293064019991539	0.16215083440774
-1.30514132355653	0.253225459627609	0.0786482239144426
-2.40620190124519	-0.100276375342471	0.0291027138363211
-2.36550529161672	-0.676591447014639	0.197737117900938
-2.26338835654165	-0.378150518092455	-0.0163104927869812
-1.02816724818961	0.757655230109086	1.04845596904136
-0.622071678772207	-0.0523081418071734	1.66946551723161
-0.622071678772207	-0.0523081418071734	1.66946551723161
-1.13445082382894	1.09886541039719	2.36440753474844
-0.539900586012589	0.936944787105851	2.32193279534669
-0.761997417468681	0.263551708964003	2.17660522089585
-2.53431836613229	1.48734089052906	2.61446623297611
-0.478300429606245	0.16179209035829	2.85193425812756
-1.20789575469321	0.804544663384715	1.94132205587406
-0.459052009009041	0.6358222955157	1.33391883259995
0.110383028095579	0.541917675060593	1.58026156714113
-1.20142415733463	1.10461411814289	2.74366029610026
-0.290041008672796	0.43422702377479	2.41046689679653
-1.94159436228496	-1.36077708651482	1.40497785928078
-1.19449869720841	0.682176163014737	1.9108080205407
-0.887258793574844	0.398285669719198	1.42825853893287
0.00673119422728585	0.850265782695674	1.75540891692119
-0.5179424841187	1.05988271437828	2.19570038514749
-0.175650285237645	0.846437756974627	2.34502168546069
-0.5722474348251	1.73964687508489	1.91173694276098
0.0600904351561766	1.5926926624421	2.39288137934692
-2.66648237138518	0.639442536364348	1.01686290918998
-2.31883381713525	0.656563215146122	1.78285444318227
-2.80647640578494	0.987059021266924	2.00303382619211
-1.14360390425683	1.49019457504638	2.94530665174298
-0.933652010279938	0.580367274254257	2.57109900546943
-1.20036177811551	1.33943471305954	1.73086627795766
-1.20036177811551	1.33943471305954	1.73086627795766
0.208658282207771	-0.697921661136542	2.39077432646584
-1.01533270795917	1.36295592952152	1.39898573195379
-0.878741850318491	0.780275948104814	1.40108969072614
-0.721867372703439	0.766409110693124	2.10352521803299
-0.431420856217141	0.746015484375749	0.812121958522524
-1.72649408362808	0.669175946092151	0.26950670835005
-1.93270369988407	1.0348711639924	0.213923031409118
-1.70269842616447	0.73119961141909	1.4913107554794
1.02406347104217	0.807067065983627	3.00108979506568
0.225087859545202	0.627026103484575	2.46896379468058
-1.25757182171264	-0.173643499663942	1.37444672908443
0.0458939877727165	0.742935552907048	1.8598034981635
0.165251440995631	0.0195654264522869	2.54672368954173
0.939459428337278	-0.0479315255606532	2.12250809365583
-0.232497641102116	-0.32764088898969	0.760898322088393
-0.954118629395696	0.638280269739872	1.25602684543941
-0.222717868146932	1.46024680069289	2.01923605905697
0.545473382536418	0.181388530175619	3.56022938174113
0.1320351513248	-1.02172234739353	1.84506595028681
-0.348357766237148	-1.41398269259472	2.10348421712484
0.451070453989033	-0.331286347548535	2.53043618594726
-0.0576781771927114	-0.512699729487671	2.98462700102433
-0.236520620405095	0.63354560388381	3.5162937660276
-1.04667433196098	1.50936061814545	2.91558290856438
-1.24169527227476	-0.0096160694511821	2.32906269727605
-0.442254740262201	0.741870066414037	2.23532481626055
0.465862979566303	0.156206598371785	2.76792674940936
-1.28981351461939	0.369520552807271	0.984074357370266
-1.71634046206608	1.55559262711021	1.69820075043646
-0.767251608365683	1.38791799411906	1.16741803083194
-0.46096938093293	0.723273270617501	2.49908600870519
-1.02049642438052	0.519679182574167	3.07507422865138
-0.757775369906789	1.01376428310097	2.05201920973771
-1.00737065254207	1.34256317298769	1.36984454988866
-0.523942963258889	0.888212868217034	1.57507210366736
0.0586180280627918	1.57706674570714	2.79043342609813
-1.05148913065235	0.489147533889986	1.09092818963898
-0.836436317092455	-0.422031483446478	1.91120837193226
-0.838729967012036	0.332929268779846	2.13731174826784
-0.695782536703649	0.386633566322648	1.80447853640345
-0.421754602677338	0.256194575576926	1.90795217369804
-1.62163640938622	-0.14527938548338	1.35193884683035
0.955601088319765	0.394527559458523	2.40355607301033
-0.332783512652298	1.9808475951804	2.88225637266642
-1.72985699200095	0.768652591586095	1.42050454624093
-1.50991577998182	0.626615694407802	1.54908468144681
-0.185171359312648	0.471299659886582	1.12903371293786
-1.32103419491062	0.167092236121689	0.363593438533741
-1.43986110289393	0.513821255795758	0.443043906810856
-0.923881547777749	0.332914640559654	0.789038747080701
-2.58507894470826	0.191597373794311	0.51336970715896
-0.862119416954644	1.02568967089059	0.941021218525368
0.598739926528863	-0.115062212453906	1.20705609824897
1.42757584181836	-0.263709193720457	2.19851430645789
-1.37902417699473	-0.292474848803327	0.596427340743104
-1.21660007203506	0.329877719586592	1.6286825886557
-0.0368048077564015	0.795932885327606	1.72657859523054
0.311179560134448	0.800454146417408	1.6822494725105
-2.00303262867457	0.876084870111221	2.02801498788245
-0.965249759673797	0.652683283052151	0.371174732127502
-0.957180975829356	0.179154368775515	2.31973670088863
-1.07578975334059	1.176673309489	2.1786914766522
-1.48128369105028	0.539176900376059	1.12133461968388
-1.79274615268392	0.562448599015042	1.21578976795228
-1.20850157753544	0.804080760842986	2.20578982224856
-1.20850157753544	0.804080760842986	2.20578982224856
-1.20850157753544	0.804080760842986	2.20578982224856
-1.42957487804413	0.856330363496821	0.799229615525924
-0.689192402993999	1.30579933636729	1.5296796341243
-1.71671945182606	0.577649547862179	1.24611841422421
-1.02557957438653	1.08524895412611	1.32644821959608
-1.40008193086354	1.73084331036572	1.56570406442255
-0.962730705201786	1.41860744206994	1.5289008543622
-1.84792112144143	0.360841361417486	1.21471949977917
-1.09697438689094	0.279866746192113	2.49625863788997
-2.38956563613548	-0.552950402623618	0.518912489663594
-0.960911583983293	0.197278664936737	2.08538165362286
-0.140485715104485	0.70487094557919	2.79996370466779
-1.27900122662222	0.394076303542257	2.31962269732223
-0.624756811454696	0.0112728823717268	1.4284151854622
-1.03884799163852	1.55068909324216	2.17433993017293
-1.06632189317268	1.04210091663141	1.44428360330526
-0.576618700873171	0.687326986712218	1.74712757230879
-0.13311064240074	0.670406761311077	1.23278111172818
-1.38558069531103	0.376952023180694	1.04730796858048
-0.371368011887943	0.445298093767505	0.419838750744253
-0.920112768836891	1.3320187949406	2.21985657225286
-1.28725973637287	1.0233216962706	2.35783329906591
-1.26130723515502	0.863109755276835	1.82848368744327
-0.785358936041471	0.48215439020191	0.79574966019352
-2.04198199469199	0.600761349943893	0.232415389693938
-0.774636188574353	0.700859604928616	1.21916031864008
-1.03643351934712	1.05604509422624	1.70023581361215
-2.18588410687388	1.00697306335181	1.30500758654268
-2.52349121303475	0.0473183398419868	1.49446852012157
-3.32381080791069	0.594976751947209	1.09668534041948
-0.934501298862783	0.835558405526444	1.45384802084521
-0.535822465564126	0.92679414795061	2.18963643532574
-0.787248511149378	0.633603932388888	2.06633404078486
-2.33071449151699	-0.1368762366671	3.77378192772787
-3.68232075973806	0.6900118214595	4.2122139840724
-1.91843905629194	0.744288472205086	4.49681530658787
-3.34332224579982	1.00601072061848	3.01713372994275
-1.55425413596751	1.36929776515142	2.2453861938126
-1.71349518808569	2.1121906498236	1.93333308249157
0.715570454249406	0.697931045876428	2.06867141612206
-1.14107155880425	1.59178241802627	1.94208129134552
-1.0996003744416	1.2494511901044	1.7935272215889
-0.924389265395887	1.77490403504745	2.99407901921326
0.0958344397116662	0.725829773045205	2.03509636123082
-0.176378776717694	0.201722071216736	1.06945874337963
-0.00104951602632486	1.375707963351	1.84489893266688
-0.482399673807131	2.0801819263443	2.67830520676166
0.683995045323624	1.35970059255387	2.08788073639365
-0.433246241576571	1.60758658303353	2.10663487607425
-0.0910025813457223	0.693980193056774	1.69456441715616
-0.771927147865351	0.114919856718257	1.1654902045677
-1.15823444718179	0.429706224419622	1.78789186473052
-0.449940144817393	2.57388170916794	2.09451765261157
-0.237773763136139	2.06259120861105	2.02760366959709
-1.24226546130794	1.65550224939811	1.61216879669819
0.234595859588661	0.350320184358124	2.22699968686297
-0.570580033457592	0.0836591678313445	1.16877735002053
-1.58450311075273	0.237670862138131	1.55906411329443
-0.947191871555163	1.37892118904792	1.64179535220815
-0.794794079444189	0.62044638470964	0.626241025296095
-1.79686272182898	0.539501617992561	0.450385900076039
-1.09592632134761	0.112999064472291	1.70722797575722
0.628339246949073	0.777944271007298	3.53783323043577
-0.722024654450957	0.344658014373737	2.09999888967055
-0.325315045344952	1.40173073865555	2.77133861127818
-1.42917258138957	1.06314830065389	2.98461889245895
-0.54276318641652	1.59094746213753	2.6207920270555
-0.54276318641652	1.59094746213753	2.6207920270555
0.0391979956857927	0.300401744162843	2.03566358558757
-1.4628533862414	0.782672840684601	2.8700326818284
-1.03426957941718	-0.401128733964734	2.46962671342511
-0.43471343359025	1.22427289042456	2.80007912716432
-2.10466794182834	0.527004186619102	1.01397745240665
-0.146656612833518	0.0685160002385577	1.47019376110488
-0.605088722183278	1.25130376778686	2.20501848404483
-1.16817992467427	0.726541624027539	1.05935906820261
-0.834962469619497	1.60851363548822	1.33652454840466
-1.00996380737922	1.2436872124933	1.42124725252613
-0.378032284840606	1.64522850280434	2.69930762896796
-1.18736529416274	1.7352534595919	2.21103916958473
-0.75365366657294	1.5869004395117	2.30762321145159
-1.08185312424409	0.885554005275406	1.59140069806507
-1.35802844862191	0.719607082486173	1.14073549124057
-2.10836333310364	-0.572549245861028	0.579732091317879
-0.841093602615723	0.32919755579543	1.28198187991995
-1.28919543163833	0.0596057128934741	1.38952992967444
-0.892477624474855	-0.201573428912037	1.09208064661911
-0.478440460745414	-0.0512517480681949	2.40943387104555
-0.932193427407171	-0.916800056803399	1.49321559429027
-1.35133476853512	-0.282171144558307	1.58316592735424
-1.78654287792371	1.49498979853117	1.02863314003742
-0.958706988211404	0.975548954161474	0.649066332262848
-0.514560609476272	1.86289557074275	1.12265479574914
-1.01573171336785	0.865100824389987	0.974300691604038
-1.64226263405432	1.24190280696469	1.62184138124009
-0.212416040849048	1.61138267307327	2.62670474927352
-0.782116051496415	1.66223938756903	1.97870287722538
-1.31977329049346	1.08128705440652	1.42415470076198
-0.829769655204676	1.63435820383341	0.128200483666028
-1.14606314953271	1.60539082868441	1.47336832660436
-0.832774608555421	0.387759311888875	2.70212089410608
-1.64980467045912	1.16463137322393	1.83904200954017
0.0354456189711372	1.12405263322331	1.94485257126055
0.422013162799692	1.51599122082557	2.09166066154691
-1.82976311217475	1.68403980305401	1.40787209914549
0.0916982332316208	1.10843315962099	1.97405044861875
-0.468900050076267	0.606362751445279	2.76454014770697
0.11665772614876	0.76299829733732	2.46486921339805
-1.96480922736047	0.699898616486506	1.30107488385036
-0.387007724037764	0.306465146463644	2.44044911575724
-0.217825537365149	1.70037808697596	2.21277453902197
-0.910931727350624	1.46711109796922	1.73417277666291
-0.919701159498843	0.406748540482885	1.16167612015885
-1.12161660154977	0.705585328514387	1.90551347148168
-1.33122435878326	0.0829776939247077	1.23488978859967
-1.0029826899979	0.522108373956391	2.2753465658503
-1.53326679033788	1.31631752154589	1.8524580640177
-1.82860694250329	1.26910477700974	0.324803420029059
-0.335421537639046	0.803068382292508	0.666729164961343
0.0249454093217951	1.24160967453807	2.71617150641472
-1.51444245584262	0.725027246368468	2.03747479501936
-1.27723817396569	0.562407853274995	2.12764983352648
-1.93341101953922	1.39771150382719	3.12463741336619
0.0338053697785913	0.0610204768681508	2.78028038699153
-1.76158982809502	0.120711351769534	1.91674686111543
-1.73614477433229	0.655337503670232	2.97710926698509
-0.429336697386366	0.929939971076378	1.36495585507877
-0.65215982714958	1.10542795005655	1.75934865589098
0.643853948178198	0.54637783245172	2.3035457533817
-1.27417088404443	1.59586709875252	1.15109662954174
-1.69042409844032	0.0375803747062772	1.38873469737051
-0.37216336038602	1.7869220543839	2.056414296822
-0.103308644308075	0.826787035174111	3.12877986192483
-1.62582643385008	1.37232275478763	2.95442997290739
-1.01295869099038	0.300982548539598	1.27841542592095
-0.330389434458546	1.1691074907724	2.24892956458945
-0.977244770513099	0.582704255545859	2.00916159194275
-1.11369244804484	0.739376173926355	1.53087649728945
0.270177974719595	1.54781459965262	4.396050862822
-0.584392268767229	0.321254143737019	3.53932594553989
-1.03308091785864	-0.422529194807538	2.12503761290005
1.32376313267158	0.527863016634349	2.82707133394298
0.265648197470618	2.16518909771277	2.42956074041964
0.524098984576997	-0.637377534467988	2.34518603105035
-1.78546431763584	-0.765747914947325	1.25084707365235
0.356882004133176	-0.210031813049531	2.42506011974834
0.205740850600661	0.912403482624438	2.24996198547189
-0.281432020316722	1.37001705753891	2.21643638060856
-0.533685349039467	-0.0207610649427444	2.47672156447755
0.365051738588677	1.38768026425594	3.15371329288683
0.399935172929027	0.298185375081863	3.31304202618728
-0.951139778251232	1.26893212802362	2.88616121104648
-2.23403558361798	1.49228482657741	2.54664231361857
-0.639137938869015	1.3250132459216	2.55530110376886
-0.0125786844154641	1.40638935349037	2.45856097478708
-0.119535051369828	0.589530644165814	1.97289823242311
-1.10853550139284	0.54942066641706	1.40096314951609
-0.835583947765298	0.410774925687227	1.30144704875629
-0.961466288339588	1.92838549259037	3.03733479231232
-0.445229734442661	0.50589273337098	2.64950276388052
0.708351084252765	-0.891363250125219	1.95531445006383
-0.242512676091636	0.37128728053812	3.3447300269283
-1.0358061026921	0.604312064428968	1.7917771339384
-1.03125198937656	1.03460446940393	1.65933318830639
-1.03125198937656	1.03460446940393	1.65933318830639
-0.970496083158327	1.01845540643074	2.89100596182383
-1.74325955262893	0.620674668447543	0.802200467888304
-0.942036416226531	1.15871925159439	2.49232774284238
-0.971584138993424	0.535445000713522	2.48032420118421
-1.35443894792321	-0.301463285034944	2.93138050588346
-0.564686431203203	0.464090077898361	1.90999628286873
-0.772516641960054	0.512796721183397	2.00145325423237
-0.34017155492807	0.908865497619767	1.27106708495334
-1.52514570713361	0.559937753690259	2.34746800121012
-2.25387057984777	0.809735160511943	1.07542331419551
-1.76228534227777	1.25182597023862	1.57075455576922
-0.916929950013165	0.0473831558660529	1.37745792632997
-1.22860094944378	-0.241723830892249	0.914495661621565
-1.06440657895186	0.667245227597524	0.967325172043006
-0.902636170396863	-0.0359449711900972	2.16487596618849
-2.10333851892985	0.752949898169709	1.04692057786931
-1.38954162448112	0.7582311958404	2.05315598249838
-1.5456572803428	0.545547443113373	1.08285599122466
-1.73029645141758	1.40693476303754	0.959988995592538
-1.51572225074112	1.00686991042478	1.72112540321113
-1.24859761770607	1.13536074245601	1.14443060524042
-1.12953415788277	1.41321915667921	0.74418687671735
-1.6413819560476	-0.102391658980609	1.29033545689691
-1.06936589640418	1.06565479262959	1.92041169787139
-1.11807578342855	0.286922788915379	1.73259810854517
-1.23703009466113	1.20560942736042	1.19084517762688
-0.765404947744653	1.74051794979799	2.23833276324678
0.0896054667551504	0.739858032305111	1.05015374321276
-0.475587658428962	2.15110568466802	1.93914417625151
-1.55313175841569	0.672638889020424	1.39500221950731
-1.32409590959755	-0.175592472848677	1.80517716910666
-1.03093794443543	0.264843684393374	1.67512924996598
-3.69387412622481	1.44536313471886	1.27098282455857
-3.27879440811909	1.2640816030727	1.52590652280299
-2.64598292353028	0.3716215733155	1.38101656528649
-0.829459971264545	2.19225391829165	1.71382141573024
-2.89101117320032	0.386470853627818	1.92492712969283
-1.19426658526635	0.90101965074972	1.74842679120499
-0.0852369911453891	0.288560449640536	2.42335459225542
0.14165133300497	1.53481576859703	1.76541811408446
0.0950313051963199	1.41596329046441	1.92230652131833
-1.16830349202283	0.501585609241506	1.09949348148126
-0.632187387318447	0.184800468387224	1.63608649529994
-1.14480051224797	1.21821694913829	2.13692321236839
-2.68054731131521	0.142230665644811	-0.0688313286882754
-2.5796092879212	0.741693456479465	0.790742532125671
-1.98098334100347	0.204889305325017	0.82500043789546
-1.27533797095066	0.408512457729166	0.798811949872117
-1.98503224701618	-1.10002324494681	1.43324270654148
-1.5686530732098	-0.274186720209037	0.894466429709101
0.344807020177101	0.340450375153704	1.94358502557748
-0.437844028239192	1.19402971175748	0.768699969415477
-1.34732854214064	0.422073352008505	0.695887770766303
0.0932723480726447	1.84467006861922	1.48347342043684
-1.1071670566132	2.88059594002483	2.43173918039997
-2.4955815555649	0.844261545153654	1.49550743550572
-1.52683220879322	0.657889116686292	1.78007048387912
-1.18153578188528	0.574547607272578	1.54572638195468
-0.686144695381253	-2.21983877650893	1.61578965507733
-0.409448522531081	-2.10541877010872	2.45458104557478
-0.696501489355851	-1.61013623165052	1.45283706894372
-0.918531092528528	0.472458109949564	1.02667414117983
-0.744439858769746	-0.337395103529207	2.13337865110764
-1.65995901164811	0.0645406437550948	1.03207733235751
-1.22899373206815	1.26231179896459	1.52838702933369
-0.310807185617842	1.36228614517077	1.23599465442874
-0.914860087104453	1.55366338358113	1.56461724410209
-1.09060221397423	0.480868514169761	1.54018566835986
-1.57380291571749	0.631976923439559	0.539287770914834
-2.66443655136478	1.43394120848541	0.325055978444835
-1.77449213467345	0.253488344162885	0.167229525799398
-1.47839577039642	0.194155523765128	1.4851402123145
-2.44967916328702	-1.12376299343321	1.80639191106323
-1.08513116165486	1.20218343438151	2.37736530320833
-0.562433293329525	0.959326351122155	1.74130781069926
-0.560256697410822	0.877425423795274	1.4884421846678
-2.24756308443785	-0.032141220648962	0.908498211513013
-1.07057884150663	0.265863953785179	1.96785997562724
-1.81178716104878	0.372773887657164	1.56861265767694
-1.14087413387247	0.0950395622021241	1.84216604121708
-0.726883521893715	0.139452497690957	1.99421603694965
-1.26159137786993	-0.492465848375151	1.264806117968
-2.03130019581783	0.427412947573515	1.90364948385756
-2.39696081819577	0.497609736013212	2.39201504655795
-1.15273225384473	0.0632955736308257	1.20931548497528
-2.98129284260356	0.623748116421303	1.58345953426685
-1.38309619638983	1.47858419202467	2.23375151332752
-1.42509182972441	0.594394734182595	2.39561692051167
-1.58944171962022	-0.217747412441738	-0.103557806931378
-2.9637835840152	0.329519895065935	1.20098807761412
0.0931560973626977	1.14435319544792	2.02422401364475
-0.789812467157353	1.50814961476496	1.99214541466414
-2.35473797492901	0.853308224676779	2.21650781816395
-0.339972919167059	1.17109374688875	2.25787685769544
-1.14327039457068	0.710674771060627	1.10015577007316
-1.43149567561271	0.177064531632472	1.34332439620017
-1.3816943797013	0.479514427058855	1.51710558183315
-1.76572605922647	0.848712496197851	1.41295768624463
-1.98883729287531	1.4748497391892	1.16523802006646
-0.533645470013908	0.602461197280417	1.49996775608744
-1.03715875365404	0.627784409541681	1.35618719489695
0.0953211257408836	1.31448118172217	3.15753835283584
-0.408645559532728	1.75431657075335	2.68228097596906
-0.808670304197934	0.499539376250636	1.5302951267804
-1.86154017861374	-0.38722438618924	1.05393343067415
-0.514724260815269	0.765813985031575	1.80017013036667
-0.920136945840473	0.780184498287922	1.13080381874884
-0.920136945840473	0.780184498287922	1.13080381874884
-0.920136945840473	0.780184498287922	1.13080381874884
-0.799634892047416	1.27679540070489	2.19261814033055
-2.33985535711248	0.13803946211555	1.59547623057453
0.0210764126504952	1.24147682192889	2.41108149480379
-0.620840583319838	0.746302781909548	1.99341259512855
-0.620840583319838	0.746302781909548	1.99341259512855
-0.743744078884131	0.605254133899729	2.39361350148311
-0.521315792333897	0.114234020697504	1.33688981761831
-1.01724981886903	0.690570334583373	1.79692547208163
-1.21825409322532	0.355264248613786	1.89250199797598
-1.07814663740251	0.725956255867399	1.65149957337278
-1.43115737048596	1.44113501579656	2.41697367527023
-0.269669197951486	0.450655401081234	1.31852520124454
-1.03672383106845	1.68188191731291	1.58767146189943
-0.105504338998202	1.68097067755645	1.86315745984675
-0.107370848735203	0.673686928990225	2.12946567144408
-0.571304975724448	0.851585378498791	2.48209734757824
-0.273965129375248	0.874210175409185	2.33765132554802
0.0290597104474249	0.900644902773945	1.67784691318388
-2.5081849210858	0.754034133619893	1.58554549774516
-0.661344129576954	1.38469523085041	1.79891662888445
-0.586360222475696	1.61416572586325	1.25324537395639
-1.01668027816013	1.91673951900876	1.49908067065742
-1.54426616410776	1.4641780428176	2.45634742644626
-1.98268981358651	0.693049792762904	1.11517564739213
-0.280768859930647	-0.470876244890303	2.05811082995592
0.412770759363383	0.297323940024555	2.63198746206504
0.0308132303043508	1.61854017493243	1.8340096132695
-1.61247448671394	1.16230362029728	0.842909557396836
-3.19276597202286	1.63095302612101	2.19920286120394
-3.10423751031806	1.71832866374436	2.36800612950738
-2.23881007900023	1.78599906612275	2.44958416975702
0.774842944029606	0.507964714411943	2.30260978131975
-0.837640867735377	0.845153235750234	2.38523506425434
-1.46549722979666	0.786226884403355	1.8965700422631
-1.00569860559055	-1.86556074774315	2.24196232926636
-1.01755819273306	1.030165044746	1.48344958704987
-0.937959908393362	1.23916696437016	2.42621689551776
-0.695192953599211	-0.119250301599396	1.40475313671492
-0.647216728026031	-1.66380040110469	2.39940195147535
-0.210442300275583	-1.15299919160384	3.40064788658575
0.183980899407516	0.0521271407508185	2.24691465172014
-0.64189286147866	0.802315800443313	2.5000641839159
-2.46663456340335	0.734653119665805	0.659155368392293
-2.03149689885222	-1.89360605173281	0.00418022978069388
-0.827862380181021	-1.77483311378874	1.87211198286958
-1.46597587749512	0.314286519665459	1.66419208995324
-0.258697784618459	0.313402215166436	2.29163896464495
-0.960025232838633	-1.37976988034589	1.48808778444519
-0.64455009147639	-0.848207651053654	1.59334906735447
-2.01229101879592	-0.622441308288146	1.58673077064715
-2.06547883926656	0.602797222970241	0.46363881368805
-1.41845462544805	0.794179857317872	1.38857723045288
-0.757945782845485	0.437837603128401	1.9218704822127
-0.757945782845485	0.437837603128401	1.9218704822127
-1.47591295988916	0.269250511871782	1.39555950673151
-0.711963643575996	0.471807237748048	1.94324792383449
-1.49930246766364	0.347855324490988	2.60864978029012
-1.13415211254432	-0.514289507550937	2.54107270734988
-0.145246378289834	-0.270207069046099	1.84903429544468
-1.96633205750853	-0.995051194473512	1.78227335092541
-1.42962056043586	-1.25952471182786	2.41926027362908
-0.712827212545364	0.630404901518672	2.10152362674919
-3.59969536477866	-1.55122766958325	-0.969188038991012
-2.67346509423551	-2.19022309946287	2.02540401358877
-0.947686613446821	-0.542999719241015	0.931490562874552
0.468656218355326	1.10213494304358	3.51856150833978
-0.488793120431725	-1.16246193472517	1.04503069794247
-0.727955672042289	-0.351829512957403	0.729286228670175
-0.326697188682664	1.22312945272978	2.13083726306901
-1.04828245875339	-0.0117402167628503	1.31168060061637
-0.259562346847401	-1.72406781416055	2.92845586748469
-0.643603879000279	-2.61768708445513	2.36048088050422
-1.56892102310154	-2.62086750695796	0.816951116413953
-1.18850302393907	-1.93145695492202	2.30383691290307
0.299129498969838	-0.57125591030977	2.66787049314655
-1.57808594956211	-0.830537691840281	1.64267568153062
-0.590121684033696	-0.0443642291079474	2.93763232907181
0.0982046758524233	1.06234931628595	2.24517107921615
-0.954315879596244	-0.23440265121253	2.15553734370452
-0.917749937670964	-0.190630159261862	1.97974130419281
-2.00356713150822	-0.367772849429604	-0.0101561965697895
-1.44620286024719	0.171133991748805	1.23932414730649
-0.565322781921553	0.75309059350161	1.09673982250797
-1.05908718030009	0.960500020286675	1.85078115646057
-1.25160909690862	-0.473230074026619	1.07357916614985
-1.03647593620649	0.192354583380125	2.20782871760153
-1.05912990779935	1.04368544072388	2.25496254471377
-1.07697936669519	1.6287038565639	1.34660286294941
-2.71339614573191	1.27348512223367	2.01092723046735
0.185826330699795	0.0751971113880907	1.5846813521603
-0.673398826878651	-0.12538220845239	1.03749010614076
-1.25392256984243	-0.0516452109896035	0.751614698398744
-2.0692930557691	1.23352958436433	1.04619662249322
-1.8675191108825	1.48041896222262	2.14112989745594
-1.37422034490606	0.828200446620295	1.41816364170812
-0.526612134124914	-1.27413582290243	0.819887920063965
-1.15050082235585	-0.865757478584305	0.670225201840553
-0.852422433180402	1.41141509168924	2.48374256848195
-1.77509073112246	1.36053719654975	1.68551171029098
-1.20425958403	0.968165818816086	2.21072657890173
-1.69408702599838	0.0120819255400415	1.52259937645593
-1.0900279705379	0.795703920951242	1.08349570744505
-0.722801898038681	0.689594979438243	2.07965432695404
-2.06276302805192	-1.00367949706524	1.81156154311401
1.00298496022198	0.0188853741717925	2.19704092603058
0.0824079975907035	0.389604963019514	1.51519940367827
0.22345476694545	-0.0286845337772048	1.54010796666395
-0.691712358486561	-0.431483473226511	1.92064836207266
-0.949731620784983	0.428688208431631	0.430729352153701
-1.15150264161584	0.808677892105605	0.867943967463272
-2.1146288549503	0.970256506835268	0.591154141743892
-1.4749342343476	1.57108113680496	0.825604823603458
-3.18231183537461	1.71964671068214	0.559707781188656
-2.18351992793125	1.92119017091525	1.59116828716721
-3.34353017174496	0.317686096641585	1.32992481161122
-0.953880613019481	0.5569756663936	1.93934163148274
-0.584110759323635	-0.248563913915567	1.3096956466235
-0.899733306954418	0.39901358156825	1.77385907713221
-0.899733306954418	0.39901358156825	1.77385907713221
-0.624658315829291	-0.363546089618441	1.3559505624472
-0.971964474310627	0.212477046670536	1.70030394294443
0.702490247499738	0.0402371153263345	1.77077549004581
1.11376925549361	1.19698508011472	1.60930367414899
-2.20786009493129	1.41331527255661	1.54458439756299
-1.24807863644796	0.116855442094927	1.35234835504047
-0.534541084742079	0.762138961778089	1.84365571013531
-0.534541084742079	0.762138961778089	1.84365571013531
-0.450332497484604	0.207958245461836	1.67493713088945
-0.263246039423538	-0.564436052460327	2.70476225787586
-1.49149215217829	0.647163776548845	1.37426749047024
-1.06008565997565	2.09216560570402	2.14157577515245
-1.78432397590998	0.414063739801156	0.914580807298091
0.0207440735421414	1.99140473657237	2.6937257048111
-2.09936015290136	0.702084475157004	1.38226346369228
-0.453969461327318	0.534942274898086	1.57533382483783
-0.689186317282676	0.609133287020946	1.92618105797897
-0.510740903235003	0.564166189137505	1.20969786190718
-2.55201814496891	-0.0154345742058702	0.529120107116309
-1.84315955235488	0.425396568290379	0.868926179845735
-1.26298266056847	-0.651729989087086	0.395041161230599
-0.2279487345086	0.891166200965101	0.286738441852678
-0.919860154760077	-0.450640701644179	1.06618084642329
-0.341145966469952	0.690384632559995	1.68519861387527
-0.435816517272945	1.69252307721603	2.77270171775356
-2.33482767089659	1.5981873154335	1.44811645092252
-2.42391426706635	1.82358841649144	1.34460198579261
-2.40983257931678	0.907703859344774	0.986179006597492
-0.917004122349062	2.96650035296584	2.13327723824337
-1.27874618526227	1.87772310875693	1.35631616410195
-1.52155651329553	0.160562317015754	1.00005719143128
-1.38557455198208	0.90282123264144	0.554565117827387
-0.718078468366073	1.0412408853117	1.20129342787663
-1.66716971263899	1.31244407526531	0.97360725506433
0.0879714938825461	1.77079730397759	1.14763271325669
-1.07904891230564	0.251506204936971	0.721042675451906
-1.07904891230564	0.251506204936971	0.721042675451906
-0.873558407169862	1.04284682088323	1.44611755518371
-1.27569462721319	1.2538714773852	1.16648754100412
-1.40063676213551	0.934934044901892	1.05608443599933
-0.556138160135618	1.70247785401548	1.82294173341707
-0.638847284908818	0.271194571416159	1.88206965043163
-0.433034679365507	0.561421817506987	2.17790837382779
-0.472745771702145	0.246672782500034	2.12050877206046
0.12340977546704	0.322066507786279	1.05203949433774
-0.346860473157203	-0.448624848101919	1.90236300256923
-1.5658867978789	0.628450349513812	2.31523380439685
-2.60571900308916	1.12484562499252	0.72908113541868
-2.11440565335285	1.72925079213118	0.89591803870033
-1.54081592457479	0.504241112815392	0.999712011409699
-1.47692991812584	0.30575739367956	1.52085643385435
-1.60382185722496	0.694350740719846	1.04240451115321
-1.66970100028685	1.12139989566791	0.866362166354384
-0.865598478025323	0.675035118601537	1.46843629719068
-3.24106810029835	0.747508628942598	0.725630890605435
-1.21576461485794	1.04954520786112	1.12505833278457
-1.30470162910954	1.44579499604656	1.60270014047862
-0.898684864090368	1.07180342216241	1.39996279649933
-1.07544958497801	0.425492373735139	1.27230710145239
-1.23875268105823	0.879186382911703	0.68386735617679
-1.26224320202838	0.0188560792033653	1.17205537295751
-1.26224320202838	0.0188560792033653	1.17205537295751
-0.695788905702389	0.968922248383736	1.37955979032323
-2.08462823701298	0.43940460827124	1.08375098175998
-1.49143912621044	1.48915952261337	1.96454050407672
-0.931006679490009	2.18803067068118	1.57269687135111
-0.842882390305484	1.39371040788618	0.49907565946417
0.843786744865118	1.53602894224601	2.22118546296854
-1.51075200294951	1.20982143237301	1.28165192046082
-1.3665760628215	0.738518400245448	0.625782725965353
0.0952180171157345	1.91218300944844	1.71450508780211
-0.34804426332937	0.743339303152838	1.5313167813824
-0.404041857496777	1.08167235406948	1.87007896756442
-0.570279230360745	-0.703392532507968	1.67070646101464
-1.36609016336623	-0.327970999482634	1.39321317302037
-1.72172806742012	0.546539008929522	2.56145389964452
-1.19304451266282	0.0765408573945186	1.55555193487861
0.197974491429452	1.24333260040538	2.64651832018647
-2.1222870868726	-0.0676120002163234	0.933735396532252
-1.62185940534065	-0.771521070123308	0.593066846899606
-1.03878630575146	-0.0972702442451173	1.56899218750827
-0.799962723720368	0.392369475692888	1.4609793507425
-1.22612852999808	-0.493914436429445	1.18169119214262
-1.31575175175725	0.164493193772786	1.21163858812055
-1.85981093928933	1.12137174815375	2.21374732612324
-0.0795290661612364	1.33765743683153	2.77046239722433
0.406898262171146	0.405997715631217	1.51932909985092
-0.892527631758198	0.604568957095566	2.28655635973154
-0.0953411724453101	-0.626235434409277	1.38695157795279
-0.106540759572945	0.713261919825851	2.25324394008165
-1.21980185436738	0.129791936763294	1.06163542888599
-0.806511540039003	0.38059345950825	1.81775183500863
-1.44804065308106	-0.833789292300167	1.59041791657115
-1.77593720478956	-1.87832792654391	0.576460768994334
-0.759381811602613	-1.88215944967595	2.18751900494442
0.112383497713493	-0.22450509886519	3.98012258332931
-0.335076342242428	0.558104745850098	2.7193600597654
-0.530733026870129	0.217337811070371	2.17564799557829
-1.57173254674141	-0.365467069340085	1.72773816127669
-1.70875369052067	-0.343207757674863	3.03158358720987
-3.12461627796903	-0.33433272197096	1.46701668570083
-1.24361216005916	-0.343681278919957	0.916858375860169
-1.37847948426296	-0.074343747837451	0.973460360777364
-0.44385036914387	-0.123129446164669	0.728140166245273
-0.769881883321632	0.161408499000046	0.298313633714299
-1.37998751330921	1.40502428327685	1.5625504027231
-0.561441555784846	1.50866974970714	0.381967663213315
-2.05031582521308	2.35213938551263	1.97993041214301
-1.52519711001174	1.76256869798348	1.10918895208381
-1.42271720480962	1.81223289043446	0.872654487150185
-0.891092949905867	1.10106838409374	1.34119391096912
-0.891063637044838	0.672218025288915	1.454850680166
-1.55674430175004	0.887864408441295	1.01985762467002
-1.63037422856144	0.935670698002593	0.575701965825111
-1.76486671000865	1.58884706893158	1.35260560340569
-1.02087868412136	-0.078625432677165	1.97631047142436
-1.95864036481341	-0.227988942311418	1.71321169499378
-0.475215950453381	-1.12548905441108	1.53033590748357
-1.50498384683235	-0.221149877389689	-0.155108333118089
-1.15397747572245	0.896857135109807	0.0832392345610922
-1.77930203111659	0.948918332708807	1.73717022454767
-0.916935118175489	0.16094899864128	2.25044947683884
-0.224632569967383	0.435335394845185	2.95206900953542
-0.235771853274683	0.23583024893578	1.68685137702224
-0.418131354260952	-0.287100602855008	1.97364600255338
-0.327111621491767	0.546535691518972	2.3403352045407
-1.62646201477627	0.340954404163092	1.50500707685171
-2.11108161815196	1.20955114180215	1.02125921681079
-2.30019978508193	0.955735250028867	0.965561565569699
-1.11287409391177	0.544507028382955	1.59144614819863
-1.54048887079337	0.760501431752992	3.2148636519933
-0.566219829891787	0.634334591838109	3.20670636567673
-0.631986906921501	-0.596319841696054	2.17107536222436
-1.07294379004289	-0.361723754913291	2.01988759624855
0.0709440321253598	-0.269703624776082	1.86676584551693
-1.27296038806049	-0.102444538973602	0.784647580084707
-0.254483440810813	0.0496194436854	1.44061919840391
-1.09426727359135	-1.19297889762877	0.18037058776272
-1.98747278250573	-0.102687157780833	0.0232702473893759
-1.13825145962971	1.48977868627842	1.64319419208507
-1.09024044808097	0.494771808487494	0.992113720595062
-0.618352559506024	-0.639882450440434	0.52809573828789
-2.07924702401453	0.0357537439122241	0.686140256881931
-0.452275816097451	-0.212527716651633	2.1626665353191
-0.512134368795688	0.651318119379189	4.56268368348313
-1.21354418178913	0.297770408573489	3.58491058959415
0.41971032700489	-0.299502296287809	3.20105556386663
-1.11183282587853	0.0250019215025346	1.96324144945074
-0.46743935342626	-0.346611392188215	2.54311171200852
-0.714609033113409	-0.413265963884666	1.20031987619311
-2.70696707904417	1.35232603552988	1.80465835674243
-3.18412263057891	0.746136317418422	1.47886813689403
-1.50622630154586	0.57940389565451	1.44096279815758
-2.33888886658144	1.01804219298093	1.95025684642724
-0.674287720857784	1.90836997250491	1.9185792191709
-0.799195168260994	-0.0455164302860638	2.29189343122333
0.0443493263125896	0.626763933181849	2.41104531381161
-0.824619802510214	0.899641150839757	2.11728150146559
-1.63280669240031	-0.0299041821815742	1.92529852469829
0.127560772347067	-0.110582686610563	2.68794239890143
-1.04379219262068	-0.662251341201597	2.05283119096872
-1.14170158636447	-0.388918563254905	0.555369163946643
0.790548098769254	0.822923322665668	2.91143483148182
0.0507080497925043	0.647868961529464	2.06200569121319
0.0507080497925043	0.647868961529464	2.06200569121319
-0.702299063838968	1.2727002998989	2.35068302073942
-0.61642725120516	1.39813244766759	1.98163667680221
-0.872043663028105	0.547170149590076	1.38142709050998
-0.750875242644822	0.681477934448087	0.427031885669836
-0.581356812193224	0.346140063818891	1.92451036740887
-0.91265705720847	0.0798214311574936	1.01018273455014
1.16233430318997	-0.215644536714346	2.51898584847623
-0.381079791893617	-0.319964959189763	2.15494219404722
-0.227504806434285	-0.031647766747765	2.45331772045062
-0.717529698574655	0.0508994537020434	0.31865651406046
-0.547801619985191	1.02384561983702	1.7785326589058
-0.142186410660339	1.24228951113379	1.86833228651754
-0.276244761277152	0.109951445894087	2.48428897887185
-0.712375410911546	0.0508340750186189	2.38445918839239
0.0122283847884221	0.965319784789391	3.14343679513359
-0.337326954206718	1.20237276269723	2.36053532605052
-1.06967583619797	1.22696408399086	1.69408683676998
-0.344744750362063	1.7717482029584	2.43502757034567
-0.344744750362063	1.7717482029584	2.43502757034567
-0.339019948060622	0.659453741728357	2.81512294567036
-0.924450042295874	1.15823919470085	1.65887738336817
0.380656893820453	0.530761849234331	2.04268244903619
0.0205008437162734	0.778578779418924	1.90506480699711
-1.33710866651031	-0.0115943067054556	0.605960491229308
-0.791306132176515	1.42777109643675	2.07865861469336
-1.34237628150313	1.03277276843008	1.81381964709135
-1.04765997594356	1.02181656292074	2.4224904477485
-0.626001322374418	1.68323479046574	2.89234231607865
-0.711638712162935	1.70240944304137	1.98001609395906
-1.76939702881111	0.922521314101549	2.35649960529077
-0.502419773723368	1.07017497707996	2.23256205421133
-0.697891607806887	1.28960131374302	1.54781007062132
-0.40985439153964	0.464501114477659	1.8627419266655
-0.363057098713209	0.179362522419892	2.54955835538305
-0.635300141029785	0.752621878324866	1.67787824835998
0.174305332791806	0.279943478236248	2.74565796917873
-0.949220787552667	0.904729789694106	1.75621480160562
-0.949220787552667	0.904729789694106	1.75621480160562
-1.63250644695222	1.09958175445804	0.240846697329485
-1.42335564319643	1.94974520757665	1.30619416419871
-0.391018631861006	1.09659515166085	1.84090143633556
-0.327779449452055	1.44126330431583	1.5992726842498
-0.550200242652716	-0.538622374526533	1.96639222134519
-0.621597095135356	1.14276605959627	1.7369523817827
-0.98403388071798	0.790837876011162	1.94168979762302
-0.995649114256289	0.321579020160836	1.24461874930259
-1.27739573678616	0.887706421332887	1.12149954561243
-0.568775961192567	0.988881808275401	1.21046087464847
-0.770960947210449	0.972873353809601	1.31522771408059
-0.22610072176664	0.900781541579623	2.31319280984912
0.358570021413735	1.42152139186252	2.10656730537531
-0.698822594047574	2.55324507442437	1.92941138004803
-0.555454114132158	1.32533304800186	1.52876062015986
-1.4965619201422	1.22926848677793	0.568182767704868
-1.58205646565877	0.138669650348349	1.48688585184364
-0.547590282435819	0.695765649329125	2.37633799163098
-0.675674975259479	1.74085838793181	1.30969496487126
-1.22199280714313	1.65337631836805	0.957453160462227
-0.49040282550353	0.324390948716211	1.56415935653896
0.0761958380051927	0.941695288401331	3.42810808259242
0.28942532139288	0.913722473559276	3.29755379484218
-0.0744242276938675	2.02285896780006	2.63918029010865
0.315626376439589	1.92828172955954	2.72683039827379
-0.157945789787923	0.108411749805907	2.4102059491045
-0.238483729557343	1.67714630040537	3.10994926659542
-1.99271935337339	2.12253601765087	2.44396127690544
-0.511124748449312	1.98851369723702	2.14857909637554
-0.581271320102269	1.20411063848766	1.7550517997895
-0.463731097871555	2.02674887742958	2.28094503323816
-1.82058991505756	1.73544783039487	1.88891140369021
-1.9607627892066	1.9505473753544	1.49712516326691
-0.415897604539106	1.94539938800869	2.14387993293773
0.114055008098287	2.17093323490945	2.39417855473453
-1.20002395050384	2.16468295027908	2.75404481198516
0.185068304553206	2.48085197026466	2.08861296870563
-0.630033032291229	1.63816131472785	2.10732772343092
-0.734060902111948	1.66118383120002	1.86501409818315
0.125224159544298	1.6868577339211	1.48593836092454
-1.25660120739628	1.36569235101839	0.845191330061821
-1.85436850897524	1.71264883266187	2.6647358792474
-2.06659424201974	2.04185344899438	1.87717565353491
-2.14602163318044	2.16181620852135	2.34085356161889
-0.275698529264652	1.45061622233239	1.8243911399031
-0.334792826057942	1.44546537167574	2.28056837781315
0.595626161851136	1.25992562020089	1.61413455606922
-0.468335007133315	0.487849746298905	1.99704263174639
-0.758461344659995	1.16306861295923	1.81178106871102
-0.805019705049559	1.37473354932993	1.50712503739313
-1.62007543879985	0.877660293333356	1.39448206563283
-1.44352322309547	0.803893728696637	1.81762194684751
-1.73300305261765	1.15328760620133	1.82306073332732
-1.691661212876	0.38453134506743	1.97052990811416
0.388371914383863	0.570711246877355	1.52711804061139
-2.82947022372668	1.3968918764768	1.38786619113126
-1.08722270682296	0.793348177112887	1.72687585774349
-0.380185927911816	1.10680202374838	1.45617786643745
0.0628418679536628	0.216094787789057	2.29931340085095
1.28074353370753	1.97928987348651	3.46697157836002
-0.631925973874595	1.20025748904293	4.5413197624994
-0.0433781136708643	-0.472340701473889	3.78678832470773
0.41754528571678	0.447258372436945	3.64447736871973
-0.723718444436696	0.129584226833529	4.22311136360911
-0.958424814499961	0.739375634763689	1.47920204240328
-0.242447709387375	-0.638527684342963	1.33675035877999
-0.812242491700693	0.134466403526387	1.17957267315645
0.558533341704906	0.813233832229298	1.85252678965637
-0.506921194162689	1.79002416990845	1.50432364602487
-0.135775404356945	1.22510810620714	1.84540644668872
0.682888386388135	0.74542088860333	2.19076531984009
-1.54684843720746	0.599443209077184	1.32514239077836
-0.916715937700977	0.748868960367221	1.13087067245351
-0.459036489332214	1.08373226497554	3.01173774569988
-1.0034418902223	1.2558278756392	3.82212197513479
-1.385866010051	0.732248631302606	3.15499339397886
-0.455887588288335	0.803443149515326	2.05335720833143
-1.39981997391968	1.34680984982279	1.25577658432373
-1.2578277587871	1.08465877547564	1.47803362697051
-1.2578277587871	1.08465877547564	1.47803362697051
-0.494699391766186	1.20122647211632	2.64035795267298
-0.718225168502969	1.46190594855121	2.2559650272208
-1.42741172542843	1.27421980748718	1.87345123916503
-0.388081171884873	0.979455423651436	2.79522242965499
0.0277836919068553	0.723063586018422	2.26252919662264
-0.255758360697378	0.847214149854632	2.1409070992603
-0.338000938657352	0.690870905906559	3.58520520348357
-0.0533248755669818	1.01229503736602	2.65369545153366
-0.0834045820011072	0.769803792618289	2.6106067548169
-2.06139715336954	0.482651942285954	0.974985446820474
-1.2928803449431	0.916924408599781	2.09194906325942
-0.447973427950144	0.653214175253881	2.09883583095032
-0.528326766238424	0.768114807045906	1.64028601088989
-0.619475885970924	0.262927509461724	2.19718351374501
-1.03466050299602	0.575655597541823	1.358998428134
-0.0283258568179278	0.2514186331673	3.0883684918137
-0.951217225652667	0.309008111064967	2.25794726299783
-0.151987189780558	0.809070515231592	2.6304824222778
0.379186732455924	0.377611203258626	3.10409417783666
-1.06732575303665	1.26675988915601	1.88502594166718
-0.647425108626061	0.58597353401019	0.836398839895853
0.227075387888895	1.59614490835872	2.05000466399659
-0.775201973401466	0.832581895613291	1.69802652645273
0.363784104285717	0.422299477416629	2.47878412876284
-0.868455381406454	0.453205331453113	2.56126110003231
-0.820634649235626	1.0440095528671	2.38093285126195
-0.488161622795313	0.420548982939077	1.26091551488446
-1.16384150727582	-0.0688994320938904	2.09087737742561
0.329311757871248	1.62067379085128	1.60757064175066
-1.75678404739068	0.87778640599575	-0.310941895042399
-0.810217576588736	0.413530529253768	-0.0311470085838687
-1.07598184949422	-0.209699451208842	0.677636315349358
-0.911173461697255	0.559682585452841	2.07355035029953
-1.25962071254645	0.471933094255241	1.89089275989005
-1.06123323239102	-0.115612760565562	2.15458927713266
-1.84449862582798	0.0809987231002151	1.8142269257206
-1.29381951911554	1.48052587360714	2.47185366328707
-0.567155573593071	-1.09024627351669	1.77558080604869
-0.31810780422557	1.48512721077284	1.43548667079206
-0.252032855602921	0.515440139670425	2.24907973259104
-0.795951568151644	0.585878328687664	2.19470603952947
-0.370875911552437	0.190282094346062	2.38627388626721
-0.206015625650834	0.683519981459286	1.76905483871079
-0.755404174601323	1.11922909327637	2.15025526462481
-1.20805598567856	0.839650695490191	2.25519145112695
-0.0984325029125073	0.384185384004648	3.38460150384811
-0.0169366708467123	1.1073100628191	3.08844212219454
-0.150100804523645	1.47307455932607	1.47360370591935
-1.03522524425166	0.159633059361366	1.773037148919
-1.25335245494001	0.701918278214192	1.01095983793047
0.0635599348500603	1.49548003037072	2.28573135047578
-0.203301182152616	1.01650189206436	1.4060188003661
-0.468034948438531	1.40999678184486	1.65510229002065
-1.46840079044428	1.12153448386985	1.76460709652583
0.35012331333084	0.526179105741203	2.01456614285982
0.633403082564843	1.55608639596124	1.98781569281003
-0.490833898992488	1.6121041731443	2.66489322572341
-0.412129953197679	1.75783212594776	2.71919207636305
-1.32278952794093	1.43178613589163	2.30216562822379
0.0682799262109882	0.0332607243033709	2.6722133162212
0.155808178741567	-0.16698792406738	2.59653769361177
-0.209736326873158	1.08304717999965	1.82117967565025
-0.0338030875751664	0.888699113600835	1.45254421340473
-3.39531967275304	0.744839256376981	2.16406014425685
-2.52874763946917	0.360267819577054	2.11815829863675
-1.37475960328648	0.358586991934361	2.24763836117031
-1.15201511054564	0.375543974836884	1.16709409761541
-0.683536336712569	-0.0513360149642193	0.994693243000814
-1.33197014279708	0.55462372506834	1.43357316195265
-0.605584755799043	0.681124292500846	2.11166126711018
-0.109146316483674	1.26580627549815	1.99894475403326
-0.0166690283650811	1.25657902099699	1.60838919655252
0.580401997384573	0.819234765668859	2.4482674326457
-0.016759681858085	1.24991650955147	1.68451962483364
-2.47226127529929	0.512892577644009	0.947421597971105
-1.4915242248084	-1.1356951865553	1.66395703673731
-0.278026304330108	1.25698171019823	2.41521982015289
0.817601091772216	1.12678208075483	3.06164091491318
-0.49450261640474	0.873141771713231	1.19061575966257
-0.199673159565948	0.903169078298811	2.43477354601402
-2.25623012493662	0.843317454900069	1.62406922187414
-2.25623012493662	0.843317454900069	1.62406922187414
-0.823508105907284	1.09161142276639	1.60964206755697
-0.491780810725789	0.805067764011574	1.66620980934832
-0.633264544012017	1.24115187942704	1.93052754156972
-0.570704052260151	0.358573304239426	1.94939020585397
-0.570704052260151	0.358573304239426	1.94939020585397
0.246936178624782	-0.322773661442265	1.63491200805209
-1.07231118808161	-0.296400850603634	1.20121553591343
0.199256686495522	0.420256013107861	2.00214048741381
-0.602177963676958	1.03696030410254	1.94741306244596
-1.44404709041315	0.0158772806956665	1.30125057771311
-1.88125286341637	1.15785953933351	1.40994628773119
0.255655563440165	0.846197973917991	2.78006436988792
0.0577907754719406	0.754252114262738	2.31482162644735
-2.57126513822124	-0.52072977542668	1.11019383305672
-1.0421865211991	0.571952380624599	0.97296545755876
-1.14254945912814	0.405777055673048	0.39241843434903
0.981403028442899	0.97392801183348	2.24990178763612
0.171525268576387	0.983452715059836	3.37908471148339
-0.285913554739125	-0.0925398996906384	2.01657341222889
0.546721072515447	1.04062935617967	2.35141918834874
-0.182551008448945	0.133942122530413	1.92975293301144
0.0143576548286233	0.454919000387505	1.79591610230045
-1.01901948915168	-0.23194421884029	1.54652282020876
-1.90926109906242	0.249076976748279	1.93104053718751
-2.78577182055194	0.784691722458869	2.62760277329658
-1.66601472909645	0.142442148164569	1.44520679910233
-0.944315214733623	0.399440591606717	1.28064068788582
-3.06602586362065	1.13671183383545	2.18620248118611
-3.80922601184252	1.87329634297293	1.74207729962164
-2.70176280523381	0.893851123966139	3.10428378271239
-0.892553744054469	1.73934980789895	1.56860831668294
-0.870934639041464	1.41698779525859	1.22419751249307
-2.11740000861315	1.95559173347324	1.62262985436913
-0.222126356284107	2.22912245820984	0.735535924830499
-0.657779596546291	1.08484548617857	1.13664146540515
-0.240787046540971	0.531587669768877	1.53893126529634
-0.731242440142801	0.934031570596201	1.36142449181393
-0.64067673922484	1.29260442461499	2.29047007684959
-0.573527436893403	0.358243661082666	2.81549646072638
-1.38487713210939	-0.204142501127551	3.28294708239756
-1.38746766526052	-0.175772260071458	1.52939411088328
-0.773926224518612	0.219683652854821	1.89460511036358
-1.7176086732561	0.223431765594512	2.1639231721514
-1.67485458560651	-0.710115918442881	1.35329988814341
-0.437963018997356	-0.360779271858647	3.30858553846175
-0.193745172059401	-0.443429851184213	3.22851771011053
-0.986015815468154	1.20054742416724	2.10034826295356
-1.26233327406567	0.140298919793394	1.09703142409676
-2.00554096149736	1.10273949818264	1.57391672004881
-2.2536107577847	1.25705352254878	0.514957557895963
-1.62200591556895	0.956737045212151	1.06144114516247
-1.02105736304731	-0.817857239489363	1.35718394588377
-0.791957329511435	0.516918541506716	1.49280023843538
-0.791957329511435	0.516918541506716	1.49280023843538
-1.14542951876457	0.138846064840217	1.07489056810862
-1.29909725109986	-0.330400088732131	2.22590116836058
-1.07146173129773	-0.796906194170975	2.17299191240063
-1.54931243461506	-1.33395659759129	1.22280972228424
-0.440790127133557	0.806893467816449	1.95655902643555
-1.35505504051932	1.22489069209936	0.734250557800273
-1.32542793632304	0.603142061697105	0.664823002488256
-1.13180400158313	-0.133908467889293	0.524589102230927
-1.12180475865819	-0.411515667944121	1.83722819752531
-0.567020164539802	1.25091079579244	1.3734328955441
-1.8607200052969	0.324636261261894	1.13661396889632
-1.09082869878673	-0.925460143084298	1.93676290667409
-0.742379021186856	-1.13820287555617	1.44987044200916
-0.146783559565679	-0.554137142376976	0.81360387491841
-0.4356685019645	0.08961543270986	1.70507973405455
-0.853479235318002	0.794337668909181	1.74362535976945
0.656222960755149	0.693088331136064	3.15288276610713
0.215434455444392	2.11895759191197	1.88057675548811
-0.411513508546631	0.642591437318143	3.0449255305578
-0.801570382564911	-1.00435938912363	1.22919954771263
-0.695991190937766	-0.263579219581073	2.02225089518929
-0.125751842988288	-0.334350630612086	1.42551945973018
-1.31998799444335	2.80484121921095	4.39165020062461
-1.38327161735905	2.24427884588562	2.59276292144244
-0.237722001179274	1.76762453533428	2.34520706066669
0.406613203345438	-0.419172096391113	1.9399425392242
-0.947151750858817	0.422913297993643	1.84895888183921
-1.76121419816527	-0.0249722281549031	1.38217909349408
-0.603566138383985	0.271550465177789	2.09549427736237
-0.0618545740546898	1.88560391652527	2.19160736922613
-0.460204653648709	0.785892530849133	2.21477186835212
-0.703200170207781	-0.366284385492939	1.31195895817435
-0.54555940459282	-0.217208870971523	1.58035056912231
-0.620020755200955	1.87590442368763	2.80185253152306
-0.280192320794929	2.66037455106884	3.00842103422928
-0.596363327412392	1.29872119830234	2.5040372946561
-1.15025181442172	0.793008324163995	1.85476719130532
-0.171468217618731	1.75522121420542	2.18198930415493
0.15464693574852	1.59680598985774	2.17879481180416
-0.919382498764059	1.57886884774592	1.8945864093236
0.0829255677801909	0.4653739501851	0.816991584698329
-0.764525825565706	-0.190304675889767	1.69398069588498
-0.997609253225289	0.842615917915629	1.76029138954505
-2.15174783765368	-0.0735138333053751	2.12929858642911
-0.502119534389323	1.83164379886342	1.18572208411612
-1.89873831879821	1.06024003307733	1.92790681277393
-0.0449310897978053	1.67538670960519	2.45611741319239
1.28963806884025	1.57184353199522	3.05448456497808
-0.552094173551788	1.22477792686399	1.02306715141782
-1.16689256755376	0.354594466731722	2.29839270661709
-0.565982945218288	-1.03064842456663	2.15206745062553
0.760023949568916	-1.02392930478878	3.06005722074568
-0.0675864582888074	-0.0678101575078224	3.45215591423885
1.4290896924045	-0.273742284067541	3.64563357915311
-1.02418842448888	-0.172017949759869	0.545727889138534
0.00409003562320698	-1.1031084112632	2.15472460044528
0.239021736574764	-0.320452952136735	1.43425198165638
-1.14816533438931	0.659510367623049	1.79475569945411
0.603052730684796	-0.753152694689966	2.51170891131303
0.259341381272377	0.68578317910118	3.55114449978865
0.15417519532301	1.29952396703285	2.44201840374833
-0.409205798363953	0.155733225021893	1.23391158236787
0.532736555163564	-1.89254706413881	3.2038948342106
-1.25179918849433	-2.78209969768365	2.83637771286588
0.21919568398344	-1.44803077026427	2.08764868795145
-1.02765520620909	-1.92468976000116	2.22174444490628
-1.10604503675245	-0.920661143838572	1.22399361166284
-0.478575221902859	0.0239792878699103	2.71257461961266
0.888713720588888	0.560859904244666	1.72496914313961
-0.567233790475773	1.95939321534816	2.54188103322466
0.891623829710153	3.18729204968925	2.15358014568316
-2.30443821403629	1.44676808554275	1.45835549872241
-0.37531366523726	1.50224709451147	1.73859541414573
0.550480183986973	0.499621963009035	1.91690694565465
0.949745413967619	1.38890494824766	2.75838304421251
0.3588933811243	2.56359647497493	2.24998150518655
-0.847456027283804	1.8958687488597	2.85972954182198
-2.32113981996649	2.67293581890713	3.5586294687404
-1.01477790447151	3.23791835634272	4.23318265487832
-0.396375235331157	0.836500797781008	2.66029705007739
-0.248121486619942	2.06215768031762	2.66680538309218
-0.229081771439443	1.46347487142719	2.91906463062409
0.032791712518377	-0.134708056098382	3.80871565974139
-0.379985054003867	0.5788088882363	3.50116223492012
0.0604868369831524	1.28059278755092	1.655253317014
0.707189479633221	0.413327795411386	3.41133687173735
-0.256826131094391	1.23879294440097	2.03898334762375
-0.63762784627772	0.796946069609492	3.17709730495865
-0.719783826550278	0.749962211539927	3.94266159508227
-0.479348743465377	1.09981564139161	2.29261543250385
-0.243168040009564	2.04188857553395	2.78419817365542
-0.27083603338857	1.82137754310799	3.20656645671031
-1.23948975502509	1.36727170779402	2.66780275553445
-1.82462363569535	0.892232296788868	1.99915156143217
-0.425026685361351	0.669593259287807	2.19751747565507
0.861178586443154	1.02168635879415	1.23945074944114
-0.320598059208531	1.7680133716731	2.87407040947601
-0.856092303815984	0.254995941739789	1.37833083313673
-1.35127651299409	1.1430595784149	2.81553109510473
0.887485900056241	0.987683640805717	3.08623787152704
0.399608241429924	0.971938469708325	3.28367561443452
-0.738936902660738	0.49514061383827	2.20732994493174
-0.860279938868928	1.29909016086915	2.06444315594938
0.233972486805524	1.04824088799017	2.77470449796084
-1.04898590943813	1.69463174157617	2.28600818964687
-1.08438129742544	0.44756263743822	1.51044109511132
-2.12837737862307	2.29386415830984	3.29565274387982
-0.854815816973953	1.9087204377696	2.89659398583326
1.2171644897774	1.48216634634842	3.97558743185802
0.701763635235674	1.81977837996831	3.13286880493503
-1.4796061549525	2.94849875500465	1.30739460196026
-0.0556770587339302	1.04232592749156	1.99172062560974
-0.235325614022574	0.786244163028357	2.58517401377752
-0.494885871563853	1.52816535490359	3.17704406678069
-0.494474331047057	1.49073911113069	1.76070330237963
-0.293367315727148	0.756467143710154	1.45005044829512
0.198112397096036	1.93373471494226	1.99603119636038
0.172563496316176	1.90215414454288	2.3550506871128
0.0565783386400352	1.42024766732548	2.14649339110073
1.4433055880024	0.571989228840397	3.85035227473567
1.28907039340358	0.69038503015284	3.05648618587713
0.583294568453786	2.08935280236097	1.54414135161395
-1.10161123917865	1.6574802318958	2.16899999930256
-1.37554658701901	1.26575762339214	1.22317963935911
-0.649422522634727	1.51394152112296	1.36912871384506
-0.162170275943671	1.95823716954685	2.30001817117648
0.745086686444498	1.34565365543316	2.87959986816037
-0.275395816055684	0.721145424042595	2.31679529934737
0.117201225281331	0.1099096467891	3.18258574123368
-0.0854019661478447	0.467312300154246	2.79803728220227
-0.740379910777296	0.23955828978293	2.28247816927297
-0.608719134774029	1.59135471362612	2.41122099776505
-0.636559892447059	2.62239684664848	2.26109243772118
0.154132842541595	0.0340902249525057	1.8980410631572
-1.41973112812379	1.41669806256315	2.93434114652109
-0.0682600997320816	-0.111980738877352	2.15936521032451
-1.98276765140898	-0.0375843758011952	0.769367192937593
-0.0932993305131661	0.87718453419427	2.0531352341517
-0.122189729422155	2.05247323853001	2.9913437835014
0.111823169247367	1.46811529255778	2.24558940519632
-0.071426217643302	1.77963454341505	2.05782350056145
-1.24575515075139	1.36658912156091	2.02058047853843
-0.37084922371403	0.889649056006752	2.11115799832459
-1.99186822893137	2.0506288699922	2.03297392234395
0.136346362428141	1.27111934205376	1.92289951905957
-0.426821048605688	0.218642881813196	1.38929724754773
-1.67285864010712	0.129293910600058	1.51087187098285
-0.816076781822627	1.53313955831235	2.21920774046725
-0.438333164665218	1.73777510478191	1.60149730248625
-0.119303366511809	1.12812800343973	1.47302284966004
-0.398298657873866	1.12027147914099	1.16034888269533
0.787370992279157	-0.161490233391916	2.32800916031754
-0.38120265413482	-0.72235863616736	1.86595130243049
-0.79226317084569	-0.756781378887726	1.85954345589068
-0.323026325705227	-0.827543627458098	2.19368363122943
-0.939126490689751	-0.47594332597461	1.91556886139842
-1.40006834404001	0.482201102816057	1.6573005651162
-0.897120111385323	1.5296515988196	1.78764386117657
-0.0943756679022324	1.86150868521885	1.88408014790828
-0.667952128560388	1.27618032239902	0.926740941041828
-0.609460199119044	0.892845655698122	1.73237050498334
-0.219059844976141	0.295588260819185	2.0531157810088
-0.665200778126826	0.494900565445191	2.78398952472824
0.225432469651347	0.362129081890232	2.4329124978799
-0.18502812024506	1.06723042822114	2.05225479160398
0.0790745411723867	0.903689706487731	1.64884502181144
0.424787941176854	-0.175870942891262	2.68921992127813
-0.390186589364436	-0.506165878347011	0.600880345609561
-0.694763442006846	1.74017141611041	2.38916495855386
0.494407167307991	1.20124115487786	2.58426610631478
-0.0787017985076051	1.23209816417312	1.50705187184286
-0.981367238764524	0.541918539949694	2.01164134096223
-0.339804706765793	0.573128002154514	1.7135670363415
0.854575308744631	0.649580747374955	2.40284789802734
-0.117910207083702	0.68153840195155	1.74099955964583
-0.906731867190257	1.22771922531756	2.15451902084562
-0.445497995732171	1.722058878974	2.93917486680292
0.229461538017332	0.94709722373041	2.70059383060832
-0.876697546143559	0.785696351619142	2.57300068638529
-0.963335666081769	0.204470385820423	1.01594975901661
-0.326691501254987	0.231748693443472	1.69564667964511
0.0151128191173699	1.35287111952823	2.20368614587682
0.189601621251678	0.584644219131815	1.46923479498719
-0.33797633015378	1.7809770974308	2.61650046432141
0.707576832256524	1.18448170383265	2.45856403749142
-0.266875630037221	0.695195981613503	2.20895373164887
-0.00530021262715014	1.03356421251895	2.48282419482533
-0.577349980444642	1.05847037199485	2.30980308865573
-0.0515109691369037	1.35319889428986	3.06966976825783
0.755768934128694	0.847035116919875	4.10932890031483
-0.12424386240204	1.2835669562999	2.52332701086216
-0.405092262240383	1.44689500701309	1.67395527248524
-0.100694751513851	1.85773219314242	2.34186452024394
-0.0759645548027859	1.06422224904035	1.98288567171214
-0.90770856004971	1.35532065775333	3.33100855088384
-0.810325879899531	1.52006799729793	1.7202473428506
0.185517191054562	1.91151249909301	1.62262337067807
-0.17218132297308	1.62935565784	2.62984138019769
-1.21724043978047	0.665021523071491	1.96179531797229
-0.932810998613546	0.997175290356259	1.63359763138651
-1.82240286876871	0.675942279641608	1.50579455248082
0.23698377760912	0.583411563839407	3.27111679143157
-0.353286933117877	1.98341931765899	2.76843109493561
-0.847343387994044	0.809220526899642	2.09974405873107
-0.347788563738886	1.35148552868136	3.63774302330271
-0.597461969220025	-0.0259802894930146	2.0569556561187
0.115023839139237	0.498314529158199	3.92962984830893
-0.201010015676106	0.212934112440609	3.27682710799577
-0.201010015676106	0.212934112440609	3.27682710799577
0.433213075757018	0.996763491388038	3.89516471855712
-0.322114720520377	0.142940110380533	2.61401562538482
-1.45327197744223	0.458971186573327	1.72857524539445
-0.82749934735742	1.31019762127564	1.56222316188291
-0.766378993045021	0.680939248613655	2.83771216110639
-1.33425564924286	0.834115921042039	1.91279851485259
-0.641344417229651	0.728722166258822	3.10245544279936
-1.10017798607428	0.0417202844749656	2.30228909413858
0.101641330406744	0.163270674627148	3.28228754936612
-0.447082613193149	2.20750553428097	2.9851045944977
-0.794772060201855	1.74605560181961	3.10350372857958
-0.320866777503365	1.1249122445689	3.231302867474
0.807239839644135	0.31752532293838	3.79640274851399
0.0815615031866931	1.21800812317412	3.59867987851495
1.40116930053516	1.05130955404813	3.16428054092691
0.201172896188454	1.52520474100825	2.45243829961544
-1.1400823248669	2.4136552695983	3.98804777621108
-0.37262723306185	0.813362728840543	2.38595466826321
-0.523806331567771	1.16019171148346	1.82867043672497
0.956720545947199	1.43009290789102	2.74263166505294
0.956720545947199	1.43009290789102	2.74263166505294
0.797002364365226	2.24685202124571	2.81761372121727
-1.63404740910162	1.99056031901204	3.34069605943661
0.413530218216532	1.45123316367946	3.62337991279754
-0.669067360802259	1.87382848595731	2.36775837298096
0.0481424416572236	1.64190287171061	1.57010584475428
0.374554830375349	1.67198002795292	1.331423819895
-0.374778941999733	1.88962869345136	2.37124141665405
0.539407309778986	2.77793200627746	2.74731924528149
1.45178054538317	2.94500415497519	3.90580687751333
1.45178054538317	2.94500415497519	3.90580687751333
0.968761311360356	1.20724976951326	3.18102130085424
0.173834470513552	1.71455290737775	3.4400641910591
-0.170841207805581	2.54646643470412	3.3062196916476
1.22226613233001	2.03136594430823	1.82921756012683
1.3608963433776	2.27732667331413	2.38596160604342
0.533556433852777	1.69900762934122	2.8311203033881
0.903526951017899	1.46699241175961	1.85666987939554
-0.352772662812436	1.33271704028594	2.10703774636378
-0.497774984967913	1.90827689635592	1.68815482906483
-1.31374682473344	0.920838379127164	1.79169170889427
-0.610723582373919	0.673366120834864	2.18490063229272
0.361154064281247	0.0714825241754756	3.3416176699915
-0.0771188254168022	-0.514402576039069	2.79770853987943
0.923173409518729	1.25843356764047	3.79269114079456
0.0693634318133723	0.321365642934987	2.86806258866969
0.791732091303641	1.37151440557416	3.30902670494158
0.152862521462346	1.01351201261751	2.22789784932387
-0.108549802162698	0.86234586260059	2.34596834777842
-0.259883981395475	1.02480811386946	1.95468442528347
-0.259410970412128	2.1506502348714	2.58135017518077
-0.00912307099521414	1.15515855329109	2.5865060102086
0.32268911445705	1.80503513587923	2.34795032133117
-0.686069370927888	1.28545831673712	2.02442181137029
-0.733961507228065	1.09132532349655	2.47178145230759
0.36981692086903	1.74187842092298	2.37076241080771
-1.34542147348924	1.68821503079302	3.37881043097397
0.755335255840713	1.94972302670282	3.81258524165296
1.33155852008968	0.0345793854895913	4.18874319453844
-0.367207435800015	1.99198487055476	2.43990328733714
1.03013643321001	0.847547301120552	3.05580918332437
0.234651329345745	1.6017482601661	3.50661363889192
0.817893550951797	2.50143554303265	2.97381057360769
-0.665219163667541	0.953254858570026	2.55035396347382
0.481671785016022	1.3281388444153	1.84497996393558
1.35309255057965	0.972409787970099	3.21320726126784
-0.638804190340157	0.367016903405399	1.94165859270642
-0.760529239816072	1.60107076830143	1.87422972945811
-1.41996556578209	0.314740578104733	1.7146072831006
1.25457686354503	1.95793185927637	4.16134340290072
0.502745239695392	1.47934118332164	2.63991678996854
-0.568951090857982	0.903837230223932	2.02971545923546
-0.367895717710118	1.30469304986952	2.82326637104979
-0.679367547499602	1.12844100946741	2.99839256417734
-0.0583737861845208	1.46218055748116	2.07481156512561
-0.534316902360659	-0.0325558501970066	1.81830637231628
-1.21312113785506	0.344459714509833	2.04494343175267
0.419602448320016	-0.639342175371447	2.86496071142814
0.775006834834646	2.18568500110086	3.05671353945862
0.19109459535369	1.43963611437338	3.05191361812326
0.19109459535369	1.43963611437338	3.05191361812326
0.44574839210026	1.96987766822371	3.26320636033057
0.616812906758829	2.64742471139556	2.45963497058781
-0.468006503338494	0.443633734450673	1.28876311843834
-0.183318058713573	1.7886815964472	2.214182369553
0.276101738145811	1.74876961383037	2.68962778410814
-0.305155679217478	0.895356579797548	1.10196193923033
-0.304749010470206	0.454465463446186	2.15612162349097
-0.0550825307102518	1.36708692605987	2.78176474894616
0.322027804963093	1.121256088776	2.07351831137871
0.38265597729956	1.41581446262462	2.61612035542485
-0.60870975198641	1.79118369550702	3.63638049629716
-1.99651163170421	1.43282403894088	2.77464348991406
-0.176934487085146	1.67951366372295	2.55341998032462
0.520164284299822	0.738255496114848	3.08965538055344
-0.945993478689223	0.168498945816644	1.21285303266087
0.293287503259013	0.173576493796127	1.63109364379488
-0.553868942599389	1.38752592255297	2.46427694836877
-1.49209607068269	1.56343226432934	1.29736124262724
0.208254780073237	0.617907582709908	2.37557730737501
-0.193865081551298	0.641226086154339	2.1910460900458
-0.415281671339585	1.51273076007823	2.40791670911953
0.498664427767747	1.85762549472806	2.227009827138
-0.69192202818935	0.417117719971275	2.02048042122931
-1.28629939720407	0.0328761094621437	1.38137926829187
-1.91837406318546	0.868625652342844	1.70402364671622
-0.994568374975572	0.342444912714394	1.79630161271504
-0.454270282726565	-0.250506378609763	1.77446647280868
-1.73229977549932	-0.326139257843365	0.836711590506643
-0.537395680003825	0.381016097979857	1.64071032577907
-0.487767013776446	0.626493256261163	1.69889026924327
0.65618432156652	1.17649021566073	3.60033510291943
-0.506865923626752	1.42982361295732	3.18410941549109
-0.728358830070362	1.47441342928135	2.87257944238127
-0.34813269588415	1.6660196424354	2.35252986850327
-0.22345101028298	1.03399778116398	2.44703558153789
-0.320494246893852	1.74435178088511	2.78358514428368
0.206205043516922	-0.11618804477982	2.39555774399631
0.143342784704757	0.819359518356148	2.0285299091613
-0.640311995742304	1.07816920793358	1.30919251891647
-1.19072236380775	0.608974813935704	3.92461805046813
1.26048847632387	0.598725958453314	3.59757069328362
-0.290770387422649	2.3905738526511	3.68618547573212
-0.380097843178154	0.938760955780068	2.35639653415803
-0.380097843178154	0.938760955780068	2.35639653415803
-0.602389802033195	1.49209176087454	2.07821213427355
0.444938482767406	1.72656894889488	2.20989039332836
-0.335709255660222	1.00940932068029	2.81567066829628
-0.729077268960414	0.96565031473146	2.49370533333569
0.0321832302396103	0.380395762254758	1.50233026195422
-1.80943582114423	-0.331016157134609	0.869131214610884
-1.35927937520091	-0.149283791626874	1.98611521217742
-0.0467661657825459	1.29009427915994	1.95053803407722
-0.723775907145902	1.17146110196643	1.62127133958058
-1.13733479940914	0.34511901331021	1.21318025121817
-0.590840597763682	0.45634989939845	1.8477674430015
-1.62831669850447	-0.859781111830625	0.378166450695347
-1.09607614386048	0.471781163726649	2.100111242511
-1.10632610026383	0.796014220771102	1.71335406275299
-1.34726672945406	1.1318235313952	2.19812703388041
-2.13667022941371	1.36588282302146	1.67073937487925
-3.01393795870667	0.58282675854447	2.09402352486618
-1.73404498793201	-0.737327452882288	1.63562654811362
-0.574061872275262	0.510483070360577	2.34148605493372
-1.95618663860969	-0.355118680563599	0.713002849443718
-1.81182411521207	0.690156725835933	0.203551476177719
-1.46681726052325	-0.356364066270151	1.24489964348232
-1.25909610108875	-0.0800204810378929	1.99384878880113
-0.964382837712373	0.274970849795479	2.68712399198895
-0.792264156530166	-0.189331158262515	2.10821373566813
-0.900964674823165	1.50272247489455	1.87395239478978
-1.16593598473876	0.665161068061627	3.06560721711619
-1.37067204717533	1.35722642667448	2.31256147299216
-1.37067204717533	1.35722642667448	2.31256147299216
-0.294669927295369	2.29281330101618	2.07244726888027
-1.12139382027425	1.24947607447124	0.724542839563952
-0.662490621870421	1.56919287944846	0.499134935210984
-1.50058842962116	3.0313820852646	2.54453567517573
-1.95882433585773	-0.408127071966586	3.70925092035949
-0.706036192435569	-1.70524601164185	2.12595153941296
-1.44552907338115	-0.8668902907017	2.54969642232211
-0.0481725895149181	0.0545261776094993	3.73574109966933
-1.35082582671162	-0.392604449312171	3.6657933168955
-0.517729749589381	0.045620318033379	1.72463131731151
-0.796627617542429	0.208944175638634	2.06988256601531
-0.114478201698983	-0.524082406361431	2.14413217788286
-1.47807067634811	-0.76093123771648	0.995025105176485
-0.94816165696278	-1.49980785218794	2.661137996103
-0.771150744637659	0.328288924849123	2.75450248018085
-0.714927781004517	-0.00984177397118957	2.4296485741614
-1.46791223601273	-1.22201684499389	1.5081151668609
-0.868716557656859	0.232279671824983	2.08346252798249
-1.05090728717915	1.04778953117525	1.21191967965532
-1.05090728717915	1.04778953117525	1.21191967965532
-1.17887186925896	0.756276748087572	2.29777822385784
-0.632782142747887	-0.0772616649910449	2.05028351205934
-1.49072090431226	0.0756741627143722	1.97363401778688
-1.28261324228154	0.485350752746639	2.21464267126656
-1.75486274695586	1.23940986289302	1.90413292991789
-0.656992289092035	0.103493468924513	1.47000251012182
-0.656992289092035	0.103493468924513	1.47000251012182
-0.961818230265425	0.477661539651016	0.000618813536349738
-1.03542010607898	0.921327844314962	1.30650651825933
-1.80085433474809	1.06795825877186	2.66954170636254
-0.728464300241199	-0.362538267771012	1.64300928213552
-1.15345301609808	0.293924187421618	2.05930498536287
-1.32334286801689	0.274264905308446	1.58977697285354
-1.09036419847182	0.674684339712957	1.6876982437436
-1.28354607224238	0.183559863771056	0.456903009022177
-0.12802914517086	0.919348683568953	0.735218854618999
-0.644896635433354	-0.867359509450603	1.34151385962353
-0.212825295383971	-1.00944157493712	1.52503980635739
-0.406504340812032	1.17376305143452	2.1764410552469
-0.996396919072241	0.662004035217422	2.43598662558869
-1.64182433485331	-0.339607055299939	2.19045453617389
-0.717148090467446	0.273130596176447	1.64118683412973
-0.907744849204089	-0.116912258547653	2.47238859829806
-1.07711444511281	1.02716690199814	1.91036236361471
-2.4032643442561	0.546407600409467	1.36899970121038
-1.4847737229517	-0.809709332814959	0.837065688399818
-0.461846937441486	-0.704555435210465	2.41719928595081
-0.447156073122377	-0.238709031228812	1.47888956934198
-1.65699999645307	-1.24647706502398	0.896398797119186
-0.230586140326567	0.660789977832031	0.991126251751487
-0.406341825488658	-0.116219354382211	1.4479937333842
-2.06949036890816	-0.243564444992618	0.838879246706475
-3.53112957291229	-0.73011152076099	0.985167287193202
-0.973837424302717	-1.72865466859615	1.32437666081895
-0.766665132554469	0.658964488397599	2.41169006133051
-1.13686276834937	1.66435599947934	1.49546184160207
-0.903583311774319	-0.106715811785378	0.227548550794196
-1.41157839480536	1.22116687310235	1.18614227479185
-1.7893218087785	0.33431921277816	0.658839663257012
-1.18168016502938	0.788974796075616	0.797651468737293
-2.4270086000504	1.00741053991642	0.917865376660306
-2.43332671908312	-1.32320914985699	-0.130528904352969
-2.02369508844202	-1.07113166137582	1.52708133021493
-0.455243623505335	-0.897230927171045	1.92593692882321
-0.460386267731581	0.481142775973062	2.97737946432165
-1.10997369440755	1.1960109999335	0.833041457792584
-0.872861934680138	0.383972267715827	1.99612297113121
-0.764557029147626	0.436553869401249	1.46609862368223
-0.717222791670732	0.535989719066317	1.55436452751874
-1.01245398800758	-0.632743041143689	1.72569208016521
-1.38778530187124	-1.00613538913982	0.776586339267547
-2.1647664437256	0.631612155309552	1.63409818148524
-1.9683817400871	-0.184295674935505	1.83294809809096
-1.26136818274407	-0.209730850923869	1.31468185881443
-1.10599987364483	1.17797839655794	2.3210511173544
-0.133483910861192	-0.0742502407395087	2.56719173450668
0.394640173123629	-0.327882645225756	1.32399820068285
-0.720662147912821	-0.590607181002303	1.53562214663426
-1.14625208049622	-0.228894839657611	1.65074964797899
-0.372449540934435	0.20834462464774	2.27024891880374
0.0915010579158755	0.856583213534092	1.68801032217224
-0.9327773218443	-0.0183570054045712	2.24709701480171
-1.10886245473739	-0.471660948728608	2.04238169695113
0.15635822070706	0.472052143024699	2.17378333130542
0.331746959474575	0.315326844370222	2.38508576000052
-0.629690769581715	-0.160071023258291	2.19660828577447
-1.10805261590045	-0.00977243181650905	1.76913834989939
-0.685891451483828	1.36615840892306	1.33935096526375
-2.40386021432002	-0.99020615577591	0.517821987000236
-1.03734374315241	0.532607036875335	1.4112191471563
-0.993890526585412	0.983507459106177	1.63052605242545
0.178327127726821	0.544634809086863	3.07301751716031
-0.832949163312572	-0.543575502612464	2.35432040948688
-0.384151328556709	1.85990323131732	1.82767745988975
-1.66865225669526	0.825541975788834	2.30164430731549
-1.16520076408541	-0.527522374083873	1.53347236443786
-1.33791031170144	0.428041963200843	2.21380965799674
-0.365484079942088	1.54125641574182	1.35794386412954
-1.42818454217308	0.894591595310295	0.935422187942436
-1.12659972133634	-0.563177584182873	0.879128457381152
-0.944502315188667	0.266730799382368	1.80803578426469
-1.01409014996134	0.137838631105988	1.31276081904572
0.6429386139368	0.294800602705482	1.36276064995618
0.972112436767953	-0.836029456691842	1.81772317666768
0.0644385863183511	-1.88752230778696	2.48531900966948
-2.42702003383285	-0.291553577880205	1.28638545361417
-1.49728836409983	-0.797747706937415	1.35921629628706
-0.545182649068577	0.037857254092345	1.29863537653369
-0.954280255648062	-0.850028670909946	1.1017148162884
-2.37714240547281	0.565674207267065	0.24731141180979
0.469746016696037	0.622206696601643	2.49144944590027
1.00483266145922	1.68737276195561	2.33875130892827
-0.41439117636831	1.13346739490037	3.26287881603321
-1.20592963453772	1.37823360252509	2.11821499470572
-0.654508042484737	0.394694774806213	1.79555015672074
-0.654508042484737	0.394694774806213	1.79555015672074
-0.756575289016962	-0.184606127928289	1.60463522017968
-0.855517494142085	-0.418591055686796	1.44223666915332
-0.484231189399927	-0.215732678528112	2.60766814007998
-0.0753695729768302	0.961800744040668	2.1701420360927
-0.437937961464628	1.10234082788172	2.63568707465922
-0.459842581070842	1.04811514925157	3.74910233723312
-0.847992895671791	0.0936153070734514	2.29334437558764
-0.15899759942979	-0.934695797700393	1.39557554463004
-0.455286617752144	-0.695207404492282	1.97124340240044
0.0886717117228934	2.75939152137247	3.00385958501092
-0.540578171139807	1.18427608293566	2.52768150561774
0.600095678171157	1.87798584338908	2.77961786574291
-0.551233550697238	1.083509439988	1.68977745985469
-1.1123127660819	0.314341084142263	0.95414166249344
-1.51863757819674	1.70283416151967	2.29046858037468
-1.84090027109598	0.376781780089456	2.1919635768349
-0.550088687891315	0.39271037153963	1.21092190728577
-1.36341928610717	0.333976744231348	1.07787509811448
-0.465000913089323	-0.206629168317404	1.85767687926752
-0.908368589563191	0.862505374076266	0.384991491874831
-0.584700624478221	0.619916985344354	1.63922216044854
-1.20088207933794	0.582729657930425	0.577765045181039
-1.23309889165276	1.50059390408482	1.52533101426467
-0.892132782765932	0.604788429810222	0.699484152236409
-2.21957745237247	-0.263456839357147	0.476739784722947
-0.639505443578967	0.994277730353354	2.05399322843719
-0.639505443578967	0.994277730353354	2.05399322843719
-0.958244341301643	0.0108842646375289	2.20592883374944
-1.05137965492401	0.260653642543612	2.8517429133446
0.0205561396142916	-0.536907880263681	3.0171945748711
1.13610796881054	0.073824246566335	3.6940584016519
1.74784071274624	0.963872980975253	4.71342105803853
0.22691596565938	0.984816394253713	3.02088712560544
0.22691596565938	0.984816394253713	3.02088712560544
-0.64668993587298	0.803489001030675	2.07394057204372
-0.618487094312614	0.00534573536527977	2.0029650636362
0.456951994050885	1.48760486748366	3.10118416779663
-0.799169250701804	-0.0232734013375393	1.97527852946476
0.172919168286387	-0.264591179274666	2.5040314764727
0.246666688324141	-0.317059083445192	2.35249661548753
0.0135703250065135	1.00890677621901	2.81956351537277
-0.301200237283343	0.819718027789838	2.77496139025363
-0.0923860659079949	0.40550021806762	2.01374079953793
-0.855110341100761	0.634116193094465	1.74926352375547
-0.737883163052638	0.953013865675306	1.94740173003599
-0.567665824497099	1.13118273607124	1.78508013995695
1.2840168071137	2.16429866110423	2.47146302802672
-1.74800915030556	1.6224088733212	2.4525619861955
-0.669702540937067	1.34207403550709	2.87475451351701
-0.275144920126608	2.6109979519212	2.66174837491365
-0.147745222642836	2.4972109877073	3.17064047845144
-1.67701253236921	1.01792024485172	1.88198056042979
-1.51732574313439	1.7009582714319	2.0920789836044
-0.120577385576474	1.93461354632679	2.2319770117162
0.293813825704174	0.930560327549628	2.02372625484196
0.0441941416006967	0.92521091812927	2.26941595312999
0.0441941416006967	0.92521091812927	2.26941595312999
0.230096251883014	0.369558470879686	3.33207537458499
-1.70350511642071	0.260233011793983	4.3290805458141
-0.131167471715645	1.2330720672954	1.16103001549406
-0.322710270728974	0.390280783754948	1.96628343724972
-0.893381329947039	0.205265018353288	1.2518396209094
-0.812831060378885	0.973626224469049	1.71286486116765
-0.779554171841264	1.83169613147027	1.21713867924683
-0.476913338707684	1.01397013371716	1.12537112986032
-0.565088376177891	0.332435970029168	2.56082524877189
-0.590488035012304	1.10217593021137	1.99719576824923
-1.02410387645779	-0.428482829529288	1.1338083384427
-1.60764054312563	0.793434492887022	2.6855741230096
0.331195196993691	0.921191208544814	4.08137167630275
0.654535953619464	1.89264941262563	3.10535536036504
0.382019175436463	0.856130418010459	1.97800533249704
-0.183226297372318	1.24531881526681	2.31618137605765
0.256155635142461	1.78601396461209	2.90879251014682
-1.38341408235084	1.1778676173302	2.75757256064355
-0.742856583922372	0.691184615663329	2.21992665210229
0.00902788476763883	0.754386817691591	1.74800927291343
0.0294759828059004	1.06999059302583	0.847327810298121
-0.443628065429514	1.72531745905657	2.51242212567886
-0.627891762773486	1.14263705050252	1.89069197601499
-0.437226482830194	1.82113661366052	1.76321719609678
-1.02094891507421	0.885271111974191	1.58576466891388
-0.912840153599357	0.0863171197625411	1.97070848165187
-0.914366993839255	0.813323368683067	1.46965222303101
-0.944559318864968	-0.202743175260538	1.70161105235033
-0.75781553924393	0.955199434438792	1.09467047656413
-1.26285418094246	1.56931013128173	0.579629192976394
0.0705218440359285	0.0961955319061372	0.454647292877495
-0.736267578478236	0.125416046788677	1.08293255507064
-1.0041396536786	0.728545411926996	0.595823569833462
-1.70460668689468	0.272514902184149	0.254048596414689
-0.705263127102223	1.10795047371579	1.40112196317467
-0.0207964709185862	0.479909335752843	2.80930096411691
-1.45245291452534	0.467452593427483	1.18888585747484
0.0263339358313978	0.294256124648456	2.07415832247499
0.46866329776026	-0.160984867452085	2.75329598477788
0.976656731543014	0.445689852407924	3.05668226967713
0.699189344117033	-0.433143711389729	1.91740143853591
-0.35520455900141	1.03733877463277	2.52212287416919
-1.1663358241444	0.954001581468328	1.16739456987028
-0.929747756603717	1.13148041870768	1.64076236425649
0.19267352923297	0.79665099973196	2.8494321671397
-0.323811512209432	0.809871168098908	2.74342574671193
0.510167305154108	1.04779234426221	1.87653801094378
0.712287768878513	0.647087506118726	2.23979319272604
0.569935687786852	0.312913418079765	3.06774713498588
-1.93255747847832	0.0633117931775177	1.93139856292746
0.362133089144872	-0.526681021089751	2.71359927891667
1.1458079511447	1.66566889657436	3.17529490663453
-0.475571853437492	1.82024026272695	2.28046574929746
-0.202856994106265	0.868713519317906	2.55806024534308
0.726858408766008	-0.333358271823079	3.3719058660796
0.0825638721151518	0.532835125011525	1.914411690306
-0.113098961913537	0.80473033653628	2.00832187981079
0.142169685185846	-0.419515223260278	2.42292287456591
0.604999465093641	0.131052468131911	3.00864841178061
0.220754485846221	-0.274796414689496	3.10414250591302
-0.435376676617389	0.554017566020231	1.84079607691648
-0.125369901818624	0.5309529775853	2.75917545457438
-0.792319210944081	-0.413231927403801	1.81466226583795
-0.684618996365899	1.4436975779112	3.47159907221188
-2.13263075703916	0.679522293013022	1.36028297112648
-1.04403892332966	-1.23487844188815	1.32363080366207
-2.52823827819689	-0.120130561363978	0.525944715225586
-1.52704947644387	-2.05617837127973	0.707087175277003
-0.0704921871645481	0.0749021636071936	0.958270884898093
0.516459797927039	-0.109968812816212	2.28626291147548
-0.336013706637125	-0.800553361841273	2.0791267162788
-0.489015576368516	0.0343939194714177	1.66025522772707
-2.32374141791996	-1.19504623850635	2.52516427061135
-0.506515004795719	-1.01653527810739	3.0339062152579
-1.35003284915742	0.490404277865554	1.63093773342989
-1.04375135856094	-0.617569817512648	2.99594796559641
-1.06167120382908	-0.381650367819108	2.82803697913584
0.115135648153837	0.651123542685618	3.52828828357794
-0.750067705768606	0.57300628635863	2.09802404163596
0.16220862369822	-1.0176049804766	2.12846640289404
0.659095138970417	-1.45881066620485	2.50529394012536
-0.22405683063964	-1.66456510971638	1.92548213072145
-0.513782506457366	-0.694166847334666	1.64285743358697
-0.269494046236121	0.0121384433379274	0.702576108192567
0.212140032958664	-0.448559480541671	2.18328786641788
-1.41022250193226	-2.14594091551461	1.51434125075398
0.710617815707924	-0.291195196934275	1.70434531585998
0.126437819438001	0.960252826363583	1.9856347851238
-0.595422103945485	1.86291323936371	2.60326753908812
-0.0970453822823063	0.218030561238484	3.27787778037025
0.240768562899563	-2.64953189897143	2.05723082920176
-0.240375778901137	-1.62212536772042	2.82234589979492
-1.05599080825693	-0.468073542738993	2.50260114585212
-1.05778545623872	-1.75790954949416	1.89529872008462
-0.667082035704783	-1.15860366473154	1.56300147811425
-0.140928115467339	-0.406687785681104	2.22842249393913
-1.3826601978431	0.933223831726024	1.68778728460879
-0.440255245655951	-0.409469357341582	2.76885234006056
-0.144947187155734	-1.14289936599418	2.89218813225143
0.111251701376218	-0.210814082868374	2.5510133903885
-1.36815210291562	-1.00844481190142	2.07741546160816
0.312843197136137	-0.336720226112661	2.83495977525669
-1.42059413157421	-2.26086341942733	0.492735520152266
-0.694375279688416	0.114605384862031	2.09961094467135
-0.528398049566002	1.0478913705066	2.78456677300291
-0.547430587132945	0.408454308640613	1.8132050169714
-0.427144107853141	0.110285095705689	2.21710714382369
-0.68363091288435	0.183652954954095	2.35986706156732
-0.285870897562471	0.587836295767256	2.50313485019246
-0.200271190244082	0.433437934375179	3.2747644589922
-0.429181851513119	0.655585600213487	2.34442422298014
0.527509427373385	0.420460089808899	2.53139185291102
-1.1100845750766	0.24538342756515	1.78476662556385
0.0369540558885246	0.779484816062342	2.97330060343875
-0.0574411564185583	0.20686724506845	2.17088170089932
-1.27204256721674	0.781532343687165	2.06087200941522
-0.470112467968236	-0.158754911364469	1.26002721277913
-1.10227893142303	0.650499721242755	1.68256620465643
-1.10227893142303	0.650499721242755	1.68256620465643
-0.87924417937898	0.625946629934192	2.20971592536513
-0.735243163181655	1.25889884549373	2.20084770058808
-0.679483231779874	1.53611884880615	1.40536764555482
-0.679483231779874	1.53611884880615	1.40536764555482
-0.774455302143652	0.374431087689868	1.26809785092218
-0.769766317364127	0.769754014016635	2.3252357074553
-0.864583883407934	0.353804350070983	2.19829360373399
-1.52308296503345	-1.17327782186906	1.75220835425875
-0.99764090524356	0.412487780445118	1.82646694736107
-1.22931150893574	-0.663906495935106	1.4049023138519
-1.04213020041278	-0.167256864000741	1.23431378052934
-0.386205103271063	-1.18248780734317	1.77298009769018
-0.286692569339172	-1.19849940723424	1.81664119363171
0.173958960229328	-0.880645809068883	1.38980385020658
-1.46583374062402	-2.28301238712827	2.39205032655174
-0.525933556069328	-0.044021556265996	2.25812683730969
-0.00958175762596308	1.51457177958359	1.70821137878928
-0.904567517140231	2.5881615114858	2.00768353214255
-0.317116682224317	3.02643630691566	2.649580420349
-2.42078007795982	2.54052017351159	2.64691914693751
-1.49469172031323	0.561784276590474	2.54416449196799
-0.983868362838571	0.843980592231383	2.53642131127227
-1.34706164615303	2.42733638359958	2.76852455097052
-0.686007585800823	2.83597899705109	1.66248855114899
-1.310533350656	1.13586678905775	1.23692125329324
-1.23292078021724	0.419545785577281	0.792318212080056
0.566228811996108	0.747235845250746	2.99180187303365
-1.08675137965854	1.46752327776804	1.30302593685742
-1.70103773870284	0.550900974954951	-0.291044979963211
-0.998038769824312	0.109180675232226	-0.112098470954015
-1.5437066040168	0.990488508937586	0.701150009220744
-2.06856181181485	0.98234529998159	1.8102715541843
-0.912051515268503	1.33199657403421	2.40362940939936
-1.57280252170288	1.13426534634211	1.80599762842171
-1.69216171256849	0.772558733436254	1.44379049822812
-1.67829833793079	1.48251395362913	1.78955378130269
-1.76182721929272	0.353438880175586	2.50499337092758
-1.21035561171895	0.474047168687422	1.62034019767836
-2.31179367862869	-0.0225001758006394	1.44828700486458
0.18908778845455	1.1562183233632	2.90463244336271
-0.874060751180641	1.59572132175984	3.01702210662252
0.606038824268377	-0.394694645821338	1.92581144510945
-1.2902558376736	0.0412447059991926	0.0259636960201041
-1.2339972210092	1.0110544564219	1.13534771546813
-0.873035304764989	1.43351542423956	2.25983658076328
-0.96176307568845	1.089689141048	2.53516937392734
-0.988964489407544	0.754441215763718	1.97355172677089
0.267098715163926	0.177761756055024	2.27505361143416
-1.14885647117365	1.11544749641391	2.06119793681334
-0.595593114194158	0.433463344945129	2.32979170496973
-0.425880408582171	0.228892411328763	1.82082366531059
-0.89085149927904	0.334491755048178	1.63287474692496
-0.753517951397099	0.698703231240239	0.476793002227246
-0.361484705689472	1.57301553719316	2.39551669695659
-1.80560992165445	2.06022432585374	2.17792962285134
-0.739343586980066	0.941692295992517	1.90830230501689
-1.32620539258495	0.184100705781287	0.757328978162485
-0.622657115003584	-1.31763289796575	1.5874893809668
-0.865235756818896	-0.393688874810199	1.86932422413397
0.161666555863995	1.41636441756947	2.5917681244121
-1.14362452312474	0.609827276616254	1.21473585125728
0.273982474089122	0.502565051749294	2.0951340602207
-0.168114000224311	1.36421938316445	3.08942117637321
-1.84588236439464	1.70719352506244	2.41422661845475
-1.86130582684403	2.05411310607759	3.20358617159758
-0.361168744054456	1.74922861813992	2.1330879363637
-0.670221539021362	0.253422648257423	2.49470351888911
-2.36997228299884	-0.10718387482232	0.423274263005032
-1.37804437479496	-0.54943629382095	1.09298355538688
-1.12258288138414	-0.869103991514184	1.33151810052681
-0.536875905082057	1.61106960758649	3.03812701869924
-0.242977412163361	0.459116507532818	1.9138964110295
-1.36630528640925	0.572091239021657	1.77080727698999
-1.11859439151703	2.04668384729665	2.1911788705247
-0.594367787314671	1.56014259798236	1.55893966990445
-0.761354118940701	1.45623489811069	2.56160055610275
0.38606254100685	-0.396980695893368	2.10359241457742
-0.895023354211114	0.525702549156549	1.6635484102719
-0.605010425842074	0.709917284507607	2.30199861346161
-0.558316511653029	1.25564658250459	0.969500173754292
-0.391259606475896	0.621258398906934	0.599821811924391
-1.14105838283093	0.388855886930943	0.238834742438665
-1.57108896658496	0.611396535155739	1.76613456820995
-0.508303145827719	0.606683375137003	1.78601147908615
-1.37112572847962	0.483702300037808	2.35066959450415
-1.43010662716024	0.368413637518203	1.64140154180038
-1.31409906641022	-1.02737374910428	1.6220564870014
-0.974928655091343	0.626139602776547	1.48739726933988
-1.36548558593171	0.610029203114711	1.83838567280199
0.560272925473365	1.42153954907162	2.29769194633693
-0.206443074847638	1.81729557100073	1.80954208915487
-2.42638227786268	1.67195959346222	1.04901778435728
-1.49025334532392	0.98732218412597	1.75956884344178
-1.27273229381411	1.98254992251515	1.62509865173696
-0.886646439429234	1.40789724005262	0.917253197693065
-1.28509726537659	1.50956913282551	1.02828914325971
-0.974699880848978	2.38995590883436	1.77571012572351
0.591997492881078	2.59367671245657	2.81780172083685
-2.69912971167013	1.89466786405326	1.28203787250006
-0.7834049039993	2.0934408197831	1.59008328062334
-0.407339995617586	2.0849690511442	2.33526479311322
-0.37752101755503	0.640542082046187	2.02200047066541
-0.0564836011845282	1.58172000959077	1.63128602388283
-0.610749752816459	1.36988676361464	2.26372839716964
-0.868184827308785	0.438156966604253	1.6166366835817
-0.848760462949736	-0.588393028184535	1.44829400452289
-1.01457379371116	1.13314812199466	1.1367985858087
-0.198975125290409	0.679460511806294	2.16826718062395
-0.751525577218365	0.635084156159759	2.1068751073667
-0.817825438153738	0.00201800504156757	2.0052703897196
-1.11847809501445	0.877406603955154	1.7322310849759
-0.622315238508766	1.15820643435732	1.89505652251258
-1.27469037410003	0.245734171672376	1.16617443844567
-0.114567047534785	0.123943625569141	1.76221885711307
-0.647901272424253	0.220434988721959	3.04701223899594
-0.113232758378527	-0.548611873411851	2.93620411655152
-1.0919981436508	-0.766707589865715	2.68483767591952
-0.744759208932594	-0.58860194288699	1.90734265628918
-0.513905527836561	0.984652021335221	2.3856592038104
-1.07044024231012	1.05380685182036	2.38190373324298
-0.644147134414802	0.277018191742612	1.89653361920948
-1.26917097112646	1.32919843935555	1.49349715509208
0.986266592728366	-0.044820271634099	2.93076075159209
-0.594699232449656	-0.756352058426761	2.3043642479872
-1.11190215498281	-0.955798635079882	1.9260728388322
-0.475224242876338	1.1550733324573	1.40383183468914
-0.474051574853853	0.738425310326434	2.05712101355896
-1.39040426621681	1.09727656654887	1.02460157075162
0.0111075991089915	0.672201796442448	1.56604391864935
-0.494466442672921	1.66955100661523	2.42440515010524
-0.139593807658749	1.0476084003818	2.8051049539915
-1.01799267423542	0.779953916498799	2.06578000508486
-1.555017391087	0.141907375652889	0.629878114255403
-1.19428322772955	0.887611675762251	1.32906987061619
-0.346557939536892	0.824025343028901	3.17151863655316
-0.248473211134964	1.26193058465277	3.17514276924748
-0.279497451793237	0.880662721981178	3.27922049683797
-1.11000826942233	1.17932461932953	1.19824487967489
-0.972476471754573	0.902237908626497	0.609289466551376
-1.16037697257848	1.38201089124967	1.58655650742877
-0.564674437618714	1.70703236207621	1.21747457519282
-0.353040612600708	1.35277289800509	2.06455335397045
0.337700795656345	1.18815932804137	1.4985668379728
-0.235937739820352	1.11415958926473	1.91582967043738
-0.235937739820352	1.11415958926473	1.91582967043738
-0.149140372512645	1.6802712480502	2.31406180046576
-0.278811805794404	1.94333240643222	4.02076480211766
-2.68128092687991	1.44383203001944	1.71625307260707
0.0731182406296755	1.83494049871329	2.12400632995008
0.0962723374316571	1.95868317591345	2.01316015720874
0.37195500970174	1.05891846723725	1.0291829066145
-1.51284009177079	0.816352509712028	1.19831350830411
-1.68281630568406	0.321409059594085	2.11059763697821
0.11735705606108	1.27087120513347	2.6343691072635
-0.466585569680702	0.086090610722291	1.29558893349208
0.185732652059015	0.154543204873969	1.83136029057574
-1.53152822813726	0.165654249730852	1.66942446774979
0.0515682445423145	0.445520947152801	1.87606884210571
-0.301140480555649	1.11102486251703	2.37865473707022
-0.870755585181738	1.1731564538084	1.62534585908194
-1.55136404344226	0.700743578701991	2.61386698753573
-0.344145946806178	1.51508329974226	1.81717935617173
-1.7533481500919	0.935217959733211	1.87545058621712
-1.32912402044385	0.310969567988029	1.00775177109894
-0.280265886670426	0.483812141954495	1.22994394637163
-0.698320199149663	0.1306317500177	1.82809449187634
-0.348226851933767	0.421105948311459	1.75711186376652
-0.952814931514218	1.45955647932051	2.57776151665303
-0.0360048792272543	1.03854123399637	3.46012772686804
-2.13330702378003	-0.15986360689214	1.08827498130368
-0.717627496940777	-0.722392106200942	0.534664025410922
-0.238497664769435	0.638974704730247	1.54520766103821
-0.753843562358242	-1.10601172466613	1.41543128729954
-0.75789858872052	0.986990030799634	1.94825550963182
-0.468518145896784	-0.58215646120811	2.16116680676571
-0.0930957105433856	-0.16911494354365	2.67906390972028
-0.906827544029911	0.640966715864499	1.75150406733609
-1.24744199461949	0.523870150642045	2.39919721277917
0.0996610491362659	0.343291757723368	2.14479913446954
-1.28683887488943	0.287234077052189	1.39648602245677
-0.96451638706725	1.3700074881868	1.8704129556057
0.0240146005540598	0.712080846170253	1.75389412924023
-0.707388920707232	0.338986184261395	2.21726822108516
-1.65516948294986	-0.678385225468912	1.57878331201627
-0.910238970288956	3.02541080736536	3.14023387357728
-0.695081329929123	0.919140357897525	1.26441712466339
-0.597019125261299	1.11990655283398	1.59124134563492
-0.597019125261299	1.11990655283398	1.59124134563492
-1.19065713247346	0.790921825842697	1.24471857015051
-1.49046269529422	0.516260519888819	0.823174871362475
-0.0175056549297965	0.00358075576558148	2.28078592283278
-2.20523792419216	-0.174355838789173	2.38256431226709
-1.12477908596755	0.130831689483502	1.37655974786533
-0.483868316175219	-0.254254246694623	1.81906332781518
-2.0733659097541	-0.486176845657399	0.287880616030905
-0.198814796257231	0.325246351654226	2.36207417450518
0.248947223290343	-1.50785243138978	2.32411633158644
-0.58776335746747	-1.0587665281781	2.20015925489909
-1.37005883985945	1.35819687980293	3.52196729864209
-1.97620803358299	0.849548792352534	1.57939539728548
-1.53082171524428	1.19438497072092	0.849896527021218
-1.42888513893134	1.10256770577999	1.46898759362358
-1.31631732755066	1.56085015876752	2.23565915681477
-0.623497118515574	-0.454376489383157	1.43288381011181
-0.972678463570337	-0.797659160450813	1.04707669807212
-1.15130672922855	-0.607581525279834	0.872759234362247
-0.408651162312675	-0.714049264348452	0.984182747242209
-1.25819027539558	-0.847955181414648	1.565617759027
-1.19526241613627	-0.579472878285101	0.863045518734507
-1.46599911728178	-0.310507236232992	1.75405389277981
0.315238700315628	0.092326118947242	2.24657343563944
0.582904169698332	0.240045003541897	2.09304981674244
-1.1891718618363	-0.849419394245692	0.795639977277859
-1.1891718618363	-0.849419394245692	0.795639977277859
0.0818442487275687	-0.648840655496032	1.63424309346363
-0.907755982329887	-0.331213912684204	2.23506691046458
-1.97140982791855	1.28082266006046	2.74626571858788
-0.23000865441431	1.72921365124832	2.19865017418527
-0.154018781165498	1.47648771516302	1.59936202308108
-0.631409457452	2.09680480113178	3.07506928654459
-0.0864189034638571	-0.587368746913743	2.18708488683244
-0.332945180677137	0.648970630317413	1.96986241663688
-0.633266353229671	0.340802168505451	0.689227653948674
-0.437018068181753	0.784906711740948	3.17064977905113
-0.39218021634415	0.123493581614001	4.17292344321977
-0.543186669486355	0.0369835090392625	2.43369387343882
-0.433138289481617	0.874308735503412	1.83059337090333
-0.495610416514855	0.724312433810002	2.57499245166927
-0.241716759843161	-0.492780443382691	3.4571612922453
-2.12042725285307	0.402668246146471	2.06357227485116
-1.36875564994253	-1.39245590834944	2.51472548159777
-1.04041161139489	0.447041128200324	2.2634892935938
-0.683821533365814	1.73344574809522	2.30151444077807
-0.12858023010762	0.613369101246071	1.91827612164102
-0.91444152846263	0.402916815118471	1.98631935065922
-0.430691171791662	0.734602649281784	1.97857411306797
-1.31246128999269	-0.349219495459771	1.34199125162104
-0.444628917993298	1.02706108633744	1.89114400711707
-0.489054214533018	0.455567698087874	1.1088162151801
-0.867212027187288	0.329447427762762	1.20030209453819
-1.26385805429674	-0.718402591109595	1.80263219340019
-1.38778498056262	-0.965794975774333	1.49132498270302
-1.57717943556753	-1.25689720257925	1.10288208210315
-0.979690342125685	-0.637499417971989	2.20106202094772
-0.947769537177372	-0.126345821835256	2.15058811582241
-1.08085805719002	0.752114845009554	0.811371564715925
-1.83775691147742	-0.0996789194634618	0.942473631569027
-0.540429734017946	-1.10078945311653	1.51436537318616
-0.298628691985472	-1.08360572857067	1.54335676270435
-0.432589662614463	-0.671965648794253	1.59365360889341
-0.151882985050575	0.0810862657069205	1.47323808630523
-1.02960152784629	0.340176609598557	1.84713298353453
-1.07411828942418	0.381310385985714	1.9235970173252
-1.07346026671845	0.745205574967189	1.78355704560561
-0.410398024848694	0.308193176600473	1.19466599372581
-1.46149771138224	0.18535148129994	1.60529286071718
-1.55420409412162	1.22581014233296	2.61791717441916
-0.409801841796911	0.86848699196279	2.12177602038131
-0.565226238030183	-0.0217131205571844	1.82261808693168
-1.31919181112873	0.620334908030853	2.57109790280218
-0.465125575085549	1.28135290310457	2.2441069496627
-0.833553230358985	-0.768165416198347	2.40040029115244
-0.268163775224027	0.336443482652422	1.63764053907159
-1.49211301117067	0.568274913094875	2.23756507286141
-1.38389535581496	-1.17367815448457	3.1777275423132
-1.37211615218853	-0.465294875274037	0.827706604839357
-0.378797313521612	0.907176274663252	0.410202018566696
-1.53730471814326	-0.231168365630255	0.559500958641839
-1.12663002674802	0.0901631473399579	2.29469233797769
-1.06699682671443	-1.04337609330964	1.68565931273912
-1.24973516312542	-0.327348272604929	2.06163269259042
-1.04554148904034	-1.181971684404	2.11667019401388
-1.17218539485835	-1.91154090663149	1.82847461795077
-1.66631765518714	0.508939267734836	1.95857884010074
-0.660553867421214	1.53073432680131	1.61352332957595
-1.56990417333549	0.994771827862314	3.2388519419715
-0.969436941091648	-0.35770396958688	2.27322555372816
-0.486664900281991	-0.261443279875996	2.53713738069548
0.205662458101668	-0.108682946880629	1.78694488100175
-0.530608725069972	0.0362201523770499	1.39283560119494
-1.03915087500856	0.411473449022027	1.05220498888904
-1.36768480309966	1.37211560050951	1.24471411954487
-0.568294007614751	1.02191087631199	0.496048142786184
-0.855741465108947	1.2955552139182	0.634606026809963
-0.464966893343985	1.58576514971237	0.878681639208166
-0.284573799535305	1.48192699677354	2.36420404526628
-0.943560787838303	0.49069390004624	1.72658097810231
0.595867067799488	-0.385667980879538	0.888842899236607
-1.32914417396452	-1.209529528562	0.425332455891512
-1.5349294843671	-0.99481914133723	2.12687854622094
-1.38288808117298	-1.3338598056361	1.62919826660523
-1.08363228812053	0.0265527644671155	1.35074399083996
-0.65962961595278	-1.02679351103919	1.4228576030114
-0.527581555515799	-1.09040902410262	0.630850080479279
-1.05675107085297	0.212943680129592	1.89191079950849
-0.317403492951407	0.066324852549112	1.95214581789053
-1.38827793776321	-0.238550455518397	1.83942965954579
-0.417082812320509	0.564391647211997	2.22018614128347
-1.45270686117878	0.814616589317873	1.27770246662171
-1.46277865880007	0.912172339165093	1.07906043870937
-0.746021290558335	1.16863928679764	1.17655297536194
-0.166115350426026	1.35091995202699	1.1570017356094
-0.911469450944985	1.39348391694645	0.769747720014082
-0.508033960477707	1.00784841553605	1.77326139875378
-0.508033960477707	1.00784841553605	1.77326139875378
-0.690949688599802	0.509486767927472	0.465757990022766
-0.928767901122227	0.486857378553669	0.102911318317973
-0.925046957981349	0.76304672936371	1.10681125703398
-0.925046957981349	0.76304672936371	1.10681125703398
-0.684146489944327	0.669603853026417	2.71674471865633
-0.259597781194915	1.31172501666945	2.81079258295027
-0.568148764132775	1.3742811377445	2.47479173905728
-0.962927436572658	0.955823525873841	1.79063417123388
-1.40385967376201	0.87005961274418	0.735483760427852
-0.9988517454171	1.09799576292626	0.851122389999287
-0.284163496990418	0.343739910884385	1.89466284877611
-0.897093007343896	0.294598494251404	2.1167798945007
-0.555572404605237	0.627163381862487	2.23622023065329
-0.41015698117956	0.914902734361101	1.25539272788122
0.0483613820888039	0.285407200290454	1.19322401188566
-1.34803360041007	-0.0153847013952435	1.14108146571204
-0.150122707644562	0.385589093244823	1.6604024598371
-1.43361167499619	0.542211859855741	1.20848178443462
-1.40409838562136	-0.0804753417583734	1.40847128524233
-0.218798498848257	0.905782990880699	2.61309892038852
-0.527186437224186	0.503934701461339	2.00111635674762
0.246738623355718	0.498353482976683	1.27894151617847
-1.5334732672593	-0.14354572545344	0.951212740822951
-0.22040554505494	-0.518258514993552	1.65911952475367
0.0870369719498357	-0.202731348296181	2.19080486908016
-0.789248968087475	0.679325779196654	1.31581604154706
-0.817533630670786	0.372403495740426	1.13662558661409
-0.382671821442867	-0.143439463279803	1.20882852870555
-1.48115256398388	0.757951453906593	-0.587956906261595
-2.34801935237012	0.54667517764264	-0.919713879545598
-1.26354659224671	0.383307607600627	0.299575213908381
-0.424503429233751	1.60466500586038	1.54304840710703
-1.19014705520645	1.04985249621666	1.20003852178804
-1.36325711215457	0.43344149128502	2.26993236805419
-0.408321989337157	1.16870157432466	1.52269282165902
-0.431578927618497	2.17930889514628	1.66989790538283
-1.54237280054458	1.93993805618844	2.73950998616418
0.120892167068715	0.907825625415444	2.93737581246173
0.184318258804443	0.525680751246754	2.47040630145617
-1.07134193892866	1.23977374502025	1.54153835313426
-0.887170389170344	0.486168548345471	1.83213773886219
-1.09844599717014	0.125511126513056	1.63618923536351
-1.16526805133074	0.919164418104456	1.91748257774122
-0.790251016476607	1.69448967837	2.13462162436593
0.019756149770594	1.74149735247168	2.52596171094758
-1.22713089356522	1.6036993273837	1.27608284636842
0.433479168861698	2.89451473234604	3.05253472995094
-0.109342741730435	-0.545735354493857	1.78812687468083
-1.40960290497977	-1.28371250639974	2.60038443325824
0.0775035667927873	-0.87315951418576	2.90974655493254
-0.523953883690567	1.02203639590581	2.31381710537341
0.249285595120726	1.05058262695903	3.33254024541892
-0.453398583008481	0.284822159634108	2.49211231244188
-0.662882342161366	1.13909521085318	1.58494730119682
-2.04056993782344	0.752348938563324	1.67727817357785
-0.561686567419212	1.84710952592289	2.67285703162228
-0.561686567419212	1.84710952592289	2.67285703162228
0.132987948754745	1.7106593723806	2.86463322462692
0.0834325758103704	1.63268369695752	2.75819392057302
0.0834325758103704	1.63268369695752	2.75819392057302
0.532753555328424	1.31999851366526	1.2795258039034
1.23490687187178	2.53187015422781	2.76970671614496
-1.74415968797529	0.72800931774575	2.99519096103291
-0.10671321846185	0.35570490916881	3.06673025736696
-0.912757466470388	0.554130576913608	2.48253927719842
-0.63262022875346	1.43934580329101	2.62707241944817
0.627333404195544	1.31956530064604	2.93424217635703
-0.0842903212711381	0.781595839280163	2.38863744586491
-0.00624895128694869	0.752430551851799	1.82413030905123
-0.355583752467677	1.16814866385742	1.75295987776093
0.260643103296807	1.21714185387325	2.39076661325333
1.31700755503175	0.978238074532477	2.549675696029
0.374417092468039	-0.057558249010593	2.31537880965211
-1.23391849191632	2.27303861977271	3.44775555480329
2.0270194529441	1.86877616528876	2.86799852042227
1.19423341718847	1.76247274941726	3.32241709314899
-0.0211050850231536	1.40155472872266	2.58655443819075
-1.36977368183536	2.18454872478908	2.60372147182175
0.655846140932522	0.686046161328564	3.05646753220571
0.825657319509407	0.859891387594514	3.52595999326681
0.841963295380669	1.03469007002041	2.91246820488085
0.444693580851211	0.983389269990416	2.3814492976176
0.281861582448236	1.12093410651354	2.16881361827803
-0.0513149224611748	1.30158749026694	2.09925081329672
-0.903567197738905	1.74149232781303	1.593720399762
-2.66487901899753	1.15833164153346	1.59278047745087
-1.89893486196025	1.24151531242026	1.97910183042808
-0.327745451148853	0.793055781539122	1.80502306072622
-0.270918908084822	1.04734558161388	2.22487910241109
0.209722453356507	-0.249711180290819	1.51166241830183
-0.164395554749167	1.31229700290535	1.71698435009124
-0.879577463783686	1.09373383481708	1.56172643252723
-0.290977097447188	1.40277385336958	2.43704873873281
-0.692574622493759	0.967820567177986	2.03671382254386
0.500774797951171	1.72195803480639	2.18952829771844
0.378015359824443	1.21642047405056	2.93606782864087
0.63856958737243	1.06274596369456	2.19524864977117
0.219315888949367	0.642236984928741	1.8152606319374
0.020517504858608	1.94984686032936	1.54435876685339
-0.517952542264638	0.832959492820448	2.80614887498664
-0.510785488129402	0.844492516439733	2.13852706501815
-1.34443583652478	0.356027729991607	1.58455669146551
-0.0405857541332619	-0.0904918322541515	1.10850646178013
-0.700176562916579	-0.0799448048489528	1.21325611929376
-0.0730932378875489	0.60371969122428	1.84984213813227
-0.122422249989227	1.6396599219283	0.289134911649422
0.969715281504113	1.73599005581855	1.56812711981748
-0.5189956093989	2.18335385373084	1.44845995886026
-0.802348366629752	1.78166585517314	1.26274167117749
-0.299246207085418	0.89660509287309	2.00039454317399
-0.16850664124247	1.84243098539489	2.15142726916908
-0.320138879630796	1.85925134887169	1.77678864920124
-0.518279085149249	1.16873190032881	2.79037194662456
-0.113522787499521	0.428026527976027	1.88697823607427
-0.557731280950959	0.929809045925419	2.36115587956951
0.0437560668873329	1.07340570365936	2.9916396933947
0.402988761829442	0.755554616715769	3.19280227128815
-0.592695142228433	-0.760238847422747	1.85316398447759
-0.22476649636945	-1.15056789434981	1.96618737970071
-0.795905459131759	0.660927446092627	2.47211775761485
-0.258768988300279	0.798199940107651	0.822725596166419
-0.846812790271429	0.705820485697078	1.11401363909682
0.278431208213268	1.37010389070916	2.33580561080117
-0.367938395336981	-0.0861113219883706	2.48120268163438
-0.427405233834263	1.61825764196237	3.29658279558711
-0.417444948236234	0.124772196627324	3.46505493720404
-2.12168788778063	1.33197604573022	1.49424675258505
0.78128012307309	1.92286342390495	2.84318263215688
-0.149070950661231	1.84974279676215	2.20674575091893
-0.769921438247824	1.06023602455633	2.07747636248648
-0.225722433157608	1.19261221468985	2.35701738770104
0.0910204650995103	0.764834003083892	2.3763097869606
0.487440907885316	1.43587809534638	2.30490434031825
0.492059276561119	1.59512527037119	2.59545459291717
0.117184475500606	0.424031890229887	2.22295811141073
0.260368375060536	0.86415845566333	2.12391806779608
0.337694444791895	1.04623407959424	2.94188768527238
-0.99006080334936	0.828807134969138	2.81375871216038
0.769920743120924	1.14294218023647	3.25999083925352
-0.993362914550908	0.931948312056339	1.35903876819963
-0.720744937309908	1.57962425238551	2.74193211735035
-0.101707372282889	1.36933782738895	1.75708482093809
-0.274233151746642	1.71670438942319	1.73207860281649
-0.476622978763544	-0.0185109740786307	0.791618340805349
-1.07461616657582	0.549801930171749	1.42268199411273
0.500270004070779	0.201059735120753	1.7482164214464
-0.688236673285938	0.478494110913861	0.842734580166031
0.193604592314662	0.889053626284553	1.51725673396428
0.494733735102748	1.30300596710211	1.92541197905842
0.20264767915529	1.47667155954357	3.2956988998477
0.905060070672017	0.899658170437331	3.47867785111447
-0.307251630294078	1.90839280809824	2.44898575149663
-0.69685614697785	1.32005567335403	1.96705123461241
-0.401015835841475	1.49978291027274	2.05254414259182
0.610441817228091	0.981011264194325	2.4957267337826
-0.116093879413676	1.70767200756353	2.69749624056673
0.569376081969331	1.74562198763257	1.8658100960837
0.513614035790028	1.69096428667713	2.39720456321736
0.0389254212081908	0.563429088031001	3.16492297399242
-0.0269975795197779	1.23035851163339	2.95705836638439
0.0874712497158485	0.00213676366124438	2.07346975466842
0.917556854549096	1.30286569084731	2.33433249177413
-0.443560050804454	0.720496702410202	1.04957792001685
-0.399252161901654	1.63919541419215	1.76552549374357
-0.650407071431825	1.36329109574243	1.45965061759245
-0.1542675037731	1.29518059116373	2.12585364306828
-0.44580267537681	0.673655346468686	2.89694088158976
-0.469335714384417	1.02903659421722	2.4865423510016
0.164335491201473	0.702418585054321	2.18652535410326
0.326038360851789	1.17394237333496	2.26530393638539
0.560061807387304	1.69201393698756	3.46293640027578
-0.130450978017422	1.40802758367658	3.68495819493862
-0.277668343931659	0.337610817311012	2.11115513246902
-1.54473783662143	1.47088313040013	1.64144431856156
0.113777524670756	1.72978171454534	3.02181487486553
-1.06625443853727	0.304959365868959	2.7448764048825
-0.413056774457109	-0.0438168047785682	2.39884764298461
-1.05391119317281	0.300116246309108	2.11032429137905
0.0435661558725136	0.790353233986498	0.552169110556615
-0.59045515278878	2.41421344746439	1.09498211155372
-0.307540344536691	1.95606421628097	1.918309612713
-1.09303204208527	2.85947501247655	1.70854500913714
-2.5662301118299	0.544545383874055	0.991274975104515
-0.00573776258363612	1.16755575878376	1.87159679744893
-1.0057128672547	1.27863904599516	1.83335595379012
-0.254047551048561	1.16818393876918	1.62157358351478
-2.19683368855888	1.47263329336937	2.00778830254618
0.56543965144483	1.54526315407269	2.83069406835926
-0.0363980066936646	0.969264706497817	2.80733374929414
-0.532026173620221	1.49946865975416	1.16142386377597
-1.34268153772968	1.68454376226561	0.688910112013991
0.696007680537556	1.42692935225599	2.45622231508311
0.117605274913252	1.41880194150533	3.84142723888517
-1.10134116264186	2.21190516238561	3.14136816769829
-1.24475757271045	2.33759795680313	2.82033904423809
-0.829012349583428	2.8465183174819	2.95014373373664
-0.453597477897175	2.96060672812094	2.75821287006662
-0.384206861906062	2.62428572513951	3.49104555879691
-0.658307058444058	1.44808435895702	2.23812960787866
0.025177059958469	0.35983118573469	1.74774854660148
-1.05766779268516	1.42990300189171	1.9441480191866
0.241581608554334	-0.0505075845455701	2.11689151621595
0.118883330436197	0.429477319006758	1.98280486182569
-0.00309855530787062	0.733187149922194	2.55428556395935
-1.1034245110743	1.65224418694524	2.15887622369523
-0.876254140179077	1.35976510247491	2.68606769531587
0.0761319657105483	0.254119345277741	3.46574175588097
-0.95441380447664	0.858701573681279	2.36452208936884
-0.382925566889224	1.06128136411373	2.64238478250529
-0.976793513001032	0.602831550588503	1.79525783991401
-0.014272236089139	1.31427240593179	0.982223584744705
-1.56475740322988	1.28627583809409	0.961783722077241
-0.456131999399759	1.09247611556832	3.85604289014636
-0.243775357796406	1.52980823815203	3.74320468486444
-2.28005605138275	2.0637105358411	2.95903563031517
-0.134067839498072	3.0173934743605	3.01387923897373
-2.24646839697096	2.78681197096223	1.54456217748065
-0.0854755403622495	3.31083075451947	2.1254325353467
-1.21254722119691	1.25676650303811	2.51736519422269
-0.704539429672714	-1.66905237674884	2.25845545736211
0.00348429547395823	-2.2940321651532	3.13672978832057
0.352754465004847	-2.14576253064909	2.42603485016585
-1.48154989286711	-0.705687616290174	1.69350236948431
0.0505321376898384	0.199491045266734	1.98029217365636
-0.938416906087063	-0.674798979762979	2.57982275741119
-2.09381205582022	0.036783349871844	2.4707031388857
0.879262003346462	1.17831121034481	2.8627910859834
-0.16490454510031	-0.377303407663803	1.81003675516529
-0.0157151108823258	1.80136183924617	3.06396047243293
-2.91479221432662	0.973185390523603	0.771038352809858
-1.56855822768412	0.759386374087946	0.249281040754377
-1.24921651750532	0.320917178585526	0.995669740873031
-2.49219793862883	0.913630018781837	0.807514622692209
-1.5605968195355	2.29778575335802	2.10512115630238
-0.961365279551055	1.41724635316529	2.20630961983152
-0.376708554580076	-0.323050582008286	2.38426847567219
-2.4208669200471	0.620417363788911	1.43250542514834
-2.27303061273083	2.24967067080553	1.78420561557701
-1.3529059588552	1.18608318288224	2.11219256965528
-0.853118119010424	1.17755241224434	1.58476963288966
-0.853118119010424	1.17755241224434	1.58476963288966
-2.29070631475642	0.229055616974759	2.94133211711783
-3.3178361516678	1.69868257569443	1.52110475075695
-1.76227495900943	0.543232202675568	0.863496336523044
-0.250691677333512	-1.21624612074563	2.05390435045213
-1.36436772141944	0.824550721970373	1.73652618662481
-1.59882213560857	-1.4395913871074	1.18023680993426
-0.509480305211564	0.638228200989633	0.402125491908949
-3.8787812996716	0.480015858217757	0.450733708690362
-2.74874075850612	2.00401774596535	3.28393918383539
-1.73961556552874	1.67177487479645	1.56468965844721
-1.2110945244405	1.64222689728532	1.82576708877314
-2.46462755755963	1.80632825192689	1.60322731592641
-1.80693651484124	0.927044493566608	1.16734430483143
-1.9857578829402	-0.323335592030394	-0.206901298934797
-0.727788704058454	-0.0916133858752199	2.57265133025626
-1.38857314939755	-2.31028082696759	0.431413945736567
-1.00898288764275	-2.18237158426976	1.63847636957543
-1.42738808541291	-1.21632489588533	0.584335808095523
-2.5369007262238	-0.553148928834353	0.00546578547409878
-1.46883693310184	0.0871813377541952	0.678469651700277
-0.789468754106409	-1.07661836476462	0.672776630210629
-1.85521254677482	-1.19003263322278	0.915020472164285
-1.0020547405163	-0.0161151581093454	0.861662349055184
-1.39347946493158	0.591976080998785	0.607632425129142
-1.47393160959477	1.13067951791598	1.00570851330566
-2.01593867985224	-0.0145221861271612	0.903183093423959
-0.758011581075958	-0.119983176946125	1.44225649609709
-2.4865565288978	-0.82129568518436	0.937602498791922
-0.462712845146398	-0.350203084358977	1.02978069021325
-1.16980039157867	-1.89709500584589	0.672441032383279
-0.888273130552987	-1.97730747505338	1.77867947833301
-0.941276863832376	-1.92395635347608	1.92274949685221
0.402602404647375	-1.46067015092532	2.8738661694907
-1.16894228599963	-1.06854041541225	1.83591487368634
-1.00234751515033	0.424574671551049	1.4196116279756
-1.4705208945203	-1.29884915646508	1.80679857054798
-1.61153781485573	-1.64720085568742	2.83534993296281
-0.209017925212467	-0.715357418891256	2.65906228697848
0.0119988315139692	-0.262860020363084	2.41896040603338
-0.754556580970831	0.226725618820506	2.08072991000474
-1.40906823394119	0.591883169931509	1.54543344512325
-0.169512689413598	-0.0445369069036602	1.95949955638903
-0.204070621266448	0.132653747760824	1.7620013789072
-0.0929587139003586	0.892658147886832	2.90009055687994
-0.73250963166093	-0.33821606715259	4.06188063204272
-1.13677509599215	-0.814717064005418	1.68979236308171
-0.863694788705516	-0.589425331511081	1.97483820186227
-0.863694788705516	-0.589425331511081	1.97483820186227
-0.272257557038493	-0.408438011107337	1.5130231692315
-1.41965629934595	-0.0669594138132402	2.04973251519572
-0.904533295445294	1.01071284945268	1.16056559189237
-0.375048215426918	0.912265777326477	1.2288962726301
-0.180172665247411	-0.0968491059338903	0.885319579646069
-0.479090967578765	0.359353848401686	1.98197214558367
-1.72926292528854	0.0505572283390208	1.03321128287872
-0.548830116831159	-0.117163286361956	1.26948778343692
-1.30072188086123	-0.0468295541469588	1.75373537530245
-2.0177425642302	-0.370157578703928	2.51308787973204
-1.52471356918644	-0.280021667998702	0.877256472471384
-1.14162329801329	0.252931271583478	1.72983874846931
-1.26248081200919	-0.421463782241081	0.339302030204254
-1.5010976643515	0.180707085623291	2.35589662118246
-1.27724040286002	0.0247727845675214	2.61677634684382
-0.835140715682918	-0.190694996666619	1.01731239239605
-1.50898509760192	1.13893196748157	0.942571992439336
-1.34697537059537	1.9195807966426	0.976338175458978
-0.731552889428665	0.351827225088209	0.777854242439577
-0.98076231516003	-0.128995948030684	0.890650054971549
-1.11364195166963	0.278773260495675	0.984640511913357
-2.11802886984179	-0.473237698361103	0.783988641789046
-0.695841033314758	0.620355226111937	1.7730214297506
-0.926399413293546	1.05290087549492	1.02132898214023
-1.74122293612383	1.06783652523362	0.519222193196199
-1.68802939878804	0.201346791166087	0.500855111251813
-0.378880225516911	1.1572844242685	1.04325053217775
-0.0252036099563295	0.433006163801805	1.65569167160176
-1.0560947062323	-0.333031843724897	1.70355603741563
-0.357221168546819	-0.0226711747465107	1.15359362243043
-1.16286718067769	-1.7915697987715	1.4148825587068
-0.102465831692184	-1.46137986544774	2.36910262986053
-0.764002719082668	0.735198160349003	2.69078976323638
-1.20116539766952	-0.35198341013218	2.59951623354104
-0.422673552616508	0.53435524076327	2.64464585763416
-1.09309552518292	1.06124870104892	2.51806866813725
-1.1101390030329	0.380925148024368	2.20982018814903
-0.242234183654211	0.620736311820484	2.68870868326781
0.334077173317553	0.732362570557189	2.45943066381555
-0.944353364240678	0.315840510136459	0.408080039767244
-0.661809062483481	0.653602016417123	1.41049933913252
-2.38809659727316	0.787262402734553	0.50707338071352
-1.71779337787795	0.938657747295682	1.85841592717479
-0.364743252832268	1.13098332633345	4.13303705149601
-0.95848114433663	0.535379694659498	2.81669516326972
-0.954518429338855	-0.769643036800821	1.97645653505975
-0.27416118080294	0.551841902931271	1.66398490611672
-0.807715755701165	-1.85550365993098	2.25439338810583
-0.850007770424502	-0.126741412887985	2.17918004964577
-1.21293714499943	1.44718792677601	1.4573094173895
-0.117088221471837	1.13988174803863	0.99957244937616
-1.54933507049573	0.873106262223534	0.602783716258686
-1.19177508545374	0.606615314647383	0.682775492770519
-0.452020035038003	0.523837254456766	0.955134308327614
-1.44709344508937	0.376990329561849	1.05246099048681
-1.5612175495801	1.45381349990549	2.24620500902462
-1.33454441612695	-0.815260304204151	1.64045498063103
-1.44830367407989	0.780105737302557	2.23032383303711
-1.65165834934847	0.199001463884197	1.24258073180342
-1.93720418072906	0.893208509948664	1.26364540885732
-1.55888435568131	0.220911584809254	1.46985214365108
-0.57006390288304	0.00579362875967776	2.92763855897411
-0.950687619517002	1.05996018648191	1.32719786250688
-1.77343281731594	1.16033535477745	1.43896981926116
-1.28328657582956	1.00460655146703	0.680123832977964
-1.3817645274318	1.2497539249514	0.591287668906873
-0.64109837046202	0.467140206509796	1.12916380686552
-1.48142007221693	0.133592395298513	1.75384308797746
-0.953098428088678	0.170592118682486	1.31730429756421
-0.683575418976953	0.635007166241753	2.0871775942638
-0.913753696311411	0.60664391491333	1.26319570809307
-1.40931780629094	-0.00278815091256268	-0.0159821933329953
-2.08589327768051	0.501666858905211	0.530666280394985
-0.823060868591049	-0.0788972362259172	0.599249232209144
-0.994416018137495	0.33659701224396	0.917789646571141
-0.994416018137495	0.33659701224396	0.917789646571141
-0.633669017954135	0.212360849708959	1.34787976188896
-1.82594643415455	0.133493932982856	0.681904002428832
-0.803623091279087	0.73783448951134	0.640430051800998
-1.76393471931256	1.18533454002659	1.16442911750534
-0.170986229240554	1.53748581588702	1.61177078986297
0.887429491649648	0.719266493943271	2.2567003604446
-1.37961957142949	0.555652064235707	2.72053538184571
-0.0189253288436702	0.483952332443608	2.00738599073452
-0.375338163707623	0.252370916722589	1.56900627106719
-3.24642467570212	0.711689925650334	1.94340888015698
-2.85220799207635	-1.39112353811224	1.89633221541356
-0.626105729974264	-1.14863111754256	1.25010337331804
-0.557574831080974	0.817109210141921	2.68325713312138
-0.32818060544137	1.35959380480905	2.54401288589263
-1.05635765304073	0.975191460997758	0.761712331607998
-1.54433980019023	-1.8565588394965	2.31075785064198
-2.18277951128215	-1.41779095389783	0.771268322452409
-0.752416182389053	-0.280334174565145	1.17433168385813
-0.389316165277873	-0.374880054664125	0.83563989569533
0.34916146888668	-0.182817248620756	1.84270190965253
0.156251430747568	1.49312637461186	1.95143025176661
-1.20652338946407	-0.0652694809275419	1.58993672687299
-0.196697465492247	0.50016339469108	2.29891556690691
0.0484101788898353	1.26263873823008	2.59671058976628
-0.556385408643113	0.525407463891603	2.40015920151637
-0.738640624994021	0.627455364212353	1.71691886072377
-0.682293483549771	1.21991885115769	2.50578376315632
-1.0050783564905	2.04591924479081	2.21556763518803
-0.383975232812411	0.240017266484189	2.64945868460779
-0.78431874207406	0.417443458796372	2.57284820206214
-0.943276368497583	2.00844860863393	1.80994708634991
-0.955415814232394	2.05372040051468	2.65090272053111
-0.624521174734713	1.5813679361965	2.59570028834412
-0.521785108664839	0.736154740192013	2.60026983805323
-0.341918759459629	-0.0687547494500061	2.07826040078137
-0.46240191640591	-0.274982511256857	2.53331767753459
-0.594044937039321	-1.09678528973765	0.864499531146392
-0.480100586200147	1.00568105315003	1.16571852486186
-1.26659186864206	-0.642704412354676	0.801955991455545
0.00387527215013039	1.20086604336995	1.80483753246427
-0.380878226700044	0.602516686022867	1.2397157419398
-1.22908727557768	1.31756739086006	1.20509888422197
-0.709942967735891	1.56097526819393	1.34972968941488
-0.721090226096315	1.49611220907082	0.895170522573775
-0.653989094278295	1.14126928847489	1.27481966243896
-0.819978688032256	0.443233320355457	0.350196250519817
-1.1181304530405	1.31047754412314	0.616295743002974
-0.506788166563131	0.648078200835384	1.56251439835939
0.623115992183659	2.16973923192291	3.42259672920237
-1.61922439392957	1.8809403220544	2.06658229369593
-1.24652825003854	1.9537041663861	1.89595026691734
-1.46760890480777	0.89907266747273	1.2480062103746
-1.21841767235075	1.07385756293294	1.8538536519159
-1.20479339893955	0.153953574471163	1.0320881903706
0.0411262536957007	0.954023900739431	0.561870934702964
-0.630468565074561	1.93662112502713	1.91628862920517
-0.630817835529984	2.45818211982135	2.96134075581255
-1.87394654345229	1.83271328006671	0.938575142701991
-1.26487002616462	1.42519689800382	1.36953456651301
-1.52581669284093	3.28418456956977	1.76276773399396
-0.974572361622746	2.49533412160502	1.6446639669091
-0.143221954412514	2.01922638106264	3.02805756510977
-0.0918091557642816	0.917663039372011	2.84439461275865
-1.03181447000677	0.716537075359793	1.55784538411234
-1.03181447000677	0.716537075359793	1.55784538411234
-1.42242573343979	0.240536946657776	0.113999622290228
-1.04162681468793	-0.0620643227615642	1.0806066107397
-0.603568480870079	1.13080080394204	1.25774087293914
-0.548301679917842	2.25323834313765	2.26435152994697
-0.894157805804245	1.78232905118015	2.59120879468708
-0.899125648677642	1.73207950161838	2.30074012714104
-1.20166609804645	1.33000152792191	4.35116272891813
-1.02047029924577	0.742512485188985	2.13977028342657
-0.648551732099074	0.45458789456575	2.36833937249654
-0.819230384381599	1.02148373738613	1.48951829528387
-1.93312510587533	2.6539840892289	1.18639036830263
-1.39455750037657	0.116557553763512	1.38145974390463
0.144000291005227	0.498007242607896	2.57528718765954
-1.92938290221616	0.0769374081787467	1.89002616465334
-1.88308764631135	-0.0120108058505932	0.669638277931436
-0.497872413141485	0.0966867767434813	1.78905198832096
-0.718790648212301	0.149575489199247	2.14900160977055
-2.07624740991243	1.13245679655303	1.88770900123134
-1.71276447818832	-0.429097402195796	2.33434215546243
-1.03010002113922	0.0196483235158306	3.30231367591944
-1.37163052382128	1.29332107221749	1.60203779443476
-0.974408731927298	1.39989344330005	1.29149576036733
-0.434099131290266	0.534409177631908	2.68800596071162
-2.71425592722133	1.30265087758923	2.17235177381036
-0.58602124797102	1.30150194939761	1.55155806621605
-1.07895676596111	0.738048598032556	1.23134279123031
-1.07895676596111	0.738048598032556	1.23134279123031
-1.35650901107854	1.55253362059567	2.20094778869511
-0.924848751338119	0.685053180827308	2.26491176165651
-2.19941596838539	0.370618102179718	1.23511800493229
-2.22295314678836	-0.149547961700241	1.30656320023138
-2.72659690543257	0.26512160222827	2.46740257399248
-1.68645624678687	0.895038372120735	1.6144772172515
-1.61751346279306	0.992130390822181	0.724913867374307
-1.04481592528501	-0.314615010874102	1.40826581397525
-1.40285110932594	1.54986810282621	2.01232767967778
-1.17058493937248	-0.325587573584847	2.38601506465217
-1.24380575865878	1.59826822302072	3.78024456871838
-2.55031535093707	0.55632014847005	3.07395830868586
-1.48949666756293	0.694043648982218	0.761870083760525
-1.06914275193849	0.383581090730793	0.921094508888388
-0.633717763982754	0.648971215889896	1.66545541184625
-0.613291079601994	-0.149921173932222	2.12380319362804
-1.38597200547677	0.256653300544402	1.27260909943547
-2.23757383588248	-1.2389397042283	0.412655040362681
-0.312327742612119	0.496268471590976	2.13551116091532
-4.18632406567598	-0.907328822015208	0.00389702380086159
-0.557706158244908	0.20371396266218	1.51807100699515
-1.01810145535574	0.449182647319362	0.369726055684725
-0.12833117031516	1.29218655313148	1.55306701916541
-1.02824604030682	0.254441260246672	2.08488383644652
0.940927574528555	-0.146790852916657	2.13214983950086
-1.27516629136152	-0.986789288228108	1.68367194303984
-0.701562281118913	-0.257707628910898	0.775821952323104
-0.421645016829865	0.548631846287184	1.76165658298479
-0.636119073336682	-0.174230387796051	0.720148642391982
-0.388766014187176	-1.20424190611717	0.846294127831699
0.122213225192829	-0.57943123191833	1.97660590271711
-1.24583566587884	-0.391450771743251	1.80922807755646
-1.49146948602765	-0.887377773113455	0.702099287030029
-1.30048179477797	1.21083657908557	2.69406446815318
-2.12599781281745	1.0737744362016	5.26520171528447
-2.39604897874372	0.830372716889592	4.17899284946622
-0.711725348025708	-0.211252832021715	2.41498479640703
-1.52434529299515	-0.357170352193257	0.988668844492338
-0.978032340052107	1.13151868616304	1.5150250762976
-1.00244627311421	1.76878157815643	1.70082537542337
-1.52380532620707	0.858563371340012	0.55635767635418
-0.742374243502559	0.853104317742135	1.2879101137854
-0.962142992127197	1.30319943210904	0.961937527935662
-0.635513031842793	0.620225034943167	0.94216087493973
-0.678225190131592	-0.468311219714658	1.37459069714028
-0.632183972683918	-0.534370597067057	2.41986747785977
-1.04251450135507	0.0697702475335652	1.78757310628161
0.0964015267613844	-0.11538514456065	2.23799685110558
-1.54223627352752	-0.256997322828801	0.944968294446963
-1.7418728620972	-0.496571684508839	0.945736164099827
-0.769067164085776	-0.197561796405247	2.2948706108623
0.0666986097004823	-0.00481135396923288	2.95730339538612
-0.364721629307009	-0.0382373994361301	2.07852941340489
-1.42163523874776	-0.808023508933571	0.99553414935198
-0.669111937415055	-1.11723260794099	2.02449055834948
-0.406497080503788	-0.080325217276101	0.958913032429562
-2.09200478053838	-0.651507170055371	-0.250429234055071
-0.708679209298212	-0.160256614288087	0.376965323025119
-1.16270903675058	-0.596874812470802	0.782297219171961
-1.02746265798748	0.157078684027385	1.96304208430143
-1.3691662717576	-0.0413903889287582	0.851369574386373
-0.721373366351639	0.278540997743642	2.11100398082091
-1.75920402215124	-0.271647374480826	1.46028573880827
-1.55171156103341	0.898824590668309	0.754046437739041
-1.12770833189826	-1.51272350273558	1.78546998385995
-0.807895712403424	-0.768977557927013	0.778959750863577
-0.256535905682597	-0.992760374085912	2.42336775181336
-0.223231184747613	-0.712881946749002	2.69994080877075
-0.881720139008152	-0.802995327173158	1.42915153925213
-2.04803125591048	0.153289036167111	0.769243371847854
0.426880516628395	2.19562204559064	0.741223064563095
-1.63025603258569	0.793275109378808	1.5280043538532
-0.405921275508939	1.21066722613018	2.29521631382067
-0.3132153458755	1.47160625330675	1.52599779455885
-1.05934545286005	0.260751635921939	1.90908720724092
-0.191906328958224	-0.202583364532592	2.47180491354546
-0.163748574013161	0.851320968271978	1.61454171237433
-0.707540746092779	-0.167341891564163	1.1856124553632
-0.617915836781651	0.756083188123609	1.37105700748566
-0.617915836781651	0.756083188123609	1.37105700748566
-0.390509679098527	0.998263980943231	1.88175034531096
-1.32679171076136	-0.109457270189734	1.63192561852552
0.177694299491269	-0.242039082698219	1.87332856645183
0.0453800310132305	0.500903297524169	2.78738299774089
0.21238347629061	0.0487478925407189	2.97353230861549
0.0278531832530767	1.35903080315994	1.68266578370868
0.275634394898527	-0.838936253192352	1.95065519000698
-1.06551663223612	1.26421239868763	1.19772912971802
-1.46621685928513	-0.280569232173076	1.06406732624735
-1.71215913605609	-0.326554829939863	1.27209731507733
-1.70292649782031	0.037033588451909	1.25818797200627
-1.45840407380633	-0.221033198680111	1.34938856396723
-0.962136672633016	0.240771687666317	2.38292860566364
0.285311252963707	1.26445746293121	2.30161834350091
-0.376487971134328	0.681826971862869	2.18670895152298
-0.144444753638724	1.25647279266778	1.8808091114818
-0.453992134265737	1.25625436853268	2.21446026170852
-0.322528851274359	-0.272066684765657	2.56599550408161
-0.915612173373504	-0.144559290112681	1.30418271314471
-0.397410494342276	-0.221607476540564	1.0782847110619
-1.10325660022655	-1.82236378504549	0.994303501845109
-1.22252403908864	-0.0927573197717986	0.718382850707397
0.0867006720184975	0.897775615696817	3.60681872194236
-0.423679360517528	-0.100103795937454	0.796943746950953
-0.471739996566512	0.704885467210803	1.85462110703569
0.330716416640072	1.55410858409452	2.42659517349197
-1.57963102769331	0.966729708447035	1.22698016568831
0.207944170238265	0.449882907566508	1.74759844446899
-0.137624025747869	0.302738168131363	2.02071624697143
1.04226215975227	-0.0029178097222019	2.65375156771051
-0.201799841647547	-0.147487724816282	2.14729382766153
-0.297775623855823	0.480682543561991	1.905593187462
-0.247169447499594	0.33605310272612	2.5112711333271
-0.677754742597378	0.799190655743226	0.507141025430912
-1.24129190881803	1.03389449658093	1.83277653643793
-0.323049516365128	0.980291295439977	2.2694484370678
-0.872291248402149	0.197722788669767	2.31048265896204
-0.837320446039909	0.173969443898361	1.95240229254777
-0.0629711325399039	0.839418020006012	2.28865041066455
-0.0742897605535293	1.83892548787379	1.86450058969481
0.561245452721924	1.8235888908072	2.14445344584884
-0.655827428961113	1.17501930785701	1.63113933297475
-0.540661415457466	1.30362760285755	2.5756513240628
0.42758047403741	0.952152836834712	1.31878189974973
-0.412449486066604	-0.0184360613255969	1.09508705742164
0.776529882742725	-0.7656537695405	2.51667598264312
-1.82195349651654	1.85535193592496	1.68223916649358
-0.51637432056857	0.916384461591108	2.95963917929417
0.0156186217829275	0.288689230761466	2.50945140833981
-0.339975402975127	2.12232575811169	3.04136922457173
0.871737430467739	2.0610090891865	3.31195506499869
0.442048594678256	1.00757100329282	2.53305839184665
0.42170172871648	0.475437660852704	2.72553494607291
-0.862834025680262	1.2932721526165	2.34660503863389
-1.57410776517225	1.03920835877429	1.48820907630588
-2.98772864567595	0.399277902276485	1.5223552262398
-2.07387342060361	1.08087665619758	1.16390364664081
-0.828251974701522	0.672911182107296	2.20065954530251
0.0763902306917061	0.706027655607136	1.12458479257166
0.374614017537915	0.73623404559014	2.58015654278248
0.0740704421711392	0.565306514540448	2.72123741798691
0.612031293191113	0.217863892667036	2.24913736851951
-0.920431574456121	1.59128856418648	1.1519321670822
0.492919452163155	1.93853075666838	1.08261320631926
-1.86321902072186	1.13973627588307	0.96225078238941
0.17033111480056	0.802137780554655	1.85524320319847
-0.606558523085815	1.30094578209802	1.65899992426946
-1.03665349902744	0.24694348215369	1.97971755041993
-1.29670580368774	-0.184677954434621	0.843459915671253
-0.322033166882608	0.942640189304906	1.3787663986904
-0.318576460358743	0.141372770283927	1.91170005244743
-0.650444937409757	0.633998051392081	1.60069837680508
-1.27259248103723	0.940021946648834	1.38128842822009
-1.00875937822484	1.40732818300402	2.55877313430781
-0.272685950765205	-0.0392863718834096	2.82642232163072
-0.440926806513899	-0.235335478760101	2.17257084262984
-1.02537712995873	0.280303078276083	2.15110286781003
-1.05947684481005	0.583915399486835	1.35426920064089
0.260622429261362	0.496952985174807	2.34036207979267
-0.0360283743559577	0.34867014762907	2.98969811043274
-0.921527626901356	-0.18855643408328	0.8785462213095
-1.29575044811045	0.73541791565353	1.22011895767443
-1.11981456306301	1.79283668883086	1.69547740555228
-0.166178594638223	0.342130773177324	1.473482115597
0.0284977359371216	0.517657540902247	1.862958281359
-0.321055966686172	-0.220340080347647	2.41385982749576
-2.1515702287815	0.667794715748002	2.85234755500997
-1.41037072734404	0.821729650874483	1.50530005158802
0.740119179709636	1.75482310937142	1.66000464047637
-0.328196907803631	0.732823815837993	4.18878219413527
0.428651488401643	0.135716128797157	3.06952862468337
-0.632884421515212	0.649074752948451	1.35594226276232
-1.55892567739451	0.37311285769405	1.2443050651953
-0.36204154679561	0.77781807881616	2.77092053406677
-0.356420764283685	-0.679132462666033	1.89499245419529
0.0925502075582382	-0.10650442735988	1.6152739288569
-1.03143521425528	1.20470045040639	1.89877567387633
0.160600106269392	0.415408311225607	2.3844207514703
0.342709002091985	0.685573647129457	2.16471557062383
-0.785412922075741	0.590182186141707	2.04171349414266
-1.69230207244611	0.30425228598549	1.49036215961494
-0.640215967748447	1.19835461932943	1.43155779550106
-0.599667861748378	0.606783723702533	1.29022129975537
-0.599667861748378	0.606783723702533	1.29022129975537
-1.30916096881106	0.396942042566308	0.740255475793563
-2.14880928410883	-1.15138563137861	0.897608871990891
-1.28979151295046	0.491847940476349	0.752242775684032
-2.57111575141593	0.905635603668758	1.80487082408965
-0.632987485315108	1.63817005090809	3.12757762580659
0.00636405735914813	0.35168592684289	2.4578277227084
0.0127517936861414	1.16194239466497	2.53345891286135
-1.21431385696381	0.276336993755824	1.73288473893438
-1.00087061713049	-0.0471890359362218	2.13127227648202
0.291052605955185	1.45715079391555	2.16401102368753
-0.662723726986724	0.486199077295952	2.31791725941031
-0.662723726986724	0.486199077295952	2.31791725941031
-0.682391961482671	0.241083180450097	1.6100371434674
-1.07759075653266	1.59885212441528	2.31948669400646
-2.71883718493289	0.739393404170702	3.18601152955606
-1.59889769167027	0.3295594319351	1.34605141837983
-2.92631549785423	1.02275226693182	-0.0504167922368425
-1.32382786681754	0.929971738683522	1.35782664742089
-0.430428685148811	0.992705294955722	1.1936254855694
-1.51108989281177	-0.242043962880247	1.73332441612792
-1.19333728549608	0.00537899108047085	2.74915786215466
-0.764623163818775	0.458484130525252	2.0757311349686
-0.908747726048701	1.04226068216841	0.854085054567818
-1.11966770184188	1.28800743413344	1.1642673518583
-1.02134526192692	1.57170629531054	1.45989802613003
0.190517537486634	0.944776015062272	1.93860006533849
-1.26896966766386	1.73556249419919	1.56666290525883
-0.635591764263425	0.477467734559226	2.15788636643629
0.0255414000517241	0.938188843612436	2.64150329690172
-0.627624147481529	0.9352223435969	2.61517212247945
-2.35993289766279	0.905212567856467	1.90658748173038
-2.39639594101151	2.00833617153195	2.02188839750231
-1.57568682296337	0.821223681737444	2.3498962065384
-1.23735775577855	0.513428012898723	1.51980147721011
-0.211618145503035	0.959327987801334	1.66537622897179
-0.316484247899978	2.13773050339029	2.12707429918358
0.310965420174591	1.862111817183	1.8826617544981
-0.99016274632136	1.32355666379626	2.2498242087666
-0.550680304379036	0.963757704886808	1.24559333861903
-1.09068279627875	-0.0375666398263564	1.0990098092101
-0.763773426081687	-0.630051374066507	1.74603209760708
-0.528189659904299	0.4461771857831	1.95832845621974
-0.152944763718822	0.836579908572812	1.50400893119579
-0.176152102397745	0.35563719901898	1.87852614602434
0.00633871185157313	0.413402083815785	2.08485364910078
-1.85911804944031	-0.00261261798685908	2.19147073667942
-2.00828915676062	-0.350282559241218	1.61802081708292
-0.623608831249765	0.326931469318157	2.26487905311867
-1.21060234206522	-0.260566457651963	1.8830395995222
-2.03410414514158	-0.706551383490521	0.700791135556047
-0.907244528060572	-0.140193789421291	1.86217170923962
-1.64880365798517	1.24757129891677	1.99469044710228
-0.792315524723779	1.35486044640078	1.50106639627737
-1.45169604062467	1.28359867824203	1.66477492676184
-1.08458955123014	1.51735550327239	1.38767652304625
-0.457977845555106	1.25461572225164	0.614777096468352
-1.09890757945057	0.32488333269588	1.27726789616399
-0.782659481298129	0.182242628968831	1.15754611136911
-0.779702581450904	0.308094300266719	0.960914841125474
-1.79029997879196	1.07074624259449	1.04291503736683
-2.10817706336004	0.490657338005175	0.953924255237711
-1.40104964363418	1.32440629697311	1.12378374925138
-0.606642678210644	0.759603404121311	3.32774811994364
-0.835974734766453	0.310973953193275	0.524749781382852
-0.864883027528658	0.80161055571075	0.934667022704611
-0.979401752865366	-0.327882174383703	1.56848865977991
-0.979401752865366	-0.327882174383703	1.56848865977991
-0.284293707716376	-0.124554825218841	1.52586155147512
-1.50601787592013	-0.354050724581732	1.5828620510971
-1.18498126444265	1.06366306438088	1.32266909995756
-1.13225074602596	-0.374455055651098	1.91456351884031
0.152404386137193	-0.0641487745130359	2.38915179981842
-1.51724847477574	-0.00905718850462933	1.92820146891307
-1.09822111135993	0.569014358943792	1.9318219475536
-0.231479329380737	0.683739763775981	1.79635154576095
-0.28492667473512	0.958431370360193	2.18001473803806
-0.502152254638704	0.276332740209547	1.56688627434984
-1.75764585555731	-0.283790897757248	1.55433365359353
-0.165027723321759	-1.48942540823848	1.96389995484019
-0.183465574463565	-0.0043134406309886	0.640662787523577
-1.6609393262097	0.541412374497563	-0.0792012564502695
-3.33742996173195	0.548317071220149	1.78163337134801
-0.264378036303274	0.843743740780604	2.54541424016505
-0.441782155488173	-0.135557490183512	1.5346407900511
-0.839434003550376	0.608685903900715	2.11698592194296
-0.901304437780062	0.951970944321412	1.55048898131509
-1.73634313894654	1.24096770211335	-0.060423463153147
-0.118759249960622	0.959420801397464	1.49457951700645
-2.42859937246651	0.41853519842896	0.302122376314075
-2.50346838943882	0.119952239272949	0.75468916366401
-3.31497946772937	0.514571793212025	1.52605304936103
-2.16977408508672	0.14615337467345	0.87604446474333
-1.43321095201721	0.394923192087935	1.13457457368032
-1.43321095201721	0.394923192087935	1.13457457368032
-1.36823090150086	0.846133340580323	1.71446398419623
-1.36823090150086	0.846133340580323	1.71446398419623
-0.204767677916474	0.420402342801933	1.68731657422386
-0.736372406867367	0.493270714614654	1.30576649726755
-1.22949066582029	0.360463329631092	1.56128434831232
-0.55234269652384	-0.226647133366946	1.7661521146538
-2.63350583451001	-1.12200068297206	0.379058483474566
-0.822325090602547	-0.000655758089883607	1.28067100280436
-1.99253973440756	0.222614123931599	1.19299508454463
-1.37596480232937	1.95975072908159	1.22622761018552
-1.26624342925067	1.34323544145954	0.959556788761614
-1.27105490900237	0.964306110127741	1.15916550805279
-2.2269744149162	1.25496090440698	0.69524105796056
-0.69401208138484	0.625932430262422	0.400382377263806
-1.09195347939164	-0.0518756383698833	0.175019137880526
-1.45545255930934	1.00125540049999	0.104112617219015
-1.8306341334744	0.118772376813243	-0.211989101850894
-1.06969817854232	-0.443383583088527	2.19159222215696
-0.503140939109065	-1.15554612900006	1.3810797570957
-1.85038044035213	-0.31743372148728	0.620155876590183
-1.80300429151747	1.14417290252948	1.451012242668
-2.26084291351826	1.18750165835571	1.96576157030834
-0.801024925979814	0.255730364204763	2.22777809346763
-1.25791242721624	0.285398335882272	1.84343083976109
-1.72024076029635	-0.0615857226158901	0.948932829871152
-0.874455641782813	0.0967874735895784	0.818059787210346
-1.40116425923406	-0.736076022529405	1.35585159859994
-0.776326061119842	-0.878374807802202	1.87847219938626
-1.68881432494096	0.110518063119551	1.81020070393665
-0.452827923085392	1.35002157853251	2.46631147781535
0.0537442561180312	1.72865251828505	2.12970314963311
-1.49041550114557	-0.341971772611951	1.72198948714894
-1.42678973781531	-0.418171114289939	2.28014849783761
-2.77109974810802	-0.323133965389012	2.81065001432869
-1.03217552237746	-1.77898412358333	2.53354723190878
-0.947863197081177	-0.676863261726752	1.26148763475078
-1.02750193878388	0.00356115905316121	0.885467459757422
-1.40671041837637	1.13380307307023	2.06530583606116
0.2648504424626	0.934848874034917	2.48911824317924
0.0477633029113056	-0.0941181348254645	2.50569084573701
-0.724065276116551	-0.621579029865849	2.0794981460092
-0.433918886964259	-0.0407405623241217	3.62843707391701
1.47289246253787	0.702250346619959	3.24929647727175
0.148821572138721	1.12659326544564	3.32844144275926
-2.34950226765484	0.12694737696371	2.87385974842702
-0.545347825998341	1.38323542627698	2.79520724320981
0.552839694969223	-0.111761147804505	2.70859464436173
-0.727836325313499	-0.304034384351383	1.94622440134009
-0.26526596381813	0.933784744404314	2.43974330569734
0.844714845469189	2.72069962973805	2.53569169961248
-1.68900302794248	2.31051167956398	2.23268244492495
0.0069842228536583	1.08299229800498	1.8119368303667
-0.304473812090939	1.09679063844951	1.5082297953219
0.0319013299646489	0.954748664426817	2.19999312826421
0.444661702332947	0.185737697834875	1.49837137311527
1.17959657542247	0.303967903527009	3.13407523286909
-0.0823568287105884	0.0970562865101066	3.01740527198084
-1.12155723930134	1.13248319929162	2.91168098983688
-0.394366065191247	1.87728175946417	2.03622859119539
-1.40713174841488	1.62265195714242	1.93141992309899
0.414489318109159	1.79372353381804	1.92610918674937
-0.293707963808513	0.563095406082659	2.67846108060906
0.768553491400503	-0.0294684956139173	1.67522819759144
-1.0293752944692	0.743966760358614	1.49856324567697
-0.0687984991818139	1.0568666142679	1.57249815156616
-0.7576094933486	0.901720990683964	1.87214337381178
-0.808000763327456	1.07139994997182	2.33322235629303
-0.431374976225878	0.770104457048032	1.93766039984188
-0.500373607932022	1.5345865639247	2.05726244213488
-0.311093191567942	2.32626144429113	2.55523208774403
-1.1480083968541	-0.512680230056196	2.06180859614856
0.472553149213381	-0.0767171569011538	1.94083154128767
-0.156392333138948	1.88782522329909	1.99542147108738
-0.516680116183144	1.94592057955899	1.86946168828449
0.124833990898374	1.98295041591524	1.99220897638281
0.545295372239342	0.512587273085397	1.86261488687508
-0.293354501516144	-0.0232485646230294	1.30919756136202
-1.04092519293689	1.27548515978912	1.79875751945299
-1.03118575582408	-0.330162466981563	2.90303868719632
0.35804288406692	0.292046972208606	2.06634018652948
-0.124339315886378	0.890611261738933	2.61908710287581
-0.124339315886378	0.890611261738933	2.61908710287581
-2.11404022006076	0.985092307074876	2.87783214763135
-2.79714172548204	0.982927429262997	2.67701949575342
-4.24045362694379	1.03798147909292	3.38317763401059
-0.815903856903776	2.9335288216937	4.51028092875546
-0.716244958045702	1.14960210600161	1.73787937252425
-1.11257816263971	1.67735489936518	1.37397757606745
-0.448406856156239	1.03722326219187	1.53508523636279
-0.0696379989649723	1.19972692813425	0.644248030976693
-0.8454287576542	1.89740417419218	1.00523985641895
-0.831236872690806	2.01148293308429	0.286160045271164
-0.931936125859418	0.742996651904908	1.10672431784331
-1.16533269110816	0.765673291449427	1.99770846136612
-0.752518396976345	1.52181686426897	1.92254558379469
-1.44553570959406	0.773716229176528	1.74227264511215
-0.710687108614079	1.65062281257298	2.50919411285383
-0.762069986728897	0.22137230000177	1.89301171746241
0.229807863857427	0.994397844295612	1.04299713017617
-0.0330301570398027	1.66511469714153	1.27681926233401
-0.540936631957062	0.213583218125595	2.25914548974472
0.381865713447779	0.366978149783939	2.49829111279595
-0.708608931932181	1.44703458781122	1.22568185898267
-1.5442792500148	2.13120329537409	1.5505994714959
-1.21735339757271	-0.582928002850572	1.12075527560621
-1.54599024156147	-0.0340267517075427	1.45978522989977
-1.20528471610545	1.04396524901487	1.74171839307015
-0.495123417537063	-0.104197430885724	2.59174823755989
-1.40672973485901	0.955311441639661	2.05641341724201
-1.78422400363984	0.837450644568677	1.16806225679954
-1.74645848574501	1.50190244890649	1.91086833784478
-0.520343635444504	1.07910225023031	2.39788639767202
-0.708917731026006	0.975071849614781	2.78533245754155
-0.0298187725523858	0.77134656852282	1.73209319166223
-0.845971808800627	0.956770354689707	1.13151343524228
-0.593347190525183	0.578711716874683	2.80504618221168
-0.577056645321611	0.271116988205455	1.67624417477826
0.141241302476594	0.248585841478806	1.23139089425163
-0.541670186802083	0.88154319277006	1.2696619334757
-1.16764673819142	0.753236353032057	2.0229481077569
-1.28515075001084	0.798115602242803	1.22089532930185
-0.0360014672312763	1.49148854767685	2.10371738523076
-1.25929352792187	0.481182470117695	1.174623018485
-1.54264716914985	0.60134624916406	2.14611182888693
-1.25787408904827	0.664778766472819	1.78868782869759
-1.14100150230269	0.937689569941082	1.23364876281783
-0.701408812418405	0.334335063897524	1.5128609362678
-0.864772594385409	-0.0275142916137625	2.22158322871902
0.577859683152197	1.19166804655268	3.33183448029828
-0.125484450525593	0.388507420746049	2.56928940096209
-0.664964733897799	1.50232338895087	0.726690601029964
-1.06319560775493	0.570942634207813	0.423021613275807
-0.409001710391568	1.47023314679426	1.30053580016437
-0.110962243204699	1.72732913637742	2.17291481804895
-0.653140453828643	1.78576337481724	1.81207971528694
-0.572207349820109	0.861268742601906	1.52818793765454
-1.26508062088107	1.62386857075935	1.42331534499338
-3.5017090829043	2.48072266206	2.31592641043784
-1.74543957940678	1.80175483258632	3.09723174851215
-0.607327303742137	1.59057971150477	0.965707234593386
0.688704893642199	1.08751629610184	2.51451324554907
0.419005930719739	2.02128408855534	3.7785350533657
-0.625059498599647	1.62560925444123	2.03096383411303
-0.280445721302624	1.01198870998001	2.44066326209773
-0.233848426379096	1.488583408864	2.10915604240353
-1.46721471334869	1.01372949869212	2.61581484147805
-0.118784240102951	0.323723630638858	2.54935148397827
-0.187607623776425	0.528733642537479	3.01685658398596
-0.892420043441602	0.406159213882083	2.21547546175718
-1.2129572710615	0.265692092507587	1.95809251659082
-0.972478059002764	1.23866160300783	2.02151858361716
-1.12428748196613	1.02944406869047	0.736826434093123
-0.51474532983617	0.82959458117296	1.12254908431999
-0.183730594801499	0.422004472929036	1.9641496462805
-0.970414461402235	0.00906155855597435	1.48930451103266
0.0593389123511647	-0.0972715977879524	2.07815051667875
-0.908675130853829	-0.15588336510223	2.24654571545119
-0.945466151903057	0.465012204003435	2.06499459967647
0.382819788745812	-0.0397029103313471	2.70406398109515
-1.22282966814301	0.507045771002192	1.42246963566023
-2.54337127329235	1.01763227547982	1.5043345165224
-2.11008787491122	-0.023066395590846	1.31587920366935
-0.639974940141917	0.802286331332383	3.28950185919785
-1.14536831241745	0.683500865784422	1.73189913917213
-0.583190609490878	-0.591738691987666	2.06137873981263
-1.68389001713178	0.42013629277796	0.277705510242863
-1.55019443904522	0.747652069315994	0.382033044061893
-1.50538912678671	1.16054830110948	0.62044321856267
-1.43740550131528	1.96559784691029	1.59543552974442
0.0613623773709366	1.3028402726449	2.90954607388116
0.0951439566152089	-0.288553648009532	2.47910298831426
-0.990690294730239	-0.134214319507439	2.83378376687566
-0.151725662575769	0.644279656504439	2.72838730318894
-0.607829847757426	-0.203342611876428	2.70103388480677
-0.612472754435951	0.796528736706424	1.84557835928948
-0.0234801448144886	1.40120960614949	3.21803565263939
-0.903834255348738	0.903114311990086	1.50400635966853
-0.903834255348738	0.903114311990086	1.50400635966853
-1.06932131396108	-0.0748955210953877	0.962483472463863
-1.20782512253778	1.1188246607621	2.05050179956812
-2.56991545077187	1.5718775971734	0.653041121460888
-1.36527749129419	1.0808529343325	4.33682497891757
-0.501755476917293	0.490424768296977	3.12572226336998
-1.26655318141315	0.897959560212632	1.82580850060085
-0.906697948624855	1.77571229674177	1.83743984020684
-2.44352014363472	1.09353806466738	3.14803043534629
-0.692759028270551	1.14763870479247	3.25680419994081
-0.76264510925955	0.784791891083632	1.77652053352305
-1.19109548412915	0.660932507213677	0.94060838541622
-2.18285646886074	-0.0809739318177293	1.29561577369149
-2.84941436187112	1.29482053327217	2.3288797446711
-0.519495796151554	0.49547620270741	3.22472960797599
-1.03012687830608	0.452586536033756	0.907540129676379
-1.73160655377486	0.686681184169588	1.50184968283131
-1.32608769980724	0.470634243514167	1.53454478866395
-0.699350764782744	0.349733537816856	1.76042786816248
-0.756872325915553	1.17144382963204	2.11031524168872
-0.640044611105771	0.469017027749151	1.28952639699192
-1.07493946811696	0.692303427157316	2.07451519866586
-1.23500833982583	0.154450249214823	0.631230265009503
-1.23500833982583	0.154450249214823	0.631230265009503
-2.33163361760449	0.228921491881349	-0.00682837261115199
-1.5347291169213	0.889874891956744	0.178624677815688
-1.24690270844213	0.783019989582666	0.430756369333622
-1.40193616340827	0.867803467719095	1.8132730957461
-0.165439929729837	0.486005994857292	2.1052936240405
-1.77260199319022	0.17063559025455	1.2870322812109
-2.59115217839456	0.575910512617345	1.04170118506893
-0.723705409872835	0.946283669364306	2.74589173693395
-1.25051243108728	1.06386512758154	1.65981841237018
-1.01802432672189	0.885486465763727	1.95737433972277
-1.57072149115118	0.449764156701641	1.01139233319563
-0.61372155169093	1.7577326261802	2.12471299082759
-0.938069193057089	0.817492989971891	1.4149723167649
-1.74961874905161	-0.203260337016265	1.22039396637508
-1.36032208616591	-0.496626434034327	1.64074527004565
-1.00722259706815	0.15355706740101	1.85849574251008
-1.41109615081341	0.718842713350301	1.53558724108799
-1.41109615081341	0.718842713350301	1.53558724108799
-1.06444050342686	0.860207849945503	0.516182411273428
-0.938881494287691	-0.219297763775422	1.94315550157508
-0.489399278421253	2.06755250239484	1.55047673771407
-1.19221504965574	0.811325272209139	1.30487321141262
-0.837829184313994	0.390791322154542	1.76351187667855
-1.09081629278256	-0.531305545945329	1.60337510378305
-0.808494683912319	1.17875565045277	2.09223300460691
-0.73405796902038	1.06958442673311	1.2240720090873
-2.02135020514692	1.03588683020855	1.22868572778356
-2.38828897102827	0.257936093994693	1.0814318303548
-1.4546245181467	1.33141961060347	2.29809398284245
-0.816083475065337	1.254566447305	1.0419927133338
-1.3271615328062	1.35406843504767	1.02068732865601
-0.646682791148502	0.716489908899002	1.82894690697565
-1.67711908065373	0.0444424487906269	1.23637333009962
-1.67711908065373	0.0444424487906269	1.23637333009962
-0.822903014001995	0.391934741198371	1.85533825782578
-0.803607357892408	1.26064036830094	2.06314732198528
-0.577755719734605	0.205808809097636	1.62849851926627
-1.20109666093757	0.816140368051043	1.09291811914838
-1.31752354007697	0.0324562226219984	1.57918854917562
-1.55291269393171	-0.313934138508344	1.91155645242585
-1.36828482591687	-0.336970067530918	0.261738469695475
-1.56801423935156	0.171544724833361	0.903626137000444
-1.56801423935156	0.171544724833361	0.903626137000444
-1.64787007886964	-0.100161041301016	2.04066882847721
-0.143947787470688	-0.0663760396722755	2.85585491376685
-0.694966269704421	-0.624047790760635	1.51572320326363
-0.289896908551341	0.078837576861555	1.32662087612081
-0.880241196562305	1.15901256717178	1.51295532528994
-0.282423425257636	-0.218610202473163	2.00227348513718
-0.959542642544272	-0.528652155239572	1.26213819486584
-1.01743930032281	0.314423314474411	1.40321628413026
-1.04866099899979	0.488061675462323	1.5816510831313
-1.89568254295339	-0.96927755786545	0.801637035809935
-0.454283187287897	-1.75651682222823	2.11223818569477
-1.72741918913437	1.04219368669803	1.32649366181452
-1.71456008967876	0.373689177828943	2.88664795766612
-0.261615945886018	-0.498096026326561	2.85423460554434
-0.845739585252537	-0.983309338977864	1.30056470692713
-0.845739585252537	-0.983309338977864	1.30056470692713
-0.371551321432276	-0.603006755385137	2.0711192233594
-0.172388165179482	-0.878239690214591	1.42929732958693
-0.762916526395737	-0.789676284084925	1.92202000925671
-0.589382340315485	-0.586144516847873	1.81010106232698
0.0546514051607359	-1.00820453001247	2.73645117025957
-1.13306032900037	1.24782625455534	1.84689940449517
0.264254021020474	-0.107463441379974	2.36784906961533
-0.581762016671501	-0.302293604143307	2.13718659487076
-0.848992493678903	0.441855341619898	1.48804768916053
0.233471466565463	0.873844163654177	1.94491163705048
-1.68850531860896	0.230649898087433	1.40681415791371
-0.546604850457412	-0.0116741118792067	2.14756095529514
-0.262111163241649	0.755747983694561	1.87784955915121
-0.606590952712665	0.623931756942151	1.10326878565193
-0.862154000382878	0.423955087748962	2.17262082913516
0.268999626062682	0.101354575310894	2.17728314578893
-1.42659201328473	-1.37651451471989	1.91919407364005
-1.7817757540098	0.0928021478298538	1.18339441826023
-0.175562203879647	0.982056114907331	1.7283337953588
-1.66795947408761	-0.21462748789699	1.50703429008016
-1.22313906507795	0.147799647237853	0.954959955267862
-2.32811620192299	-0.851250361265211	0.237003456412509
-1.45028749125687	-0.380430773548773	1.04106860812379
-2.53064627733106	-0.073908064889093	2.53136265850424
-2.23378305060974	1.05205783412905	2.04539600177882
-3.1406782828284	1.31591613167357	2.51985285743108
-2.53591105727885	2.01389864599879	2.06534858611709
-0.80568009022346	0.114646256426646	1.90854721603928
-0.611086782265045	0.759562603109392	2.69833701441486
-0.892034756632296	0.720598740719632	2.03003123516997
-2.23786560589319	0.858049049577973	1.26060257910895
-0.968650163945683	0.623103084230867	2.16140588427283
-0.688432255562042	-0.392244437043378	1.80899443419621
1.14713929839872	-0.189026182900171	3.26265551742167
-0.117485965681649	0.172868098255494	2.39293809470741
-0.522343419129819	-0.03003048042276	1.37618284478298
-0.314618916666405	1.4056087716642	0.961966310720937
-0.631474609972958	-0.73356117748025	1.08199153060877
-1.11547863017391	-1.98171425621273	1.39219102684951
-0.492156606446131	-2.43206644160131	2.52170956840128
-0.158207359832933	-1.06293927577123	3.57139563475571
0.138895828950537	-1.74002973171479	2.8195644815112
-0.184721960315729	-0.40830429639036	2.51295798322412
-0.441726704834555	1.06988931101847	2.33489480470477
-0.813559090114882	0.169998484996125	1.55166650533608
-0.598226755656311	0.646743043693576	1.39528118626798
-1.05297576130831	1.32455140782281	2.24755427250599
-0.935893497963006	0.777010135619878	0.884535431747865
-1.667041293584	0.919169534827481	0.877032636797361
-1.667041293584	0.919169534827481	0.877032636797361
-1.42259874861241	1.2928511350899	2.02959737130454
-0.733641115265806	1.86596803260618	1.5857985992895
-1.10157524236504	1.86648658774967	1.68761257382152
-1.3617757604857	1.73669217501555	1.50423816274281
-0.967514309508914	0.707440181001626	1.28432132311308
-0.933285365819063	-0.128832144344298	1.51874963150406
-2.68658488255067	0.959074287096732	1.10597093573132
-2.27570736804651	0.998007016584363	1.28682182273256
-0.501603415400914	1.20142385906094	2.21412853594537
0.283304181093535	0.308535561965525	2.70947595066743
-2.85071212443862	1.18375802531629	1.33861838211248
-1.03081656090758	1.85073721160125	1.6933473459835
-2.03031380317461	0.0894825250019185	0.261715772792192
-0.979660800110691	0.416336659304129	1.09843860020332
-1.24348713056147	0.0777913514443289	0.852024999717789
-0.872013714532383	-0.424699778536111	1.55385650545901
-1.43236507341155	-0.359138047086708	2.21408716660519
-1.18355213638112	-0.298169787294571	1.58973582505936
-0.71861693711016	0.0580992765461611	0.997868891951078
-0.653296580186456	0.520704342390836	2.34991125322986
-0.959742195455241	1.89488359899933	1.80269419416547
-1.53313067853613	1.70623039445686	2.25818629490408
-1.07731223258716	0.83252727739716	2.11393045183004
-1.06452428001949	1.62492871712915	1.74720089517516
-1.46552347213399	1.00841639900799	1.16784145785267
-0.766477016372442	1.0989886581039	1.29318789039106
-1.1697402934422	1.1114853486295	1.76119975882902
-0.882624814866334	-1.2314055663562	1.190103525837
-0.882624814866334	-1.2314055663562	1.190103525837
-0.978210161982406	-0.742391641945186	1.80395481128782
-0.925522633561133	-1.62425614469481	1.66648419449294
-3.14628566684641	-1.51914121660951	0.00589618873518583
-1.84781305692715	-1.55193706132049	-1.34419924818791
-2.02322951551497	-0.892023289890089	-0.144821309908371
-0.0848759972476227	0.725402620655533	1.10204497046611
-1.70544210243549	0.727369259945362	1.75564120946379
-0.730115847916961	1.0916187359465	1.46805765563103
-0.0579319493782576	0.947454962217728	2.16736166538262
-1.58714489717587	1.9394115644009	1.99071728309927
-1.57447527116542	1.48297011632561	2.15884996881632
-0.505447615741611	1.41288174376749	2.26780589811344
-1.45561908077754	0.701247170240577	1.34693522773867
-1.37544805492488	0.24582462829682	1.32507725654988
-0.838252717814451	0.249490402521285	1.33026304824515
-1.08573864757899	-0.784301681213894	0.783399582231712
0.194096974363704	0.47657947471558	1.43866974723589
-1.65587313066886	-1.1450354620379	0.737279100793806
-0.730299724732228	-0.192921529669014	2.18632187175943
-0.752724495464833	-0.0544551117262685	2.61391684647442
-1.72010731839965	-0.0708244504722071	1.14625069982596
-0.419386121553216	-0.213998106662314	2.35257225933774
-2.73843722470311	0.661960750383438	2.60725485704334
-1.71058802929662	0.455609364260289	2.52564742193315
-2.17747443335365	1.25117229572111	2.55506551835768
-0.589664058591644	1.51366795531764	2.80243777741996
-0.712494300847957	0.11939445302534	2.36443828186681
0.10037930856402	-0.0320955202470558	2.25740211347366
-0.168123712873723	-0.478259453203967	3.25958619045842
-1.32714247994432	-0.321542533311758	2.11339633584526
-0.102374440187105	1.61042144314363	2.94817940557278
-1.86411993705788	0.841328243956924	2.50518730607599
0.428328441418119	1.64204274593905	2.62802381168542
0.0116875169866424	0.827682491066089	2.92248486223946
-0.591980944990662	-0.0370080733521241	2.28134399119361
-0.98176184854529	0.162135292696128	1.19365792280025
-0.955864033677831	1.78092283757696	1.20462761669083
-1.06372622992143	1.11375609533429	0.531620673339953
-0.93394515419926	-0.329842893423256	0.710407547780902
-0.814558008767882	-0.371325339518926	1.91890120066518
-0.3258749538551	-1.01398541363258	0.340105617489557
-0.285335582058632	-0.98646397143073	2.19067709036821
0.641568366836573	-2.89814420558642	2.72750707830814
-1.51892076764532	-1.8688581490257	0.688773069838855
-1.1797314687622	-1.92826166293035	2.6144061446932
-1.29680166603764	-1.69326297837542	2.1044937716587
-0.578454584656337	1.16560578308796	2.76458525936311
0.453473533838604	1.05142210090963	1.97686909552602
-1.02397559764452	1.15881539233434	2.0653937674779
-1.70612173552781	0.664589753815037	1.96915222117364
-0.449297577578184	0.222784477518474	1.80407551358866
-0.449297577578184	0.222784477518474	1.80407551358866
-0.549508479016239	0.632276605966101	1.22468362187268
0.0503778216932351	0.555050060520216	1.8402307399459
0.569164826273461	0.966268144225077	1.98530344736885
-0.470375226604854	1.6041534270793	2.63028867014796
-0.947132094963623	1.53289141292793	1.99836079310461
-0.947132094963623	1.53289141292793	1.99836079310461
-0.994082449708166	1.03660251215864	1.73980472369053
-0.989308121435094	0.109038399398985	1.63679746306194
0.169566329132672	-2.76821723938076	1.49961402908493
-0.433763568135195	-2.07141204383805	2.4084306085021
-0.94156273737532	-2.50437100387395	1.96410290735543
-1.35235639844693	-1.36112818648835	2.37763344307553
-0.366537012351941	-0.755551924360894	2.00078863502371
0.162272656476035	0.962779324787489	2.34551756165564
-0.475322755611427	0.759996400153916	1.56421465526528
-1.59649366797692	-0.0335129601729265	0.908068584979904
1.18920113246025	-0.545015320633759	2.25915003406294
0.135901327266295	-2.38868990077212	2.50659296016695
-0.447844889764434	-3.3730434681864	2.68217016323869
0.0072331009801041	-4.21137803771007	1.95896427800927
0.0345748014947634	-2.73565791223805	1.95937525086038
-0.822517238070589	-1.83516090249892	1.00074823224633
-0.461368002769008	-0.674032337932916	2.30442540097167
0.127106705983456	-1.75370359241344	2.2158151942264
-1.35697213271148	-1.42866557795942	0.4520104684423
-2.39409884578168	0.582217495674421	1.21721593823157
-0.180654887551101	-0.956997638981701	2.0253554048404
-0.591541385185305	-1.80674319741644	2.83142964695123
-1.32030824659473	-1.32372843018982	1.95065680301601
-2.76258729140732	-1.48676128022755	-0.617534479972153
-3.07677526790992	-1.88658434983244	-1.14834915777085
-2.40651738891621	-0.221600195886612	1.05541402478031
-0.231597045594776	0.753784419001435	2.67770835757572
-0.91135995090344	-0.199692275405212	1.61543062351075
-0.850138696914859	-2.37717100862146	1.06791333801508
-1.46322436251716	-1.20420541400402	2.50033808615981
-1.17018601103535	-1.06322386857812	1.64373481012747
-1.40456408002663	-1.60104953400632	1.97478232251098
-0.880460962592743	-1.00866947526022	1.1438929584779
-1.49667803255582	-0.840301594131239	1.46179899851895
-1.09951973277158	-2.04014227114805	1.00970845569409
-0.268758175240318	-1.7565013354242	1.40131399203184
-0.583062993380609	-0.206240173315086	1.52647183664962
0.158132247758393	-0.163466899693526	1.57897123313517
-1.6700294328561	1.01361353402249	0.0627355935317659
-1.36409504371996	0.771649780687841	0.971404141318801
-1.66495686230685	0.124784077079274	1.70544741804002
-1.85590297020246	-1.20212773312707	0.923401929968797
-0.663874984243504	-0.904662658191452	1.31404374277001
-2.43375069469529	0.358657320899498	0.710404982791609
-0.305669075574287	0.645437772559529	0.0296174858096879
-1.10768307197969	1.09845961294719	0.690695661235965
-0.604762167234876	1.72990285896656	1.17930851317898
-2.44743649150933	-3.39212927261722	0.512693429362731
0.0689914575503677	-2.57021506498981	1.81942280079522
-1.36563824461859	-0.79022966764473	1.29617696089417
-1.34153713853215	-0.329983793093261	0.281274294664371
-1.91286058580777	0.437196873282977	0.796969028521815
-1.5867140279321	-0.67255722509036	-0.357307371723193
-1.40764018886836	-0.423491451414225	1.03727635482879
-0.977328323711234	0.753516609296732	0.98305339571562
-2.29498996642201	0.842865688480774	0.779580960913599
-0.467313874816868	0.150801187406202	1.7686764406685
-0.932275653659722	1.58172287500472	2.32692264894289
-0.728439606129012	2.02025324295362	1.64769467828747
-1.81791678394247	0.709005179075376	-0.0905200833740958
-1.5952027739819	0.6804285945945	2.07388049057961
-0.841121797713655	0.499250121543594	2.38882466177245
-1.07399471203775	0.587047518911087	1.58086036389143
-1.44606261139149	0.833380905236972	2.02765595963805
-1.25054687608192	1.08569410622489	0.276432870280378
-0.385394170443516	1.6544454256841	1.24337040508095
-0.432175719166643	1.36584130831122	1.50431837659993
-1.15126493527443	0.713520923052685	0.545163691347839
-1.01688465361411	-0.480978244599692	1.73187670695122
-1.60682440178414	0.140553743957709	0.667305559734417
-2.16421816356615	1.54986569955614	-0.147986042530991
-1.75741083365882	1.33331939872881	0.92157261097633
0.815199144801969	1.47067924800327	1.96303500216959
-0.775848579147525	0.383842338103067	0.552161667416151
-1.03071835439718	0.957546449897863	0.635015139861498
-0.928127765016066	1.09158946334915	2.29434798469191
-1.65783712957308	2.66605623417596	1.88705176978941
-1.83330129839567	0.508882515359685	1.72733442894285
-2.50619161099842	-0.150121285505825	2.14352060796846
-0.163075382111088	0.1476345361851	1.51013024903463
-1.60418553197862	-0.898195697980491	0.174371337168643
-0.70783098709297	1.41641544247936	1.24066135529359
-2.25649644531362	0.476000286581071	1.05301491171697
-2.13475926840545	0.26928089951255	0.559794491663947
-1.92574447943828	1.29934619223457	0.575399275595651
-1.24166693310017	-0.545112174604344	1.04768939566007
-1.87057354975908	-0.0317369877656074	1.30739643760676
-1.745466504943	0.754420215083686	2.85652199769233
-1.78521715192263	-1.47231214643129	0.117029130072358
-0.62058753514905	-1.24704459757331	2.14950341103984
-1.42348184385086	-2.40476432057278	0.975080211768294
-1.42348184385086	-2.40476432057278	0.975080211768294
0.213198687700767	-2.13524365399182	1.44077850886122
0.482825821036495	-0.109936889303044	1.87748378536028
-1.49439652087873	0.902678598057279	1.41470457094576
-1.42721303019202	0.897700302304587	1.59619306562915
-1.42721303019202	0.897700302304587	1.59619306562915
-0.847945592449033	0.35341611787704	0.875739567090957
-0.882683646574723	-0.221633222820209	1.7214098397639
-0.497811850966044	0.517112976061753	1.33919950227935
0.105407343994696	0.858918762607071	1.08754102703411
-0.567818180466994	0.301524704090618	2.18746596921032
-1.01512763686246	-0.484682366135287	1.54256569660727
-1.01067021885151	-0.376879912345566	1.02273214017005
-0.253661575724466	0.64985763539875	1.3373991163102
-0.632966988472187	1.32849644423128	1.20027845992281
-1.77831955224759	-0.39138086297917	1.0120971890771
-2.05050136498313	0.0906164553461154	1.59375034106206
-1.12059825755949	-1.41069872553387	1.07633219044312
-1.42771291150269	-0.494793045305895	2.05198997097965
-1.80750628338283	0.207325083754604	0.6288609368267
-3.81223876834465	1.13846827707473	1.60378488592998
-2.23219590201095	-0.194677638312209	0.608892280023208
-3.00649952657026	0.283811877559478	0.695505935991813
-1.83408403023514	1.61195956337423	1.58358151249986
-3.11025954710581	0.0137698279767651	0.440414700832912
0.569297968912968	1.21684161721199	1.32543379029251
-1.87336187632122	0.284613807606783	1.1365850410331
-1.14891899025702	0.724198062133316	1.38032319067436
-0.192533397538741	1.48666292687106	2.08843868619448
-1.6198897444967	0.537079090171117	1.00405127943829
-0.906051397600289	0.61129431587706	1.53530192713643
-2.52629916421664	-1.4902665012501	0.434169067809211
0.216439894487886	-1.88425950391205	2.33134274589125
-1.61328973898186	0.103915388663878	1.44706250116686
-0.525852989362313	0.325971619765321	0.531526293919285
-1.10944915558543	-2.10488425446749	1.83409696611999
-0.747421622811414	-0.211731429552319	1.79391118822602
-2.03494524341939	-0.338546611167546	0.971557833158471
-2.0961100100652	1.05847335064277	1.78046282166095
-1.45876326678314	0.639953489623276	1.82582890123992
-1.12083701900482	2.38252363251872	2.23109063459101
-2.49011729058942	0.864315095052837	0.00379975218851647
-1.3735022827127	1.10680651533519	0.937223914257591
-3.50574616337777	0.55109038161706	0.221977821448337
-2.87258445735707	-0.28207580666522	0.309582826015297
-2.66517351220706	-0.453710472013146	0.0483473405171274
-2.39418349696087	-0.286631491432054	1.75206487799769
-2.61395623544016	-0.669966608468791	0.69961973296462
-2.83278622466758	0.0859538964767905	1.48994598026007
-2.65069626346616	-0.413659427495007	0.394397191373595
-3.36102531072375	0.464506705753566	-0.207708295701144
-1.34172010134069	1.16436335217639	1.5437155268471
-1.90581925584242	-1.35922417257195	0.842625717675782
-1.90581925584242	-1.35922417257195	0.842625717675782
-1.40957731875372	-0.461014355181864	1.12810112740034
-1.20061645512785	0.0313540624631899	1.25389213775385
-1.39968580038472	-0.336173889119675	0.779823888461422
-1.6882628322803	-1.57282036518047	1.33198190828427
-0.963832581238513	-1.14767521022756	0.584935251359138
-1.68319196867943	-1.15914412133542	0.0713356465710494
-1.40275956470093	-1.51793155412404	1.21609699939824
-1.83310224610893	-1.27134146600859	2.01001947067399
-1.47915145394363	-0.825682990186477	1.98179733398309
-2.44191342742091	-0.207269276901786	1.44883190795592
-2.0075023517568	1.38742859414349	0.256205189575539
-2.54419527698459	0.89085211199962	1.27393627724802
-1.91720848002507	-0.747481064016401	1.42162680131092
-2.30870788575288	-0.0597492064175464	0.897269146408984
-2.96460861170777	-0.301389889792542	1.43474840859975
-3.20319772061881	-0.940778583032235	-0.356003672894233
-0.324125658739612	-1.52609858763774	1.85505888000833
-3.07563314529431	0.115496770341091	1.2632905572583
-3.32190534712956	0.820589253010492	0.450328551929073
-2.44542611138774	0.0522266057772854	0.172349984031337
-1.37705175982291	-0.965403613902581	1.17829253708024
-1.33733166307524	-1.44578565019097	1.49812708744405
-1.99821582504723	-1.01791658186391	1.64602803915374
-1.83361296125568	-0.350708487473886	0.486979333191384
-0.840896972307789	-0.511663359969766	0.873803544412364
-1.25395252354955	0.37686024758566	1.54534362705518
-1.37275247089128	0.130730457932759	0.783323464761364
-1.1859230359008	1.32991950316073	1.41995510920978
-0.527984914768516	0.687206561921749	1.51513365398221
-1.36209446576863	0.307859553172912	0.315140563121847
-2.15172316815072	0.475045348556304	1.23027935742957
-1.57086746835722	-0.281252187540139	0.438712568850358
-1.34281093369489	-0.423060620036707	0.63147761168107
-0.924740879970197	0.565075321862817	0.536310460539759
-1.799638747949	0.772528874552996	0.78022255422651
-0.361228644375086	-0.0170352372828181	2.28648365034307
-1.05302576244463	0.0224486498262965	1.98851008619318
-2.88379840305978	-0.315377318368259	0.951107680086612
-2.57219996360567	-0.134763948534298	0.130984523364509
-1.07165223263943	-0.808766788824001	1.32304522323579
-2.20864750057567	-0.574439824339342	0.0492978373327422
-1.33850085470679	-0.248009357480046	-0.569521132626842
-1.14727336183907	0.173601690877502	0.0619233488984067
-1.73515242892238	-0.623749412308689	1.09387816505725
-0.660188850667436	0.566914298538566	1.41729604557667
-1.44394852981426	-0.606774369049981	1.84819407679422
-1.37225788379362	-1.34316158280713	0.347343998532443
-1.15022038988315	-0.524786414955833	0.45219067648761
-3.15367579381302	-0.82705295823755	-1.3613241064032
-2.75464386412336	-1.26881570864797	-0.398113666978873
-2.34738332373617	0.490595738296904	-0.258149067080411
-1.56624427252629	0.0695934721076155	0.841102420970212
-2.36125710474213	-0.770748256777383	-0.257726619588842
-2.25825398175525	-0.828400772969914	0.185855485453034
-1.79250058916693	-0.868126403945706	1.02993744199355
-1.86651593800305	-1.04255316053543	1.51142822150687
-1.64387039699594	0.125561132454926	1.77057760865773
-2.99895906310089	0.583916811433424	0.500872898392194
-1.66708385704881	-0.0882043825990287	1.49504950816942
-1.76116950155855	-1.48941896764464	0.88226112429742
-2.04868428786344	-1.42901769973049	-0.309031611853702
-1.82682002108362	-0.398905372890502	-0.287647290857074
-2.05427259462648	-0.664127124011591	0.32893042288452
-2.3363688082878	0.218751658137378	1.19484876853485
-2.38294307921179	0.443356593642232	0.776924057232078
-1.71897181236282	-0.764477276193793	1.26109245541478
-1.79344000119495	-1.45380394827985	0.977864008340873
-2.04796943782409	-1.10761296794578	-0.0201295348778758
-1.95045720756576	-0.220706503932877	0.494269113622306
-1.7130214515463	0.454263907337041	1.73836354899228
-1.69317835103504	-1.24976588471593	0.632990224680246
-1.40826385808318	-2.28627952134993	0.493011880898292
-2.86349147420754	-1.92428167849264	0.151329228308659
-2.97603377328091	-0.889797897062492	-0.168803602382914
-1.7691342886677	-0.836222538602747	-0.208075929343316
-2.00567589724761	-0.301455155041935	0.218093925447832
-3.03475806292397	-0.769373833815376	0.562820527881203
-0.804845769552169	0.213398316222109	0.62125609087154
-1.03401643116549	0.478972202752358	1.41099805509049
-2.24190874671905	-0.414026287884556	0.0294801772353541
-1.97740671286287	0.557948896983119	0.572396327798918
-2.22201042439714	-0.314189327689569	0.326022354607756
-1.99006281592926	-0.317323086818698	-0.224472426842266
-1.68224403666411	-0.804252027123831	0.168166336923908
-1.389725677231	-1.75258195472543	1.27201408941822
-1.1329929115641	-2.53516695590667	0.855093590372513
-1.4922723576492	-1.70650421871514	0.861575385722054
-1.54090297411991	-0.469542295463015	0.672358172957538
-1.45811711631622	-0.0957199501785963	1.82627692391903
-1.39911151332746	-0.32328620161005	-0.0308975482444109
-1.16285771260759	-0.365794645614771	0.70189633282998
-0.509540833559699	-0.353575751954967	1.37595286933572
-1.60308980893994	-0.327524538300964	0.985070207458203
-1.60308980893994	-0.327524538300964	0.985070207458203
-2.06369588346312	-0.107480992066206	1.65539233615548
-2.14024067733687	-0.325750442035411	2.62436082938491
-2.8069400796483	-0.718247244243829	0.194287775983846
-2.51316178003347	-0.64306176499429	1.30350577949501
-1.83505621402746	-2.14866324424099	1.53843443526215
-2.54989191751299	1.65341932015836	2.77431620483184
-2.03204388919368	-1.3290331459264	1.77321623695058
-0.902478234976999	1.43811174565252	1.63619115930344
-0.786823440135723	0.106679804585941	2.80202776063094
-1.82732485957134	-0.334999441532248	2.75757852448859
-1.9734315186209	-1.12297988591291	1.45278857801504
-1.18603615543012	-0.206922150792676	1.82732640192716
-1.94625019348528	-1.30409059120675	0.702344544072481
-1.48869057303072	0.273648563441459	-0.105033903780207
-1.76328160181744	-0.566184171726347	0.435908070312234
-2.04737098199754	-1.16031931208303	1.47991794791964
-2.17930503847282	0.802735609767901	1.61006118185529
-0.974633103033681	1.4753181542513	1.10521870819995
-0.912162852507805	1.50662698592009	1.50041093377897
-1.64426098312914	-1.36563345670314	1.06024781833714
-2.16757248373183	-1.2057906316938	1.47849614377958
-1.8393336629997	-0.692927145388247	0.726823454805718
-1.8393336629997	-0.692927145388247	0.726823454805718
-1.50982576383242	0.852895198420014	0.999014336399283
-1.80130675538696	-1.82058674226345	0.571284401656725
-2.4349724090311	0.26660917295245	0.966215266746051
-1.54670018386725	-0.993067935132784	0.056911579497472
-1.39544144494895	-1.46973466950092	1.66617347124231
-0.325417886828507	-2.01581168345592	0.847621740621278
-1.14222524956254	-1.01640071167761	0.431566639699166
-1.88591040547043	-1.90280128102627	0.0433777384365063
-0.496056697618741	-1.57011326821637	-0.185628830887936
-1.4152840170885	-0.301474090645208	1.31711822673235
-0.786734774795532	0.69579309646365	0.852336216047646
-1.63103493850839	0.10573340150139	1.44638137957646
-2.59966980914213	1.05923134208907	1.66211581329422
-2.35018039301545	-0.248063328597806	0.551283704759435
-2.35018039301545	-0.248063328597806	0.551283704759435
-1.77328381603902	-0.666439932087101	0.203231503142417
-2.08676919731879	-0.764492787044382	0.235926409839848
-1.66014246694049	0.810612309926567	0.998222556802576
-1.40091277368902	0.0363040027297902	1.97287762964708
-2.20993312053821	-0.822331796895796	1.53596221639476
-2.20785874325369	-1.45416826972226	0.415046531899634
-2.59909774921222	0.354350127838882	0.405573976833932
-2.67431724726205	-0.166710726426324	0.980822978162429
-1.05538126315649	-0.28568709426407	1.25473153297701
-2.26520462104471	0.10742234173421	1.37908935613533
-2.24325850996592	-0.281157718647893	-0.51539869292856
-2.276305393574	-1.20133986054752	0.344526666051285
-1.99360981421033	-0.970258254345786	0.191319371820371
-1.61062818396475	-0.474771063690573	0.20226303674892
-1.77623646607294	-1.11644126629149	0.842757518783067
-1.57109831776071	-2.56993200356432	1.76746973921388
-1.82258225643534	-1.59622082727484	1.10005994842602
-0.967176189730852	-0.869104766898364	1.22311872230792
-1.88875439480999	-1.9764054555808	0.476565861018471
-2.61627650716851	-1.71824909022227	-0.23793325149059
-2.3979346662435	-1.40945005802959	0.322113811857611
-3.09205559108958	-2.50940658598649	-0.33754735323634
-1.68521491500572	-1.29166803807294	0.606284755910009
-1.79581325341618	-1.28284596247932	-0.609611437088609
-2.54500597784741	-0.571423259382411	-0.174670167863843
-1.38242963940849	-1.65653013543211	-0.0215034712843167
-1.10713967158083	-1.93781088018578	-0.10062094932403
-3.2190514669892	-2.32708590300115	0.314391826862058
-2.02154108071747	-1.32149311140203	0.0949884228128395
-2.78954347224896	-0.252525307718996	0.280368018067656
-2.5771271818944	-0.563336337612134	1.01602803545809
-1.81436257620142	0.186499811177297	1.10790767745334
-2.75014023683656	-0.553995112241372	-0.0576555348980913
-1.91308253454782	-1.23217495689617	0.274274686732598
-2.30855333065134	-1.12737530871621	0.325007292096649
-0.44919442436172	-1.26682386853809	1.8495355913069
-2.07174026155458	-0.631579310560396	0.971451359271665
-1.3777597137369	-1.68097350813074	-0.0863546801957069
-1.16153748649795	-0.716355846977363	1.47044317441294
-2.73449959969843	-1.92517493762772	0.610856405335293
-0.889896413715944	-1.2239629179145	0.78151026259848
-0.811566566320002	-1.64444040764868	1.35809178192687
-2.40313927097797	-1.57254457228307	0.0678377351031668
-2.26511321263554	-1.40313910350082	0.497895888477963
-1.34009757832048	-0.64921346905684	0.357703505916451
-1.8449563694658	0.327341007445951	1.09648241624515
-3.06650252271487	-0.892042220801634	-0.197544794699296
-2.06813346517134	0.377928564694388	0.874798249622076
-1.52167451617298	0.425444149484468	1.04960574536654
-2.41240843531106	-0.749189285377246	0.112458967517484
-2.41240843531106	-0.749189285377246	0.112458967517484
-1.33055641313134	-0.551989918108313	-0.0370340406946814
-1.70893024356819	0.271730048122941	0.317246554364289
-1.61692497857597	-0.47964379452138	0.968365232339743
-1.95909890801044	-1.33993052738352	1.00709158661658
-1.29039221880175	-0.447311421029719	1.10724392142327
-1.73714795773893	-0.224884975466134	0.643264114018157
-1.26752475634156	-1.15240309661879	1.51189877080397
-1.30353887641555	-0.699534067983195	0.753445737120478
-2.49121513589371	-0.547570246100715	0.134012733505933
-1.06161312184448	-1.16913792108531	1.32738962902974
-2.41223026787809	-0.915190487834298	1.25705634656523
-1.86903500547312	-0.428334038826934	0.369080433437686
-3.02769483260533	0.180167161262995	1.39388084035658
-2.00333392442305	-0.943414434973509	0.816857519245371
-1.16361669461632	-0.532611271491443	0.803802708605578
-1.94000817764179	-0.0840536753745085	1.43608570179889
-1.54952386736283	-0.715072116586956	0.56813449424846
-1.90406062819249	-0.410834880892803	0.438303098833451
-2.03975395839489	-0.143449288907394	0.150949636340969
-1.40093841713382	-0.200896173972811	0.363158779541114
-1.40093841713382	-0.200896173972811	0.363158779541114
-1.40093841713382	-0.200896173972811	0.363158779541114
-1.93885574276578	0.175746310911052	0.382071007632327
-1.60449767250495	-0.261514136766717	1.0801490998618
-1.93110343318812	-0.460490222881333	1.05444540305038
-2.38144925160301	-0.00669818371718411	0.0458667597035086
-1.42942088056199	0.101172938261148	1.55222645910942
-2.0548291231282	0.416121312271168	1.09479893606468
-1.80551392035926	-0.65701816948318	-0.223068560390103
-1.07486399837157	-0.794960235338982	-0.42292551007019
-2.01738476724143	0.00171066692055072	0.208287198090822
-0.92963267376794	-0.20607169171039	1.31139284599958
-1.0289091989974	-0.0331682265414307	1.53145216649319
-1.86842177132367	-0.513437461007253	1.36886160884525
-1.54946497159136	-0.611196831761663	0.57272548394197
-0.265343099539953	-0.654461092939463	1.52919951269483
-0.853564521497304	-0.568110593333433	1.9992359208409
-2.42912701137677	-0.0360692762051454	2.1208804047445
-1.5924981553069	-0.576691650584263	1.85292614293305
-1.45411799809002	-0.870762785413293	0.698748296905197
-2.21832038596957	-0.37410193784541	0.42274996087662
-1.83733592414764	0.0381638643213311	0.562134969588516
-2.03361994658932	0.353446719462978	1.42038987890198
-2.52787626175036	-0.86575719375476	0.426620146517292
-2.68060167151558	-1.00988637792704	-0.0377830467514964
-1.15756840451689	-0.772423717174885	2.21851033047408
-1.40946593437743	-0.426507061216078	1.73804558720475
-1.63346989211645	-0.749467715772849	0.631555718191309
-1.05437370971701	-1.07872984287458	1.23092396301527
-1.05437370971701	-1.07872984287458	1.23092396301527
-0.349325358229222	-1.40945514177334	1.7526196309225
-1.7623257097301	-0.487139650601434	1.21633095092029
-2.12423088740934	-1.57161853457768	0.0772570203363557
-0.814844437071531	-1.07771257097679	0.90252290154802
-1.65244441001294	-0.615361214583963	1.01209930215026
-1.65686314037894	0.0535801292534462	1.08655254471796
-2.02090823267572	0.83858352598562	0.713038012672329
-1.23782162185503	-0.167262563620974	-0.0368741065188079
-1.05825238784414	1.30840156177681	0.801666947061581
-2.12936032345533	0.589087559091676	1.09341170988483
-2.19695374607919	-0.102175358555583	0.31950851467641
-1.17154314906346	-0.52595954479587	0.744396874959923
-1.78705664071777	-0.742028624575006	0.633321848303826
-1.56022562896844	1.54527120442388	1.70411533093042
-2.4113867537579	0.64921203224501	1.37129483569071
-1.18176537881507	0.441500625347183	1.06150849617093
-1.51093062242701	-0.491163510976867	0.094154178346206
-1.32939049348035	-0.273114531352885	1.49077990112407
-1.35871661460659	-1.2029128839252	1.34541520244027
-2.49702924772144	-0.777172372267398	1.10270081744677
-1.46732314233668	0.311682293094793	0.261393535320985
-1.57359712325413	0.394093971562319	1.11732502442662
-2.51830623813781	0.642831861541876	0.475719049503185
-2.39499803118167	0.340668391671121	-0.0772895842650017
-1.98427334329012	-0.437316766162999	1.45606320436926
-1.7252706271588	-0.480896791303206	0.886575222061471
-2.72795787562705	-0.812208336736692	0.824812768075904
-2.00447014459082	-3.26626201834324	1.34337265950549
-1.56237274729052	-1.34705726621144	0.911301732773039
-2.16086533069933	-1.75089447562003	0.970314856354321
-2.44409150957517	-2.11458349752712	0.791133568722418
-0.528865232869701	-1.73658164910677	1.15034774217153
-1.31524413163197	-0.815131787188426	2.15114297408936
-0.921952866837434	-0.562963903744311	2.34463878555386
-1.13774027654118	-0.435161876758504	1.89924671547814
-0.929355679738696	-0.570486082628745	2.6936041091861
-1.32045259708872	0.795937585663046	1.67675604716931
-1.03945576134268	-0.68987087850429	1.7174440979114
-1.11418786224999	0.911959171038872	2.07787920532633
-1.81905248139164	1.13184793493607	3.16612503738568
-1.03511738756273	0.0723526471214015	2.85788616890936
-1.58023512491277	-0.200966714744384	0.915714214748135
-1.4103486716898	0.797794198714313	1.7082627113391
-1.17282166382179	-0.426222545402239	1.25920429594936
-1.88828547074811	-0.225395108995813	0.888638096644039
-0.83027373196173	-1.2922027960745	0.894210031745152
-0.749505027703899	-0.285335351637285	1.1379802840525
0.269443492473393	1.28621173634709	2.11539461539669
-0.97569848698623	-0.761767933437379	1.2095420893586
0.2721114954706	-1.87324538912707	1.91451277849151
-0.804103856691227	-1.29742563713401	2.2871044879093
-1.76133856338454	-1.37986423571359	1.42277299048022
-1.33456812704586	0.168282270397726	2.78203719149011
-0.933498123635313	0.145658389012198	2.80731772814417
-0.810215128090649	-0.180509766518351	1.38554728351919
-0.949546215863732	0.715495654862616	1.62037387482977
-0.949546215863732	0.715495654862616	1.62037387482977
-0.531497544087945	-0.853574816817947	5.10681193411607
-0.850693443249604	-1.02365921610087	4.21337959245831
-0.470618748402965	-2.12392974659902	2.5663455253268
-1.11850322353532	-2.16849567615192	1.22830964315393
-2.06575048183478	-1.4430477118046	1.97781921635382
-1.44050206197421	-1.56687901017676	2.39971997623608
-1.67565998436795	-2.42124018055276	1.46581291157318
-1.65714177260372	-0.346401030630106	2.19178762427223
-0.351515433673864	0.232266207206067	2.38263493110407
-0.915470560348846	-0.364814462540084	1.33106506455724
0.358573711066588	0.358708138527621	3.0186567177551
0.7120000215713	1.52594598593409	2.65209458178576
-0.40889460935214	1.65339604981271	3.17835462045401
-0.920011359739564	1.39171205856862	1.33379571505599
-0.920011359739564	1.39171205856862	1.33379571505599
-1.30538437870141	1.30979785724989	0.610093398077322
-1.61738672064849	0.3151542163191	0.854073168482603
-1.37166881784196	0.072312597302674	1.34486866966811
-2.12470925911009	1.09118768257776	1.89320865379336
-1.9074238976679	1.67151091528618	1.19720223147384
-1.57744411218387	1.15098887320116	1.75573219938212
-2.5281556403559	1.63156769025196	1.62254069459073
-2.02795264659505	1.84862239799823	1.37556624834964
-1.62907267012061	2.42171198124182	0.761198353869225
-0.259780978025764	0.930206290576695	4.28312911815627
-0.85999550186301	0.124616990791427	1.68572592197557
-1.1580935483672	-1.05093144374629	0.507353487430708
-1.58216191472835	-1.01449192227332	0.548316295494129
-0.612382317066297	0.136953578593563	1.64881913040459
-1.34846737650182	0.286642356731203	1.32820212836833
-2.29381438751191	1.50131531655	0.584746490941907
-2.02950339649535	-1.07831727323361	0.34697276391113
-0.95951018958872	-1.17214856015635	0.264240814597202
-1.57468786464038	0.0583217540174326	1.23362924851449
-0.860899618083124	0.964238268573479	1.44695814546727
-0.889487539152349	-1.27857810951983	0.275586139078384
-2.35482720670558	-0.382350002088766	0.243067442400823
-1.84479135956144	0.367672647028078	0.46512223044424
-0.050568485492908	0.824201485837694	0.337426641625781
-0.555294579701901	2.27478215849741	0.478891507136701
-1.59646490146282	1.42390440044278	1.23674218793314
-1.30589863311153	0.853320120717988	1.41209804676486
-0.715982096013293	1.22448488119765	2.18685045060576
1.03333754213922	0.77331872918843	2.28500627748252
-0.586389503335963	-2.20155899180866	1.64154384943879
0.0467844538348239	-0.248799732298345	1.40098915625169
0.332510498610418	0.624726676935575	1.93714640202704
-0.896826857813019	0.515440221228329	1.43429112130376
-2.51295539730784	-1.72103306376346	0.91092003780261
-2.09301261847688	0.0721984700250143	0.483347227353349
-0.891286018705475	2.19272490939255	1.68938673459904
-1.71915881905763	1.13622199945282	2.10532823087617
-1.55579637468759	-0.733269473391381	0.625820431713382
-0.666484310365317	-0.748330300510199	1.05504980940098
-1.180899142748	-1.41634447712872	1.30124133497796
-1.39523091270442	-0.282682519558065	1.15006088493438
-0.509264935049842	-0.685121561197685	1.2814727410977
-1.61758707136048	-0.27677396896722	2.05402775403551
-0.655714808163712	0.200029064313924	1.49423766238198
-1.70178436013283	0.421744683932027	1.67234900993361
-1.22352401144315	0.88703781979775	1.39319037980809
-0.355211912392659	0.440970393463519	1.21747775680876
-1.54948410063906	0.942883828100928	1.00228900106234
-0.751601371555454	0.564146054624921	1.06939747129021
-0.320873824512644	-0.38693898849235	2.4967768439164
-1.12558168211596	-0.22174713679806	2.25536706431015
-1.82614633605528	-0.0460791788269148	2.39525672870507
-2.81765602521278	0.322687667287988	0.353693570969577
-0.94435453631021	-0.500044969702269	1.17653093936214
-1.44629380137836	0.243366773600926	1.45623897119054
-0.966752085877306	0.432199863246099	3.53934116365244
-0.580565413609749	1.49360478370099	2.70349766551567
-0.876957434605994	-0.418704967587361	1.57678184025673
-0.0641919015167135	0.771008546151762	1.62156648024957
-0.54536617092779	0.500186078588014	1.89971471781152
-0.928496625097874	0.922360773876501	0.443574702215047
-0.560032697283852	0.533045080119514	1.05270739039323
-1.05681450601575	0.601182579694292	1.82837307457958
0.516751503551439	0.49200486295667	2.0621413978866
0.13147593799855	1.61953899343393	2.12126139365398
-0.770552895001019	0.194164893284277	0.18101661402661
-0.597093102140818	0.324072167273737	2.2599376749983
-0.223483319173711	0.29849776031991	3.16515513404708
-1.44976443009895	0.461176444313565	3.0547126503892
-1.71206699653475	0.339597977321746	1.2148536644764
-0.980468780941032	0.246367417371274	0.737636084129569
0.133739329859904	1.47077146179163	2.56385492753141
0.0529723742322118	0.232110789002115	2.42599803728871
0.667817541443803	0.315372188206523	3.08809735014986
-0.0664414392007779	1.20205671348647	2.19465156307447
-0.773481046953533	1.08613752277346	1.56892996193064
-1.34686140873069	1.86005888623383	1.55178849447693
-0.880814574115573	0.485516830473778	0.745908856695464
-0.952307846569121	0.467351574916957	1.94103800520421
0.680642749061777	-0.0444997276914572	3.05509671663705
0.631460911993339	0.313221390577766	3.39717121049342
-0.268307017359746	1.40773891917896	3.07909526977839
-0.7443207648841	1.5750197007255	1.90532786370996
-0.274034127189836	0.611579442834426	2.35410385449777
-0.878323548799762	0.743300638472525	1.42952720009805
-0.900567755618451	0.451020659473309	1.73572705865128
-1.02555877184979	0.779658163044279	1.69747478908138
-0.677920322105188	0.621834580906647	2.04830429675337
-0.894621772772987	0.969390935268302	1.74002196803366
-1.14104349307882	1.41788761348012	1.27493484233594
-1.48472906942473	0.763996474793244	1.3184835739549
-0.530642507571282	0.507643260001129	1.4008144101548
-0.327347372536648	0.249817242446377	2.00083203790432
-0.852703471534631	-0.540757985566291	1.92433526554195
-0.542690854161866	0.24031654889878	1.34924342282081
-0.0735021816887092	0.0617343365711789	2.32436982951123
-0.814500894462296	-1.43723993154615	1.66179050327355
-1.02007363713411	-1.51186668637492	2.6427428835604
-0.935288708140846	0.984110670095615	3.80478459700733
-0.391293625799738	-0.394163346320467	3.38494240669871
-0.210284565245813	0.00231696429389822	3.02931051914542
-0.334925566049567	0.146092337112704	2.23305926656613
-0.499231220092324	0.894396599259851	2.18765208758426
-0.113540701616078	0.459838875077704	2.16681918177094
-0.598020837135665	1.32611032553658	1.95429972079997
-0.10942510670715	0.934296245872185	2.90584187957258
-0.279181956697408	1.17689782400824	2.42576884152758
-0.776543481082262	0.344912869698909	2.05059779381326
-0.633495019835609	-0.056920667856605	1.06265788247678
-0.502010081315826	0.497930134250824	2.1233038865226
-0.306544074345087	0.0986803748967929	1.51202199405543
-0.810918583056036	-0.0616080218488118	1.96368352465246
0.418866066513099	-0.0274593381257103	2.5967074252281
-0.322274046074084	1.19422575388706	2.90356774143373
-1.853477327054	0.905600476811047	1.66515202374386
-1.10015419466231	-0.435422453925432	0.57485537646861
-0.819535510264106	-0.628183761991995	2.32133656061594
0.15779480093872	-1.19339064066522	2.19746999844283
-1.33987846743534	0.446211438032107	3.26764557734252
-1.14704377547042	0.33820878922236	4.59108933095618
-1.84626968777472	0.198000120221148	4.83227145308936
-1.53545163783219	0.383920713543971	4.95931429442512
-2.07010250798763	-1.10258213486751	3.91828260295985
-2.56687707583239	1.00913326193818	2.98030833827697
-2.05151228460706	1.64273379818089	2.68387356114097
0.0250563265040521	0.376022017411675	2.93365572237814
0.333919554649463	-0.028122656343134	2.18976286765028
-0.461787546227382	0.908674858919193	2.2212831311493
-0.772651099716246	0.978200988550789	2.33379805136786
-0.241136554452988	1.05793203590361	1.68660588767388
-0.210918967022868	1.58499760573997	2.21381527585703
-0.69025075678197	0.783659471009031	2.30661224025306
-1.12656461626737	1.34868376244396	1.84147560980555
0.986550966076655	1.21904285268892	2.63099978971791
-0.876398321430915	0.424624141574943	2.2479859801136
-0.751647675724998	0.651341784050888	1.33645667619591
-0.759377566297981	0.323657613313754	2.35539748483415
0.779521892682855	1.90400817425231	2.79059423940414
-0.67220596241247	0.766427316522958	3.0257317204824
-0.453961076696979	0.698806334777155	3.49154180260797
0.522990926372327	0.927393137784131	3.35241650230753
-0.482761249132307	0.537715953510575	2.09136382547151
0.0936725734044906	1.64923181947716	2.28683207988309
-0.155416022933861	0.67922887753677	2.38623628814671
0.698967142077553	1.20835743926298	2.76810707358333
-0.0648550294656261	0.420862350403735	1.95009562596413
0.45109458731509	1.02186772728489	2.48672270012494
0.20387617594752	0.128151584735133	1.94875697109776
-0.0841079001931959	0.0595736311321769	2.24829053848441
0.887479174545891	-0.444072331662345	2.00403223663713
-0.872268472482858	0.686279078882587	2.07273237990393
-1.04994141149771	0.377663571179825	3.77179418534634
-0.928138885159155	0.815127426643414	2.4989064426615
-1.37857765762115	-0.0790382289765115	2.03018237699385
-0.477422123866195	0.476513239320483	2.08459702637441
-0.410641235108784	0.162251314196052	2.16629125847914
-0.458679507149327	0.934968090997771	2.2380097155574
-1.60941982766228	0.319517949568738	2.88805037785898
-1.90539130380407	1.8350169602716	2.34445646298294
-1.63910182231275	0.69570835329465	1.46300027691773
-0.438711342720474	0.94274310547335	3.01444963169877
0.273215441566469	1.77410472405629	3.507098548561
0.214718498353606	0.866022599125559	3.09061197482447
0.316249871088407	1.94293197756886	2.10443460492467
-2.9305165831494	0.852983328824307	1.6406950348066
-1.45948200910061	1.0023360464361	1.04269994444452
-0.987550010980498	1.45214034539597	1.57219919381015
-1.15756871135974	1.01812601326287	3.36163547078496
-0.13250468285347	1.74095515350807	2.39184699699186
-0.723565364473095	0.460801025714038	1.00840426047311
-0.203673550128313	0.612744365502923	1.36434688767374
0.463154993053987	0.855090846803225	2.7565561766918
-0.0658291087611606	0.931954708673524	2.58166438825509
0.394907108477489	0.411349061959879	3.24440207917153
-0.336448583597298	0.694275929936774	1.70043986722238
-0.683587899761857	0.129552887927387	0.228040252403023
-0.259942423642012	1.05309115685644	1.62510174773049
-0.659771996154508	0.95624068116624	2.77399839662732
-0.46250277621568	0.227687500131415	2.46743563874869
-0.417626536322382	0.69653185538392	2.68279771667659
-0.65367485787245	1.78638955145409	2.53406531346786
0.119982255004307	1.46661968896134	1.71848737136073
0.700100165928392	1.53488933185014	3.15445599760504
0.0121123200259497	1.28292529045691	2.1152334420696
-0.514283277131835	1.65997016210949	2.55266775115204
0.623759256069669	1.42691572935592	3.24851709683099
-0.523295441052858	1.22251021694064	2.60199757378313
0.0163980718802224	1.5080139800742	2.34278690457549
-0.987693806337924	1.08259074466133	2.28610310223981
-0.56532009069042	0.626664934410802	2.40808111944995
1.23183683616948	1.82085319974658	3.97738263677025
1.90438024513777	0.838301080913429	3.6184934957805
0.365862172710863	0.57650238679425	2.29294103528819
-1.02075421179297	0.477415359860007	0.639338208643763
-0.528193801919548	1.64928787137618	1.67872776185055
-1.65413470459009	1.02031978485973	1.02943451584101
-0.418801003889969	0.193656938338396	1.39291986792504
-0.548785453324653	-0.275143986786969	2.13231804949167
0.411865524451509	0.50155992141632	1.90142137783926
-2.07335455162556	1.82111678133599	3.40430324569069
-0.921312934022169	1.52379964723138	2.20256701998323
-0.727964410578145	1.62130239847441	3.01175035097522
0.160140678297127	2.30692845369472	3.14871827660319
0.0357178020466348	1.47026511944431	2.3140834396498
-0.519409559033964	1.4180763765047	2.23659921316556
-0.267100711961698	1.64470002916635	2.02614190076166
0.0750018957386729	0.900866015144745	1.98152792743137
-0.256513503973922	0.67054066085392	2.03390288220795
-0.635248780116706	1.37470484670956	1.39189289815563
-0.261736003406166	0.493074642705695	3.39786997846876
0.0420297705720468	0.991395236145808	2.63174012126542
-0.46942931653174	0.48632610329896	1.756453576523
-0.383301471658621	0.538426658906294	1.7888568327217
-0.926890009382014	0.992182111672954	1.34438921508167
-0.7346408463042	1.36838443660642	0.989140520299476
-1.22035591196553	0.408052912675479	0.737869971272893
-1.15249941826886	0.237482983300306	0.267225309319165
-0.589687022542234	0.227652643305825	1.07209624464351
-1.10527280134512	0.835609674003923	0.667400780753409
-0.811450855631751	0.481803975293954	1.04627227376309
-0.358757669910439	1.25803944830162	2.17968540321816
0.147657952944603	2.41927851694476	1.98593226806782
1.14896158405832	2.93287965845714	3.07034394609195
0.425893363671637	1.28825225732655	2.33713600011304
0.425893363671637	1.28825225732655	2.33713600011304
-1.3731460458697	0.0764687462411443	1.79881703835864
0.0362247755431506	0.789499681731967	2.04433018262638
0.669485784623602	1.04565309354087	2.72198855096529
-0.919934118723208	1.7984711790598	2.69142474845103
0.899784777024829	1.17207174884524	3.24616915999924
-0.792629254792808	1.40597629078423	1.45271734588936
-0.868126393924054	1.3353909915287	1.34288610133687
-0.928572228261772	1.51053985482693	1.00949958597299
-0.746595065577484	1.37994674817244	2.58612879140619
-0.105312676065603	2.381330572189	2.89759573627979
0.321685193199032	1.41907221058386	3.54823477120621
-1.0040906811211	0.723019458947304	2.2710358098914
0.0907148773850044	1.69541900394547	2.5811987217833
-0.887627546728211	1.06197700796622	2.01657957223326
-0.345812814580307	0.772606519064254	3.95517480654444
1.0654365882046	0.690510145272594	2.85396164287224
-0.206737232178041	1.01748299535484	2.50070270848302
-0.883431692902059	1.44924659094287	2.53630001356236
-1.03509856240251	1.08578153697569	1.36952861225751
-1.51123998351081	1.38319600994757	3.07941443719524
-0.649363543997024	0.807753455130832	2.29792853879665
-0.980249222889238	0.0655933087046705	2.0742498724283
0.0507196371573387	0.50819797997577	2.37398410906575
-0.162280632349125	0.973845560273274	2.54545151913911
-1.08778899544194	0.876975694921798	1.97136751103428
-2.06713572448019	1.29239846854324	1.84615635353264
-0.516823131969389	1.38374504380353	2.90578285898913
-0.725527084635104	0.9251848989613	2.0009632118739
-1.06554358791062	0.412893256152021	3.0871674218069
-1.81789511213197	1.98765088310138	2.24355666772544
-1.7007027912562	1.23922722420149	2.77493782929663
-2.48811848360154	0.418193370590194	1.81475576959312
-1.85609762858144	1.19616637374613	1.94872304221468
-0.756364768837788	1.34402078882663	2.19567331174319
-1.38545066894214	2.18959536946044	3.12665280299844
0.118069046537803	1.90942605924583	4.44937302985107
-0.675595264873482	0.790091823007552	2.57896491802945
-0.0244773394889282	1.95884733464713	2.87093777027774
-0.434556585009905	1.14808679392595	1.76012988263817
0.182990028178482	1.87509104254817	2.62092402682552
-0.427223691078205	1.34066398809563	2.49656200774119
-0.526052734089315	1.34965953535409	2.70896495165293
-0.968295078250337	1.43014185258832	2.28187560215217
-0.254012292286961	1.46227961537911	2.89338711764952
-0.44992181496755	1.31445828314961	2.7094848880282
0.087070420536575	0.713886416287089	2.42290036146742
0.435658797211181	0.643505425670212	1.96628823840484
-1.06778119909642	1.12334326037134	1.30324389670108
-0.395036196497225	1.25043233165657	3.16908581524642
-1.01460304037796	0.794997217095282	2.39053669869371
-0.750762833699236	0.713887281435636	1.92596721432772
0.186870325124445	1.44975117583638	2.47584315862081
-1.2171537376928	1.80972805234835	1.19110263675311
-0.879847001854255	1.83628641757061	1.7605070343783
-0.376862759809432	1.79349713237645	1.72894324094394
-0.581572554417578	1.78424945593034	1.61161912176713
0.438656871639214	1.22163552624129	1.44354414502137
0.0300810401665048	2.14918081658122	2.20063288642612
0.0827157876869643	1.53062618801735	1.32415702394874
0.38610147812313	1.51673901317117	2.12619275356625
0.38610147812313	1.51673901317117	2.12619275356625
1.02255075266497	1.52629780532359	3.63984721792482
0.45434416891484	1.38070110771659	2.20629923963688
0.871926246565267	1.31652488085452	3.65728385735602
1.13686238058097	1.48626439723623	3.5350636174143
1.14354716390266	1.73708789313916	3.47888575752247
1.14354716390266	1.73708789313916	3.47888575752247
0.430022039816838	1.36580975903156	3.24896158425431
0.667978242397729	0.939178404732292	3.68104952948457
-1.15815933032241	1.38146453335016	3.45892308519223
-1.1942084705796	1.92468751903076	2.01336888434769
-2.93186880394862	0.985936799214054	1.76050057500312
-0.959667018077579	1.36260342989964	3.00523548804876
-0.162629180471941	1.66296405933771	2.5908978735011
-0.265047239535434	1.27360575962583	2.00046337144823
0.423803880906329	1.52022284521777	2.81463482007275
-1.91756239556399	1.50726058491197	2.60192855158881
-0.488570982524697	0.297925483070386	2.60480755679636
0.153860382940375	0.619801913100603	2.50821438266572
-0.874261630705258	1.05675478074181	3.30984482183079
-0.329664540045172	-0.105299939304802	2.4192445303574
-0.696615002957505	1.62930413615539	2.48378444307341
1.00458599182403	1.32067931352865	2.67423076371849
0.633869402063043	2.56650628726985	3.8533957688475
-0.303294320029362	0.72996253777831	1.80547037852061
0.631118316781949	-0.0941968454661883	2.49921397312935
0.477055069254923	0.563279529795655	1.33160772067926
-0.811957915979044	1.52139842271277	1.56094385026849
0.362024623662324	1.32172634721327	2.21324786215888
-0.341975802220055	1.45235481123584	2.1373815017596
0.105048975941098	0.647631963696684	3.27489313487276
-0.163424614918416	0.733212272853937	2.29054340293183
0.168682673978111	1.16919352421576	1.46765635884431
-0.0603655405475975	1.41964196156644	1.3291344620789
-0.239541341636701	2.0844104908069	2.50560105739255
-0.450773920073945	0.887062555096517	1.80612072699368
0.390032182817612	0.671101272378911	1.65981971775701
-0.277561941408903	0.0264009775695048	2.32419150832589
-0.252816197487203	-0.78890122092536	1.81032036852283
-0.460031766549999	0.354361927413388	1.54493495427938
-0.592565399719805	0.852949374278482	2.30403754180778
-0.607145887407622	0.898248598713097	1.62795555428684
1.55250060579389	1.24390860935181	1.56659685396112
-0.53384354729946	0.807683877534417	2.1617205538947
-0.53384354729946	0.807683877534417	2.1617205538947
-0.215769222518883	1.56218701070851	2.17942307808925
0.140106266227182	1.81460870567983	3.12772501526257
-0.00105548521530133	1.31703208623413	2.63869479817056
0.162737880284809	1.16938171994558	2.88288891757308
0.162737880284809	1.16938171994558	2.88288891757308
-2.74561363253959	1.54439607385682	2.12134454757938
