1	1	1
1.39265592546291	1.25894562330869	2.27471256242054
-1.12558548425861	0.217527758436895	0.975725260227724
-1.17904504491133	-0.213786692028199	1.15760781689396
-1.16737779314772	0.252680046986438	2.29510633760641
-0.0597088073543851	-0.00424613727584568	1.20976368252404
-1.39058657514105	-0.0935609821339226	1.40242343515506
-0.0498117026509436	-0.171077492014205	1.23595233205917
-0.0498117026509436	-0.171077492014205	1.23595233205917
-0.0123317981053624	0.753881397597205	1.73295363026581
-1.06883941104378	1.56784618904357	2.82216844134959
1.51736419886035	1.00275903498697	2.47796482599513
1.55984203584329	1.0273832750913	2.23300592779651
-0.235325081350971	1.06035755135076	2.69962631750461
-1.42251930602854	0.857229663173148	1.77974843438583
-1.79183835435023	1.6387048513291	2.28266776568197
-1.36445106213818	2.43509669286607	2.97965954298824
0.0531395814612582	2.00787015944343	2.2691005635221
0.464349290637559	-0.8400870897822	1.86512005557046
-0.0935985743708392	0.408353534115721	2.38824690944526
-0.888108712946013	-0.363795825989435	1.51985766938879
-0.790050314289301	0.368701285938826	2.89852597371699
-1.40543037666533	0.597349119003773	2.21211414722094
-0.604997473002469	-0.306827756804302	1.96678271847419
-1.29359024368428	1.07741474531881	2.20295268400213
-0.61411126138593	-0.231396516143359	3.23115146645147
-2.14487717257621	1.17159029737685	2.54906384246175
-4.36808523873165	2.45957192115024	1.47363219321979
-3.03159078375748	1.99590257081646	1.71944551777075
-2.79111427767891	1.10404689127551	1.94061020722433
-1.92523363988427	-1.09269006345761	2.13412135235639
-2.08696698324524	-0.814290140261647	1.89757433004861
-0.371158303679048	-0.251456130268375	2.3949960392961
-0.473520884160433	0.126150816916582	1.58228799490862
-1.02932139626636	1.30849951290743	1.34115845281739
-0.428308340285738	1.26261739122771	1.31986963879697
-0.464267404816589	1.88169608231125	2.06779218596782
-1.34692812060704	-0.0960820897088595	0.756946405513079
-2.23180441034682	-0.29988459374155	2.29231204445798
-0.501797793092161	-0.585173258553118	0.613350619800427
-0.345687326193717	-0.0419833788996433	2.05931759241169
-1.23923762935	0.842097907312351	1.62424172657135
-0.426082093416979	-0.390925651339083	1.27032240876857
-1.44184624996648	0.129369860142572	3.05751074441521
-1.14990028742136	0.485237174139416	1.55352903703795
-2.93116492697061	0.221699764347117	2.09671219180436
-2.78176023978152	-0.575239119183784	0.535027327341706
-2.39283949490197	0.552956383322584	0.881182469391969
-0.880409487821494	0.345734193114977	2.11090639553769
-2.22537662531924	-0.104336813766025	1.28911406102537
-0.999726344379552	0.518468812982751	2.49558233669542
-1.15059730664246	0.498532859131753	1.03007787236191
-0.947982246448505	0.820090292315561	2.07034214864752
-2.57899154011787	0.187941110920787	1.43264573647895
-0.900060652492623	0.0152328683716305	1.65853254162672
-0.7420844803542	-0.613281304532879	1.02712335755396
-1.50407137872615	-0.113980184040212	0.243172232767076
-1.33833349334194	0.097590628557399	1.30397063647563
-1.1143766593544	0.393100070135579	0.353442004472278
-0.268080715624597	1.04289503951967	1.20107732327784
-1.62008419140289	0.848145612303023	0.428369168987716
-0.975784157032107	0.766296088718951	1.54376288747298
-0.30785783328517	-0.0472541970285337	0.926162470723984
-0.271433903757528	0.525883902947467	0.767214800158231
-1.25704493948119	0.418217294653874	0.662805729038949
-1.01734993670204	-0.940112693716534	2.34539147128493
-2.26195452386464	-0.530272128201851	1.09059981110117
-2.72958337695595	-0.321153097035885	0.940359618611127
-1.44769584076165	-0.655185985185571	1.97044206750067
-1.28894325586901	0.346311452610612	2.14854728618751
-1.31740859493476	-0.266484946360321	1.26871930968394
-1.08448725162181	0.629175715650551	1.63470793638021
-1.08448725162181	0.629175715650551	1.63470793638021
-0.150322543438414	-0.250541181854034	1.79042296834177
-0.48658877815617	-0.0172799190812716	3.63443498545988
-2.98486031737231	0.75326487721937	1.61043843716435
-0.524244783509709	-0.156661471963577	0.43836916887936
-0.443113827354099	-0.484836216102364	1.2203906383296
-1.63883918966346	-0.600076493856937	1.11650658977314
0.0268684999269115	-1.06288953248391	1.26681768041683
-1.36063965359176	-0.551111531459101	2.31155785701444
-1.95099078787685	1.45860985911795	0.794838323779102
-2.95232984499543	1.67527124081622	1.45205751449192
-0.239302554351242	1.0459730664195	1.13921225953993
-1.19239844346333	-0.441636456376176	0.383229343024678
-2.09616918678734	0.204589093547818	0.797929149843946
-1.15716418835764	0.0277443368553447	0.015432978225549
-0.815530725123747	-0.183562399596514	1.27727951666215
-1.58873952731045	-0.80907379946668	2.18560146289149
-1.6125984213383	-1.33166891566626	1.71481923940393
-0.174861033082163	0.259535430876793	1.71097602233404
-1.42620027318137	0.268787901087666	1.77947260962517
-1.58572109960465	0.534613814747351	1.12711871861914
0.230192233029406	-1.05273818619326	1.90076833601363
-2.19733011753979	-1.7024837278108	2.45723754035726
-1.75402517825893	-1.0015767304862	1.18204521727802
-1.08226710243074	-0.624412934021148	2.38327319322301
-0.250280673457298	1.31167858270987	1.80938925207348
-1.81898824022801	0.757851831589515	1.88649462445778
-1.6329278601437	1.20815778358748	2.68046334289295
-1.60839414042347	-0.036845468290143	1.22202388141889
-0.927504492020266	-0.880344104123269	1.12115819929658
-1.11565512969241	0.855710949989198	1.76988946065806
-1.60935693787968	1.13803532507065	1.75394233498824
-2.09052280745237	1.03664400982097	0.878855502997631
-1.20050628260209	0.594322445271669	3.08920255667151
-1.96259163911705	-0.288383677543953	1.70063812522559
-1.51124896766027	-0.197745907809298	2.15569248730636
-0.868909624543548	-0.357070380635503	1.01327823701672
-1.31188270567441	-0.988103250849459	2.10050808822496
-2.02448222142355	1.47003773651462	2.0783124387341
-0.650372745863585	-0.625319739457787	3.2758311508208
-2.11131878099202	-2.08957416075893	2.20697751218708
-1.75465421707489	-1.67540665211186	1.22222810126876
-2.57802633512725	-0.916805587669056	0.775490579843068
-1.66155813625815	-0.24264186401604	1.97885967822121
-1.64296558512276	0.0986741436151918	2.50879432258101
-1.51690861216656	0.122488853729922	2.16168742922997
-0.558530102346677	-0.00735684007895354	2.07291638221605
-0.587264008653218	0.254797836336165	3.17472011031152
-0.043061015274841	-0.744195915675571	2.87965192349545
-1.03475610109997	-0.701418439686122	4.18514660554325
-1.84671607887401	0.326079680596034	2.26441446675865
-0.172395212921724	-1.54387713317805	2.80310552469439
-0.586174270483634	-2.05045194028875	3.60306347852432
-0.359209247447547	-1.0603338864263	3.18463712842567
-0.881676761128482	-0.372863664662153	1.30400277132303
-1.4895055576985	0.151289074034793	1.90824706123975
-0.792839616980838	-0.658489792790832	2.05103494234621
-1.17784426553393	0.159416471827815	1.36882008507183
-0.859607090597173	-2.32098157983135	1.84044437500401
-0.703664041959325	-1.70957511219322	1.12316799115335
-0.637443483816702	-1.88010777087759	0.731644585735629
-1.32235538045008	-1.04488138521449	2.37749041340627
-0.968804660874591	-1.29161510914782	0.811081413960825
-0.968804660874591	-1.29161510914782	0.811081413960825
-0.69100702996658	0.252161690598189	0.651308153615507
-1.76260612355119	0.95877759355001	0.624446521912675
-1.8588442946073	0.905236384324248	0.49446558551019
-0.965391593840741	0.990146952257924	2.75896146012998
-0.878061986954273	1.09950096348388	3.09627967313153
-1.70077374739016	0.722916576934913	2.63965943388188
-1.02425286500849	1.76995234708267	3.65805206566398
-0.89961773935946	1.24710864642902	3.14575566140094
-1.24284762168873	1.64957379137353	1.26253188654801
-1.24284762168873	1.64957379137353	1.26253188654801
-0.671278700318443	1.51626630103281	1.32905602819313
-0.766684749221723	0.483229523918384	0.0442009367955176
-1.81824660683014	0.364196287181676	1.04311123362667
-1.50743612382454	1.24165536748609	1.49047363827767
-1.95203555854448	1.64331692233119	1.26572195699625
-1.28263804407735	1.48197343063539	1.75312280362517
-1.52675755662521	0.533015368512019	1.98613487826244
-0.745825051921213	1.12587136881298	2.13230506580634
-0.683870896957555	-0.455574300983025	3.15069449492569
-0.383355982151664	-0.0547265774898121	0.75806060334367
-1.39990648391253	0.977347144146938	1.54563602513237
-0.770833389912229	0.821975339337012	1.03173118955557
-1.0705019776542	0.557513162456111	0.772560430871576
0.151417718366741	0.475201775188341	2.78630647559055
-0.452333009104417	0.850577170061583	3.10064554161303
-0.95696655701372	1.20545763748903	2.0977609265865
-1.67410892578949	1.01542012692135	2.24196192714972
-1.86571516108802	0.642167514001501	1.68588153948794
-0.537771988709646	-0.992460272830735	1.44645319635833
-1.78604270880709	-1.03467798551828	1.65247289680842
-1.6157243042481	0.734503218905743	2.36159037269396
-1.03263192762762	0.911407992384686	1.24964573135373
-0.64750490726891	-0.126688676827072	2.70822242069544
-1.63702313409303	0.814304554197102	0.879638192001845
-1.53111589599616	0.531490320761373	1.18836134898358
-1.06304667170591	0.120659761321522	1.93371145646947
-1.25205107840823	1.82782287159468	2.60987149386068
-0.228705293385301	1.10426140862401	1.6724520345208
-1.5156053916067	1.16642092892193	1.53980516038404
-1.387002639151	1.65039642607349	2.19391271413126
-2.00700732294494	0.0698352453585367	0.515333459253828
-2.45559552366763	0.632496894683054	1.17853798769239
-1.14995025824772	-0.418798745848596	1.91533046952216
-1.6282138421851	-0.733066091452975	1.68595429004951
-2.28126523799994	-1.10292450558603	3.04131784194962
-1.27384070559671	0.584673322243031	0.503241618230278
-0.2605060438475	0.648833358464947	1.89761455696524
-2.43171788493817	0.00204644394653752	2.89590097717131
-1.35071577904361	-0.208524606587808	0.925086266031505
-2.3659525383049	0.651424492127202	2.45514695369225
-0.604527198101406	0.307004758993313	2.13317533180783
0.185237068459865	-1.35635309755296	2.47284724844234
-1.20727518448834	0.494294999167484	1.31866221837852
-0.119294533207176	-0.903371983413649	1.58050178142657
-0.448558798501458	-0.431280342831897	0.815499157889974
-1.12346821392248	0.0373903914625352	2.11671017459787
-0.898747812339533	0.599990737411669	2.01766656921095
-2.59758627970777	0.989008797655571	1.89263247330298
-1.39111415497623	-1.31806111378566	2.57036564700495
-1.2059467013359	-1.01243833831528	1.59182106893126
-1.00693288402526	-0.862294163656373	1.10110547992162
-2.21796973995705	0.73372659019011	2.54983787463771
-0.0616900985125934	0.482371000006743	2.74629378268648
-0.854316572812154	0.811126741769377	2.05410624374553
0.301550469490765	1.79535693895679	2.00889413850465
-0.163956062641035	0.736893442096261	1.5886575953128
-1.47589271313035	0.547099497963142	1.76731974855069
-1.05556024029997	0.0178446582456426	1.70371489319593
-3.36459033466147	0.406425413305888	1.44192820145135
-1.88787873834403	1.07571268170225	1.80444767498472
-1.55675033728849	1.38511906640079	2.9424523702445
-0.869138595393125	0.982712188009201	3.07584538807097
-1.19956553153635	1.34780534792991	2.63144648516523
-2.09832722939014	0.461453196876397	0.413505723915146
-2.25904297780231	1.06230674246502	1.33203873430139
-1.26653771722645	-0.422282159593286	1.29377934793535
-1.08570774834336	0.079212186114017	1.66158331552774
-0.973757212027056	0.178320007069341	0.345578655765391
-1.67890358290277	-0.0984708542262493	0.340722472394423
-1.67890358290277	-0.0984708542262493	0.340722472394423
-1.20893413198637	-0.600002736857263	2.17704386293022
-0.513562084810119	0.0233281668894092	0.929771067187033
-0.699896767106455	0.721619403103444	1.33321965578538
-1.64016945287158	0.378999160388146	0.501394430277955
-0.37994955653783	-0.220355640705073	2.0006767247789
-1.23513109614656	0.285588411277929	1.94266555650158
-1.40363573202869	0.049702092106689	0.66993945266974
-0.420901426320159	0.286350005259052	1.21826102452872
0.224555890661219	0.0559400247972164	1.75848479371779
0.336406898395625	1.00826234111497	1.97474085733546
-0.2843186515602	0.970362666178769	2.61846702520332
-0.64974491626836	0.528856033892755	3.82764037779814
-1.79990521284575	0.456876341924827	1.06228378825413
-2.11305996049141	-0.455348315412191	0.550691599518342
-0.78126931318309	0.249854997578801	1.49076433808679
-0.68144372483728	0.535258310729656	2.5268306810251
-0.68144372483728	0.535258310729656	2.5268306810251
-1.38554682524762	2.25562503407023	1.51731154112778
-0.24301211363769	1.02077653569638	2.14895701354504
-1.32212893361728	0.986726381129553	1.40564170303925
-1.63593755352174	1.21520242610365	0.974663263279792
-2.21421311936339	0.375686886885397	1.48344779135431
-0.886658199910101	0.631073216026259	2.07260879246119
-3.55478527347566	2.20518411404231	1.65446722156513
-0.842571815055864	0.606982507856022	3.34566348025829
-1.91755904492424	0.484392386140321	2.52455516664173
-3.30561146532684	0.552120317007706	1.40907601415066
-1.51922333005574	0.147083435005003	1.94547387631455
0.413532191739029	-0.436135922191338	2.25154191318272
-0.179484660816782	-0.0917363705362381	2.22839786670055
-0.578408340972723	-0.143722312170853	2.57588375889128
-1.47030874849451	-0.497567970055973	0.111382296958765
-1.55880213998459	-0.232904055218402	0.113057107257682
-1.94363083992274	1.22305078833679	1.75719004553483
-0.590289051343287	0.37802031995707	2.16459994951392
-1.83430739468346	0.793228693827853	2.01879469885449
-1.26875639182252	0.239077980430566	0.870369206323993
-1.48299567544023	0.738706186233684	2.69108100316958
-0.257922040466706	-0.567726183246515	2.40503180701675
-1.93890950708024	0.14101231880263	0.721451972222898
-1.54477722362142	0.124036558576282	0.863250385957555
-0.74938284077588	0.163676174537321	0.884082769863153
-1.36083647753122	0.823367870263962	3.1591642420335
0.734715829810921	1.30846087681649	2.15623183016199
-0.697728473244331	0.670547183815726	3.8539793218937
-0.53228023925414	0.669376347924466	2.91972854461712
-0.76884430233737	0.155394657519451	2.13839625462275
-0.813152670497387	0.166120797855505	2.21382191578957
-1.49866322650017	-0.572957906359551	0.316325745929882
-1.59122141849366	-0.246130513968499	1.91458240971805
-0.613375658801904	-0.0117598274716704	0.97593304650947
-0.613375658801904	-0.0117598274716704	0.97593304650947
-0.697849782429094	0.140363218615121	3.0490546641426
0.874143339643426	0.744066046627292	1.53198953204728
-0.470688883536547	0.0292178419299338	3.11842005541235
-1.00543827925908	0.839072917090925	2.14536467745558
-0.0895130548248534	0.548455179845103	1.49939760075461
-0.701129054505993	1.50179166789445	2.06034073419836
-1.2877939480669	1.69622133146554	1.67619269691417
-0.792031532577819	1.54059753752435	1.73203460050628
-1.00331776553554	0.7000567017402	1.85286759314432
-0.30342894396666	1.34458198849087	1.6469630146737
-1.57775246143136	1.51387382648915	2.98838540890523
-0.733196818619395	2.05924032487324	3.06888484791271
0.459447626642196	1.16643178562587	2.51297730552777
-0.98960935532886	1.21283410053292	1.25979910366523
0.0190799736703941	1.00442099464069	1.36816957779289
-0.0381176164182768	1.73248979903555	1.57413110022341
-1.4597225990553	0.925607880507559	2.06784946469424
-0.603938638765004	0.871667442210364	0.0813111908275184
-1.4643316354294	0.868463948259444	2.17886142085815
-0.8828752930561	0.394312219082699	2.30343382164381
-0.8828752930561	0.394312219082699	2.30343382164381
-0.757706214817899	0.668477453065703	1.05148633509828
-1.17412684899293	0.20143898492185	1.80806435756764
-0.694025833016169	0.490709028411643	1.32812483062443
-0.568102075459827	0.52636777251933	1.95257686652469
-0.0585258389510007	0.990344564465154	1.74382099039077
-1.36005885466279	0.780923661036932	1.6634771097856
-1.01439705190556	-0.0609273880375372	2.49041295749935
-0.641017639859332	0.38227294646822	2.69827588658269
-1.69878058376407	0.783310706160746	1.73030182346452
-0.106809979928707	0.752467753695636	2.13179166844788
-0.618446429256837	0.239774865877066	2.0671620475621
-0.247964256519194	-0.247199758238078	1.75193758320958
-1.48690482034812	0.324234144750397	1.11921034546232
0.539377303519433	1.05251794888348	1.7861383545731
-1.61708669882351	0.599474558474733	0.256084825375897
-1.74215417933135	-0.649237661817949	2.23725824812988
-0.233982469538047	-0.153445649258096	1.31701459090466
-1.24743263572234	0.604727332734987	0.321463520814041
-0.501946393497373	1.19201494316395	2.00274535060661
-1.17369774294352	0.493483283965985	3.27239626083764
-1.63051517642667	0.305943550149583	1.33351202599121
-0.0782066689314873	-0.428557518782242	3.81196219207583
-0.872233855065892	0.844707569613304	2.35705325483816
-0.71965183207661	0.519268405073848	1.36785246607246
-1.81620126214845	0.888488561268984	0.664214930436648
-0.503387598841175	0.838425069498803	1.79866140158361
-1.98487550598875	0.252745674081249	2.25740182728994
-1.70070469448957	1.00904381681801	2.42012418372115
-1.27689689416177	0.80093817648837	2.28542157394985
-0.487912017206844	0.466352722961107	0.950256167081285
-1.71711387948906	0.421014823768523	1.94624774273427
-0.391804949593039	1.48600579089697	1.78354383733389
-0.402520963860478	1.71971010143415	2.25121069506486
-1.12805018759981	0.135197949247365	1.78347587726581
-2.80502112690806	1.68261762682087	1.21051980125306
-2.03592929841129	0.198664501028684	2.50125294119807
-1.70818334218864	1.31585976081207	2.49752080813889
-0.585682689731613	1.39916224926229	2.19243100824129
-0.69043375495009	0.964880036933586	1.35170581198239
-1.43904647424165	0.659866821073004	0.733065579954555
-1.6688251775629	0.724099985299798	0.3412459845155
-0.943983698985384	0.695780949714744	1.65731628354231
-2.30396486478261	0.523754256140669	1.39483916621757
-1.30162183383776	1.04625435684557	2.45162482533318
-1.62986842229813	0.86962024653248	1.95872091655599
-2.83929511080539	0.444211519860775	2.93885958524512
-1.72702945059572	0.164935899112832	0.544754791803484
-0.982995958781642	1.2562874800134	0.927859321630739
-1.09501902698453	1.34645659905191	1.93111113676842
-2.96795603989543	0.954476357640808	0.748142157293125
-0.772827518654442	0.854984316838902	1.60550851775306
-1.19333981991867	0.863295464673169	0.700621616602595
-2.0984390761971	0.764207959501419	1.25254986614813
-1.26854252032924	0.456137644356912	1.02376675401844
-2.50457045527837	1.61735993019799	2.46606014289072
-1.47993128950279	2.15887408877821	1.97078526669367
-1.87642974295209	1.50385384108563	1.36261683011341
-1.2671400051738	0.468219098967573	1.61228220348935
-3.27726840602044	0.95328563043108	0.980730042041721
-1.55777281358007	0.629077081809618	1.02864872776421
-0.852606291724233	0.32514070901383	1.67523104242758
-2.23444125418455	-0.0911411593007986	1.74409763930551
-0.0803564188559608	-0.410046588767859	2.88994483361787
-1.37810135012303	-0.429155148370081	0.788671444532072
-1.01289881042049	0.443267906873851	0.887069509350018
-1.98233104491189	0.049212797425205	2.68120316464193
-1.20203028508548	-0.329829345737471	1.21665812436415
-1.72887564190747	0.111643340790716	2.48850794076075
-0.426561182014562	0.186380457703054	1.18574481068136
-1.54062111739601	0.493843491542046	2.32314635589703
-1.12327996300064	0.011997916162499	2.61746186120378
-0.333706094760733	0.9050848774821	2.70799864910575
-1.85146028700025	0.503835626180643	0.468308146082654
-1.01241190120688	-0.387927487248898	2.66684542121835
-0.294214202057167	0.427796715922413	4.32738854837995
-0.356722811084646	0.124476437296694	4.28336836688534
-1.01013947699101	1.20251750155499	2.40645600021579
-1.5791210667712	0.841576746636454	0.57481250254409
0.397488133061497	0.497313994828653	2.7112869749901
-0.627513259319261	1.00314988878668	0.864927424365955
-1.38523153124873	-0.772032559755396	0.956105064053778
-1.65144611351549	0.0516153332272001	1.73507138265349
-0.330488330651185	0.916214371524861	0.765025249430791
-2.52205787241403	0.749475719734968	0.884923541750448
-1.81350634781282	1.24455744170302	2.84002675475348
-1.13107713199709	1.7433781507628	2.10433151878284
-0.57736655614774	1.11153155859507	2.55000077356274
-0.993659536703991	1.62347536419092	2.25119615525645
-0.599284780981303	1.78810950479702	2.62220927216696
-1.52637766362654	0.657805249069188	2.37424083756583
-1.91549730715526	1.2398855606509	1.61179983284303
-1.80555209084039	0.422611911363384	0.815477324862161
-1.45028601611054	0.959956054566858	1.68442726041896
-1.57304077054618	0.347676759970478	0.828696298067208
-0.291692503419967	0.241535224650766	1.14052753584667
1.05925141574157	0.819396381970179	2.22609590352222
0.311218505437815	0.523837458599726	2.62422224099273
-1.14560442783521	0.501889617071197	0.953435785198165
-2.12218598381686	0.3110910755101	2.34735870119048
-1.49527122864288	-0.239957053173035	1.53671118463795
-1.34327436737627	0.702772205852258	1.71546353550752
0.020533785645329	1.24503475982741	2.10927186001525
0.558245073954918	1.01906940690752	1.97581904057579
0.872941694065636	0.924432023231939	2.30814419816673
1.0823179473693	1.16928566824819	2.12962808683511
-0.872739886225903	0.19988761053618	1.45855758396302
-1.65631308453131	0.0963442897514185	1.17877051384997
-1.19500455434213	0.421806640005709	0.366914089784438
-1.19500455434213	0.421806640005709	0.366914089784438
-1.0523581432514	1.43655717759786	0.953590232045629
-0.918160052414615	2.22684776756576	1.49185622416137
-1.499876189331	1.23476016785199	1.67069872006435
-1.32010439692688	0.873194731796061	1.10172051468701
-0.410087103995948	0.0209769406520578	1.02019669085451
-1.49592503463285	-0.0324942208292773	0.894173699041467
-1.26166873531259	1.20048551340705	0.398316506083333
-1.98498922471315	0.770533681686143	0.456691768061512
-1.82783806580163	0.683054915338816	1.02169328350956
-0.0731820425237474	1.11163599436946	1.43801391410123
-1.10289598141007	0.377046962027326	2.15948188569575
-0.739953804336075	0.898692043787577	1.48867781321779
-1.50003371400838	0.593588767040231	1.08644351775927
-1.64851198177818	1.26897113466542	0.672171746034169
-1.96348109133408	1.8210446531863	1.8349854837624
-0.585705851726377	1.51044093740722	2.50257709207366
-0.714618155104648	1.42839266934104	2.8376612297424
-0.612605521311858	0.297076630729634	2.10847332181149
-1.17049349052589	0.807494369224194	1.52981772493999
-0.388804426051646	-0.185759109030779	1.29948670376608
-1.49604574520483	-0.176214553152047	1.42711385299144
-0.817625364496536	0.228927299551182	1.43815254405143
-1.51620888883247	0.410549740138174	1.91677707879219
0.0125457561816589	1.02963789622636	2.32366435379902
-0.395807837759323	0.830489064447928	2.23754971894623
-1.8020203156025	0.819021475176245	2.77519823116157
-1.13526785403313	1.03531237380277	2.42683650387465
-1.41744175539601	1.74039108439428	2.11556227462015
0.838350530630778	1.23699445854241	2.06279810864994
0.111709216557656	1.8760281647134	3.4665476984049
-0.792963729147194	0.730625502413448	1.67475186665101
-0.253074673453582	0.882520672400014	1.3113966090979
0.235445278446964	1.90742586235403	2.50050242113723
-0.237398450042315	1.43240679542964	2.45497761360817
-0.650415502720597	0.775031853270186	1.70846234684844
-2.417292253679	0.592265560235378	2.59967502095398
-0.986700144944494	0.643249964587485	4.0841834985704
-0.260497711847066	1.63276898888404	1.86640510480489
-2.45473510318004	1.88397745977833	2.97425122927886
-1.37628233074924	1.01331996668408	2.44508433556044
-1.22130914496465	1.38558049648425	1.72685969777896
0.479012181260542	0.0766044079494263	4.03938795719312
0.0998837666391221	-0.437506347627776	2.84054674684242
-1.28333365746449	1.07466415181364	3.48993271017134
-0.476002390194624	1.23387370724525	2.32818345530452
-0.411068102410809	1.42640981526708	2.17865559903439
-0.28182284149052	0.525177096836308	1.71707971958568
0.178998865487154	1.28286775174553	2.88311557937476
-0.699539918078348	0.791913529737556	1.89700108175813
-0.246264346628474	1.35167570191336	1.61377476939493
-1.26291435801999	1.23064063288397	3.11556463551771
-1.05346128296808	0.162938660590757	1.70064318791581
0.471007452507948	0.861136949916903	1.36835198191028
-1.76901140408106	1.07744992014572	1.4129479228997
-1.29975922640155	0.381520562786262	0.479816775418103
-1.65365954800988	0.781194002438221	1.28565422094393
-1.26760196842959	0.816650081677879	0.942243879979741
-0.999239110243482	1.22905510600539	2.51644098713981
-1.32681108179427	0.0151044346738793	2.79041868226776
0.0110454077014155	0.430508606759827	3.79187327630499
-1.10610702381809	2.40262413828896	2.71660958795915
-1.3150320696114	2.04666574898885	2.43611985098519
-1.69769440244365	1.31326732526003	0.857094281543467
-0.00550276240430891	1.20206150902805	2.43262823867734
0.693137683521755	1.17593856812514	1.67070640288896
0.0367944128311792	0.665829021451819	1.73234908815924
-0.736060825463462	1.07645895002552	2.60956722271043
-0.263369409756495	0.365573632215897	3.14319411071688
-1.91637546662416	1.32938890661921	3.13154050250805
-0.559862781470269	0.728977090169492	1.92953565603863
-1.2646990537111	0.249557334521031	1.69255781016966
-0.387083284715375	-0.276016559391786	2.90159528139896
-1.25072654906638	1.15797925626376	3.14403973154763
-0.430613811622903	0.476362498738858	2.71774617523294
-0.392469419055054	0.00999067693015931	2.88771604724302
-0.944376718275545	-0.185790312066717	1.55123740205196
-1.08457050534673	0.923059786858886	1.65952330625013
-1.08457050534673	0.923059786858886	1.65952330625013
-1.2753506106928	0.984320576768202	1.97253538897784
-1.01096643047313	0.559465817590186	2.30954413092937
-0.746167588787622	0.19038756335947	0.70688032159339
-1.81791359396994	-0.0743832445731391	1.52866774156273
-0.578284876078287	-0.597064189100875	1.60020429285084
-2.53324824095733	0.396565966103899	1.6942802738758
-1.29818740640634	0.770913262456243	3.5914724746109
-1.29497498880713	0.497596373808787	1.89342000339886
-1.49467619370356	-0.0949391948923103	1.10645904978925
-0.986274962326307	1.38303814827991	1.34094607072276
-1.73531877180537	0.311746064930949	2.0052175228531
-1.57799367852069	0.472092196737494	1.68383869997345
-0.98385332356487	0.710538311632646	0.821017640255468
-0.95943824205133	0.838781051426175	2.12369275894078
-1.75105588098161	0.624616778770631	0.888866742876704
-1.30210525747559	0.119164187500529	1.03245946070122
-0.63132827837677	0.373286692817	1.43220481028081
-0.853619298180133	-0.0788968551682055	1.82993074914689
-0.873063838915378	0.363539850130798	1.81921674777451
-1.72561751984284	0.0479739127954492	1.25723841505811
-2.08789218832575	1.04952098465212	1.84257347692973
-1.56279678135066	1.11601675892138	1.52489825345857
-1.56279678135066	1.11601675892138	1.52489825345857
-0.538604955395864	1.43606415730088	0.848895861969455
-0.777290275505706	1.2128446805928	1.67856937776319
-0.859268727253904	1.52347936007018	2.16576821832855
-1.76420991431827	1.76657090169156	2.59225670219496
-0.503204377667738	0.959796543288673	2.35806851963898
-0.864981044540133	0.941977139881877	1.71261349185227
-1.33521354500817	1.00874075425583	1.80756257583228
0.124199662395458	1.64725872517406	2.11013274709006
-1.37174382591168	1.59522427967829	1.40478885171372
-0.823746123542548	1.82434712341743	2.74956037019744
-0.930707007181999	2.06718515364872	2.20051260363104
-0.0754467911385949	0.4790045787378	2.30547547098411
-1.01684169176603	0.492735262594146	2.12719744697368
-0.60527845204397	-0.497946940475567	0.766923925730311
-2.45861331654573	-0.272281724610574	0.874875935562411
-1.80958492600769	0.435863499447989	1.8520514062371
-2.70103028747718	0.335427873469448	1.33869091246347
-0.883519362535806	0.95320831990367	1.90276936279283
-2.66361615245813	0.531154977976967	2.30166016507434
0.0403893447737143	1.34141730267042	1.48047013811464
-1.49456878947643	1.57359629078842	1.89507622351434
-2.72074123724605	0.856879666577253	2.02689451590827
-0.854265487999346	-0.0195110044156642	0.926014357541169
-1.79454355819023	-0.0184647356090754	0.899226284180255
-0.958676062712176	0.489217029814651	1.09568519275881
-2.55892795311194	0.821613153401782	1.0250595432671
-0.701974733957863	-1.51734169968238	1.05240273889544
-1.09657540065153	-0.801977296541577	-0.126314645230792
-1.08069766199414	-0.137921202754391	1.73355879407875
-1.39334604012398	-0.51175474982971	2.62478035687468
-0.740565902000403	-0.972819318283783	1.1047749663853
0.126589899265569	-0.90058067027609	1.72413281555137
-0.976635948536346	-1.36521535593159	1.91544693488765
-1.18530078314456	-1.27771361136506	2.32365339415269
-0.921782834838426	-0.725563073192152	2.61907520628274
0.423565415100079	-0.462714825507608	1.62896459217456
-1.7461786658204	-2.36772707251579	1.25958585712392
-1.27843235738151	-1.19733567669155	1.65716127434955
-1.13864169802092	-1.87388542137343	1.05429288829211
-0.764437866294033	-1.09183101873189	1.39854901320318
-0.76489862461572	0.124747149248872	1.72073038199792
-0.554510172911864	0.731896266589448	1.39175608741186
-1.63829537814397	1.45743870377016	0.654876794148715
-1.7162410025829	0.120974626736274	0.792578019294818
-1.61993284437636	1.75298225493317	1.77844369273977
-1.10005949890024	1.81447988994921	1.11442308034816
-1.15366833053575	-0.441129074567914	1.57515849263408
-1.4504418520024	-0.288354379110367	2.0293384082326
-0.226714344489179	0.256538390005725	1.84943470733325
-1.87495679550913	0.763100811852354	1.21984195626795
-0.462395702706991	2.07269201861048	1.67477072938504
-0.933058648538983	2.20213337870138	2.074557761608
-0.872562335653591	-0.358054542894756	2.13621123224021
-0.817607590638633	-0.235335474337844	1.32261277378295
0.0496899681312457	-0.34701519330534	2.02485757103262
-1.70664118358404	0.120743889640159	1.05104585257268
-2.17403353958539	0.896039831755443	1.15739844054864
-2.0789491068762	0.13907693193703	0.936403531971132
-1.31216085458026	0.645896939581984	0.405143763101899
-2.08536879011822	0.441863394105135	0.634266774350628
-1.29237739265923	-0.528891685764247	1.40556833100209
-0.328650002097179	-0.355776302225269	0.666450367748881
-1.59116838948477	1.78143406257653	2.30109863110044
-1.15681501892162	1.13932185943445	1.58695368421134
-0.401818580243754	0.533309322121336	2.26327230245889
-2.24857375032986	0.141883342031721	1.28763847256368
-1.36510646279108	0.0968890606155009	1.46592633061728
-1.32622577492726	-0.415225187557863	1.69419832813969
-2.84808821532448	0.52821660053478	1.2984766908665
-0.541734117765283	0.16392405620983	2.80615192254679
-1.49737544654009	0.785871114953481	2.22236717143528
-1.91859075960733	0.814021043690608	2.05287646932472
-1.44372184415571	0.490530140385959	1.89724306006284
-1.8470356508031	0.17330197090708	2.11266180419693
-2.0994612243072	0.969078476845585	2.12952643995152
-1.04422219208777	0.891228021955707	1.5740735564533
-1.38957857971769	1.16815099224419	0.93588123509042
-0.872700821755036	1.06019178692635	2.07200794612724
-0.561283877328034	1.97083956547002	2.26361508441484
-0.320807721229055	1.41610790025001	3.4442990012383
-1.02826821325091	1.59266671907419	2.16131495744911
-0.954541854702004	0.977999144974543	2.0964656042757
-2.78428397754093	0.679416234081107	1.0309459581829
-0.377985744730749	0.776818067140107	1.19537083591901
-0.763884259492338	0.132202480340948	1.37769521463116
-0.792797505241427	0.809036137055078	1.86995146718117
-0.330238924668642	1.39006876857103	1.5491047144721
-0.704362022953221	1.62791718194806	2.58401005963372
-1.07136896437375	1.81596542746458	1.65499273603999
-1.37635687425813	1.09678586325128	2.28343724571452
-0.429836892709464	0.95768254613508	1.44782317580582
-0.535664402435907	0.52064241986399	1.17468526616982
-1.62820561359612	0.918407313860841	1.99801084584208
-2.97657031335214	0.772681385149198	1.72972910461712
-1.6647745696518	1.04262814306159	1.54189125582436
-0.950493812445958	0.392599767389818	0.655907115529316
-0.429840749976704	1.01516959632865	1.48154985919303
-0.6034652267433	1.35078857742326	1.59833810745876
-0.231552469344853	1.45652979362263	2.16137623648809
-1.65804090222279	1.63969867380854	2.27831056341211
-1.09140447107271	1.41550542456976	2.40198787822473
-1.09772920611873	2.02323202140474	2.10896998233589
-0.43017665927302	0.896329084899663	1.98467863081026
-1.865466211442	0.487461520238318	1.92295288673888
-2.57935673619091	1.60091115015155	3.15409727107337
-1.18108211867149	0.0995622359000031	3.01092309080828
-0.171372722359211	0.55919384252205	1.82255638658499
0.33450635473053	1.55278606426825	1.62749384490832
-1.3319133032572	0.791544811454647	2.56122260123192
-1.68141135509532	2.39868800024074	2.78745498617802
-0.36810593920706	2.24062632673218	2.37562600535183
-0.240929332613548	2.01673628641143	1.85042073718084
-0.736483319867448	1.02885577861674	2.47201501107458
-2.54537491064185	1.46592616950889	2.34818661228242
-1.82272442253822	0.674308775109817	2.04998496504915
-1.94081799350385	0.801828272928196	1.2619047128761
-0.405184691122804	1.31172022939115	2.70450078968891
0.358952341393457	-0.0234157358023909	2.54256595143776
-0.918082691446596	0.434666353960995	3.90331762809236
1.06144885060527	0.213162031706362	1.82997084129321
0.835482615102004	0.104292156871623	2.94488558401366
0.560018610601675	1.34685224976821	2.13697706239172
-1.64265356404009	0.166131631012277	1.2289346748033
-3.09171771654002	-0.0036511440043589	2.15424771923164
-0.682761899852812	0.496498590368854	1.98406955488818
-1.12812632264532	0.801506950861202	2.50840583841385
-1.41286909263302	0.124016257673588	1.96530636151449
-1.53329196296073	-0.409368453898063	2.60119627136108
-0.309169411798252	0.342190381177847	1.0761622354461
0.895348639353584	-0.755712119357164	1.74447871866963
-1.09487868752793	-0.875988814480094	1.70661235195348
-1.62949960991529	-0.627335681647473	1.53130333082654
-0.807711231124256	-0.60739654365282	1.48002869727679
0.39613955750465	-0.00528141312183428	1.69581602940583
-2.50978077887161	-0.728683259665289	2.02354150890114
-2.40109112644306	-2.27021189155711	1.22115243734972
-1.89194076461116	-1.24531015226198	2.08808908495527
0.0269749607661232	-0.082767706941589	2.14322787896857
-1.59966875822481	1.34227091379721	2.02819502090912
-0.233866647580157	1.41274403176121	3.06014331195347
0.411332114091482	1.04050226752441	1.83340632179016
-1.42910311912229	-0.447965786384709	1.37502087134593
-1.27572537926922	-0.923053225632804	2.16283997944889
-0.610031578101759	-0.472235410946454	2.39159100831592
1.48812549502935	-0.107561416948673	1.44250642396894
-0.56990720182954	-1.94602945234596	1.37151035163757
-1.23926327812024	-1.32550066740658	0.112632799166269
0.380299940216688	1.33013050895168	1.75870433568502
-0.277417824264075	0.896684169910111	1.27295581294443
-1.00760090369934	1.53977783540098	2.00086914522879
-1.04632041015602	0.807846493538852	2.06350500158883
-0.3521510008043	1.00953473006101	2.07178399992352
-0.719734571553139	0.557502226266941	2.61936577520921
-2.2695625695341	0.356571089031208	2.18370664195098
-1.94736650812146	-0.547094449194548	3.19216556243727
0.371585836997404	0.488784307641225	3.01764377408716
-0.933375638473739	0.928716928222979	2.96967197640211
0.448030704490091	0.273842305380901	1.56345995780997
-0.572476086556723	0.362392283721239	3.26081105896555
-2.43039591540045	0.789236993323503	2.60522652001953
-0.435879292354311	0.872364598463781	2.19416967761316
0.0927749042716213	0.331012780290044	3.40124675918849
-0.0546246907921961	0.999482174144516	2.39529786673708
-0.0411670173772531	-0.161589938924467	1.11974063588972
1.11329834485306	-1.25714284315664	1.44809860813004
1.09655222025363	-2.06315204500841	2.61319603745385
0.712424527851696	-1.12440258903113	1.91998665382839
-1.55194192081264	0.326981765900663	1.67578613827884
-0.687120092772814	-0.219804042791576	1.10283948271824
-1.06323672808111	-0.825460657290347	2.01468334969275
-0.904997669712856	-0.919192965811957	1.77851466840752
-0.995939361921939	-0.448670643933055	1.34457711193069
-1.75426462692742	-1.51331336115733	1.08359695463023
-0.134893308645457	-0.367918747122883	1.86928724353044
-0.587628702764951	0.307940817427238	0.2132162813307
-1.57477823837622	0.313704673651595	1.05231142350769
-0.554599475912623	-1.03236525580688	1.90736713765479
-0.419576354531649	0.330741335696299	2.60458716951646
-1.69803914137809	0.953230978247218	2.81260034702506
0.15172413125823	-0.150937403400817	3.27273546991034
0.15808701579225	0.479239664759772	3.04627673680349
-1.46263114519225	0.0176219919274423	3.09503918657048
0.198632667110547	-0.555736795435198	2.90560930252947
-1.27506111423116	-0.675623265903891	1.19187541101426
-1.81164249257354	-0.352087953319003	0.538360049666867
-0.324218287545591	-0.103352622688191	2.34276322714455
-1.89638168184303	-1.02319657449481	1.64942296808422
-1.95837590220169	1.51176740414041	0.908293415546866
-1.35775788035738	0.751629628798424	1.35239416409577
-0.977535678014257	1.05359468613941	1.42862111783483
-0.705413240814464	0.793148584673475	1.82560432808977
-0.705413240814464	0.793148584673475	1.82560432808977
-0.943335169279792	0.771699216249896	0.8004684258515
-0.737668581418575	0.755398656151463	0.624450247701661
-2.62134024677709	0.92992017674513	1.38953648950323
-0.609688387946732	0.148859819040956	2.03256650546971
-0.518140834366367	0.416749634529464	2.44484110912412
-0.687278190375408	1.65247010514377	2.82881374295172
0.532882068059586	0.277057940528	2.7071282194833
0.121094527037277	0.0946026932548193	0.515232245652887
-0.253593444122945	-1.06507308196481	2.01337280517458
0.226796975541752	-0.848743758325545	2.60562016957485
-1.72148497257897	-0.752816980607373	1.45845984484004
-1.48600782349861	0.0170000251364197	0.893747450036441
0.190959769311844	0.348573700025996	2.33603009661798
-0.556983838926416	0.562396168500551	2.47246879659692
-0.215524886132281	0.96065076759694	2.12833903894195
-1.39858383646003	0.751257224385696	1.37599033341188
-0.098626975260176	0.372676113982988	1.75854558251199
-1.18114819103271	0.794693900689202	1.82069491130103
-1.98926792906117	0.879633051532009	1.28272363669293
0.57343558538344	1.50462152287045	2.38169475828182
-1.5910346051707	1.98481150933383	2.14394675607454
-0.468066227853941	1.74415432020327	2.09518796405754
-1.22588911908873	1.80919529948302	1.87392190380365
-2.00644801805175	0.803536905828728	1.47691888043529
-3.09322778934	1.77386296224722	2.44982861202326
-0.0494792687673265	-0.305146442666882	0.552887947739968
-1.01021608897588	-0.247044585157335	2.08252868330672
-0.282083280533709	-0.276754687147876	1.18709960799491
-2.70703109733375	0.702049749971654	1.54011947931236
-1.66485607224729	0.427919301267031	0.825227274973349
-1.1649672199734	-0.0372080307441424	0.640311416036801
-2.23345581085019	0.248868344796561	1.07936598219617
-0.972946128279561	1.09557379943791	2.1398529194841
-1.79521932295277	0.637459475282832	1.19099448586823
-2.84778518892699	0.604936344069776	0.823616360940384
-2.21968044245337	0.677644354334841	0.485094953567579
-1.09987145192698	-0.0924819272326337	1.0058509411607
-0.834553500547372	1.66812779005827	2.93030793992275
-1.74905548673231	1.74202255253181	2.98744929220062
0.358471221431308	0.97790145679301	1.3779305910386
0.471087749014863	0.853467740856579	2.10196851295597
-1.14286324319462	0.986471170928353	1.75784129161236
-2.37211628307813	0.0510888175525177	0.513082658417421
-0.856087390051247	-0.957020970200247	1.26368529221044
-1.3575033038677	-0.528381696142664	0.483273942885298
-1.8673657321976	0.499850259504873	1.24286272269162
-1.28787740644003	0.319437570701868	0.328947408810912
-2.55891759572279	0.631800151765253	1.49386391743982
-0.264385192618809	0.307609284374516	2.13026823930876
-1.49703982432814	1.0270325513345	1.40755711765991
-0.760170619820479	0.887529565029191	2.08304738121294
-1.0699867779601	0.641294091426317	1.66507969617098
-0.785310683576563	0.765270743962031	1.08812353369967
-0.785310683576563	0.765270743962031	1.08812353369967
-1.13759374438336	0.832586050820652	1.60713381164332
-1.87868493952033	0.482420635948827	2.68315209579142
-2.26362701992973	1.04499130573022	1.26146136160268
-2.50906106677617	1.50270124810753	1.87859493120175
-2.79169340524053	0.794203744566949	1.04439868841124
-1.63982665093831	0.66629798831011	1.30393643422114
-0.239914860233431	0.0235690333808463	1.49545396243248
-1.04523804335475	0.60358932886621	1.4370149122072
-0.684356798262136	0.238654451427008	0.986665009596416
-1.42912172221102	-0.0831703022927871	1.22898911206261
-1.62564855442862	-0.276680195288627	2.02636674176064
-2.93191469093972	0.805996396801371	1.77552049413561
-0.853347802214358	1.28498689360061	1.73779064127297
-2.31894308945898	1.34130032581246	1.69696047377573
-2.16298857925336	1.05223701522306	2.33670431257884
-2.87498445242254	1.00542932848411	1.84290550275906
-1.06319402315002	0.241324121866057	1.46031344281266
-1.81753898292572	1.44133397362402	2.00187516370781
-3.98737345824529	0.580995857125472	1.62319288853084
-2.49650645212645	0.572745029662162	1.73171775758451
-3.58617112955357	-0.405356776586507	-0.169705738295754
-3.10760309634161	-0.325796517913553	0.38810784278132
-2.25751343133579	0.00286235567381699	-0.0281308558411061
-3.14400963026793	0.347890460334641	1.08658878127185
-0.881063057467071	1.50159545437026	3.65235387921761
-1.90403272863828	1.03852629107171	3.09250882917268
-1.85237248547426	1.76994247435951	1.71357547981485
-0.747976177720456	1.45988200141361	0.298192199600539
-1.79615613020029	1.17727186019696	2.24238894548217
-0.480572411434863	2.05439997837265	2.82759365357385
-0.49206846067055	2.07812985631192	3.18568615735026
-1.56025670287101	1.57298499579109	4.77306494442597
-1.79006411558572	2.26828088839894	3.55779054267647
-1.81336526401973	2.34060823696657	2.39408945700338
-0.20329313061578	2.05338725378858	1.50457625670143
-1.32133755822254	1.89462925667984	1.52476562977345
-1.28015955159449	1.3665274399374	1.75443989486384
-0.223576205593779	1.7076945277123	1.92575849474546
0.313331977351818	0.147679377846558	1.92362628221838
0.0701145291963277	-0.0231743313533129	1.65164328802042
-0.699356408135251	-0.401433818331124	0.973669689044431
-2.12951861357608	0.759482614587345	1.30105630862423
-1.25062504564584	0.30695602147726	1.48554265340688
0.123123505490993	0.454693737646455	2.234596964327
-1.09076155060074	0.0291984783353374	1.41547180428767
-1.52988813479905	-0.320325404533132	0.81606288523382
-1.14098120976837	-0.721450585789545	0.766817814660413
-1.02948920437392	-0.83227160505932	0.402073314812035
-2.14859638257323	0.117235207623647	2.53473168819388
-1.3248443687907	0.462914703927536	0.388005303999111
-0.465516843585839	1.27672036255931	1.13751886730224
-1.94100472568777	0.204858768057567	1.87228241878946
-0.285503666881349	0.615931729037241	1.56671319371761
-0.335546935054221	0.586198143137447	1.3350455894157
-1.89136531953354	0.657979020806232	1.33282139020886
-2.0716249755882	-0.106364153791296	2.72996164482547
0.109098775397229	1.07669043200563	2.00269169514962
-0.216707706616918	0.73581433455039	1.89034750934518
-1.69746359124325	0.51786956400717	1.90606885520983
-0.426145269250096	-0.881382083569129	2.55486442756117
-0.802430119505604	-1.16982951091119	1.99920709281553
-2.67959868847701	-0.649704096792211	2.48594333549038
-4.04023258885337	-0.133125203520083	0.274129799249729
0.0621577414901819	0.0221495867147427	1.51891295625787
-1.6754222510629	0.41067418488535	1.64573030403966
-1.6754222510629	0.41067418488535	1.64573030403966
-1.53601678025517	0.396789824155609	0.323147738671075
-1.12036839754976	0.342656078326628	0.781636948943768
0.637432099804889	0.419234110256121	1.25235824108512
1.23698709938718	0.68557345500857	1.4144864815615
-1.96892446002924	0.896903132947835	1.23216875606434
-1.89810464842449	1.15610071081749	1.05353389331564
-0.0748483661292578	1.0049582578164	3.04478043612157
-0.873306954693032	0.604316357574428	1.59826195989542
-2.03300624343232	-0.0698584227092197	1.31857434785856
-1.90530965494271	0.117255280039139	1.95038042444257
-3.12628887391323	0.393328449502489	3.48163923647005
-1.57032738547992	-0.043049235180004	3.99312565150158
-2.53229985906639	0.776544275259493	4.49993044854439
-2.46680910146215	0.480884746445794	3.34993772571902
-2.19698574134603	-0.534220143754147	2.50406642919157
-2.26329002896587	0.936164401596993	2.24403333713714
-0.928086271990068	0.515887592487837	1.51065078069955
-2.10472479446524	0.470276526095635	2.56406585028498
-1.68229935291158	0.59001222680368	1.21552092488386
-2.49323823181785	0.0306669383835811	1.83293684599892
-0.396621388322914	0.257745526628732	1.23349858233125
-0.701269195469378	-0.172742413176717	2.49316589831884
-2.43937539859266	0.43548190186819	2.24546367644585
-0.856595208896008	0.896991428831747	1.46186178447657
-0.859451997105383	0.591362390681122	0.452307611299073
-1.68184924705296	0.866245020073297	0.161240114779325
-1.13512122490264	-0.228857178969085	1.70946111870972
-0.85357404462149	0.207602489625409	2.57283370442385
-1.0008125405799	1.99401774409708	2.32514214864427
-1.29134121300984	2.40116346505418	2.36233379789803
-0.808579165771311	1.8437747691266	2.73410952386361
-1.50362296067745	1.00453414202633	1.04187462738892
-1.19683818552708	0.96337533515188	0.759654841074083
-0.400157348913004	0.423608781543	1.68841169105052
-1.34846289351186	-0.714116933852593	0.804422432462107
-2.0372429699047	-0.312509737100543	1.45109216248355
-0.879407247442911	1.20701208097218	1.60953549917821
-0.307941431766752	1.43409248004791	2.16663438123746
-0.471924739634207	0.505686236203631	1.9485404738071
-2.01431032804457	0.491244454496722	1.44531072309057
-0.846871227466707	-0.34859027409218	2.22682506285755
0.141127479312613	0.324538592893215	1.56822470766924
-1.44662834594212	0.368457482300291	2.44661038698089
-0.77513418128579	1.30126691820366	1.99225048593537
-1.14162420882542	0.936887889909145	3.83351375751507
0.135327910489063	1.59206897057951	2.28676104998489
-2.10617166974117	1.18146474925475	2.07191775705211
-2.12635281371992	0.314973511231996	1.54693822028615
-2.33175271935901	0.443428592879104	1.13096650882815
-2.89049881986945	0.455636701391606	0.527717330171139
-1.94924863199881	0.742359105281037	0.699035094938312
0.108660944966747	0.62553287143808	1.78496587491759
-0.548046397706621	0.921438827452795	0.989600335806294
-1.18837834613128	-0.0399526918072112	2.44926641480612
0.393887919758829	0.835083059798988	3.17638722187425
-0.926331262740937	1.77096356072122	2.10596508964823
-1.17762718199255	1.17827210480586	1.68095701105539
-0.246342029281302	0.908152567136441	3.24988402565906
-2.32150338211877	0.520364439153598	3.55896085029308
-3.45464147709824	0.940252119592735	2.73424605641435
-0.423148417014759	1.20924135181736	2.97652767238676
0.114625807512677	0.449461527580072	2.83205676918013
-0.675648904146137	-0.0495053944401077	2.19753376754379
-0.860799753470582	0.121770045886257	1.24862983646921
0.124990668890683	-0.263300558387356	2.11660352350284
-0.427756008225661	0.37411884393156	2.4870602657163
-0.601145855755268	-0.106563060879813	1.33604366737719
-0.568115367598757	0.296094690318679	1.31709326524015
-0.954034883809163	0.874877677886505	1.81795495990739
-0.31497587922639	0.471578530807767	1.94042054657269
-0.737499048004871	0.87853488847842	1.82571794546443
-2.05363187828155	0.603156283182877	2.61120660741021
-1.57256296009296	1.10595764363176	3.52620208607153
-1.24866835188073	0.502382370619465	2.08400074732897
0.367465961207123	0.65296659229926	3.1100605769467
-0.593895914523287	-0.20268970743743	1.98190563163434
-1.00223936365175	0.618251577634822	2.29734035937827
-1.46419322836469	0.818606466870071	2.27298181102214
0.290465788181724	0.0861366878362937	2.24195260622116
-0.194726059854578	1.01169062155459	2.55179188610597
-1.30012176850384	1.1886980410255	2.94640045589094
-0.890401104824929	0.897083702931453	1.9295715977282
-2.42346757304966	0.605870080522314	1.88472420379545
-3.99245914696636	0.472757794629472	2.11269454708057
-1.7185512763689	1.25934716703307	1.46406654667681
0.20972446636143	0.365092166439899	2.39834359704338
-1.67961838577054	0.953848539609845	1.76086218836577
-1.96412938266869	1.55006450800488	1.34883620549407
-1.94287125757897	1.26843165043291	2.28769866745696
-0.405102698516855	1.03655112440424	2.62189846803632
-0.255314925382213	1.94311902994456	3.13935339419583
0.104258731937359	2.07106852834869	3.49711006975747
-0.701057443824673	2.57636060931265	2.37416790878221
-1.1914127605452	1.17180676074877	3.00126569601572
-0.769997327189796	1.40287619949331	0.889380864657074
-0.624591641936641	1.61766548114356	1.70497240775072
-0.624591641936641	1.61766548114356	1.70497240775072
0.12307760792363	1.4720743797784	2.33071153945541
1.03635346518705	1.21807562018227	2.79891654098729
-0.175798504571044	1.67677145534859	2.02554337529058
-1.39476483983298	0.754293017089054	3.0410710212624
-0.774947993483876	1.54628776463311	3.58443420958056
0.591243962526244	0.945901218631411	2.37725321512767
0.790505544504999	0.444653682349553	1.92045766000837
-2.2063326579665	0.407092160935586	1.74458853409443
0.633115816491994	0.973813743351321	2.22613777317676
-0.718057609959859	1.79179568212179	2.83496304815494
-0.112309432329703	1.53186689981378	3.43951161062346
-0.0240248520958689	0.737967023380977	2.79003816577367
0.277045736729803	0.384094934956993	2.0585140490368
-1.38601891933741	0.987424259104323	1.34900621061586
-1.3221635318855	1.02876904973109	2.142120059195
-0.664178474913642	0.678538613191329	1.74244462271143
-1.03964930069789	0.994276626156197	1.85229196044935
-1.22143436755332	1.61572287372226	2.64424894929447
-0.662315371419144	0.966417952263054	2.36939122234946
-0.367212892517702	0.497276156766122	2.88449348610416
-0.839277477005875	0.0241352844404432	1.78065967095309
-1.73132002430269	1.10868346752317	1.76577282289085
-0.0421091922859636	1.62255913777485	2.23343053944322
-0.0392239357076432	1.29396924631523	1.84234018227806
-1.39502204024103	2.31817555426438	2.02781713646378
-1.80000459886905	1.57558402170191	2.42666144380736
-0.661696120392358	2.04282307898679	1.34825365828696
-1.08905406333385	1.21827191784554	1.63796791389313
-0.360615032100506	0.881389453806231	1.79170782904158
-0.0282915619528776	0.0701432135817879	2.40696614448216
-0.863241479588871	0.946791189401294	2.74874530652972
-0.179341426677418	1.12569020437587	2.93652930217081
-2.9902390490663	2.11176528812884	1.51735346664487
-0.781698684343165	1.05694927540626	0.673626856508224
-0.799205687801965	0.645413035569972	1.82232437914292
1.25285640691943	1.18331133828955	2.41206013146656
-0.392014889388696	0.936599186245936	3.11425078448846
-0.00129892701691425	1.71590940315933	1.25476170440511
-0.9612508096255	1.98041807960374	2.69352698236354
-1.61000872837142	1.54487364269182	2.08956435957135
-0.702313991536635	0.283223834399288	3.35364397237626
-1.07219985595577	1.01005502928302	1.84462048231033
-1.24971847019612	1.66534515510225	1.53140605016243
-0.82743074553225	2.37291454209799	2.11120705967928
-1.08975283477719	1.81519931075988	0.415463182381998
-0.844353666073009	1.57846742466144	1.49897494555898
-1.78411691673941	1.57320969037776	1.09028075557643
-0.583218843828709	0.568146234216692	1.7598795818651
-0.745278553351657	1.51350013621108	1.61487459103786
-1.7604652195492	0.850459856182191	1.09962178205362
-1.83646352999355	0.349432259016826	1.7502004518627
-1.65312402537192	1.1861979621771	1.08187229204006
-2.23613145070685	1.58977486716945	1.76163989009598
-1.29244510008922	1.06118180610724	1.28610287267096
-0.56981364443032	1.40816932485925	1.78023750824381
-0.179466360470371	0.677555078516728	3.31916924194656
0.409781703493143	1.66581914320545	3.40094975157231
0.864114945189786	0.665074956185925	1.08445981275306
0.30787112221078	0.31257438002539	1.77096171491873
-1.41868959931331	0.176627545669766	1.76889024607676
-0.498033843527765	0.497775895936587	3.14746212357124
-3.28206496848807	0.909211311314886	3.08689079693326
-2.79405652813741	0.728503246057418	2.60379053883425
-0.6699675360653	0.722042506289393	1.31142385050752
-0.6699675360653	0.722042506289393	1.31142385050752
-0.443823148787128	0.801144756409518	2.58723019761941
-0.49050874295111	0.662426324117529	1.36450729613534
-0.928919079983162	1.85206509249113	1.47489909400147
0.0705642505596732	0.649754315156995	2.03844708227292
-0.98184389409145	0.80148876118124	2.62081425612153
-1.56724423532575	1.99533867076241	2.92002083850979
-0.42868373851835	1.58042773742434	1.82233494175987
-0.287466962086772	1.56325185435735	1.54241520245268
0.807457535018756	0.950519186476619	1.28191376301241
-1.86861855411575	0.715440563353843	1.23654230962724
-1.76232533602517	1.64859589298723	2.49679214582484
-3.48105269991732	0.955990809421654	2.4133006745333
-4.77780933882157	0.884729833456067	1.93198443880561
0.313165956249461	0.488340691230739	2.5141787149892
-1.53550156180457	1.42379701129888	1.91423757127323
-2.74121790190882	1.54087634902713	4.56607709770066
-2.10861459343859	-0.315571256564376	3.66593090918433
-0.787816923482881	0.61720511048086	3.47731101203544
0.561016739909963	0.718236569830406	4.64409903919497
-0.54955013027954	1.12632570375143	4.21853611771701
-0.612969325948855	0.183991456766188	2.92285323535617
-0.612969325948855	0.183991456766188	2.92285323535617
-1.38967657517345	1.32636678577916	1.58502225571221
-0.724396607367556	0.982601029656822	2.79842527384296
-0.52227732382581	0.47878352411585	3.76697753872763
-1.1413431470119	0.913305799611329	3.92165066642871
-1.03105966858828	0.188137870256069	4.32215922308948
-0.385453748992815	1.2104104572398	2.09101046384324
-0.385453748992815	1.2104104572398	2.09101046384324
-1.53657180606004	1.11541499270077	2.20406809620479
-1.05484059931194	1.27242651958287	1.79587044158931
-0.203255716317041	1.43932787673455	2.23559167429079
-0.456172192643498	1.44692233028667	1.33977152730625
-0.633073532952815	0.262166304408149	1.80698174145211
-0.290831832826535	0.912272320962355	3.3145604454794
-0.0238748604833298	1.03882830198854	1.77565620853839
-0.649885807357582	0.686687069692527	2.0126587894358
0.506094671689636	0.904679334273985	2.39951588552302
-0.949624824267698	0.97933388791989	1.89255601582042
-0.528051279030034	0.839944989893439	2.51573044322858
-0.366100914348388	1.11783961165336	2.53209678081115
-0.773920846334917	1.26347444460407	2.37098114607053
-0.643174295692767	1.41351465298988	2.16761913754622
-0.114387304766671	0.256510797326288	1.39713980987336
-2.50052463814398	0.808493138568936	1.46944741549564
-0.245511942789496	0.231085479430329	2.90189477233136
-0.342537779001046	0.143909733526658	3.23620993495965
0.00663068455149429	-0.334049779059316	2.90249322244288
0.097601989405425	0.816235169979711	2.87470735143907
-0.224708055658813	1.80428742238502	2.55453867827348
-0.815690977654374	1.4491146720265	2.57593650356698
-0.827985888117391	0.418507587970171	1.1312878188663
-1.40290916923362	1.42175718525862	1.55336685211156
-0.901189189371849	0.814199472254213	1.47023629479552
0.261686438742745	0.623469056123468	1.4800699650831
-1.8990152665487	1.19044418505446	1.69672017751391
-0.422745552209289	1.62548107168791	1.37532055263084
0.126687456294461	2.25625416966713	1.9891994111638
-1.62836191085312	2.77823773220176	2.03751374965442
-1.16716363653233	3.59996190685919	3.46256460455375
-0.74272464501509	1.22491283953526	3.56928701551316
-0.708735345899523	1.16622108588936	3.33055534860612
0.378021113049571	0.965147063557252	1.44984496217957
-0.930759772400435	1.50351889000872	2.18353194272859
-0.827648883598138	1.43760176105108	2.81618080024635
-0.923672425121893	1.04087516598199	2.88284704341277
-0.97409198504038	0.678159787684266	1.69424983777287
-0.0302148615587412	0.892234193030152	4.67560842930848
-1.61157084834641	1.23638559614879	3.87857396807789
-0.600420381203439	1.13888290684269	2.96341291648008
-1.56306575026342	0.8904919606964	1.75508081620004
0.0950168250880363	1.31807847198451	1.83117601427944
-0.145068134348842	1.60221410633621	3.39020438162622
-0.552593847421449	1.30110379274251	2.12254095360147
-0.806855864977737	0.95945545121961	2.05848836706969
-0.199953389662801	0.874231864857837	1.67297505891146
-1.22205096243914	-0.37699866877363	1.58551723828332
-0.57650872261696	1.03172113672905	1.82532887549021
-2.91410993868277	1.62259322062352	1.74862429860899
-0.0634260674933972	1.34341554026719	2.86734347733189
-2.54000141649344	1.88442524764846	3.52088495213375
0.113365710828914	1.75552003883574	2.7461618288971
0.465537430806802	1.47155553305865	1.61882744045227
-0.11197151970469	1.50059468690992	1.47765781925945
-2.32369510227461	1.31580402485842	0.664095530369451
-0.498716955702073	-0.34296974512942	1.70265180769552
-0.31154413892033	0.613551934438744	2.75201751444959
-1.80750566597715	0.949039366736265	1.82306268804936
-2.06368187943062	0.175766193065438	1.57241669142696
0.0939455018241897	1.04130056185401	1.3329981685992
0.883867624221974	0.492142004807018	2.15647174306207
-1.55694544512058	1.49085648844453	3.63612109550298
-0.347639606050979	1.44994397983699	2.7113894738632
0.583361696220736	0.862577003385195	0.563450720787563
-0.819715478401452	0.158716796148736	2.0860986775487
-1.34325274104466	-0.00598847355527289	3.48956211508216
-3.58930333752967	1.15241743244672	2.4769360334906
-1.56110076234709	0.401011589116163	1.75243634027151
-1.53082686296074	0.499129522905145	1.85970151612665
-0.0807788641813768	0.541467351398276	1.29335557339626
-1.00736627750337	0.284430318644883	1.58446080857293
-1.96351946564663	0.0471083412108339	1.29378999553659
-1.1554158728843	0.609046990465776	1.37735020860489
-1.82146923049225	0.638937670615591	0.882802957792088
-1.56709741099318	-0.0483350310832837	1.15267209454017
-1.59138312526966	0.114534548325268	1.90134520332672
0.402048064044725	-0.392354993203522	2.24449219496029
-0.790958214853944	0.962495806096688	2.12307709326167
-0.738703304895811	1.45921626724839	0.6025007342574
0.182641334558377	1.04808578030401	1.02772123812477
0.857399185805907	0.614643197780238	1.26850605331919
-0.478531885324051	1.94618302323868	2.4018857649588
-2.56017591284328	1.85401838320384	2.71347936451605
0.484645787423229	0.452229293589179	3.571249212083
-0.266506911486128	0.123940831897851	5.00816138781896
-1.73724755562342	0.0153978122645415	1.17209904419562
1.00463381109427	-0.39067779053775	2.68657413914932
-0.730340545400546	-0.644908464680149	0.83960702489078
-1.52637849675392	0.416108566993999	0.820944740019485
-0.710682063715183	0.955345802578389	1.49328203001598
0.220915988484151	0.827845872174168	2.02983366039509
-0.911356708149603	0.600647303110169	2.58513243921777
-0.816885113619446	0.515404841564918	2.78126734600982
-0.315500258380576	1.63451504502586	2.55010516536426
0.0405947085623187	1.59253344399562	3.18463806599433
-0.55119290066073	0.478776211407366	1.79139434548569
-0.725035671642621	0.707367975143697	1.41534402597661
-3.1683966621387	0.571024456517482	1.87497193768266
-1.76845321579663	1.32616251708483	1.55427750599944
-0.845076845143798	0.296393332184465	0.479801209411038
-1.7466274184406	1.12341630578969	2.91906249816801
-0.659947851297931	1.05701497180218	1.39886399264958
-1.84793372619962	0.947184921464541	1.33363826748029
0.325524619955069	0.611701236536996	3.28855162586494
0.501351329262251	0.126882756228522	3.83129903108551
-0.768999407376358	-0.0906448991141651	3.64146129492838
-0.95199717929926	0.76434800445058	2.39606942561828
-0.781733385691394	1.0629902459527	0.446938983710557
-0.185989629050962	0.979987493611765	4.03163214140455
-1.0072408122382	2.09413009123088	2.07528642412941
-0.463131980984648	0.508265828286458	1.92739405360065
-0.159747209664115	-0.0109073830295702	2.66375721624581
-2.13453769404355	1.01974723459622	2.75221081887247
-1.46227314796143	1.17240809070968	2.98414275444814
-1.3404766064274	0.03024115976053	1.63267483892409
-1.87144624584362	0.633034430889687	2.36163008558729
-1.87144624584362	0.633034430889687	2.36163008558729
0.315066134542619	0.106690267036259	1.08723545618629
-0.990040282999122	-0.629077318152096	1.68562217336397
-2.7119249248009	-1.6275038795843	2.54155320510173
1.0707481254428	-0.83227943673635	2.60592641837941
-0.909797586975574	1.02828204705746	1.1162510663661
-1.32910138597652	1.56231852960631	2.62042916566584
-2.41620560397234	1.38381245090551	2.05246075761672
-1.66017775508519	1.55738956810215	2.13405921445091
-3.18110982701593	0.545731465355829	2.83361740125442
-1.42237182477568	1.03266826096836	1.64889068094409
-1.30126855800261	0.39847266274637	1.06965725966271
-2.63012961965663	0.546806360177084	2.20324971841982
-0.627510164066677	-0.333966745281903	2.34410555639908
-1.75935540473348	-0.0400373285227035	2.63818496358163
-0.387724108520549	0.11436587762698	2.00924178696187
-0.788736181563213	-0.561064319446696	1.84747363442292
-0.406166831378606	0.129426504805469	2.71740907491982
-1.36667485209042	0.520980276386899	2.39202202674226
-0.974617352325637	0.233849715120902	1.96659556283468
0.129270115789389	0.431735645433724	1.47474479870259
-0.283642517419125	1.38646277335304	1.96351097992484
-0.198093284320357	1.20007218812229	0.935208734515394
-1.67472950097237	2.21145614375381	2.92692723082373
-0.637912998508641	2.17473354429981	2.18610019300258
-0.331909055345364	2.55718472430845	2.06608527756507
0.343044477669024	3.6085678312052	3.94625494716914
-0.52828114715654	2.15156398240077	2.76899947362029
-0.208217428438445	1.6740826663127	2.72111749000962
-0.448443531615278	1.36069151465218	2.01492520886247
0.512222112565753	0.704830443359224	2.77783851447626
-1.30182121861965	0.583322722459285	1.34062013567398
-1.30182121861965	0.583322722459285	1.34062013567398
-0.671018964364752	-0.0992660076585843	1.83977791601538
-1.69121499504831	0.723337021055505	1.23353746528229
-0.179283169138173	1.01668401519022	2.46424110820676
-0.117868342354107	1.72702853890237	4.04874169213207
-0.605740573419632	-0.52698653519807	1.96721388975311
-2.05821479084812	-0.0288888748164899	1.33533262343065
-0.0500032232501442	0.585779462382593	1.60791916150324
-0.0652808364084143	1.15238105545573	2.76866108213983
-0.0212232294939535	0.810166292378131	1.3270228678254
-0.260025855012902	-0.292172403806016	2.84610548859421
0.124283561141227	0.431932999819601	2.34926386660053
-2.30851474412716	0.059411375117024	2.97883369618882
0.270225704547657	2.12508915726918	2.56924173726479
1.4252338070569	1.84938965220827	2.11893597246024
-1.89885144147144	1.62797248566407	2.4630048009375
-2.82186545920226	1.83415690654338	1.93702608897639
0.354910139100465	2.58636661873588	1.13270983360898
-0.112304494929641	2.14439617174972	2.28664429869146
0.298948458816929	1.33305266685517	1.58728021323366
-0.816939263921923	1.95923496328496	2.4714222302046
-0.430546420351848	1.33850046087004	2.36721249739438
0.325795158368397	1.10172776030866	1.60511095800932
-1.5876822455349	2.14948577386539	2.47538233410405
-0.943922800420755	2.1261732410772	3.00698663710288
-0.203671544385379	1.99887306143305	2.5104917319709
0.314106598298499	-0.165538769016504	2.34673040737763
-0.0831898545990649	0.738960783299986	2.03764153540161
-0.659624867511702	0.309868947605497	3.14472387583212
-0.267264483998796	-0.585408232552893	0.925509469183715
0.6279982970255	-1.12809720952612	2.03729006982723
-1.43378362416825	-1.52039213235285	2.24561515609245
-1.04364451167197	-0.384207365303906	2.51275020079171
0.145336381827036	-0.801848562242027	2.1128011562647
-0.390760387694592	-0.0137471226221129	1.74853355898537
-0.424942798947909	-0.826366611836647	2.65855040859539
1.08515825821528	0.321044501629522	4.06019355314142
1.4314441789918	0.843572989864619	3.36786606556383
-0.919940095157067	2.474969859047	3.86614630455523
0.610020515461091	2.27236605217525	2.44344577663005
-0.706481373422817	2.72284632126996	2.5174497241111
1.10601076350397	2.2189159904075	2.99773721980454
0.724368130441827	2.88639848118847	2.28207048499718
-0.332698777532924	1.9873273423651	3.10681883745494
-0.797868043902201	1.51866099543428	2.78379515519704
0.531697276944034	1.14732936761456	1.60099733845451
-0.225683496412607	0.82330985029537	2.19525821090607
-0.93235658064478	1.65650440132294	3.91946687566405
0.032421269504645	2.98400035529858	2.81361596559084
0.569570346682017	2.75394410662866	2.6201607452605
0.360914295425162	2.99514169520259	2.11980296417199
-0.439257956413733	1.74641119999775	1.77222089849361
0.00500022115081594	1.88911352540575	2.16965325728291
-0.188807118768338	1.75348426848167	3.21451060162573
0.0278014269538739	1.3225511905395	1.21076439260125
0.453798703703375	0.685251097079433	2.50051849333648
0.46073125570143	1.23419391225383	3.21094180363224
0.269916524652506	0.273834725717727	4.7188013027237
-1.33858755276433	1.59101605434642	3.73722979843684
0.111130989924271	2.00047273695911	1.84211070007019
-1.53806756662436	1.79963390262279	2.46144328230105
-0.815003859136415	1.15391853062098	1.62648643862192
-0.630007193771992	1.36014859932697	3.00970865387048
-0.346843637673049	1.51092604067695	3.30107845346842
0.0523662151960342	0.952062917873948	3.5187231002818
-1.35795264131383	0.581442414733307	2.5798614216136
-0.816656165747315	-0.412928155479714	3.07577379918723
-1.37438832164021	0.939913193040832	1.51149075719514
-1.03047124714362	1.85437367013668	2.22074424916668
-0.611166082117801	1.84134953918585	2.97042809808073
-0.587304735273641	0.913813294592956	3.90925699217698
-0.296194876559686	1.08378302561981	1.5051017154751
-0.658383226807431	0.688731845884092	1.33737105368307
-1.42933373876354	2.52809258086158	2.24871644098977
-0.507881392601589	1.80257390657036	2.41405368783228
-1.56055708829522	0.29647782921604	3.28548680273103
-0.282054928207585	-0.27774490594185	2.58097539635923
0.420431343698362	-0.196565323569828	3.20082476940645
-0.454204005837663	1.31706166740311	3.13820145163346
-0.534353297290903	1.75365843366935	2.47468342258953
-1.20440859001138	1.80373442441903	3.1011115724801
-1.27230432161455	2.24024369148805	1.30553565294564
-0.443788008972279	1.68906073830091	2.88735560214991
0.896856823723493	2.03270380678825	3.4682029899208
-0.0999970809169002	2.48612043433515	2.30677696779033
1.04405456876293	0.9138848934728	3.11515405268535
-0.470343424746205	0.751209961960646	3.62706608507469
-0.208279641805392	1.00798203468218	1.58902052840226
-1.58914585018739	0.18574953524716	2.23783893598541
-0.816253206144419	0.350484431933062	2.53370174921045
0.0395376181162308	-0.14707231450356	1.25110826895955
-0.763047755126326	0.389542106716711	1.1750868174846
0.922188569414224	1.88710468600705	2.23130680119787
-0.448013364399963	2.35935203885585	2.28071538046013
-0.750775944336036	1.9315995364292	2.45369286649086
-0.925660969240223	0.895772094340435	1.28366517266852
-0.313668188436969	1.69152319257424	1.951914521285
0.307800410014172	2.74479342342057	4.01746383941923
0.972350033619896	1.67435622154358	3.63279570336756
-1.04073575737715	1.72348222467283	2.86112872979293
-0.818084914177068	1.55596930966356	2.40327682679686
0.118171167342604	0.660106386108731	2.12141994141962
-0.679900846773092	0.926236297645004	1.96273010293198
-0.676625796718979	1.46656968032113	1.79022001149396
0.161942691695305	1.82972128760424	3.05790131820369
0.566679522246227	0.102312381968555	2.66121106340515
-0.207109165038447	1.52369783359821	1.33911914450036
-0.726460011513734	1.4919180806881	1.71609588488779
0.97774027910224	0.86477537892154	2.63120224931031
0.656924111436792	0.987609785334507	3.37890723197029
-0.616461902857032	1.28691541686791	2.84336985386101
-0.298220400928691	1.14978068186548	2.05935999658439
0.0967185855719305	1.59006025284124	1.92775472001386
-0.372803281944985	1.92801961893577	1.9890783939997
-1.55768691937488	2.12632337186748	1.73634312439041
-0.462875755729656	1.63259761694869	2.15553140874771
-0.59191672021919	1.74900404556858	1.15727721804508
-1.0633461923346	1.73753434800681	2.26248263084286
-0.242315112257815	2.00812273751849	2.13231408690792
0.615250431765066	0.861669182450438	2.49516949965821
-1.21563158405157	1.35123916025124	1.33590752625052
-0.742135979848449	0.72617671314099	1.53144740867451
-0.977236764245203	0.963475614192113	1.25769244435172
-1.01011463549645	0.357375722877425	0.461598532516753
-2.55726416398795	0.888098744633737	0.741431624503863
-1.0508773037285	-0.387137882051861	3.22234745265357
-1.23588839258203	0.965487409293734	1.34061261015165
-1.67436429738891	0.920050479314051	2.44151817098364
-0.927957611557817	0.678912253363267	3.02154345545678
0.147803786187807	0.897773929118817	3.29465383945896
-0.624519792742106	2.71397810687734	1.98387000267493
0.0652231576149622	1.43300709278515	1.84686859501655
-0.336230235842626	0.875569452824592	1.8628759460123
-0.510213433526176	0.639775201174663	3.47374723687127
-1.43025911602225	-0.260683117732045	1.55782544882784
-0.387565940486194	1.28372793389719	1.59339644396051
-0.460430637638927	0.0891319354655454	2.2890475831386
-0.0971310667743139	1.4499020371115	1.83451476969613
-1.09456158327675	1.20179411845852	1.70069063622536
-2.41951045994559	1.23394013048969	1.34433038183057
-1.95525896299402	1.8971484534254	1.09449063278498
-0.187853278094027	0.630658582235791	2.92136710481207
-0.56108853776668	0.850728462324952	3.50031097449431
-0.812510764857613	0.493862290591253	4.25765856922782
-2.17301788171892	-0.124037037003626	2.24983647982986
-0.387259212041422	1.0956077749827	2.32387838399889
-0.902942008788432	1.16405361522945	2.17535188002324
0.180058025881484	0.567734005784032	2.73673312352468
-0.279910542487855	0.260587198763592	2.28046049818762
-1.03700687785527	0.621814606606487	1.31117664289962
-1.1643727513442	1.09495861452276	1.93699578087324
0.367286785711272	0.0389327286535797	2.91040313168554
-0.556691364894965	-0.398795840219606	1.47660748656656
-0.715346995705786	-0.0864450054135939	2.84868530106864
-0.783069629906396	1.63034983025344	2.316760874441
-0.698799451610423	1.01663367243819	2.04867510908919
-0.169237621918088	0.593258380677318	3.90117526347249
-1.45977534398813	1.12826230501779	3.09991078823978
-1.23939094266388	0.690282395739692	0.275646988723554
-1.36281792508523	0.52756295555668	0.376722670773873
-1.56540393230453	0.819880465281031	2.02472766175671
-1.20327718473138	1.19731849875285	1.88034757441632
0.360080966020128	1.02589315357758	3.48614078158884
-0.871003990327321	0.522436440215048	3.18701777979361
0.472886905852569	1.40703186957255	3.42983703820864
-0.696688029195197	0.798390546998513	3.60867884249555
-1.10537771272098	0.905517473991809	2.50679086690477
-1.04270568892675	1.42860866947284	3.92060448198885
0.168440771800615	0.995483557616157	3.88427426852053
-1.21400308494116	0.923722834163888	3.69302514092147
0.829093558247683	1.51443849523949	4.16934719167728
-0.422220608194127	1.44908137798688	3.95303985207886
-0.280305656422465	0.796060174593686	2.65075230329628
-0.845834842028688	1.74647637499309	3.05249517489887
-1.25961785950288	1.97335752148681	2.9966353200258
0.0661427560192451	1.62449050740891	2.28146948318436
-0.36456543755523	1.02524588919195	1.45870537535111
-0.387685901043228	1.15892546233758	1.98414690367237
-0.63545284947371	1.60803769704619	0.732948705958972
-0.164729819944676	1.42066333256973	2.77730127982285
-1.14537677400681	0.120391210698902	2.39525052907349
-0.71720570703939	-0.505985422745437	2.91701881687933
-0.630182277377089	0.715323143955583	0.902722572231682
-0.0795519291633863	0.691054515645438	1.71915647467008
-0.916068677629198	0.24416583970683	2.19350644856744
-0.319189221129345	0.852132136132672	2.53328886412421
-1.29709049610559	1.87724443099328	2.33429682069903
-0.0487413480854836	1.11726119847733	1.72924679589419
0.469706068383977	1.12557515607283	2.4782490033327
-1.65346126880443	0.76823488040157	2.93398248774599
-1.77976772971454	1.28781956868097	3.00801958022637
-1.64100276982472	0.958818872750488	2.17893868660992
0.403709536199935	0.221046633395225	2.56858277853074
-1.14716005471788	1.45609733561454	3.58886284256427
0.176906926704647	1.07293967302406	1.99443536308956
-0.0990460230885111	0.887314126915131	2.9379073648446
0.525851549500686	1.30813629941144	2.76046340989682
-1.63842681080375	1.06734811671022	1.26361850788424
-1.79380019485027	0.917935494861807	1.84116170514179
-0.745954058879076	0.70199619241283	1.38233291420621
-0.437107955825242	1.32841604722607	3.16097667199003
-0.0267970909486041	1.42550661048535	3.51723729193931
-0.86502612972017	2.05919039351555	2.20483078251714
0.142008635138906	0.955861262677956	1.24021796200149
0.0299304688098595	2.0456714997079	2.67213056473568
-0.902712395377329	1.09466516597735	2.00380596709046
-1.36638345232631	1.3356345486876	2.73271648780211
1.58467868573158	1.25998156326129	2.2353098325869
1.05480544129755	1.16728781547437	3.78581129091359
0.114561449407387	1.15498569477401	3.2616929385355
-0.142320060306748	1.70202849595593	2.51660664355294
0.201911591167298	1.54032497932508	2.7016093972836
0.341418002459263	1.17053612732709	2.031389819322
-0.122382878478159	0.976116381388834	2.50335037632112
0.199072772398559	2.24778308700451	3.77870300093568
-0.817029752632898	1.92561768874199	3.70543047239222
0.331788813774271	2.71910708607498	3.19164874705566
0.743172698073439	2.21851613336678	4.55805306875285
-0.538416104037355	1.23462079667476	2.83981631756553
-0.613715353159284	0.584100926605299	2.08244890625755
0.577395585183591	0.788464506792245	3.37026991951804
1.31503407914707	1.21035296829202	2.48339011471095
-0.517698362632143	2.00429526499541	3.15741954976201
0.430390259350764	1.85437250191367	2.69451414395494
-1.60889945656168	2.42508820803227	3.57584609497318
-0.111041599091772	2.53278027199904	2.06364350339876
-0.582491163942542	0.612267722758388	2.90925177302247
0.493575487051839	-0.498783225604201	3.04014176478612
0.502357273150164	-0.6583450668817	1.70710545145516
-1.1629896689135	0.58261135786088	3.09421669040216
0.303158785309614	0.731861209373874	3.18253462809857
-0.942990300654547	1.0969367361105	1.8566092008226
-0.470514288015332	0.764652473334036	2.68209136430964
0.423196690694716	1.09531754902292	2.70797316921133
0.321120174924143	1.0499152228582	2.57155882608254
-0.458146400938881	0.994519057123816	1.51533002992776
0.507588792979247	0.621583652444798	2.19562726028387
-0.34828068985125	0.760210374004587	3.78139893913321
0.284619801125831	0.341228826940463	2.36974689369518
-0.267905684460066	0.712828884590723	1.74402477510572
-0.139586655306582	1.84519994144931	1.9754957856847
-0.291880034913256	0.280403754064491	0.845450068604887
-0.992290809373316	0.845214891449253	1.48230672842665
-2.66333937262871	1.8416887743153	2.82563771597652
-0.474063489412337	1.84013928179926	1.96048320145305
-0.373132749915725	1.70772452421183	1.84609823285579
0.78700110454059	1.62490909800399	2.01561040626953
-0.7994721191124	2.28467615130654	2.40852124817262
0.0727891523015651	1.52464029511014	2.99975208373614
-1.08103314401444	0.88097147702753	2.30178914061072
-0.778276874714704	0.465747202188209	2.46366766630111
-0.292078612401585	0.746179679175365	2.0433948196774
-1.06386917191144	0.687391250460421	3.04284911478482
0.99149617107737	0.133431255638478	1.58685910737512
1.11439696258216	1.10313015679691	2.81095873336867
0.321064218411697	1.16697783076258	3.09076738619494
-0.310173914360917	2.08464356883964	2.76292975598908
0.180881757278717	1.51936214936121	3.62275571038351
-0.932111163101375	1.53455655665636	2.88608938684735
-0.972651838990594	1.19124090997724	2.93549665521571
-0.140943429989816	2.01507440019255	3.6581580235424
-0.219500495009884	2.53526796879094	1.99431152202617
-1.16060079795938	2.79209875156489	2.05162331657741
-0.18042982009376	3.18450471544847	2.75918621754995
1.22631262933725	2.69788384147311	2.24321538330365
-0.0026047896910405	2.16680074252058	1.6731246545796
-0.615572413278667	2.97837744428972	3.34637124822931
-0.319801454687112	2.24517199742317	4.20633802828201
0.443769531741447	2.16574717224453	4.5106373690522
-1.60633732495064	1.00419782448255	3.77664714684563
-0.385857535730514	0.871004881276733	2.92913742427672
-0.270336112552704	1.4759764896357	2.64632842281486
-0.25699512771091	0.333109298616405	1.94866129021476
-1.06480946719881	2.0067886752633	3.18891903349434
-1.4297746356703	1.87010479451948	3.06026429942669
-1.13623140517459	1.81178697298833	1.46122891779912
-1.3649771176013	1.65344192393876	2.43721555796987
-1.1730827931966	1.11616424235256	1.00669447670952
-1.18187086801096	1.98880865394419	1.87704231078696
-0.282556195124997	1.61697621866822	0.753752702559228
-0.253586021674957	1.10731689582413	1.43770562297324
-0.253586021674957	1.10731689582413	1.43770562297324
-0.304609984155458	1.18202288143052	2.89077128843006
-0.00616098884040739	0.183992599876041	2.86549556357107
-0.839582021498623	0.468858616701984	3.69466595252459
-1.17999561519999	0.864838808231912	2.66406125993696
0.12814892571974	0.902212340939583	3.75526128231997
-0.749449959758335	1.61554744280275	2.62673012180701
0.195129547413071	0.998051600271684	1.83220329090348
-0.419781858961603	1.81898246097335	2.74300496599813
-0.965795836025522	1.60127320980908	2.41685093297897
-0.55689590562434	1.83636844457708	3.60745574078503
-0.179491733014159	1.16549070412811	1.74251737336729
-1.5414911156453	1.01409383216801	0.465691325656725
-0.991941740166247	0.266811297300028	1.56778348559661
-1.55101777241312	-0.431522110593646	1.63254966389615
-0.751717490343047	-0.0598023889143416	2.49721584391458
-0.29426430414704	0.677175317013221	3.25370539101375
-1.79884369153409	0.586836327653079	0.679055884999118
-1.37737390023211	0.596738541966758	0.756161830860973
-1.70701204666509	0.332386164173256	1.22144288423807
-1.30926054461093	0.799579989857863	1.80312963462643
-1.86243017319547	0.249772038498141	0.398541278996844
-2.44202571554638	0.829388042706844	1.37283223897213
-0.0969438718356685	1.55499447651815	1.62544915301799
-0.478581266891669	0.880799028880238	3.18676780609615
-1.55338607155786	0.868784844237677	1.686455942356
-1.23524908780124	0.0721751895336271	3.18556091395462
0.0919184986950458	-1.13128343724969	3.2365318606662
-1.50687304737076	-0.5508474175948	0.265739769665297
-1.2929709078882	-0.169206685308521	1.27792579389955
-1.26711859795568	0.103410356341164	1.96121099304989
-0.380581500780382	-0.147670549679539	1.30455651927199
-1.98764921111572	0.284582642184087	1.29630319684219
-0.914729924802705	0.542633083445682	-0.0262923918822173
-1.11431928109974	0.980169139807617	0.601768791421384
-1.01240444611413	1.23950807565459	1.94346549454261
-1.50059757543073	0.685557381729372	1.43652065217511
-1.09997121323082	0.0942558851833302	3.81531210319729
-0.803937373345077	1.09620094188442	4.28827420597687
-1.43306424966402	0.665634595755854	3.28003122796398
-0.885683448812276	1.06794547614409	2.54869203437328
-0.264903680575566	-0.074609684376457	3.0299014642562
-0.305569284672249	0.949377214627968	2.45641593727444
-1.45194641627578	0.213044429766851	0.807213226048975
-1.87986749197452	0.939796858966981	1.72737102756759
-1.10913225543385	1.23846417342855	2.18574454580199
-1.19254920827435	-0.271113920500355	2.38304031681206
-1.855589412965	0.961599285147665	0.49148351991973
-1.63205589363294	0.860877399946035	0.322040704272416
-0.598075625787491	0.42956258655219	1.24493579018707
-0.995687062583212	1.12051685990517	0.925588248355231
-1.02723958987631	1.50700994849576	1.45195897138329
-0.0666695707375947	0.479050402005194	2.80233247283618
-2.16634969852248	1.45354128742415	2.68032132888624
-0.311490013870874	1.66775934038496	1.39432001601195
-1.7360975814902	0.365288715375234	-0.323396161526549
-1.2848948992319	0.52214314439548	1.22967158170769
-0.910590042961707	0.737394678647942	0.942417227197966
-2.12720524818966	2.09761046578072	1.73956592690433
-1.08197777943768	1.91014337228004	2.28825378178887
-2.13494789312059	1.80622265726607	1.86875773998574
-0.556614463288126	1.09830049141197	0.770544088448204
-0.252403914074367	0.407007525001198	1.38620609124167
-1.83538535849935	1.69969917067782	1.92203710946512
-2.3118067734434	-0.448616175163876	2.18728686342482
-2.06168719819218	0.999900397659382	1.17403810304183
-0.59980858180109	0.176785644460108	2.66154297137132
-0.250366965932662	-0.127372069062528	0.793193078626139
0.688019904253027	0.344111731460538	2.1532809265141
-0.730766635341681	-0.834192147029303	2.46987873419239
-1.77700119694642	0.811838270757034	2.91972322039919
0.187579527601334	0.808866665184019	1.24197843395779
-1.31447870197845	-0.138692033767719	2.32330630120692
-1.87974334801554	0.604866492427283	1.226911686471
-1.48816039355758	0.514307400085799	1.59300859496421
-1.44463555307929	0.0293821201690069	1.84481925911499
-0.784957536043717	0.354873432765544	1.66721591661487
-1.28583242076087	0.561683943620763	1.52376284883796
-0.712032645257371	0.264753856694919	1.70950611308684
-0.353821858795083	-0.300147707600844	2.6254717105664
-2.28110545960165	-0.431729282400694	0.962981772211088
-2.27236776392639	-0.498025432628722	0.24170182039929
-1.14318733753401	-0.546142840107472	-0.193429224858524
-0.730928136523477	-0.498115903358716	0.598170033440433
-1.05327673563322	0.726504927648448	2.44865071015958
-1.46714072590905	-0.112044078377614	2.7468410388577
-1.15508277132803	1.6797131021054	2.96088589263809
-1.93965557788524	1.19488645256103	2.75462305093579
-2.53489985869218	-0.722441900187998	1.9746475411787
-0.127787350645304	-0.464013176521578	2.4845621874742
-1.55518069506082	1.42723393487066	1.1628929713707
-1.3102656534048	1.60869080500775	2.02945416672119
-1.15753905196597	1.5558830672831	1.45799439019681
-2.14405879841972	1.232361350973	2.81563498636992
-0.69291902883328	2.12414014196442	2.49661810684713
-0.975512628277144	1.33519292680899	0.486768035925755
-1.3176408763384	-0.923229742616762	2.03146540692799
-1.19662078019726	-0.0621678952900628	1.96165480353937
-1.84799505302442	-0.249080255046354	1.0918252439507
-0.916290878234032	0.157146760121845	1.04380320921199
-0.977320312896452	-0.164951094854806	2.16140807772735
-1.1690891091594	-0.0793663767079258	2.20489479134964
-0.494264318522026	0.59258023310772	2.79818250367549
-1.47899301531648	-0.0928616756311366	2.40168770573919
-0.906468232059788	-0.423293144994161	1.33654315272825
-1.02245641987927	0.700442730425549	1.2422216875908
-1.6370780133673	1.77307242277042	1.83769920252749
0.234161948157314	1.53122236275283	2.11998075115175
-2.61786395021205	2.05860003703432	3.35443130955495
-0.85006615869746	0.113276259863869	1.89757868342887
-1.05901125658743	0.158905950792685	1.60368647908946
-3.21783560353057	-0.349083693674014	0.98649587370771
-2.40572662690949	-0.461098349252578	1.15244229746028
-2.43939506134684	0.291130296025406	1.42138836599998
-2.07122326977903	1.43038207716219	1.0462066353583
-3.17403455591861	0.438359222976321	0.726251751526686
-0.04259349266121	1.46692689457411	1.83284127247706
-1.19114563857597	0.699466650236892	2.05310265161014
-2.00905547354351	0.330678673883629	2.44357862996282
-2.34485963421687	0.209054808024791	2.65413557268166
-3.20604113956654	0.244777522361602	1.07409272435121
-1.0629096844745	-0.74834624080618	1.36653859737715
0.725881575908507	1.59666438707235	1.83354646423981
0.785854399138651	2.11787740955678	2.7191468620129
-1.80287769999191	1.60077720208705	2.02692955538429
0.736557187915486	1.11217290245056	3.39043285578918
-0.589862278657202	-0.172031313475231	1.76396395339298
-0.95007399799478	-0.508170120631981	2.37462060711752
-0.849996271893282	-0.225825916213477	0.807269115645612
-1.20555599710427	0.796399678013204	3.05941333024589
-2.42664093071335	0.822418017161973	2.98742530292413
0.666418502028408	1.08424729793061	3.152601781862
-0.978299997840099	1.75421170907097	2.08127295866307
-1.3420751764467	1.51291499726744	2.57111097315842
-2.20003161154093	1.17260147222016	1.7219655572344
-0.7228905091703	2.10604064381231	1.79465879125938
-0.755130120180339	1.55683682659873	1.25821148194207
-0.0157090703445514	2.41097570908547	1.53841262523498
-1.51311942162814	0.638545575750316	1.92599712147373
-3.71462067988274	0.993302702474526	1.84356861185906
-3.71462067988274	0.993302702474526	1.84356861185906
-0.35221952409142	0.707846229265229	1.78658059976394
-0.171778557418123	0.267397860467002	2.35839332263978
-0.472396282656087	0.125809283143402	1.04808625644545
-1.3754972075978	-0.621222163199684	1.84269671655035
-3.02010804965688	-0.866724055711955	2.44659719767458
-2.12747680673562	-1.12159128218071	2.23113893492704
-1.58665908928225	0.133770039640152	0.940807287949583
-3.33256281974932	1.00877284084662	1.34495586378861
-1.25983165818967	0.761837870149174	2.19826663286876
-0.780335235243136	0.626682763100243	1.69779287681015
-0.462149703397046	-0.15355897002387	2.26802721169341
-2.41066518821299	0.120255565866723	1.77190813048516
-0.309626984858856	-0.149992591770034	3.3631030456442
1.07713969655275	1.25750964096559	1.4191908210104
-1.02134310707989	0.85542411110574	2.58424147859851
-1.52718838133662	0.570275526035988	1.41671950259604
-0.706038426481883	0.249861101981105	1.58732393590249
-0.750765802886213	-0.463743169573355	1.80743102433743
-1.33377550095621	0.0613078941108823	0.670870820674774
0.373427225601493	-0.843179850665957	1.64911833444213
-1.94522693651742	-0.123574018107496	1.48324850257826
1.42476085630018	-1.06304269335698	0.655071230258732
-2.36202338523387	0.196515494735234	0.924987241817267
-1.33784949195574	-0.363583006959985	2.86552935847425
-0.967626869349628	0.330495324988644	2.90641926747139
-1.90443668577133	0.52957699618784	0.160471027339674
-3.83869391685752	0.550368540947861	0.872430689857762
-3.71811114068528	-0.682419408974162	2.63540914899305
-2.51426296461196	-0.606148601663259	2.25863583675667
-1.1651344815246	-1.2622012474015	2.56870177765852
-0.522088472362495	0.0922471981981615	2.65956859885989
-0.173814690844307	0.749369173105036	1.94417456309579
0.112208560447345	1.38225629648195	2.57521470202418
-1.04479920340582	0.924124899689192	2.31977291301132
-1.9422395809328	1.28607780530857	2.78547811940933
0.0535881667539172	1.18319490106682	1.52895880314794
0.302340422330738	0.79892454169676	2.12297098689115
-0.220448410764434	0.392984995688089	3.43777059015633
-1.20359254334476	-0.562506211883653	2.42009173787013
-1.69232173929078	-0.871765688996774	2.0467035848772
-0.368178428147932	0.228939198361435	1.93091835266739
-3.57860331461277	0.258407789073778	2.45582639275399
-1.5397682343942	-0.253560088459957	1.89410134421724
-0.0913568823169487	-0.63484951112807	1.50621713717131
0.0405610994891348	-0.594259492643931	2.24072031817439
-1.05907263264971	-0.526625315317856	1.86731545703707
0.287149120225656	-0.624315553375379	1.66330865409665
1.03830763612934	-0.409924103602497	2.34990763553477
0.576206043960788	0.370680098220996	3.16665075864506
-0.472346475299685	-1.05430005476467	2.98516382626293
0.391832697981897	0.076768369145181	1.90807003953562
0.203540371521825	0.440232372600219	0.993459463176077
-0.662185863634504	0.0101104245426488	1.74589523895408
-1.18565031005152	0.613813563206312	1.39693815305807
0.883824050983717	0.055067740290259	2.05660644836306
-0.602629046024947	0.139947113355817	1.07298202997364
0.649979886756217	0.742362091779604	1.78433949376052
-0.347212347289863	1.73885622809129	1.74657721265055
-0.560620353906534	-0.383403586812049	2.34341599276528
-0.963366905771074	0.295311440600176	0.519819879206979
-1.19152973769262	0.677140724239125	2.07033203919916
-0.902851269556737	1.41808419502366	2.51224945913548
-0.476977995079475	1.83058086277819	3.55455611088202
-0.0973293218454775	0.746920925171654	2.63138984634876
-0.531425681365817	1.01475697372639	3.25314657936336
-0.983677634490299	-0.149547458529058	1.77713301745853
-0.599975150898279	0.381488471023768	1.55634053479144
0.173371426173991	1.53012519480647	1.80106400643271
-1.74849135189268	1.14593260087156	2.68301618105762
-0.89086008471835	1.18471644348781	3.19293982891332
0.714541092835964	0.805241630472768	3.64531504284805
-0.234461588327393	0.873116090551473	2.88783211347038
-0.924320323820831	1.40577821463916	1.29982416206935
-0.433163824336735	-0.383249444383515	2.76007604661853
0.569876204320317	-1.11388454615772	3.00489163795046
0.745933145302343	-0.758888813938573	1.07280814509828
-0.432060162512908	0.439808064629098	2.67794564873257
-0.724881889829308	0.967930951182673	2.0923138371444
-2.06078186011043	0.817307690298169	2.6001906332775
-0.799807036089948	-0.0828195833038791	1.99113006718513
-1.08420341463381	0.36692008463464	2.0587879559957
-1.30607438789961	1.12433420064337	0.7799197667693
-0.571275672321718	1.09710837705499	3.39592241111954
-1.35714554042259	2.10332672666502	2.12257499931848
-0.689696622538165	1.26661601985604	1.93071008979012
-0.46849598843421	1.4449157448801	1.93069974663662
-0.501182455141637	1.74898699787876	2.68311514062847
0.0955738050267695	2.08258793749343	1.8482956094449
-1.27066493520201	1.57123930869165	3.59493646793249
-0.756097670909106	1.42185760459145	2.81589259508942
-2.26593156183662	0.880397140783141	4.28797581616628
0.935307690014634	1.02169806577372	2.97698161793213
-0.0598052398883341	0.532593219559903	1.43869634970244
-0.975726447150154	2.3035396910838	1.4321218493024
0.816675149170886	1.17132841920534	1.79878313856192
-0.153327669945091	0.619703639738452	2.04193948286418
-0.369940431308182	0.773634758196651	1.69855225407263
-1.32640590914695	1.42159525421761	2.17144280695644
0.024153840705757	1.89760817350802	2.28759466074646
-1.3281582809307	0.59860228728355	3.11870643419314
-1.67188168767773	1.01376722878914	1.63696200148219
-1.60376317419071	0.926497177503448	1.59338492874852
-0.194167372307022	1.08169049148516	2.15356981563058
-0.268255554988169	1.47015809736778	2.52895946493446
-1.20779501455372	1.78951332109921	2.18377746345494
-1.22626175123585	1.79909043145186	1.96716207851675
-1.3518761978643	1.53510738756639	2.68296656136562
-1.89888843269782	1.08673123224638	3.0363045237118
-1.23058087237719	0.625388680603577	2.10764308945875
-1.39226957915643	1.00881446039321	2.28868279970276
-0.653029811438721	0.640527974628952	0.639584824340689
0.0727287622291271	0.441093336387219	1.48016752245168
-1.52122244702711	0.668573380946976	2.91253576762728
-1.46206089631811	0.635427871185425	1.47675905163412
-0.730600377955772	0.766324320482007	2.571200639957
0.573801485866594	0.533238569124308	2.18369758672082
-1.84046768326574	0.830104422994909	1.40784529772807
-0.558636052974588	0.687857769964626	2.68473119004564
-2.35925424029011	1.0434143780192	2.81943376176541
-1.9461734041889	0.384693665059124	2.52634082722568
-1.80202244894986	0.175888246446856	1.72212077565393
-1.07153307657538	0.811786282193556	1.87217356541391
0.0902601294269954	0.732313334479271	1.70215124379368
-0.0888600054970656	0.5631166094363	3.76741617924476
-2.5225645106708	1.42337476929453	2.18149818575985
-1.09672255514907	0.152092205941738	1.16473862336108
-1.3194010642391	1.54581003806071	2.03377491435458
-0.546007364289827	1.14923741450478	2.24472835250855
-1.97063860179231	0.389715173990413	1.82484847019441
-1.46707616359255	0.897100387436576	2.79297673953614
-1.31811592488363	1.41663245619259	2.52570750748319
1.50291196961327	0.959864387343089	2.42316244670626
-0.524118194108074	0.151380103884279	1.95850617086618
-0.623929825234107	0.86046419584004	2.19376875568548
-0.946776914863708	0.414073152937367	3.43172835961519
0.552799899031474	0.886490597409174	2.48391761088366
-0.371064266229457	0.763688386362893	3.00034792827204
-0.789182664899288	0.92555520513745	2.78644095443502
0.598820919909939	1.13950249214868	2.48188867685465
0.193370902808558	0.589075553754071	2.68180508470496
-1.317856514987	0.413837664817626	2.25622519300025
-0.680652129868109	0.0128485171068312	4.16020346916685
-0.0282314894772368	0.466193810649294	2.48804448677974
-2.11495759678366	1.1713932466002	1.24238840528617
-0.485764710664293	0.999964350253091	2.42788588589821
-0.789047180808581	0.355451481603977	1.72884519597254
-1.73612408286237	0.952892177596823	0.998747520912061
-0.949391924911174	0.858405644133234	2.67807566750082
1.2999837601786	1.02408966711487	2.84987272573447
-1.41807505615612	1.43855673713384	3.7435406114049
-1.82148364875623	1.08771609094298	2.81732706276456
-2.68828090446621	0.510002959690428	4.36483825318413
-0.878003861854334	1.24084462958581	2.02486014566783
0.210106261260795	2.45511750996167	2.34718288296102
0.158580856474915	1.07137077660542	2.42796237565399
-2.14584583709869	2.06828151076049	2.62500964728591
-1.34282612365859	1.31345992381145	2.88143792641904
-2.58095959064871	0.723460309934719	1.22620920243707
-1.50178951046742	0.428573789275606	1.01370068135501
1.65360912464709	0.494678546191564	3.21150371185458
0.757497620972025	1.4807681776374	3.11058459603641
1.52197494964818	2.07761905409568	3.39550823409486
0.24276235171217	1.01717271717043	3.1180368594639
-1.20074485561523	0.783486072717601	2.26709163104815
-0.743970516042413	0.518738828253294	3.18504249597712
-1.06819130467224	0.518960318992231	1.59592681748693
-1.21100388262267	2.25649875763376	3.41899039977708
-0.0315751790156384	1.37428992208579	0.504347070052687
-0.314834169282707	0.805166280895977	1.733636219098
-0.589989335837525	1.19256368234748	2.24551103658761
0.0542935935819627	0.358046999980606	3.33342179164051
-0.778332488087378	-0.183160395904945	2.48612887230252
0.401015664087458	0.406501171991514	2.29520716094486
-0.275925697876474	1.53205647512786	1.32102181684493
-0.435913631203673	1.05509144500073	2.33147675564813
0.544751808214865	-0.0172223065661773	1.81783657047715
-0.15401234187869	-0.058296971419593	1.03154212934349
-1.20079674751028	-0.411346305749723	2.74498746149123
0.196760263053234	-0.681678733563803	2.70401289336457
-0.377416004925493	1.35219938818088	2.45981802144752
-0.415732724452307	1.11786675990965	2.02086039062598
0.714355914568401	1.97200698576309	2.19664964074149
0.909118650722086	0.517096215070235	2.33266502937571
1.45554782096229	-0.0813193315492142	3.32247203398628
-0.826800614594004	-0.779349877696513	3.50248883125153
-1.09877348695344	-1.11971124600315	1.47855496930569
-0.914900834980835	-0.940728132544376	2.58912361313609
0.121954222538935	-0.364528099764178	1.50236920564895
-0.770207505774422	1.13313878645656	1.6921141062285
0.196264001351552	1.62499508789303	2.00053357029093
0.140363944049767	0.799076998793007	3.49759099363335
0.337046651619857	1.15322571137463	2.63683145110556
-0.217270760483576	1.8661089413176	2.19151934162193
-0.379085382703342	1.45703678644953	1.998445015609
-1.35080241842843	1.61925453202471	2.13863904411853
-0.115987336615931	2.61621222604717	2.25602608178707
1.09365893829789	1.16826262629537	2.03404362248501
0.240645301524501	0.746270749612001	2.67247628021349
-0.809255352590172	0.796986056480912	1.89712613181293
-0.616260984417114	0.358008214724906	2.51199836360278
-1.78529109439353	-0.830978836567132	1.83020327009029
0.0195409598936251	-0.663754219004904	0.679189675685178
-2.19163890633175	1.84424982261756	1.94303133718731
-1.6019352845197	0.9731223325393	2.08237081042497
-2.45337651748574	1.15655640206231	1.77439819433753
-1.51570221667674	0.594419255630575	2.22714063037183
-1.24868168301386	-0.252209736331219	2.0575759094677
-1.35268427249193	-0.623871937675844	1.90643201994387
-1.30903315582021	-0.632939967873411	2.48699992123344
-1.24948405226033	0.497439903450123	1.2861701598319
-0.889683904318372	0.809735325677525	0.834926239513175
-0.832692599701755	0.571235239028473	2.26377602040038
-0.754074304075686	1.18735936725905	3.29656128572729
-0.650684407793146	1.79143945266264	2.64420042554336
-0.66625877576814	0.573365565519845	3.01048333811509
-0.831503883038016	1.05485854210683	2.80377828779922
-1.86423796676949	1.05490252832267	1.96996669602457
-0.616546732414098	0.761757118951664	0.95494742763257
0.0404111023927646	1.01792446386819	1.7101165566803
-1.91466488097674	0.113368088509014	1.37134923795629
-1.30255454900594	-0.561884335927123	1.91550203522672
-2.04888552346869	0.197350934160406	1.07076187235634
-1.33891825406154	-0.68489441990248	1.4481565530994
-1.46760487521514	-0.167328703834196	2.26504715288274
0.840706386144988	-0.181670960862325	2.3927853395123
-1.36709971252072	-0.590431496174434	0.38211242536276
-1.54272086873912	-0.350040631063277	0.106216980011538
-0.796047167464301	0.3882581412514	2.04758060696272
-0.129263308067152	0.268685254418408	2.56501364807263
0.0495078063575336	0.352536474481163	3.20241360610426
0.192450564994564	0.621440550890929	2.27606567737954
-1.87128151933559	0.497327534647411	1.21263475759413
-1.23011998850881	0.0218809651683615	2.12280220943967
-0.408787479676263	0.0113768211554888	2.5679987413609
0.0127739724336172	1.14225234927899	2.56912233616628
-1.25312809777026	1.26340664930009	2.74857190619091
-2.60960616314403	0.452771786039449	3.07471999133511
-2.53076385596879	0.583439666845036	3.96343010728754
-1.17673993956309	0.196286708874079	3.43427682533788
-1.32640213965745	0.172158813647098	2.17524240530007
-0.222834756182504	-0.570620424313938	1.86710646165582
-0.13956186570718	1.00107298479173	2.75620668045926
-0.312388132724753	0.0682689110826825	2.93833949830026
-1.910023994619	0.579230164312754	2.10329874188832
-0.737704037707911	0.62626990802453	2.40096505725911
-0.711921128584044	1.98232222029203	1.64193507593737
0.171237955876163	1.39423790777999	2.99641254184476
-0.245063726422173	1.42059406082917	1.72512876894967
-0.71191237711732	2.20685911218496	2.62414011924356
-1.28084464833411	2.33646415863501	3.06149220281519
-0.465208925676866	2.08971639616143	2.2969800382146
-0.30710241312214	2.29796735929633	3.17609364527731
0.0241667191663097	1.83736198684376	3.97724705066558
0.111911020508681	0.40401288221914	2.27504935983188
-0.667618089861164	1.28395452021003	1.76102386155653
-0.634494832306147	1.40666435976976	2.12460296724963
-0.634494832306147	1.40666435976976	2.12460296724963
-1.63590249254368	0.702262523816608	1.43664963219173
-0.672478093316544	-0.167029112506362	1.50183734670013
0.177852753775614	0.168764018091407	2.17620102853422
-0.973046392227941	0.94132529630293	3.02761172514693
-1.33958247233373	2.20469920226347	1.99649597696404
-1.21089501535332	2.3005927208831	2.69181559569895
-1.55880836908473	1.70178849026025	2.62418464754388
-2.53522947436544	1.89520537088815	1.10044718807162
-2.17005832101269	2.12328926748428	2.99114170581979
-0.10726808167941	2.33092636783611	2.4982658893296
-0.699427830036763	1.93089621027165	2.89128439806401
-1.25330238400517	-0.514010113446653	1.72017066862974
-1.45715622701784	-0.838587185466013	1.23424637320884
-1.56039901601022	-0.421131576314641	2.31485092554376
-0.596400469437922	0.432799900554352	2.30091665299059
0.567683080317493	0.285073219448654	1.63620825998749
0.3302823005347	-0.627836729244774	3.3170283800498
-0.889791280365663	0.0872243646602158	2.99898708351338
-1.00527699302679	0.638644353551386	2.23941236709365
-0.841862282142255	1.01926987221999	2.46893653413763
-0.574017181643645	-0.00619459591444654	1.06237169191561
-1.21331501895437	-0.0359527680577586	1.08925786964567
-0.251117207745291	0.627581950414525	1.80910266099746
-1.26867595238486	0.320478875154932	0.825825130957752
-0.250556969404461	1.89041963345457	2.79654622876108
-0.790777085397908	0.997931476990398	1.47773683231546
-0.359466154138942	1.56405306009725	1.29411862516131
-0.589617968790939	1.8594744134489	1.98055774388917
-1.19362690479603	1.47076872593866	1.55068584511791
-0.181750160311968	2.19914644672184	2.16064261361006
-0.263575458339381	1.44591876186724	1.54227615793479
-1.27927190961393	0.833805760294831	1.47352784999696
-1.424608427396	1.43093456378466	1.42391609045802
-1.45529476073789	1.49066794940058	1.94613768381413
-1.45529476073789	1.49066794940058	1.94613768381413
-1.45529476073789	1.49066794940058	1.94613768381413
-1.28668106610951	0.357263409489228	1.74744899463109
-0.806720766295191	1.56762533182304	1.49102834056527
-1.64522330037699	1.22012743709271	1.73562794451793
-1.62230958673389	0.331463753880618	1.52390598610095
-1.62230958673389	0.331463753880618	1.52390598610095
-1.6004420889152	0.151850681184985	2.35369148317504
-1.30833219939367	0.765570626080837	1.70043944863721
-0.261992863516939	0.549025419162866	2.27583633295251
-1.39705740891364	0.302849077365829	1.82664531577584
-0.971627007550241	1.40421156096566	1.87947199113779
-0.320247011107778	1.04419604117273	1.09227931955573
-0.723422225399308	1.32427016676608	2.05676921718021
0.0371765446014749	0.859249087065621	2.52606218154003
-1.5508697569921	0.777207944495792	1.48586368897683
-0.802107451087133	-0.249944657549918	2.93474526100733
-0.571358175542088	1.39620295445449	1.28045321596914
-0.954070746677223	0.862627152299264	1.6721040488737
-0.313230877064873	0.690649591382261	2.17298534446383
-1.12576268463781	0.766598298314665	2.08752234028126
0.591055267055463	-0.091025217238091	2.31603919907167
-1.19572308124731	0.164900853546849	2.10645771932381
-0.834744018960073	1.0693672857926	1.74222924818559
-0.820182510595058	1.07714204094904	1.73367299342799
-0.91353148597436	0.9454136041686	2.72462917881832
-0.0834384422150276	1.81794084618255	3.14708462273612
-1.49688987473071	1.9020360875298	2.43567681148731
-0.382565833205014	1.14346868356485	2.93770871210641
-1.01154018086912	1.27633974057612	1.20563285095835
-0.762271004083096	0.659291149789669	3.5717645367528
-0.952830639919373	0.680463072713554	2.25966317893095
-1.380239147752	0.514111679120991	2.30073820847086
-0.683648696873018	0.671394214353694	2.62520328742377
-0.181236937814555	1.43432444524113	2.99212168596454
0.0214907938793534	1.4001791618579	2.24420654858024
-0.570849746314226	1.08761976020423	1.9258754178842
-0.630538100755853	0.94314750043332	2.31661001980519
-0.630538100755853	0.94314750043332	2.31661001980519
-2.25726131206341	1.04922946811765	2.08638248950205
-0.811302002401586	0.952457808277934	2.27299940047108
-1.30783676434015	1.14756288216071	2.98356034789061
0.00167467263003529	0.501521273039536	3.2581603302522
0.124324768020691	1.11637191869138	3.48725134785609
-0.703476147174233	1.66454447932487	2.22179206765994
-1.72389056156091	1.73147418645574	2.40678849932429
-0.205593692485287	1.56716346690348	2.74330000336915
-0.0706210364706988	1.21108860003116	2.42767655144549
-1.47495532856936	1.0194550188615	3.54675319064376
-0.0318593639400017	-0.436814051280939	2.94463349175906
-1.12306707691708	-0.0376371875898949	2.41407966051722
-1.07959316077574	0.539948489028508	1.14799688856595
-0.500880910377227	0.313151372448811	2.18200041266802
-0.307603917468878	0.747159008602467	2.1663257486817
-1.30293692334073	0.443422613196745	1.64686488788839
-0.0184682810294943	0.311112091391128	2.83484053666196
-0.632045191498662	0.229011494555255	2.65630166606487
-1.09016597583421	1.56340867719777	1.79950313929307
-2.47670112398354	-0.299074055821191	1.42467347142708
-1.11860932612438	1.08709812801327	2.39684245273132
-0.252324621598678	1.19688179623113	2.32820480739529
0.552230870034274	0.864652467717408	0.64917169156962
-1.74665420423974	0.379445070536671	1.28458358589007
-0.776992407255644	0.816863121092	0.963045464420145
-0.36897380462635	0.396655545929729	3.52745777304232
-0.242806480357248	0.361293517508067	2.33892892263104
-0.193097395557247	1.48242805567329	2.33491234193804
-1.26327397163319	0.936477328533253	1.11210783067409
-0.728082210600165	1.13708476998106	1.44646144874302
-1.11608233917187	0.787416182287356	1.74726827261852
-0.979946475721218	0.54819095341002	3.49640935160001
-1.6480806404777	0.970850142336104	1.38590175404006
0.511593500066582	0.632625434131463	2.59003158432886
-0.471535652684605	0.49762500310228	2.72069794590964
-1.02379437528408	0.576965251372586	1.57118864001834
-1.86433659261382	0.507782711108699	2.34744138937299
-2.06722011052339	-0.0834512003858968	1.46996918459021
-1.89814476849967	0.394788903469786	2.13218246578325
-1.04088233186676	0.268075710903704	2.11617151358226
-0.696206038523121	0.787876680492907	3.00053418649072
-2.03191670556983	1.23620320281707	2.3666374383348
-2.20872484051068	0.965038217133885	1.61153199996438
-0.432714440145811	0.54799614430773	2.19186193476323
0.130063980594861	-0.36739357931268	1.74990849428383
-0.835123044670519	-0.290803618450057	1.59786776537612
-1.56414193536895	-0.395408262932427	1.1408491856776
-2.5499439767368	-1.02241466650263	1.27124761293578
-1.2328057235884	-0.822535247477065	1.11125973857391
-0.662817475290104	-0.421634803395736	2.78030314678383
-0.174722881395244	2.13127131651587	2.16819234730359
-1.13156480200345	1.92045436735679	1.51369489051202
-0.987117722634205	1.2694887407399	2.3074897488349
-0.261693725354569	0.91022223496429	2.42884845147278
-1.76258036011388	1.61688594035229	1.26169904277649
-0.181010290862171	0.834841859635717	2.84324034392583
-0.854840695535116	-0.325578282226333	1.30225127425213
-0.639709386162354	-0.151901861618562	2.09512725466711
-1.30508627939492	0.0793773290101691	2.00306305489335
-0.986531097179771	1.27463771159343	2.05090518448133
-0.488872044984494	0.494570232093818	1.63560242486964
-0.916028982365186	-0.42123010897115	1.85397300155936
-1.22352042923404	-0.427000922280321	1.96460469782588
-0.301456705674492	0.395206211101672	1.42012511589232
-1.39973432753298	0.499640202244631	3.19667502140968
-1.39374432023502	0.765768470603339	3.64568805034047
-0.613125920732982	2.19194979541915	2.71889486524103
-0.483578046462985	2.10490930378994	2.38150394495419
-0.380731090325123	0.699909623280189	3.1540757468497
-0.383288196537238	0.0972110403690097	2.82839007894149
-0.499154818626375	1.08916540308246	1.42772419854315
-0.289812575233613	0.561714605671453	3.29617611265612
-0.256936398056881	-0.370347375219301	1.49200715911729
-0.579480790773939	0.707956534202778	1.98183750500046
-0.364596496894487	1.32116681653995	1.76772637206683
-1.49631552651906	1.53994154218883	2.59385326011187
-0.524094961527643	1.15813858676861	1.67077788857382
-1.35027418275774	1.46837697266974	1.30142795754711
-0.797442639511645	1.39913939620049	1.09931687985005
-0.353125030191145	1.24176481923133	1.77311186519963
-1.30262772060231	1.35630288389255	3.03487925084932
-1.89540273271972	1.22503858683903	1.198060148032
-1.41184648666505	0.446894710095349	0.904138494777084
-2.49848065417605	-0.724840289273565	0.33905563675862
-3.21207898060979	-1.13941601663024	0.881252989435908
-1.91923194997641	-0.512191961918045	0.70891007989195
-2.23749242089077	-1.10277323329592	2.14344905735468
-2.17883820180673	-0.881698049457242	0.826122344164029
-0.177242113993202	0.790634163368999	1.80373353175706
-1.29694124785097	-0.209974011412703	1.8300305921477
-1.63947074853166	0.20475967381597	0.897826019655753
-1.60892038380933	-0.414108130221918	2.75352768158377
-2.62787696166787	-0.226052004819695	2.43943665742487
0.0494514421549893	-0.543250671009308	1.67260976998517
-1.37221773552767	0.366036368641197	1.84620065196526
-0.815159113135285	0.811073941471894	1.87666423419542
-0.846690896699411	0.783055510753901	2.25772675861705
-1.2653981913633	1.37044754604516	2.54221929243062
0.322657366063057	0.366874271934405	3.70966283852559
-0.500958070312719	0.992657060598057	2.78636557262924
-1.38039134493186	0.625331489087976	3.75086693291311
-1.76613108785767	0.447072892786237	1.37371104837263
-0.840126963373946	0.540298021387349	2.10690976655745
-0.799666005568457	0.887129565961455	1.30645984948505
-1.41392915810817	0.576485655159113	2.344652435113
-0.906703311646993	0.253858089961344	2.56653231697057
-1.30923479753653	0.763066845075965	1.81541963930542
-1.31432496217261	0.789038434041228	0.176042508706056
-1.43985068618847	0.963565854441191	1.63766895272883
-0.481536678833102	1.35743194691506	1.88317393356432
-1.05502655525381	1.18352482185663	3.0369427788892
-0.935040543227498	-0.49168067909896	0.759214051872332
-1.41367073690586	-0.00705603521825537	0.781892678498637
-0.957086006743779	0.112224486656238	2.76480032729613
-0.676166715804599	0.107657073913327	1.16900068034721
-1.73156712636789	1.18449977438373	1.69930326560177
-1.62730425172124	1.1346735713736	2.18082500618218
-0.90330069020974	0.658916259403019	3.52922858829386
-0.775427125890106	0.56782794754826	0.524446552600815
-1.10365267595689	0.457387853305643	2.00016877471312
-1.2081164846066	1.14454112625431	3.26278916421733
-0.0402510099974587	1.74303976753747	1.93298531893113
-1.38188615927529	-0.00493426327484792	1.67480207572689
-0.0161716959133157	0.809288865278446	0.7647275108308
-1.58967244838828	0.13102593476195	-0.235877331252043
-0.931303433194061	-0.134781211812812	1.22844989843759
-0.949780693712473	-0.0890410240591606	2.33811308287229
-0.894201784349174	0.890930195291081	2.25466384832867
0.0325224556873491	-0.0116419076114994	2.17592577068192
-1.3020114265165	-0.0591936868110724	1.10343805839565
0.553983445682248	-0.645762749590803	1.64118752339707
-0.700806392913423	-0.479188202845022	1.32247451406157
-1.08899936981574	0.562888496105209	1.50016328161067
-1.94160101863605	-0.0643812402881545	1.23216097448841
-0.675172336621166	0.322088483537649	1.47693830829331
-0.777263403462553	1.17829890373518	2.30149422995089
-0.454274490198925	1.12792842923839	1.68135735424772
-0.863138181643126	1.21975395419592	2.77877520952614
-1.65725497843735	0.261144785217416	2.72509301617889
-1.0998886754738	-0.325020133040382	1.45800459784737
-0.875148966545325	1.09957076055879	2.47755448577255
0.890587006272562	0.241190184978021	2.53322831053765
-1.65844427052651	0.0526109831448402	3.49026605424026
-1.1925659429685	-0.455515182325343	1.688310265219
-0.549076770525612	-0.31641370865685	1.42804082597613
-1.61130364564727	-1.40545191643598	1.8149893872058
-0.340237473252812	-0.31916549702095	2.33151061415748
-0.936674832061314	1.04190089670354	2.39565423311067
-0.970918701912675	0.18407431508442	1.96074996527673
-0.618482091191309	-0.320427230033566	2.21022458910102
-0.856657403063909	-0.147479038115902	1.09375826893645
-1.16596416880862	-1.05706973117691	2.60481511064897
-0.902950496082876	-0.831107395465198	2.90315069828294
-0.558468030118677	-1.02770483476416	2.95543415136912
0.131364854774705	0.483433079802208	2.41756668116631
-0.348950990878918	0.422745071714473	1.65993498874365
-0.831254609885661	0.241397435235851	1.85285534452613
-0.831254609885661	0.241397435235851	1.85285534452613
-0.302930435359691	1.07161565731953	2.35131263879737
-0.252686614893027	0.202017556903146	2.00836591075691
-0.171828258682494	0.00386793912752048	2.25572383162958
0.368271971087627	0.425210787168453	1.47951311233205
-1.6794853165803	1.46625412703873	2.66102298221786
-0.453701489105561	0.834063605357499	2.95804689242052
-0.374541352216957	2.39087797553534	2.87665613178502
-0.0261937589309951	3.38161507410852	3.15494979542229
0.534247594913416	2.47955146176332	3.25973071458246
0.208722106414316	2.12660003511652	2.74493379728194
-0.337022462803543	1.08048118466663	2.71998217836403
-0.337022462803543	1.08048118466663	2.71998217836403
-0.0840066802421206	1.78525832727783	2.11640219569111
-0.437165743596239	1.04467532430606	2.79692063039175
0.167415759020082	0.566628851939074	1.41127390967146
-1.43815014346575	0.737590148710882	1.1919893663775
-1.3135846726957	0.796849405005948	1.73399894186418
0.540729183566196	0.0406154462698066	1.57501316633566
-1.45283650489963	1.45837445503028	2.40830837342219
0.480739624650865	1.04260534654981	2.69983610946075
0.241134480685512	1.78983476240243	1.66260530923163
-1.33850294752711	0.931344630896171	1.36583183329551
-1.71889002937309	-0.502373550951966	2.07839107948791
-1.52807181737659	0.186837819572488	1.20140766848713
-0.692544649314642	0.269982852685564	1.26136619165727
-1.37487719348976	1.61445292376062	2.25772925705558
-0.504468178028509	1.63327932645436	2.3940758887974
-2.01829141198238	1.29536412695804	1.87009455279639
-0.703038646187997	1.06218745454587	2.50733532390115
-0.73136491074161	1.14531743081224	3.08488456769433
0.0422892994324986	0.521106981546553	1.30599336387079
-0.844533072702729	0.470474886141517	1.47361457913925
-1.47766954752511	0.755242632694211	1.24528711850018
0.0357242698068561	0.518662254611665	1.65945245820728
-2.27402338775012	0.356283322805716	1.2388139620935
-1.20411593403374	0.540753774867222	2.53275871685356
-0.245220770932761	0.417904749341573	2.32352578503517
-0.835596747628385	1.66690715852437	1.57228124742831
-1.06585324012138	2.06418533650926	2.66094618100781
-0.907661036516115	0.918876619633255	1.70553487703637
-0.686333808684625	0.460575034261653	2.36958921941029
0.708258590952877	0.713363317103046	1.41090662117367
0.646671388141053	1.40069669235643	3.7730144621989
-0.45756025899541	1.33836398435583	2.69911270179914
-0.339663389679749	0.75132900450049	2.96467929133346
-1.52538208778917	0.53305235801258	1.18319880091671
0.144113289080198	1.13540728624775	2.61395867240069
-1.01101561857465	1.4485792823098	2.29894148746428
0.325738140553052	2.49853034104586	2.52856384736218
-0.498474569324455	2.11837785712958	1.99814443325317
-0.203256968575272	1.57102056709495	1.4099998512291
-1.33373458477226	0.793598259320144	1.47939698912165
0.31840113894659	0.713709706219658	1.46164034715011
-1.13226729803356	0.0463911567649891	3.46452097577529
0.144080939475126	-0.478457203422694	3.48760523203858
-0.540723825304029	-0.304527573773273	1.98331671715278
-2.70238257030094	0.0757231904923793	1.90306798542346
-2.14742432213014	0.982686263635055	0.980499308139668
-0.482339796081836	2.62562639582231	2.77619723414903
1.07542831470013	1.56399996010717	2.60990859829681
-0.46370911492453	1.68454214243658	1.64406799251041
0.945650021233651	0.957424106005163	1.9038544178171
-0.843313531440118	1.24124937419737	1.92246172004211
-0.861254144257483	1.01956570097737	2.21395470289403
-0.303122164476661	1.6813894043544	1.67848692793334
0.83862656789581	2.32623571982618	1.84867801080898
-0.322330950185725	2.73694025425747	2.85527710535231
0.556369356552635	1.81913031045378	2.07413786840997
1.0423089630647	1.62000082816219	2.23260449645477
-1.24951965488084	0.909650125983491	2.48145148253723
-1.03085111394509	1.11021459525195	2.50363799646928
0.237036240593664	1.51424610117931	2.97834075840674
0.115822872805507	1.61521334022748	2.51533030043002
0.183252026619144	1.67117344832927	3.28672590778775
-0.150164905413101	2.08901324011754	2.43417656970136
0.495609352930596	1.80008840052697	2.96658684898978
0.591674268336949	1.97964078672261	2.80457092462244
-1.72360803416624	1.33490953912433	4.22225422980491
-0.589501201404324	1.6001912803218	3.10296471159993
-0.557633325724641	1.5332772978049	2.1509354630354
-0.24560524505248	1.1043326533456	1.77980551685759
-0.287992067932476	1.1595315347161	2.14373396980389
-0.103181784947586	0.551097666185273	2.29476708903264
0.278128823836679	0.125128594141736	1.57625250774891
-1.2595442099577	0.782793436530332	2.25437807956591
-1.79696510915532	-0.281974565191857	2.58570410532834
-1.28574340215548	0.112518414129737	1.10336504677694
-0.645067209841038	0.699187530055237	1.86039088205722
-0.184441723587975	1.47067370415405	3.2956131014628
0.259886645311918	1.54214318759605	3.03216578577312
0.719007458295291	0.742703987497304	2.23174385179893
-0.668127464029017	0.341699722464981	1.39394647427196
-0.660219436558077	1.08019474305133	1.66115458938334
-0.522778703587905	1.54493924073138	0.555234511616176
-1.46019559956649	0.9233606980946	1.88959047455115
-2.0559596899783	0.26753518350014	0.935901404297624
-0.926422407644642	0.93912739048946	1.03777234647281
-0.302957108649745	-0.0624509491188403	3.52909120146335
-0.039285382003381	2.08964894116056	2.8699263042898
0.314584330037312	1.5866663314826	2.74488550931355
2.11482039630973	0.522773935178496	3.08701280798023
0.89127451009184	0.14398645417298	2.39921415417776
1.06525702710742	0.675288594955778	2.38519892866159
1.04980014460734	0.433608299951691	3.6953367727924
-1.086766290114	0.79202791901059	3.35454823277161
-0.0392888885096162	0.784624379509293	4.18112792387471
0.0487346955983763	0.292111432634718	2.55124451036842
0.516483186388424	0.537563308086415	1.2106580233546
-0.408914883943171	1.22894004740212	2.31049435537296
0.579464211236245	1.58798439123917	0.103859593316364
0.242525075170793	0.655333971394427	1.87300595542986
-0.0854482801065349	0.334109218102098	2.76846234513267
0.435915775596018	0.502780082847145	2.08415562059507
-0.528237566850569	1.51365693563752	1.46046911286609
0.60021038356502	1.81888231621573	2.34732352735156
-0.376289728456051	1.47380209454716	1.63100039260201
-0.24676691057245	1.47810386734678	3.31451666552781
-0.238501315876905	0.235600335349639	3.24710901930956
-0.560665839626725	1.0847473812231	2.2864255570726
-2.46960782238172	0.495840106594965	1.62657358734483
-0.261397288505924	1.91608444810553	2.54286484492516
0.576833932209513	0.855031675702369	2.11704221292576
1.13455591861782	1.5261033611141	3.0730280615106
-0.0234349239501077	1.74361415587395	2.90264359686052
-0.524820581103175	2.64837912796705	3.483140247761
-1.92621333839846	1.28585440253102	4.39248467023437
0.0933977963971885	1.10215008295537	3.18592090891443
-0.0974664417728525	0.791668028798995	2.11368879739949
-0.747009064712684	-0.22070334000017	2.18782652846071
0.310955042725164	0.517877581172397	3.123190554739
-1.30169116705175	0.875573828982726	2.06585486182617
-0.525120573806234	0.430937861442968	0.599761116358456
-0.693335246747824	-0.0831698694074872	1.74935773329351
-0.715357702876344	1.29193229770583	1.76901656119802
-0.852835443710887	0.623075344062347	2.14236856323024
0.268453672460089	1.3498031107909	2.48488403761604
-0.844049229508548	1.26752112360524	2.21621335582811
-0.844049229508548	1.26752112360524	2.21621335582811
-1.51279997034411	1.68777324524733	2.15939017107197
-0.659916106059259	1.50313021833122	1.43914227447662
-0.668597277863031	1.38418989082444	1.98108823235052
-0.313853763542355	0.766947742909058	2.48153020666736
0.0602133372183203	0.623554100034931	2.29026434057113
-0.754305248022493	0.626074723231318	1.07261672127056
0.602018942770912	-0.194883128604928	2.57576558830397
-0.739824369737586	0.903016032769815	1.63125732531323
-0.450717280542612	1.59683488393026	1.8413723008067
-0.282672955778268	1.16896250605306	1.21916132227758
-0.175608927050659	1.20065296590744	2.57027586092181
-0.236673355511758	0.323061715084086	2.75191916852837
0.0207308645547157	0.48935857704238	1.90095386138834
-1.5447642736971	1.88386555037987	1.12772519865453
-0.431043977848191	1.21955810629071	0.865941170130197
-0.773944035688249	1.55857487939795	1.03420054101019
-0.0321856463666697	1.56708817747715	1.65497312330797
0.663293822925837	1.52626074159848	2.29132670955425
0.761689378829428	1.74061756797327	3.29167896785156
-0.43095332935909	0.921058787240474	5.39874386282826
0.0780420689671508	0.217913151543761	5.66631098129373
0.756893120093743	1.38865226216294	4.67393076094345
0.798549151064178	1.48458537932138	5.35571485606495
0.0708732627496462	2.34610017137206	4.80781938265884
0.149597794309956	1.12333833954807	3.62960933599793
0.867927210479793	1.95967210942638	3.34618572739604
0.345118652040147	1.50445350794029	1.62896793741494
-0.393687728547742	1.69018374554322	2.21305448215387
0.314229081826781	0.451823111241037	2.98240933102728
-0.337281147302475	0.904652238188219	2.28275976073874
0.197549504003543	0.652470808689808	2.73330496446245
-0.0972354918720234	1.51347593944677	1.89868624323701
-0.650923462248183	0.523203113002864	2.16660987058289
0.0843645653587686	0.412093784337196	2.19008730237403
-0.0898254611265248	1.65615767174403	3.83564757954924
0.280493792769077	0.959965801011906	4.02886205712876
0.491684691340714	-0.311672497527292	1.48222378404988
-0.585989272557819	0.838532260664615	2.41721332777033
0.712048318103754	0.703929291752736	1.22544652955015
-0.994724534102438	0.967409911891556	0.923950590529845
-0.415780664771311	0.556156937707075	2.10455033646184
-0.555468223177663	0.829967220958335	5.04299436587598
0.290067757274454	1.52473715404771	3.75665157275577
-0.257263049873743	1.12306602519339	4.03967947892845
-0.177428765671932	-0.21698852163081	3.36393966540576
-1.13260452340852	0.860448652430082	1.29337155803676
0.395264666875064	1.65366203249693	2.27529604500732
-0.221533003149572	1.0294599562306	2.66919464401907
1.0889004887332	0.869731626961621	3.04013755942606
-1.24026116240004	1.92885204946503	2.39617267406709
0.398774842284504	1.00749455126166	1.68708218819731
-0.74954873711696	0.904357166757087	2.69521803136771
-0.58604690932485	0.447685725407164	2.42518249292206
-0.217266287047269	0.70559546838796	1.92284095109055
0.0227713200559705	0.634445331037336	2.23607054448845
-0.728196461274263	1.14460184682145	1.21622659943623
-0.453712703406031	1.08764792450827	2.20190663788041
-1.01723604362127	1.56582804743989	1.63042938117518
-1.57015299424795	0.415416042201871	1.01091521819048
-0.384503298448138	1.31013208571882	1.1977974445128
-0.204682930971668	1.84834644579738	2.03180455325375
-0.830997301734678	1.59219532906845	3.22378828659423
0.523536848446002	0.853074505758156	2.4698280173535
0.510088697852468	0.929160929679759	1.46152363123833
-0.0957384474001269	1.17042007796913	1.99195376396369
-0.593700578432106	1.4981077945717	2.63909386647572
-0.989162326591685	0.924458891210977	2.13308522883104
-1.31869798451014	0.731551830612537	2.00082947737823
-0.578618043580138	0.957517511600577	2.51913130564295
-1.59224861128438	0.960938901077603	1.94537393855757
-1.3364362680067	1.03961171861474	3.25101297182132
-0.256098075399184	0.944464531992139	2.68156999179175
-1.02132782278347	1.19194972495113	2.02309408053799
0.350031200667756	1.07799216195201	2.28944843509622
0.139259651846687	1.16811375565522	2.30327741347843
-0.551654179736939	0.893699567613517	2.18998610934931
-1.19680084906603	0.725140882751271	0.649476055683203
-0.635182444870367	1.49513944948541	1.62230136005093
-0.468607752772928	0.733886202882079	1.73916225722625
-1.03775148074769	1.15370775182795	2.28873222389095
-0.674305208220196	2.33480370585974	3.25534282797629
0.195907489574455	2.3054545386969	2.53696248595954
-1.04220776397635	1.00581889069172	1.86104946884307
-0.407590424719592	0.951974349149813	2.21425444388055
-0.19281853718868	0.625739586867428	3.32376519003142
-0.0412449484222017	0.364984264723795	1.27382052011585
0.329330523421134	0.633028712088082	0.815985931820876
-1.3710138798899	0.792048604540838	0.800123698103897
-1.17508939547536	0.85465036439171	2.33836197920515
-0.554956949230226	0.846659242541691	2.01618284945272
-0.349739166242473	0.995703712601738	3.41123045294263
1.24516599561722	0.873636556007198	4.05060149957323
0.259390713536202	0.849893001932948	1.13720027117893
-0.793941472526581	0.925494487083689	2.77639782396773
-0.120804838317832	0.460533647891405	2.20604886289393
-1.9022189893372	1.04457078907157	2.32022178915902
-1.82837428261489	-0.312897585527063	1.80827968558723
-1.30035392914579	-0.908299626647465	1.85927431471808
-1.8566065653675	-0.596009349545392	3.33517985816871
0.161399208225544	-0.746917110991417	3.50202153696866
-0.314205155575782	-0.906778564520366	2.92294141284916
-0.364604822395377	-1.10962587911152	3.43867394813727
-1.49059443615457	-2.14476510893612	2.78319377762197
-0.674112034281424	-0.978365986028491	3.33670854775028
-1.11149585905886	-0.248730324981214	1.86426746449454
-1.50872652911172	-0.601374892703469	2.00572826982403
-1.51451492178715	-0.762165034751039	1.79459922919275
-0.817882601333362	0.783268646650368	1.6215301915813
-1.66947641951752	0.758646753439051	1.62553571213286
-2.786154247406	0.486279464273109	2.16388748617918
1.04990100128858	0.142280695249246	2.14241758608414
-0.217224017470724	0.409251685838825	2.08097411450823
-2.30503975548798	1.16803259020311	1.51621175610956
-0.433167114125058	0.565367902372646	0.372429402182906
-1.08228398453863	0.164839952337409	2.3473242844128
-1.21421460629983	1.56096542319135	0.905932530191252
-1.72909991852531	1.63468060668863	1.18480332337654
-0.553456254215805	0.480789727915631	2.71358170159227
-0.38445678464151	0.52180366663689	2.19622474430526
-2.36842241393589	0.630530549457652	0.326493707780969
-1.99386845198287	1.65572452075756	1.15773935363509
-1.78826196727266	1.1316574131122	1.35144677300366
0.00465627596744844	1.09527346635139	1.1098961871677
-1.75982933312275	1.07856931308191	3.00141404780951
-0.00970989221372087	-0.0342729083113456	2.01282462731841
-0.907969063020701	1.3920733315639	2.52627040211068
-1.78339119972935	0.394448603873656	1.25769882121213
-1.11965650537801	0.136484246725705	1.62927727723024
-0.896858964622994	-0.0341083123098161	1.29942252558218
-2.51946535600495	0.587877601243666	0.680924878501969
-2.47564428018246	0.930872053409717	1.88303075189773
-1.73914482753007	0.452325830652055	1.21097796949927
-1.43629930109166	0.990576322613791	2.12061218935612
-1.01870518481714	-0.102783065842356	1.35768430874102
-2.69757674413729	0.286294819110965	2.02516060639757
-3.54000905836553	0.100922478977891	1.30189555956924
-1.38785312652174	0.933245730311632	1.31164214838362
-1.18586282828142	2.33303765850683	1.62953474872277
-0.9863497123863	-0.0932725957146224	1.41596797687903
-1.7216117342062	-0.630078916677488	1.61599220656526
-1.01208345079779	0.691148555064046	1.9043097018299
-0.924497838214593	1.86481365020453	1.41548457178784
-1.17512874804139	1.57630987920603	4.0422588910347
-1.97583431182933	2.24118243688482	2.53408361455418
-1.35472406148345	1.47946890398009	1.94403485270836
-0.0746557285147643	0.809002482750118	2.87316929964193
-0.660190601933693	0.794103031665542	0.642441076899644
-1.32210301918015	-0.721922149366355	0.754113145189638
-2.47336651248524	0.41434816122203	0.627817584449798
-2.87559345208597	2.14406674475969	2.49781891602362
-0.555586911746992	1.61568014184865	1.40981725169458
-1.13971521795737	0.877646224743356	1.11299481241049
-0.120729271825607	1.01343083556316	1.95670926742056
-1.66336429664581	1.3424366530154	2.15624998267996
-0.908376334166812	1.11341089770838	1.70273394740729
-0.805805319629464	0.73308265202861	2.08471984484679
-1.55799207797762	1.275965796777	3.12290666780168
-1.68138343391706	0.406182619130894	2.21707655197259
-0.868606410815545	0.0256181199908179	1.7834712214831
-1.57306456926567	1.7438867205418	2.28864902094843
-0.691250177104978	1.31865038363815	2.81934654721336
-1.12534451733025	0.507397645876824	0.850265486902664
-2.6806838097775	1.66107992621792	1.53267724976961
-1.09520202838917	0.747845969749087	1.55161329928317
-1.28069610903751	1.54678005809524	2.60598607451357
0.12643137629529	1.32762193662754	2.22451919210842
-0.859703191853337	0.261232317278151	2.43599764338609
-0.678670788195295	0.125336502443743	1.46798992346711
-0.217734374993678	0.355469388647894	1.98099041576468
0.483174119503827	2.13115604153464	1.9349640729249
-0.395094041305343	1.21925307288287	1.29437454005379
-0.75340023466984	1.74847339692387	1.7644731593609
-0.957165507928689	1.65604564350499	2.29827933696545
-0.809846881673077	-0.682251632132159	1.9271586419569
-0.991960639971385	-0.403429915614328	1.11721024374885
-0.0142218768079265	-0.577435881492366	2.86529039266399
-1.97191950306004	-0.957169471247266	0.950135702661024
-1.91353677752475	-0.0806585039746236	0.0854488587996171
-1.91353677752475	-0.0806585039746236	0.0854488587996171
-1.81271240776787	0.429367978754378	1.63202525121421
-0.635589783158945	0.574919818490121	1.78770630839471
-1.0920071513539	0.876789556263329	1.10511764906841
-1.01125926223669	0.212946062253528	1.06167775893055
-1.89742256713737	0.936377692330813	2.44593498942156
-0.511033924061389	0.644126188797206	2.20867030430197
-0.623097560977838	0.154852691727635	1.15515074782777
-1.28168601837639	0.458442151530372	0.407767477805638
-0.451656596871222	0.0562720911852848	0.973601694375424
-0.550824088755358	0.929502367905463	1.61331570309748
-1.06864550089044	1.14274438068983	1.77052045824109
-0.681469561447877	1.25234238679234	2.31640923929077
-1.59953335095583	0.783166651585305	1.98104116310078
-0.39744879159081	0.374948769519964	1.58066941546032
-1.73328072094562	0.0997512573007356	0.774512580540448
-0.9602731916271	-0.131398506193498	0.494139261580473
-2.54030495424978	0.816436604301914	0.856547564085322
-2.70484835119677	1.57544184452462	0.693141032526918
-0.288029754312487	1.62286896220295	1.37702538527994
-0.666568599677556	1.26039683398427	1.05658972581115
-2.25179768800875	0.716482768662325	1.26593059929992
-0.76905448805108	0.300170690849331	0.610441301713458
-1.17337472172926	-0.742991981755931	2.16785939479543
-0.63882126782664	0.681505379068432	2.45799716281811
-0.744011227644275	0.485750121521518	2.77215645364463
-2.18652438013618	0.832826649733119	1.08857807381492
-1.07861026364195	-0.202129624274895	0.963574791411728
-1.53441459616176	-0.770957306625959	2.33044616871021
-2.60618054329285	-0.162982233712055	1.77857833129836
-2.07962821502285	-0.122811803674985	2.28266116549432
-0.466593528302674	-0.482637149017842	1.74221956781579
-1.43910802365142	0.441507084391207	1.4994036230901
-0.61630197001633	0.556583312314709	2.0507162185506
-1.6252000833223	0.621141883033753	2.88851796878319
-2.17721912446111	1.21768129112561	1.21378849043448
-1.23777041209984	0.288984701444526	1.53939947928978
-1.33289351029261	0.677843748397438	1.59087616481299
-2.81519634919652	1.54673495029495	2.13942508669249
-1.49952306833942	0.158664009588398	2.90890553023999
-1.61867009995083	0.357586101780832	1.87520135819386
-0.695392087901884	-1.0404979376978	3.04268061933267
-2.05092208301627	0.131720032883302	1.34092694888097
-0.854078575071806	-0.0666707197831937	1.25343890057492
0.0499664212515982	0.445574750453226	2.38488464616888
-0.625292868142229	0.9294906756158	2.62893325737414
-0.670127002039271	0.817050846427545	2.2013823883439
-0.360530943852693	-0.765168429163762	2.35327517190809
-2.0968631534681	1.41888327895317	3.76767266916916
-0.304368968149784	1.01258957372802	2.26171325387273
-1.90329614555286	1.58530221274023	2.04022186860104
-0.758188938359805	1.35625537660097	1.3087055300676
-0.704783173853226	0.996208423197295	2.50258428048952
-1.09286442632999	2.16181110432707	2.60189247411446
-1.93181780385001	1.46001513837329	3.16670795119772
-1.22319609862768	-0.376467058825747	1.32451668460492
-0.597544216537729	-0.723477501186582	1.11537476716283
-0.287739151169806	-0.665372974669136	3.18646194032199
-0.893636920134196	0.196764190863631	0.179852695446234
-2.25664169020975	0.98050345186457	1.74932493916197
0.400227661076967	1.40121938371329	1.98312581876714
-1.63448641394577	0.398768120795365	1.69741499161346
-0.391704361636081	-0.100668692839173	1.39175193900485
-0.577733887054103	0.61278987141819	1.62706734973893
-1.47647807322313	0.129036243837158	0.863672450059664
-0.917017019462952	1.23522261990474	2.08869202315724
0.150862358757571	0.155173629359114	0.380835858943906
-0.900682021588546	1.68628143898832	1.72781439174524
-0.933729798554792	0.951743597429655	1.46851129244089
-0.500559616085438	1.2575286133872	1.68938826575364
-1.19965002681514	1.73220529991585	2.75533691310826
-2.14193449228008	1.31839983569311	2.70054262578058
-4.16080558207749	0.962845264314708	1.89748696507863
-2.27293902124865	0.548341118286432	1.29512100162849
-2.28200659113614	0.656433238962236	0.811468776736569
-1.31000717101857	-0.644724489298084	1.77057060951204
-1.97576347875032	-0.292091722524358	1.89893434911594
-2.71175739822831	-0.291176682209939	1.96860076816167
-1.62866327743371	-0.691951043761698	1.18175991521331
-2.49851333799356	-0.224409253431429	0.71706456012604
0.020062718423934	0.525196800555876	2.30471298158114
-1.61586421622913	1.40029422882806	1.663724726869
-0.415942747745018	0.959619279517927	1.55730266687611
-1.35373377192435	0.723450013462632	2.15130890559674
-1.34734365542344	0.31898277174178	1.50690345499677
-1.08094638725314	-0.00142185577077469	2.21470508550053
-1.48549229091179	-0.103807645393325	0.920355072654345
0.133834941094945	0.251160773127891	2.49493073142009
-1.91638454895536	1.07648106493054	2.51692042794957
-1.18314066357886	1.35644515271043	1.82441128141091
-1.18053332833868	-0.251406730468142	2.43987342652798
-1.75923519664429	1.04859381676351	1.31340200666625
-0.426923558263711	0.0823860971348709	2.27125852890842
-1.26993957315067	0.300492299239479	1.01666460559927
-0.848221388469313	0.96126800840897	1.2681015173864
-1.51198318763735	0.489441596628422	1.39507968887708
-0.514796080533148	-0.38351585129704	1.68298808301529
-0.578662147947355	-0.345493409470316	3.01743277078525
0.342683711853206	-0.854950024477462	3.89510914865893
-0.994340667611896	-0.987367520147596	3.74106539110385
-1.80149900942605	-0.952294674380553	2.10100432685899
-1.2316551444165	-1.16377883924785	2.28847290375503
-0.277049126194854	-0.942896752086948	1.76902670202486
-1.59596112036802	0.501424873301321	2.24677812206556
-1.35453610369877	0.86422641483521	0.973246050899607
-0.496245611847884	-0.94166733770268	2.23320994819955
-0.786700546886794	-1.20373013451191	2.97187757727008
0.269094188684679	-0.561212936535609	1.47349904517953
-1.97731757258226	0.437443025740131	1.06181491672162
-1.35093568308788	0.986800830059515	1.36547556145253
-1.56044355283815	0.341529256848167	1.39274082506163
-0.163109849342708	0.40579883981375	1.40112368291359
-0.991968961967791	1.45910940387637	1.25832896045765
0.232500622428142	1.1076591946442	2.0038716554749
-0.804074620016121	1.33382023444497	1.72677463247962
-0.279314967677964	1.43827419682227	1.05793158143571
-0.768054132079349	1.79766776539819	2.06837978415167
-0.563619033537965	0.936881085485576	2.39111745386469
-0.541000389071369	1.43808330680268	1.66341170029697
-0.402630087865171	0.48172370203157	2.10043129208555
-0.261988810455996	0.363781960399108	0.792112441141185
-0.261988810455996	0.363781960399108	0.792112441141185
-1.9293574119672	0.593760571005671	0.752615520445473
-1.2516218281032	0.518209970013461	1.00644493026454
-0.478581781402963	1.08253473391169	1.38676177675872
-0.201930920560312	1.39184723701049	2.03724068700426
-0.886424381535805	1.22245342096906	2.62090521694442
-0.638695913125522	1.72147304355266	2.01520888432585
0.184161165310555	1.73503333484198	3.40216029899516
-0.387463984186104	1.95887167678497	3.74021156410907
-1.26498724059209	2.21942635023066	2.21570771751923
-1.04318654563308	2.61758598340789	2.60292066631993
0.508127766134549	2.25179543862687	2.87929305220952
-0.442758722972514	1.0045136343287	3.08181973028759
-0.594836276320082	0.990102182543627	3.30626189790134
-0.341210440977322	-0.382508058447788	3.89518481350141
-1.02670300068415	-0.265639169143202	2.19606320630559
-0.107568911172377	-0.1269770612554	2.7508085201817
-1.33724356622106	-0.264802079174568	2.34848570696291
-0.836767429137414	-0.800151161161135	4.04304873753997
0.0598516988656634	0.304408153543898	3.10778602807287
-0.559849286772344	0.0164751891440024	2.40810295766633
-1.41809287706512	0.634429356386955	4.75430504255817
-0.310139942899249	0.267364432854345	4.22470462341811
-1.4074216798239	0.840219464387115	2.41506142045448
-1.08691899983718	0.614315223834054	2.6456899458842
-0.775151558960929	0.65824634181707	2.58468201505549
-1.30490924922205	0.54839720618344	2.35496217892745
0.354096871806846	0.425686660125037	2.81085459631969
-0.90954504778669	1.38150983574273	2.51896411781352
-0.212726799885489	0.238407199342995	4.10100290713626
-1.72200707754392	0.403237997200704	3.66067547818188
-1.06556622224506	-1.13679980609864	1.15520029739061
-0.689731195501338	-1.04920931743277	2.45234831475091
-1.31194637720369	-0.666844220550046	-0.47718577064664
-0.298370355966433	-0.430514085235133	1.23654885664211
-1.05631215526849	0.215896328796572	1.20988917593026
-2.08191216746028	-0.0940468193915541	0.728669467862465
-1.14977426628289	-0.0113610149171137	1.93637627176778
-1.69794054251836	-1.18559117137112	1.74001060340928
-0.430787346787897	-1.17203226909907	1.94557084960661
-0.948325303325716	-1.22554048765731	0.731821093908185
-1.66158295304447	-0.884307986195721	2.206648768936
-1.2995760539855	0.0239070063430696	2.39702726091956
-1.67810782785367	0.363261626350876	2.76041766698892
-0.627001858989142	0.718018121417332	2.00607854633612
-1.12838778074974	1.0729382154114	1.33856789259201
-0.712277981285103	0.721237718498562	2.51527226924879
-1.44884457371629	0.421574235238663	1.29869358684181
-2.74752348886734	-0.479133634585701	1.86546962540176
-1.84758641386644	-0.0831870679507624	1.01305778510402
-1.80477028394117	-0.437603450695515	0.82338543796725
-1.83192971743308	-1.19078852760173	2.53948208396485
-0.151306605720643	-0.243545799335098	2.91636172838239
-0.725146418231332	-0.270301166364621	2.65679534758569
-0.406704513900405	-0.111575597214017	2.28313327832604
-0.724788949436126	0.104534886635961	2.53691047959429
-1.17890889358733	-0.742644762313494	3.42463794354074
-2.59396076056375	-0.215846062443289	3.43769041572374
-2.93468992736392	-1.11596002639428	3.46288741027129
-1.15501248961599	-0.432444420301073	2.03076428310353
-1.57008979269467	1.0762506956982	1.69144911909901
-0.48002854221944	0.232625155826253	1.53288288147825
-0.870298234875548	-0.227754047562488	0.433454981501256
-2.75691889387255	-0.0448764018585418	1.59633353551158
-1.32411222159408	0.0145590565915717	0.954520917102403
-1.3633444223959	0.458972946288184	1.73299483684581
-0.75316430410142	0.285124629400092	1.36223472426096
-0.729745694356802	0.322021629644995	2.27068128414782
-1.25354612986316	0.305913546082549	3.37182648800238
-1.44191092114257	1.70218912762497	2.46182245990155
-0.610832019466721	0.302760879223634	3.38026312493168
-0.796395442960211	-0.464226412414224	2.05746934819724
-0.796395442960211	-0.464226412414224	2.05746934819724
-0.367275134741075	0.108689509110746	3.35452973045207
-1.10807664156022	-0.874316387421909	2.12830166368685
-1.61397841989955	-0.344820803979339	1.57384001146423
-2.24947458498958	-0.0793083978705494	1.64147311397483
-1.22264860497577	0.163916566157754	1.79393042200423
-1.19982009951895	0.873064827216563	2.25788894252398
-0.154858602239943	0.831937813553859	1.92688658240605
-1.67965811319165	0.714544546151515	0.927971494264218
-0.849778128541162	0.787093711866767	2.08759203642915
-2.06381089320371	-0.210711338275223	0.389542086142763
-1.21754830257691	0.261168029172872	0.582703657213577
-1.5638759128566	0.274567890326709	1.23581792935273
-1.73851158592189	0.122179757517438	1.35028965425603
-1.72152590142173	-0.117053277460782	1.90323714164057
-1.43895039971387	0.951812806944559	1.07799813275936
-0.840927047191862	0.658927248344005	3.01866463773795
-0.917211216644677	0.901687922116608	2.0684433264369
-1.67849414863112	-0.00321507003567162	0.997437332465613
-2.86746112273188	0.190903895847922	-0.013461067325011
-0.291242044660016	-0.0596236233643827	2.12052038461505
-0.694651415422579	0.0388253669307142	3.0359112742543
-2.19963974917954	0.541105492011743	1.10437118082777
-1.8776743894856	-0.0811623181151754	1.39322103549858
-1.52454470596403	1.03972820697294	2.60616810196668
-1.93525765225808	-0.0650074689496814	1.61710187477428
-1.51989221885667	-0.330510312593047	1.2293035706719
-1.57102500233518	0.380546007550004	1.93352117329413
-0.268103054972942	0.365139254060489	1.3838432421475
-1.86651285350866	2.05015530919534	2.40555337109977
-0.725397793038619	1.25668180972782	1.91610685876887
-0.975700534384649	1.54157868704271	2.1057018058465
0.0541525462856616	1.22795463224158	2.23324262346766
0.552936967614648	0.525757324055257	2.92750323389385
-1.3168296974193	1.39587029673796	4.19527170800687
-1.34526785719509	0.0733707070147787	2.78929502591182
-1.52874678231578	0.511469049350002	2.25507906422695
-2.57075639561956	0.823604685798781	1.6150031956216
-1.1584171877627	0.447084637861318	2.04251080762767
-0.78110351876378	-0.847320069887596	1.87456900471442
-0.948770159653323	-0.292448823971371	1.75242675580917
-0.518539860176401	-0.183311519692747	0.932764294196038
-1.44246484896033	-0.233285622542152	2.40632483167099
-1.40673877208997	0.512185841766131	1.96997524470176
-1.84523928025773	0.74617983537042	1.5569307250186
-0.651538967308058	0.154782775834947	1.06059536860884
-1.43535828565528	0.718544256331868	1.83117109749196
-0.692523990709179	0.594372147960228	1.3981326425835
0.137907650244778	0.147781530100564	1.28756906267445
-1.38727352673965	0.731623411102069	1.54148532193798
-3.08579583374116	0.831435705643951	2.43213329927465
-0.508530474820121	-0.230576317771162	1.95673995171764
-1.4255611770505	-0.260736348104486	2.79818883065024
-0.811397265121013	-0.225229411584348	3.49553919133446
-0.829498009295825	-0.436517286252592	2.20034421927578
-0.548652910067459	0.415463490931019	0.412907457315862
-1.29434818119648	-0.985092719195141	1.97131147662679
-1.80684681255506	-0.801905925939031	-0.340946324663005
-2.43148312230707	-0.507405407151475	1.77237319075033
-0.884631985279646	-0.445265001939028	2.59596341776825
-0.890656192400701	-0.237010254278123	1.58624977680294
-0.0667401946957377	0.583165952448661	1.7381796882477
-0.767440902237965	-0.284811727059924	2.28381969558711
0.816194067146314	-0.865365450856502	2.42249776833886
0.119192484016708	0.419572052873361	1.6633493650658
-0.571314869404672	-0.989941113632594	2.57414977609074
-2.5432335568088	0.846865390429	2.36753220977511
-0.638646647416004	1.10722195566415	1.92587036335402
-0.566494234731485	0.856644559368985	2.69766746443879
-0.561256594981504	1.15239242552248	1.79168524141597
-1.19463335939103	0.354446636795062	0.838233215468345
-0.0420162671808416	0.125412645371663	2.56214136927039
-0.545837897791536	-0.266384808843814	2.33927815536206
-1.08837094149425	-0.231874272499431	2.14132762162129
-1.38326207407941	1.50012044814809	2.00372526827371
-0.468399707495604	1.4036589285443	1.87289637471504
-2.04292562239164	1.7412929586805	1.54343012141263
0.812828316275809	0.837851479836513	2.84422254279385
-0.612406292917658	0.68374905551301	2.49293487176318
-1.5281925973413	0.638550569961295	2.05606842167078
-1.61766992840764	-0.202237745998021	1.94330518658672
-1.36958401270067	0.256832427719358	1.76254623047136
0.551648184357409	1.68718791474992	2.44968838985432
0.15281508806468	2.94645615653332	2.66803079584163
-1.18059774682743	0.513462548567524	2.2744824445707
-0.269905918892993	0.807347003866939	2.29948877574745
0.785323353879508	0.674343622050223	2.11822318204282
-0.384087433310077	1.29229292650531	2.2011683956998
1.08480440468018	1.18976618658252	2.03746431037948
-0.0950639619885689	1.76320857952719	2.1869686198704
-1.60315505778965	1.7657846553501	3.32491580522384
0.552259841935219	1.33413878502069	1.45530279254937
-0.644656444216792	0.122668476197185	2.7285495704652
-2.15740015762965	0.571886777469654	0.881174585853719
-0.976286974128168	0.343610548612833	1.78993971788873
0.293019494086034	0.583883074774562	2.30889005845372
-0.979051800213175	1.72319425615031	1.70890336125987
-0.364605129330279	2.40477051779527	2.53126786944653
0.590658755092069	0.795401719548925	1.83581869026116
-0.538336955377528	0.627520996280275	2.10479912357457
-0.115465424620387	1.52552290286858	1.91956566938512
-0.952930321779112	1.78648965083315	1.28948532692303
1.38558076506832	0.0745968387739671	1.90670104142038
0.257341004705957	-0.987382866655923	2.00261884288215
-1.54733716782925	0.50484039161589	1.28021155419929
0.27527860096858	-0.283812762716496	1.68835398772041
0.0547974155927198	0.536780775789564	1.44200340481344
0.72048202782678	1.84477917021303	2.27013544105968
-1.40943935176505	1.97479121757207	1.11546301662715
-2.03289572321026	1.22014099820035	0.956976444577398
-1.10396451724133	1.52009246654485	2.56971660376704
-0.248068608569814	1.46151549589401	1.25500257150334
-1.52221064375764	1.14310987064456	1.48909353241754
-0.553363574067688	2.07887226827018	2.51911897236913
0.10284000460603	1.91120581834981	2.98611950302407
-0.900353235527007	1.67101825547145	1.36435946165071
-0.106005320311147	1.08498937647313	1.64692181578703
-0.265624049938747	1.23118017542703	1.31288071073801
0.136854595555422	1.0684755266559	-0.186679297626556
-0.719551541640871	1.22369906292905	1.10330209499503
-1.30915546837857	1.73810735449323	2.25547959465894
-1.70343938944208	0.528683200450581	1.12560565608945
-0.768172598063695	1.2200415544535	2.45970799599276
-1.43104980082809	1.15199166901029	1.87450397161514
-1.62099815800722	0.575035774603971	2.95125741859038
-1.39161422330863	0.920227704319374	1.10847395512967
-0.722820257097893	1.16029197787596	1.96656154136307
-0.756772715128719	1.49312174531593	1.52248316958621
-0.756772715128719	1.49312174531593	1.52248316958621
-1.02024156565741	-0.0473900181590216	1.68907741977485
-0.0578233911044264	0.291468846323047	2.33849257186224
0.552272625332764	0.576669894508636	2.97713512678428
-0.912985145482509	0.520354465522546	1.27674793597914
-0.567251606705844	0.644065515816699	2.10042914326696
0.680915153228518	0.524784624603877	2.45372068445942
0.146710291563457	0.651585044612975	1.62959699164977
-0.621938989057155	0.97107949089078	1.12066064226461
-0.683787409603957	0.536331025967122	0.505288384362326
-0.71273372905474	1.41563325848811	1.36321305626772
-1.07123933960087	0.321327552296567	3.02624874569626
-1.65782307375468	1.95469811731688	2.13067997682396
-0.794207080710656	0.937008307370995	2.26684507344202
-0.201255974125184	1.2979614244764	2.71425284245458
-0.808991931863241	1.52356516762041	2.79104510464813
-3.26227652012249	1.16482053894327	1.46990272449918
-1.34661711462546	0.754490108859827	1.87820750231076
-0.941727648334374	0.515003159548289	2.07914994552784
-4.06041236117934	1.30176528237483	1.31031023058083
-1.71314939075483	0.833303031517481	2.21033548353601
-0.169662948752001	0.683048465976276	2.56707343662775
-0.348517774551034	0.696221799029958	2.90032503954923
-0.680994718462645	0.0990034704104436	1.9228876494095
-0.169286961351405	-0.0762201901070164	2.58359239338056
-1.22673889707779	-0.254301779016096	1.04263097421597
-2.27628413692395	-0.0661377981865404	0.712737253111591
-1.27216762361629	-0.55719953152948	0.648041754251243
-1.54643306670124	0.553820481016811	2.3515589772638
-1.37717213197591	-0.243384370718308	1.5960095770688
-0.930293153238836	1.21648394365888	1.36246631238828
-2.95526535159107	0.940830939207975	1.65455354415455
-2.84647907026975	-0.140664038311241	3.5824691726912
-0.43479850319942	1.11131407265288	1.903075528205
-0.115168923094688	1.23762916603909	1.88245384852592
-1.42952607214694	1.24920523411372	1.77563482097841
-1.73923285234317	-0.659853868755493	2.69787050627832
-2.35083662922007	-0.0249265392419223	2.78741437999465
-1.51362326906147	-0.842465028367728	1.96254335054551
-2.68307283312463	-1.03384507986244	2.31415035885181
-0.726077953488788	0.229640420535336	1.04288352449981
1.13510484184117	-0.122143839353608	1.77521526285568
-0.549650597740453	0.264898719673601	4.05216947449058
-0.907424425741715	0.269348211012923	1.48081079697392
-0.73271117274874	0.628365315355949	2.19298283691773
-1.68063273371662	0.344767293438353	0.466909091167594
-2.78715580885807	0.567669674155739	1.582387083875
-1.08602990960723	0.283066303551323	0.562124191900502
-0.859897006888797	0.587249011983377	2.21944124835404
-0.859897006888797	0.587249011983377	2.21944124835404
-0.978025900486559	0.44604420757409	0.814971857528862
0.175328246707488	0.794929926691431	1.69974990663098
-0.262668603613105	0.726508893903989	2.21866573682912
-1.75336183867784	1.37847450082664	1.73769779205136
-1.66101808009154	1.06809513727376	1.93511824898524
-0.193687776081868	0.300341076609847	1.74926747146055
-0.752999541294442	0.507447083675751	2.1201624394615
-0.903659555942518	0.778792440505621	2.75773374443075
-1.39216800082094	-0.190913296750948	3.2321742480176
-0.213719368046167	0.31330381103568	2.84990216896968
-0.399285923071246	1.53783016316281	2.02689157397688
-0.634639285102142	1.61264295483846	2.3584252057326
-0.265889547549571	1.58015580714417	3.23149952784899
-0.284105088706621	2.32008185409801	2.61704765275382
0.0777015103479573	1.483783260722	2.46595767924083
-0.989586604702643	0.844531401055841	2.28329314070448
1.22911290209889	0.869847921395938	2.05911367778139
-0.707030772245596	0.346737955210357	2.73449385569382
-0.995986734237172	0.115504539482028	1.4689500489075
-0.945835887804165	0.830417146560578	1.89818687304726
-0.540060863916043	1.45779186614412	2.26441484850032
-0.997272876716748	1.76889445870476	2.65697767994324
-0.22250838754513	2.34192910826628	2.05047787782217
-0.697513083721397	2.50094228238268	2.25577020455088
-1.76736088955809	1.59226619120624	2.02752377532628
-1.02271935942347	1.1451435394005	1.99699194962437
-1.96272604574864	0.172374828147938	1.36621313470781
-0.243259993620179	0.73951527503321	2.6868405401846
-1.31559716266941	0.315784943170624	1.84230691262814
-0.626037346530911	0.46200888381284	2.83002469586103
-0.360798002368399	0.669494801094496	1.59906101733513
-1.97419151672276	0.227817555152042	1.15781429365879
-0.960104869598719	0.248577225031808	1.62327724403583
-1.42134048820632	0.368436054901969	2.10697795042277
-1.02612380474227	0.279887639360398	1.59013715505051
-1.15689576877479	0.805932648312756	1.54580063292607
-2.17855669268127	0.404214906859287	2.70894712245654
-2.19186193213905	0.537139773246553	1.98625414641384
-1.53739828129994	-0.0877921793273067	2.97888358743492
-1.50068856071954	-0.841832711041688	1.03677634502489
-0.863778388474465	0.989139344267011	0.483408170059621
-1.18165325832289	0.340464390892249	2.40691875662297
-1.44036293069319	0.224315453710861	3.10851358674403
-1.07867339956376	-0.101568797680946	1.98185970712763
-1.73325224647602	0.740902079869312	1.87925699190839
-1.56964803969658	1.25258111367007	1.83852338235984
-0.221383764749461	0.789224409876852	1.68572003187073
-0.525881990566059	0.564140083683823	1.38147679403885
-1.31917485682422	0.158998571177785	1.08267827702177
-1.25918714693616	0.594484059961478	1.66112765304849
-1.02673352278708	0.279231971192696	0.982255741323897
-2.77912210467444	2.67474801198752	1.36870291000898
-2.74944034960597	0.0705964594301032	1.00079972607963
-2.26630640561275	0.415418754468784	-0.183868571701322
-2.20291055267319	1.16232513791082	0.731328499265411
-0.558591718596149	0.226464107013184	0.663715943472763
-0.733841536293112	0.17451642304858	1.1139101283027
-2.00146804253398	0.110060033309917	0.790067073257853
-1.76331726985152	-0.724693171137852	1.1569546187114
-2.0036061542273	0.121597226779392	1.38694529942075
-1.79278559683269	0.557871151918241	1.53530051556754
-0.139709558836659	0.572563109208035	1.707694217996
-1.73305514068054	0.993419421224585	0.814074889006875
-1.13101199798488	0.538560907274983	0.397940458290093
-1.02046984007725	0.314653896906445	0.870286077830025
-2.02460269210199	0.425887802139176	0.913752645594245
-1.59319597612611	0.267808271305406	1.39241098938099
-1.97924566634353	-0.572399043561124	1.69799677045642
-1.95973021795517	-0.233309361907803	1.27591768663464
-2.51864223881614	0.368311731536393	1.31445136783912
-2.79863380001161	0.587597194156374	1.33642616891079
-0.79320986748772	1.0827522229857	2.01673051027865
-0.713898381802946	0.706475653180346	1.05954602391852
-1.07843203382744	0.0785469214847672	1.68886008130155
-0.418314144090604	0.35987053693296	1.42010839638754
-0.933346172662943	-0.0133502489242506	0.869578660844641
-1.74150212613673	0.347449567192411	0.666861935641037
-1.74558945675863	1.11576031661185	2.12658870079569
-2.11186362833094	1.29323636974908	1.06913389379562
-1.22702107735651	1.20949919673057	1.98923671181336
-2.39364637030369	1.51531453496004	2.41958159465185
-1.74292757372307	-0.552542841318235	0.364544230877917
-0.725785765258405	0.608126501066082	0.0642415650442706
-1.87300437508041	0.766399580630211	1.39272435947126
-0.731305746830101	1.09758362695836	1.30334937786147
-1.65221149483985	1.42480894185189	0.576948189339639
-1.89350938636126	1.17362593377775	1.82831200699212
-1.65704604538865	0.263068004381638	1.78152621393001
-0.758264385747131	-0.395040812900391	2.19057620550333
-3.09093683042624	-0.205801277715038	0.893985031231706
-0.59230915648947	0.447591443703176	0.701607882685223
0.569798618493546	1.08111627733097	0.474985420206449
-1.07606439598091	0.919744887370027	0.095692364292267
-0.826789603764456	-0.137323178747941	1.06473899559466
-2.53267530550921	-0.0324530453834897	1.341134818818
-0.423330320014521	0.586782474934318	0.766108250118092
-0.425201736741669	-0.176110377298823	1.61635388688131
-0.354691769249596	-0.514239584731481	2.17817056616313
-1.35255146804328	-0.688392615554255	0.657042980597351
-1.75435018900544	-0.888181142553945	1.18830504175817
-1.13947440887172	-0.780351516385516	1.96373076850252
-1.01870205814083	-0.575926770437646	1.43384053397265
-1.85129143381258	0.769973335596421	1.24710064806766
-2.40705150784282	0.187423574957076	2.37869345812147
-2.92289900573855	-1.81379417363207	1.47747248279808
-1.5746763181123	-2.04827221117042	1.63160777395663
-1.56326392585247	-0.597370861173675	2.56835526705497
-1.44141140571429	0.442708619553553	2.35895223401097
0.885862331309388	-0.616178880378481	1.23693443055849
-0.327732737475186	-0.953423200422624	1.09319448023975
-1.63111138324553	0.979523788695953	2.82870589121368
-1.70875905845686	1.40085960561806	4.54446350909552
1.06609680675127	1.01982691754168	4.28064749850172
0.179857199015685	1.32048540427967	2.22644075995516
-0.442685241162545	0.597846892134698	2.91205225870054
-0.188178541232405	1.05734844782593	1.30311943150791
-0.912704687707242	1.64171047816432	2.39735285434548
-0.572864560538782	1.372031778265	2.16705103282896
-2.19294518423415	1.62339082112191	1.17054321709987
-0.364659490202306	1.59403419219023	2.38580252309514
0.127647383185967	0.0592779510555851	1.85884139241404
-0.973019340883296	0.988205691400821	1.4360003019848
0.334484410005717	1.12527903471513	2.46288797102181
0.0846633899650998	-0.512511215727418	1.89138546896284
-0.682841452525163	0.888028271593324	2.41008571265632
0.120578575352202	1.84193233980489	1.25175432097003
-0.129849089666853	0.713910638917526	1.60373329200853
-0.449140221115474	0.427146955784444	1.40668121936003
-0.485362537778955	-0.86335177405291	2.31792526497098
-0.108229987700859	0.132219841942531	3.35633682109192
-0.613256261562093	0.255680383682088	2.15230293696022
-1.72874054757565	1.00812317849162	2.13716457912064
-0.555771512520165	0.587601285746583	1.91959037405584
-1.30117833458028	-1.09604454660506	1.79928297336744
0.404316942388883	-0.163709179272653	1.20280518750494
0.150495260955622	-0.979766043112584	1.25557255499114
-1.46127865594751	-0.641332085995516	2.03865485958883
-1.2734204288477	-0.61101703896516	2.04524816153953
-0.820890734782979	1.04196818236995	1.69281009208027
0.288185742608085	0.535495624348446	2.07683765273432
-0.998278982317372	0.987207986298647	2.22289240620067
-1.25796350154441	1.84307419315305	2.02531815024477
-1.864757206592	0.679982826941781	1.96074137912177
-0.26422907154517	-0.239999520596476	1.17030947517842
-1.66775730670385	0.659673213265482	2.15191420626424
-0.409219773252615	0.731167353813822	1.01173186890309
-1.20728380164284	-0.0324130637472857	3.41562139503349
0.291364726102543	0.0753752054963233	3.04342255213052
-0.564041040148816	0.856049569973333	2.59760977142762
-1.02234340269379	0.59821222494086	1.93468261695429
0.0408236600600926	1.46629594763887	1.48029158874011
-1.41256016774935	0.544273228261747	1.996002569134
-2.52491438872316	1.0417455791913	3.81320291939994
-2.12943745152039	2.05550974507653	2.51953309171722
-1.14425560641676	0.627394821118398	1.51506411321256
-2.48411628373202	-0.0314947282114303	2.01128075370845
0.317752332172091	1.2614055411931	1.89765015915053
-1.22677920659648	0.311911186182343	1.80806010242298
-0.24800619836325	0.768409082670019	4.41213303784295
-0.658594237087614	-0.506974833679223	1.68893555555079
0.0353042281695772	0.522154860504049	1.74400892322944
-3.08084703674754	0.373143631891636	0.401836051614357
-2.89121851622028	0.00995392150027313	0.501151771404216
-1.81243406945828	0.117885260438452	0.503540833716399
-0.793609651931801	0.28387209049847	1.90830183640002
-1.24669418793949	0.389117292478348	1.89232600813701
-0.261636095093699	0.391210073595778	2.08413571066088
-0.216570660744491	0.538581766269223	3.04481934942977
-1.26581754610352	0.910793965519496	2.06206288629556
-2.2976839443217	1.25870965207633	1.75281678172395
-1.62149500869025	0.786610924508355	1.73294349206945
0.0577721061430347	0.768533396653043	1.39889929159078
-1.14777362691861	1.81351510925566	1.1148051223512
-0.401983553022974	0.144588704509156	1.04967450548513
-0.533441321000366	0.853850688171002	1.87884536520588
-2.09924840402189	0.536087678003184	1.6721411450219
-1.34401794444706	0.0342326056993303	2.28118120175259
-0.517214229359544	1.24350523756487	1.65116700199226
-1.34914082191882	1.25189287031188	1.56180337238313
1.53224300484817	0.912866074336571	1.77124387791885
-1.52361577119841	1.05197041180715	0.536940249051343
-0.789311817141133	1.53864928448142	1.39891367529024
-1.52618092161727	1.56706162954238	2.13664577244227
-0.257454207991956	1.13702389054692	1.83336873540087
-1.01385645125789	-0.672469922356904	1.77614720524924
-1.0772350303915	0.443381552024017	1.90898289471162
-0.963942257639342	1.47224381704977	2.3595032814696
-1.39725683736459	1.01867871681879	2.0846678834501
-1.39725683736459	1.01867871681879	2.0846678834501
-2.51036526663098	1.33072859794676	1.31281163439193
-2.56904602587728	0.995878291136185	0.635285485518949
-0.334618767213331	0.115936753242434	1.73660517754798
-1.22101578343333	0.265065095223523	1.55980320143113
-2.49925991234042	0.826083658702796	2.73638090551971
-1.17447468741575	0.968897140497015	1.96605030328763
-1.88335991953672	0.638590766919269	1.48866730642855
-0.394619351437311	-0.0587551740258017	2.74329302131253
-1.51624044877393	0.374201098358258	3.11250221645102
-0.728441829753907	0.241792339673187	2.45232174703321
-0.71649008294607	-0.0328621919458582	3.15402054469908
-1.45994572029539	1.08920173689211	2.75545932665976
-0.122256037890453	0.759044236511107	3.46696726175886
-0.716234955921101	0.938966413956665	3.69405330572371
-1.6788286131686	0.923711534970364	2.90251401132796
-1.39570908568854	1.53854371076484	2.00157371219955
0.178309724899375	0.151113677166931	1.77059533770886
-0.263569209296085	1.39337697144175	3.11811900590867
-1.0667948908518	0.442946869015858	1.10656619701772
-0.253719679307112	0.401072317993113	2.45163442543082
-1.26040512004985	0.132529023606109	2.67319912243033
0.0884449091273232	0.836193700614981	2.59979447448763
0.206844770576863	1.0081540622232	2.57869705178408
-0.511949473250085	1.54885185246544	1.32927451471403
-0.367969111225164	1.16582505793392	1.96149769232614
0.00753272593859811	1.08146798665432	2.75537555060193
0.331082365381747	1.19647945085951	2.59119901969274
-1.27885762195863	0.734010453388943	1.90470750816455
-0.561728564029103	1.18448359014396	2.70244430701995
-1.43985403373789	0.407385498801276	1.44008766158445
-2.48739765435848	1.06343882222834	1.86263912243945
-0.605399484960824	0.234750982152636	1.21291472621686
-0.645088331341413	0.693071321898451	1.24972520010466
-0.069107628842404	0.623569188208142	2.39701703771924
-0.810104355417838	0.759286048794767	1.25519100281745
-0.708414279761742	1.11770500185729	2.58819303931064
-0.682408947192708	0.605929571131676	1.75893608187603
-0.944541937755652	0.442569316095403	1.0948322186951
-0.195912958562575	0.298315255376175	2.28806928628078
-0.959672900662369	0.525976696863848	1.45122029145317
-0.919974209446548	1.24468709362147	1.02001275463735
-0.670927573890271	1.06911927993037	1.5847957677152
0.0146257492627486	0.717449433997338	0.197807406528292
-1.03922683202116	0.524434751257133	2.86824156789585
-2.04146029210871	0.47208097426675	2.26723738805289
-1.63714315251708	0.121124844064537	3.21158027880094
-2.32052723515873	0.712107589323577	2.23183456842606
-2.27291673897572	1.85357301318479	1.07585635202086
-1.10402566004855	2.30598455106455	2.12340914274054
-0.333844289589674	0.919337117771922	3.45785769280585
-1.34244042451949	0.728466405155964	3.59629113313957
-0.435219882277071	1.5005952389803	2.27612027021872
-1.26580298440269	2.09554305244147	2.48904390627898
-0.937570686948606	0.581387736283113	1.23751131897463
-1.60393269115831	1.32187754606698	2.22527076585555
-0.38628681805246	-0.112284642367904	3.13037262778764
-0.581218652758832	0.3415933405397	2.80706730543845
-1.90080176737632	0.179415799645397	-0.00132915792292709
-0.781201136798905	0.940861176940853	2.20953792442074
-1.44684451052325	0.46942191399072	1.70449838073492
-1.17054346754138	0.675163506340508	0.534100051781979
-1.17054346754138	0.675163506340508	0.534100051781979
-2.20662013557886	0.408922630967397	2.07944638135614
-1.21025331073443	-0.292185756571399	2.04644695017212
-2.00539958361163	-0.491699339647446	2.09959133447984
-1.60860158854951	-0.373406575087509	1.68784396131818
-1.69214462123603	1.31521646014117	0.957532769246735
-1.78432011227426	1.32209635802289	2.14252290618173
-1.70559031266466	0.248418540269835	2.09557580842395
-0.901909034684547	-0.00202067858576638	1.06226790227282
-1.98940319263525	0.734674033382888	1.01659881341579
-0.70284786665977	0.0909150723810679	0.117274915113329
-1.20330660115867	1.03882612532161	1.22371204507293
-0.386965666053695	0.918297249479846	1.96511781525451
-1.02256504510126	1.39153308648667	2.81157210734026
-0.155191252356078	1.0881894207364	2.94106265173119
-1.88467930816847	-0.204487869014932	2.61409742962586
-0.267237246429365	0.268835713054784	2.21912527312888
0.218631730900347	0.791038067182672	3.22439190251874
-0.977963735022592	0.115368050281758	2.35818710082252
-0.422343843381515	1.32380550663075	1.90112028294079
-0.68710818979545	0.512493054029829	1.19277627433398
-1.00249759756862	1.24348001359308	0.744701157661064
-1.00249759756862	1.24348001359308	0.744701157661064
-0.949786987500932	0.617124542992999	1.12238724129857
-2.04061992048499	0.932509446570635	0.875993862941525
-1.37880535046851	0.588550035186028	1.51449866646613
-1.38301914292263	0.212342443484224	1.50325740852763
-0.513399887037054	0.380839477095045	1.17012195476443
-0.663593790693699	0.456393330142126	1.03132790048758
-0.773939704709649	0.171066581421166	3.12046823735548
-1.78956210869317	-0.214036618788515	0.342710140123285
-1.78956210869317	-0.214036618788515	0.342710140123285
-1.3187690160538	0.51967541641629	1.08813070073899
-1.45952008625522	0.546598454938555	1.72589388894237
-0.0934701673441145	1.10231928136742	3.19988685920804
-0.729479993689591	0.933542697779074	1.48357484779831
-1.26867847304343	-0.309914217280195	2.04953400532357
-1.18387853934363	-0.00480533256453675	3.16092116746786
-1.92291512807547	-0.160951336601649	1.40674753804772
-1.23354742964397	0.5838463178431	1.16718605201313
-0.818606159982057	0.175760897720276	1.55098599656958
-1.30928353093963	0.668056208066424	2.68293246799033
-1.0069467968786	1.09158756428978	1.84938057878057
-1.45258026286736	-0.0543693432007883	1.23884964941618
4.21804238999457e-05	-0.072475325347861	1.19788878109559
-1.39584372442351	0.00360640424230055	3.38579551339221
-0.970561297447199	1.16195718407724	1.58561215126643
-0.86579459515185	0.109866408146768	1.98714268280667
-0.86579459515185	0.109866408146768	1.98714268280667
-0.532731883500833	0.728290114409473	1.80727744299477
-1.85646055409381	0.73644016462827	1.35372434737802
-1.85646055409381	0.73644016462827	1.35372434737802
-1.85646055409381	0.73644016462827	1.35372434737802
-1.06316121872456	0.627810521300155	2.49746129433955
-0.618418060997224	0.0237544798660447	1.48555755414123
-0.991547897722859	0.0600124845888604	0.829956870212912
-1.6875308512876	0.695473163315706	1.53250377887566
-1.13384510983125	1.55010217771153	1.27772164984263
-1.71581843338633	0.75476935942485	2.23318018813801
-2.17539323612995	0.31518869734933	1.46152246517653
-0.548331050073392	0.637490007781624	1.78035075390635
-1.15103930232629	-0.0384043975104735	1.53030261823604
-1.29121396023383	-0.171393210296485	1.70758453283449
-1.26545412039421	0.45069538104571	1.60063670810542
-0.146185756100141	0.406041025834071	2.17897701553306
-1.86980160418851	-0.154179382183194	2.02992967487751
-0.553801295419598	0.374528107054294	0.817559657906503
-0.42151635018406	0.445290477754105	1.93171552607554
-0.904041509006054	0.574705794120757	2.02587116116852
-2.70673919743965	0.972950966868232	3.53833452282638
-2.36170649053849	0.764803462831423	1.85152064064353
-2.65167647907659	1.06958627967241	1.4234498363071
-0.275498169704412	0.902020036250157	0.757260881481175
-2.63808066875815	0.849849436571538	2.04868430209266
-2.65119336341624	0.716906886021065	1.84697135159937
0.146727447520957	0.0902336186923079	2.38659833381141
-1.0297474400228	-0.327992548078307	1.78804749539942
-1.31269546506623	0.167651362906449	0.980200110736251
-0.0314640601822397	0.711772967397467	1.75762743400341
-2.45520913559066	2.02090238109357	1.61441303624479
-0.429126316097343	0.895632319293497	2.48413384541869
0.517416116654812	-0.121487415903877	2.01254777042228
-1.12834730508083	0.389327816671306	1.82534628697302
-0.039902828654377	0.537609178793019	1.81322292125277
0.212599020957172	0.430285182626085	2.10609288610589
-2.04145941266455	-0.370693211791178	2.43719531956735
-1.20093944221895	-0.671881480622662	1.79272379388705
-1.57699213145992	-0.302897551784043	1.29343643458772
-0.761595552501898	-0.531626410821645	2.47087231640386
0.0382928460814239	0.581834553346805	2.89379208270307
-0.444074522497157	-0.326697216566215	2.42065347695824
0.675466016116095	-0.268578457923431	2.3560962972134
-1.52284915318832	0.756921918138592	1.62445965262938
-1.59445533696963	0.730362752504594	2.04730550628712
-1.11790871708282	0.0583103157927398	0.206902360515514
-1.86333078028552	-0.0613536461398068	0.983549952046066
-1.43838251665909	0.0159994882047659	0.92937668180988
-0.788388504392588	-0.1931973900845	1.75435347622501
-0.315195819699135	-0.722798418859125	4.34999621702607
-0.377498854609981	-0.0922133098193067	4.00234175236454
-1.55728125677871	0.525474079927132	3.14441967814697
-1.23950690530519	1.38343463811592	2.43073854579297
0.112362043877726	0.917494550366983	4.34248097302166
-1.76488760930311	0.448507537110159	1.3564149196946
-0.814354021788385	0.658495850522592	2.31171338626094
-1.37265945280913	0.0314048876679119	3.18125695896349
-2.69194189956021	0.823384251434335	3.05303955381458
-1.47832936529018	1.4962515340743	3.59920853451228
-0.288021117111425	1.654857351742	3.05783620233708
0.301334544383028	1.2074514010167	1.35213323289878
-0.577472075592472	-0.226651461546386	1.96448607136325
-0.0270833195892393	-0.47783923965634	1.23441556732842
-0.186193984388011	0.134092629090382	3.25069625340302
-0.90420710008913	0.787096265943044	2.4179681624716
-0.17235095954125	0.0113622952943175	2.87570476407009
-0.730964755354016	0.573101015139486	1.01193557800647
0.0694536298173832	1.08944218399177	0.760539862558986
-0.597148411582545	1.65562110940933	2.21060063981031
0.24543391485142	1.14703771772802	2.33616687589814
-0.17328983208835	-0.826384022362938	3.16856028244714
-2.13623482167713	0.226055199501299	0.487335073421859
-0.932547556980329	0.402972462084561	1.49675006985625
-0.34715383467943	-1.14975505344778	1.10015017366784
-0.53808258488075	-0.0370797464452529	1.19404468046746
-0.727933176731073	-0.808594923957537	1.75411190124656
0.166866175930641	-0.431579254129703	1.18689612770083
0.166866175930641	-0.431579254129703	1.18689612770083
0.445945158811924	0.485987179280464	2.540399212118
-0.814542282248265	-0.237249089976153	2.0987860568905
-1.64635468714716	-0.46790146540399	1.2301522520914
-1.4505482890164	-0.459352063264302	0.737016543063825
-2.52313966646203	-1.64120528755876	0.373047734759281
-1.738700339801	-2.15499876409518	1.39556825224136
-0.899625753997155	-1.63110442137699	1.60411701390887
-0.668402112885074	-1.17189612813601	1.77002864469841
-2.44418705249065	-1.2754659090931	0.701553408604622
-1.05077135432698	-0.493701195646664	1.13723332556152
-1.58874798140833	-0.0853127166080416	2.55285291274309
-1.99340381037684	0.166146961295327	1.67949113884681
-1.54850940594453	-0.0797906200578389	1.83445622319955
-1.25301118494968	0.155050888485495	0.470405742410112
-1.22625416708986	0.725473913968892	1.68795438838709
-0.0910455197896738	-0.34942999276978	1.39359752483969
-0.902153464288047	1.38864466428965	2.86096742523418
-1.45460260253483	0.668299499952141	2.83498135765717
-0.975323862830103	0.494381659154672	1.13073202685072
-1.21320151576438	-0.437129582983611	2.22243602023122
-1.56239469840911	0.615058653501748	2.28835204702748
-1.529607500591	0.967464030015669	2.1909169426626
-0.712773803054496	0.933448977711982	1.87085851434839
-1.30406318636167	0.626601243065657	2.1570429036057
-0.888488275650567	-0.126554235496432	0.409199358735386
-1.99655908075347	0.0859733951925795	1.18977634030204
-1.46421708646559	-0.65035259573093	2.30729885432166
0.645458048729343	-0.677366103163044	2.70771929766813
-0.691241894371236	-1.64967966394374	1.01183615531094
-0.392276127251071	-0.554326222487221	1.09934627635192
-2.13405440676507	-0.838147079100315	0.305818053414817
-1.36990988620915	-0.863326956904081	-0.0655652730082094
-1.46157608146322	-0.451552753221249	-0.243874701551379
-1.2263294630155	-0.773534683195798	1.69156619321067
-2.07071266262959	-1.18446484296301	1.79428221188898
-0.395187543218268	0.446437699320533	0.945117728143838
-1.00425697119369	0.290353999989638	0.669474440065998
-1.05029010959207	0.665991788702535	1.90629142098503
-1.83269231277805	-0.64556668534372	1.82860129099129
-1.71314604468177	0.237747479260767	2.39456736145517
-1.77073540791702	-1.30657606053251	1.41915269211544
-1.54623048224739	0.365970279039081	1.70848816235063
-2.49345084545022	2.31854834721621	1.6252793921362
-0.36847453674026	2.01176033889707	2.23332783553366
-0.481631634653876	1.11360096856473	2.63105033271551
-0.847288506078344	1.0635034069442	1.58612676043982
-2.8131158175626	1.58831754735958	2.65606674523236
-0.921602899886629	1.19134263825063	1.55432324645337
-1.63443435558505	-0.277561766903664	1.665850237435
-0.21640003970713	0.369579374754435	1.37883951744959
0.448935315257735	0.684051169507738	2.85336802519028
-1.61188929063474	0.648293582053208	2.63950035597672
0.522293591609426	-0.0173914012724208	2.13343937863079
-1.34894059856813	0.27311516530721	1.72224184919982
-0.874868769385632	0.393412064031477	2.06105006725411
-0.217010296394799	0.424368333875454	1.07070110805721
-1.8136259488521	1.28888001395854	0.260010399060578
-0.266152600167109	0.232042398405656	2.05043295927905
-1.4024216352227	-0.480893367941884	1.90953378018722
-0.867256460306913	0.252210936071126	1.63158194117937
-2.25610252969089	0.0255921058348124	1.61720928708583
-1.07278889584567	0.67893696194929	1.16855862819817
-0.482760787914546	-0.120110484009522	2.88048140251823
0.226720546967008	0.0388424615541494	3.16731551377473
-0.49054181073009	1.72888226202855	2.70986873994485
-1.11572468311944	0.754382002115715	0.916877450554558
-2.49997794930819	-1.08277616114098	2.31515353078711
-1.66034273129762	0.130305385286949	2.81709591962046
-0.240992094214743	0.281142372531347	2.61078783708268
0.139183339156216	0.0520387846494836	3.49768621605489
-2.53633637861016	0.496715134787454	1.3611786694625
-1.54187217149981	-1.32371604882706	2.12674309047041
0.17204996822386	-1.59976819818413	1.83355969301844
0.0246075021668572	-2.90474653191427	1.98655164712863
-1.17441610591303	-1.88326390620206	1.01781141991429
0.933033855238738	-2.32544814829856	1.58756282624686
0.0996059318239866	0.852014672506192	1.93398319991641
-0.919086501192233	0.296408753574021	1.73669673284451
0.586863147991879	0.38621482062009	2.75814136539243
-0.902986039497633	1.13989050917934	3.45771027945306
1.2783980004274	0.247913558880675	3.31276690148046
-2.41098747503352	0.933564239050531	2.13006509914238
-0.42407319512477	1.39903793818676	3.36266184142545
-2.28864343057214	1.4745027894564	2.50455418099659
-1.45338879820723	2.01224673586181	2.8393896413088
-0.11118363063726	0.897180609890104	1.98023601847355
-1.16990909656143	0.364467360255851	2.41783944609713
-0.237999292354473	0.117215292155373	2.36699584408019
0.025121205232527	0.574107162760822	1.31035991603029
-0.642238918108167	1.16311471497604	1.1878477936491
-0.225693147048971	1.2227496215958	1.80733092965341
-1.16076233173425	0.393715437645081	0.159607165190104
-0.816886357433528	0.357172544141411	1.51795304784797
-0.697197879952669	1.41531807208005	1.80221975559378
-1.80766911454116	1.27177227970022	2.37760279530367
-3.33339118275217	-0.746286680619925	2.22731343984267
-1.70881938564726	-1.28140744491181	2.08161646084
-3.22715049380198	-1.11579971387772	1.88707807204455
-0.46956641852738	-0.925926254005553	1.52784786977793
-0.186853513843085	-0.462458955542503	2.05439244878477
-0.759173599870445	0.102327730950654	1.73727127923163
0.907259866832849	-0.775982308396414	3.84575791991307
-0.928261923785275	0.022347735042791	2.90275176049039
-0.467463665689612	-1.54258803006664	1.82554440819313
-1.18815616391767	0.106403482407633	3.11893859484835
-1.13239362794499	-2.1209894483957	1.79476353117873
0.849909435527017	0.747882085824682	1.87775909393444
-1.36098181017733	0.05655503667654	1.68853321976374
-0.54775462838594	0.859564981325236	2.39514495242047
-0.418309485107229	-0.413883195604077	2.73044268577077
-0.804477491891074	-1.69660846643771	0.0973286432868447
-3.4704258605285	-0.843608063950792	1.08114446363948
1.40123880691173	-1.79779097498836	2.70110122284108
0.684758415218822	-0.492561553871281	1.90286304419396
-0.155496734713144	-0.587626825657006	2.13705440453804
-0.597744248502314	-0.227263786974225	2.99700630472474
1.11765319535222	-0.801379802122396	2.80893748703033
0.118066703555385	-2.30489923860308	3.00731873927787
-1.63697003296767	-1.46373622407144	1.00641996194287
-0.414407541164839	-1.36072625553747	1.20792787158527
-1.10318809596953	-1.32620900678417	3.1636053396665
-0.278586713980747	-1.45469629676404	1.82578434135044
-2.18580391656991	-2.12559707282608	4.45955197825931
-1.24302560121105	0.813289156433807	3.7235338378282
-0.871921767107985	1.84520094806325	2.64363970953199
-0.565871392830441	-0.217942788296021	2.0371906190454
-1.48760329669376	-0.488169503880669	1.71605495869921
-1.63139236993144	-1.27449303179906	0.194538841357143
-1.53657376649622	-1.68153343357761	1.61429132014252
-1.92986568599046	-1.46176306500763	2.72520704837441
-0.650702203859196	0.427969639713053	1.45663054587021
-2.21439220733628	-0.27195766544366	0.974968320417565
-1.25668555709089	-1.78612097336672	1.94042140941295
-0.353667802245626	-2.20290331919224	2.05472490295495
-0.909456680421749	-1.90715240343087	2.67135333714377
-2.31893234395612	-3.2860716551373	0.979741029524188
-0.445526307930255	-2.8128686153736	3.40957127968729
0.586877713468338	-0.80335749315901	1.93564357765914
0.367342652164528	0.57125515077832	3.51119289534205
-0.73195904975652	0.428596686002529	1.19001450767322
-1.54946966762356	-0.0900539563311799	1.3937062134922
-1.02103803885185	-0.636334921644755	0.587488443157358
-1.88811332063905	-0.637799015544887	2.29467895631324
-1.06466077936578	-0.689163816665484	1.4159757543129
-0.994037845968295	-0.360591065396548	3.23956967622179
-0.972261311000822	0.161983918000148	2.26212460222171
0.0915041194368739	1.48967398014397	2.07120818240028
-3.6573159224001	2.36707347700234	1.76261207517945
-0.0207673232607104	0.478424799746012	1.9184369840621
-1.71901311676811	-0.602631558897737	-0.394606896911874
-2.41612822134343	-0.329391484984771	0.261820354276749
-2.41612822134343	-0.329391484984771	0.261820354276749
-0.93345094521596	-1.87255140323982	1.05753487594812
-0.923508104963129	-2.91390790503059	1.51281735614234
-1.9214187233745	-1.24622524257037	1.56732645511275
-1.26123990589055	-0.447619048185449	1.15942791677775
-1.75203978544725	-2.25257741598509	1.94306770742973
-2.95739488913488	-1.49380923170207	1.49007063864869
-2.7196243374134	0.0561120590549494	1.6144439128658
-2.13237073814358	-0.425294988459204	2.14231497280127
-0.00244001833255803	-1.30547181160246	2.53825729563307
-1.71622506329468	-0.46682514325142	1.66784950065271
-1.42687285188477	0.154917237689553	1.76749356300642
-1.45516754233855	0.732370759825781	2.16045931420722
-2.23329506580805	2.30585686430125	1.9220756516056
-1.70206378933649	1.09801359272102	2.04490259008186
-0.957676614587636	2.17973516896092	2.27738877333242
-1.54715838570316	0.862015540930537	1.13177474174558
-2.45172440612457	1.11918242196983	1.12455285456144
-1.33535225495654	0.784421630575737	0.714474062756274
-0.704473538369419	0.400572165988415	1.3024541487403
-0.625878767326777	0.936043590329437	1.88315636398076
-1.57185651407688	-0.382402637821021	0.722696552985039
-1.90519500004023	-0.231313871337266	0.660699922550759
-1.66127578010777	-0.106228698324722	2.03185859761562
-1.74094810276289	-0.124081268907852	1.68768018900568
-1.80108726256549	0.356346746766692	1.07155685172379
-2.04548763293575	1.12044646880987	1.14475827549356
-2.04548763293575	1.12044646880987	1.14475827549356
-1.4330258503999	1.20719862490176	0.769178728311677
-0.47411653363396	0.235356205488322	1.63171172233495
-1.27538951516343	-1.04946968862294	0.69379513378637
-1.8239683379477	-1.55129705056554	0.796847710197584
-1.14633567864996	-1.07967193759561	1.10908780996858
-2.18879046891092	-0.184675998744546	-0.374763278141117
-0.564435255659342	-0.593902757971517	0.741050671095593
-1.38237352930776	-0.782283993870687	0.19280982585497
-1.75772354645587	-0.778505827379972	0.765294379542685
-1.88513604451529	-1.05543764047549	0.657567348746337
-1.47542167389574	0.33177699393933	1.84640855920454
-2.19620450102162	0.568035120342853	1.94094244044112
-2.68905283308589	0.477380895467107	1.84096079527893
-0.907379999710349	-0.106968290101003	1.23079878991852
-0.907379999710349	-0.106968290101003	1.23079878991852
-1.10863079250724	0.065808943944202	1.6895765372499
-1.52228630649437	-0.477982995064232	1.56521171890531
-2.09798795580701	-0.535991135586939	1.0197061994543
-1.57140479687591	-1.29436986212839	1.03246686105944
-0.932584344136073	-0.762199465242381	1.77242509257032
-1.17892838524652	-1.02956945377706	2.08109779832744
-1.62707377350552	0.0146588610505303	2.10716071163901
-0.860318676866066	0.0832943934891572	0.512291606881884
-1.61065621352558	-0.894864463362032	0.876037436493115
-1.50648791358766	-1.13623528499794	1.36155101059504
-1.36516360927983	-0.118644581852886	1.87985562498803
-1.32458575961021	0.765078080677624	0.778526852867842
-0.121485054698114	0.346215810253561	0.741244295918626
-1.11167154706254	-1.31502043671912	1.42377631525229
-1.50844596220142	-2.29817916643274	1.11425026368918
-0.562531560183717	-1.93826703706157	0.491276256077852
-1.00638012682033	-1.1770895735999	0.803031778710762
-0.507353945734808	-1.41276822821474	0.861936340957139
-1.78327960989978	-3.10054150792022	1.21996729084929
-2.59854186770056	-4.07093574365261	0.547122713116633
-1.77571511069095	-1.7355421347932	0.338125733456187
-3.22292464036442	-0.540812332115779	1.92473276099592
-1.10309581596367	-1.72597777624721	0.883086553886114
-1.24931907375903	-1.70225062724494	2.62509119891696
-1.59602196820345	-2.95258294556884	2.07199464080688
-2.80721950515748	-1.69887924565896	1.38428845656266
-0.904936114034337	-1.0229253245564	1.31855209165049
-2.74022879894441	0.269006227739772	1.07596468897445
-2.16006255074817	0.101357483227345	1.51140247677486
-2.40596054138783	-1.18715981290209	2.54483852644855
-2.30845279777194	-1.09141500366594	0.368574954601855
-0.826791877535692	-1.05523987530551	2.84354165142347
-0.892847628694268	-0.108449535865051	1.81361369261733
-2.14871836198018	-0.153630049128152	0.467250697319125
-0.861941954835508	-0.888092426779766	1.01579366158242
-2.0025618326706	-0.23784837046868	1.4452026188193
-0.796577063657604	-0.442441653473434	1.72196152411022
-0.910737080693282	-2.41563584046089	0.585994137090333
-0.57568831629522	-2.56170122269295	0.328650325455046
-1.81837015763105	-2.06528453422611	0.127780887181299
-1.12534215822538	-2.13093789620332	0.497306447460197
-1.37920246046469	-0.927557635970323	0.00501870514787006
-1.1487021882997	-0.517000200569041	-0.681968334897726
-1.63901909672508	-3.02931107654687	0.385432255600473
-2.15827734837245	-2.07440615119789	0.556839134592267
-4.09888232122951	-0.762081208101591	0.33122825526704
-2.03868014650484	-0.924327540563681	-0.823750991899986
-1.347160083017	-1.29098475669788	-0.124839618235962
-0.37677821384847	-1.41960186787164	1.69171168190797
-2.03116476502445	-0.375536612947224	-0.362455838363553
-2.08049341053132	0.555609017906206	1.00689624485535
-0.788663872330461	0.0362347805619941	0.608761497144419
-1.46182629126412	-0.0923564146316493	0.928143006936883
-0.834315852379084	-0.343413282474987	1.05210166762728
-3.11294175585269	-0.392274614279269	0.899941474927946
-3.1910128304652	0.203956779982317	1.65320101358182
-1.14202047719843	-0.116726101366392	1.35194777900925
-2.38825881709721	-0.0107759226926906	1.88355181073175
-2.74507967711658	-0.193426931885858	2.20592842972592
-1.24186323048118	-1.90951444379232	2.20819190683246
-2.02269445425347	-2.51343697656994	1.07091606168936
-0.0194851929786094	-2.01513990001443	0.872984969621277
-0.454091165479891	-3.18088189037529	1.47430208210327
-2.18346273580965	-3.6326643198007	1.89313174699133
-2.13941082229258	-2.7018453170609	0.790872831028311
-3.71132366775449	-2.03856418746259	0.94428385724326
-3.34797415474607	-2.732650250036	0.70012568512635
-3.1897759870707	-1.68895107809368	0.174204843463448
-2.82891875409731	-0.370073943888465	-0.310331703421975
-1.6195123016329	-1.28064465614946	-0.0760657450972358
-4.62257069282589	-0.0431522590609732	1.58348406703167
-2.79683831369854	-1.02984506524938	0.581144185452844
-2.1999279519512	-0.364995597699129	0.0248431095851787
-2.85533822845425	-0.178881203861231	0.306853699211417
-1.96251141659295	-0.241171789164342	1.41752956546703
-2.48899220038148	0.498816169611834	-0.0217134033002113
-2.44101760154978	0.27546029970606	0.201178395181967
-2.09992683333369	-0.277795778954091	1.16372052675253
-1.72695941737315	-0.29285529288798	1.68588099353911
-1.9046213255501	0.53759110566376	0.839675841596583
-4.15051290437867	0.56628831772042	2.70565596682289
-4.81008598630684	0.671633180156081	0.126209055357519
-2.61835000992362	-0.243106181968259	0.0112578542242802
-1.61244852274478	-0.513733852038117	1.22068369589513
-1.32593860657351	-1.0524755394242	2.20547565856679
-3.27824684794749	-1.52833727353976	3.15767129712089
-2.32139756881329	-0.0537575949765277	0.412154110648891
-3.38773578830333	-0.765318206286603	0.89503722799254
-1.28414704213377	0.217744243522536	0.467312514469308
-3.00101586049477	-0.883125692338996	0.743988372183088
-3.65574852103689	-0.567640594937465	0.159314332577249
-2.55426777801791	-0.834170357273498	-0.100453189283656
-2.90402087071916	-1.60705609791725	0.736228778123288
-3.33073889728631	-1.21318360171694	0.719989948118958
-3.41815833256478	-0.550292793614187	0.948200221740444
-4.05262208446402	-0.150605015461067	0.649771503894953
-2.66241933567351	-1.55435964487289	2.49390931248637
-2.31649596491254	-1.49059793765764	1.33801383140064
-2.64276540411925	-0.976894611630688	2.75006238048896
-2.13570388758742	-1.01824956978084	1.49172775503736
-1.77605009274304	-1.8593388619207	1.94822523149217
-1.37522315372888	-1.64417852976509	1.30090751872423
-0.955280993134225	-2.12745836707582	2.88001483882819
-1.98301283162712	-1.80467127490915	2.05186856035799
-2.03824573606687	-0.664311948005209	0.293751823376126
-2.03064187747637	-1.02800242423659	1.18893676144934
-2.34408173712557	-0.268091927128225	0.331523171032094
-2.6712372026332	-0.170298871413919	0.610494165808609
-2.6712372026332	-0.170298871413919	0.610494165808609
-2.63357672655961	-0.279735480520608	-0.523995428735839
-2.51791254555438	-1.04886157204452	1.38444469257822
-2.39280928413271	-0.194572743802329	2.20967120278407
-3.01688016649333	0.640587617986491	0.140437774594764
-2.8304922884384	-0.250971978584224	-0.538730427627038
-1.21361690485175	-0.597111307767744	0.383584047361593
-2.20544295508535	-0.907796000270494	2.18863436441813
-1.79171742019996	-1.31494371115777	2.38980052509164
-2.4312721946367	-0.577042610745194	0.23650471257669
-2.8753867432886	-1.30932810388599	2.28468614159881
-2.47374479869299	-0.372272439469187	2.74752919643887
-2.3165733147813	-0.24962842000749	2.51791487296286
-1.89514064360807	-0.00863558509091217	1.06159440184771
-1.89514064360807	-0.00863558509091217	1.06159440184771
-1.85728584413513	0.509290114916435	-0.0837722224617885
-1.68099024998612	0.128869448965185	1.02348542917507
-1.94625605929729	0.516503168201236	1.69795633135572
-2.37917247211439	-1.24897928774243	-1.09311466865486
-3.22027221952946	-1.70093126480597	-0.428706972599616
-3.8873610576238	-0.78246471955643	-0.170350564134182
-1.81604335987401	-1.05846551094561	0.764060977700463
-1.4164863893766	-1.39028772154678	1.35091318027191
-2.26287713721595	-1.53297536766231	1.56415587498152
-1.72645709113511	-1.39872983991727	1.53115032336378
-1.45955376633914	0.542888679675118	1.41725003999909
-1.61033829505387	-0.168505846447519	1.33312747672231
-1.6911469903611	0.170439848852208	0.419260405232804
-2.59190711263243	0.665151751206994	0.849067146105773
-2.0206238997895	0.220212253490384	0.99200420505974
-1.52537855444287	0.440647504496638	1.72179132399064
-2.66568508416215	0.198908412630876	-0.378463451784375
-2.53411386890893	-0.695189987425507	1.14801597052386
-1.33005579767643	-0.254942566916138	1.119033317505
-1.74666689982107	-0.026117757630127	1.46121699658622
-2.06855496450205	-0.038816516297064	2.47521987796959
-1.80625212027302	-0.419649484450054	1.78339406897254
-1.73395324002612	-0.42145368733213	0.824931498415074
-1.60006544163263	-0.144564458251811	2.31020087054202
-1.68077562057209	-0.486509631977445	1.96637567774675
-1.04268483658376	-0.971134029550352	1.45841458659602
-2.06832005941047	-0.939908217553065	0.986502925451271
-2.07284647403264	-0.664873015925695	2.23091599850748
-2.07662630323488	-0.257059012174253	1.90615498806881
-1.59687506843129	-0.737541561521723	1.26803781686121
-0.982334227287362	-0.869263448905108	0.826514374316874
-2.16182604610687	-0.307456889494826	1.18156524833545
-0.300333156592853	0.036199262004986	2.21950837196831
-2.75943161631532	-0.52198558148336	0.0472308988929744
-2.57172247354584	-0.718822663875027	0.267907594992176
-2.46371833548566	-0.620739885513443	1.54962175911873
-1.49913566586611	0.196086197531277	1.58090339575697
-2.25859803800678	-0.0351274616099303	0.944490909073361
-1.36496949698488	-1.3383569978189	0.945114125476774
-2.08964828934474	-0.135147016830492	2.08701704175211
-2.32389550131141	0.0458811059949293	1.67220801385079
-1.94577236985696	-0.68939916595016	1.39727767694387
-3.8482353552754	-0.870389997551954	-0.694369512919564
-2.76250465546233	-1.20867386386706	1.39811095913313
-2.51682891815227	-0.474138782001522	0.284444097644131
-1.1458949641454	-0.160367673209658	0.684353181575837
-1.37291647562994	-1.20925463534664	1.17898673577026
-1.54251026578992	0.0295162566243419	1.28108010483753
-3.52139823291884	-0.00699465035571287	1.59975554003137
-1.54457711385172	0.30188418273674	0.774301691432782
-2.35769730764009	-0.517534711104389	1.39972521661385
-2.8252973176371	-0.607277203625212	1.18771449504059
-3.19818047374486	-1.54114619121903	0.577437225181058
-2.87839234498125	-1.21849082768588	1.01947130308416
-1.5244689160293	-0.610959025867673	0.184116984805896
-2.26331078435171	0.103836947501403	0.187518153882947
-0.786625705361212	0.213534631954816	1.08799076547529
-2.6642839527157	0.0873293950527774	0.809710527524589
-3.37146596355171	0.203784407725653	0.241143720583916
-2.46018343049987	0.832304084691179	1.41382225847242
-2.24700615167249	-0.683497079508338	0.213398157691706
-1.00874673700327	-1.14878760782978	0.728726327318686
-1.16486607912166	-0.234617617565631	1.09716884852541
-2.99587481412739	-0.0660405911032351	0.826565617413929
-1.92261775809713	-0.95971899568299	1.00709695246356
-1.99694009626633	-1.30973495863388	0.0641482248742153
-1.95839540905587	-1.82105984052737	1.2295458014255
-1.87025340850348	-2.02828951252634	0.643575485635026
-2.57336199450129	-2.70525915516504	0.432418918957171
-3.38984906322368	-2.55850244707311	0.294016707162184
-2.55442545311572	-2.06736415353474	0.38651425155362
-1.40783275082147	-2.34633923414229	1.04416917887819
-1.98757507285859	-0.703118445321491	-0.784288551040403
-3.97747418387559	-1.01481513349635	0.5217275376895
-1.76467013762376	-1.14918014627366	1.26563787342887
-2.78982828650662	-0.365184281408092	0.507929051496362
-2.48601788890267	-1.04608895344592	-0.352126501033991
-2.32237191127166	-0.82136062333781	-0.212440868078939
-1.18724605237998	-1.05257187801341	3.02190783009456
-1.69242359011851	-2.52055345163328	1.97437800257945
-1.50186330374103	-3.78348464565695	0.142049673895873
-0.396198325800948	-0.912863698686763	1.98925728326536
-1.16876721463027	-0.56640252224848	1.04234078881245
-3.14524500703723	-0.547963956911025	1.08797911475746
-0.742540473239238	0.946463469709302	0.916210206898782
-2.13347389095802	-1.00470566105596	0.300197454293816
-1.95935841308991	-0.767648702736299	0.674176167233983
-1.26600598109506	-0.628561567692033	1.24855394074045
-4.29831479668183	-0.973366540934524	-0.640390726696811
-2.19207741598596	-1.80813669051436	1.27154244771315
-3.28499505123102	-0.989496932718529	0.737561306618871
-2.71677392952555	0.677626755810285	0.78248378391844
-0.793837907862099	0.225138366325604	0.843867019561318
-2.20558833102434	0.213214597547527	1.6536456346328
-0.571170769141777	-0.577549242994794	0.117076124740379
-2.69608146093377	-0.857554182855952	1.00852247570507
-2.34369778185575	-0.812165069409715	0.139683527242823
-2.27041670143978	-0.144638136538125	0.214759741299047
-1.59358576755821	-0.730726719963161	1.42920925593742
-1.75729296747394	-1.35485564794535	0.118197267739395
-1.69352647033072	-1.27904434629478	-0.293987029024498
-2.4079633879919	-1.10079831196188	1.10914457306928
-2.51211800010366	-0.392106021692006	0.512292858864347
-0.332585775872849	-0.19513971831423	1.41701173595347
-1.93797367330431	-0.579187087549446	1.30203820030621
-1.98729211325112	-0.00597797110296111	1.33590882693927
-1.51242363352434	0.0673390249455088	1.54595722360436
-1.27806631283477	-0.585852594236995	0.565332805749945
-2.13699727130201	-0.716942265887498	-0.87486861404453
-1.45953604236587	-1.34304439319941	0.388767771767445
-2.63500510701828	-0.437394099132906	-0.254873094500346
-2.72377381005041	0.0766193169711913	-0.495465975264932
-0.783396862814203	0.842493890625853	0.799637149831745
-1.43391460345858	0.798934811155915	1.64914102023703
-1.9497020536439	0.179726016530809	1.68298344477734
-2.31647584918322	-0.0730133495969176	1.28468168135901
-1.83646918634745	-0.647615919043286	1.57280590712144
-1.13295265350127	0.0899471744605771	1.07745131909959
-2.15868068329367	-0.00618198697809708	1.98816535136971
-0.697936461794419	1.64658191156424	2.18055057809189
-2.78399967358246	0.0236176281447744	-0.20782690685295
-1.70157950531586	-0.444867676819108	0.723757246265508
-1.25707330903439	-0.530010232973082	2.04607463539772
-1.54973146498498	-1.58010972590014	1.99534602097327
-3.00987860012098	-0.712631028356658	-0.151088618150755
-2.31673240355083	-1.33068437926167	0.444184836695351
-1.09530376359476	-0.935139396333823	1.32368493403797
-1.50804237472524	-1.2387568556578	1.55795272801367
-1.82767534220221	-0.794874368111274	-0.428050785876494
-0.970644239024412	-0.232070872418154	0.489224230610124
-0.775758007803256	-0.308640418021455	0.119681350416503
-0.838506289586181	-0.412684802291462	1.95922743336733
-0.942270554840647	-0.380509977311662	2.59059138796151
-2.1691670401475	-1.62551443271681	1.50867914582964
-2.25339093680519	-0.498215536863074	2.49919374299498
-1.88173049620073	-1.28242729782715	0.871883304603103
-2.80529117148698	-0.554951922911906	2.3086485158759
-0.113216717880543	-0.135480198408773	0.633697384289802
-0.874865961406028	-0.615426348985103	0.860903226905632
-3.00811358694475	-0.745139187644361	2.42239013536337
-1.76935556614791	-0.295804048718577	2.34999110469455
-2.61203318201605	0.922477269661842	1.56040521133112
-1.96397153397961	0.409970011444459	3.28022954689405
-0.592432175148634	-1.85796641472383	2.39329723566829
-1.31559420796596	-0.0749485209648821	2.06917298855315
-2.0753211832336	0.78832707250414	1.37554536686402
-1.21610786616854	-0.383066340464444	0.677149353650571
-2.75268691647835	0.376209371808328	-0.134923417361439
-1.43372254368587	-0.167802336658065	0.211747841416591
-2.06991868886523	0.517063747757525	1.12308422074275
-1.55645176039708	-0.924871361658582	2.27992371463948
-3.02474628348327	-1.33110047289858	4.00333821135946
-2.82261071793529	0.520752107945465	2.27610972865706
-2.4103349247254	-0.265939965456541	1.58133591650963
-1.87147151085939	-0.675555673953363	0.940786596081003
-2.27167458491646	-0.360209222777844	0.505322458297246
-2.07454712198631	-0.346352352570075	0.791748494035708
-1.74820546997805	-0.540836480594011	0.314536793917112
-0.769696098134924	-1.40915387088464	1.83014114915311
-1.49110722121313	-0.734464810627656	0.338167478485576
0.133042393256464	-0.18505181197556	1.45125830085476
-1.35793056327228	1.02478152930595	0.699260193616849
-1.4014409340119	0.12746945018745	1.31827304878314
-1.10825473636253	0.158084261307817	1.01800511279885
-1.3298138265803	0.199400964632542	1.49368490514585
-1.04331228168435	-0.871861389933607	1.36794926487606
-1.27060803791123	-0.655710219417374	0.737971293103503
-1.1832692029047	-0.997014465761361	1.32315825491575
-1.61715198403475	-1.76609242204611	-0.0811318885465462
-2.50596283647384	-0.690382082872038	1.41580577607164
-1.00681483458616	-0.851864519805327	1.27752455262072
-3.14269607221297	0.144197761715228	2.03479099586359
-2.56487930920274	-0.768873059562907	2.09193585359075
-2.09376983995975	-2.4873064493185	0.875752628181577
-1.23876397499301	-2.98252412875267	1.64620343709586
-1.13446491891877	-1.26786715432633	1.11635102207059
-1.31682508246019	-1.38597730084982	1.76836028736837
-1.35856476174173	-1.58663482389546	2.18912880301041
-1.10472303376892	-0.956951100732705	1.81572871945807
-1.34022510527061	-0.635935130033557	0.910743849510522
-1.42685861840842	-0.288632590683738	1.22535629508929
-1.91483907224992	-0.588992262621909	1.30713637690411
-3.0544198355808	-0.613841983048358	1.43210030056921
-0.92082420855612	-1.20927783423427	1.63269804463503
-1.91472458329961	-0.25456238886072	1.29304431736266
-2.09066503354976	0.338236797341876	1.41032705531915
-0.726535634965232	-0.17654339940288	1.02243275123836
-1.98802236548349	0.585520840129968	3.39653304158636
-1.55540858885441	-0.271263988469786	2.83181791621259
-1.88708601795429	-0.602565473514447	3.62904676972594
-0.313789984743519	-0.644112036496699	2.1922018701372
-0.798881293005806	-0.855811796266999	2.73889101819579
-0.823505432577039	-0.296321326061805	1.05117407087834
-0.72714275083151	0.208949869474197	1.51093105381385
-2.02426529632986	1.44923827768045	1.31899129450267
-1.32940571211625	1.30104622272285	1.41234666152331
-1.22024368737738	0.352332000762074	1.79453881787991
-2.78598814414923	0.908854635141491	0.7739268530231
-1.38388725088924	0.238032408023497	2.52448556304755
-2.18693141266049	-0.744025397586415	2.63597604988185
-1.3879491814763	0.263407563284394	3.30438496851482
-1.39316670860985	-0.310050546957752	1.68545388879153
-0.562458703084165	0.267896569680475	1.09146123979729
-0.557923452173638	-0.446414588401199	1.57580386088858
-1.34238836812197	0.172983848947483	1.27553400405887
-1.34004548687067	0.459964235203683	0.6623685858085
-1.36069219452876	0.878801588736016	0.989938291791542
-1.21483745308488	0.786369771444793	0.364163060503125
-1.21483745308488	0.786369771444793	0.364163060503125
-1.30319701988854	0.0803357223650941	0.590253486086293
-1.12353357624375	0.565151623851231	0.751585265474456
-1.55544234142616	0.284106536840761	1.38135683578542
-1.32243855741297	-0.227762162677124	1.50155871109678
-1.35342215344874	-0.304844166514647	1.534150877389
-1.89878473288625	-0.870583095093544	1.85718670294739
-1.15526560256737	0.27452367982369	2.39928534986583
-0.533676825021828	-0.976043879160911	2.52517398567248
-1.58119141858651	-1.71746768351839	1.29427851838009
-1.85690013908556	-0.592140539271116	1.91741750249974
-1.40606231009756	-0.728800959302733	0.739463101698092
0.236939140464376	-0.373981786156073	1.57195217485435
-0.885340017964498	0.203642128619806	1.42318841961996
-1.61258216239555	-0.474598430446749	0.658321894191923
-1.9439045600541	-0.661201344243342	2.38448786666439
-1.69986402755264	-0.665368315517053	1.83857708449223
-2.87917350103386	0.160091709742556	2.99531697356241
-2.9873414433003	0.584310902892693	2.4158116146512
-2.22100044610634	0.144898853288779	0.835398983598044
-2.16913464441138	0.428597165660468	1.21464411019727
-1.93252310900526	-2.59440835577616	3.86985027992503
-1.86253653711081	-1.21841652378696	2.01087526589342
-0.644448625001423	0.110998240171838	1.89964730216209
-1.49811840095799	0.362792564373302	2.53284443768416
-0.630443340693383	-0.75151379563069	1.88015398282644
-2.50120839654728	0.668504305958096	0.484433220205284
-1.55948307275815	0.0493734867578679	1.23357913653655
-1.35245915029078	-0.705710018101832	2.62988235273092
-1.64139133737354	-0.458105286116053	2.76979771971358
-1.13410468808952	-1.3654041340695	2.86997164251462
-2.41112291659991	-2.26496688790367	1.39155051975266
-1.37371196105678	-1.37760628014804	1.53068532547226
-1.72164482343677	-1.42984878184468	1.09083430099332
-1.43477705675408	-1.78599855563863	1.82504282592413
-2.16489346147281	-0.683785131673712	0.762270714675117
-0.38945365230354	-0.102609833497208	1.79685383753148
-2.55592972437563	-0.163701225628689	0.87280835868563
-0.656802965340767	-0.425890041126121	0.666155360886754
-1.37659496917257	0.199276504392894	2.33994031514362
-2.32795414586588	-0.664099864283255	0.152146272717594
-1.67175872559089	-0.48971964035896	3.47338509987015
-0.98448177576023	-0.0794095839732812	0.570720690989358
-1.64476643178246	0.449710544747921	1.54083383942799
-0.270244809477999	0.938836252667237	1.03997808023551
-1.53179243324533	1.57750747012902	0.997491845500116
-0.224863603300268	1.60007229927344	2.58925466237954
1.33983013981958	1.186864459455	2.62214969423667
-1.73061344503062	1.21724225387439	1.8975388723316
-1.29805249804343	0.852579422912395	1.80168943691526
-0.976672772102295	0.0226732047558902	1.19183406659913
-0.0489624466275604	-0.58402733536508	3.00615938111004
-0.769073705800277	0.902585527666526	1.93222810832111
-0.655764774533193	0.0793354530005852	2.47464919172133
-0.911128059960583	0.0993766690467225	2.22838066423894
-1.25718853607945	0.766282796781234	0.699302648452947
-0.580907042775226	0.0371118206691313	1.38610572873309
-1.01991669370729	0.257743343118705	1.75918870465857
-1.30023888173434	1.05415427010489	1.15591325425474
-1.91177407774724	0.370766314711748	1.2430159705621
-0.945419887114379	1.49672562004162	1.74435469599512
-0.518545259996095	1.02771470975368	2.98733309685098
0.0473039199442222	2.63828319607762	2.36753877064027
0.0335759785228871	2.88839543319947	3.69535236819754
-0.629063883347454	1.95567489736536	3.2477318427028
-0.149682108223234	2.52226465365755	2.66983325756383
-0.589322326963302	2.7356276757793	2.82712702355734
-0.337782417232063	3.26279048928094	3.08779805435725
0.183696275074648	1.75290402981029	3.03934196438921
0.0485262765219963	1.51607379274961	4.09532276752661
-1.17896030026037	0.83994243495031	2.35959338932727
-1.70296269896106	1.78099426000299	1.7770529572187
-2.30791618422293	0.387500252375222	1.2068341615937
-0.510334815878551	-0.0232745627287552	1.23414625109708
-1.09375928070294	-0.00777170093072888	0.543840744748956
-1.30336373545374	0.371362332550553	3.10835870035969
-1.8493495158009	1.53993996246598	1.97853776915546
-0.938191973616624	0.980369287153067	2.40352900355286
-1.19741188383106	1.10714078081038	1.66546441029614
-1.17748573278852	0.656435959307786	0.343518877146019
-0.736992650942793	-0.0679524379227169	1.0318309247442
0.781489013013684	-0.274364271712311	2.2677678986458
-0.248795953686473	1.0684686317714	2.4591156293529
-1.06504718324047	0.706890413438345	2.44319999207639
0.0684366135379853	0.704365203694113	1.90508961609963
-0.785321224351034	0.986754488748262	2.81196260304534
0.469567372066308	1.14958132810181	1.24267407061419
-1.11894825084041	1.10406639764872	1.45680824605221
-1.7520249554108	0.706672533714565	3.75793056401162
-0.927012196690047	0.737176465260341	2.35382478489863
-0.733578238872246	1.08371531803103	2.45803715882729
0.014101160395509	1.97688455421425	4.80003918381208
0.884251254547009	1.4375057998987	4.37703584524464
0.150009353930702	1.5044056183045	1.40324644682763
-0.293006242394009	1.4058941386628	3.50841590911986
-1.62180478757736	1.84580838635644	2.46679097143927
-1.25939594163239	1.75907379740973	2.15930461779063
-1.42259868942311	1.34518717319206	5.2986125532807
-2.06070433829553	0.758182818803425	2.56669328978478
-1.08744088539196	1.17984243635175	1.55989243649632
-0.464174812628951	0.848325300751223	2.98289449138371
-0.464174812628951	0.848325300751223	2.98289449138371
-1.18348041719034	0.537565288897951	3.16770712229319
-0.881885535624429	0.548059848402223	3.22227911223812
-0.6934190550503	1.07602662584174	1.77508419068806
-0.305796287030645	0.559738300277929	3.30662780907979
-0.770095592931241	1.04990671535077	2.84279955991418
-0.671160794415145	1.32338300389582	2.56353315513821
-0.938601394333271	1.18309392563726	1.71697208774372
-0.404117338774257	2.00577872557972	2.18771610676844
0.222723856072938	0.228435225618293	3.22293314265303
-1.3775083207348	0.502006711403689	2.16004610908669
-0.51308602166545	1.30664771514661	2.56422785385626
-0.758285758662831	-0.399340291455016	1.87240056390953
-0.167238781941623	-0.21325099839442	2.9446874051179
-0.492623089494028	1.60696641392899	4.39469745250314
-0.23940908039066	1.65731899080747	2.76684742575986
-1.1494525328214	1.88378400924893	4.74933992143359
-0.354281979795914	1.499506602145	4.89165299810465
-0.0980670994625829	0.688610541116319	3.08726915471309
-1.20846960920291	1.01650623427822	3.68953524346178
-0.677335625757598	0.0737801051885131	2.98450934682245
-1.48534386344847	0.0458939833840413	2.08304648362885
-0.905300768567946	0.593207610408999	1.48750595345622
-0.0784446518290735	1.05959801984939	2.80726623150336
0.252551625633691	0.925001937121205	0.540584027047085
-1.94971394619702	1.29000926471331	0.878675909310496
-1.40019023284461	0.321606684441414	1.60077592159983
-0.528628152282183	-0.177449544038246	2.24270808742793
-0.0665616306790164	0.471911474408853	0.974829282142736
-2.74594188257636	2.19659815774564	2.49070934548367
-2.5209951351609	2.68236210656423	3.12115603298371
-0.427022240139633	1.45043598169724	3.856186487227
-0.207742822318575	1.1041561134131	3.31605299754431
-1.00917779114954	0.862644097319698	1.96002028321841
-2.40775878348173	0.848618520175111	2.76051251255613
0.0767927385577121	0.969773570941777	1.92084434250998
-1.53259762698739	2.20012298702807	2.89638180480951
-1.66449508145007	1.81268354889105	2.37634172117297
-0.763916533741947	1.12513669503455	2.48743093907782
-0.807371953052338	1.22049963321525	2.67450622194881
-0.277318325357527	0.457398567063504	3.20165946426389
-0.49913910242281	0.835188300341732	1.73469964165467
-1.14994988955759	1.7439423154344	2.45920851494307
-1.72313683130999	1.83173319001832	2.88718247452061
-0.0716141785617855	1.77274856959078	2.41093563775363
0.806215103279244	2.51819237824889	2.41774997271684
-1.13486178169847	1.83088664063099	2.70988085527642
0.0299918348314556	0.982968126704692	2.59710408518496
1.17647676593742	1.21432259312966	3.70089904121706
0.0313449674338229	0.829747162137626	0.936638881675778
0.631291367408167	0.758231383169611	1.76530527479433
-1.06031586926782	2.64632401351588	1.70511038236543
-0.45977871320563	1.04588473837879	2.0491246879538
-0.935369776200519	0.198592603029011	1.05732308108745
-0.181818649086466	0.691641954144142	1.81464966234406
-0.191572576729548	0.189949637288598	0.189739308881234
1.1870203825216	1.56579750912611	3.35562865189082
-1.04225901299012	1.0184234581475	3.60746649808453
-0.212960796773779	1.04943081187433	4.27696333180567
-0.458035239049495	0.150803909036923	2.79014320314612
0.0599672145027992	-0.0879494765386654	2.99704853949188
-0.817766907632739	0.69236866580969	3.28567645771978
-0.0190781566435674	1.3090882549606	2.99196796461838
-0.109527405387853	0.787939346800836	2.0053133656177
-0.461124707046704	0.956547302414453	0.59525524618241
0.027475556288414	0.588057015184933	3.1604588732745
-0.634694266014275	0.270216364548543	2.26095675214578
-1.51959822026613	0.817399807214647	1.55218861090742
-0.847080588880634	0.507111755192692	1.08725144371091
-0.248465475465156	1.35719929022383	3.06905410344774
-0.777766108690856	0.634739606598356	2.79129819070795
1.4941852482644	1.71780940307076	2.89520927956731
0.899599143486301	1.78370369225077	3.4347853580093
0.653424631299185	1.08722484261184	3.12653867823049
0.324774650944407	0.780605446944937	1.18908374468411
-1.4069442098913	1.92958946006795	2.33526641282527
-1.25614136286107	0.583339795407998	1.92757980426667
-1.39937623163735	0.773886120357805	1.87982462793248
-0.92261811773413	1.23156843065978	1.62162337844398
0.277550263671701	0.369628617957896	2.47242169704576
-1.24004666898613	0.442852868411372	2.01955432133884
0.25822460348151	-0.711870747661752	2.45802001757084
-0.181400827698944	-0.337526279052426	2.03778520009424
-0.948964390028218	1.2603801943911	1.49921521754223
1.23341353684685	2.47090866534762	2.70948982405648
-1.36030225302613	1.3399906609841	1.83580772945296
-0.989054976439376	1.42978762232289	1.83474393469491
0.080023304142241	0.746793281079771	1.58682987544561
0.218533131267546	0.483563717106329	2.09362216104641
-1.07304849937824	1.39487936566484	2.17049351421951
-1.49765585945863	1.90973396321946	2.45224444964382
-1.96738746420544	1.33361971433941	1.60674119857283
0.556423329496605	0.517414696530518	1.33888254495283
-0.884693344038965	0.773475944764497	2.59000291822961
-1.08670575227905	1.52700002564635	1.87940368964829
-0.549265670479508	1.24848489272033	2.3365256552443
0.47660529198334	1.34603108849416	3.52329499100723
0.0679296633615975	2.11907569004049	4.03108184676814
0.509854956908342	2.36361592838986	2.70143762907162
0.498295011944781	1.52896443213991	2.01055855940951
-0.257318357108341	0.57432266049521	2.86914302586672
1.58917319484776	0.0307305877827087	3.09481729049439
-0.322257845298052	0.768061994796716	2.76807652264407
-3.381668168442	1.23512376923561	1.63444422945992
-0.0212388566477171	0.839841135669111	2.77833619077555
0.37395874848163	1.50771545750544	2.80895111928072
-1.54630295304901	0.877062845874714	2.47941225090228
-0.0350551796623211	1.65546905138614	4.12053460247462
0.213681679802505	1.09814909431412	2.89985286937923
-1.0002865795032	0.654014381108382	2.05295738297921
-1.43727199440289	-0.12537172621099	1.0842513923464
0.592942898676494	0.245239510693611	1.35939586256874
-1.25442734957537	0.390793832063683	2.16614299830601
-1.05566456102591	1.52794125807935	3.7383621588894
0.20099943113441	0.332084257290268	3.28136299432391
-0.748621420797244	0.605019914848684	1.55811086823646
-0.297563344728879	0.555565590486504	2.10104943163513
-0.612596635872054	0.501900583104394	1.63903010992996
-0.46536812389693	-0.0276446842327701	1.41764255459008
-0.513957079786323	-0.558454903406396	1.08551221519697
-1.82457861647322	0.677043225453366	2.96510555140131
-0.0184603544583377	1.80780744174411	3.82796555027382
0.631828047540034	0.309295880048111	2.10353399279642
-0.626928291048137	1.76061710130222	1.87991673628076
0.0377601551608109	1.37515137406574	2.82961164130188
-0.631058608114064	1.08345053616601	2.76851185129844
-0.0553525617678792	0.322671602204626	3.81856893467935
-1.55901805988369	1.15748160265477	1.69130429918803
0.0376663532286699	1.00574390994702	1.39980862560356
-0.903882802866925	1.04158562030558	2.356109203796
-1.68820701995715	0.754618526000696	1.89916497404254
-1.28847903780287	0.0117637098740268	2.35901466525105
-1.18516498183475	-0.0115399002015837	1.13863318947957
-1.47064019982296	0.347867122176237	0.348776894514569
-1.62656830119313	0.605107284428228	2.13682981124145
-1.07972364833565	0.503473947453514	2.50656653627166
-1.21228692676021	1.01093284513094	2.56190518963088
0.0232143137147275	1.728737097165	1.78076228919455
-1.25925354384472	0.258169554309984	2.57756646738245
-1.05444716437336	0.400221741115281	2.461753486171
-0.258847382641775	0.365479333211521	2.49871251637178
-0.370877303357047	0.494032428591607	2.57165299235191
0.0354803792808589	1.34439510859508	2.18524370139659
-1.9146814884815	1.99978586787888	1.75974100854323
-1.38492723302539	1.12099210157842	3.51562749581171
-0.252544021676943	1.10096291322638	3.41522198022017
-0.269173404497843	1.9229805629064	2.54744418960225
-0.583772846182673	0.838941532857809	1.50350325649002
-0.342440332928583	0.748440696039086	2.17575200223568
-0.416703279930565	1.01541889693266	0.946378027236575
-2.10589707393002	0.914532170085294	1.00113728901154
-1.13481836056464	1.39695338382585	0.856011853513723
-0.140187566540395	1.3977600426086	2.4968137822719
-0.87771466302521	3.27268064238925	3.38893981877243
-2.53449199790099	2.58401479094155	3.16220111045386
-1.8388406424521	2.05412303587393	1.96055905675991
-2.05095469158989	1.26907086058682	2.16594429381508
-0.33464120466363	1.03340365199602	2.77455256536779
0.800315456048711	0.544928062595336	1.82081946931058
-1.56786601802118	-0.271930020336156	1.61834986928738
0.0692762001873887	0.358431556931922	1.555589221365
-0.570255525792604	0.290152638054556	2.885750903975
-0.596347839465926	0.530163470613219	1.47098745684357
-1.96731301124047	0.936474903284183	2.56961070862042
-2.17147650836959	1.31072480963269	3.04725999682696
-1.3527259176951	1.62723214520495	2.79303489385505
-1.79976993374124	0.570407044503825	3.30651757663247
0.394569271608278	1.73763896292549	2.9833529499257
-0.405883035549562	1.66416591021772	1.77269316287019
-0.405883035549562	1.66416591021772	1.77269316287019
0.410816405276211	1.68931369103802	2.24338421559398
-0.0296224355403179	1.06214099554946	1.15372721550082
-1.30365796707768	2.23092563748915	2.00370821199473
-0.0201309512285628	0.593919537392259	1.13012005058093
-0.951594055511712	1.11622858394514	3.55717459065981
-0.479547842336117	1.8249171177938	3.07542533674629
0.442190885227034	1.24546407974961	2.72541829844666
-1.14099101323344	0.942329483346639	1.36022767377026
-0.186533700376551	0.110058694744698	0.506000454308843
-0.0530680732462355	0.51034606650994	1.68342367293456
-0.225476265135739	1.21517920153539	1.82637202422287
0.205976067139038	0.787438039561677	1.89814071020921
-0.0639352812871357	0.964963964259703	0.861795843899563
0.128501218140593	2.00657747985927	2.20205918680507
-0.408328401431089	1.34764536845049	2.0641793290437
-0.562307113077254	1.58480091101649	2.41506093859564
0.4897075767078	1.86518438451909	2.60923489092696
0.348383390456934	1.7309601234771	2.07992489253524
-0.649372496676265	1.41227727583457	3.39808694829342
-1.34069636556374	1.68372200790646	1.21138959173806
-0.314931121743388	1.83185663460399	2.2415281296258
-0.504219251883906	1.18706451328104	2.87456078148851
0.131581481903773	1.05289783534328	3.41976250183606
-0.549520628930114	1.91651134304734	3.12886583889142
-1.18885373000828	1.83861015653564	2.04629779847994
-0.536564534898639	1.33751607800568	3.12217941559027
-0.734754475343715	1.64218000150114	1.38420989311443
-1.51832644618147	1.41572948798976	1.57712893914901
-0.941447674652157	1.19740081855539	4.17461380747512
0.867481404307753	1.89984544820202	5.95232265244883
0.742079171289079	2.05336496890732	4.60842312425783
-0.796901807615349	2.0087353002553	2.14618885102949
-1.26304170197054	1.39894024176739	2.9551739154152
-0.787114799657094	1.77192074219092	2.37656480847236
0.346995920604892	1.80271686245825	3.90710435451776
-1.0497836976594	1.98573871444392	5.32248497925803
0.815088381103115	1.08122292725875	5.0051076612876
0.49657667855122	1.44030652218578	3.3441350482998
-0.244570210836506	2.16275271049509	4.25235135614576
-0.453116633716048	1.04871433891842	4.73088433953594
0.267345886018607	1.3871514600312	4.51780352125813
0.80958313830785	1.79823559798058	2.33433965093334
0.227960293987437	1.25268788199851	2.77963764787786
-1.39311377236149	0.864527221615822	2.21469688963448
-1.60471182118927	1.01096642895218	2.99704744677756
0.216012237907558	1.03452889911065	2.84028515399282
-0.490087579466246	1.45091159960377	2.84853869395737
-0.0520186770119321	0.914369820391103	1.84576543069109
0.379812212077648	1.28600407956714	2.23207895045946
-2.43922570360422	1.50931944703125	2.89100473032017
0.00211069061566227	1.0758732021381	3.19169708830857
-0.891996901776646	1.20803498650663	4.06529687142876
0.0808469986348386	1.72044767189973	1.90923905155595
0.356526813336886	1.66659173740514	3.25963702760411
-0.275502434127942	1.2891107793662	3.46887637912274
-0.275502434127942	1.2891107793662	3.46887637912274
-1.32610800313287	1.20015704937993	1.13997006234515
0.125683761018003	0.850351104320373	0.756036747863582
-0.946272480555373	0.641662123391211	2.03948087729324
-0.985439229079079	0.513932959815888	2.17800643356785
0.78318414444123	0.620490329416136	2.5623067927866
0.205758744891758	1.04604144857154	3.18883224832278
-0.69705142355676	1.54784217003086	2.12145513942233
0.302731630254643	1.50255990700278	3.10866889651079
-1.07897348253784	1.47892184624746	1.82084668289836
-0.140752652662726	1.87713582848797	4.08116898149759
-1.71991749442889	2.21838531708715	3.36727654276888
-0.343629920219706	2.36154425572095	2.74450858082361
-2.11722303073699	1.15064380415616	2.96026755126674
-2.41545821854807	1.01793547688386	2.68896099215885
-2.69121021621024	0.691984931797585	2.45416236840611
-0.652750782503983	1.28815062840723	2.23644028063478
0.145965125745452	2.15280988936332	2.35109574961616
-3.05012109549731	1.73148894394546	2.47272507004341
-1.71401213464503	1.37577998792413	1.52920036456998
-0.972862790520129	0.500759584093347	1.37530157310362
-0.892434077555255	-0.0945429340499982	3.82578535025119
0.161861345325021	0.0193349852780445	2.66777336987262
-0.515508758401214	-0.0249163697095178	2.4965116232431
-0.594427899524657	0.88177784975568	1.83213434855848
