1	1	1
-0.647614579518504	0.242439361278235	0.761761709037944
0.740227004305814	1.57218987539817	0.305744075216337
0.95254952285117	1.37569083159364	1.37001555845501
1.05469156805096	2.06608216335426	1.38083944983727
-0.56761896035289	1.09430361829831	1.64372685731112
-1.13409258860422	-0.591816086376017	1.12612678298963
0.0144388244664746	0.32938534197614	2.1442430696634
-0.0510743527290603	1.05842115307011	1.58694727258359
2.10634313138233	2.66277256726431	1.42569593706683
-1.50605416954154	2.04712934365115	1.3057513370824
0.540932684035436	0.177840299533339	1.04617576006538
1.15277898217723	1.62489095606004	1.78423348083812
-1.64046973274917	1.14236746213095	1.93634812984635
-0.37959688152534	-0.184659155942877	1.47380890371061
-2.44157471431172	0.777328394044799	1.77113301857693
-1.487740332738	1.51808992990211	2.0781204761878
-2.13139348886229	-0.396635942699234	1.03159427667626
-2.94565758980722	-0.38924956755325	2.44031817215581
-0.995978782357925	0.181810257186488	1.40375060651359
-0.647984171472917	0.224973260414067	0.612575962765812
-0.0631005279828297	1.75395089732921	2.97600574997662
0.76187350460552	1.80027546014256	1.6399575443031
-1.92862430289877	0.982320085628689	0.432014065232649
-0.8753267660093	3.08461848582524	1.7267481492671
-0.279931288327535	3.12271720262597	1.2527102238718
-0.520897838532457	1.21898638587658	0.688611223628103
-1.89086418492428	1.82476873962497	2.08765086067812
-1.49123810254812	1.44669044302644	3.03417955148785
-2.14552695031722	0.389779545774039	2.5663715413129
-1.01310556453125	1.2332133203952	2.54106833995616
-2.75527526176666	1.12384673103455	1.59327506454265
-0.516540780023809	1.55367599592545	1.14392851415776
-0.636846261738743	1.33100817925202	1.98647403202278
1.1422950268039	1.76474450747161	2.40140749879816
-1.35740795044555	1.61653114984382	2.01745300127839
-0.722077642690927	0.455164797460792	1.244656418974
-1.22763789085625	0.539487958388997	2.18634807074588
-0.772700200028696	1.55923162342423	2.21603409163925
-2.20313152599689	1.15720503277952	2.1754555348216
-2.24504620207474	1.17981547325954	1.76689193202622
-0.591342680874158	0.919913909385975	2.05215847561292
-1.35856795037569	1.16557430244262	2.97510369913358
-0.284882603676641	1.01535263430949	1.23972070042893
-0.499450087764091	1.47894216984653	0.302514384265361
-1.16079033517492	1.24777008217026	2.05709569488326
-1.03857549355025	0.967834020402544	1.14428752148809
-0.594459532934991	0.194267482562263	0.046431388870219
-1.85988375301129	1.62934143574162	1.3649840133378
-2.10846461377146	2.03075784687013	0.883553909477831
-0.153670046508628	2.61927116579471	0.927867930503995
-1.68721370925878	1.60967897120004	1.76952993401886
-1.21271738552421	1.5775563855384	1.45971610195224
-0.193094895460965	0.791597603640213	1.43739216261473
-1.33739194325147	-0.672720161689501	0.157125471369509
0.0103619799732768	0.307893865397858	0.770636816099746
-1.26657338170258	0.45406471001823	2.05104523291532
-1.19803212622396	-1.51277787266295	1.24616243981004
-1.75213468030027	-1.00099775623556	1.48913249683538
-1.42270060590042	-0.532732119698999	2.00167381075287
-0.0636170356557813	-0.864377402303262	1.78287732013273
1.25825884447279	2.02499042997772	1.26682200170614
-1.53605670826111	-0.263998500670057	1.37528537238695
-1.89045878136494	0.104194299006589	1.85437325225978
-0.456244133003329	1.34762794727042	0.775964003578623
-1.62008216752087	1.07356346628245	0.621463567307522
-1.61204521828177	1.76522398682852	0.749618041748052
0.0432071548511268	1.94858289513395	1.29745803891941
-1.37273160327298	-0.262523630195103	0.0223936584194236
-2.30832561940107	1.35352540562714	1.89017368118391
-0.721809214102836	0.886671109445052	1.26904131162134
-1.56444187217435	1.19637710150642	1.48864935956716
0.066652740967994	0.00405984442141421	1.1734242292229
-0.614134934630548	1.07411692560422	1.31303454155085
-0.750693807447081	1.37827058507299	1.71545754356986
-0.909234079878642	1.42625108931475	0.960573481907642
-1.56270811965723	1.61366640759376	1.6922114911244
-0.740031470739698	2.03629816544184	0.626495518155571
-1.22863335146988	1.52858936579496	0.50282991989878
-1.99094595677924	1.84446910005828	0.216713285439186
-1.70219440422329	1.19551719084444	-0.756099423293489
-1.6797645600102	0.798036191178614	-0.360431588060447
-2.96753483912814	0.964984139385251	-0.13953983115585
1.71096164108337	0.666974033919737	1.01785478789882
1.58825651336966	1.1379301975765	2.06622639590112
-1.17712127623067	-0.374166394071089	1.22195084406889
-0.643124912485162	-0.22940898744307	1.23214743025057
0.108333840833232	0.0138047393053276	1.2460683792085
-1.95135898942331	-0.892467229482216	0.884907868436521
-0.55601747671603	-0.431902031333444	0.922855896708285
0.357681509887985	0.98486163484944	2.15410293437663
-1.52097205429729	-2.09035181737145	1.40411836232261
-0.507856742644529	-0.748283373808141	0.121983357387707
-1.45306390543981	1.46738650774555	0.839605007572741
-1.4597038731435	1.66318089717588	1.2380365804654
-0.0520940166101733	-0.0625720487543955	0.580542452397667
-0.759509227724473	-0.33688373984713	0.708839385245511
-0.0592468977038417	0.706757816465546	1.90606069387071
-1.02742645459791	0.322033175989746	0.712455893421557
-0.923739934755902	-0.043524809875269	-0.79009421611127
-0.777612552971995	-1.24960950953503	-0.606798401226317
-0.880976270678252	-1.42347979314288	-1.1883307144433
-0.933025738570694	0.0937478552499986	-0.829771472105178
-0.686203073065502	0.0235984771434617	-0.364655917170461
-0.459211889130491	-0.0844786782518944	-1.12305376351595
-0.397434787681085	1.97307941409543	0.623948829862229
-0.654557490822837	0.960735882396384	0.476413946669932
-2.35348128043554	1.42200190644596	0.671804347784658
0.736849162106382	1.19140698273891	0.676750393900477
-1.09546809315951	2.02237652079224	1.58089788339851
-3.80173527316257	0.45058103758036	-0.279212980880149
-0.376479072920304	0.954906376011872	0.156199926468362
-0.371182564389189	0.803029170806005	0.845440934255298
-1.37906448049453	1.40099254150728	1.64440187125974
-0.421894553925881	1.65700067503681	1.43655622984538
-1.96510459100064	-0.138507614776761	0.651183461289489
-1.21278555230292	0.00969543097024106	0.418892426973111
-2.12433100742101	1.32422159766132	1.18115917409802
-1.66081684637443	0.930149232939363	0.848783666860827
-3.98829467866158	1.83194636741595	1.214692020431
-3.06972244861102	1.43697633480668	1.31042753092896
-1.80593474336168	0.0116414544084423	1.44867008022959
-0.387752445463095	-0.212895434624542	0.239029227009903
0.974737148559272	0.487815907998155	1.4752938066804
-2.97264982669636	-0.11875707239687	0.816149636052197
-1.38019827675417	0.327234057653663	1.01954203580867
-1.52261939224834	0.566398637448332	0.528413747970254
-0.829514873866918	-0.259198843625065	-0.530072215681471
-1.30954019139917	1.78505653040653	-0.35319266105646
-2.23928402843767	0.519488765560283	0.144593660017479
-1.4249259975535	1.15132431249067	1.18930915382919
0.734075802108169	0.191956327312524	1.40483784432596
-3.12124730066681	0.276885146703239	2.26657526993481
-0.621857090324873	0.374609380777157	0.982672364321081
-0.209563068306876	1.63593286199256	2.657534272702
-3.12397915424172	0.331090724280216	2.03819667872818
-1.77934100299858	0.0747222874523733	1.25465838732189
-3.2138733375483	0.145491947868656	0.75672597305433
-2.4755004093422	1.06133895935296	2.45326935350102
-1.09867243738464	0.042701950056556	0.500279114819759
-0.924326737763502	0.0579380284635301	1.35860406132525
0.152386949564008	0.937397233158348	1.20598988594546
0.181286642584171	0.789361481565151	1.69893865513185
-2.42249355376953	1.88052984990766	2.47856278058473
-0.0757401744310782	0.30099050534741	2.12996909046843
-1.26576756561804	0.069573575638819	0.791625854757294
-1.57370039722208	0.756673339170004	0.674831359758871
-1.52014663877101	1.10122559349021	0.653604163568831
-2.53700830783214	0.654110206793444	2.11781595046298
-2.77291893999338	0.0286947785306199	1.41088172318461
-0.55350621293845	0.589445346699586	0.688634439730813
0.988383604892666	1.18260571294797	1.26713744308737
0.828233542587785	0.0801320299187437	0.876424052659474
-1.02232526802658	1.39647695535409	0.59075865822527
-2.05152282457591	1.58854596029992	1.5342109919612
-1.32565161651862	-1.36054238880303	-0.191067694511969
0.802831040692179	-0.69993844533785	0.391431358737384
-0.881691962659414	-1.83393627222392	-0.283696401196127
-1.36975774811835	-1.3835874913325	1.80425427781297
-2.08192092837965	-0.22915074289798	3.08611429041324
-2.22155146107722	0.373771233623286	2.88199674704779
-0.933311873313738	0.241181634978838	1.73102286666412
-1.1484167583702	0.0798012649299789	-0.247675302890375
-1.12357177464421	0.0950486670013913	0.627713073097613
-0.83813888379696	1.6060885447352	0.896302472549095
-2.18443562646336	0.803976638309517	0.766604163021127
-1.38787816934245	1.76509645302978	0.299246599719168
-0.379384926824323	2.07519072505153	1.22572681987063
-2.19137081478507	2.22870473136987	0.805615092360246
-1.94335136055739	2.83087985031576	2.4581462505328
-0.209582457692508	1.90183492008121	1.04747484271205
-2.38050561983673	1.29806788945378	1.06925304689455
-1.5329773067547	-0.960610027209551	0.389275454355822
-0.966499868119969	0.558235251966094	0.745281448429657
-1.67383043875106	1.74238774252557	1.44970885842765
-1.05408626224629	1.07000803321886	1.26660588067318
-2.52960008330557	1.46208306592409	1.57351464392849
-2.12045726487976	1.25509312279052	1.45469849564833
-1.59720305243056	1.29612948891412	0.801778563024151
-0.154715823963627	1.46324620720242	2.19634881272277
-1.54461079355722	1.6174784522487	1.15126297556519
-2.03719710986889	2.45486077221721	1.4358159406643
-1.26684814478785	0.674865601187255	1.35151252084186
-0.216198943665614	1.6048634159935	2.19145204171983
-0.702235667225572	1.16084265930469	1.96246027823649
-0.231136512440495	0.516542400665486	3.99997566768713
0.0703758994151937	-0.754620573968198	2.72236105471661
0.278946075516469	-0.684871091966548	1.94696268497064
-0.337230192537109	-1.2609477182291	1.18564844255609
-1.96721326600575	-1.78517127963393	1.61636518415674
-1.731216823507	0.723931771620987	-0.0609621781829403
-2.65064807212386	1.32058019020968	0.613761086607121
-2.54889162755493	1.04883584658577	0.539184737029024
-3.90559937385736	-0.222858225240993	0.689626811791617
-2.39486582651516	0.406958963044589	0.0555046498069589
-1.37614323439148	-1.53816858826812	-0.175940498080895
-0.196125918155853	0.00108443888926155	1.9605389844789
-2.36087169664795	0.630531008573806	2.15713398278427
-1.94478861087931	0.519692533016952	1.12286202889779
-0.595125637520984	0.796060380819899	0.238590839416797
-1.70064890404789	1.89668189903397	0.84304806605858
-1.11894034228056	0.284034296935967	0.42038297484528
0.465314601279278	1.0610643949413	1.91461989143262
-0.92084802875668	1.01150667033115	0.151652107863411
-3.03248389822491	0.520279452637437	0.639739003292706
-2.35586054566411	0.569752755126289	1.2142184392561
-0.768819122329151	-0.522289371246571	0.395634580937788
-4.01203769242047	-0.225862001042305	1.71504431092713
-1.61864295700441	-0.187582550222618	1.0149512331003
-0.987357449893885	0.368420367984087	1.22403131673445
-2.48074956965348	0.857842797295246	1.92438000749689
-1.97653597243962	1.51021252026938	1.96432181905669
-1.92945959322193	2.05455928007308	2.02681568459825
-2.08202313942389	0.294518355380638	0.921679232448064
-1.81912536709518	0.0348415593618327	1.63769122992171
-2.01193441621399	0.689797394071319	2.27341018200505
-0.794800797505238	-0.24397363884473	1.5120554817058
-1.17929982772877	-0.970960477963731	0.746380250455796
-1.46254749940109	-0.628396255505361	0.637642935778851
-1.46254749940109	-0.628396255505361	0.637642935778851
-0.771262074062626	-0.756123847157568	1.02610362623557
-0.771262074062626	-0.756123847157568	1.02610362623557
-1.28133498143388	-1.00446805381004	1.4639563216529
-2.06064986654837	1.00155216303332	2.06258003958674
-1.11647606823284	0.312789903048591	2.89040631027972
-1.41455132088757	-0.675145131056129	2.9213434974045
-1.67287114014122	-1.50084323870329	1.75099288548109
-0.823645597077719	-0.252641031410187	2.1209551471488
-0.986716606017486	-0.832920967440983	2.40827123980447
-2.03375426425717	-0.306857960396559	2.11986781644331
-1.99029012827915	-1.02034095777078	1.31739567488392
-2.3445612278894	-0.763638345355635	-0.290694008276585
-1.03571355873524	0.00439951490491741	0.490500162270322
-1.2551607387702	0.867015120492108	1.61735610474343
-1.69968215244511	0.669704897443399	2.03966143988461
-0.41576608023582	0.176019144743631	1.17062769438366
-0.739888471586218	-0.265205170219193	0.138265092491541
-0.151918061692325	-1.50716716537449	-0.310855356342445
-0.541855970853276	-1.41066980911773	-0.163851494975598
-0.695791875041935	-0.152479101434081	0.394323854737601
-1.65262893138497	-0.955795250529787	0.207767345297052
-2.76597025374646	-0.190075485388098	0.336352352899579
-2.03141621208667	0.336785212791244	0.974916783604505
-1.87920351329337	-1.39859283242643	-0.83107263155298
-1.31862955521397	-1.4127655408042	-1.42131238769764
-1.00218655128894	0.61947645545273	1.69602279504908
-1.17621768573261	-0.779873124168727	1.19272194816323
-1.93701613209052	-0.699318523736449	0.535488974106396
-2.88020565740413	-0.352238397756927	1.00659403020261
-1.71592795349746	0.563226398693025	1.68127802238166
-1.12845311481358	0.325565929056198	1.3139055269291
-1.72442341002962	-0.17573863659271	0.979176564375255
-1.38534539186737	1.37701232455196	2.10174784133864
-2.38736924372395	1.6167648293669	2.33613396312663
-1.92263564928587	-0.244958982471563	1.31640980648326
-0.715095795951629	-1.24502446511862	1.42798907512953
-0.686628473101153	-1.79470201206767	0.768886803197418
-1.66023505681804	-0.50152881694901	0.548138312734291
-0.927565574959898	-0.211996948341148	1.31975363317693
-2.17569694675474	0.392033119623905	2.12138231399992
-0.585155751716878	0.539616508985554	3.35086349257282
-1.69291338030811	0.15656600691129	2.85829442104427
-1.36412489627924	1.82687862736317	1.88222581577979
-1.63616215088325	1.27243364721289	1.17804995104279
-0.807537384797943	1.95648546090306	2.00437062098858
-0.982034124111419	1.06277183158769	1.28180162927587
-1.0689618517677	2.37891868019611	1.48323141907387
-1.22527514822743	2.3194250891914	1.67856707165684
-1.25934972739087	2.08682469800494	1.89653175886491
-1.171520386649	0.686901125943918	1.05373527430604
-1.01493628674856	1.47386396093281	0.475344472771107
-1.17185784993012	1.02580675233672	-0.617917303421469
-1.2987168113432	1.44416594622037	-0.244616704430041
-1.24257020725375	1.17420640551639	-0.26858259888013
-1.06537466003716	1.75760383405906	0.256359985300445
-0.857303388339647	0.271833178749454	-0.309643448183764
-0.91998885324222	1.22398338571518	0.467226829050483
-0.122181679851365	1.30226438527363	0.524237899027506
-0.751073758122294	0.632831037035546	1.0915888775521
-0.854989620254592	1.18932604271393	0.102222697640067
-0.885652710056664	0.437571560932084	-0.0691221612758044
-1.9113556776493	1.25065332107001	0.230037154653572
-0.852870251657778	0.872845844811809	0.390231484781184
-1.22397603584087	-0.418400234540524	0.604934115222819
-0.375889443361581	-0.148093339623836	0.553007060374766
-0.85102563122069	-0.135430080881333	0.745946925312033
-1.18146414014692	0.594296077414097	1.13294461648967
-1.44097168024196	0.23039714034374	1.64488977061626
-2.22186922255745	-0.20077328699654	2.13398874787142
-2.0149040929431	0.738165373445725	1.83416486651693
-1.60976510946619	0.480476771340524	1.73818811729838
-0.609831331428838	0.32845604551712	0.776672770823687
-0.523536979486653	0.269550349843586	0.429902351914854
-1.92431237464391	-0.390655879717902	0.209843729157086
-1.90159794891564	0.373002925206184	2.25750904675173
-1.13497371652631	-0.0640042499223424	1.52522903463218
-2.64937135227435	-0.30390083340738	0.675480159017009
-1.9076766681473	1.41948496402747	0.976945168009793
-3.43110601086068	0.102697726094532	0.388476655328713
-1.76464437928507	0.702461246671658	-0.236104442005773
-1.25853194624371	1.12683580765614	0.963390952533787
-0.310758404962365	-0.778739143462051	0.048833054230989
-2.31040471923446	-2.61985736695938	-0.598764679387794
-2.32917438719998	-2.13627090513711	-0.881809294496652
-1.32788864783115	-0.387316537963294	0.32046302221807
-0.867979421646037	0.735451272080403	0.35660966371214
-0.832606669190572	1.55585448948847	0.743549271892734
-1.18139277380812	0.0194390614110444	-0.0579612200549531
-2.23566238976191	-0.0632358966945842	0.390603909108548
-0.321286196391102	-0.106994634940911	0.21589289748611
-1.10519431085551	0.903249699715594	-0.602149025121836
-2.6310170401227	0.768520684977948	-0.403575102810189
-1.43089474476508	0.477380677310955	-0.293318288005998
-1.45764436976556	1.36328439591471	-0.017138109972559
-1.42391753206731	1.78067741229713	1.7030923118141
-1.90953124899596	-1.11578293759548	0.142855955423196
-0.705310463662142	-0.721935149257556	1.32831502636472
-1.33766815001621	0.725014067632578	0.5659594852784
-0.873605912053476	1.13623625022962	0.150962535755319
-1.33926211554513	0.139588886934748	0.252004444229184
-0.362280381311852	-0.354038078651281	1.40906860264652
-1.84497459121278	-0.011487606634164	1.58498638292168
-0.6335620601787	0.529505948996938	1.66077479593251
-1.67270561418432	0.452568873675224	2.03535652831056
-2.67709468277632	0.649875082876761	2.08338783447806
-0.85695442904088	-0.537330830515389	0.85961425566451
-1.23599712147455	-0.183749215451651	-0.28661326572225
-1.67253031975856	0.467287693395945	-0.432256644986141
-1.43581910467047	-0.267031398763105	0.337868349182095
-2.16516907178515	0.193533677932731	0.877509640781613
-1.72416684912552	1.04848029238857	1.61877429790877
-1.05216211041364	0.0232142952544134	0.854601452525276
-1.52254400058819	0.330455476870304	0.993958846683834
-0.891920369780194	-0.624212926643331	0.403738852357331
-0.5960966054407	1.35682593519564	2.13542530398629
-1.94049109493666	-0.285210308024931	0.394638798785908
-0.15052961370818	0.722838630065201	0.351421323516416
-1.82094091252688	0.687996323860409	0.739029560015549
-1.67052265454339	0.178076315558969	0.378455848488108
-0.285740600179275	-0.176180004492677	0.89757394871357
-1.71562306098503	-0.271394633321725	1.57458244584276
-0.658432603754739	0.0734526515133406	0.883251819602556
-2.40309027176381	-0.0236479507826362	0.045824366450305
-1.0323140927788	0.279994664377689	0.785197553646084
-0.690263410701873	0.687039115188004	0.403604238276062
-1.48853842125658	1.00073393605932	0.890421186098972
-0.534598020858554	0.892953537544884	-0.654725726512667
0.121916528033024	0.27564054436403	-1.18899271609501
-1.7652255338799	0.441152484051778	-0.654908950569587
-1.14450520981876	0.134069645157905	-0.238175254878181
-0.560871841029774	0.380328147987835	0.99347397954897
-1.39583456646033	0.559571456893827	0.0681561366797315
-1.02341289747078	0.1664574858425	-0.282786656928897
-2.40904496613622	1.03038244565173	0.323893920290402
-0.536779515111249	0.973500174637376	-1.0007087257982
-0.432374125022248	0.471844686754423	0.180388345445197
-0.264894536910648	1.43608457622229	1.4846105598076
-1.01550867657003	-0.526136063732781	1.19931346284062
-3.28312651684085	0.0196241014808788	1.33018002054411
-1.12859187753783	1.12278536638602	0.605115193969134
-0.87959745195026	2.14849317753902	0.247112406671527
-0.814292090134125	2.05641874914399	1.44731305424727
-1.1536901924783	1.45901667674521	1.77349746729079
-1.61099136720598	0.449452366918153	0.533553097188323
-0.70154239770433	1.44464233462301	0.844600342144354
-1.84359844202915	0.284449332206657	-0.446069123653746
-1.64037911621053	1.23978874635177	-0.295919406329267
-1.42741474508088	1.28235473903072	0.0180683774821104
-2.12346169641178	0.462748215278122	0.963748142593826
-0.0218377472143895	1.9074747481111	1.73840531884312
-1.70213116133134	1.75354901465179	2.12790953554899
-0.243082255844169	0.369617045598034	1.52958515117565
-0.885870002601127	0.128996684708689	1.52317423117761
-1.06974112927432	0.91522533499365	1.79379970879261
-1.46748644469414	1.06677634786784	1.63038529495289
0.694588918167743	0.752614792842491	2.97578944757551
-1.11424424345252	-1.37119343708027	1.7008776173208
-0.092898798009446	-0.207070423796623	2.34965486080641
-0.859107650879207	0.591285286576211	3.45000753189438
-0.904133131174918	0.276686109805955	3.01474292821099
-0.38505566585492	-0.509816028341815	3.28024490844328
-0.441173957381885	-0.714821324268725	2.68092944410748
-1.21563834647305	-1.06551026809038	1.93750144306072
-0.231313513725342	0.0165386566580485	1.61154063832184
-0.317144448717475	0.960948775062479	3.61804061725267
-0.557289221618682	0.194538720709987	3.29968713544375
-1.13829745391579	-0.0588724214571759	2.12502146019096
-1.45732596291058	0.00981822302847471	2.32093213294054
-0.852187838964645	0.0626628764349407	2.72147948484888
-0.836999174346223	0.153709377990199	2.57337967655396
0.193538391984673	-0.150168777065321	3.47940503935509
-0.211944155915302	0.86019980894073	2.46462181245633
-0.512221439352933	1.21409307300034	3.29811692271307
-0.74921897008089	0.320391867598588	1.70265706329727
-1.2917230330897	1.26216358874029	2.08220605767537
-1.68955721270704	0.234792153110458	2.60700533922385
-0.414455972380265	1.89368699947634	1.55609420432399
-0.870692345070243	1.99012094756876	1.9479186673918
0.59084122611625	2.57188293572103	1.73282846988701
-1.08395721736566	0.954990476247566	2.85821637753322
-1.26965930707903	0.329661991128343	3.56672362526301
-2.09559806939237	-0.839572367333514	3.13075196404218
-1.91977906841562	1.72490150646282	2.07120252530107
-1.42133528433549	2.88686869308225	2.78628669885303
-2.35315663554348	2.42365762062941	2.41828757818582
0.877432864873622	0.627316793211299	2.39903368913491
0.474873525331984	2.14325550403206	2.53129733425955
0.0621587962814423	1.24298172835176	1.40162489583217
0.465106030100345	1.67395739615858	0.418042027340126
0.520620856037557	1.87865108439564	2.88477110589604
-1.01011157680852	4.34121262598665	3.64707283466598
-0.303281162885924	2.41263262999243	2.89729686622555
-0.0463689429370081	0.997375664079082	2.56258512626224
-0.0776401139658569	0.108321088536569	1.24859310357456
-0.849311653017126	0.172737109552245	1.73151212075286
-1.33107853560408	0.926432922626506	1.85021323859559
-1.42865637688176	0.0571584452319381	2.15476464553999
-0.691009614831087	-0.604632374368961	1.73585857713934
-0.862847868220592	-0.0484741428240251	1.36886819969213
-0.554800840231335	1.88724445536787	2.32998445587728
-0.123340115771757	0.772765640113374	1.66779438282521
0.400188297713135	1.23814187458462	2.52205792252918
-0.874837829063734	0.406985923249096	0.784118496608781
-0.550263894656805	1.08932280021673	1.43102787500158
-0.199507634184899	0.404466602997557	1.91544886936481
0.0282227393407324	0.534778385659588	1.67833966039637
-0.650430272777541	1.8317026357605	2.50623666149435
-0.549041448861376	1.39454871080637	1.42573379415252
-0.737235713566483	1.65072610164041	2.45984200382398
-1.53940431351851	1.23002916161533	2.44697657134907
-0.298928031838722	1.95252130129501	1.52963201276161
-0.236928663152081	0.869706086425055	0.635969455536351
0.273647671701371	2.25002002763586	1.74920225298702
-0.385037638938463	2.37664336373477	2.80731920048098
-0.454132036381549	0.248929051890322	1.3467309493656
-0.0332819485277285	1.28319010116027	2.65616292925116
0.386442240458005	1.10900124826521	1.42624689847839
0.888609464142695	1.01364991253621	1.12728697863308
0.180549326035426	0.598041368329977	1.86585921504736
-0.538431526405621	0.307066104319077	3.05948046224776
-0.299281464645867	0.210858552691573	3.38624131381429
0.427427807877881	0.938492485904635	4.52828453856952
-0.717255482502076	-0.357087356448302	3.52253915874775
-0.463304764080999	0.0174710669404937	4.78595335487402
0.545815520337309	-3.39835893488905	3.77060230269043
1.2299514182579	-1.83246517415885	3.83063173085121
-0.976787252020013	-1.57282507587444	4.76281391045405
-1.10656869857177	-0.571404318563967	3.70567070449137
0.443328945029936	-0.273164701480411	4.00969710010326
0.0759814663385106	1.42458376923035	4.83735253064186
-0.561699205324352	3.04302094323896	4.54662103734675
0.817811793801411	2.76808197585864	2.81351597171018
0.269071754369628	1.64236593389969	1.11614306487165
-0.903300052330693	1.8475570140584	1.3438290803026
-1.66735651961541	-0.221544971839365	1.41054035126096
-0.515431389195899	-1.17120498209466	0.968467134644353
0.816622408622763	-0.766713112696476	2.04887075770822
1.11222015777187	1.51631435841607	2.16858025815881
0.49791713924981	-1.73493861077104	2.62352836015808
-0.197867362357148	-0.477626611049859	2.52928732250099
0.952952276302922	0.476159889242473	2.6684382439143
2.65542622626241	0.854006668172949	2.18307905383579
1.1756255667483	0.829832706585726	2.08492840454574
-2.04280900884158	0.883894814823657	2.45720919352229
-0.114221872344928	1.49218885975544	1.63677978863487
-2.68883440406165	1.74975340654968	0.0299210128179199
0.184984008008425	1.79348711161881	1.32778393180816
-2.47060833656541	1.48449032810925	2.38938794749687
-0.948078614511692	1.31653849346517	1.24385716082316
-1.403451875358	3.12054008985506	2.1455055360535
-1.88694730856247	0.487524109205211	0.280626592663802
-1.06638587741118	0.582517911542206	1.9710454606894
0.413398176810496	0.952767274200854	2.50105059242682
0.952092660717951	0.331477697089726	2.19179330308126
-0.964601444807622	1.95357842329413	2.43566079551958
-0.23189268585474	2.42626039638941	2.8439257910219
-0.115506257576379	0.541708909181698	1.55444423611041
-2.2229483333022	1.30692870100262	2.69960174615899
-0.0115714140323477	1.0598610839097	2.83731340134833
-0.511496884921437	0.819926317063124	3.22707423991518
0.0546424728094246	0.399210076312541	3.90366154360171
1.56203101770341	1.68116384118029	3.61469926516094
2.65641806558055	1.27454094884203	4.12638580540988
-1.84515007914264	2.61258518076602	4.99039238419335
-0.823486720776258	2.08520957850354	5.48840465626245
-0.592575841239679	2.40290507538515	4.35354627314275
-0.0675869980430044	1.52971260085249	5.25560490662538
0.493398050193511	1.08327925069975	5.46300028973773
-0.808196128760365	1.03403620560032	4.01425083713055
-0.903619492256029	-0.248936235304664	1.96602459665249
-0.163970587053724	1.09843962141267	4.23987648008252
-0.675117708458881	0.457981395820585	3.38337460384327
0.121791540969726	-0.434876600944234	2.89172524728446
-0.95531120778584	0.311456588791593	2.60805993070571
-0.43982517745204	2.2722794177904	2.08646748512269
-1.20395174936447	1.54456820795046	1.99357124728214
-1.23555096916457	0.718919444544189	1.67178606070854
-0.341022263171581	0.200325089398021	0.620192539383667
-1.19582228273938	1.44476875791688	1.84753523668416
-0.0339220322525943	1.78944314961005	3.23175310386869
0.356090371242553	0.921104199292799	3.10031955495318
0.291067956410496	1.04212509956259	1.86645364416942
0.173576472259722	0.792823184336292	2.06956157432185
-1.11342050203321	1.25504908011253	1.86130489890658
-1.98846067775801	1.20312234497636	2.25817025094568
-0.2529391077561	0.72086318151757	1.00884027749246
-0.963603766389898	1.11292180716686	1.58832235012072
0.092267065327009	0.0541433898448649	1.71046379684362
-0.29066683884987	1.05388801495949	0.974267047430296
-0.29066683884987	1.05388801495949	0.974267047430296
-1.35929145995009	1.02619048668801	1.27627047760248
-0.698313481402571	0.499300620281401	0.0924687256199863
0.377879176158658	0.830802007510125	0.490827438276658
-1.30194349227916	1.1485782714103	0.903680808966416
-1.05114862805404	1.26988794895172	0.557540840400014
-0.514285479528918	0.440881491881629	0.438261558563493
-0.498747483571572	1.83656924684163	0.699517575939526
-0.498747483571572	1.83656924684163	0.699517575939526
-0.823596114332856	1.32989229489292	-0.0629763783096112
0.0416073684720888	3.19328688104227	2.42522457032578
1.11033070845251	2.3744731266798	2.38771724755825
-0.216655664455219	1.25414477839896	2.06512096612509
-0.387079315540167	1.31535311453489	1.59905162147415
0.256347611624852	1.14877320290151	1.75308354743272
-0.565247612535742	1.43110061826725	0.271865403389047
-0.764150058376599	0.428265788180031	0.721443279204143
0.132300658318885	1.1221597704827	1.74168646056146
-1.11719456169475	1.99325027326643	1.36740555868507
-0.371160523357111	2.29600154074242	2.02005509102316
-0.788579711018426	1.8415433406793	1.04254058292851
-1.65340551556934	1.60141188858783	0.958619864371976
0.485051614240402	1.45756601621136	2.97495364306474
0.0405082225709702	0.318687245869214	0.657230733874771
-0.760780048343517	0.429393519901104	0.651440032088841
-1.13077324515568	1.06184963601513	0.925443984279461
-2.33169043401308	1.09286713135106	0.84303061484718
-0.0656518860306645	2.41799363881179	1.30986051002246
-0.95228346295013	-0.217402715805812	0.370161022066922
0.537277241723886	0.44536077828248	0.315758746848362
-1.2804219787994	0.0967733964221177	0.0631359305664996
-0.3671530005857	0.528746476094454	1.48137179431054
-1.08294878618358	1.3030826906865	2.38251267531143
-1.1958573024808	0.338225501129242	0.757214014433637
-1.454654555976	1.45667960124797	0.595986941516435
0.147756796669487	1.70321918007966	0.78557730214594
-0.202128833643198	0.381963707672953	-0.119479483663219
-0.438285586639536	1.94303635544819	1.81053018162656
-1.39370111430871	1.58971470513663	0.799892876183596
-2.08643056576958	1.26702737810268	1.19609256368548
-2.83505810681369	0.290489212058143	1.67337815299429
-1.81082008530784	0.552481461415753	1.56655664946498
-0.885971424912377	-0.152935402392158	1.21135204237122
-2.2914269832428	2.07526774582652	3.11815002394696
-1.40001345678518	0.902442984013592	2.26321212562658
-1.52988597107442	0.992894197926749	2.15127679737484
1.23129439247066	-0.0583589425265114	1.55509491725855
2.25214231632958	0.640106389528692	2.20758189501778
0.376372046357627	2.09410948371145	2.53277671482387
-1.26246551208197	2.68313650528982	3.17961882033988
-0.191517642551068	1.24129035582801	2.32494278397572
-0.68807269504345	0.408358652971056	2.67727584092928
1.09161553228083	0.60458543798475	1.83218047807855
1.20267999158884	1.18901386124499	1.61248912443207
-1.0356469042422	0.728477683232731	2.67884556379973
-0.65806339879832	-0.364633279802825	1.27642125711775
-1.2134075508326	1.91540766795517	1.48572677036917
0.0166956458004621	0.614901665660352	1.74276518050786
0.0680512733126396	0.73076536360527	2.0094859594666
0.930465020691598	0.0828922219925402	1.70218097092205
-1.62765424330127	-0.42614980080921	3.40754002957788
-1.55587910482712	0.316032278142133	3.05882486280645
-1.43500398128505	1.10289307788749	3.76829168664001
-0.550676495098052	1.41938136541527	4.02640037645521
-0.778412029220477	0.466072588867044	3.70327599072115
-1.36521657111079	0.14771019014523	3.67004830235647
-0.479732383570532	-1.25212697739854	2.5505972906265
-0.830541331365818	-0.583527499814705	3.07413910215687
-1.26430265514249	-0.972127396446992	2.18763361384106
-0.480132061302763	-2.44508506956135	1.71941552277633
-2.19268597174993	-2.04973103438819	2.54199780656491
1.18353893979434	-1.20781238191399	2.07893095156764
0.982998450656124	-0.448036796763164	2.81653025672096
-0.66759131654573	-0.499463070049806	2.34406912924458
-0.0244446729273119	-0.440982366352705	1.98827413906412
-0.184931530893452	0.252829100562368	2.08787760624136
-0.994888616435301	-0.862460669576437	0.263109041405424
-1.72514249009992	0.250893653357023	2.3061240068168
0.25323825325407	-0.267994753962894	2.96463961244114
-3.15274328137503	0.526167713447138	2.49590517642538
-0.175761268162721	-0.323663163991514	2.72272367158007
-1.08863989980521	-0.265994748055883	1.24118376293403
-2.23441809169003	0.13307410657488	1.82639790290948
-1.57401986242499	0.641291003662723	2.07561479242893
-0.46214017799896	0.782617151215036	2.66475933218238
-2.10558659821923	-0.677285995695378	2.52834756648406
-0.401048203808536	-0.864324400165484	1.82108776550579
0.190221155701042	0.389721676378149	1.35708833735847
-0.738394918831728	-0.163297861857155	1.46542818971946
0.781316127121913	-0.00101043782055665	1.2407282968376
0.740311563511688	-0.991279285434961	1.52354924555275
-1.48686514300779	-1.0337568610175	1.93977134790019
-1.95598950141321	-1.63252957970363	2.29425851183452
-1.72579372616145	-1.10965502955135	2.63692310035535
-0.486928052127987	-0.4818670215297	1.93150326108924
-2.50190138714577	0.994931583245882	1.86661814548113
-1.36813558571695	2.62376611203693	2.4843350832797
-0.411010423002208	2.75803346480125	1.0701321469257
-1.90909914340092	3.48288829544061	1.62216613370262
0.589437207654986	2.59052676173734	1.56111109472783
-0.0767220908987602	2.29443671168555	1.87369833625706
0.0784319681988643	1.17918525887289	1.73068198217206
1.26102504215328	0.231445935323649	1.84175779241938
-0.57757984052469	1.68881568074848	1.84005219266603
-0.952563446577607	0.841402488240981	1.32579554362004
0.358907303962765	1.97231455958452	1.60630675396258
-0.394183877586596	1.94384499912491	1.89723521699757
-2.29218654806668	2.11126078404562	2.51050788612817
-2.09838080635048	1.45088719410411	1.63547377417722
-1.84770030289176	0.988430474432789	0.79081384923153
0.0662523020208757	0.488429221651172	-0.0431175267015572
-1.09691320915954	0.368828804051373	0.828407715629692
-1.88730387595141	-0.311623354238005	1.07496338020066
-2.05349113917413	0.518218228918901	2.17842612652149
-1.18052176064281	1.42075272937751	3.79488187656367
0.0917781460453661	0.124837580619021	0.782019430700277
-0.239408145000235	0.683583036013439	1.74212214213885
0.311318789253111	0.0870500593122525	1.33835976150298
-0.429400665055865	2.379782935709	0.859591875892042
-1.08400873480381	0.880735642054508	0.580778390660093
-2.51680367177905	0.349564712691918	1.20945786609091
-1.16398247285835	1.22043721354611	0.214324958828543
-1.34746815515431	1.15489968731044	0.412956705442985
-1.7862627203424	0.0853233376505264	0.888024798465924
-1.37939154944858	2.07466648270878	1.5769839221444
-1.5315062253171	1.64549603215981	0.827128061020164
-1.19311342975399	1.79643859694006	2.61600002388821
-0.756236753286458	-0.732379100506008	0.981065536855865
-1.62672963780175	-0.541438316243531	2.15307008124632
1.84852113855858	0.247479650181313	0.90001877738528
-1.52331237749189	0.767800375950828	1.42710622416615
-0.479462637754995	1.22144779249238	2.03570381257772
-0.418920909651531	0.322367331710706	1.27843963744919
-0.677522853781123	0.544884701491282	1.46698893523645
-0.218635375749474	-0.245813446877138	1.57745560860162
-1.70771256488309	0.51461017092926	2.7416571413096
-0.70724151506498	0.89647616428075	1.38054283084992
-1.01215482506744	1.06234487433609	1.88613739392828
-2.94871420690112	0.601241519404654	2.81644495403062
0.4355700991776	0.340844869678474	2.17968054463628
-1.1653510371705	1.38473200421212	2.33008303369223
0.658452432579933	0.452354801618253	2.24780782119693
-0.72930495949272	-0.435869419694416	2.50637141913035
-0.778407543485914	-0.223941524921669	1.81993757361594
-0.208835152295392	-0.148750651375462	0.408438715107368
-1.37990089073388	-0.998737533571343	0.0172434179579586
0.205853244847864	-0.620257558396489	1.00425918584301
-0.645879202484854	-0.489001780082189	1.18317597381567
-2.18906933703807	0.363719007634447	0.372059192814879
-0.165760772726482	-0.101595664339222	1.88745238043119
-0.965462618995686	0.163865775137407	0.521687716961229
-1.24769358982291	1.06844330584295	0.816116815391023
-0.445884141791629	1.82851771161039	2.06571175372442
-1.95341805164076	1.29163859795005	1.77060578265521
-0.650633571144804	0.0280367770168017	1.38688735651979
-1.95489292983213	-1.55253787017784	1.0308045457536
-0.662368279085133	-1.76542512470349	1.66460680582812
-0.354917258524077	-0.240645305766431	2.1923509922831
-0.974940124318353	2.37980563633584	2.45691022083803
-0.937363266180601	2.29528088119542	2.12674058422141
-0.837557783309974	1.05101164181964	2.40192758971102
-1.13241598504806	0.82325509083623	1.19126672320483
-2.28509908810922	0.507995603635734	1.14189395315995
-1.29372976080982	1.18725476788501	0.957574207567254
-0.793630657715653	1.60016668311962	1.20999987755257
-1.5028547303554	1.52003597551751	0.291783069251136
-1.96931455835875	1.23990703248859	0.702354719156686
-0.340790482513954	0.894699303420274	-0.00302626064768896
-0.0314587868194148	1.76323595039579	0.424463607149745
-1.75677181429185	2.67460202857273	1.88896767051554
-2.01771718377501	2.13807098435128	1.44570605642586
-2.01771718377501	2.13807098435128	1.44570605642586
-1.60061910674475	2.04512438915178	1.74908339391041
-1.63300937232897	1.28017388134887	1.99777140839673
-1.24670000421295	0.729839870410257	0.815981219968978
-0.0748955067028493	0.821483533595719	1.61477117672331
-0.300945940504774	-0.233109727214857	0.743343386260109
-0.854422212044629	1.35034714911431	2.65239416898348
-1.28591904132345	2.35013840198168	2.99988171137571
0.945001606324528	1.6935392669222	2.58170213490091
-0.170988527137924	-0.459348152195258	0.270484665805529
-2.39525863583027	0.472071713124942	1.37941704923641
-0.52543162316523	-0.00331388176939701	0.917640843289485
-0.806797845375906	0.264623324516356	1.28879955852123
-1.18705332910749	0.0157001188014361	0.843972656330354
-1.09473795355538	1.63763137076687	1.55476064455784
0.369744776607358	0.715904657872486	2.52465989988832
-0.333022776547795	0.8422198956024	2.3997856258269
-0.749445035058843	0.490371138717959	2.20059641071506
-0.705564196179605	0.254654254728186	1.27600344498958
-0.754026030166639	0.122353662148161	1.678963452928
-1.43577127249149	0.634897795093087	1.86749374844797
-1.71208116399938	2.23330768011986	2.6399113596313
-1.05864068790197	2.04612781568268	1.86290471257863
0.0755236908711916	0.247687235521513	0.814689632762113
-1.32684445533498	-0.412839804220878	1.30773016594017
-0.233067333409445	1.17259823481989	2.63706980981977
-1.31280839584457	0.514320275244532	2.38506965047962
-1.06350133889378	-0.677980462452134	2.34526388314225
0.262898182497681	0.888174943155772	1.87010692083179
-0.523610675643685	1.73686168060697	2.48698712749043
-0.88819886179414	-0.419851805266854	1.2904208175461
-1.50386213294787	-0.3220536355078	-0.167210249908774
-0.0415611830170863	0.921399113622176	1.76773073754786
-0.556079140039942	-0.57192767191866	2.10523197599853
-2.6918036666791	-0.659789755162454	1.10950081268922
0.377391820335246	1.43685554032214	1.75962589707217
-1.9102298941653	1.51148652333218	1.13438361495078
0.424753841402315	1.69886267310521	0.157208598794484
-1.73241919862926	2.80218442991609	1.81288359729743
-1.12804845839943	0.664506875363344	0.706876011347104
-0.452240930119079	1.32679839225897	1.44951637802402
0.33675612626758	1.84664919861491	0.893708856549301
-0.567097934213013	-0.109872638571762	-0.337973382244433
-1.80931131353803	-0.770428576006911	1.151344466235
-2.87054831605895	0.0135900770710652	1.40626914106215
-1.72045071139936	0.773344146176311	0.393003384139748
-1.34824073589852	0.605758034444343	0.345721800462349
0.281893333691939	2.03235144060009	2.3844012523804
-0.873277213995356	0.951456055734115	1.86792784187463
-0.119129586477922	0.0116293462114304	0.1249026419566
-1.49810333232751	1.04703747845044	-0.328964480421393
-0.103825291603305	2.09237104680538	0.47441923012835
-2.30677241028828	0.306611085688481	-0.0134453294039636
-0.815817713461437	-0.556014080370571	2.46375725485339
-0.0552606274323181	0.111053390904412	2.30089664151214
-2.11542216057693	1.51863222654385	1.77373762191882
-2.78248211909575	0.862229728161637	2.99713812149465
0.0591516251511839	0.781663110666911	0.999597448204576
0.0566007894355225	1.48047705688679	0.62166472387201
-0.979734603483442	1.17946002304515	1.08397352752989
-1.64911348623071	0.631487513579268	0.66770708082129
-0.354499388691325	1.64516778964712	1.72319937769466
-1.20388865101086	1.02630322092137	1.68085793839852
-0.411418126733298	1.20896736418871	2.19266113491473
-1.08410406972103	0.738776246252887	1.53630220730803
-0.375776467980878	-0.898675994881381	2.08538293057477
0.194051491370723	-0.111986994861977	2.3916893207173
-1.17261075753133	0.487838965047417	1.57878865528723
-1.17851855601046	0.118010480541743	1.2310889004123
-1.31407663599766	0.599790862248787	0.45348641115915
-1.08216385710997	1.44470654562728	1.67961155296743
-0.0122752029953186	0.698113225274617	1.89967104416756
-0.53597057547579	1.09842174095861	2.47447087877836
-0.243378174181883	0.927970695183952	2.205002234877
-0.757479750514887	1.19103106261298	3.27438193272685
-0.360850661574088	0.109853036637967	2.43143219186081
-0.721192723965268	1.16693694235583	2.23715293456062
-1.73129930162435	0.877992777755826	2.52279105152864
-0.744530391796754	1.07182965698931	2.87878731289393
-0.350262433403771	1.20666809389691	2.42437844829798
-0.637284005564064	2.21760284689636	2.02785526819503
-0.787995481945571	1.75552585468596	2.39198363677149
-0.521625838048114	-0.404478855083268	1.49700771489679
-0.73351780175197	0.711920646362272	2.47124882623461
0.345070850916139	0.977050598706498	1.83696622771285
-0.446171555043115	0.64035763669858	2.16630166588054
-0.766179657184167	-0.284859901119072	2.99057630732392
-0.763664095189562	-0.525569906648015	1.98731754172092
-1.80939384998302	-0.0756149575256493	2.25381924963105
-0.43057592551816	0.725957989506098	1.90165416752068
-0.468213859369043	0.624985271260496	2.311999285377
-0.380003576855011	-0.484884641846529	1.27094763553129
-0.463539259972302	0.674696998043419	0.703874327682855
-1.43205904159254	0.845496773369592	0.354396154045899
-0.463805903822665	0.731281797683408	-0.404811598553724
-0.695636799192827	-0.0783724820315661	0.275149900159257
-0.131224616265005	0.866261887804029	-0.455063325787412
-0.521403691797826	-0.00706579428578796	-0.256055616471281
-0.385272597805173	0.0441757639351652	0.415729766858503
-0.669774915181755	0.331245645902587	0.105563084032177
-1.03262212240263	1.44134985413867	1.89733104831003
-0.484103723292782	0.558722480185609	1.32361749050588
-0.645253997186143	0.586037757364356	1.47605444639336
-0.604670195151384	1.83540026708924	2.13502556645122
-0.73150090953764	1.75906657293128	2.03790515649806
-0.877225907996031	1.40417756689081	2.11570716942425
-0.934458684999889	1.42712105672819	1.14297586339051
-1.44383723429039	0.734588872183287	-0.496206731086379
-1.2132638593076	1.20914913802017	-0.430136525300014
-1.63387716708012	0.734524188544292	0.346184822672847
-1.63387716708012	0.734524188544292	0.346184822672847
-0.390700685303586	-0.00669319746047481	0.894382226940996
-1.13108898725565	1.3040246662577	1.55472097153077
-1.51112029322363	0.420422412290096	0.45333618791997
0.089590920500857	-0.719894773886544	1.2226586042673
-0.44067849664329	0.602906539999157	1.67410657753951
-0.84384675620674	1.09259997928068	2.41202872523429
-0.499493875565745	0.932294038302266	2.43034131095231
-0.441667745105053	1.0592753766726	1.47937071133639
-1.26890470315988	0.0521980628476333	1.57133448488178
0.363633064168883	0.845250891730554	0.786905842917781
-1.39299610354965	0.676649054774109	0.34633225872899
-1.74107231880984	0.478171064639425	0.438651244598459
-0.912806659568666	0.228717451507791	-0.357422284309323
-0.782331572299263	0.747355724704455	-0.924671785193665
-1.43977707411491	0.784658708548267	-1.01038318445572
-0.885604677031338	0.733045412887318	-0.956758435686348
-1.08855726611588	0.846442895789592	-0.535161994092064
-1.24620846650623	-0.257469219855333	1.16467308135462
-1.48491309810223	1.50490536235109	2.89337864385693
-1.21016111165933	1.20099792980299	2.06498091939538
-1.08494710817225	0.72933847490648	3.07164931653815
0.350195500730504	1.11606125696721	2.18089611341835
0.464662743541276	0.0392831492687318	1.77979982692204
-1.98878259795763	0.490455362024786	1.64458320521959
-1.86054067408949	1.05595539052922	2.36059953398666
-1.31078114407714	0.193322628234902	1.83635844084692
-1.00506754514761	0.655158697536578	2.23818662061794
-0.153050372412086	-0.13523781024569	3.11718014638629
-0.0856002483981795	-1.72228144507856	0.780417319925485
-1.12776492638306	1.08024472738764	1.97788891433345
-0.460426795750979	0.305826819245154	1.77922885698172
-0.943701071590353	-0.452815318280113	0.784890330831665
-0.216428833139607	-0.903155037413499	0.260672594160309
-0.610706695480023	-0.643874156899173	0.78990809387177
0.202495246891545	-0.987116960733511	1.56671492984008
-1.69096114958449	-0.302309806023879	2.00610147627667
0.387236128956248	-0.912242760505306	1.13939972616135
-0.438303656763526	-0.164955257752389	2.28050004967312
-1.55892878353757	-0.355937946912641	1.52760461580084
-1.15317661120864	0.351694672855849	2.16637195543295
-0.739278916632526	0.244171788134268	1.90882947782159
1.5781172989399	1.79799538712003	2.09351762711006
-1.16310423555244	1.10528949678301	2.21985711891366
0.317488052459486	0.784779491743975	1.73870347840685
0.311515300791966	2.2608445596651	1.6260618600853
-1.51034007798749	1.85793408409632	1.86145760038642
-2.39529662575946	-0.144857184738302	1.99727706716925
0.671535981067506	2.05217233907452	2.25945664905239
-0.380690219728389	-0.582671467070638	1.94874768726119
-0.766722006629019	0.544946337131511	1.94937484121176
-1.25313933034793	0.992610218275798	2.4543811771428
-0.955891358479924	1.47828502732536	1.2022516708709
-1.30131477733671	1.02316088571962	0.538381473491165
0.263098183774127	1.21222911180426	0.608988911319698
-0.388723141849161	1.81551611943071	1.91114068678713
-1.49196271508194	1.06847832525389	2.00175315002087
-0.976444723055081	-1.15736639409931	0.813415880389443
0.89403296337691	-0.126146405592758	1.20828573558252
-0.178573504403292	-0.861283027615227	0.630939565690506
-0.80581142473237	-0.014787236638712	1.29712050343512
-1.62307647367921	-0.387131607863991	0.489383979279211
-0.400039758011238	0.636612265668662	-0.337074211153753
-0.65889233261499	0.682394399588701	1.53230878090341
-0.893200506617985	2.46719076617341	2.25305351286497
-2.03400426105088	1.89915309171796	2.25094806968517
-1.4004320927567	-0.481387819838885	1.23417464563634
-1.28159059453468	-0.825569362901451	0.456811641055127
-1.06651460393163	-0.128908658006768	1.84149891834211
-0.605097868456615	1.89303082112274	2.09298288344056
-1.16533178342255	0.881591624381622	2.23761165344135
-1.89010672177001	-0.856697147787674	1.49079580409397
-1.37498473421179	-0.68448738646603	0.637600310375639
-0.690923418586017	-0.0627221702107203	1.5269634876835
-1.38679507100414	0.229294388272705	1.15728091878956
-1.95450881470932	0.893317823299902	1.60658204748109
-0.694458449606094	2.07088566007679	2.48472107867626
-0.25855881393585	0.359167736702127	1.15357020244537
-1.30535788090079	2.16929076233277	1.49944124115423
-1.66397409626864	1.52528461976315	0.717450805881925
-0.865427008686827	1.02718816954037	0.617820911024726
-1.30374844558357	-0.777754406582956	0.83362488641077
0.504258103016495	-0.753741978521171	0.139241995727684
-1.48622046528867	-1.40428194717329	1.39212187600728
-1.67364936949861	-0.24202364791423	0.996729112763949
-1.07704793460921	0.588217050981309	2.13337167782968
-1.45698115593285	0.731473142801496	1.26139559660974
-2.19012193454445	0.828797033986096	1.63631875344318
-0.949470421958228	-0.300969484272832	0.834052779844034
-2.01758173320128	-0.413266159373263	2.56182070369786
-2.96215757150516	-1.34759980140034	1.92918640820106
-1.72037858359149	-0.191969023300163	1.97121237088138
-2.67447211374818	-0.754301766693935	1.16641684027452
0.126586317404115	-0.145517313398182	0.100983911713252
0.417044130572967	1.20343841436615	0.743806506877459
-2.95341985754439	-0.579693342183938	-0.151062489644841
-0.395054580383207	-0.422109436660825	1.46458240947329
-2.56797492824516	0.989626773104255	1.12003559472126
-4.44776010907351	1.00492320801577	1.57715458646419
-4.22043929273984	2.225398606289	2.15347597740436
-3.36140009513211	2.27805801615691	1.75462676859725
-2.10700637815871	1.31339108528064	0.971359280888069
-0.420970446854936	2.03937344178365	1.15683602759558
-1.41043124276521	0.67060299664813	1.24596344456575
-0.714618201520705	1.61879769556502	2.07513673211635
-1.79995169118772	0.785961741180886	1.5408336039009
0.271659549478284	2.2761012513521	2.57734840147205
0.0142930050577843	1.05190217933253	2.93112009853457
-0.773602058573015	-0.188245886748854	2.71092922585294
-0.0409076429444726	-1.01017494721076	2.11020061611128
-1.3866252199636	-1.20981352851027	2.9733842825085
-0.442710619170698	1.09383009122428	2.44912281367672
-0.399221104507364	-0.528376001988771	1.55111402137989
0.368893498233079	-1.22019390909303	2.61325292273275
0.710478804881918	-1.73689996806916	2.75959313353848
-0.495506382494997	-1.14859568031671	1.93926049913828
0.919989616217379	-0.489401746004047	2.67321090132869
-2.31112915651327	0.974009123205647	2.35260663610028
-1.60898822100479	0.236862292617577	1.47304087104968
-2.26972868224431	1.05676942120373	2.56083639028237
-1.14455028759025	1.29281652522067	3.11503585701547
-0.813287241732913	-0.134297231450611	1.26338472359567
0.728831303711419	0.370519080996608	2.06792889248904
-0.0539410485732313	2.28515114823241	3.15676333443987
-0.633338873960924	0.281607121702238	2.72700002234532
-0.464824172674672	-0.328820764195797	1.57637904804444
-0.124979135351032	-0.0814088657951152	1.24564051735716
-0.706535699413529	1.65735450017478	3.35998671755067
0.82907610093263	-1.26697084426824	1.82300568321457
1.10117079958889	-1.11723889341788	2.42861255481077
1.03141315111218	-0.216075358630744	2.1732523196649
1.07853379577049	-1.01410463159894	1.60361278758639
-2.68039967397799	-1.17204907439617	2.34942140334335
0.1481269487107	-0.23513623916286	1.52488407538213
0.712261380080735	-0.041882585010269	1.99192253569105
-1.58013017526876	0.0362412949408291	1.92464821529802
1.09189662527496	1.32632213103094	3.09541763463248
-0.0675353742501636	0.484057021360571	0.541443803915677
0.401554797993268	2.02077190060829	1.73637665147978
-1.86100042354827	0.456976119009657	1.19869435423678
-2.55649482628805	0.275952315482886	2.01232356128395
0.447484061312365	-0.139462052267942	0.118384538934399
0.030659468439975	-0.0159504718554123	2.35915895510839
-0.337412579409841	0.37700422176185	1.29704867793814
-0.192246100891531	0.748130685957451	1.66943303763171
0.563045540364224	0.721665455561228	2.08489768300646
0.6744236130887	0.577744637474082	2.48938317882659
-1.04893781975579	1.11297155056601	1.91140006696958
-1.82998080950208	0.925884342989002	0.933614151575317
-0.371116241679487	0.406579567749296	1.02547049944091
-1.20009104858862	-0.353325701405985	0.885830565372822
-0.431251025406748	0.447952370987409	2.11782788303972
-0.688877956590765	0.531775480068223	2.0549583430773
-2.08065880238201	1.47262664449776	1.96109241315574
-0.431333492498972	0.163021683180639	1.23828523437606
-1.66889961530064	-0.46183244625452	0.606274502476744
-1.97132264593158	1.23542450147769	1.26727577698242
-0.877128200965777	0.179016797596605	0.504286027926199
-1.24571665402676	1.12559050932271	0.760418352560976
-1.57140498138663	0.582046757825092	0.443594122685272
-2.84406333591482	0.563915265654095	1.82003366355021
0.171520220967798	0.51532779447042	2.53271870129531
-0.574267996902218	0.291224423653772	1.6481455667308
-1.41522900606705	0.189784547178633	1.19209299436316
-1.3974381223618	1.31045335598679	0.855568512928532
-1.4463210732224	0.808285633834192	-0.0727452178141513
0.269384495558763	0.196609741887513	0.202272154178432
-0.206590273653522	1.30411354843092	0.0814418327479481
-2.39814250651	1.6962592473597	1.56585177479414
-3.23196038807999	1.22960470831977	1.44731676661986
-0.764893625139969	1.15173371485198	0.781253360853165
-0.206422682110901	0.445509155057045	0.732889052759054
1.06238700382116	0.837439416411061	0.599735464011144
-0.509587279659842	0.0267094506288913	1.83300684791129
-1.51178595916693	0.855423296062285	2.30691905169172
-0.857863158033992	-0.238344791642111	1.63865411503667
-0.390373403169421	0.723252511601892	1.51109867555711
-1.19514375159786	-0.798422260727144	1.06901676051297
-0.958910863763442	-1.6564895272764	-0.107858252791779
-2.34846148837467	-0.607148788885274	2.16050312547898
-0.0647311387219658	-0.350480592619071	1.85497481145854
-0.944333478247382	-0.236415980658205	1.87091764753867
-1.09334176181143	-0.16047553533288	1.33213709284569
-0.723951327001602	-0.116344700421189	0.722791231326678
-0.952067339757346	0.709700279214641	2.12325578237446
-1.26104272984649	-0.0422689293487941	0.936922685645658
-0.154710444080404	0.96790173532056	1.91473495460893
-0.738394365117922	-0.170357386108305	0.943718961632882
-1.45017672571181	1.25207075518332	1.51589880277045
0.473796081724182	1.0677319534889	0.578140963103211
-3.56456199944699	0.274562976815233	0.674254683451798
-2.61671272047199	-0.564905415820063	0.517944440865821
-1.33249803783046	-0.260977954727149	0.822032595816285
-0.610501513454087	1.42178157918332	1.27660972512838
-2.5339771515713	2.0853944307391	1.09368318226021
-2.01628353428916	2.28334958739217	0.975014723955287
-0.285483274898398	0.263858843606076	-0.514851779968605
-0.380096231841932	0.335110708941909	-0.774400667742387
-0.134115455053913	-0.218812418661745	-0.339860111878209
-1.94133296714344	2.33725711116421	0.706344218859627
-0.357754950613788	0.582254049283969	-0.19762571219302
-2.39386630780802	0.80283057585379	0.936653035306117
-1.70798702829567	-0.170922059034485	0.394998806952752
-2.36492043286401	-0.529468994039775	1.72385475973786
-0.40154993228027	0.701636843008168	2.05862066039744
-0.734057270043358	0.783962541602724	2.85180815125129
-0.947953410754133	1.56457911704405	1.7914796312101
-1.41266608496977	1.1142293017577	0.849297896294683
0.4863878352812	0.820222323658958	1.85910847788107
-0.222582873012704	0.278732708769739	1.17186733652524
-1.15960997696034	0.0733775387775026	-0.0956951532871286
-0.478270281849012	1.59045037987884	1.3851494622004
-0.436827309127008	0.826265061215165	1.34376921766221
-0.0993628756701604	1.0236972694485	0.900300240738815
0.01777356011466	1.7833459548619	0.533890797536346
-0.757857772439652	1.13914278956372	-0.3015888036081
-0.976050061541208	0.972133594956312	0.409635529205195
-0.653692691492711	1.39399954957939	0.947272148351307
-1.72579122355541	0.11437059305051	1.11388999952201
-2.01233743549412	1.04666708432035	1.69427239899655
-0.378358896410943	-1.57601531290956	0.928673153472321
-0.562127971424445	-1.24256502652717	0.681506998222884
-0.341514802951526	-0.308120102880795	1.63756466803589
-1.43194522654788	0.172731807038378	1.72144483766429
-0.921247918289451	0.810346073439326	1.93640639146903
-0.761220640769301	-0.33071941730958	2.1718134958243
-1.17842737035537	-0.341527855650595	1.42059501933276
-0.711513794063378	1.18113377770903	1.92577831969118
-1.02527375502795	0.333730095570461	1.25573712284865
-0.579903858065982	1.84362985600745	1.20281134631677
-0.54742428807001	1.7083856233847	0.0843415099839201
-1.69379479315258	1.93706997175699	0.347785499037084
0.765184155160971	1.46807244923668	0.336321363042873
-1.08459283035506	1.90415723461842	1.36114907186515
-0.633647285352312	1.20425746769267	0.584700421188069
-0.205351603624453	2.09800615201901	0.966094748250067
-0.903248246885198	2.13366243209821	0.545662901217476
-0.970165813144012	0.531977768957918	-0.426788196776622
-0.120878751471495	1.87207162110591	0.656967197248334
-0.292968921522099	0.985792265488136	-0.485940598707113
-1.23019899808863	0.284560277420606	0.846278327788584
-0.794788517591281	-0.621911926993503	2.02318651551478
-0.582674406302513	-0.582789457202021	2.70080275765214
-1.51569215590506	-0.158586935988312	2.88915305083987
-1.77638764323857	1.0709444549572	3.72519695571424
-0.605856977874029	1.80949961913362	3.68516765621928
-1.34924987602798	1.16209042829358	3.26292292675586
-0.826772094952826	0.634725853791834	2.9475514349656
-0.117375594844363	0.447547175123126	2.75304154961212
0.611932129354347	1.41779570178612	2.89388549891333
-0.402209950722268	0.799641514208681	3.69288340482035
-1.12967205544607	1.38454557193875	2.5706280910491
0.184388365475833	2.01082761920246	2.96732616182755
-0.115465067497854	-0.336498425051981	2.01283349357327
0.545334551488658	0.286011348500299	1.61561748231299
-0.257739948719348	0.995410011232695	1.62928314402888
-1.20788354354544	2.47714552457293	1.75858971468901
-1.47058413956497	0.923460715446786	1.04161281014999
-0.439613931492316	2.25359180621368	0.710996287147748
-0.721552120507919	1.67173176896345	0.468500857702164
-0.215112969078065	1.44157984539741	0.607812952046845
-0.259252348882453	2.52588463591928	2.03575551274595
-0.298021120331567	0.161104106539171	0.653749276407283
-0.78326987167504	0.495170271719231	0.850336920307298
-0.066955785208796	0.468014639896613	1.16698255875985
0.0786708385199744	-0.162744757739994	1.32300781203281
-1.63111041919442	0.33182313090315	1.42263058812897
-0.315098606157261	0.512830886647884	2.91201245250688
-0.315098606157261	0.512830886647884	2.91201245250688
0.0731686340724695	1.21121924430474	3.51473016853761
0.363403698454785	1.3915424176513	3.4463498992214
-0.75708835666526	-0.019796184869747	1.91209776766882
-0.711432586146727	1.54907063564789	2.54060854168366
-1.98300223763919	0.513530795647952	1.37552281658181
-2.09995122454687	1.21611498429283	1.51736941136958
-1.50260869890079	1.4220107893967	1.08249818814202
0.610025608139634	2.25151011619793	1.58730265464443
-1.30407851236038	1.05112975941284	1.78092317198117
-1.25063931533128	1.49088047469103	1.50218275256182
-0.905486303991742	0.636736370449064	0.476296688797031
-0.735352376625365	-0.0877485696918097	0.0200614437303115
-0.697686712884108	0.527420286626725	0.0222340094188517
-0.337641142327713	1.08142223317377	-0.224418682792446
-0.324684952607404	1.55264782599444	0.0204774422391594
-0.250437844922516	0.498029560037134	-0.5668710982501
-0.738077531436847	1.40901407459413	-1.01530645160427
-0.814197323854495	1.10890052119984	0.0627330907507189
-1.20561988438731	1.45785113893853	0.142236444008849
-1.18452126047564	1.70212567015517	0.970511273550488
-0.244826314320784	0.785083334063412	0.43037766742378
-1.1084270350105	0.787878272599948	0.440549870000257
-3.07897635558383	0.694859468357288	0.781003981931968
-2.39623301751374	0.444407926720863	0.83665017890206
-0.682926954638829	1.94297481810056	2.01179920820095
-1.01928118773831	1.12735260579654	1.47183137225069
-1.40422346125369	0.367176281683857	1.40868769108936
-0.876402841307242	0.0684114520559511	0.383492394529464
-0.726458319912667	0.259675148451067	0.830559151735804
-1.24145867372599	-0.867143460825663	2.47143586509518
0.576634514060859	-0.844407264364214	2.12918507822419
-1.37326586453918	1.20007834256236	3.93090874768644
-1.18379698374406	0.638675514421715	2.07630053993549
-0.327548256208601	1.02657605236013	2.16223521347141
-1.33662808562019	0.538297062286015	3.21402404883889
-0.553648230833999	1.14173820617571	3.09868856959596
-2.47670456144215	0.22803986192614	2.80322496440827
-0.862323579348056	-1.07327793837566	3.2575720331277
0.618352676171743	0.45670618097273	3.6091846188383
-1.1385965024571	-0.200388186645419	4.60082592950405
0.0067279826313178	-0.210857506791961	3.74371768095297
-1.46577497507882	0.916469986984332	4.34927649104026
-0.971219296254333	2.36619725586842	3.54817744328191
-0.39641626037176	1.97680018254794	3.11862932386448
-0.563993826369445	0.483416677040922	2.46773485389404
-0.681581579894155	0.189598365540855	1.92816157647143
-0.442108189507865	-0.493920831698101	0.9122743836525
-1.77306597378504	1.66373477889795	1.33901445053686
-2.22783213942357	1.50924070106535	1.44080103992317
-0.437714484420631	1.2852346177806	0.797878310919269
-1.757012955362	0.400583781950018	1.23889084419347
-0.812037865834402	0.928504565275846	0.834920383711605
-1.1118478432477	0.373126338370871	0.665148741057627
-1.17028965510277	0.635742706200979	0.423690401139264
-2.02402223155246	0.677638707474882	2.49838895651865
-0.514097133542811	0.761665316175478	1.25626746222653
-0.952426191368421	0.591218133252266	0.769871671652519
0.0655693443739337	0.301667311301617	0.332500667525167
0.192271198436396	0.222754940927121	-0.870331052090371
-1.56157298869148	-0.101749213853788	-0.317000361388048
-1.04844334336057	0.119374140942652	-0.342295734192049
-2.04574208742615	0.046722676772728	0.109916824758441
-1.0250360215073	0.78253962623746	0.563292866776276
-1.04986313933586	1.61162306422296	0.507458654477702
-1.41371321446203	1.36900361126887	0.441951993900615
-1.12564148679322	0.441111776202393	1.49313752466391
-1.24197033600578	0.0663341984673592	2.87931258256965
-0.562917017976865	0.516374976961342	2.49098427970592
-1.02165195569727	0.396826232116199	2.68405045220999
-1.09405359608278	-0.20688366702728	1.89584310639764
-0.824045504645148	-0.421109084666756	1.15831092825688
-0.625079544844917	-0.208026562642346	1.69038092710728
-1.70661756892758	0.784583091953547	2.68390518155323
-0.967677424694201	-0.140054951568307	1.63730187454093
-0.862392782430597	1.6023266114331	1.94539070439263
-1.37310952345509	1.27718145509183	2.26326510722449
-0.0248419678553458	0.0854651170433813	0.36094283725287
-0.358205553246907	1.3743836902054	1.03430762432389
-2.01699151694357	2.1355939801519	1.97794182349583
-1.95190264007606	0.842563913007044	0.365737661937358
-1.06352823416981	1.680951393414	1.01904439364234
-1.51950786226316	-0.369745674066918	-0.137969631355895
-0.172356798746667	1.71326894402582	0.692753173275697
-0.787540633083808	1.63900217127291	1.24949660511587
0.105453927580684	1.59759750016857	0.926283139514135
-0.487890115422959	0.671149841528654	1.1608935787351
0.235275699804332	0.907270306424638	0.410357749576983
-1.10543178830142	0.777623753445558	1.11190378783867
-0.380236008290776	0.828613889631214	1.37892216912601
-0.320125924706096	-0.302616049802226	0.512899319950865
-0.844010839534704	-0.866809615247566	0.503267418342176
-0.377158235449123	0.333969897198007	0.985113370532061
-0.303678746762459	0.214889747414156	1.10103799919105
0.405144573128187	1.43805972593121	1.2178306737484
-2.31288226907947	0.0285499719637025	0.254781613593848
-2.67700528686499	1.31883720777562	1.58593515668762
-1.16985086546524	0.120164679512321	0.817821761777871
-1.19275609191958	-0.0676297464978201	0.903676295272757
-0.534475731432361	0.0723339317057509	1.40142437502574
-0.640579010175199	2.14758321210186	1.56277159013536
0.290176906985292	-0.634755872659334	0.939859278233753
-1.56006898882629	-0.192256515265445	2.66009571429129
0.0535658185365692	-0.284247695650549	2.17154528079904
-0.0642722621000925	0.505128840428826	1.41547749880816
-0.978923739153766	-0.0188808447306533	1.64148286189148
-1.50018627461043	-0.140371305000802	1.53185644202029
-0.505659718286162	0.464239774510704	1.01502880067569
-1.19319878695985	1.36580320793339	1.34006696449641
-0.858451463263508	0.100816470926791	1.25728591278255
-1.20966695047299	-0.403670956214338	1.44117689005803
-0.452206984802914	-0.298200150500553	1.40033744306019
-1.28193441067208	1.99965057444933	0.856265435121459
-1.36554613483932	1.31903479061658	0.954010990043937
-0.26934188596791	-0.184277181001045	0.971949584487812
-1.70994849387736	-0.791650282918477	1.98603676691498
-1.19664123992377	0.669096895981017	2.50068416870669
-1.90028459316944	-0.521970952215429	0.1876912082494
-0.656845760227147	-0.0040787854609585	0.686909050215129
-0.80810994995519	0.835611917515812	1.35418295998422
-1.12697083024139	0.826426903681128	1.25437860437613
-0.53187887075531	0.738462328894599	1.68318334957228
-0.72455927306532	-0.0693654111074702	2.51247921043629
-0.797666382617889	1.2285724201857	2.37988672097681
-1.10442372311931	-0.123319104357781	1.73952608154098
0.274456266557338	-0.0831364580872402	1.87157970906084
-0.227097317154145	-0.818545640261085	1.39168866923306
-1.13344851062159	0.438045592598916	2.35265816675874
-0.553085281682664	0.732558865680185	1.65119745044183
-0.693606654349524	1.89618705850357	1.93738035761764
-1.22912095903673	0.984761331177217	1.8674666226133
-0.530620521940816	0.911601831119099	3.20952406576013
0.178711803037033	2.02543773444103	2.06155161782867
-1.4990907981468	1.04075096509636	1.54691161762642
-1.64715321425507	1.19091633537261	1.61939554068746
-1.79189380564618	-0.0555825885405975	2.45495966822567
-1.25176958927163	0.673862812191338	2.70736153694008
-0.0849469399371221	1.4502543998439	2.5702694918635
-0.0791687697527724	1.28456631785413	2.50536709865485
-0.437146603133732	0.205655356809293	1.70627523851041
-0.95737235699254	-0.117832671429916	1.3488695648039
-1.7777699887585	1.39628389365588	1.5577500389429
-2.42824676168201	0.670386145393098	1.66140852666923
-0.507752910148768	0.327537552622027	2.50246379906515
0.87921092266921	-0.000450883048468312	1.10735115432365
-0.740544357878114	0.278726325797908	1.29339545465017
0.0420593676635239	0.292800045534354	0.940429816576786
-0.796412360415424	0.47388767439763	1.70275857019778
-2.04895994369333	0.329787534734734	3.10319786058028
-0.802788443852866	-0.214424182445829	2.55891040334434
0.118919178740583	0.988829205797743	1.376483309361
-0.892076641645791	1.62440089230354	1.56950338940755
-2.71130197091782	-0.259723697057498	1.47208110137691
-0.519444008402767	0.95577767420897	0.883983544097315
-1.30846767716481	-0.113324558243549	0.287013854013789
-0.0369230778662457	0.552005141679562	0.86626045131358
-1.20315381781963	1.79353386421056	1.78768673413733
-1.2782674482289	0.443673978205297	1.59096107161575
-1.57586684280459	0.643358453561595	1.67443351865957
-1.01773770093589	0.808209305058279	1.05906818197452
-1.13486381592602	-0.43759961993284	-0.879970235123802
-2.15614241150819	-0.0158856658935298	0.00248174092355868
-0.203508181353545	0.674318722565295	2.36381497038033
-1.54117786455839	-0.0120609905824957	1.1164768155268
0.0742511381209947	0.17990530643278	0.429609384460211
-0.748081264200356	0.822403072544087	0.524303076877714
-1.63440324139812	0.733736221643389	0.740168881234482
-1.10981639464272	0.334899520584821	1.31433875889287
-1.08048091464426	0.763941980847951	1.86834245441434
-1.84364380572519	1.6513296130154	2.43642435141274
-2.48440346291433	-0.281794052278337	1.59979094154691
-2.10436945434806	0.128563703724147	3.39194401140339
-1.12027225392549	0.165961347111581	3.38994142294333
-1.11703600151343	1.33006353643538	2.83360049368688
0.138192841257825	0.530959969629512	1.05934755257806
-3.01033257671732	0.981112615874815	2.02709445137075
-2.82340088031177	1.41363716059989	1.13801024202676
-2.10200251499218	1.27850509296862	1.90655873028967
-2.04436772736125	0.298551594624768	2.51995691932165
-1.9071878034324	0.33282616718182	2.58746775202939
-1.64942728427092	-0.274119892921863	0.884873297937235
-1.96319391516569	0.282450026916125	1.81664851572348
-0.686795114037079	1.08197171121722	1.35349477484546
-3.21984230962244	0.859760427286319	2.06197370068268
-0.696118419900499	1.37688336001382	1.480996906073
-0.645070218377869	0.0475092123166591	1.60110791241102
-1.83268006093163	0.0768385961096042	2.66139081460356
-1.91654435536859	1.09916984047921	1.20450502652258
-0.679092763571276	-0.210838292596705	-0.0869825169772243
0.263342408703543	0.569144270508996	1.39667774713412
-0.357157974587173	0.139915421175284	3.27986787490149
0.108343776504234	0.527338709634025	3.03349922345805
-2.03264566107406	1.17711780081172	2.78672901305976
-0.661217411895611	0.52675041390416	1.14961744549485
-1.94518348504284	-0.323709381090809	0.0884416822064147
-1.95808190288017	0.961155106178948	0.303762409554841
-2.36745463772955	0.226090913316023	2.10272251097973
-3.91719627395975	0.246580521081899	1.65084697872568
-0.879732717203936	0.334756366717708	0.834945735600392
-1.0555250217864	0.252027222839428	0.754685399240682
-0.566366507881985	0.876485579056087	0.412763105601471
-0.45535265390234	1.52830709546714	0.343465953355274
-1.02337803166072	0.858635088887324	0.275190336832601
-2.0612098636468	1.01513865466833	1.54436485459989
-0.998277274572701	1.35082584294591	1.3896919803627
-1.90607592066627	1.15415876955416	1.3472229739088
-0.776203097048016	0.7851936593593	0.880420625788951
-1.10686659382112	0.682663779501534	0.767449598752373
-1.3196006140339	1.45865791322504	0.18731727523096
-1.01019419443583	0.695577784031939	0.383177231171057
-1.09592796205701	0.291419664460676	0.984819453013098
-0.0384502244308252	1.80376937111863	1.71535897983283
-0.848958919633439	0.503424159358665	0.188811999286334
-1.77882488992441	0.762158765207744	-0.170106925408476
-1.77190760067531	0.511332922558031	-0.458394298337509
-2.07353943045456	0.581512645025727	0.37884483491175
-1.39508894102782	1.24485519814149	0.950591938580408
-2.25263019005656	-0.379203910217765	0.440920729222956
-0.969367476210931	0.854315055866205	-0.251142422608946
-1.30878927671082	1.21318552963968	-0.0875404988167506
-1.13016554955981	0.776948636629852	0.819018362427492
-1.37424297011731	1.30752790562166	1.32516702707796
-0.551721682838533	0.505506719444932	-0.220359214262466
-1.33145596487316	-0.0122827864338332	0.302961743846168
-0.926104276853478	0.712977466145316	-0.0605367381497405
-0.701513858530453	0.532051438586037	-0.425265987191338
-2.12911819371909	-0.141952525039157	0.423727421077494
-0.981902011771789	0.2195493998228	1.65082035156776
-0.0476536652212312	0.987221218300439	1.729437549057
-1.66157806728034	0.455893834997421	2.18765711954959
-2.06216277688465	0.723172819928439	0.903628140065937
-1.72289748248654	0.723828335910142	2.06825084817132
-1.56148675563632	0.403237663781799	0.36971070719214
-1.74645175743908	0.445411732540464	0.232038005463094
-1.88380331120665	1.28194246298979	1.13736236008472
-2.22804819788763	1.55127203887353	0.893645659422195
-1.1112383313141	0.930076509471326	0.528327584996715
-1.1112383313141	0.930076509471326	0.528327584996715
0.336061850034894	1.1700320948897	1.7678696562182
-0.816980309863792	-0.20185502834276	1.91548620084765
-1.70109873253495	0.147004278518635	2.84478615615082
-1.16283433161023	-0.636350550965257	1.59424697920722
-0.309041420447249	0.28183292707854	2.04394865019373
-2.26794131526078	0.595148159592046	2.11358969969821
-2.49427130040312	0.964382477089013	1.87715256687792
-0.356339425780744	0.36753712464859	0.977142219720395
0.614125920430832	0.887465936039914	1.46689849211745
-0.854736101300313	1.65701291366698	1.44454052440084
-2.58296221808803	0.894649771009107	2.77285551032991
-1.92256639970519	0.135956502061096	0.935170251568653
-1.82500966691926	0.219223536425422	0.642463271973753
-1.78061097588828	0.0672585208142599	2.27504820228645
-1.40747004693228	0.194432336842366	2.50958774801121
-1.51465669730541	0.364378528834387	3.14514491994158
-1.26298538171143	0.664483641574684	1.5180636561179
-0.622772982970429	0.330500073942689	1.49752676197011
-1.15530028400077	-0.269310493044251	1.00854732260571
-1.57646893462512	0.319742232434643	0.967393218639674
-0.741653041651023	0.142144418708872	0.982534544670132
-1.46830971088536	0.836000542605011	1.74910703441772
-1.73564397583779	-0.141478770279771	1.87989765722882
-1.97016966910859	1.4946758128987	2.35795161343284
-1.56372712825732	1.33566592169142	2.39801103636432
-1.56372712825732	1.33566592169142	2.39801103636432
-1.93864164412439	0.578513039390692	1.14154471440025
-2.00354235008736	-0.497447629066615	0.916280673265779
-2.35858774603337	-0.197517536682156	2.8547384669771
-0.246197736396298	-0.402795015318786	2.38168609417159
-3.06158907228028	-1.09645416200876	2.86137176541845
-1.8382384821678	-0.143755261518178	1.99423628145033
-1.1011166608788	0.248421696612292	0.298699049176413
-1.42988759972076	0.8634513605998	0.414586998746727
-2.24360061486478	-0.468755536213668	-0.474778514589772
-0.83668728506372	-0.11353494759461	-0.0204947723519388
-1.21187966475751	0.170339856547759	0.579639247036914
-1.68251517727649	0.566246734772968	2.20712066390987
-2.22121298419905	1.32232026338167	1.22598246729384
-0.662883255690003	1.089973417652	1.50572996759324
-1.59109643026888	0.840823331881058	0.614116757111566
-1.41210616909942	1.31788460908692	1.35640513037225
-1.14708498459517	0.0476514184653157	-0.0439975044138456
-1.40658429614519	-0.841731240779058	1.27856110458586
-1.40150574635376	-1.03338540322428	0.199252876501163
-1.30996446886744	0.527824416501795	1.01106711759592
-1.20310940287244	0.631187633565812	1.25533523488712
-2.00861857821656	1.12789121707854	0.945225106455297
-0.636099068386734	-0.190709991230536	0.506831784354061
-1.91389406722963	1.01184390701001	1.42315405471087
-2.324200275763	0.373877250950569	0.60354560500231
-1.09176677533342	0.834063219154676	0.0601740982429871
-3.04473880504382	-0.0579117136564329	-0.822718261359285
-0.508921992063599	-0.508476312469294	0.0217642071906556
-1.97254741429219	-1.05882015262308	0.688381128341036
-0.850123168916471	0.28651632802888	0.80440653501176
-1.10906840504953	-0.0788968594793711	0.858129664430634
-1.5805567780128	0.685017345971461	0.210910654230105
-1.7000496204847	0.646620857737109	1.07128191238508
-1.12282815156056	0.729939207148155	1.1305945692964
-0.786045037557986	1.84229509848694	0.474721621754248
-2.62924522429051	1.2409433151188	1.07532433272363
-1.48979615279217	0.67361553416987	2.20898468894248
-0.475168641405771	0.601912527446863	1.40785892844529
-2.69951824386678	-0.268340966872615	1.62023088465524
-0.552134235322541	-0.640759102553822	1.80053396661606
-2.11290035216904	1.0218707842717	0.429319202150072
-1.45104084779116	-0.656179560962097	-1.17126166597467
-0.222110103918074	0.382431400429463	0.551851728367163
-0.833040044790735	-0.611440589044176	0.33925914451603
-0.36147740551998	0.224672969239574	-0.27695140525965
-1.25615879072037	-0.123326026877739	-0.867197675876036
-2.08598588532623	1.42769844326894	0.601932772052062
-1.06326508283368	1.69342487998077	-0.0632833479862283
-1.06326508283368	1.69342487998077	-0.0632833479862283
-3.52496567911728	0.615612870918258	-0.923647202232704
-1.48146230898856	1.27028487732514	-2.22501883918858
-2.67227468615119	-0.706134480197619	-1.89361382140881
-1.64345780304029	0.43064653024189	-2.14243548590221
-1.35056407997588	0.211028675357723	-1.63860658758106
-2.42306724398567	0.614605901086491	-0.892349385768657
-1.45801759799169	-0.728895163180928	-1.42362956804578
-1.1653032895924	0.0830178865109332	-0.132550301151983
-0.513066919902672	-0.970925157434729	0.584163140150555
-1.28180684494941	1.36288578543274	1.53706773249865
-0.475803945056501	-0.108300721898744	0.802791966666952
-0.808657675092842	-0.0617589803260458	0.707478375855419
-0.360378578733968	0.943000805565125	0.744507530863128
-0.605241292950923	0.843909763824253	-0.0978857343029534
-0.914770140286122	0.298801987627408	-0.0358765656972754
-0.295572527502419	1.45610998633476	1.51662100803282
-1.14358213199655	2.02804476181506	2.42245759929156
0.098374130860613	0.782993730951453	2.67704626742693
-1.60941640372297	0.538327205751319	2.13073166314773
1.60961326172935	1.04222514966203	2.05595171705749
-0.480514979501677	0.722697745846832	1.52411456881247
-0.456291509682558	1.63188773667976	2.65444928378505
-0.902020597447831	0.345791968898685	2.76935667468098
-1.50411655216496	1.69591897251683	2.32331753183087
-1.34865273047678	1.48081883759226	1.44122559703223
-3.04573229523472	0.464055500416557	1.08120023095854
-0.112092873544621	1.0883216036499	-0.118207256268204
-2.17278581096798	1.4545159619422	0.251296707937065
-0.429535151501897	1.99734971191089	0.771408270970141
-1.88524869976684	1.58397546952479	2.13023537428224
-1.40351807755922	0.160328857296456	0.692715576036168
-0.493435493494722	1.39025496836651	0.180889344565599
-1.36860028606464	0.685506183554322	0.632488499064772
-0.91279173992151	0.557109977904653	0.466887145034163
-1.5262869976402	1.07392732664544	1.66724404029262
0.0197184929326522	0.34787190953845	1.7596082589084
-0.924567422086078	-0.000396816405447809	2.66369598122227
-1.03585835672862	0.781545842729548	2.55653919183417
-1.94297720891076	0.878951939977849	2.10929725365685
0.501365600824265	0.225754892107151	0.929146739609459
-1.06808263636256	0.110397564328761	1.00082022906157
-0.448268004672872	0.112224532036098	0.608396417395118
-1.32729205772846	0.532961438302163	1.94255474415045
0.647905066609046	1.23307975476913	1.05079347992293
-0.191741122545497	0.515221746131069	0.202125511210805
-0.15123048895533	0.753612071034914	1.06874571999064
0.214139668140402	-1.60215005151813	0.741077521749104
0.300467606072613	0.059719095192615	2.08312854105336
-1.65390401844508	0.727400851253797	2.16348910222161
-3.27464657214838	-0.184492844032928	2.17861447325318
-0.161374722593232	-1.18699081753325	1.4415326230387
0.0366385803051931	0.83862852722551	0.736004794087755
-2.1909442034986	0.611283638470026	0.293917116876027
-1.94376081513914	0.751239916521928	1.02217186255728
-1.14253313406139	1.1304540118309	1.05659333859894
-0.238548175151731	1.90330961296358	1.81062950048842
-1.84770566155683	1.33655773522976	1.68596090257057
0.805840882657504	0.434987590741116	1.86875546440872
-0.213530843060402	1.12245713214069	1.19188400110636
-1.79219370105606	2.37861207881203	2.35303712298115
-0.070981675506842	1.61894527760464	2.44549149919984
-0.401113604179141	0.702082536195888	2.15879563081519
-0.695027509453886	1.53824303215645	1.66594711429327
-1.75442746648489	1.48542173448396	3.35424792658489
-0.195321057455937	0.50511135599795	2.26686627703524
-2.47372098786553	0.647235259012151	2.78247217766056
0.0279348262998071	0.596605724999168	2.35026034670291
0.236226401554241	0.193171325739976	2.69269963825907
-1.5129291126839	0.734637319815593	1.94859608230187
-0.263261549918349	1.31735437955633	1.6548008247841
0.635094826617713	2.30873087590793	2.26499728481036
1.0062033083336	1.40101954087027	2.48926583306545
-1.33630892697992	1.17843748757708	2.16536781227721
-1.05342424875062	2.35065314028115	2.75322007680379
-2.38932292105093	2.04139052479001	2.53026568536186
-0.502039061090187	2.59306142100427	2.43473559227457
-1.72791909163718	1.8377932442846	1.61850108925023
-0.919963947355848	0.9899830145224	0.768567162957975
-1.64972794481645	-0.810767758415044	0.595314241549051
-0.731998655771247	2.82863621668769	1.58955069531873
-0.269221879748666	2.93817644812126	2.23038388684463
0.429374096604185	2.36917821393899	2.7248938665035
-2.95952796181737	1.39046990542525	2.98498031222692
0.532190023479441	1.65470985760122	0.59836816425641
-0.734630457186333	2.0113756489735	1.29097336396059
1.02594118994219	1.94236163690531	0.649743927232662
0.890392962860582	2.45347773228418	1.16094232219887
-0.388807440994182	1.35043465322786	1.09826363948387
-0.7277484847594	2.80557326839129	1.64593713842912
-0.953232691598169	2.23282092010775	1.47940313195862
-0.565377013836467	2.75261470715595	0.876704955364854
-1.46744606625536	1.77249568377169	1.06728853984298
0.331726997832718	1.64888159213848	1.37151948347652
-1.33921991436073	1.10422712990944	1.27889115509211
0.128728349324085	0.103626622387939	1.68732868467259
0.635715948515564	1.97603908905641	2.29072072515244
0.834046475838096	0.764632468460529	1.90830973907743
-1.30634109060581	0.443179290232049	1.81929585152574
-2.63725172107472	1.57702651326137	2.47968961810969
-2.72282100992968	0.170161450829381	1.74211430968982
-1.69741462877726	-0.383610374425221	2.18438818364135
-0.846600383049614	-0.295889271261387	1.13380374248379
-0.606394747753467	1.45118803852922	1.56709606038424
-0.497408133013241	1.46429701189165	1.45541770232353
-2.65647839757257	2.30744300738363	1.13022554522719
-2.08445275130139	1.85336244527384	1.42520339894718
-1.67786013918705	1.81607593775617	2.39451776835584
-1.26237536956806	2.04913800801992	1.41837207141149
-2.34143082638323	2.21352765726126	1.12360102963097
-0.729354912275473	2.99018148763639	1.93661395572214
-0.0838258534289338	1.51918516922838	1.68295172995463
-1.03392762984588	0.302840793045072	0.10208852441799
-1.97380500267135	0.495675954011954	0.66443252362532
-0.715531978108965	0.663941968026655	1.37414502225773
1.47056432465668	1.40653331931239	1.48647869635049
0.919979156270504	1.66543403317047	0.873250360282977
-2.80026690956208	0.199779599092152	0.909542001164976
-0.131760143492127	0.806733730872822	1.86595534467006
-0.857453107267075	0.162542440507172	0.799765774756282
-0.289704555388838	0.727013926263406	2.65174324499132
-0.791961734249905	1.78783238506845	3.16874994554096
-1.55669341249689	1.12812698226138	2.49470165887357
-1.20279386417114	1.62140918400099	2.45442966485692
-1.75172815827748	0.730408238190026	3.06693847050785
-1.17580647277432	1.06643724807761	2.93164689517584
-1.54398277812292	0.978327403101293	2.65604444772941
0.334421858587686	0.193399555788755	1.08915271726768
-1.57485859243054	-0.0967013183649967	2.29399699130405
-1.96921441317289	-0.894810456053004	0.721071530643002
-0.629634039497852	-0.582908774723264	0.696164964993146
0.242705668706694	1.21017314982729	2.01653954762074
-0.989761285779796	1.16254315347953	2.57148814497076
-1.16674535363293	1.40882945757184	2.63702599792537
-1.16447189742897	1.943191687599	2.08185901559264
-0.00535320675634082	1.39293992286004	2.28612100759764
-2.0369299404043	1.12377852959565	1.0677783605785
-0.0602260330347351	1.52696664683246	1.83477703785879
-0.185832859430976	0.966758578097162	1.47526900795373
-1.37356765529463	0.837443842456374	0.841166229067382
-0.788176590374765	1.24336664984179	1.90608128730356
-1.65224420641938	1.04663985943217	2.27323713525336
1.73416758233989	1.42530467336023	2.14226919862193
-0.660158382725679	1.05303552282628	1.95365645674131
-0.730588212622115	0.659919546491268	2.50719208142867
-1.2134423189769	0.0659838238134495	2.1004194542047
0.818207486523187	1.25876903042971	1.52877040273984
-1.5244586168199	0.421049326695709	1.88180985372317
-0.536683622308335	0.374387473371197	1.70915432399247
-0.452421080355043	1.38374542161715	1.92080990100544
0.0559216177443311	1.52572167991577	2.67088731801974
-1.14366757825127	-0.217573503891613	2.47229620895874
-1.49400596180651	1.14211645433069	2.03239201658037
-0.151694810206617	0.457629122796694	2.14170509920554
-0.832416311465514	0.860683077312392	2.34520006034641
0.109189828428896	0.963706461153845	3.25592963567155
0.130829548162226	1.26152331831805	1.73869161566367
1.38785507687262	0.379153723140042	1.74145206156162
0.851798135361269	0.0198805762218755	1.49638296617451
-0.646261530290603	0.611836968312891	1.27998133464837
-0.407372516960056	0.0367036392582582	0.0482826337384263
0.354521945499869	2.2590936741205	2.31118720160278
-0.902507297435294	0.689520554313707	1.28852051634174
-1.14077959047748	0.826629026008937	1.52865181372781
-0.23880871484282	-0.103272432530796	3.02912534309519
-0.53136951196148	0.501662989058125	2.9923686419179
-1.07002724648176	0.585830125571743	1.9048569347568
-2.187623243736	0.158572430968152	2.98900747962944
-0.321577161090012	0.483310848555323	3.13025646487576
-1.2191011277166	0.313332400954306	2.24362194192512
-1.35052122455289	0.583692304463159	1.72722398595036
0.846968183185103	0.142921869501146	1.14452389897866
0.788656276375191	1.24913176324075	2.18059689444761
1.28029871741114	-0.187157574866085	2.17418784244713
-1.34057496118824	0.524897770994739	2.37104653036791
-0.458945927428344	0.496807552044382	1.5853577676708
-2.01118928835708	0.653242095068915	2.33800464765344
-1.88461388285609	1.22882047428683	1.58895348115128
-1.78165149702932	1.30568134616801	1.65032949835599
-1.09817856931496	0.599694203826186	1.53017656200223
-2.54708570227109	1.9428846705672	2.38102528041757
-0.964635085316127	0.601595999763875	1.58813488357299
-1.21879471038015	1.51056024960534	1.76463290697631
-0.796672056772258	0.881275397784953	1.51919784818607
-0.2770198813056	0.463725703548259	0.584271788656686
-1.19699369014092	0.602259320689625	0.312334801945469
0.136527542346252	1.17835199437507	1.20512538202869
0.550259586564094	2.0414586954285	1.71094945923288
-0.00418829871798118	-0.00996421267284497	1.11046274799183
-1.66545493737689	0.776361585289525	2.05289621735343
0.860815489530587	-0.540799414025046	1.01791726776903
-0.290751604073482	0.805271650027939	2.7900203482298
0.623357983076473	-0.790942513668125	3.05160318850086
0.167258054577189	0.210310944481382	1.72262856412274
0.517670278692735	-0.463529468749656	2.68994080223754
-0.554588522408909	-1.7417247675616	2.86748660730605
-1.90204681038662	-0.999045488844202	3.05674666003275
-0.257970000846556	-0.351969233335477	1.93603461716799
-0.273771608194633	-0.784688332074212	0.978681687071086
-1.50723498767583	0.072323946381011	1.71102903534957
-1.54859579203665	0.409128509569709	2.22113522203736
-0.846173558935293	1.35120994638912	1.6485010848954
-0.610880689508462	0.223838422521261	1.40686811847156
-0.534484153277407	1.2503509079191	1.4234626796014
-1.06728993038608	0.55724833694546	2.36205257511104
0.625141251630735	2.01153774833078	2.38908932795573
-0.839644381260299	1.07156935222284	1.36950290384797
-1.79492294169891	-0.315994649358503	2.21355743482474
-0.938981603626232	1.45260418397185	0.928837129429663
-0.937406296533139	0.157359653027629	0.727745603985037
-1.69717555406526	1.45175634898392	0.415971239309524
-0.374704397879705	-0.155374788907717	0.344828933473533
-0.43246828622241	0.866186973478584	0.178424209891627
-0.915133037104931	0.541477428843706	0.257533477059009
-1.64247186425854	-0.041440771030518	0.445613224313678
-1.14647508224158	0.624213196244871	0.123047301669263
-0.849476452349064	1.18137580512389	1.01708082470992
-0.148404701378751	0.342044553590185	1.40838269029318
-1.79421192171049	1.26563318105096	2.69819225359682
0.532940009402808	-0.0191736447110015	2.01233156433847
1.07050884799792	0.0469020414791862	1.45551116399297
-2.62919847047119	0.471496448277945	2.77231212289947
-2.05844029802135	0.436046982634076	2.04972214545746
0.77317193443571	1.4475463181986	1.38298728355192
-1.59872912906876	1.15855615169572	1.08252407692131
-0.485488315643104	0.963910914323252	1.74546699832099
-0.217153153147196	0.66172092435259	1.45538087885379
-0.365910004571764	0.576260582543208	0.982703632165004
-0.990876389531307	0.343683471263412	0.905084595449864
-0.375700817965958	1.29558209985199	0.189285485101368
-0.806743888418491	0.75905628017883	0.57640956333326
-0.513494566506922	0.373607423946069	0.548781219762921
-0.548608962081907	0.0708057174213231	1.17100433270795
-0.231274986446559	0.435151943928695	0.978623890383951
-0.3827639115116	0.869414111508136	1.53695533250062
-0.173796324420773	0.286247755482043	0.91709977558275
-0.878452499992161	0.336794414804306	1.75710791785358
-0.0890137366899544	1.19287389551215	1.90002991446955
-1.06548667182929	0.141240888143189	1.52968554195808
-0.361225216470481	0.732811317725447	0.491351900125612
0.0153948082773848	1.14860992782407	0.457039643887888
-1.09937567402524	1.49732658505761	0.325434346752826
-1.22638119122718	1.03603356802384	0.188975645830233
0.212247738843728	0.954347845465222	0.358418301476235
-1.92690808416208	2.19145667074142	1.30025824419355
-0.527299463326829	3.34842509131257	1.34224106325284
-0.0180918659331883	1.17927612849983	1.13189550823889
-0.702306551425811	2.24163222513238	1.04093182022074
-0.73221823337539	2.41341432892307	1.29258606771552
0.0485762997845914	1.09683003345221	0.114061679616656
0.30725224407457	2.63958012104067	0.357050189551278
0.343771974257929	2.25535171499371	0.891179794762673
-0.381630435369885	2.16331430251897	1.32141746167446
-0.886685195703837	-0.155621087401909	0.505701102375548
-0.794194029583126	0.955531492176459	-0.0404557013942867
-0.855662103789561	1.69211499416169	0.0429166358031727
-0.334438585620506	1.10702821579601	-0.258099914626269
-1.43018802653004	1.27303715866488	2.45631946672838
0.477792214889902	2.22943942357908	2.12934940970748
-1.29551016195541	1.7139118189321	3.25935506015672
0.392495701282905	1.21412452210644	2.8351049359399
0.287025763212418	1.29274095388098	3.17231270985071
-1.04222743978428	0.270505157641699	2.74169572516936
-0.283922833019595	-0.168432637341838	3.491525385249
0.160595413879594	0.577243825158939	3.26348381426485
-0.466745009615507	0.893881105096891	2.29297421489953
-3.19737101482303	2.21255335205059	1.81753065902085
-1.56977742171122	3.30772190518104	1.94965442025772
-2.45367113380162	2.55303288272979	2.97099196664345
-0.515603333653144	3.35645335155542	3.19894736451122
-1.02959961428498	1.62513029938764	2.09905930897753
-0.226558238165776	2.01120528301096	2.7472101254222
0.252659284732357	2.6799066935368	2.34983737819068
-0.495791846609477	2.60413735306004	1.10272121455606
-0.597056294376949	1.26316976563488	2.25967621936117
-0.190147961723232	1.35944657086446	2.00984548534404
-1.28024825863031	1.17519883467615	3.41304578304746
0.0561241430220546	1.26850056288466	3.5320598846616
-0.0387274061751169	1.66386161762705	3.12258273162946
-1.1000303350715	1.73367595224862	2.13934324207649
-1.48307334670762	0.66667494794849	1.83398066100177
-0.0090958518640486	0.657264210061078	2.02149088021993
-1.91345637669257	1.47106692947163	2.24967498485661
0.396596518816056	1.58453916678043	2.33628110063894
0.412678223885635	1.51890095614078	0.956003883675281
-0.565519752924378	1.4861306037284	1.25420231369735
-1.21604947174987	1.28256893654597	2.58710135628969
-0.418374218398935	0.200780630161383	1.63235463107694
-1.32197435158577	1.262578734526	2.74222571935471
-0.633626108302764	2.05956248984993	1.47541018596364
1.65702086090161	2.15638047386149	1.56923749840689
-0.519835713097412	1.78796499667971	1.71051037174615
-0.397436158313833	1.25185053209376	0.865733208435369
-1.49752781592215	2.07757639017832	1.72978404944492
0.64191899544934	1.59068834794767	2.12471963938708
-0.604103391320565	1.54408045956309	2.04921579281584
-1.56873648713516	1.43549511599425	2.44699526750604
-0.49529629271498	1.05197704352098	2.18361723120895
1.05459305346993	2.18561814009494	2.64179331420152
-0.279278853394352	1.23023873283842	3.14837775116042
-0.977954581966122	1.55958751335139	2.43887222865763
1.26834409420809	0.907114303089342	1.96218062855787
0.189198929373597	1.96384010485167	2.98571556569512
-0.0860146889692956	0.748409845781234	2.46143754872582
-0.927621235692321	1.40115111495684	1.22640862056527
-1.48193194820722	1.33558514024612	2.14702085759712
-1.57970062841721	1.33468791839218	2.16961853211139
-0.0843374528915426	1.76466730344998	2.17525140495761
-1.49085996364858	2.42248018710595	1.6333374646624
0.853000860089388	1.02580840126734	1.026022689639
-0.673055386427817	2.55728000379051	1.30552588866262
-0.304401827678989	1.73427286396298	2.59886205897227
-1.09813841157862	1.55295222179708	2.69479243708933
-0.167098500316117	0.592776532617708	1.51549139398637
-0.204046113986349	-0.883134352437	1.96316021659354
0.930652933976489	1.03122316997544	3.36329766740993
1.0248120410374	-0.442646971747247	2.5873147721143
0.195202696597657	1.39606954164436	1.90378869520362
-1.12584895224455	0.980908731510407	2.57173068611127
0.104787178413587	2.2295967713932	2.63983038559664
-1.5819437983146	2.77769184650142	2.1763982173707
0.541764929085108	2.68111238957261	1.61331570385006
1.25369159658305	2.18380887880447	1.23848262473081
0.025875706078745	2.46139960728242	1.93133024062691
0.0768919039054872	1.57616949540032	0.882663797599902
-0.0858018197608958	1.86996152979377	1.60724151635284
-0.504033558144039	1.38077578872192	1.37630931924522
-1.06186291297319	2.13661316214868	1.59950535271573
-0.221284824245718	2.58272488395302	2.54959134882184
-0.753051925429351	1.58600217906819	2.81583076538484
1.0574761507132	1.68319727714884	2.76214066601201
-1.38992549702408	1.39314132443262	3.1994462467131
0.696179702991307	0.610299732699269	1.75472595671898
1.14512315999457	0.656026163043796	2.09605703645973
1.08120433153185	1.75615047371201	1.81063291918789
-1.73777683518867	0.745980044066038	0.807051644859106
-2.53607777804952	2.06761810310422	2.14373114072993
-0.497847954481222	2.19349434651969	2.68307769545375
-0.311964810269908	1.85965348453335	2.03632440204307
-1.76907890889746	1.90645966252375	2.03495227347806
0.158336397134454	1.73418645957728	2.10249987989544
-0.409408949701713	0.989854228764285	2.78316846655102
-0.159184416426633	-0.536346015829818	1.3722644820388
-0.714068255255165	-0.552450081352092	1.23684988931245
-1.2787986265222	0.304846417187467	2.04621083273374
0.514897258536204	2.05620733989083	2.34567659209587
-0.137022140534573	0.975569957404855	1.78035439201914
2.10326491795994	0.440665415564717	2.56626099841941
0.257533354526733	0.810818383819833	2.67488018343474
-1.21897199684918	-0.749821701487792	1.88906358097935
-0.939629967404014	-0.856460312121615	2.21525487962223
0.986670088636801	1.56251734506288	2.55839571914023
-0.0682266775076731	-0.191895927470245	2.43762261915056
0.434985859370038	0.637755176441179	1.91140990085867
-0.348625544479384	1.38242974212437	1.76452436623773
-0.803098504505691	0.936024765603246	1.56381998083721
-1.17717570508231	1.26432232836152	1.63324447349227
-1.01499799162895	1.13662925439992	1.14157287715473
-0.817128173979862	2.36905601424981	1.74647491852692
-0.68373231679579	0.553879529926435	0.632534681005047
0.317909607176245	1.70115958558236	0.320332136716584
-0.541087453412188	0.940518216684952	0.326137815013751
-1.48627763756493	0.71727026199728	0.513523853425992
-1.6897649825378	1.88490563541095	1.60631330195812
0.578964609298105	1.61554121060979	2.21690025998474
1.08449332783572	1.31485526321901	2.15806641335013
1.00409685317551	0.877293386084685	2.21555751023314
0.188053920233673	0.912685956898587	2.55438302822098
-1.04626473062875	-0.258597879370929	2.30473826888243
-0.438968294026244	1.21908029749343	3.08244824987687
-0.716252235530001	1.26474607262041	3.27509316100042
-1.14984067305598	1.01335291251135	3.4536564211225
0.929719427859342	0.64540573712115	3.25604257793183
-0.00227733102095171	0.719563190867752	2.770754059924
-1.25169057895976	0.851945385958917	1.72625392762805
0.937678077766824	0.313394551687705	2.87218887017237
0.317423861226254	1.20077144629679	1.8834487444908
-1.02277125067244	1.17053462175681	2.1770132958444
-1.17650238256558	0.327561268247859	2.0439254302986
-0.460722027289463	1.59685223801311	2.73128440102588
-1.11223621925298	1.80383065749825	2.28953062695085
-0.270602142367178	1.08196874219529	2.35725245494992
-1.31521686718221	1.98419936672534	2.33779947417629
-1.58533690462185	1.768472606249	1.62852912390862
-0.281933771970348	0.112124959265497	1.38535820709086
-0.985714981300676	0.256265491353181	1.66545442356203
-0.343436680107535	1.30515909127893	2.08058944165555
-1.75314045225148	1.60342524301283	1.70458326907875
-1.88670718068457	0.269021170966489	0.257543393822733
-0.856502799956448	1.25934800859962	0.695515416200308
-1.90832429933605	0.362880686404465	-0.27777326136351
-0.292869801039392	1.80794013516648	1.17210703727115
-0.704671703751617	1.3650172987686	1.79537190068847
-0.621774878979587	0.117180592920108	2.09607231390463
-1.56917233702985	1.88895865149522	3.01698341767135
-1.24996600719283	0.904697162551533	2.23415936468146
-0.310491285922651	2.02109903426561	2.05059153675399
-1.17412066697196	2.14366650044458	2.44316399688267
-0.294259181367513	0.528586064844506	1.37335771727934
0.352977017958219	0.527706729971754	1.79369076061351
0.747449247287637	1.398405356858	1.31331185454697
-0.618102908158931	0.612981531536437	1.53909270275652
-0.594074675752506	0.862917889447147	1.093593167864
-2.78865357218373	-0.224746946427486	1.13082693884377
-0.883813911386107	1.13271130692254	0.724954480088538
0.117350889809171	0.130797128410869	1.63061205698439
0.167273978871726	0.0123567006367481	1.14450118477828
0.167273978871726	0.0123567006367481	1.14450118477828
-1.02115681040387	1.84250460118123	1.02118048910368
0.658000651289937	2.29143357256743	0.804887966718399
-0.0497638174665375	0.968873858757394	1.69447852078826
-0.0837414564407982	1.09583599572217	1.19781537649165
-0.27867130273816	0.549566267079445	1.71650499402434
-0.748802384304847	0.779331532041433	1.84236488142426
-0.561719618450213	1.16091828510279	2.12122935331016
-1.50846195875334	1.9028886653958	2.31758615072732
-0.564063100685127	0.959659946453569	3.06594198019147
-0.16613817803361	1.36252612944281	1.45692181571783
1.63402489130098	2.62337789106422	1.74640876185152
0.516922270944115	2.84213757086637	2.13435528145723
0.292994852034722	1.60425381000785	1.33307988099849
0.808605185893625	3.18805038736785	0.405260746778396
-1.38283700845534	2.55508582306018	0.288606705104053
-0.441257267088869	1.857527180267	2.59053840392827
-1.1942998082422	3.31814627476878	2.17435364239823
-0.668184740621269	1.95397164557611	1.0706135091944
-1.45225421299707	1.64552412233314	1.23109222235199
0.365197883207117	1.72202958299888	3.11500449500689
-0.861323916107231	1.4326791769227	2.79685796893404
-0.51079241542188	0.40684020031455	2.39112258821232
-1.55352533479987	2.19948170979211	2.88408297378984
-1.05343114420105	2.05126045271218	2.77671524134365
-0.415385674276363	1.50677137693352	3.70594180390754
1.84863903126378	1.11015830225391	3.38947228149208
-1.63405861373423	0.567231215181463	1.98851475322155
-1.47919054501473	1.76416501144835	2.78337705452719
-0.637552767797215	1.69576512459476	3.36112244949282
-1.01094513941586	2.06748891397143	2.01696547942144
-0.986831202031346	0.496638018002343	0.546538729641399
-1.54714153800145	1.13231599984745	1.9603032466347
0.757738084714386	1.25530330914371	1.69167712717222
-1.13204249366266	1.5508830522878	1.71787156530982
0.767208125168446	2.64630249559969	2.01873838339792
-0.37821556804873	1.59321062218489	2.79984106849761
-1.72975680743857	1.60499756408869	2.33800560759343
-0.121303591361819	1.41770876275023	2.6698693978788
-0.193393927474346	0.693364862451619	2.9555790442202
0.352529746514482	2.49415959890654	2.36618756550755
0.55559250733408	1.57230116021306	1.8449742230532
-0.315139097615598	0.906252074401663	1.41221446140573
0.443325081713275	0.714692436237047	3.01279944026979
0.0554617039172397	0.757538110146799	2.21000354208437
0.00981690983461356	0.0402071825754916	2.10048788528035
-1.24017167730722	1.54588996904897	1.53725404796636
-0.701955865256465	1.88572716452514	2.5159536492797
0.927631291865596	0.498781494481233	3.45688649785827
0.494849749433179	-0.203301735452131	3.94681946555883
-0.709721286048467	-0.206397175193858	4.62139754819769
-0.94248967570346	-1.36386800514334	3.69083234722518
-0.181914187063311	-0.36262553106298	4.98680417092347
-0.837449145411674	-1.03894900612246	3.57530643334895
-0.503384182264278	-1.06478335766396	2.47028362934676
0.772832454423984	0.146791186473638	2.84707260878235
-0.963358422379749	0.733715058736707	3.15259136179144
-0.72869671411267	1.13608103758524	2.8064520056261
-1.4757871992871	0.87883517194809	3.40512608674155
-0.631869888959063	1.02575133818605	2.81331477529773
0.998790948658548	1.22508175966199	1.89173935762004
0.309800630976363	1.97503583434832	2.38305380168847
-1.01125063294515	0.0941355915552067	1.63215350800488
-0.221867055427511	1.06202030690062	1.57547024604588
0.223130681008934	1.45589343469578	1.54760007237484
-0.396885157622933	1.04599825221558	0.19995580172306
-0.396885157622933	1.04599825221558	0.19995580172306
0.136610397367723	1.46745942550612	0.451321072902593
-0.406563532541829	1.41277528164644	-0.106552753270876
-0.937975088613658	1.48807218514452	1.23942899856435
-0.216244660831947	1.02798952311605	1.84238967396616
-0.780868518703936	1.83260393259561	2.65259205911944
-0.742298758116871	0.745829712064586	1.97716570760057
0.0905871677233474	1.4902744151149	1.96826005113109
-0.65489085758593	0.952692212597381	0.913560482203916
-0.0760639927323111	1.2165575430943	1.50926977995402
-0.267375190283088	0.998006745795024	0.638405913403447
-0.267375190283088	0.998006745795024	0.638405913403447
-0.645682819693762	1.58452917483115	0.651289811436961
-0.574754988163664	0.690575067334127	0.537544599618147
-1.59327657762594	0.757151841833331	1.22127452264046
-1.09361072939494	1.2255146978192	1.60910853337621
-0.627652302847659	1.27090698259602	1.69212389521808
-1.16540872202896	1.77784971598472	2.13761633853139
-2.99711542765677	0.257617319178419	0.438461447186192
-1.19351343746853	0.6486370151022	0.99311621579023
-0.854222415568868	1.40014705414538	1.4784918176147
-2.6255046482646	2.04210798857401	2.50234244629762
-1.98635715508637	2.27144893834077	2.89467740768751
-0.516344944403998	0.0951180578131857	1.27472104593096
-0.461965125659645	0.0381672074890384	2.3422896333941
0.819235121526769	1.3995531477344	2.68070546975239
-1.82622926848594	1.40694091420508	2.42375538393697
-2.29435206472625	0.898264500199758	2.54971145726047
-1.30547340137941	1.39728797334239	2.38310358770138
0.0304593696664647	0.110057684697868	1.55478114627463
-0.478735873583894	0.573472680633937	2.01178535012427
-0.488186774632527	-1.16171052014123	2.0760115946791
-0.30077874017766	-0.768439139582959	2.47050039077066
-0.154138992512416	0.0128333095452315	2.58696978682409
-0.664506837835594	-0.247598325722908	1.67068645706134
-0.947254946522306	-0.0996713378270038	1.32855069867637
-0.914974543804121	0.237687896737094	1.66466895432595
-0.147948599292532	-0.540322820345523	1.27350140140881
-0.319793397360018	0.133694992424083	1.17724070278049
0.182015849371741	-0.183039883760448	1.45258653535391
-1.56841953038695	-0.215238689272235	1.97240267786822
-0.23704038581602	1.02470665685597	2.06903744424195
-1.06206878715018	1.91212590392209	1.99602979098561
-0.85615118284978	1.536026575468	1.17598392379464
-6.5836926496976e-05	1.44167642029512	2.09481062686004
-0.258548838948635	-0.0805599048689879	0.591436540801335
-0.809230927111221	-0.217110556205835	0.193846694595115
-0.797745735878674	0.670922874194042	0.525069284318316
-0.691575681675477	1.75736655423312	1.44713889680897
-1.06474399291817	1.45278154520106	1.1450035756338
0.198539858734334	2.13883684121886	1.02171526208636
-0.400966692934672	1.51585226824905	0.564876390823057
-1.22475813495242	0.970078400491954	1.91963205286071
-1.12601801580226	0.17543277791199	2.05874421279485
-0.978991034839987	0.549578400728793	1.61033708636006
-1.33770132528589	1.21204970959891	0.977488995914319
-0.240912799214335	2.09762114232414	1.87354391639898
-0.627049893442236	1.07970837486306	0.651877966219596
-1.0338756475636	1.0574905721167	1.20507889540051
0.325528151131128	1.34110825377318	1.01665458550365
-0.607666140360256	0.563490658921828	0.0888957541138282
-0.87548257404714	0.397329233821328	1.02382752467444
-0.072277004813232	1.29002339139542	2.49163024327353
-0.217578997880551	0.560030787122662	2.41941414195209
-0.171567164877688	-0.278483557631984	1.70641902784479
-0.239760902336258	0.0675573209599374	3.10369566667149
-0.949656488732264	0.456686134949623	2.79199861642271
-0.878304341140364	0.774073882674056	2.27988697704198
-0.227900479460561	0.48743097702832	1.19200417282483
-0.275061507811943	1.16351018282239	0.854100635126212
-1.2944050000772	1.45578507830933	1.10044607480043
-0.361937136142966	0.972270370167407	-0.208383956154497
-0.94400791664849	0.209055203205463	-1.22982371526546
-0.674347134912664	1.91547603103288	0.553789394267364
-1.79625817914593	0.728591816077862	1.38276395500603
-1.01893041193574	-0.167787316034658	0.618054330410201
-0.0703123304987239	0.0803008656834774	0.884802839327001
-0.187429565682487	1.01905084895654	1.46327108876356
0.0347247419333261	0.0884187015031101	1.67324849247541
-2.11735379430572	0.530701083309344	1.87489542693925
0.285348071365205	0.480211344835001	2.64406723405814
0.0720897334775598	0.621080252058208	1.77343306134206
-1.05141023223734	1.4514788807937	2.38658193786391
0.192144999005173	0.482214121042227	1.32672930984674
1.12814331769877	-0.0580195794977093	1.10248667863119
0.800469282392315	0.321828743666646	0.396596156482564
0.0425800170188166	0.0413017796664802	0.665206272327099
-0.903376848486161	0.0764990437227529	0.373804495971352
-1.10249508697258	0.608358001122702	-0.0456443925195921
0.383850297535871	1.31403278587385	-0.183316397708504
0.295861042669802	0.0950035137168131	-1.12169775030843
-0.440864033057165	0.970181066028154	-0.795000648115872
-0.866482316284192	1.45487367526951	-0.0795380000101421
-0.92269803296606	0.894204373344243	0.0239505360466513
-1.8088748667643	1.87369161540182	1.26588147748146
-1.96298748979726	0.841266943283981	0.696912714163998
-0.962503559569725	2.14371480713396	0.496430480605122
0.261257974738023	1.05134859413441	0.575092663389118
-0.869624585067936	1.27073945349352	1.33488641757769
-0.330312239587978	1.66001809130193	1.74569450219249
-2.02682132202363	0.657093939217601	1.17994656082334
-1.77199098688201	0.887440459472719	1.38953265806091
-0.0248398726324156	0.351991848917079	1.49900875262802
-0.684144438522534	1.62909063577053	1.30922000007882
-1.26925493990393	2.34936837235885	1.90387675496227
-1.00726842581753	2.28877904656473	2.33705161878159
-1.08389086273108	1.0115705664124	0.625712733440528
0.221878259325131	0.923186801209126	0.819361377907792
-1.10416564288919	-0.417117971291256	2.05544642204534
-0.698105182804155	-0.614904014906446	2.35514303133437
-1.27451814374706	1.67483990525482	2.122147883443
-0.675562721895068	2.44396641131499	1.95424292487384
-1.88229993547061	2.0415234518783	1.71286329168525
-1.01209759915139	0.769331091018726	1.22377661764001
-1.2753451259146	2.23868467867739	1.39863803565421
-0.0428708012820969	1.46241472190211	2.55919296141428
-0.809807243110068	1.27957549276979	2.1584358019648
-0.366018092139064	2.6607887937851	3.43470220222265
-0.67800323321638	2.09300904167217	2.54188441635802
0.134267006486677	0.969859070189931	1.15953580809048
-0.746926924006389	1.90844067992948	0.765744847732478
-1.16428295921408	0.812628600980674	-0.28506409932992
0.066547744297714	-0.230051614911887	-0.0875929471169958
-1.22276936873907	1.89167919609616	1.99348793652716
-0.72268924469962	1.7084543347557	1.22506231342535
-0.921066067469526	1.07057267613423	1.34620822045538
-1.09726123000225	2.09126037094474	2.05003206625806
-0.706017886805221	1.62977714654056	1.94321011114367
-0.0717632031136638	0.745286581316198	0.818756506521584
1.03322831936641	1.0799377902242	1.01072786586084
0.699985387522004	1.39993435984345	0.359760409873487
-1.22098684012941	0.834810065804301	0.112435197940225
-0.0405769005736312	1.46217264391989	0.827645577458917
0.337478688582971	1.84451730703939	1.35902137514465
-1.53232430433665	1.22543174362223	1.4254427410088
-1.09499260833789	1.36596492024006	0.929660493707651
0.479812237936156	1.27438470603994	1.34533062643426
0.184067968976641	0.798952237965492	1.20510634056812
-2.752979457032	0.489241253788464	0.143581735513409
-0.295798466651372	0.91063621829522	1.31887328661226
-3.25084134553608	0.744352868888542	1.26784857137038
-2.07151880068519	0.709101982643629	0.572432604100304
-1.74064080774731	0.680931466061357	0.760010207251738
-2.13761381254643	-0.417800150420941	1.11723279735137
-0.889981181000124	-0.692363204561071	0.376956482494698
0.252193621083659	0.484873556751836	0.985751300727442
-0.447283371910172	2.18501924662449	2.10418979302247
-0.829133378643776	1.80241885700349	0.883589582503409
-0.532324864592426	2.49900463204511	1.61275276967379
-0.489884635028018	1.44505967916671	1.98278080083203
-1.27508537987462	0.448291120791014	3.00951988030941
-1.74413571326771	-0.637186858646883	2.72545045793412
-1.70143849443186	-0.112471531041108	1.7663428557706
-2.76283954417462	1.05048827067969	1.08632765333894
-1.08658516775701	2.5688747746624	1.61190385109243
-1.20228031734905	2.49272827479813	1.62357653092691
-0.811706645331871	1.2963495835778	0.580031308907745
-0.646403153194235	3.09727437954051	2.14656214003902
-0.869877000662129	2.20906522228812	2.13472187842144
-0.865315321025412	1.58322571505832	1.65684909320177
-1.29195575106815	1.12206932066377	1.9012208239797
-0.532380240543362	0.950747600888652	-0.0612559057601706
-1.5907759863959	0.798216001529499	0.188301770958823
-0.377518257101806	0.733566913696041	0.257920696352442
1.21957855194534	1.09312165585479	1.07592430213176
1.25417339101988	-0.12586351147023	1.53181408163372
0.269501141074298	0.798872653093391	2.05226466431937
-0.297289899935645	2.28668040261163	2.617091468791
0.634166740145897	-0.282394923689334	1.86489732030863
-1.10271320756148	-0.725184912531636	2.19010153022625
-3.77164829969926	0.475014897353413	1.78413066456493
-0.592085832831849	2.13922550780523	1.49660923538124
0.72181005150632	0.789106465460369	1.3204903163959
-1.03220938643745	2.02253596406327	2.17131360655801
-1.67765881072585	0.857786641829706	2.42593026498491
-2.04378252795786	1.04670622436039	2.03638297042248
0.482594487022118	1.91648461963967	1.4754754036629
-1.46329351523415	2.37880507518853	2.48762138073696
0.057819767287197	2.54213982125439	0.946726100753295
-0.224523720214106	2.07512254295061	1.64123517790356
-0.558598848869085	1.96322673160073	1.38754649771413
-0.460576902681728	1.63414584996587	1.81110307257187
1.79760611067094	1.96819997111306	2.32850736348277
0.738559865196388	3.24665508426257	1.9382479490517
0.662009804915841	2.38527103511856	1.42345901041246
1.98056748180354	2.07283404484925	2.02575672547663
1.52798600723977	1.11991565275795	1.61921513114714
-0.616291759807005	-0.561537026706809	2.50492046351057
-1.82112021286475	1.8983556026314	1.86146301344699
-0.738461419777285	0.713938773435094	1.14252101119991
-0.138514287608449	1.14161291910239	3.25530317116087
2.17537834017253	0.877944896745784	2.63392744787835
0.937419459174697	0.521458100892298	2.12409806226773
-0.471660720098969	-1.0172936278448	1.92648831335341
0.949528072758599	0.141764115621309	1.77485264567897
0.977985477417228	0.00813231350294597	1.80095335803498
-0.433819314758064	0.433859605651208	2.02119256743781
-0.715510171414545	0.336200293619627	1.74376359964263
-1.93533334327711	-0.188146305882616	1.38184168677447
-2.4243236267927	0.947514073706479	0.85350145252846
-1.78503922608969	3.24111604948698	2.14748643109055
-1.56171193818233	3.15539583523706	1.7887809694834
-0.497585154857464	-0.0137939174805846	1.93530519015372
1.00166496081072	0.489352872903123	1.77901805907087
-0.519210039193004	3.34328323362038	2.10930423624889
0.63684472256475	2.08044421611669	2.11988005101981
-1.12310236554821	0.829203182576887	1.54572007263066
-2.00366738326916	2.61142478229032	2.23738964439798
-2.65994509198995	2.52124120203518	1.69418038656516
0.624051168384098	0.303016592199113	1.4145617676415
0.357417356134298	1.5659341287391	1.13537931648483
-1.99767428007438	1.89783610192054	1.93084468008096
-1.63565206303873	1.64086266951048	1.95395482762813
-0.286190751214795	1.45139185518738	2.34076524412861
-1.92781117909931	0.116907398028634	1.72701314104085
0.916619722907503	0.0718627133037519	2.45977894329427
-1.0357708012448	1.20981209607415	3.62537803757025
-2.59477180934754	1.33936477881372	2.50184206380297
-0.945761407151511	-1.08992484904059	2.18987026478155
-1.69830848576543	-0.539052495814346	0.946361267980081
0.35426120939862	2.11175178618419	2.23966338472005
0.155354944014561	1.83132448753561	2.41727467734398
1.1838267357382	2.08227453061178	3.48357997818617
0.964054807598731	1.70639902016551	3.14874126933565
-2.17421896345772	-0.127009808340904	1.92603743651921
-0.261511377925151	-1.09921136259427	1.09997816850022
-0.504763140192511	-1.73423818969415	2.22370281510537
-2.02584849930952	-1.86554167549323	3.13255553634785
-0.243788317108064	-0.719502062218949	2.73460695116447
1.60656749956278	0.561085688402156	2.21818747923423
-1.66493656157295	-0.375603335242733	1.99625962017842
-1.63509220793336	0.00297821411648164	1.83858401281584
1.82815019191524	1.18646965315958	3.35751627203285
-0.0137098582286421	0.816576534097385	2.75365445082574
0.429664130060384	-3.63669650471116	0.827632101578357
-0.215133598276309	-4.67137906066312	1.93078731510478
1.11039866987768	-2.62819702031999	2.67929233166173
0.490175510201741	-3.17984579433547	2.26866734017812
0.13181954204365	-1.81802667151803	2.15142243155271
0.775091241358372	-0.365479629982803	1.80458534129647
-0.129231543294614	-0.667735787948551	2.62009743833195
0.0936312002812487	-0.463844064744556	2.21328224319064
-1.59155097152072	-0.354628527692723	2.13005099261263
-4.43927800076008	-0.0783962581516994	1.9877879191872
-2.09023491099305	-0.234154320387041	1.54745760897734
-0.128450789486766	1.51963593391282	2.14594365700303
0.229831056490798	1.82071045284933	2.08543014489158
-0.414071457229261	0.960015175075121	1.33165838878625
0.539642016869333	0.320778874081052	1.65222918892535
-0.154523236060311	0.527022719846794	2.20982183752876
0.814308858117816	0.593438885381925	2.21232968338422
-1.45925886125057	-1.59130680933806	2.93057724311469
0.888053360818034	0.263284863963853	2.9869289455896
-0.497263191486422	1.55883582014893	4.23286199727599
-0.535065192840532	1.73042883742594	3.26609215970575
-1.8313245697045	0.567865301872125	2.05695177269831
-1.25939031225017	0.688137214469334	2.22705331897241
-0.366203178975175	1.6620551294133	1.38915294191892
-1.02552986735614	0.727421039304701	1.84098367204621
0.423411370461955	0.554658089122442	2.24332612337849
0.896759904429506	1.10963763016022	1.97896220261043
1.25567078694018	0.846589286862445	1.78954396663564
0.432992764916438	1.19317850466304	2.16077748719859
-0.893869026784434	0.218938149955413	2.04762289982871
0.0953888571418252	1.33774138147732	2.793688217922
0.220135719537598	2.09080463998026	4.37980520516694
-1.52459187446771	0.650442543625504	4.92307116135896
-1.22377975024356	1.39020388574118	4.57645278568365
0.185673808808646	0.149975718259351	4.77526625905048
1.54349798125686	0.0897910823645471	5.69460754527184
0.619353178328228	0.568724885570261	4.10080447661471
0.0456152991397059	2.35423527244488	4.63790927997497
0.793713993941483	1.48446422534159	2.36717247179647
-0.91929367492841	1.32870483111675	2.29031033870618
-1.2650606019541	2.81290962253282	2.87087280498914
0.318471693874108	1.981361961207	1.95276433674499
-0.555120064044937	0.213907075206481	2.3690903062982
-0.449159123195438	2.30598965705914	3.18839657062391
-1.62315636436139	0.935417045870043	2.82820995984885
-0.97947989008617	0.78391919408142	3.1490794705055
-1.41294047471269	-0.301156034369718	2.70354751531722
-1.36717096215954	1.23923858832751	1.70862452345741
-0.185925892675103	1.35535886769896	1.09498899976785
-0.254969703079248	0.501115462581832	0.235435130803933
-0.305620288545813	1.3052514632877	1.05316781626429
0.147441438430959	1.46162738887194	0.54699897122526
-1.63991110449434	-0.830539647866827	1.81304522304993
-0.593764662126021	-0.581971634073499	2.52468402159594
-0.092756185755032	1.37691882282407	3.70437370859353
0.82611751596444	1.63097801037009	3.1489991557976
0.172008180574145	0.811805736164115	3.37556192044541
-0.63468127748509	-0.472985005169874	2.23918521255317
-0.219160398904258	-0.443773239918125	1.63748451412751
0.119456506129093	0.0810040998780378	2.4411466071263
-0.699585308373441	0.470533948971048	1.28981611645822
-0.389373802261607	-1.98224491960926	0.922330967916517
-0.416349272151657	-0.226332940569643	0.885415817353928
0.088603093856056	1.05606672131646	1.21252804926839
-1.3449462562814	1.7953956956628	1.58928574141482
-2.38841689316221	0.297352160533385	0.426091952906617
-1.90843100212506	0.530966413329818	0.193768936058729
-1.10428465994525	0.966720811131687	0.496400326600912
-0.583735832998328	2.78208480835926	1.98967360737977
-0.88627229500342	3.30185322036788	1.48059637101497
-1.22403823883223	1.93495078294687	1.19627713694106
-2.77711631639814	1.25146609269017	0.352867963412982
-0.820334366005513	-0.211707820580113	0.164815029899438
-0.674953513833353	2.35803224935508	2.16259422228289
0.231051892502401	2.8098739430219	1.16709254045562
-2.06931117652924	2.03433916595583	1.37258307320016
-1.12770070563689	1.02083277692239	1.17326146110688
-0.578785070365717	-0.965353995117227	1.72366595924515
-1.58924802269156	1.00183500648855	2.0029125398683
0.327378260677147	0.696454734449826	1.66615675086524
-0.464611976841454	0.0160818983730016	1.60884740493378
-2.08362118319984	0.892130187837366	1.34815425602181
-0.830480058703248	2.58221758951096	1.90855965065171
-0.883299698912777	1.31783298543675	1.70920306214994
0.207766118712329	0.213580290313907	2.46046176523884
-0.611522911120849	0.408485644994536	3.10637138245725
-0.402432797583102	0.250893168028684	2.35584760804169
-1.07497222577405	-0.152414480457481	2.04428020926519
-1.10397252589999	0.259017241501387	2.34895215566245
0.191287890838449	1.94669086785171	2.50881904216266
-0.771220600260038	1.17728807296659	2.31687654264141
-1.56136641331113	0.927323664382168	2.23749150196132
-0.611091689690421	-0.870138228274769	0.998418441737607
-0.0826377457595077	0.918077786904559	0.40076525801038
1.29469441835463	0.984815683018627	1.17221523119854
0.844952019498778	1.27353390647441	2.23848534330038
-0.756383467603503	0.243929018198276	3.02497645793551
-0.477643793849401	1.41969155016802	3.20634087386711
-0.812033316303676	1.18779786527013	2.24794017804497
-1.01193963383441	1.68712092174636	2.92666006445225
0.256692886234047	0.701577145453816	3.03620127719792
-0.158985440838557	-1.59561216807342	2.78714286578417
-1.23217164366766	-0.178546584074534	2.50997124616494
-1.21773098528868	-0.487145772410172	1.36637605941924
0.107635157266489	-1.33853374409235	0.694912565121661
0.392632151471548	-1.24662027353828	0.624001039259492
0.260125671765801	-0.258577234571661	1.0297109803684
-0.0896225592401191	-0.964805702390613	0.761840090139564
0.208362684814608	-0.74014032929931	1.90233066582268
0.805787301668533	-0.330519718417427	1.66251701174818
-0.557427764308255	-1.1063536255071	1.82425667119337
-1.10667711858885	0.628458993152437	1.75846705894138
0.4837731099439	1.10854233028004	1.1645112334236
-2.46175783486072	1.67370956904885	1.40664003697818
0.405143208091462	0.171924859373508	0.157069396401013
0.527393803567965	0.881404571238105	1.40636413389695
-0.836897150185874	1.72258804362165	1.49896115856957
-1.72309260123053	0.939267366623841	1.92691409575146
-2.5689146156733	1.5270342698514	1.53663488437682
-0.274161078445282	-0.291854271500937	1.06519940406089
1.22312558015497	1.51596267415534	2.08147930412394
-0.0307557922414016	0.841685454979157	2.84956808707279
-0.158545623006565	0.0131915439443598	0.816569797966151
-0.253331259142706	1.37322880350821	0.628410361007945
-0.504836266019807	0.203888164447415	0.555830658389704
-0.935065568945537	0.740851194044419	0.504960129477662
-0.874166365931292	0.275213826989427	-0.515855566828277
-0.735951286822895	1.48956138224184	1.02927909355621
0.241210312007774	1.94365996001232	2.00430798869912
0.794144547512548	0.496834496420821	0.360799915718361
0.323497730262433	0.806838668468485	0.787448761683706
-1.46388803709675	1.45645763990731	0.749111438145255
-0.316348203042563	-0.198291775197347	-0.619851882857095
-0.505443391660739	1.14988374005173	0.627977750649838
-0.73417010871315	0.417908901962304	2.37294468167672
-0.11009640459239	0.731525555311867	2.41481906544009
-1.99036411703959	0.878796907754355	3.13369495839822
0.531259078537306	0.40349272538456	0.603420962914151
-0.463712970627401	-0.277344190248195	0.640635393392736
0.730331729794904	1.72452208956539	1.61142037649395
-1.43730494505132	1.5364246109069	0.290654641648484
-3.42325252196085	1.57624723021239	0.28590145434259
-1.10336842324956	0.676964529979876	1.46854076213227
-0.875645901290554	0.572447194952719	2.38178077880903
0.322460056459554	0.427340417421386	1.01648367432439
0.336932449801592	0.205917113470641	1.83550929462305
-0.086837352956579	-1.5604821015009	1.86512449031208
-0.229624699161961	-1.48200038563904	1.80261619349929
-0.517468931698733	0.550158329518693	2.37233874344976
-0.825947690475224	-0.573111459112069	1.54730241455402
-1.79531018706331	0.353110322972446	1.40445940893641
-0.886097616153428	0.78684031098945	1.32380026054498
-0.62916078316529	-0.828116997861237	1.34750655813081
-0.893123192792907	0.536562730634436	1.57838200256323
1.15611627860509	1.27051443893658	1.26695920476049
-0.258978326495432	0.639671331343134	2.44400542959789
-0.414720455110513	0.0390073477431385	1.03820805517926
0.566675795420196	1.30655072868747	1.51150807787811
-0.102195566963388	0.258313910284237	2.405632872503
0.802314108479999	1.04517504465726	1.56545965519859
0.324451468593578	0.174907530026105	1.34160187260979
-1.03542607314225	1.55477270847596	1.18365698233771
-0.44712884654371	0.648297774560123	2.22182051316898
-2.54045495917268	1.31483986958489	1.4459955585791
-2.13660836573806	1.70195270164787	1.63671784083126
0.449172123611436	0.802648632379072	1.10200219199649
0.242330695231425	0.940574101263368	1.19520352144949
0.144937952663609	0.907941107697549	2.33833108346659
-1.1363613277039	0.868916495960609	1.52997135675009
-1.64652335022659	2.2542752828855	2.18621789115228
-1.92225542982117	1.56618007172872	1.55524841897438
-0.399948535746192	1.10820736184552	1.77317611706491
-0.412775034175229	1.46754050482888	1.96532401647006
0.416974976313189	1.9077798149722	1.75501169196909
-2.21637891172013	3.27972158043504	1.65929131875479
-3.18665827658491	1.07562716710868	1.04406652006917
-0.541851332984156	2.30918887420567	2.49981314585665
-2.0439353578488	2.43558760372956	1.90715057156623
0.357591232568581	2.47173054234286	2.17895370515846
-1.71807237156391	2.04232677220501	2.16787318360789
-0.726311383014682	1.46840256623249	1.14346998008153
-2.99517014156989	1.6303030457996	1.89663956459464
-0.786615878285547	2.81426073414427	2.48696199946548
-0.558090764375722	1.57961980891013	1.68014130478955
-0.444407390406946	0.536780706134725	1.25984194438896
-0.0586107523508227	1.95661115422058	1.22744978203682
-1.13204727148017	0.726902608372465	1.69345081140888
-1.15369620560642	2.00319232571986	2.77918865244277
-0.582671513933839	2.04568921249565	1.67825245159564
0.0141927626294232	2.66224506567013	2.87290597104078
-0.363463390692616	0.754293286111682	2.82071913314686
-0.29075359825592	2.49879747448628	2.26478705081763
-1.41411431986679	1.29964827755664	1.24595841817747
-0.90665870710748	1.57245113722331	2.02939085699584
-1.75385723346426	1.92081352843744	1.76341110022002
-1.51657250923687	1.55619204537163	2.00682940871438
-0.857378834329358	0.722941389198394	1.49050744514482
-0.208154371295351	0.561137157003185	1.76562884231988
1.02759856444728	1.04088543914598	2.3487849660289
-0.24266698087713	-1.19799880599648	2.9354017037583
-1.33624895232898	-0.758399548105534	2.39156937535008
-0.507387749752418	0.336238970032661	3.70841931889802
-1.84585368401979	-0.256361290954058	3.4841930410429
-2.26746086269174	-0.0687148800090132	1.62312003028579
-0.357816021192321	1.83966210189133	1.49583236314097
-1.61111648540587	1.10082739595459	2.9854761837617
1.1967153349024	0.159742655656444	1.82886474751271
-1.07451280008955	0.283104943583158	1.58150044186283
-1.9909447390443	0.173677195464117	1.65044488334056
-0.364481069269669	1.13943206869754	2.19715644638195
0.0197796112587643	0.464758132277212	0.405149336383443
-0.841373080754878	2.22242307638217	1.98201644364883
-0.450328510889834	0.881519757855239	3.34724985803613
-1.00728253510936	1.12852175756409	2.84426335439861
-1.39026572216414	0.17357573623087	0.28743008193316
-0.850487403406561	0.575669396787067	1.84310739506147
0.295416175811451	-0.670526586096704	0.717005627987464
-0.823782642717732	0.322983813353246	1.64052963016435
-0.665681239727658	0.537467457321246	2.18891238201274
0.358685548895604	1.12231395116868	1.52103698013932
-1.81861369260942	1.21256250250718	1.20100467089411
-0.897468601694687	2.05809886461892	1.45523261336522
-0.72414766610844	1.77928017541696	1.05884823601278
-1.25602091370003	1.41916491206139	1.27212662161811
1.63353711174265	1.70151188630562	0.849989310993537
-0.114527457449711	1.38018221152529	2.58619419288047
-0.74416837984766	-1.8704838135299	1.18879457916469
0.428579686084108	0.888058517346885	0.756505645985912
1.0328864223992	1.5411517918522	1.3239376537387
0.166285418729134	-0.539945847363511	0.906056503812988
-1.94686850234665	1.03210988241749	0.85557510110796
-2.07529624666781	0.259175025715249	0.281888586743741
0.2445641760444	0.920152379878668	0.734753258026438
1.23851956814793	1.69971979592182	1.07164332201116
-0.126832957477134	0.840077243899457	0.709522956016917
0.0107162273100224	0.287937809096337	2.25266121268237
-0.740125161751487	-0.513191143483828	1.71633713454309
-0.401675202217036	0.985833486252266	1.24961640406463
0.914021999790712	1.98193544246486	1.66808778435578
-1.36958100370042	-0.185974628278282	0.442642190548449
-1.19411798472319	0.598231634833702	0.854158698800034
-1.51441500398478	-0.344417562349096	0.612980073203502
-1.22968590886888	0.949060843872505	1.74444085255517
-1.71920475543018	-0.134436101190193	0.591469483592686
0.382001963428441	0.396330161183118	0.61141633107369
0.640484675816315	1.05335817848952	3.52993249936366
-1.71462196947752	0.19304706434214	3.14606109814081
-1.33820170204179	0.233601274170234	2.0539271824846
-2.94009464740543	0.778847101638625	1.9576706961875
-1.39839158505348	0.255327037107022	1.52595704517494
-1.51161921047774	0.60480141476622	1.41496284135437
-0.564519766424359	0.41496919439237	2.4788584297886
-0.99177520261777	2.18622680317842	2.939356055289
-0.590897862659869	1.14607779588921	1.25986710677179
-0.754884702537731	1.28597721199049	2.30785348264353
-1.66772002248285	0.445431324958972	0.702276068075991
-0.660187697497653	0.170483084593357	0.521206574549684
-1.95929045905162	1.00845349568474	1.01967844930308
-0.115830717591164	1.24675590587157	0.997533330865342
-1.0124485590545	1.63227465777143	1.36668402962316
-0.224175044464406	0.385492935459921	1.24505196869087
-0.976004297466059	1.44141024492084	2.54241839381727
-0.492556386338686	1.56066778641678	2.21293770522842
-0.998324612733135	1.23351344237487	2.25402773012591
-1.259198679046	1.46863381523656	3.12899211390449
-1.09262902837184	0.647075003612404	2.63315386601952
-1.40845843974863	0.685552940158294	2.9979669012239
-0.708081957796971	1.68869317856041	3.91246111756929
-0.788366634632095	2.13298904697772	2.58316803389118
-0.789431677259046	1.48958287377265	2.19234857137276
-1.39663371353312	1.13788936594893	2.29090026385308
-0.177082133973183	0.742791638504655	1.42001480954648
-0.64203021245021	1.22980952198535	1.14765052336904
-1.00646030999009	0.788576934997277	1.35269215191309
0.0856775403067262	0.97739349439343	1.2068644657454
-0.413897355981999	0.997363241499335	2.83661207246163
-1.03498808875888	1.58844968439636	4.52340897442833
-0.838951463449724	0.228175533496587	4.39873738069399
-0.447654847015474	0.201644729858337	4.32051612473478
-0.968998839789991	1.20359696048576	2.91803860124468
-1.70210580871239	1.45130736560267	2.48500866560664
-0.276100046015605	1.10473039440654	1.88150046226993
-0.958608027759099	2.03461791579417	2.57884325850409
-1.05420759162621	0.84439434936275	1.74437917918024
-0.451713155623845	0.243966185523162	1.38467828218237
-1.60596499807865	1.28029861912464	2.16318319057669
-2.25134273577944	1.31335892659602	2.32250920382302
-1.4247792902094	1.49142261023195	1.25214687339963
-0.963220646524739	1.17521242183759	0.471706527895086
0.0106926222775279	-0.131352218458614	0.526753661192902
0.467486071991073	0.414736824154115	1.50916443242998
-1.47746838192416	0.996612726266471	2.56415987972455
-0.561001877092297	0.20235034301214	2.62950993380558
-0.752675969847803	0.904987819698273	1.93650534916021
-0.635909006576283	0.0038550012758759	1.87359979893595
-0.626680376939817	0.572271416492344	2.69132100400442
-1.30046073295991	-0.364262994888323	1.59156381939228
-0.789613977573516	-0.340767802581955	1.09026916699779
-1.991789176357	0.345092681847666	0.218457128666365
0.695360344246086	1.27200086494268	0.162744547386683
-1.46415233944684	1.147181093329	0.737087378292093
-0.683503690883643	1.53392958462813	0.404842421828735
0.122135590340719	-0.904868035089561	0.0336140502148343
0.0768890066380177	1.26055115768445	1.11255389868592
-1.88578015607985	1.35118458200052	1.53479350722419
-1.86636237175746	-0.132721896615797	-0.151146816565482
-2.00326504674769	1.15605722048758	-0.314838339040143
-1.07246704120243	1.38072002211288	-0.398469743423909
-1.78698128377584	1.41322583406569	1.23628367500957
-0.95584343256315	1.33461280035019	0.122189807383099
-2.04578166224716	2.0545861161933	1.92582983330131
-0.0289189839368405	2.84295114253791	3.6859336766261
-0.897095707296342	0.536423528169693	1.53713033818007
-0.879965932024103	0.942014471754237	2.29332782759414
-0.375388083818074	-0.674345155992072	1.90611077094863
-0.493051679525689	0.0436999748511323	2.46186590736412
-2.02301156123352	0.051085204317365	2.5229484235125
-0.947325731587386	0.584057146169235	1.94237760850391
-1.08581687014003	0.876967200477493	0.9917978474392
-1.22871179444565	2.03278002596767	1.20236584277759
-1.5123710838204	1.52491974277791	1.56615436303142
-1.18834187033113	1.52775224066526	1.88898119319433
-1.63024921017742	1.2109513359793	1.9684515737621
-1.21729347789178	0.303983519138384	2.19850083378289
-0.462151030737902	0.37458025692735	3.04374342051728
-0.427378367647461	0.438769138133154	4.04357616817859
0.166067508368166	0.350571728135107	2.98279494675834
-1.77695316730454	1.0308488541977	2.63628699350023
-2.28165991315575	1.36428557375032	2.49832604538701
-3.029537806062	0.164964422067402	2.32829900748111
-1.8000756364605	1.68051479952348	1.61092706878388
-1.86792016795492	0.130516054677086	1.46164519507288
-1.29106723412186	1.10423973222864	2.03758455607226
-1.04416763274481	-0.436522195638936	0.522787752566819
-0.330365634755224	1.10310221867152	2.27374903262149
0.0376680438875402	1.35212627658905	1.42129764755565
-0.0960549443390177	0.469759385613199	1.238036103951
-0.875788277633463	-1.15081044840972	1.69192168600505
-0.251691383225383	-0.727713612438053	1.0626737404746
-1.20606231415364	-1.56534929669925	1.49275864052083
0.444431779130512	0.157370240301304	2.0193081995363
-1.42754325425893	1.64704210478224	2.07545508840516
-0.892977813076774	-0.640046512409814	0.744576825842764
-0.543831377332038	0.82663962932194	0.406765953595452
-1.1418719439457	2.38040751916169	1.15950904392269
-1.3688140048474	2.53080109614857	1.2233567072675
-0.643474093513644	1.23296401145227	1.12661362843086
-0.869544731989065	1.01060621768895	1.23406796573764
-2.20907896287263	-0.43678803242414	1.01701653663625
-1.51720128922531	0.60934958119866	1.03235470963347
-0.10681750833893	1.35110276903574	1.65633372776123
0.254888318451569	0.974152761107966	1.95526508927804
-2.54765392742366	1.93855973247053	1.90914713159332
-2.91360643398056	0.881738772985282	2.25757776391285
-1.61505861944688	0.73972803450943	2.26814620397392
-0.594313418610923	-0.476205250540297	2.17407706863404
-1.57483306782403	0.423546590158123	1.81809428536746
-0.53677555557045	0.408285102902279	1.21860618833942
0.403999076528909	0.0687027154518273	0.426203470072272
-0.595111179042707	-1.09904815411861	1.79578437085783
0.587111832747515	0.571433269542577	0.651082879937949
-0.126584683466129	0.777525030053304	0.0142170354578545
-0.762487493952228	2.10214040118978	1.263638203817
-0.926643429048057	1.68758427918675	0.0563570782407032
-0.725033703079858	0.810977869424907	0.155007742453787
-0.96990755050264	0.32575100532388	-0.77009775440716
-1.64997029384109	-0.12790665004421	1.43163120626253
-0.956592113321223	1.09985179943362	1.98804651401822
-1.02876207677292	0.0198012613915505	1.58357553440247
-2.90217911956905	0.974302937935972	1.48083692414001
-0.184448887542174	-0.48564693185241	0.510302407320595
-2.45897293899002	0.49276183402627	1.02955110918409
-2.71902118820345	0.200187355890378	0.604976172396142
1.36415645448328	0.428224513077247	0.593511087329621
-1.63686895655654	0.661753432753358	1.58297656300656
-1.28475821028556	0.557772746930886	1.15869924834813
-1.0872772474874	2.13407173200878	1.9334758691504
-1.8447030228658	1.18385344964445	1.86075772691882
-0.0299828997919478	0.54637229038559	1.7087720893783
-1.68864628961418	1.21148881517607	1.91836778497744
-2.0255031473494	-1.08541114051362	1.10054474959376
0.988941792140632	-0.531529736687542	1.18376879169449
1.23397846079002	-1.35106192095438	1.39419925296399
0.299465673405068	-0.819338404217446	1.72207621434804
-0.472388195969196	-0.56944574609174	2.83823541626574
-0.896701134617219	0.205494551328616	1.26938099155614
-0.991769048217996	0.476100298439775	0.258354188358322
-2.50233997238467	1.44645849217443	1.36333101710183
-0.651007452847206	-0.503067761188849	0.122489307621458
-0.906510958754005	0.759927732017398	0.673013509611366
-2.1715480061031	-0.994558908529106	0.0699033610431397
-1.75892727545214	0.981556113371779	0.962059906105275
-1.60864345820671	0.862147109363354	1.06618581309888
-2.01720502464675	1.45897514977687	0.77812004421885
-1.72921149319658	1.8612266987359	1.65688035996432
-2.91451511320127	-0.282466755136698	1.65222732861822
-2.00903835602809	-0.593218980665114	0.940503049999303
-2.14856178011155	1.13161303226051	0.904538986317389
-1.83771872490964	1.07826221231207	1.18378297927158
-0.942055912509968	1.41340706599958	1.4265049926702
-1.96870658811073	0.998722569226272	1.634414762674
-2.11031788103902	0.567512572908371	0.446685654945911
0.59464457338814	0.972454869063722	0.81101703131117
-2.09769521467858	1.34391780202114	0.905249688810121
-1.37372714293038	1.95103282237967	0.823623805438262
-0.848486375736163	1.64009636152074	1.90753405097936
-1.9113039879385	1.1536979148581	0.623410754213514
-0.572412197579918	0.349978609730605	0.249076030584696
-0.196921605290141	-0.243098621288281	0.696884391385443
-0.81164701511163	0.0891614714390436	-0.0732082215582637
-0.743639539641023	0.14583358814821	1.24008936539633
-1.06010290424816	0.68606788349794	0.876483069288661
-3.39050673811061	-0.534488382327327	-0.397014154693671
-0.679044308955573	1.07306826275497	0.362766379757038
-1.34043480637753	-2.25148799285787	0.909175251647626
0.485743346682935	-0.821926872665924	0.810377568564034
-2.16243418203184	-2.58448638843058	2.09819192126633
-0.072964704378104	-1.48188334917165	0.948835743903597
-1.8450741450121	-1.51102361580786	0.354656974534215
-3.70392075943754	-1.33306527871763	0.419158964195006
-1.84854304137805	-1.21390133002814	0.468283247207887
-3.26428234999132	-1.61379319495359	0.401513087906923
-2.17577175971448	-1.26541878108334	1.21286651680063
-1.92767429643614	-0.985669243614548	0.545763373225826
-0.358458740748014	0.18434228874415	0.746721644663943
-3.10564049279595	0.134022738868141	-0.207671484705034
-2.50132402305298	0.528716220949181	1.10463103313557
-0.515198707759024	1.85568855107213	0.752143418809982
-1.90335714138568	-0.247996540040716	0.616359365559476
-4.7875907267694	-0.712425416320935	0.879812256681347
-1.26960857289232	-1.05268208609731	1.3035614637586
-1.98339028720024	-0.0276965712071997	1.83032189970731
-3.13571834160396	0.774319705927017	1.55622941652982
-1.77549908398439	1.25506049595385	0.625371494484884
-1.5408373652773	1.89933866977294	0.878529853376859
-0.287102561921615	0.918460438956025	1.0397280418103
-0.287102561921615	0.918460438956025	1.0397280418103
-1.79818750795318	1.12781349615551	0.81251934754143
-2.74198276507858	1.67158617575247	0.544426846252724
-1.20781428724506	0.863684919928319	1.14070852475822
-1.47763556512633	-0.790273660895819	-0.0108192066276298
-0.262366395101175	0.168585027367706	1.14808411536244
-1.33949284737547	0.0669600554194342	0.511050814945495
-1.00879500200042	-0.140280002915131	0.757212945388063
-2.29243158482006	-0.198906191150162	0.342457708473915
-1.58377988347462	-0.442673388695749	0.902569607699922
-1.44846078218852	0.0553994241534283	-0.197698520010486
-0.927764347729275	-0.972911254158215	-0.160306163334658
-1.66740462313279	0.165545977419513	1.01347813927501
-1.57688368026094	0.334187106990245	0.881713286146589
-2.40267441174565	1.72959679665382	1.61227597337145
-1.96391156281971	-0.490600466997389	1.78807103102297
-0.753029978916863	-1.50067854548471	0.324408821047632
1.19742316444165	-1.36008378544504	2.16623117945309
-1.03374531006142	-1.82473337390845	1.44385024193272
-0.437187336047013	-0.727385942395957	1.6400363509263
-1.6003994821003	-3.23503580950378	1.49585793902578
-0.871872758892337	-1.58672442096223	2.00791920916371
-2.72460959936972	-1.75915012450271	2.67263603736689
-1.81236927377092	-1.5004440701804	1.56890827873651
-1.1322599329412	-0.789181097947732	0.456599993904172
-1.57572364810286	-0.0123689062643388	1.15076360554937
-0.87077265926762	0.497237201999338	0.7132469157129
-0.871815626788024	0.834797508471683	1.20881945397649
-0.860546027560055	-0.565208772309401	0.985826414581017
-0.453711226412395	-0.14164505987006	0.796725300807966
-1.36570888808854	1.41926586136074	1.78439891008256
-0.420405115911763	1.77734729713068	2.27771452430186
-0.372409928538958	0.216645569534679	1.23260770029748
0.164695572176503	-1.94805257233328	1.63117089572149
-1.09808922969603	-0.921004627976016	0.537206960482717
-1.50576745858423	0.686371385741428	2.39792706716821
-1.24119573347062	-0.339523864088429	0.41702572213287
-1.56410507503931	-0.749727719320218	0.455084170145083
-1.43387384344062	-0.72652131095722	-0.40682413131832
-1.20447211192614	-0.523814768596434	0.712330585260317
-1.56933862580763	0.468801514492839	-0.685057272735495
-0.817079547064152	-0.27360291609047	-0.702199947401463
-1.18472073725706	-0.179398432856847	0.747084398519305
-1.04765529428256	-0.0937680227203572	1.12198862200449
-1.35356244723295	1.60500169748113	1.20622464038638
-2.06119641736833	1.56187798379175	1.68629848521752
-1.62828738834907	1.20678943560726	1.61918861515523
-1.90376729103029	0.545591074463179	0.303308346020209
-1.51275227132718	1.09818051914943	0.0122047238246128
-1.11453744436255	0.884301152031455	-0.469990088871645
-2.07149051368883	1.58523255785903	0.490095473835576
-0.903944950377519	1.02344369047837	0.448454817512445
-1.27017738494307	-0.597817138277176	-0.880638805642363
-0.423554397680289	2.70769804493891	0.052684043816811
-0.952333818225956	1.45048695063952	0.861850682806294
-0.695656160630506	0.29706856120216	0.400551582693748
-1.1569965258601	-0.419815569191739	0.598255785268068
-1.67449111586415	-0.107009457984713	0.669971787474977
-1.04033272784186	-0.694706096796759	0.0724268039080829
-1.21482163533246	-0.371620718124086	1.96425905386519
-0.403411391431587	-0.420895143392984	2.55029514949666
0.152532465745959	-1.30908180604755	2.32151928569348
-0.895635177844858	-1.56274259024893	1.7531695066632
0.459092070212967	-4.24287055923493	2.11603570569339
-2.24379942002729	-0.776968955899277	3.08267874494401
-1.64534821544484	-0.138348431059824	1.95224426455253
-2.41633098175939	-0.0203528732887113	1.70796791557538
-1.91065090238672	0.630123613279179	1.97465807356929
-0.526559512562013	-0.375051450060844	2.72034787087637
1.81705439528116	0.605248029027347	2.97250667127317
-0.371867653508772	1.1619237022755	1.87646137844807
-2.09459348245263	0.0993502622606844	0.440145254218527
-2.88291320854523	-0.886146901597332	-0.590487729787366
-2.92748843468095	-0.6967061990679	0.275514754269445
-0.880891786076843	0.0474320395558503	-0.0436422063128192
-1.2053543809636	-0.759290015972682	0.978045923867954
-0.257189571304963	0.454921602220915	0.395141006758717
0.221239717722765	0.593576316520865	1.60745288387991
-1.84663111051784	0.220759195283555	0.697249892073908
-0.0502918459898656	-0.33437434291871	0.163427424142456
-1.10063288813854	-0.37804004574306	0.578505619082642
-2.19989168713167	0.67446232700949	1.94092327168107
-1.43223588027499	0.572842543811861	1.7389846753327
-1.45525374350789	0.479136385963238	0.384090225070487
0.301757482352448	-0.232363067682722	0.0256084025099689
-0.0707342556464929	0.729013158011652	1.33797568042953
-0.117183564263124	-0.633190538983748	1.15080128221482
-0.803379115543397	-0.726818547268926	2.02608619390265
-1.93229957593325	0.246925380505472	1.60749028126824
-0.794465113162719	-0.149358895163155	0.96260891791924
0.24405510631148	1.10444750612529	0.849495109899127
-1.64714633923998	-0.399177906783974	1.3915805348582
-0.296760108742837	1.3890027805851	1.55236209764432
-0.374054210809863	-0.379581503312197	0.886319001343483
0.120326547636433	-1.33165256840584	0.755498821941789
-0.805101066337743	-1.44547843510341	-0.167464986834937
-1.78651516086437	0.222157860272439	-0.561511129253419
-1.87092649489638	0.0739497451962182	1.10501247184515
-2.5881545122707	-0.139450113003667	0.600592379457356
-2.58429124005587	-0.867114890943305	-0.250409065395058
-1.27548994663412	-0.273046218402049	0.332428802123371
-2.47558390612888	-0.301086932512045	0.855370385607479
-1.79590560734481	0.173674682360593	1.28736993891501
-1.47714076279631	-0.775494305450029	0.575690765358006
-0.507975982130356	-2.54545019009425	1.16990805714326
-1.15538080402801	-2.57164026943081	1.17607882810424
-2.33177272192314	-2.92551648421236	2.12387766361265
-0.724664898320711	-2.00694345806209	2.52077294560254
-1.76445591675497	-1.46548889963133	1.94780707129209
-0.756677468955241	-0.624648412324257	0.326973329019741
-1.97310996874333	-0.487639698614741	1.79120390291963
-0.96752054644871	-1.44736445164335	0.878270307260041
-2.68994700482833	0.389631094352563	0.37757796244977
-0.363784705888823	1.31383752235133	0.280858975696725
-0.835487178829068	-0.366929351894125	1.60220907739849
-1.00217180767227	0.872867741266816	2.29572528856623
-3.38048006814496	-1.16884846643243	1.69176496909819
-2.32063322356988	-0.236963029001464	1.55662093161876
-0.71184090318079	-1.19941999761351	1.22846605156655
-0.110645989667327	-0.90256962239253	1.10378047868558
-2.14715238834599	-1.23677287865068	2.09220518655293
-1.35350221818648	-0.975641190437561	2.46438376193455
-0.380324749582571	-1.25996077541189	2.34334762842205
-1.21364001398175	-0.440694304844972	1.03847496196675
-1.0479136652084	0.815581882591464	1.32555846405727
-0.456592127669252	-0.870450959028042	0.376532781427953
-0.469177977774274	-0.488698170714229	1.68255780006221
-0.815422324259915	0.487650889301156	1.9116543261551
-0.838951532385497	-0.822312598984449	0.496196285972487
-1.91334874116204	-0.111648918171473	1.03913237311821
-0.25811556714095	0.897020879525294	2.22865921062512
-0.916210823565343	-0.518374079451498	1.43928949505328
-1.0753997343357	-1.61902237450557	0.859721670897239
-2.67913559840936	-1.09612001549534	0.965796259211252
-1.2682348783773	-2.20632047189242	2.20852316616933
-0.912405388224169	-1.99633247126279	2.50396402408819
-1.34548156748607	-1.62014609281692	2.06544632132708
-1.0075123136004	-0.597012585561566	1.80056673263042
-1.21514200888064	0.284943132220896	2.48470438386561
-1.00694315525813	-0.0796415987329498	2.52253883818339
-1.24375183176691	-2.64459520535204	1.92790419133704
-1.65727097509571	-0.567191298735431	2.78575926328567
-0.6576680888617	-1.11683545459704	1.4994297248112
-1.53173409139864	-0.227277678159141	2.89253865499922
-1.7978022352667	-1.74843152415327	0.34243311267475
-2.24907683552247	1.0888592488933	1.33455593325848
-0.021897439920181	1.73827169948519	0.437783143134021
0.218437651907175	1.26257754509247	0.742494621667047
-0.78752385029495	-0.595568373013337	0.73955789560208
-0.830517289643272	0.225205250465175	1.26256876442004
-1.87183202837227	0.402741661134214	0.374365091614526
-3.98948952857631	-0.310583178955437	1.97089792940396
-0.821150143603969	0.0718344681295382	0.868994039549425
-0.123613006319435	-0.747914528610719	2.09398151623017
-2.06361088171046	-0.358897032985571	0.744901629013859
-2.44474995307278	-3.46907052440213	0.453473107446649
-1.06968977039895	-2.3953729291449	0.619190295326303
-2.60249048094181	-2.37118748497442	-0.138297158866381
-0.873571532511537	-1.97005271848202	0.209608109911398
-2.51200893580021	-1.4414641415127	0.622082340525874
-0.212109065404306	0.519031644147397	0.626917811388647
-2.82892147413362	0.251796390083862	0.978408040259427
-0.122668020485507	-0.55063730342396	0.570374468205736
-0.646438774101996	-1.0948004430608	0.744438030287983
-0.922083811445154	0.32031966339916	1.46775941352728
-2.03589581952699	0.241478581819325	1.27689705428137
-1.98693365561893	1.1170179221624	1.30239869043993
-2.69036830238547	1.87450483017013	0.924515099936115
-1.57660469630521	-0.798216881576089	-0.559892873583539
-2.13463655501845	-0.477845991069931	1.33229882863215
-0.746227416751433	-0.418144713425328	-0.626225130424421
-1.96511616516707	0.168556075765327	-0.202383827876057
-3.5292592064415	0.372546462379723	0.341170041256099
-0.556183616214362	0.0122869341357748	0.894158351124194
-1.40289373314626	-0.791498271971652	0.227899609699575
-1.17703964166453	2.32349847907189	1.09340585295162
-2.58020308984666	2.94998904427334	3.01729372895915
-2.78231285050051	2.89421037253815	3.11568259282168
-0.993030975962687	0.165392806352931	1.129213365268
-2.33385146586642	-0.0907944744557663	2.32341084068264
-2.90109958038882	-1.47135749833145	3.25136922389067
-1.18132153599498	-1.1791674136395	3.39287604703308
-1.62286915894937	-2.1506144408182	1.0870605626367
-0.954148357372839	-0.876007955428115	2.03285013468185
1.10619528162608	-0.545806206976755	1.58926653742423
-0.597604603728026	0.364790324310854	0.643788354890521
-3.1872775085831	0.243737705859563	0.499130910176431
-1.28711011471006	2.07207973185462	1.62345558483772
-3.10139697531838	-0.96469888164372	0.618597001227053
-1.14803811131247	0.284747637707667	1.15070406746137
-0.777361290860765	1.19869921171466	0.322092791193991
-2.14305312537043	3.24548963456838	2.14243054706594
-2.82201097686072	0.735498649930429	0.395261138525347
-2.14003991754948	0.228304349194606	1.57253847693042
-3.4868969839848	1.7508339047646	1.90472338461718
-0.449523049585593	1.06920952454034	1.99527927132846
-2.11201273145183	-0.317351578461216	1.9495638741732
-2.23813036812357	-2.59617820315146	2.43175291282248
-0.250458054623429	-0.516943587563634	1.7305408119415
-0.587115238228937	-1.40379927720567	0.653067484442246
0.065096932285869	-0.407387357946414	2.23594850313214
-0.55112608758103	-0.448081884438255	2.04662235872498
-1.97040874950857	-4.60270015848156	1.65590958077454
-2.50489106020901	-2.28859724899778	1.33053384649683
-1.29708875372483	0.799217303574837	2.07521510713295
-0.551235237961951	-0.729449659246816	1.84478280231443
-0.592187012065453	-1.52563072028891	1.41354866961936
0.777303969665528	0.779666494694233	1.91599604109511
0.00390432188783973	-0.669173546644645	0.688777632483657
0.398486418238664	-0.153783235539521	1.29373489794241
-0.403620755014361	-0.683712729609336	2.55807186198809
-0.751497454400765	-2.39132442394344	0.542369463334466
-0.789412768150996	-2.23963591961719	2.16063440882153
-0.68519034926057	-1.12260435484559	0.470789262943511
-1.63184070265806	-1.48604578840574	0.42087609673058
-0.0301929985829388	0.236527433943177	1.27955784234172
-0.343836965408907	2.18191411506628	1.00725375978723
-1.51857109677822	2.89859048097634	0.852681822454522
-2.39036296871777	0.81999696183748	0.210762751097256
-2.33552999590878	-0.089130871738337	0.410128694886972
-1.89437916699023	0.696025611714675	0.589726436202898
-1.48971999256641	1.08547406122592	1.87308616072112
-1.69444648639451	-0.128855253197275	1.70013711049705
-0.464059955422886	-1.3962806406541	1.3459202359333
-1.20572566060514	-1.39777694176907	0.831420021324115
-0.149219531200312	-1.02242776356772	0.0908439313476519
1.00538952541518	-0.959871638471103	0.448264478563861
-1.9036702844894	-0.573492284807651	1.49176365457107
-1.22877622191648	-1.15568416017078	1.3039470655117
-1.65729255478116	0.783035149213158	2.24113226815564
-1.40908853172334	0.30061966214415	2.31677887391186
-1.34275804775447	1.0931094395144	0.649524483502355
-1.02414739931345	1.61117148215847	0.385194197257716
-2.32858009051317	-0.0130474357522866	0.354950787060015
-2.924388366959	-0.655702107967483	0.783921660508979
-0.580351838659932	0.206292730154403	0.795069641397185
-1.11538167751439	1.32068116575922	0.933769285106953
-1.64056396595199	1.19122388986082	0.406744136248059
-2.28572129075444	2.11709103318529	0.552112490423746
-2.46339678657208	1.11462089807026	0.604720914464799
-0.641470334846146	1.07265044098488	1.45869379313029
-1.05714764006673	-1.44571292751793	0.973779385970924
-1.8279959270649	0.391956540769692	1.71365939157487
-0.868466637861166	-0.905546847689456	0.087165937095143
-0.818896781797898	0.218997417299264	2.52698450319325
-2.00027360050997	-0.353179930671298	1.89412954782457
-1.5034728802887	-0.335105973048448	0.727102059317202
-1.13802947275301	-1.03840137264286	0.0854334636766019
-1.64991900389226	0.53775173723354	0.940900086267858
-0.904607554114673	-0.241615425188818	0.382695328844144
0.411569854337329	1.09539673043038	0.963555096090884
-0.279708427574229	0.91237476343244	0.11382303742823
0.267177748207712	1.36944859215618	-0.938373434929543
0.0489388722006142	1.51528513483097	0.406345706856108
-0.922052014049152	-0.678114688398369	-0.00826321375055972
-1.27160934963116	-0.509477303402202	-0.581234297315293
-0.466498767752449	0.478822655330419	-0.606862397369677
0.388452600985845	0.4494973124941	0.858976976102721
-0.504404409885864	0.556861339309834	1.2876115085438
-1.72780612560155	1.52428577693881	1.13602633960026
-1.41640778993796	2.43289373151382	1.44590323850519
-2.33168251473024	1.10674665579284	1.21147073137636
-2.33129147997229	0.721301858118618	0.451614457341263
-1.2800537718259	0.0728282479559588	-0.356479154546169
-0.573744887199133	0.760193339340207	0.642640566315913
-2.46583623832936	0.551990599784088	0.0489724869942663
-0.619580304424438	1.60657814685048	0.581682659407662
-2.02311210709883	1.65011841099024	-0.514927440145052
-2.08252043722621	1.76704754291829	0.614793194193412
-0.363268189263806	1.86612073053806	0.235862491670912
-1.35032784098847	2.66169630267412	2.84135670394554
-0.792562994540951	1.7472171200671	3.05779011932027
-0.478717416299567	1.45752716051898	2.60539974826176
-1.49853978777237	1.634639293038	2.2154153349571
-1.26466565686179	1.00761043431832	1.72891839461284
-0.738437042686223	0.444975690031273	0.24815385923679
-1.24719525149848	0.697850917647728	0.368686138301855
-1.64941614050014	1.34995543290091	0.633564519802664
-1.32989518344566	1.23337305444244	0.924757044617118
-0.913418187440712	0.357703938511443	1.38227450024991
-2.68010594077854	0.456075715881974	2.92050269446765
-0.986734932278386	-0.405984763011008	2.70611711545468
-0.795905326467567	0.638744936939461	3.3805473937378
-1.7554776723051	0.649349451524185	3.59261861469302
-1.48970679375632	0.231910170634	2.97992262307918
-0.318727254720899	-0.177334552302904	1.56458286533621
-2.28034016793902	-0.035258014784318	2.22113393134726
-0.143102194388911	1.0496809670524	2.54352843625975
-1.85245122869136	-0.52276769926587	1.02440023661153
-0.0984227858705359	0.568490652110534	1.9171897685457
-0.702300381381955	0.627432359304475	1.59681914843249
-2.42661011022515	1.01594435138253	1.38034635512016
-2.42661011022515	1.01594435138253	1.38034635512016
-1.25102429417395	0.992389931894619	2.20473931278932
-1.57149539675216	0.68622853287035	2.22141094236581
-0.8340697337082	0.320417338418361	1.25327375951339
-1.2259996912236	0.8815079307791	1.19488401771609
-0.556084762454689	0.946203903126812	0.886778838474618
-1.4490387393576	0.0900418517008138	1.47945838749035
-1.8057930566703	0.456433742921218	1.08103553497079
-1.42732946254294	-0.332188367098253	0.69860915320744
-1.1611606257436	-0.0048563676550441	0.498697531963313
-1.18704007813598	0.184547866008283	0.467422014950588
-0.879703597620134	0.337839452948633	0.717116220345983
-0.418367889521778	2.10462124667235	1.43330844340776
-1.61047770721481	1.00832126141405	1.17908921164228
-2.02932834054226	0.777027347394808	0.898392114250765
-0.262625942726055	1.79170309110805	1.29526731136168
-0.0361538479383839	0.742226331482328	0.982335284516863
0.258328617514958	0.418605243248087	0.210587811900312
-0.58402085358538	0.162472588858308	0.0722961115224496
-0.160596054949998	-0.24192016322333	0.719568314425505
-0.529907127116575	0.404391742656867	1.19569738689377
-0.818705537934725	1.87398419614832	0.780925601826075
0.0397560307628225	0.537619804030869	0.81150266062132
-0.375360431943998	-1.66020454890854	0.829194758121316
0.195765157030856	0.160316413920189	2.40512375863201
0.0111525666303576	1.01675017657023	2.19175137186616
-1.39717818422266	0.277712208014587	1.15135244721681
-2.45052613021511	0.499270004259318	1.55915881999043
0.180348430760575	0.335449853569917	2.59481181113345
-0.0381289838947914	0.965788609753397	3.4204623331124
-0.112878760117862	1.42905405357734	2.49636571402766
-0.808924905458182	1.06720259779106	1.4367749771329
-1.72294978677675	1.00871329297358	1.85310004651519
-0.776520383180641	-0.0307494135136347	2.1178936908622
-0.985949581937271	0.499458290371664	2.07379629855292
0.522987086232561	0.76129613898226	2.18032124818021
-0.132333224171803	0.310294879076166	1.36921383698829
-0.373305952936871	-0.34219288096138	1.69407173582236
-0.60789351352962	0.589918228318452	1.88885131564248
-1.16830452531193	0.615560383917908	1.17278632916667
-0.636544616464351	1.13111776486039	0.227628681763365
-0.954838588669579	1.34242877504436	-0.127946203858669
-1.47101022926824	0.913541774296269	0.562566375183745
-1.90154648547591	1.58802723966547	1.1345734752823
-1.65841726175344	0.96516738976687	0.361398736807164
-1.916274699223	0.353134728664631	1.28680734261951
-1.40487597215053	-0.245626735869343	1.88390354374343
-0.819173961505376	-0.548202985647997	1.01647913495268
-0.77328219087204	-0.124439724900759	1.40173362325988
-0.973352339971522	0.310488178032024	2.6009683928497
0.0199918800653034	1.0836774079991	2.62474376636164
-0.9752691037648	1.18754720725756	2.91889126554831
-0.899593226677682	1.37865690525696	2.75379551575376
0.206907927006111	0.554188942658085	2.08975551919011
-2.07080545836156	0.579021666812625	1.44736576441184
-1.27695035963792	0.237324054845039	1.43873416528524
0.535506417080721	2.28240536784376	1.96524191862976
-0.403536213616798	0.419117502124072	2.17968622043547
-0.810107909301559	0.975961632174708	2.29608057264238
-0.583316408188859	-0.231088846479653	1.1446410960285
-2.3168900579924	-0.326118412958536	2.35943782756525
-1.69083495280676	0.687589204651353	2.50307965850652
-0.300891607825575	1.33149191239902	2.7395413799939
-0.562344109487643	0.26767214402557	1.80430258809934
-1.30257254406672	1.20876495469379	0.795172416684874
-1.08734843473227	1.11672294419714	1.12016021964067
-2.10760011998817	1.57013392092662	1.59062446729353
-1.04402631771749	1.55519969336979	1.53831610740829
-0.92644530851389	1.15340344699237	1.00316479655957
-1.29388613741466	0.587499545814059	1.88409740861888
-1.56211939429681	0.0731698304453545	1.49440844170393
-1.01289950656871	0.640378859057772	1.50094168030848
-1.50253370758485	0.521378317801726	2.55428072740879
0.598473541277804	1.23249242743951	1.41299795686945
-1.89098035180073	1.20739130271209	1.84981142403623
-1.5469122439082	1.27276823440165	1.87162635006063
-0.724735270212145	1.00794715343567	1.60257550115611
-0.86875511837146	0.927909057832002	1.04037809053308
-1.72146457124786	1.12667966295853	1.36812567165032
-0.94798666267457	1.04894875686782	2.53691891308489
-0.377419621641248	0.824755950445267	3.36618383643176
-0.792712560283753	-0.169012626985211	2.62871010028675
0.78802121110502	0.619841077677527	1.8136050866464
-1.77133365482059	0.49245577118368	1.10571718240777
-1.31315646071189	1.35747819077954	1.28070944739793
-1.42765960800078	-0.140155573167418	-0.554581031970393
-0.524484888956074	0.703989810061386	-1.34041090135459
-0.970159293960749	1.21310732772621	-1.27135235655733
-1.83084696378152	0.545154296082434	-0.927705918318492
0.426336549044164	1.04360700332751	0.225006626812228
-1.01152005546518	0.914369695792955	0.229483932124024
-0.188692780535265	0.779479591801841	1.88518068596655
0.561903790895844	0.055209119207432	1.38303354426893
-1.26365775701315	0.613057965238809	3.05405912978206
0.925386592771893	0.0995087973305477	2.61271473135017
-0.273153376472722	0.367290991485625	2.43438359188962
-0.100931880673104	-0.148334266689734	0.975044727932999
-0.2449177408116	-0.363842418738853	1.28801852121837
-0.824903298337546	-0.0704386243956227	1.56708065696059
-0.77907725174043	1.55271413071542	2.15453554169681
0.29443566600434	1.24206797737668	0.676212274517519
-0.230498437553133	0.249086586817622	0.480080575620646
-0.768643268744833	1.75134231719706	1.60115371982017
-2.78128905674533	1.03710111848412	1.3427057614153
-1.6816900319211	0.474790301017391	0.177430561462359
-1.05137853609054	1.23387233124684	0.383709047608571
-0.592800049431166	1.72869284629417	0.201536885046994
-1.46716766254114	1.25173898870604	0.694914208240273
0.14930383078645	1.35118824488077	1.94535183359201
-1.79914384786077	1.78809939365239	1.40331507102728
0.295794822179868	1.29039723462029	2.35246414042461
-1.79902352190162	1.14045287039324	2.9870605535314
-0.162456797726649	1.34308443207008	2.8799157835302
0.820737135038444	1.30645182121005	2.24077834851665
0.104385200083857	2.07095234095622	1.46709936666539
-0.618528837161449	1.40536445426475	1.98892837464157
-0.859674132165233	1.79986166607711	2.49617109992363
1.10180187212282	2.24307489050887	1.37549934660676
0.167795240751542	1.4811256597029	0.788854115622665
0.0431684248213174	1.06142020405009	0.940811496692285
-1.13140518317145	0.899866785665698	1.70853686050495
0.297012283552521	1.34656129359921	1.08385812857941
0.227352904457242	0.962910438347899	1.16913924460293
-0.610310232440933	1.28443906270016	1.62760950819269
1.66333339964534	0.540198700322307	1.49367045269683
-1.80264946381509	1.00438384077842	1.70168958797791
0.305455182803945	0.841909062329087	1.61323976364841
-0.703062516432239	1.09340523075334	2.17529518581708
-0.30683761735065	1.06323087768908	1.48093013543559
-0.256812860599572	1.83910593133758	3.00146425642651
0.386485495668122	0.772105154053431	2.23920618285255
-0.489109549356293	1.30583280997585	1.94981697564772
-0.680348837033826	1.2653116732292	2.58357957583677
-0.717810803823978	0.623326634708646	1.64950358718636
0.612470484383327	0.426445368903431	1.76770629087324
-0.353036290454959	0.833371020448487	2.08655560847915
0.128065381350495	0.869798841466605	1.38796189851811
-0.188018158529846	0.437656440284064	1.83152154966092
0.444015914271235	0.262635675919117	1.92590460685212
0.124007892874382	-0.122554339951804	1.32135994235092
0.0786961684969592	0.787634672990625	2.07760056279995
-0.197204049989595	0.231856774792804	0.39165041044251
-1.19961136662034	0.934798205487991	0.4174952111768
0.137455621141853	-0.276939199888035	1.37612574694351
0.375338916444085	-0.758063656457285	2.16056181817214
-0.407178517275336	-0.0278076915539671	2.71499030457324
0.730593160405622	-0.698848843374805	1.88318389474741
-1.78955339905975	0.103672629413793	2.31725749124604
-0.453267349240423	1.40545594504003	2.63025059662969
-0.0987920779938353	0.690509600806978	2.37414795934404
-0.104868045472751	2.3150229017223	2.87125346842343
0.179964416538748	0.0826475838980489	1.55088143252683
0.618773965012486	-0.117756758507737	1.48844650279259
-0.484937804641062	-0.6020115356932	1.63279237676565
-0.0289852637363349	-0.0107214046953264	2.28144436954058
-0.84473576161663	1.65472861222803	2.96949440088815
0.410939711239309	1.40524486537427	2.0124688988205
-0.0738288461102591	-0.209736377574252	1.92382928393718
-1.45156598911163	-0.60097366809505	1.6190801004581
-0.422284264061043	-0.440168500948933	0.118734454050781
-0.261864828278914	1.14071388288774	1.03126892452086
-1.14796228780928	0.989310988614756	0.757568984562585
-1.68339469693083	1.40268795440576	1.88037939389389
1.28701809495795	1.83947059919716	1.43227189927191
-0.146892723984159	0.842083049889639	0.603905394160388
0.281252117312967	0.708454741187446	1.78833949282514
-0.302677503160712	2.22853362849072	2.49241592484952
-0.101451883137599	0.661981194917634	2.36284829544247
-0.669175768033977	0.57632857631133	2.58205385124395
-0.673365978134902	-0.625972033808699	3.08313745757308
-0.852852848991888	-0.855128059643261	3.69173249477176
0.025522878793556	0.316301902942711	3.96815192984032
-0.847784363167194	-0.238026865669504	3.51724787423998
-0.619756760820364	1.20539551163835	3.37776215773076
0.021633735734076	0.934456221256683	3.26570986760706
0.118962987718162	1.57406195136366	3.73043570493672
0.192114414759533	2.02815470662208	2.87426983674663
-0.43241003071729	0.764600407482897	2.10572913705074
0.422494885022653	0.776557404368976	2.97938831027011
-0.25863642582049	-1.50117911124947	1.67079605595963
-0.485449139004833	-0.846093511141631	2.61696463721115
-0.231643647402175	-1.15230610162689	4.11212597805616
-0.128925819680131	-0.626189952244367	4.10772131957578
-0.338951192080648	0.753989787340692	4.38949443618049
-0.0506483216617037	-0.704791711717311	2.97430094176802
-0.965543084210774	-0.969796135120096	2.48058827699316
-0.513235540346902	0.245691956001322	2.28235508355292
0.806442522289454	0.929274279657033	1.71439833236716
-0.0266814204947272	1.10534728770883	1.39560239519321
0.0594046073878078	1.93523970243103	3.38707275780499
-0.458242985852179	1.5309041307816	1.54480743488012
-0.206798886436101	1.04663861084542	0.7207891199105
-0.36477751492408	1.62012802007476	2.24528396145862
1.31419778285803	0.499186821419889	2.69890220958235
-1.01222038910966	0.149889354705894	2.34033286446996
-0.716291184865333	-0.677753037353362	1.51463193094508
0.26581092825182	-0.463184890815475	1.66015356943814
-1.20612706617106	1.03427395195895	2.51222118708813
0.437401963294432	1.56632118621228	1.85639040425811
0.577531766234469	1.53585566506422	1.73567825432374
1.03261302675403	1.66671433532669	1.45147491675297
-1.25873167566253	0.327137472197367	-0.085984029963758
-0.90131118469403	-0.0423291928260252	0.0194367728880404
0.0994390606008328	0.659479777746579	1.2649251409587
0.59625529022792	2.08066834056675	0.934227198847286
-1.33766068496557	2.056951191534	1.51801261808455
-1.08880416002394	1.45420927838857	2.74772528427534
0.557702940615864	0.0474981551366606	1.0037429503038
-0.610343731073906	2.91727121752749	3.63682385263791
0.00364681805525868	2.75522276277786	3.37993025187004
-0.439643452287558	2.30174043391994	2.70001043814496
0.863644231338921	1.3515115209317	2.80027770309428
0.106947916070982	3.1074884752401	2.74183279711523
0.169838594354475	0.0991961526353551	2.0418596000819
-0.649090526701653	1.93122868576116	1.73210216951831
-0.608350510096742	2.33789429755198	3.38752773934199
-0.828210656470392	0.944799850335235	4.01019816451061
-0.647540565484695	2.36766047839527	3.97076560941916
-0.3036233984032	0.0692143924787543	3.18774432993731
-0.838782160242931	-0.377214554062358	2.09057389026642
0.287126354045052	-0.0436550162018372	3.03550653146306
0.316841209423607	2.97942970686616	3.32092513131929
-0.95997424780181	0.273504980381794	2.45919014853407
0.965735082912789	-0.0615241180067887	1.51412326802732
0.248583865649499	0.14043531485911	1.29639142458324
-1.76770737573206	-0.389878140913856	2.48082946230762
0.649581451398946	1.50548311653237	2.16708231779451
-0.839582393130423	3.66989122380904	3.00359268134002
-1.34672131768999	2.47582713686332	2.14965052162106
0.133794441340337	2.34934807496505	1.4549998808259
-0.254371903790545	2.72158610799855	2.64313087104377
0.190098932283386	2.67580006278933	2.44901288334641
0.365575967595751	3.37457269465055	2.936389008919
0.724784444422162	2.46696974157238	2.01256420988196
-0.373785301040324	1.91572804174337	2.00389882823237
-0.45909682041939	2.86798322606482	4.12000351780808
0.875444359736995	3.20465892114963	2.48388821648954
1.92693393983995	3.30383594360802	4.14838371871999
0.207645955982006	0.285444688759544	2.72811717920266
-0.0218434037530575	0.472994421453298	1.94588977882913
0.484967884919005	2.99354149454933	3.93065698390907
-0.175195763224218	1.52640664006953	2.08290581471336
0.195524854907098	-0.877750171766481	0.93269185794555
0.66188392938352	-0.776052427286496	1.79923638114958
0.0809242543804822	0.505708139055774	1.647897423647
0.201864066552266	0.155989794913631	3.06937491762519
-1.32650300486818	-0.470224644534907	2.78144478512326
-0.480082493506712	-0.495324391660659	2.96648147634269
0.763960084165934	0.378037758451261	3.74750690639338
0.929949435749509	2.43123979150735	3.36207310949454
0.702027812274139	1.18955945866366	2.38880543205363
0.416117474902158	0.422645894937398	2.32590075614648
0.232398873761744	1.77571696903332	1.27823951335028
0.0455749880873855	2.51190336708562	2.28490898202685
-0.182991132586584	0.0821117253286918	0.985969728972514
-0.243833238708169	-0.0746796113706331	0.676748052746635
1.13276031762611	0.483761069293666	2.98582080856498
-0.575687106272884	0.572876396110687	2.56754341594919
0.134148067549835	0.206580285261629	2.64313056823013
0.177450378684717	0.551771787105454	3.35086695030785
-0.447862381430092	1.71730453924475	2.69122409398873
0.00898507591889586	0.0771157277115026	2.83031962574672
1.2857341029247	0.289697671603783	3.43559209734961
1.19872019353335	1.42190813685381	2.39589399594484
0.380007901356	1.2278012396475	2.59000285456131
1.1491023576488	2.56094479989199	2.41883828130599
-0.87309435249929	2.60083529494597	0.983086007463066
1.24682814817337	1.32138587425314	1.53096349121813
2.54382719699192	2.12589396081191	2.30458149375491
-0.366271126977191	-0.118909704771464	0.727092486742881
-1.54008841886295	1.8079686368201	2.5868616998706
-0.432372482414381	1.68689184585876	1.47095581103765
-0.80800258546045	0.792867610108746	0.76284311742678
-0.766294056366337	0.118782057829739	1.28282400159736
0.242439454143341	3.09444475578527	2.58867329735562
0.515056062530795	1.47914853677917	1.31696627252089
-0.354054265476037	2.27935633507906	1.68162269315668
-0.122615941546354	1.89698861788603	0.766412441928944
-1.4245715326605	1.05050136279344	1.56139382779492
0.00674372822953018	0.352298998161837	1.29540243824463
2.17477514446301	1.93810679276695	2.93554585564699
0.025727794240016	1.6604627203834	2.98549609508864
1.62591391698901	0.883680228306116	1.99224314044745
-0.341991768995534	0.54120811615568	1.51649432671346
0.128253252512481	0.768927300026251	1.79795732033883
0.575379147314197	1.41437881489347	1.7379125321842
1.13864490609814	1.17158723239308	1.648773505107
0.847053209904268	0.553651899621068	1.36574562539119
0.456840499772013	0.828652231610852	2.63925924735515
0.524969584851742	0.764719971922995	2.34463492130873
-0.0869584575166728	2.26478371302554	3.08485328402042
-0.607808640276085	2.63249045915743	2.01326571331351
0.182090728354048	0.48572670824082	1.70393925177969
0.108235143724815	1.89001675623912	3.56882488607746
-0.448150446549696	1.53820349304931	3.32242276330266
-0.106755309074778	1.49040196157113	2.62631563699361
0.569289534513638	0.379526427515634	2.72196473099416
0.415924432476154	0.778435364766647	2.96007047980414
0.182748912254405	0.925673512320759	1.34310144696878
-0.157059609801128	0.701064684389302	2.15703152063631
-1.30082695812663	1.88018824093278	2.12135171128065
-0.917100327683763	1.79321621786098	1.26169590494145
0.605885039124022	1.1004670385449	1.78325249729242
0.0688109011418115	1.03334811878427	1.76478205865254
-1.53940384143471	0.032946265946155	1.20435954384596
-1.9737747803167	1.12840738847398	3.06011484725057
1.03797080411961	-0.358056569813467	1.90430891023571
1.00098446200564	1.07267942505668	2.27359325896476
0.0381131386937652	0.234107110521877	2.46605516817053
-0.972674222912797	1.54827050278653	2.24463621501523
0.0673252258031494	1.18044824821841	1.75998690593956
0.278910409797139	2.72873774857714	2.33226229285865
-0.198708268378665	0.970392498885399	0.918239243066972
-0.486161216850864	2.01273235717015	0.998590271671867
-1.21721129541072	1.27984163786923	1.61879962509717
0.510570362043715	2.04279552138544	2.20840235767779
0.615874178609372	0.563522736329579	1.61601742046949
-0.880928350890327	0.44130597542551	1.61693080180117
0.851057863407563	1.47176685354495	1.41743671177192
0.357467335585562	2.29255278868764	0.764269719641966
-2.09460941828314	1.08978989669182	0.705607924905148
0.21916034919226	1.4169098174196	1.52395071977808
-1.98795426319127	2.02501006682833	2.82282889118839
-1.75812003161241	2.51178919026201	2.13466301592116
0.237438333617791	1.48427324662088	1.5878388895516
-1.33570875966653	1.87533697830626	1.68969650836432
-1.56044137388985	1.76005421254282	2.84941683266058
-1.96883305351233	2.29657444739172	3.00058007302754
0.824405464420638	2.05038846506823	1.75664721376744
-3.47393353495135	1.7739674958538	1.53431990446145
-0.52593557372727	1.36605319566457	1.17209404883544
-1.01443604678708	1.75092919793018	1.02351134282963
0.229440783924465	0.934331048312018	0.305314368156855
-1.58078449981024	2.47930718086218	2.52834526475741
-0.595907624777214	1.75936119406313	2.21181907895182
0.426446532280928	2.04421313368881	2.40372145896104
0.580234891910992	3.78885410031832	2.98177869844563
0.0901172857471493	0.862283994861517	2.68608612183865
-0.321551752581586	1.67927135542093	3.90897636220524
-0.160646367997177	0.310392245459325	2.59647671571033
1.27681173939291	0.533248806107835	2.19411791148541
0.58795481103592	1.64629537110275	1.79423332283025
0.664123725376582	0.850387849786958	2.55466096706546
-0.431212692159809	2.27524549478176	3.01744231681071
-0.458842274454233	2.31651670403203	1.73814788419967
1.21633827296267	1.30573220360499	2.345061926702
1.05330323297572	2.12613105980917	2.03980376589292
-0.471991378684239	1.12302251149663	2.8005536079169
0.298682316928975	1.39737041563205	1.33645677795743
-0.706148335440078	1.52325386950593	2.58279694913241
-1.22068602704288	1.8835632402977	2.0247662431817
-1.30940584944173	2.07049523152796	1.92882085811076
-0.980221170413595	1.03369982103864	1.31573687353659
-1.32087231198195	1.8017856298102	2.48781344466437
-0.0955070167426119	2.80331124657402	3.11517754750849
-0.929909598577984	1.66324450743075	3.39402070409628
-0.822009574246036	2.6937346792671	3.58638023211214
-1.63729477138119	2.34563913320218	2.65728751597172
-3.44320820136531	2.34610278849762	2.24865525053165
-2.43474951117613	1.49891374342834	1.32130890734136
-1.58470987590359	0.954215151256365	1.323018503449
-0.975542875577996	1.79087711700939	1.74541870598187
0.907357610777222	1.9697821972399	1.45956704989868
1.79319167924575	1.99929890105408	0.778463947282437
-1.66618761456244	2.16957634750447	0.933181824716807
1.46591784911632	2.06852356813397	1.44120441025704
1.08878499728698	1.72612884717507	1.76391774552016
-1.46630847576888	2.06936078454503	2.65533976205204
-0.937075480486035	2.78612278966217	3.63191579316425
-1.43375785237948	1.77718147112459	3.78628288883121
1.04166415336386	1.38974359201818	3.07992613155164
0.0294790342656228	2.83813833710027	4.05447986054388
0.54490940598063	3.0193879753137	2.79055646751582
1.36284307095145	1.46264140478995	2.14396544876053
-0.305016706837603	2.46760929320158	2.82650777046533
2.00874963351089	2.1020293848149	1.78231509878871
0.593282403530582	2.64751249670523	2.47226834328892
-0.717666382131029	2.91869855169093	2.75746764722213
-0.49250535287372	2.29934925456044	3.67250571515877
1.48165313574341	2.97989107646914	4.36108608799647
0.328915299982284	1.53221224723416	4.03706587472792
-0.624305764173192	1.4358176395028	5.27686287833659
1.15397033692932	1.13738458954235	4.94501116734281
1.76695270447556	1.99568640003179	4.50479851075337
2.7932725121641	1.56918751908372	4.12237890910477
3.75277279914531	1.59529320570368	3.77989518759937
1.12066349547434	2.27939930503897	3.78175152082429
1.25356882611569	2.2762323158357	1.98200414354898
-0.397039466941865	2.23018679739765	2.1371792209822
-0.534328046999328	2.15845980071025	2.27418526352632
0.635181263362056	1.90708274486424	1.41586452993188
-0.359784135747608	2.1895326677059	1.51930861021682
0.562597445540513	2.45311064668798	2.96416056998612
-0.46199477192474	2.37818810245513	2.93656381430113
1.01980026993235	2.95763254241123	3.69135174142118
0.191652799337572	1.0642089644282	2.79241610207609
-2.18778206243034	1.5753566390916	3.31178561207346
-0.0528767469821803	2.07472661143108	2.54505272459559
2.34295962978008	1.53346711343891	3.3293755176044
2.01129952721847	2.39512036974525	3.93539117233977
0.814208400141934	2.13550897572723	3.49171311600445
1.9304347572595	1.92255014823126	3.06397418960642
1.19602676266526	2.64278525402309	3.40629168473614
1.28146579624686	0.967865938931278	2.14947453324117
2.00668299517354	0.832008050174959	3.18032686590064
1.38412156528203	2.32063424809633	4.10411450161431
0.59647037364876	2.52353787980639	3.8029920076842
0.980975940463133	2.03427901973153	2.80560393251225
-0.124390199601956	1.90869448923469	3.54412328510734
-1.1732906162576	2.20684840153626	3.29223449454542
0.792058637084585	2.45039507406265	3.35563570140057
-0.682858273154793	3.54261271867436	3.13360516327372
-0.764344512141136	2.80371385169846	2.80802092614519
0.816575069165041	1.2978516020281	2.64525519719399
0.589591212032781	1.91128174480986	3.96722804341747
0.829450511956563	2.48330980197693	3.60430405254384
0.598246558815546	1.8465318441677	2.52267956494471
0.603326598888671	2.65603578797884	2.53244251407532
-0.184441444093632	2.99371929833891	3.02728123393591
2.13291866080911	3.12035086458144	3.24511934480782
0.78802745365171	2.22939060839686	3.159095806745
2.32446301849323	1.99958850325648	3.73204390151652
0.390842511212968	0.660657494181372	2.07131933449126
0.288081491133874	1.75541422057012	2.92398217472191
1.02958680152047	2.09797018871657	2.91216466402964
0.707870623335895	2.08322656250697	3.77676287024914
2.35215518825887	2.54982930032782	3.0375790376714
1.33847534974485	1.81464957974257	3.63478790805758
1.39861114937185	2.50218088208665	3.78561016330584
1.02276759114357	3.18452899639072	3.33671278342821
1.14896101344078	3.42279203258709	3.71815491104113
0.779135383061929	2.78822428197381	2.8934344625655
0.354302883722004	1.42673875754738	2.93392844603242
0.763300387624035	1.46245196037619	3.43329854559255
1.1058435556905	2.8860165828196	2.94898313140007
1.0941592107768	2.22040928969151	2.65595053082877
1.78526730901393	2.34568819594293	4.21701077650334
3.35103545212153	2.35899781090619	4.41426088254193
2.95615797799277	1.16821854222575	4.39411077511657
3.41931763370824	0.816479199271154	3.90140126302886
1.1180355784795	0.470258884998839	3.36974387625401
-0.220380961910978	1.55217611462538	2.30666623315458
0.532117887689879	2.4145968345865	2.27040886967065
0.255692125093464	0.64713106531468	1.31926063667101
-0.866696068710505	2.42271771776418	2.45931891371061
-1.37450804443844	3.08272799466506	2.374708473882
0.409843766794826	2.18525013703262	2.04400533110967
0.409843766794826	2.18525013703262	2.04400533110967
0.103968528361254	1.95023281979821	2.32057263440749
-0.430007069872762	1.59915311237415	2.50975491400158
-0.679127556990711	2.35194048969514	2.32854141511361
1.35355762121493	1.2668601947336	3.14117786145415
0.453994586870854	2.09221462944484	3.58624461175213
-0.112163731688343	1.89598765036361	3.05172482787342
-0.461528728020372	1.08159484922332	3.38664583752023
0.84993025659641	2.16326781212121	2.24481171200524
-1.73094884212802	1.89282846220489	2.8002937435588
0.956363819510802	1.36167355398399	2.77087523708083
1.43782790006744	1.57553536858155	2.68881823518073
0.0240193109158869	2.21517604489022	3.11458944629681
0.622395846712538	1.98557755765992	2.96639363221693
-0.931331324034293	1.83988196847697	3.75298653427468
-0.528218145689968	0.848282527112979	3.41804292882394
0.794179339495554	0.927708436933185	3.86339388806729
-0.223948263222293	2.47541149786918	2.11607487984724
-1.65344081495306	1.6653294791532	2.09984512787917
-1.62782900329685	2.12211636851273	2.59298784793697
1.99306938068118	1.74832009916384	2.02454459645954
0.362338754655079	1.12969360927928	3.20907564823843
1.21280439265378	1.47621511479832	1.9574395267369
0.465836963271208	1.82590292306503	2.00868855477912
-1.42805568027274	1.291611280208	2.50120927610619
0.400283775911172	2.70468626798051	2.82734121550265
0.00108544469722416	2.46446458711747	3.82816352700677
0.652177173062623	2.06359676032601	2.84043337147261
1.18179339770066	1.93785923101872	3.10779768771585
1.16106775143377	1.56608000351663	2.00606804737971
1.03634778689295	2.15016295228962	1.52505655902676
1.57829234464398	2.79374534435549	2.23896794878209
-1.41530364252187	3.28051184230514	2.40592998634446
-0.31740938842841	3.28382132909883	1.74570176796232
-0.0444065215453712	3.20872803642627	2.38729142393247
-1.04713632673418	1.80732135010553	2.18079640946889
-0.339486510375044	2.56102371526909	3.47351176787922
0.554527614019399	2.08760783296936	3.27579193874614
1.7265582351842	1.32452699448095	2.8648549008397
1.58900629559908	2.23029283241263	3.29597871975014
-1.22474350802731	2.36599348042268	2.76915195655831
-1.0930534352079	3.42386017564352	1.70278540794166
0.207091104045864	2.1680332906934	1.51358387528867
-0.0407780318020803	1.93910510824918	2.29996990701474
-0.476931284913729	3.90667224361118	2.34914207782018
-0.228874428792206	4.70806178413368	3.26194730316407
-1.60929672833614	2.25574437893503	2.47619901801422
-0.583811627587207	3.09788430183529	3.72106929942338
-0.228820110484505	2.54726391327923	3.7359299503799
0.909162264905981	2.27764119825143	3.02510700355204
-0.179086796697351	2.4674041176329	3.2943622048041
1.25104119684559	2.51999735256377	2.22129925928649
-0.731769167009109	2.20190305286612	2.198555105851
-1.335148359268	1.45010521135668	3.18388945201788
-1.16804296438156	1.15931309964138	2.25153549963755
1.00450582110603	2.77038762142226	2.96699300019933
1.82851068088775	0.400970422939114	2.53707398797388
0.405993983709906	1.91394516283774	1.79182457701904
-0.253242701036801	1.4367431636026	1.53470042147259
-0.158331981213212	1.59923548350066	1.63867224522942
1.10338905898196	3.2648309556245	3.14934328535709
-0.671726836946337	2.62920790756615	2.60255535273265
0.411118823128084	2.03311538007292	2.663659906842
0.447642494533815	3.71966771087165	3.91852144030739
1.76108545859975	3.15956944751065	3.52529443666972
1.49377343233752	1.71757284304606	2.871205527848
0.805045448415567	1.68893783362739	2.50705406387948
0.211865836451709	1.71043877709687	2.41891129440301
-0.378513387597448	1.3606262409417	3.39414237624092
-0.415462442045897	2.22758332049722	2.12435534724568
1.31822772216609	1.77504969398482	1.6674832130102
1.83117014376644	1.78849242727882	2.34918868292911
1.16002638000131	1.14877945552377	2.18728288143702
0.749515327979368	1.49791076644683	1.93926218368051
-0.5339238002241	2.00433798910823	2.69277994163069
-1.59197900635515	1.34322176314372	2.45417456685343
-0.410212958538562	0.545264340955314	2.42025803850592
1.63893101916013	1.88782493580885	1.98876850247065
-0.889866822307636	1.4375017640503	2.44537433760056
0.327939582301379	1.35036720694244	3.03283198912351
-1.66947064851969	2.3087503547679	2.82635916063819
-0.00246614468516698	0.761155181364799	1.62940104849031
-0.478611912323897	0.874072496468648	1.40271033087532
-0.293178091306649	1.60296210815444	2.84804112187132
-0.868862627386637	0.980973918858524	1.061809272682
-1.37151059678759	1.6414862839633	1.89193249718232
1.10649668229281	1.68619103527258	2.76948207170392
-0.600949714066894	2.98286401914577	2.02245868568107
-1.65615887135711	2.09807291303095	2.5248695069237
-0.496837062874913	2.36708902217111	2.4429757884097
-2.07159816458339	2.02990568883784	1.8688068993739
-0.0974371194957877	2.25945928353628	1.28043928071607
-2.06234943621255	2.28830857673524	3.40505420113668
-0.383611909936036	2.55886774506178	3.13281027809212
0.149875298138747	0.528505073152455	1.79601543601782
0.923149524626851	0.560577173500453	1.78024284584403
-0.641466425653246	0.401060144853806	0.961946445712511
-0.184579477899658	2.95896806937709	2.3874202458952
-1.52712946185771	1.29743932292233	1.4391125204383
-1.84025993513953	2.53810902108033	3.26240952331821
-1.00125692281057	1.34832413775303	2.0514985460453
-0.163583679253607	0.966520616016169	1.1266049205314
-1.47869574475096	2.12876096016374	1.51538156775445
1.23205074418242	2.38026323810368	2.27412465161737
-1.49960532401141	2.6171929270279	1.14144714006083
-0.8732502837401	2.35692913903371	1.11741139435276
-0.67016794791722	1.11919852716976	1.27563020432513
-1.4412663274191	2.48244520320042	2.43621752445316
0.0349213269877633	4.08917293096166	2.60885608753588
-3.5487663135961	3.36979496773661	2.92414294491168
-1.60318625274205	3.87321377352853	3.51026256884554
-0.943248305251969	1.46971174570269	2.50086435886823
-2.89695829730145	1.95583222434104	1.58829692793998
-0.342984939321906	2.15544222456124	2.31336598317292
-1.56001641408679	0.205930743425616	1.92861055990363
0.257592458336021	1.19475288749777	2.68994040982847
-0.0238733128676721	1.61586509070611	3.2663077652003
-0.713750863346344	-0.762056507023123	1.86037563938531
-1.0027377784747	0.376879465187486	1.9490712700396
0.448624829776863	1.05279556357385	1.73514773084742
-0.0546623639357961	0.192456774584773	1.89639877504833
0.770040188105426	0.544442674021653	2.51006129548066
0.706390037352276	1.62923684699832	3.77778287837834
-0.526838832859613	2.0518707935901	3.76926956361947
0.0423147783638256	2.83011839127962	3.26797134624733
-0.348671994644996	0.885922166203345	1.69020983033132
0.135749763554314	1.58530135088293	2.67439609247151
0.194715434019713	2.45372538179078	2.72145495720723
0.0713719517958292	2.12416909978626	2.34401604793971
1.79982490665622	2.24195069440576	1.88994921073683
1.55225506163933	2.39446965350381	1.57676756634269
-0.863292568298505	2.34270989842154	2.09867844990157
-1.14138939079591	1.15429034507997	1.06766946243685
1.70385044236502	0.875507737583608	2.63870981612628
0.634879173767606	3.73750531291266	3.16327434684769
1.52569498915226	2.98293528099177	2.4722607330496
0.274714007453612	2.56907496606111	2.23567596788994
-0.880566326907103	0.927957616902962	2.85643182699793
1.09531023935109	2.82139334318862	2.73897145779424
1.0789262571346	1.78423532770112	1.7567535314383
-1.98507151345935	1.96561463004562	1.34411118668575
-0.474752308345954	1.69043693879173	1.75366600783406
0.668656261099791	1.44866343721437	2.0726933998056
-1.58353862329523	-0.222531469973496	2.47000996026561
0.917462440461123	1.46896330983619	2.60395504020744
-1.12209541364997	0.895519885759461	3.75249644672905
-0.352728724496861	-0.544022695679996	2.76159134803365
1.92029692279739	1.62814914909738	2.87212508629326
0.499790195460074	1.56971980237582	2.0037514636386
-1.90060611297586	1.74750974724578	3.05599923191803
-1.8268838050599	2.70440407858897	3.81909474132148
-0.647293540155529	3.5989463306018	3.71379633082426
-0.517444776900836	1.030715539196	1.82129475664754
0.977953247591016	1.8834445833991	3.38238481640858
2.13089410811036	2.53955758524472	3.3762460219203
0.0576784538946753	3.6851280348612	2.97665599125682
-0.0358739737953407	3.38836607757993	3.59289668148394
0.885428998690541	2.7037537621358	2.64360559856112
0.649474046194498	3.65612196252006	3.11915875333578
-0.982544948306302	2.29927739572468	2.68980611579352
1.47774891371202	1.49942830112839	2.87731416668056
0.106218199513883	2.69151317493965	2.51398958430028
-0.193650360930817	1.47065811945667	3.11370421908374
0.585396516769911	0.611216618902328	3.73104262351355
0.908716007146271	0.620461848258014	3.35896458078231
1.61924880808355	1.81297049434421	2.82606551688101
0.260603349062574	2.2476160139273	2.52324340694517
-0.692743250648812	1.04993994881506	3.47777363575217
0.834159190343536	2.45906372849785	3.65204359931332
2.64562756064177	1.85387126907643	2.47651618767822
0.349626792158457	0.849150876935084	3.08869675934488
-0.343817273447723	0.715264304316818	2.28481313692242
-0.425624405484794	-0.574043915850231	2.05456441570608
2.07380776915661	-1.48799734902703	2.45634556151199
-0.0208277468506454	-1.87752912921863	2.36431576149575
0.86417977837535	-3.14364428153948	2.70225690186491
0.951436402028912	-2.20239549665484	1.99420421604824
1.10331264173537	-1.88340389592011	2.45141719227187
-1.02394416710624	0.181794066058687	2.05227894580104
-0.766183246966977	2.06977576627893	2.52417083595614
-1.39992702241399	1.70908211005278	3.18042280787825
-1.36283440053639	1.02809709854984	2.8944385724426
0.420473079097581	2.98277309013151	3.19979887001012
-0.549176927394142	2.9397884985637	1.88319707524674
-1.71858056946818	2.71925846740678	2.4416589919433
-0.147377213466926	3.91718716146562	2.36097767071173
1.3309985362045	4.57816701591561	2.32981736312299
-2.6423834743043	3.78227166446236	3.03174625112501
-0.0615005332753045	3.64335997587252	1.90394593083817
-1.83575430506133	3.3472926201761	1.99082587541544
-3.28433604446895	2.15956832829268	2.85856482702458
0.0200135406414001	0.923847764548612	3.46275335707229
-0.239062643825972	2.93470456362898	2.13578124586229
-2.69659025600256	1.32595368770251	2.7542176451463
-1.0378639530752	-0.392782623900242	2.03904018435404
1.43646951064318	1.06732346147755	2.69152722229022
1.67091607402992	2.24788701516785	3.12958976065993
0.145701273835452	1.80338186474049	1.91754751291532
-0.309619528939196	0.633874958258298	2.39072300968526
-0.515991466512084	1.74815150409996	1.89700478767797
-1.28728374945911	2.45318532637642	2.12152813176217
-0.357450684975656	2.77805893278075	2.12857069454049
-0.663785112765603	3.07298755458924	2.36122178123302
-0.153206480608748	1.28828760609036	2.33727430048534
0.00816421469787626	1.03921997183767	2.7532197628586
0.694070228199732	0.393421179955344	1.99298351094722
1.17616767505468	2.11866055905125	2.83932372871354
-0.221104254950199	3.02345955477172	2.79993113601934
0.680272182279397	1.07647677942645	2.49837800384401
-0.914792746769092	1.60249696354406	1.65216369485473
0.657982143997801	0.851779863288259	2.03613884830818
0.0199687054787339	1.00330400088956	2.36499763885031
0.524219866460189	-0.245533109454875	2.23504852513397
0.875271660823281	0.651996208111989	2.35790286363385
0.527134342263013	2.73893438893411	3.3160855539517
-1.17735108452245	1.73769135582376	2.5547745074624
0.731038896941962	1.01708182310101	1.00109925681736
-0.0770937809664263	3.11107536156214	1.33664241550872
-1.188374508075	2.45346743015595	1.41196615218776
-1.11618680615292	2.18463755346393	2.05548518801502
-0.405517448869072	1.80011970170235	1.96139237333167
0.268565648001428	0.465270003018127	1.45724946221991
1.8717135914372	1.20118306647946	2.10907236677472
-0.97807644423275	0.113689669191081	1.2550809384028
-0.630496000831915	-1.10295001688869	1.82305144658109
-0.508105857210897	0.679487105305167	2.15127919078275
-0.454332146757284	2.19281155020337	1.56794074343757
-1.75688238250087	1.53056901163662	2.25739980107303
-1.91333204015599	0.750670230956801	2.79346587371317
0.944197292198912	0.195455302004198	3.44560169059927
1.28891447691184	-0.0212750987075917	4.33124222269461
-1.57059189569727	-0.665802350236923	1.72883966338987
-2.16338716416448	-0.690447637210432	2.74429722281364
1.79289432199184	0.504778710465305	2.23028265104229
0.39716508965775	0.93485400698658	3.1336794779285
-0.244383778831911	0.62746793030458	1.92142313582098
-1.65712663904895	0.286082596766983	1.58857224386727
0.139743996246764	1.41617542409128	2.86689161334651
-1.3976172581829	0.235543826747638	2.5009864962125
0.980094264363375	1.05138238478253	2.31591563056486
-0.747976815795757	0.833270828762433	2.15449894982928
0.736957355603037	1.29447609019513	1.49917688448595
-0.476080999289509	1.46667091854359	1.3530222281328
-0.040392236131541	0.684588927449385	0.817489813123529
0.429995375351243	1.27963405516482	1.38407856690019
0.533221478904689	0.377536492985466	1.55462604024034
-0.138094151530163	1.2877546261302	1.47352107008542
-2.61182714617644	1.54522112654484	1.98731010486723
0.323687101424886	2.16375155114715	1.48909170959098
-1.80359801407347	2.60674619663417	2.5295618561708
-0.65654004151981	2.46884829685341	1.68911458278239
0.134207014055734	0.902338019456806	0.48546541541157
-0.488911901315333	1.03905401924751	2.12119660676897
-0.154222382063359	2.08019407881778	2.64414643124013
0.100242364198221	2.25097177844142	1.87135993121442
-1.23268591963808	1.3675374750641	2.87351201901671
-2.0100668499402	1.38050421975853	2.25798262073154
-2.85655921343392	0.455701379270084	1.76864952060579
-0.376091352344844	0.386901225806362	2.87073250165951
0.707347851478576	2.07154410631801	3.31915654389537
-2.20274301247935	0.939299764145689	3.01295986630545
-1.87057199446515	1.46386198610125	2.57706734529824
1.00017894158207	1.05271914489733	1.49947696153593
1.5130115604016	0.623268754775233	1.76734345123536
-0.389240337705323	1.01995326502521	1.12879295092993
-0.509093635345466	1.98722371457973	1.40271446343811
-0.584743021442394	0.463223080182032	1.67062186775141
1.77716687349937	1.42286280232071	2.19970725541117
1.8257090148198	1.30070794531895	3.84759375924794
-0.119571059621747	0.0257944275645712	3.97730416210883
0.720430006036604	1.95045886938934	4.10384356436965
0.823105486007081	0.665115086827787	4.11668366047191
1.41071583033913	-0.764090626379313	2.21826436901759
-0.759100613007026	-1.72628365460908	2.11288716761016
1.85037747298481	0.863823008950151	2.18616994290099
-0.475515218376173	1.3657819690666	2.12972453172283
0.110971774696404	1.34463040697359	1.49206132687805
0.765941446774843	1.08194421707897	1.73020178702244
0.77891338329203	2.23071802754735	3.44738923234629
-0.277779480600747	0.0556805004176788	2.50182413146559
0.336545213231902	0.639886397091393	1.18421023275401
-0.665063051329602	1.98692177120156	2.40682200321213
-0.981261027353496	0.168509813675415	2.84230962371372
-0.341585460966061	2.03074306536972	3.23581541842833
0.438900293354069	3.24508694609716	3.74422274958105
-0.503523459514049	2.93929658171475	3.88201362085982
1.04015581130293	1.37435872450976	3.18214706665736
-0.0428073840480816	0.465207024790618	3.3950678914558
1.12141042891536	1.03734822521007	3.09636674708434
0.350759339262153	1.04772351196069	2.42215736413297
0.350759339262153	1.04772351196069	2.42215736413297
-1.05569893939742	-0.111241609536124	2.40641208929537
0.0721143721498592	1.3273869368403	2.96261130494614
-0.994606336811404	1.74832225917748	2.62437411737741
0.158096524866115	1.31392308177585	2.04955250776441
0.10923201984519	1.58765410007794	1.7796055766614
-0.22001888751248	2.57732240848806	3.50507840961224
-0.22001888751248	2.57732240848806	3.50507840961224
-0.0986189241081065	3.65006956423846	3.39840162331253
0.703978872494889	3.37239497860699	3.37215514365088
0.304503414543924	1.13205120801883	1.81638142566124
-0.203411535797967	1.26594368123062	1.58663371682826
-0.620177521880759	1.17641263399381	1.26229658954956
-1.25657778775312	3.58903349120413	2.31320029088614
-0.325434397962641	3.36864773137284	3.48844574384165
-0.0849128810884301	1.97671758958827	2.38001537795051
-0.0783730437910805	1.41216500344789	0.665502107207729
-0.0814664895540545	1.31793529208804	1.45748108307703
-0.388086622189624	1.54579291604704	1.32681166375189
-0.172687764504018	2.52505974295661	1.3775888078615
-0.369612115740896	3.37427236040909	1.83669160372798
0.32655895122535	2.39412909142397	1.37333535019794
-0.408999422368026	2.32808597665312	1.95463577844271
0.300577272537683	1.60757422520733	2.2396860513763
-0.612834061254248	1.20769323395362	2.25808064048362
-1.23656285076669	0.549334075035423	0.818287746192901
-0.24620890577447	-0.414993474620113	2.28819577058712
0.529299572296353	0.692068286034835	3.81760696766872
0.960974169779166	-1.31888766702214	2.3950078701557
1.49145178510036	1.32006266009545	2.33711861032088
1.68726123949188	0.838627707394834	2.14826278824823
1.14909550279967	0.992401647822787	2.35850822193984
0.103364425967497	1.75605061096936	1.3445624059979
1.00390378740424	2.34145346708842	1.68656911712911
0.972524299936839	1.618372418423	1.80839988729279
-0.792957199480137	2.70505533806254	3.23646140015068
0.670995224177626	2.04476124044212	3.25998613595328
1.6346321144711	2.03234524058144	2.75140497666201
1.85035784216134	1.54923609164451	2.31116058598751
0.518178210211802	2.50798333144868	2.73639680069553
0.492348578502465	1.64316392973427	2.46555944516097
1.35062676411256	1.6123455229924	2.01661703684359
0.0216367316912576	1.51711285832254	2.79055163272923
0.332005006014746	2.29006977918171	2.42227566571951
-0.545237652703188	4.0802809872777	3.97475771220445
0.104363675630793	2.16910230602779	5.14929570159528
1.0175223454086	1.43806577726318	5.65560087294793
1.64149796555844	1.43663103218718	4.35797349062841
1.29672749755635	1.032459772346	2.38029231924389
1.09127054027436	0.873944539179492	2.43193536640734
-0.095819619617462	0.956957548050908	2.10049186131372
-0.344187322133988	1.41445606923696	2.52545707011709
-0.00724839338448419	1.13371024644144	1.83387282083458
0.681875757790599	1.18034623054153	1.99184902442321
0.598782973175625	3.19450515294758	2.85345357520785
0.361923198622868	3.70821348460887	2.30334746071146
-0.652587362831927	4.13344620160824	1.95059088346195
-0.56322875141608	3.70765836621658	2.21974268670877
-0.370303041401821	2.58990945031405	1.95613202298306
-0.484352055702969	3.37874027273489	1.69996377364641
-0.697822751436078	2.23347891436204	2.83143453013375
-0.0336728948189713	0.542228250982929	1.29491269488332
-0.972802095484072	-0.46519189600717	1.28766514114304
-0.108058180898129	1.68623606131567	1.92294244067578
0.582832169736293	0.866685263054907	1.40184138101592
1.02760302401188	2.56415086518516	3.13798574646837
0.958944660071752	3.12389020410577	2.62929082972131
0.549025937024194	1.58467984536283	2.26497783576848
-0.201207184192818	2.05014773477299	2.88280868383167
-0.507078433861991	2.80527078810865	1.62825790088437
-1.49558287295758	1.2797277957272	1.01566584851851
-1.18169513337628	1.49284031595665	0.947391160143809
-0.518789308326534	0.786570533204071	2.47271468074514
-0.41395879170219	-0.787028488832015	2.58311781595165
-0.621683872003517	0.0998439172569494	1.9899101074465
0.0517490389284294	-0.368363100341097	3.67947285103257
0.0477227665110982	-0.886814348707448	2.97766668796762
-0.252276993372694	-0.101497969910224	3.17538567140856
-1.09865692800513	0.925234455460323	2.7774784074292
-0.518476104591275	1.99105924630643	2.35277867676829
0.347650539936764	1.01870631414245	1.65091924319496
-0.773306715527067	2.21167376310403	1.55738500642624
-2.03967090088952	1.40566002806215	1.49968261535857
-0.114862404377634	1.12280856448541	0.94269904371524
-0.369269746464903	1.2051390247775	1.8257897712868
-0.0992321211199232	0.899165918280043	1.69630629804445
-0.212628205677698	-0.0144823468883359	1.49703735034725
-0.627432033815198	0.712546767693384	0.82706931398571
0.170802732050966	0.8394746056913	1.33519910316493
0.884718442325625	1.74858991284637	2.17027959312752
0.329476768996797	1.77700150612224	1.53048497771951
0.00114871908044989	-0.0757217178948202	2.17552420617072
-1.57065123880693	1.05982240986434	1.80225780842164
0.113466750373386	0.113541628348219	1.68329808784927
-1.79010568348753	-0.22996501227418	1.78402828013226
0.362675390706857	1.4124651600471	1.39333945065939
-0.578865642916215	2.19970847356895	1.47177042517135
0.109298511378939	1.84296204020626	0.985126188835553
-0.626928462538207	0.835971208019506	0.749404292859029
0.046352800846957	3.13107410108311	1.36604737076236
-1.75851671895756	2.78430446439047	2.23587164701039
-0.306546133466569	2.68795263657966	1.86833372412124
-0.601879458404694	0.98726198141764	2.23061075608118
-0.460006465540023	1.77649279641473	2.61094912301965
0.149327839213921	2.87801405110865	3.73415918808378
-0.801739138845879	1.01049590339587	3.11649376728753
-0.404468642818081	1.79802629420452	3.5708507191986
1.01361014048075	0.616327970704439	3.2361334976551
0.958224783577701	1.01163758605124	3.68534786833419
0.662201293706998	0.30172960001798	2.37423790579968
0.26183999746145	0.568657285641241	2.90015399059769
0.261400166313328	0.969622153625646	0.904996072809774
-0.885362775327693	0.792207763283258	1.15635792510194
-0.0648700892142226	2.51656043314984	2.63489739040526
0.0496171741311291	1.88874343789243	1.35838830632066
0.747968632706449	1.92378510327754	1.43690644299016
-0.123437673320851	2.26020292134446	1.99517546324383
-1.23268072829403	1.19695379049229	1.82802609719673
0.0359060035930091	0.675395644319922	1.66477369504526
-1.72441991419315	0.87949234710499	2.69365644790632
0.343497513357542	1.74611037796019	1.4947329726075
-0.766203157650882	2.39415335889718	1.46127185204669
-0.303097510245508	1.13068923510573	3.10137796051645
0.253900281383669	0.253041849867918	2.65057351773809
-0.81099713306625	-1.15461459027073	1.76729776867434
0.230241787966375	-0.882505854384168	0.803474270584259
0.859368523508882	-0.706998687510169	0.883855798208206
0.826205195010994	-0.102004883651403	2.16675823434519
-0.225229855133953	1.23282059658227	2.42921445902966
-1.08529238189564	1.91196132776696	2.32100831537362
-1.03299197335897	0.824106845452679	2.63555487591182
-0.625290088620606	1.5450600717093	2.55091507441571
0.462974848786361	1.21694242132655	1.99160784726895
0.383488975149786	0.912762078636036	2.29138657407385
-0.354789043084834	0.818077514328964	3.57861258678195
-0.282703684549704	0.34941197044927	3.07713884299793
-1.30268129116035	1.24058593836514	3.08034360784891
0.787106097879267	1.47948688011266	2.05689740351158
-0.693571814045895	1.63448470918416	2.43147585359456
0.448366967439146	2.07806477803087	2.25730649641959
0.126422852565281	-0.0454215016167821	0.710678436910188
-0.355835798410024	2.01413405183806	2.13134065050255
-0.760311888359825	1.75955375933148	3.43513208529156
-0.570661279865651	1.20964335722018	2.23945794277529
0.732066142121072	-0.437069961712072	1.73201333839902
-0.57037074249722	1.07713646675487	1.89509928930938
0.114149538170323	1.47538963355172	1.99448964777828
1.46942772492236	2.22632614007634	1.38352828145137
-0.824906292297156	1.48057766169679	1.46234697465444
0.393652296757487	2.54924056747626	2.04097350830299
-0.729513107201466	1.39084616084162	1.66751912372093
-0.149050230987371	1.61702626288722	2.30333829052776
0.924889372010613	1.4867962913222	3.03341190342264
1.04464766287265	1.35658964773445	1.92421452442791
0.590193830447853	0.799769753510688	2.13642596382589
0.814246272284798	0.832287478610563	1.6866362700126
0.107344386900888	1.13098162054107	1.61486616176554
0.430554389558632	1.56147856196059	1.83667832694533
0.0813335344845563	0.916435351954787	1.19445451357146
0.479433231994093	0.823536754490127	0.28722069387059
-1.02133340523308	1.16275373046507	3.01060378407192
-0.275395047145053	0.614928429577295	1.84126214051807
1.07814787900589	1.75022866453144	2.05529634917331
-1.40493405311496	1.47239422962922	2.96082227925404
0.257753020487406	1.45951844644605	3.65553221102122
0.128496640129321	1.8951496990987	4.02809916884945
0.344603657557185	1.8698495117552	3.91081960268935
-0.55615956084158	1.90960205047479	2.35038392331175
-0.465558055197181	1.93338063701711	1.54892436310964
0.503438638749883	2.01950603136049	0.69335688667279
1.45024949509878	2.6247564718032	1.42238975063511
1.50158586099108	1.69023365251515	1.71240088531281
0.387077426681036	0.342389251269358	1.59069850393938
-0.801309213499395	1.09445909229237	2.97675369521625
0.130427406121852	1.07138970622203	1.60046019614478
-0.996086594377758	0.776657947095168	1.31270450747707
-0.424551149024566	2.04312413855146	0.814707763100249
0.7503249154885	2.14312703135403	1.14349316298351
-0.17454293448773	1.44065770106636	-0.0923250966397745
-0.194388002386445	1.18025891978831	-0.585685720923083
-0.701558089558127	0.0524911530599449	-0.0908912309665268
-0.300779585038291	0.0355597156423312	-0.331137382476238
-0.902834763611591	1.6401227775449	0.580175272064807
-0.354748919026843	1.03287748036031	1.21600042784844
-0.268197581533175	1.71586358784404	2.58999028469446
-0.704305568850103	1.95557797422864	1.39652183932184
-0.714724716148869	1.41436321958668	0.320688084871437
-1.00610515901762	1.19528150312385	0.214308510328848
-0.731673569696254	1.86723895470006	-0.479568871331118
-2.07684674199197	2.04606421361621	0.924066373787098
-1.26202837862464	1.48514962748389	0.340480414713441
-1.07759710338329	0.837478115261864	0.061356907815685
-0.818435953792522	0.917948881566432	0.952985463581299
-1.5568159619144	1.44403014958581	0.945693994559371
-0.958488798044582	1.5127812036374	2.50491961132572
-0.452283988935877	0.731160254505487	1.35015254811266
-0.145999450846452	1.23562775403954	2.415804860708
0.148009122435717	-0.278458134909707	2.47969958680111
-0.916481968530599	0.690545803036691	3.53801621683829
-1.02952582529804	0.84231315123699	3.18236600859557
-0.412748598931331	0.354384841754318	1.93993719215511
0.648463690106251	1.08535465871087	1.51157433596318
0.583261202139913	1.80170541665084	1.64770799797076
-1.29997152382869	0.995927217447598	1.23916793770832
-0.0972006628195441	1.07177036290211	0.911490046827816
-0.315251567699021	0.827873610535192	0.423318117619104
-1.13761880438675	1.26403752789686	0.828786269228089
-0.684030465633178	1.56100450857975	0.579808341446953
-1.14394632732715	-0.0652586822412962	0.326752942881773
-1.10226164985655	0.292986815580496	0.0449435131169743
-1.0230640590162	0.467378992118022	0.522256607351714
-2.85640330388218	0.941842411070999	0.72166762945165
-3.87485113967614	1.00220417589081	1.35026774515246
-1.67945383374833	1.21834479217159	1.29565392843363
-0.643808406603463	0.351641037355532	0.916323112923651
0.424675462901351	0.434424981720641	1.09142097866895
-1.00845504715243	1.32539898253767	1.2977474365225
-1.19857435493686	0.826201707092833	0.335632408445442
-1.34602023217506	1.02722192031803	1.17025304816092
-1.23212141992952	0.951263774819781	0.522773379726315
-1.13836499977796	0.88953687708395	1.03840187423164
-1.71941048461578	0.18689581040229	1.26317644796087
-0.298991081167452	0.54287097319305	1.86476509596208
-0.21141640582698	1.09231042906042	2.70068739901558
0.25630649441704	0.709082401871379	2.60037703177655
-1.06908507681165	0.958287584300493	2.64876536386071
-1.22906634678512	1.34504411061945	2.74432013948961
-2.34608587701307	0.949055155051317	3.05239181969104
-1.66732051867113	0.164746627499652	1.76143280031416
-1.20379888236386	0.557146420623725	2.65577741850884
0.219482065584593	0.833428575309305	2.91131309582785
-1.22348585920053	1.47288624597483	2.97048347901361
0.0442123921226656	1.58628117519685	1.45767016589686
-1.54750632232582	1.21065768058318	1.66176703621565
-1.93581368944531	0.289100046465977	0.567875722299157
-1.93581368944531	0.289100046465977	0.567875722299157
-1.485556866509	1.83784744418716	1.5978000085739
-2.16048157742631	1.68199336802819	1.7170621692558
-1.83895239635235	0.932127276396819	0.649000627096581
-1.44952504482255	0.406122766012999	0.565015564562824
-0.710501331394391	0.269335541339622	0.517219568422431
-1.56626319941814	0.866536003281057	0.489246016534158
-1.82196267657437	-0.0709732068651436	1.24732886602002
-2.48451816444526	1.28622731566978	0.643178753925302
-2.10127774450133	0.182608012831975	-0.305057401906737
-1.41297013230295	-0.315508097138815	-0.40306998482652
-0.0828385448993283	0.804919367391487	-1.21432653506777
-1.35777934208736	-0.18931538591028	-1.20305605805548
-1.02530420821398	0.179437175255192	-0.167656317952475
-1.48170820571462	0.270909198649969	-1.22541026636557
-2.23414488572547	0.310760273529542	-1.51166945016762
-1.1514800255475	0.506298701709101	0.10556166014814
-1.61151463378157	-0.0758309732165268	-0.369227253935693
-0.166277856016986	0.553402558986674	-0.614877502003499
-1.660747943535	2.12147055342007	1.24476644310291
-0.697652401748026	1.3162895584255	2.27980896275723
-0.866696031646946	2.28528252951801	2.14703661600722
-0.845898095502627	1.70556003941587	1.7628146383441
-0.259716976830188	1.80736735741015	1.25961938547858
-0.709213835363402	0.765536762140278	0.797213878213839
-1.88439221830984	-0.162224243842501	-0.00962240505297007
-1.22151280828767	1.23398868021348	1.01284263774311
-0.472121127464341	1.28632994780826	0.399180296884369
-0.900857771975669	1.37401262336519	0.789693603761371
-1.47110600402138	1.5475324822707	1.60309697698976
0.54538837944051	0.0531617500812807	0.800921772058139
-0.255589655062656	0.536037906259394	2.19746777901251
-1.59150485319034	0.728176503957347	1.4197060011188
0.430307256242856	-1.2471962340365	1.16300840198836
-0.140484168255105	-1.37387030087836	1.07326942820839
-2.27225576523408	-0.622752321794216	0.925931594401249
0.15129801947225	-0.283954120105502	0.681704259101114
-0.572587241444192	0.464193944837546	1.35550653413206
-0.923256955427661	0.605372326797836	1.78074997376343
-2.23966240043999	0.365211402966025	1.07833419912466
-2.00123000792269	0.836802591529218	1.37812715275795
-2.06318476802152	0.934541779660997	0.326805656336993
-2.30460857405863	0.761658076949559	0.532176024753546
-1.57954768367614	0.547108076107731	-0.317788004013102
-1.17120316219192	1.02084983178913	-0.554433064482367
-2.79889579883006	1.27375301203307	0.771992822133733
-2.42447046675973	1.40894455960521	0.269756768009215
-1.18451321317107	0.565926330113408	1.17519119936595
0.849532426173037	-0.0273391128665151	1.39475219446114
-0.29725221494648	0.205791239613559	0.732313826438308
-1.11478746678053	0.536293466669145	2.88473899122818
0.805385615605144	1.37421899007789	2.13871806747037
-1.25875089730826	-0.0766726129116591	2.50134450385975
0.248782425709894	0.160563793583077	1.6491681924512
0.171065663724361	0.548623624387661	1.89223133588111
-0.862698324657927	-2.53765133413615	1.67036261559957
-2.05986381970735	-0.278624155772391	3.1169699493268
-1.34959881534863	-0.52515264703397	3.42656434727353
0.745933393333197	-0.628739716398425	1.59827010643574
-0.665201110406605	0.922842795663113	1.23065134108736
-0.142954286528307	0.228488000133944	1.71918007601805
-1.00207968682591	0.837732337270744	-0.0261128132023733
-0.568609374411181	0.420626472370129	0.537932125269963
-1.49774213641217	1.5975828885157	0.71016900027197
-2.13057265251255	2.33184123312919	1.39295351333692
-1.66656873859103	-0.400991529628988	0.0569907043264734
-1.78793593495318	-1.03968169810201	2.09645551288342
-0.879098338857522	1.052780096263	2.40712824537727
-1.44845251646497	-0.326974211519895	1.6505651954871
-1.97628205796137	-0.638106197197414	-0.00833108381682413
-0.15322744558899	0.6909711612813	0.0266706066701724
-0.695063938579963	0.523530889451812	-0.32228607569151
-1.67755411019752	0.212853223270454	-0.791679268555352
-1.71963588661178	-1.42611171850726	-0.100238055219214
-0.57696482331107	1.35662526353288	0.848908669734551
-1.71371804199588	0.915259536317056	0.77541401860891
-1.15239099065798	0.700892162190009	0.834576228636203
-1.50762697174912	-0.160269663424594	0.135242276027658
-1.4413209313826	-2.30072151459427	-0.241391754286789
-0.914555003754223	-0.506235857364694	0.818951854255834
-0.357022533391108	0.554698755030032	1.79819878104944
-2.11816845391116	0.0151464847877338	0.770623666497664
-2.73896447583896	0.546679912930653	0.499566145519426
-1.29773803076573	2.27648600883386	1.36524296072366
-1.04984662108937	1.28731030824893	0.871379378294676
-1.10931760673893	1.81823916191752	0.628082629784173
-1.72409487036815	1.03753522935014	0.89386722164284
-1.0780530941136	-0.944652119725284	0.552625615104844
-1.30270551370878	-0.173236081390351	0.639262232339386
-1.20541186758208	0.396305241346309	0.270411218417732
-0.700000845070497	2.14303713216476	-0.208888103415875
-0.270349602629318	0.918451081113874	-1.25780255071632
-1.34847582978766	2.29903329658187	0.606489670742913
-1.09485815163892	1.68999505268901	0.851618037793926
-1.53415775669777	1.49845613010941	1.24630082457784
-1.02697663644205	1.37171771069525	1.27695114158449
-0.843370311155481	0.828487953458051	0.977079916792711
-1.73371327079054	0.396521692242697	1.0761486487969
-0.950449246672511	1.31293903690634	0.559409209501784
-1.74799643084066	0.635383888826027	1.41948993164855
-1.24090904660588	0.0958283883820686	1.43965096410193
-1.13000590186054	0.788802209921777	2.20729047942725
-1.86653520985286	-0.26024681333992	1.74546842077845
-1.70191015067916	-0.508122741292343	1.67516232866361
-1.39427095382345	0.143102960859667	1.89575745342799
-0.729924512963976	-0.315249825568751	1.85537102184503
0.0642214328477055	0.671142177928891	0.829850199024224
-0.78739395526161	-0.442921636197192	1.6468922644521
0.546159056858174	-0.872499947339787	1.81042786920057
-1.48082862684631	-0.290845946419907	2.42973226703834
-0.223824587787544	0.980136266172118	0.989437192262055
-1.1433463910685	1.00211249827243	1.27720306145192
-1.1433463910685	1.00211249827243	1.27720306145192
-1.19912539804519	0.39092309090654	0.695361339186577
-1.78742506362473	1.99852488421204	1.28385089267635
-1.36556420033975	3.65260056140363	-0.150235480835443
-0.929075760074467	3.32581311028064	0.586765376240192
-1.09075285066186	0.571314121197015	0.725373134152935
-1.44944101399033	2.72137733032645	0.972039550507953
-1.52659793344828	3.07990921906833	0.870593430908197
-1.42381784280377	2.52225701885008	0.332081204355693
-0.47079116595699	1.65865182233785	0.545703829075926
-1.15944935826884	1.87754304238428	1.15296196028053
-0.984418232332173	1.4397534241347	0.669122661154686
-1.2899669951169	1.12538963764986	0.783503084812214
-0.937290307341527	2.2166740885674	1.12883423585878
-0.292496071790258	1.59937681086647	0.698992544877982
-1.52046923379831	2.25580811809632	2.17800076337754
-1.30242995951178	2.97039859733176	0.0685098596182927
-1.17169658444857	1.13143603493216	0.0673600246225244
-0.924456733467069	2.05363305156213	1.24965832183918
-0.693778907881192	-0.0432569013859256	0.661614449748833
-1.45774036065389	0.0429006588550207	2.28179800854386
-1.76942409098481	-0.767670769016399	1.90794836422794
-1.33690688615286	-0.518573954251398	0.605385705785443
-1.53968971421024	-0.880657204489778	0.125457528256808
-0.417943504251104	-0.608662694186654	1.31708684331008
-1.10225997988491	1.9046172920704	1.93084595923758
-1.57870688967993	1.52579040508226	1.6446839350894
-0.231848031165784	-0.0542932206278929	1.01001157412679
-2.49750300274357	1.19788040534475	0.978882351565332
-0.77999973157646	1.25363436226716	-0.262399847174329
-1.26168377599393	1.4775839454483	-0.424387686516813
-2.2060257896636	1.95508242305211	0.11731281901725
-0.691540051039891	1.98209081373527	0.601684834127675
-0.0155742841919468	0.877561124316233	-0.195770641014918
-0.309079305638324	2.60838860042586	-0.0743499948140494
-1.62942413245272	1.91217586129954	0.657169700105847
0.354623974086548	1.74575709434497	2.99645792788531
0.424816849799933	0.714848758021978	0.573324166305833
0.159302171066631	0.192266451214236	0.428124664796395
-1.57574237947057	-0.103946100823795	0.941999012281477
-1.33142690687225	0.790320938123376	-0.031813057003551
-1.48229023481451	1.23377775456349	0.652703300990456
0.404709244580382	1.31704625647919	0.722710833125408
-0.669982349208886	-0.101429455676831	1.37172506834491
-1.1828559918885	0.860109063849973	2.22666790963315
-0.521159912059462	0.233024357333612	1.11645871667455
-1.88588058849105	0.638801532158325	1.41839706077453
-0.997277308659096	0.44449123018841	0.447628904794313
-1.85472960547528	0.788106424930901	0.905614364688798
-2.15821852286739	0.0956967818839031	1.39703581983813
-0.428537330965078	-0.248440235788316	-0.148190352918957
-0.417503453075307	0.202146163693618	-0.376073935677063
-1.81572810239582	-0.889991563555525	0.757427825469145
-1.07216656762585	-0.887679991954569	0.387366650599085
-1.75509315685985	-0.740183866199237	0.503307146619499
-1.40098029039701	0.161462961987533	0.71909531170414
-3.79583175034566	1.86775976726437	0.96280580332289
-1.12010142599752	0.745779735054987	0.566339474617362
-2.08068429666558	-0.319807008609802	-0.0464988615860505
-2.03268043565766	0.102058554744064	-0.390527802450751
-1.31934343853062	0.247766402980553	0.161009668040836
-1.76280633384425	0.523571464221001	1.48584359324157
-2.63470283865992	-0.385154176633752	1.60969404495242
-1.39793217328012	-0.00900261251768435	0.978088713411052
-0.867249098510798	0.432219619775116	1.38764044957448
-1.03198345967811	0.570551300312346	0.883136842785885
-1.16540898224525	-0.740377642270645	-0.177510532139612
-1.89410136320371	-1.19104402689003	0.179813080754552
-2.32189734425157	-0.119170606097654	1.56693023233453
-1.29202680878335	-0.182332972497022	0.636104582798419
-2.76401795606199	-0.78869173688112	1.21612001910009
-0.835918383621411	-0.705675241103084	1.17584666475214
-1.76982654559491	0.918342832331643	1.85964566241182
-2.1521687549309	1.65458519547299	0.905774828008609
-1.23214524851997	-0.0756613017142461	0.548694231891727
-1.12482461037015	-0.212490844758552	0.483936309154823
-1.18009978364255	1.22889175991377	0.431279752798034
-0.905956832967399	1.93266425198755	1.49829126158178
-0.467565757609647	1.57785171046684	0.6549467294818
-1.48437198892191	0.789868970161963	0.692260054658279
-1.71856200086075	0.873999878724282	-0.477406849142116
-1.99881774766447	-0.0427622040402421	-1.20262470041107
-1.17437190506134	0.814886868986724	0.317237743189968
-0.88114522088641	0.032912342543853	0.679705691830078
-1.91271662934639	0.505790184861945	1.61567584137492
-1.19053480244853	2.22352875471846	3.48029647730623
-0.733245136365094	2.60061257217356	2.00219801000797
-2.24983585696356	-1.5099823242695	1.64806679712458
-0.318424817854362	-2.10146654435925	1.77663338589843
0.555102156093681	-0.936805258826734	1.47981207087831
-0.963008799713295	-1.32418295389071	1.37121169883071
-2.14174557932817	1.54649940405814	2.7904145246983
-2.12500700213524	1.85922397302795	2.23519793212595
-1.70500153520691	0.364965815204203	1.72349634783638
-1.27738241931994	1.26206033353714	1.77441702118799
-2.0903457793254	1.15598020911353	2.76005610931425
-2.43102652039842	0.140834981273639	2.40153607533989
-0.622881947627986	0.922874180350619	2.28100617635905
-2.70538042648513	0.687295942919056	2.00079305490458
-1.45112928522281	-0.19329943027072	1.81461944949719
-1.09449962923193	1.78064775430019	2.23381536674055
-1.53796336727194	0.648508327164	1.63626734190667
-1.16794407362121	1.63423626053024	1.45443025597976
-2.1319480803382	0.494859777043096	0.722753495572468
-0.762794975613188	-0.145895361975936	1.3039246904441
-1.51223691871437	-2.04795199620448	-0.239241999300674
-1.32110340774879	-1.51345635368631	0.242018559431087
0.51125528316961	-1.48209531270476	1.86947250329699
-2.75745390209577	-1.03898602713035	2.21767926940208
-0.0162109867849782	-0.323866655959017	1.46425723514661
-1.00206022297162	-0.336150384380309	1.00440632687282
-1.59972954330002	0.347169000008295	0.380949811148795
