1	1	1
1.79286842988847	-0.304823091104481	2.71193476345528
0.863319972381992	0.557363984714642	2.55892086033024
0.0847556685855628	0.919303350605401	1.67640663328652
0.765789761783997	-0.517029216164236	2.36038520968015
0.428620721198389	1.04217940128357	1.24889165251672
0.799537845139576	2.49235203973325	2.0276869099105
-0.474429083551458	0.364846328562643	2.46973097591372
0.118348705521349	0.507670202888097	2.26090198752482
-1.35703931675261	1.25733974167488	0.597342896906761
-0.735087206948029	1.46774359591069	2.41108324167827
-0.369329931067659	1.45408681654353	2.79328983816428
1.30555933441459	-0.742943912971071	2.75019294826033
-1.17559070591764	1.80635072799518	1.65578650208146
-0.658677319741354	1.03261443698257	3.29824849147718
-0.269676830095214	1.42988190526563	1.81579965287664
-0.677073682318873	1.64220126916057	1.66364457212207
-1.89577204999034	0.627882128813134	3.59355201809939
-0.407975114509203	1.25094172832356	0.921508645695199
0.364170436248565	0.885468720663013	1.07822967139485
0.14619112009254	1.0161028973583	1.70731821671037
-0.60788440910574	0.263512058368908	1.803256957652
-1.45915196495131	1.3074801710078	1.36112060203911
0.17736466874565	1.10416133102823	0.988790103495664
-1.15596501312697	-0.501793595619321	3.24865073276762
-1.22146022383688	1.15503779419944	1.36827529759975
-0.64865553731222	0.590530468657506	1.4934347232131
-2.60321644833973	1.21295057320768	3.17046503109204
-1.83849014988932	1.13167902189959	2.95634802404901
-0.0565989105322658	-0.491933573654679	2.62705780882427
-0.416700963316155	0.845986854696415	1.88024778534153
-2.9577453062143	0.556529095481097	1.90679064190543
-3.44996095836416	-0.0265674848573064	1.97504307390472
-1.20038337118114	0.867057374155248	1.72252973842712
1.09104291528753	0.568214508169441	-0.0239305231138514
0.676732997634	0.303555521000108	1.25070963210708
-0.785193025354348	1.23221676820779	2.66435598371867
-0.663633640027553	-0.00285512323815257	0.974627898193791
-1.33684545972524	-0.00482716010915034	1.29667523865221
-2.2893642941035	1.6785306539815	0.895004683424835
-0.921389481443158	0.715515159553918	0.722975440614963
-0.922011522372745	0.931238604456049	1.75792768699562
-1.00769842905769	0.104516124210965	1.8109063810759
-1.4454693724598	0.14542966641168	1.99647644435534
-1.27893722657247	-1.97707435302962	1.01462461298915
-1.06403667787439	-2.64829763528139	2.08227309424576
-1.1985893313585	0.183158745148658	0.746535861489845
-0.134236144907227	-0.772867515312256	0.935336050422204
-0.83919894511817	0.724400619022446	2.0676966448741
-1.01625750022742	1.33827241330648	-0.480599899171508
-1.00906873702549	0.716050323032732	0.463887458654912
-0.79825114419197	-0.836365944346663	1.97672619851139
-0.859915391132732	0.443681742438432	1.24861599219559
-0.398991137564175	-0.876221349837095	1.40286444444897
-0.515372437016717	0.545705928655583	1.87918101970351
-1.34895599864049	1.37859394580441	2.74584336339566
-0.936722616394329	0.192378022306039	1.6516563446589
0.814730289488558	0.095358444702224	1.96096580723215
-0.653047870271386	1.09409922386077	1.92893428900561
-1.12358690750297	0.522653554779446	1.4794906062624
-1.4792358451395	-0.239242815129321	1.06086203619374
-1.28558088969618	-0.77990938607714	0.916947822990848
-1.53839765242315	0.755262950319382	1.18334576899322
-1.69240903082231	0.281799399928982	0.475364727143937
-1.26193299814893	1.61504362066707	0.774116835567069
-1.95388003988259	-0.0805023084633172	0.970889987700003
-1.20132443233796	0.460617899120339	0.775063708497414
-1.05541978976677	0.749293287523503	1.9412205124245
-0.882517663570779	0.0914500264563256	2.29139755575501
-0.550523464305086	1.55844059551075	1.00263807485953
-0.371210128227607	1.76342417553533	1.87605696824538
-2.49764485960495	-1.18542609781204	1.84374946771561
-2.0635038062329	-0.203137907510708	1.37749695324314
-0.742923184963423	0.0629572373078755	0.340719545304637
-1.54305008150504	-2.09869934409699	0.642949947957447
0.214123297593042	1.63706808639372	0.458605002911057
-0.655131847875071	1.61592657840616	2.29671385213889
-1.0293513377702	-0.170789867011323	0.890804469861168
-2.98093222846885	-0.451978969736542	1.59685831587368
-2.32267192711306	0.436183519953749	0.859851478122342
-0.0329426895991004	-0.890363171277724	1.1654838479405
-1.38256350609082	1.04795126012843	2.37297294768838
-1.94682254709368	-0.592357403167669	1.3239857807255
-2.91391220743092	2.11100790375393	2.19286123625213
-0.481385013001551	0.0612842061801308	-0.985634046730328
-2.41018961435892	-0.0242239161041784	0.425534065148836
0.363060972212339	-0.934205090888599	0.36386401825725
-0.332801350453521	0.291647186593899	2.11621354053038
-1.84041721565834	0.0841142188224983	-0.118762306845222
-0.522968351253376	0.676807030706647	0.787273929721834
-0.535701824845226	1.71771850168519	1.76952745679968
-1.08255411129591	0.118771831391943	2.43425071127679
-3.33774674393762	-0.932916807976481	2.67340762791259
-1.56507063912418	-0.432718385277984	1.40586265671395
-1.38295071152058	-1.31285503213954	0.610511175727693
-2.06470794817225	0.182956198995874	1.75785037726009
-1.06887760677675	-1.49224984849927	2.24214464559055
-2.01202008399439	-1.20608242491308	2.56009122961245
-1.32535908732173	-1.19208319138563	-0.274200486898032
-1.04766257379071	0.0970138595810678	0.273169489035281
-1.69716877280653	0.441376921193421	0.673556147970505
-1.15689433806556	-0.355465411808084	1.11591629148526
-0.29716292401667	0.401106031461519	1.80689254304836
-1.34196001082712	0.748645843887662	0.459788575912207
-1.73984816615039	2.37339089430666	1.50641481825085
-0.890819209462469	-0.0995055737630831	1.81388898559906
-0.898696958638266	1.23516660619985	0.864953734410795
-0.555358228774002	-0.184124441423043	1.37613198696022
-1.03487262926606	0.492803994789423	2.30282446101523
-0.301641582468898	0.0137671595094893	1.93908910292898
-0.588120038599955	0.414912908856169	1.03296358923202
-3.4170447991775	0.941496591429776	1.90282374795145
-1.41732747837752	-0.809977963274272	0.760641037262818
-2.04788566627619	1.1696436298596	0.85955823909817
-2.98703453712508	0.933729759560505	2.18352914018027
-2.01180729310067	0.152952341283518	1.09269406604522
-4.03543030379055	0.103153362851595	0.115041778941949
-4.40278572619638	0.118089876984682	0.521922156178766
-2.3708848324927	0.0404009157813941	1.2658484467739
-2.92796685866021	0.893647028259658	1.68681800595967
-0.367004507929934	-0.0944264307802099	1.15593368881873
1.45863827870387	0.175196591785565	0.797828337519985
0.0423232120763633	0.655538174401456	2.67404391138665
-1.19120288074085	0.190469230785949	2.5774806708575
-2.4111232610162	0.44479406068466	1.58585356988732
-1.50979991887281	0.876283330136149	1.79275630058338
-0.819783380058562	0.300512616076339	0.649795220880218
-1.3121938114481	-0.456089198468115	0.997360478078459
-2.17175505344229	1.5454334635069	1.66732573844419
-3.52051818038611	0.671640133449431	3.16290347845874
-1.49521184098969	1.43964618944042	0.215347840599645
-1.75784198650677	0.266776976003982	0.983154624401796
-1.00422068364669	-0.153424657572745	2.26009974815161
-2.61812168570489	1.55252016626135	0.739714058846913
-2.50828306852762	0.154160464057428	-0.112834896503898
-3.84557112837447	0.267347918865501	2.43033786562523
-1.51551511760017	0.582862455149631	1.2102341892701
-0.845817941703642	0.793230026996353	0.682473487666608
-3.2650102689888	0.899883737539691	1.88390566255797
-0.181814089445151	0.70581255053976	2.62847199273764
0.0630662594685947	0.189813234178417	3.08887080184139
0.23160922875628	1.39984247783326	1.98968979580801
-0.66663294664835	0.112744935667245	1.82911055974845
-1.20429588907515	0.352943687773936	1.49142550803522
-1.62033222484986	0.944886106893756	1.30510830124939
-1.37966128298025	0.824559551945818	1.73613133447516
0.61336594914408	-0.790964639537234	1.57303949428826
1.96782999969113	-0.511596433266612	0.968914870983929
2.18021451025156	0.688531132077876	0.900641145668793
-1.05768119049548	0.619676570145117	2.65693502293333
0.0563500360160936	1.38153583524978	2.14538324769932
0.571223549239231	1.90280921695581	1.47212374914945
-1.71251440789108	0.368584849153625	1.14953228232557
-2.23997656304041	-0.480134574959768	0.758930612957049
-2.43307142821756	-0.581126971715832	0.971783083547672
-1.06135647118722	2.14928593042998	1.18927218364586
-1.76968187367819	2.34895746419195	1.61991690582849
-1.25384937752501	0.353832806117422	2.29504997031975
-2.15292875009671	-0.0222103300369255	0.997521764727532
-1.47382729080105	1.32328626615018	2.45903318104617
-1.48306747745648	-0.0836286055742439	1.19863038076929
-0.0480313434904249	1.51960601914705	0.540110083332113
-0.50266032290893	1.43421737026196	1.55538201441474
-1.15209058381364	1.7224448336306	2.23970521072473
-1.85233937712504	0.00905337457601635	2.5214465922893
-1.01460517131573	1.5049906845118	1.57882713413157
-1.4201424757344	-0.253813274447824	1.9336430717103
-1.67457080530898	0.226137481746527	2.11979714111874
0.384579775820867	0.45266332317827	1.18612848302798
0.119284865183208	0.715858371568522	1.19055672008701
0.503846204320147	-0.173516121653298	2.43543282158037
0.382977309749526	0.851765026778184	2.00725157762938
-0.866540316107445	0.584154957245564	2.06666417410109
-0.127723217112271	0.486681516068458	1.9886950535803
-1.62849875107242	-1.67587443039391	1.08613176742126
-1.79029257219378	-1.50170625733106	1.32201234168266
-1.5099408735858	-1.28594634375911	1.15381059519041
-1.15135621758563	0.894099670514178	1.52136059528236
-0.916950105253047	-0.617523224443517	2.1027983601881
0.340610345825833	0.72570500229589	1.71984806895836
-2.16402323582685	-2.28673114298335	-0.126197557109353
-2.96270400679279	-1.38928678355014	1.77209108427393
-0.595299255645687	-0.758918874705267	0.768294415549883
-1.30648638630152	-0.14667720468804	1.63226762017745
-2.03128943358236	-1.09023655482031	0.0989191264291899
-1.63235702106267	0.563798086388018	0.866363266656204
-0.0381983196361337	-0.803945821112377	0.612920252696111
-2.27473646182771	1.0236359657632	2.5832581897806
-1.44758238024565	1.84623272159051	1.07947390860666
-1.02396887165995	1.8785455301435	1.76516462689828
-1.77083889730457	0.0520975738216853	3.28102340671614
-2.49593710043991	0.350274426186197	3.43977016456456
-1.54698020258286	0.513198308296776	2.34378881238658
-1.28413323593865	-0.838057667802882	2.51266074483106
-0.223184204650546	-0.385463106618355	1.92418438957236
-0.918943081264344	0.29586770299449	2.30983604941676
0.456735217537139	-0.131190101371622	2.68076685782587
0.0188208857591177	1.3322268361029	0.711649292429105
-0.0518522758556076	1.06161122474827	2.39021705487264
0.426781932099975	0.191771310375536	1.54504800010108
-1.41032206816415	1.1550576522916	1.0098727567598
-0.310602428888565	1.09696484806211	0.618854510452565
-0.616901617103776	-0.26618941559997	-0.181860301695788
-0.107581847492602	1.04091721363057	1.49339082839103
-0.0805931958880254	-0.0972154761808435	1.49409941863375
-0.998818230028576	-0.200423047446076	1.81385336261928
-1.18855631987771	-0.932737800056433	0.17984764948002
-1.07152541804181	1.19061199319714	0.100266785751675
-0.457003054069176	0.263516832458324	1.59858475665891
-1.02253861568345	-1.43318844106063	1.95816339986826
-2.70453838491482	-0.402576202905483	1.20972229202088
-1.82815529019864	-2.09282706417109	0.557896639896445
-1.39714230717607	0.446724783031156	1.9918166423133
-1.11720979951838	0.199060330295459	1.40134172805109
-0.670201787709959	-0.368965264693638	1.74639996854944
-0.632581031776934	-1.60653434008654	2.05526142160318
-0.470421642915188	-0.39121406870518	2.74451586423802
-0.826185626034337	3.63426572341871	1.62284914220938
-1.51254380508661	1.94571441020053	1.85256145168117
-1.28002558594943	1.87039320019051	1.75287879316512
-0.957516400542153	2.48285911102268	2.20111775603393
-0.0131726027524524	0.490690566680046	2.9945418946156
-0.25919921514864	0.347628435176897	1.28077903772141
-0.269230397183777	0.332376996294549	0.850545773814308
-0.405631022462993	0.724064796640639	0.897821525679218
-2.29530426782613	0.845017913806294	1.78655388943163
-0.22883667103996	1.12612336368559	0.213063121143517
-2.30819304786462	2.01080522281994	2.64846482185853
-1.66727457102637	0.167552877019006	0.836981273756149
0.297836675912718	0.542125964729105	0.602022579238625
-0.0107974199912272	0.825218432173553	1.39379348582228
-1.81536768407121	-0.0495530247906163	2.74386461687975
-1.58224384680201	-0.468580389568544	2.18298200677971
-2.38827199955743	-0.746817206799764	1.05734726324709
-1.60767632071969	-0.922896604004805	0.329786500244026
-1.68584862542189	0.456109472864477	0.0365170470851515
-0.661707997436781	0.286541228422282	-0.179149770356583
-0.777328177649466	0.431886120965918	-1.20374424813944
-2.26783619996968	0.757588191804911	-1.66452784574742
-0.744083768525779	-1.89282753657637	0.86875355363595
-0.586481083190415	0.770602196750112	0.826228131129353
-0.0677127682560452	-0.297852707892414	2.06412479243349
-0.680688280128472	-1.08381179208839	2.13017764130999
-0.8889261742264	0.570242225287372	3.43799415148336
-1.4082283877953	-0.580393273619217	3.34046364387775
-1.17904552141406	-1.43157038287898	2.1549490705671
-0.496228100702834	-0.170141497304739	1.96987765146306
-0.934165349947271	-0.109498745449611	2.77184392345824
-1.3793090518673	-1.32926468748821	2.95594031344462
-1.12809309751559	-0.244209825885688	2.35187152477705
-1.00664082277641	-0.0732452567877756	3.42804211907149
-0.993817744651471	-0.314012007002797	1.79746819463499
-0.367636199183729	-0.931194213042935	0.902533866343191
-1.35092794507579	-0.618699758513815	0.649043586916825
-0.158519183872444	0.0677970315621667	1.38978598943444
-0.044763066871306	-0.879091108161878	1.17924293751852
-1.13008161762007	-0.456490015020636	0.678031913350222
-1.58770922914104	-1.21293601055125	1.62950887918062
-1.21117622248045	-0.115234272033593	2.02343431791084
-1.20722176431072	0.39942645701835	2.7659063967796
-1.21377289985003	-0.366132024967913	1.76604065280222
-0.65043993771794	-1.07964206438388	2.05053189667794
-2.07862193406514	0.479236080573289	3.24416137339951
-0.816521402015463	-0.547375173668478	2.57364911110683
-1.06011823969835	-0.0360902844982017	0.96825118763335
-1.74076756107161	2.11416952750046	1.75606136847215
-1.0286529692251	0.459140103923579	1.59378717410544
-1.34693279571466	0.0483246651839814	1.76435773524472
-1.19172889912503	-1.19008773321248	1.56448779651904
-1.48516415936326	-0.328818728122498	-0.329128620242396
-1.63038751804597	0.484090051617379	0.148196168747451
-0.679091589383978	1.87031086906806	0.408634561044235
-1.24944287886474	0.61745121672235	1.03627608365347
-2.08086475575925	-0.823784135122147	1.70549672838556
-1.31913102878999	0.790569179780189	0.832686501977199
-1.48077831638107	-0.679795549640208	0.818530975069577
-1.23912562099922	-0.0772749986084124	1.82923020184676
-1.93360374566221	-0.624397536904986	0.931161316366128
-0.271109369527855	-0.281501353347661	0.406196708635762
-1.41956776585134	-1.09023779186708	2.31178156001318
-1.11804145984918	0.225691068613251	2.11813416363763
-0.526232913704695	0.0590309185923639	1.42508958838583
-1.99625163008657	-1.14347398284782	2.86112494893414
-3.42365386133877	0.374952343807251	1.27062737096377
-2.26694520713164	0.516147361232195	0.910968873519054
-1.58166867453207	0.994299499485562	1.69821475892787
-2.2747268216386	1.19063105384731	0.108771487605238
-0.786034678867803	0.707768526746595	0.458828755313033
-0.177435580820298	0.208765097880278	2.86884817235094
-0.865145882619144	0.833688828617711	1.15925359415699
0.291904586580461	0.518320953602906	2.38091226710191
-1.47092661032462	0.932853876146721	3.17938777007572
-1.39182841812033	1.4472089957741	2.21502703534731
-1.25767826188181	-0.396450621903857	2.56084860813227
-0.183782713438665	0.545964925798045	1.71685362943125
-0.782586643440743	0.97143887368175	2.35499410654834
-1.36203821210052	0.0557699908730258	2.36906863467309
-1.13487059736042	0.153587268324909	1.52776220927861
-2.47643322656059	0.304670188585724	2.5885044215734
-0.521787503093155	0.20460319247773	2.06134342773057
-1.31438712437589	0.668261166133212	2.58918934488093
-2.25800392680124	2.84667587228917	1.75825323252486
-0.611580710441195	1.91290541169986	2.53500941074396
0.254922711659664	-1.01911024759237	1.02752486953988
0.111542147054719	-0.42219025186159	0.765091836038564
-0.915648319789875	1.81647177134812	1.80198492387185
-1.59204620314692	-0.567653198916694	1.81475977208247
-2.08598013429581	-0.742349384589639	0.373006730478194
-1.1568591463547	1.53894259632292	1.85030624082683
-1.14919041206933	0.482303878084159	1.61960021016385
-1.07610688596595	1.11972453623417	1.64286539527478
-2.81511281175746	1.5601869775412	2.29828922726371
-2.52611947404237	0.309877040352943	2.03957719923621
-1.75451292164735	0.226451080575604	2.6277501685268
-1.45349236241212	-1.1606616024215	1.10794295184095
-1.77909331133152	0.112091260183217	0.579442674099706
-1.91692360450532	0.815896199235183	-0.0487298196081903
-1.93270212677859	-0.792589821368865	0.940184099821951
-0.691678241576092	0.545054794532367	1.16921831787892
-2.26904235342621	-0.033704314169422	3.00662009141668
-0.413351482953571	0.608938305024395	1.66095054671273
-2.33450353828052	-0.0221906977514297	1.28158689414806
-0.398634677021787	-0.373452805732007	0.671903931445874
-0.368663369053918	-0.127086844438456	0.960838627573142
-1.41606034428223	-0.714769816833248	1.2811980384103
-0.0872661537962153	0.713942773907366	0.42245651754032
-1.55119698283396	0.982329205895654	0.375245155493747
-0.140242401758451	0.180628647403899	1.05947597998774
-1.07589676416129	-0.4013610562067	0.989492084699604
-1.98448457879382	-0.605777368324584	-0.499474785870917
-1.32361504237635	0.292887065724926	1.83578186569608
-1.14809323650773	0.413507319092073	0.704574800801871
-1.56122713407247	-0.491046357118703	2.65750988260124
-1.51271611589487	-0.0829481486004231	1.66998184206128
-0.889675137656151	0.0883729428969213	3.02806801360208
-0.505918272099223	-0.0826272419470501	2.51693326233806
-2.16117005387499	-0.440253957166719	3.93145309620078
-0.122587095939764	-0.293821023127934	3.23935474374647
-0.193715951880762	0.58770596592483	4.65533194646531
-2.55262224177655	-0.488158504129093	4.0936662122612
-2.3439982923713	-0.135927671206008	3.14246805559
-0.921667933986137	0.613406473011841	0.146417272634734
-1.2572993258721	-0.116031115019807	0.699743892659064
-0.469385475696649	1.08708767143124	1.30221073920636
-0.545617328612506	0.632951876059224	3.56165868298377
-0.0607073983593549	0.75032902573849	2.01741825168959
-1.14463022182761	0.755954955585863	3.20177932016498
0.0254120085361123	0.204047051283874	2.95925358402878
-1.4797162168251	1.0572912864247	2.40158174000778
-0.776957050341346	0.876493584974834	0.704588815159039
-0.396156417059548	0.0432139372792034	-1.24934533946985
-1.83512663846895	-0.621581498055811	0.658074002784413
-1.50371103540894	0.134653039379115	3.412146871782
-1.89231946530615	-0.601849123146232	2.53465093098863
-1.20134917552932	0.245141078625734	4.06671164798646
-0.147658156236372	0.735161983925633	3.38553693351677
-1.74614171578818	-0.26303392713378	4.54953577663255
-1.30455086409805	0.782386815075481	1.25634197508007
-0.577772429226166	0.660059138211621	1.15143950620051
-1.32896721612837	-0.0621745843734607	0.530119860091301
-0.0425895583670092	-1.83923848236809	1.11051048682735
-1.8493931639511	0.975715042127513	-0.113066294593019
-2.49177556781725	1.24293022283761	1.73706741657172
-1.96956419282124	0.416513299229288	2.13299954668305
-2.14164922045937	0.535536172974632	2.19009687840363
-1.43426534297013	0.918367689450678	2.07831975453883
-1.12546975211231	0.644536614677886	2.00394184119096
-1.05268900326024	-0.449456245561495	1.94497904138412
0.0100048049924267	1.06907027239946	2.29961787743141
-0.711301751945674	1.1476980160284	2.04952972116874
-0.859729187739251	1.14281737167921	2.44199482312878
-0.463424677473428	1.65940342371488	2.01221820169085
-1.61049092265747	1.22408099452443	3.89383844924649
-0.302002792471288	1.30809328277112	2.34679821928608
0.158825810061172	0.648056157333866	2.37934255047631
-0.388219496699199	1.08763481703276	1.64765655453107
-1.22090477460177	1.37298898865242	0.674745805871297
-0.74157645902777	1.11796049328264	2.45358785207925
-0.0567695122307446	1.3786311335587	2.50118746195515
-0.735893414931588	1.26696497374677	2.43952640964984
-0.376506256982572	0.400998516384072	1.67634004452054
-1.05714029438114	-0.975419738890817	1.50212936268455
-0.834256010966538	-0.361754156310396	0.267233368452046
-0.835195708341344	1.4090836049841	1.79890036855468
-0.225517721129754	0.65614848981787	1.07134761225978
-1.04747366730987	-0.438372002647037	2.33132720988497
-0.948898300466891	-0.831528826726743	2.34322079398137
0.766415617949309	0.849456619958381	1.93337717120467
-1.00104421445715	-0.363845681493407	2.66551899460591
-1.1560660866151	1.3767235277068	2.64846581187249
-0.915466502129913	0.920564661845907	2.25918744102704
-2.17413123553984	1.09867323069686	1.1459523761274
-0.434346642183745	0.395684292149359	1.41734190746757
-0.675597127373093	0.0937442776720198	1.8782696816463
0.0786399975626651	0.558754559933079	2.72694873319997
0.464808364731474	-1.00741030858812	3.21583953301572
-0.157796187100186	-0.897072142356107	2.3491479450338
-1.72808268212898	0.0441064384283981	2.95950675153363
-0.979327064781749	1.55442464388642	-0.0780194299205951
-2.22903205734929	0.795973061314607	2.11330558518076
-0.682238456317353	2.20973998678576	1.78181148958772
-0.508590731678956	-0.827647035648749	0.940500478764449
-0.130074699542709	1.35840886438767	1.76044020071799
0.513470293471323	0.567134417948789	1.76170352690008
-1.25251811673756	0.773146762858626	1.18473449532371
-1.4451670783736	1.63111765542798	1.1381879874218
0.656953351266351	0.762407673147762	1.06340351620358
0.321985228513672	1.42394415847663	2.118557972015
0.712269034052322	2.06421306522056	2.19673344904292
1.10582564348031	-0.506219375811225	1.99434705380418
-1.22226450862595	1.55808898535021	2.17405340894545
0.588580508893641	1.41034519752926	1.83893142598424
-1.30500011015354	2.88408455910426	3.14526944369412
0.296533510956157	2.75400170080279	1.74283165600393
-1.05451098237022	1.65310622412238	0.877872226623583
-0.77319383996564	0.900278500368119	0.361347818043191
0.280723896406196	1.21463195988013	3.71087402855378
0.781275043517642	0.388468763377853	2.90732428273911
-0.238484633827674	-0.171530419387164	1.54759022844224
-0.521372788470244	-0.0146085919131241	3.15367112249246
-1.18731768679431	1.16751368954576	3.30480323440976
0.950059462531126	1.34719536893251	2.0372846072407
-0.466073323711525	1.04902198605932	2.59024199609201
0.1653837969986	0.232049023940318	2.69759324051172
0.486362651146012	1.15996949477644	2.04466114726739
-0.889233465538092	1.70902314665866	2.8124580860841
-1.38544778474391	1.31432136767311	2.31584010934978
-0.463440763329913	-1.3180443407648	1.31694965012152
0.968508734728089	0.473161952891341	2.14241639285557
0.399704957536304	1.69476680331875	3.24590027569113
1.32005799806	1.74662987247529	3.01245024002692
0.67000159994227	1.29251518124514	3.71120257148357
0.533972638099479	1.72291437419329	0.638752697986672
0.773736508934226	0.950573186106664	1.80942484885096
-0.57452146920469	0.870083238105952	2.97309429157944
-0.51343133965973	1.86045264378871	2.07210560373659
-0.241417152379841	3.01230587455757	1.63229080020007
0.825180969566492	1.23892336158743	2.62679290932767
-0.387022234131186	2.31422840158445	1.36360748855161
-1.30576873577351	1.14475388324722	2.37734705967426
0.472160524595866	1.53277519449081	2.10107300210359
-0.733244243269304	0.945573498230176	2.5670173665339
-0.601800276421802	2.79933202503947	1.53433847341163
-0.83245842799157	1.08102842179304	4.0694888609647
-0.32032901970494	0.523606892588761	1.77530091393446
-1.01705310283765	-1.72227225575276	1.44631731814553
-0.738283373967928	0.342236679777228	0.674963645472641
0.209799717347452	0.297562641975816	1.03105051551011
-0.892117349937048	2.70871080493633	1.42565994436376
-1.3777947055459	1.95764507436319	2.66662833614121
1.5109678819211	-0.349333158308098	2.19061777516365
1.91686534102	0.432240515001527	1.90467904622824
0.104507187702485	0.187248670681653	2.96350631223608
-1.17756834863306	0.854720162657803	3.7612953505043
0.326523405205668	1.27048359439344	1.78055713344418
0.367910650715825	0.807749099673735	3.14313102850092
-0.591457350224692	1.00606292974192	2.40144930826646
-0.665548454196347	0.77528523832445	2.77446766375332
0.0212031853953028	0.922457447730173	1.8277567437404
0.0228318266875969	1.10304385545407	3.55223068659603
0.301072389420977	1.727302854512	2.59407094756469
-0.190206914343902	0.71732147078696	2.86737369787339
1.24780518084723	0.675631269679731	4.23776392350197
1.82246530155943	-0.427468085005322	2.83477156444263
1.51929444196451	0.846152025383932	2.31525735583899
3.18835920288675	0.889379364912062	3.13744173146664
2.56926492922278	2.95706066730205	5.06750767430326
-0.17382251340306	0.917872297735867	4.9092697002835
0.695807213295791	2.23385206530627	1.90822211678011
-0.203250995570577	0.544720820266775	4.11689596717568
0.195462844397973	1.69565878200215	1.62743042125423
-0.126526745801702	1.19762207662205	2.26733256689739
0.202250898979361	0.22201015408326	2.40214672068423
0.227814700365503	-0.412315579430829	2.02564549884383
-1.09627250745108	2.09793120652958	1.98510152777959
-1.34300063003357	-0.31137695231832	1.79383926478132
-2.4266216231596	2.00913400621193	1.71516716366954
-2.74112590573505	-0.690139049033327	2.05642578222102
-2.13518676763475	1.56273319974388	2.24132607997492
0.216698304264256	0.546387149927363	3.43593660343385
-0.340616697485534	1.30248612608188	3.03801350677051
-1.15184106049892	1.41102401221613	3.57957077236589
-0.797552894022278	-0.00413921459442929	3.4759297685412
-0.992788882543269	1.75354651802442	3.46749944495799
-1.72912158827728	0.284987894703714	2.89553020612439
-0.0527394842116697	0.707051512719149	2.27416918770353
-1.74351171580847	2.46431363258155	3.38927962868615
0.386208609272543	0.88133001575904	1.25316390968099
-0.66368354694531	0.112235540456881	2.05155997383484
-0.691885224508753	1.02495978451448	2.66245367301563
-1.25019614130725	1.92960219557995	2.81604816497982
0.3459717032837	-0.354662173191356	2.71410072836866
0.461565432057724	0.904906623081089	3.56584058516034
-1.90222488445268	0.165068262250769	3.0843264627559
-1.70442920529995	-0.0198829594704009	4.09276970879413
-0.574264922145111	0.380189682112951	1.12152036310051
-0.840133014282455	1.06927891522684	0.196608230311884
-0.873432388613114	1.35029416919214	1.57754208917597
-0.856584436671464	1.27844623807446	0.857962369347527
-0.514837443966834	1.38712838035506	0.639316231437925
-0.304710377943799	1.31447307158357	1.08683315994612
-0.820597219451758	0.518168032145064	1.87443829828586
-0.301659068376146	1.16395938070669	1.25582327874654
0.306743069354024	0.563767068697696	1.78105336988331
-0.640307578903579	1.57374646408407	1.84263449101649
-0.900260959964863	1.81703126746468	2.52500619777953
-0.885437086943037	0.23731358667427	1.62868163972201
-1.29024116586897	1.41138656810668	1.56963974944946
-0.299891880222958	0.124560458382501	0.19439837471327
-0.727881573172928	0.413692163212122	0.178742658772829
-0.00380722180454318	1.06446111747992	0.391003107513837
-0.233150734038288	1.08306622502845	1.3656519685701
-1.12949914879349	0.903923032138735	2.69420501755995
0.288654422220967	0.350252777447674	2.49334413131242
-0.0352751742454029	0.485441520708635	3.21815474824344
-0.467032603699123	0.70522017904969	2.68713776469609
-0.558504088508839	2.61497220844824	2.68094565973291
-0.333403818994137	0.50752196356764	2.47452527730425
0.0574569798758308	0.886539591996585	1.11670416207956
0.0574569798758308	0.886539591996585	1.11670416207956
-0.352289730768378	1.23926101841652	1.89411457736341
-0.432553261408633	1.44618113231867	2.50879345767177
-1.48041598086588	1.75433401718878	1.05266830617983
-1.02559399933536	0.650386369321422	0.957084707830704
-0.54568626096909	1.37813344915877	0.441068586961762
-0.50159043327926	1.06513073416313	2.16509774823145
0.361566508990821	1.15458495582731	2.36131454157376
0.126068645222356	2.19683653161265	3.27936915135907
-0.535102936469765	1.53406618749454	4.68027821866271
-0.543871603126406	1.32026600597709	4.37545273077051
-1.38589308890339	1.48958075452342	2.90900886509466
-0.312551008587556	1.2134769546058	0.89116874582813
-0.728390826523099	1.2311411878461	1.0403037669062
-0.714132984251836	0.822959730128639	3.19835220879937
-1.15417590015438	0.111204795839729	1.59189969431481
-0.896121125471095	1.79585075745523	2.31318141419186
-1.11060813713135	0.0261288705323206	5.32154198193714
0.776086618725459	1.56224261950737	4.70507001177886
1.55010435831213	1.91388835779866	2.32134597561546
-0.145424025552616	0.338793693951995	2.22526704812237
-1.37971638960264	2.16651307665225	1.69624159359868
0.487262583908645	0.68843077470674	0.96170567210307
-0.745565371933632	2.14938708107816	2.091311476947
0.148903893689397	0.0311452296535348	4.6126670955143
-0.517099516713252	-1.52321620440718	3.49985603165448
0.489094443139017	-0.0957117807463828	3.66674636006357
1.04149636896771	1.03659812855703	2.55957007549853
0.526111716311208	0.606706446969418	0.956894081822923
-0.710603484641841	0.349860217994242	1.83405006465112
-1.11148605241848	-0.687196907514827	2.32634029884868
-1.79635567053921	0.723754898053962	2.42006887555659
-1.01921880729298	0.669896575568357	1.59733010237413
-0.483229861408292	-0.61427206356251	1.61996879307393
-1.36809789778191	-0.364107105231193	2.21226084714977
0.199393302611318	0.172189662358797	3.26917669121968
-0.395325115696429	1.31157289049233	3.32903393367802
-1.33565395771413	0.644579108387872	2.19286535906513
-0.366418486988819	0.435568082740411	0.898625390745563
0.290508037806097	0.718106961625667	2.62787598927424
-0.297987599939693	0.42879037777518	2.25425510119985
-0.919681851392803	0.755678035045863	1.86615710507429
0.545415883271927	0.074616398349471	1.30782370846287
1.17180641809698	0.441938250959694	2.08103610758509
1.00652209290812	2.24867678845715	2.72851896725116
0.59755138755776	1.79180179387146	2.8033090584065
-0.125759703361977	2.90321678787142	3.3015115985028
2.32314304590346	-0.0573745115147703	2.76960044402457
-0.0207635631207805	-1.9770603349563	2.82732299700484
-0.961971785477608	-1.72091025419818	0.905666276509062
0.3612662534778	-0.661293492149398	0.254809578709874
-1.02266836210126	-0.462459054576283	1.13410240199282
0.617421562686809	-1.42523486358254	1.32686333023709
0.809526789715457	-0.324266779051663	2.06547618661291
-1.58902087856861	-1.77317322738035	2.4819949143893
0.116821046946937	-2.17084396341163	2.38858738473242
1.25004721806677	0.212765003911478	1.76432559691864
-0.704085398173498	1.91351830942037	3.30908017094216
0.529224084340931	-0.963862519816381	2.67408788452361
0.178948534186123	1.73978826296229	2.34314497583446
-1.17508726843079	-0.107522295493833	2.83183937170478
-1.77665742984873	1.69279839046932	1.00374545872748
-2.49686822001937	0.566749242273042	1.97688915231268
0.427798178823806	0.404420630349796	1.21029209113714
-0.56742729874158	0.77494209081043	2.07618712605125
0.309263651960909	1.71249887080418	3.8969460808745
0.961564399622752	0.411519312365416	3.67094469691366
-0.633364480706715	-0.558795643617625	2.5894425319095
-1.56443515843535	-0.0644153595306194	3.54912246288406
-0.986923427992603	-0.602637726139586	1.53464213069563
-1.46337179667472	-0.334001131376324	2.85588223675111
-1.34422447615162	1.81814903952507	1.32321854454091
-1.12571344915948	0.296211321825338	1.72631235406298
-2.09344807310636	0.33752839546905	0.978840172056774
-0.435585948779254	-0.919578412980737	3.13294604520612
-0.00994828134249082	0.474714155036842	2.36787820189758
-1.31752152943684	0.270914329868065	4.15272881053344
0.300953940382017	-0.815869273963769	2.16413159580102
-0.486642011434433	-0.97560597931467	1.18822910272657
-0.43392061922839	-0.191009108048098	2.34413989160725
-0.457423937628932	-0.847130555366841	1.75800872222561
-0.666595324568565	0.860067458952124	2.66830256006243
-0.288867562311312	2.2239023944211	1.82938398136865
-0.471893790214738	0.314290928052131	1.89961568755995
-1.39196051961845	1.15633160115093	1.33562876453945
-0.468651824295967	0.400326627673871	2.27641606871222
-1.28945680122828	1.5414651711421	2.09269546216805
-0.420904937114511	0.927245624075385	2.59498714980714
-0.305721631815571	0.376004161800201	0.933003258165755
-1.14803801874352	2.24818570397286	2.31236279082548
-0.27694173685348	0.354862601779322	2.86045934670945
0.408785199380867	1.80858979865863	1.79809848520227
-1.25312244940904	1.6601846772768	2.32160228869813
-1.32456746156561	0.0338542836276953	2.6123686359004
-1.81470746356897	1.00538622994765	1.18318258631259
0.139968381662769	1.50761767163858	0.897727016669595
0.821853569013845	0.444883716259682	1.84135932666863
-1.1509153142306	-0.528897045815981	1.55962642604858
-1.57055703609681	-0.634882794715351	2.07330549879859
-0.907678102967564	0.96044461102769	1.47016920200697
-1.81859701996713	1.39869130548633	1.94596143939741
-1.94871411695847	-0.084780120077731	2.37847614816552
-1.69052515758142	1.23808954373356	2.34678998493003
-1.55328797172449	0.999567442904588	2.79821439235217
0.538175937190059	-1.179954654736	1.35668366940163
-1.14121442968086	-1.12930886620567	1.82410600195086
-1.66549636231075	1.68686971474481	3.38098644994655
-1.43226929258679	-0.839596998170503	1.484310420602
-0.728304098034518	0.534067426601951	2.34538331796134
-0.504417358320037	0.214658787846134	2.32598129256178
-0.765619604337911	-0.536610194538094	1.42313354465933
0.258518769784666	0.647435089407257	2.23374646787497
-0.975330181019579	1.06909946072288	1.06220656085344
-1.86953830786784	0.989325620791503	0.216146005611029
0.449086728281018	0.647273175817738	0.778182295191425
-0.253876708517335	0.222116716976754	2.87972908656291
0.215925455241794	-0.236186876370509	2.01859466409548
-0.187067983941377	-0.288793497654064	1.51815778681092
-0.611820266473034	0.628818829795124	1.95921493546423
-1.00897397013482	1.67669469064249	2.13818850077401
-1.36746914891542	2.52209564047579	1.97442260112566
-0.472141755479531	0.841404769933881	1.80351762483758
-0.186275241617454	0.133036601856698	1.05290013074717
-1.97158891470192	-1.63018050383265	2.19571493199937
-1.37001522799066	-0.227715803793764	1.61979374604465
-1.40524541612424	-0.423458658105353	1.65072774555893
-1.47123219921311	0.537616672590302	1.10675243035992
0.145112540248851	1.72545777484558	1.7284764918492
0.884418136549349	0.620559620818134	-0.1834071511086
-1.0265848911943	2.32646099087614	1.02277011297707
-2.85327888288184	3.03455050396548	0.161936663236425
-2.20144668693205	0.853783367772106	1.34527360967227
-0.271338422977311	-0.166238777435394	-0.46459579369138
-2.13442769393459	-1.91583552226588	0.979298349815125
-3.09991901971517	0.335985302673037	0.483573244315961
-2.78029193097509	0.463147564879443	-0.750017156334931
-2.29143960130781	-2.37391911766105	-0.262868944996589
-0.910635684318297	-1.82321859883853	0.468985966235992
0.33942485206556	0.398316464460517	0.95589578491316
-1.75174435603578	0.961489503522401	1.14922473071034
-1.54621270949112	0.0341450519011051	0.229983884735144
-1.71107424079984	0.871364164358868	1.6977818850785
-2.65814127899911	-0.0167436432080252	2.90714788938446
-0.64900915061671	0.431370484462357	1.99817839025904
-1.53478100112198	1.07046779570435	2.490590585633
-3.15989131805828	-0.533803535798429	1.98124294818933
-2.16405744989711	-1.35744542075199	0.894042798875167
-0.214013866241835	0.477964040254526	1.25535823938563
-0.631912876789667	-0.616903826268331	1.30576150386231
-0.894730690813027	0.0749171042227796	1.66504276072562
-0.560213268712472	-0.242224935490474	1.39503804067892
-0.485774318194365	-0.166723688595864	2.20594664770694
0.991634837544806	1.86270678188014	2.17463437054304
-0.171755615724822	0.853145238103229	2.72002745330592
-0.343498312572887	-0.470965491808475	1.48232352685847
-1.89292362881219	-0.733015515643231	1.52311664722229
-1.76170669064311	-1.30607310578026	1.96362041690296
-0.508943664360811	-1.13689446134321	1.03842054939836
-0.487052997946881	-0.530411832423618	1.73118288161737
-1.18357599565086	0.588817173481231	2.45573265759511
0.0888779713614028	1.49475763302874	1.63238689586535
-1.04538301970352	1.61248661658781	3.52493940332395
-1.72378868706106	1.43544225439843	1.12022644981284
-2.46197193240731	-0.20838565166783	1.10733611619397
-2.75359718048986	-1.01727266147138	1.42890819905262
-1.15060122761258	0.367782946348857	1.24758373363697
-1.51549984922086	1.44938895538518	2.00960328957327
-1.76945700524708	0.904421890680946	1.401865014276
-0.193813502590368	2.08240269440222	1.22252230583146
-1.87310338217317	-0.117696129514742	2.82875243848116
-0.993904244903949	-1.27775189501285	1.43682478613527
0.976712137024082	-0.108539190709191	1.02452190260211
-0.644861430285832	0.929573424200931	0.595760140113584
0.11672756876539	-0.0307374551333837	0.859838395790129
-1.46808348324131	0.936226548486976	0.691193461761017
-0.507452073317991	1.22596371712819	0.597320802470925
0.276090563617095	0.452667086735695	2.29539226863742
-0.959223786194367	-0.406558558078404	1.93665170585227
-0.736575343303014	0.425024577338571	1.15619283932262
-2.10993368112751	0.809552991633834	1.67024752495213
-0.620342752335027	2.30147227543318	1.27097754779249
-1.54289835357282	1.0574833668343	1.49318181917949
-1.31429562375648	1.06683557279898	1.37412679071207
-0.0107533668453132	0.487050012064926	1.54720910682792
-0.0409022878129112	-0.785424038372253	1.64502439519668
-0.902506780180746	1.68448771140555	1.77331453117633
-1.37384759262201	0.878105071883556	3.7939022779067
-0.38603361184445	-0.842398857742749	1.42301729253035
-1.80457199819366	-1.25261719816566	2.60726043376376
-1.80753012742726	0.0817940438868991	1.13522034529716
-1.22272378811575	1.79543218184623	2.92887466301705
-1.10463473712616	1.08442343258196	2.36592303748803
-0.825105173499457	0.999260204401279	2.69574047055407
-0.243140232801367	1.1760664000303	3.81874094032968
-0.0605816926500482	0.822850298815612	1.30013058946721
-2.15976582598848	0.145400437917531	1.52929694364005
-0.343587499687796	1.36280237580815	0.42959522462518
-0.581339041435923	1.14818694009676	1.03571883109932
-2.75719739150183	1.70188861858211	2.26392685277936
-0.812843953617803	0.534401402233026	1.89964502957468
-1.6513148570575	0.263427372917596	0.923258105692021
-0.50819918181641	1.4315519803956	1.30991534534064
0.259999494531548	1.49104204541129	1.65174100372708
0.113269663582364	2.98756700322714	1.70265405657592
-0.644065806106878	0.285037008389577	1.41595730234395
-0.644850379954635	0.169680511751275	2.05910668413836
-0.616879110882059	0.643819084422972	0.838314061529251
-0.643488745573787	-1.04271228107834	2.07881528612499
-1.98067273654004	-2.12224210325423	2.82313240418508
-0.928711450232186	-1.21134523787678	2.5699073639636
-1.19052617205233	0.805603232435425	2.67490699501512
-0.514312303425591	0.167091598089711	2.26700855357044
-1.41836551066598	-0.513068028506559	2.26234813435982
0.430465830258364	-2.35126071049732	0.982573600125384
0.772600547003557	0.977096818558527	-0.141413000744158
-0.747726366333465	-1.08878537545697	0.866552062506099
-1.96178272274182	0.112700633160072	2.25964391618749
-0.102176585033119	0.95166617717322	1.48898536141189
-2.05675784786856	0.438891517772865	1.08420574012159
-1.12227382927135	-0.283461411592468	1.83177371347082
-1.47417495452055	2.06449160867098	2.71282512384369
-0.825046420888001	0.492982480878864	2.05992717732665
-1.2541166135237	0.298002056327775	-0.562847938278648
-0.365363195234299	1.40139524000955	-0.485429453471843
-0.248020713828213	0.0550328245820107	1.50043180016585
-0.766729940720865	0.984816735140909	1.48327415551545
-0.124439193804963	0.425314826395948	1.42003706749394
-0.388601715439858	1.51434823787715	1.93765430844272
-1.02437775187611	1.76458259293359	2.31303539030256
-0.824919247703141	0.900729723640975	1.76540768255526
-2.01204073914105	-0.0364951159241815	2.49235447035462
-1.58597149710713	0.609489282619833	2.9180945342428
-1.33817292781878	0.224106157949626	1.79731309769043
-0.442661692578462	-0.423091991613194	2.385842886986
-0.0747510638379556	0.569322465599017	-0.025556848301294
-1.15568575824498	0.222483510325752	-0.336424234174077
-1.61411118736298	0.649097574279244	-0.471582867575564
-0.738681508318603	1.81360887625577	0.314887729760642
0.220585496817426	0.740301006145386	1.07384458479982
-0.48717687366392	1.3730660179731	1.17379119388652
-0.584041842592676	-0.179521027874723	-0.182995418200635
-2.02368073003098	0.173684790821764	2.49723220752032
-0.730225133531304	0.376699596544087	1.10629121679894
-1.22975363379751	0.0244573549388306	0.942035325777723
-0.827607208859453	-0.487110126649569	1.72641140303272
-1.07694661821558	-0.547362517599244	1.68205068912283
-0.379930966424921	0.568558865332201	0.49111267215519
-0.195994721244933	0.49371875393457	1.04779538869715
-0.747582749070178	1.6990470828657	2.37124400992955
-0.850060470321615	1.8755101711722	1.68680337767178
-0.966276319530481	0.457510677590096	0.714261197499622
-1.05065455537418	1.95110152160357	2.37174883454272
-0.941168027513186	1.01006828647177	0.556609150833828
-0.401184512560244	0.253236509226721	-0.0925069597326639
-0.910502494897418	-0.101272239967946	1.54718310519439
-0.666973359708787	0.754328920056382	2.61385928183663
-0.996798583934941	0.41920793835034	1.12055144415157
-0.675142545737825	1.0013515367765	-0.45481169804489
-1.06891576378911	0.396336380037361	1.81192368554485
-0.409744747388286	-1.30094769330276	3.44386804548474
-0.415274215057148	-0.180721236365632	2.74322285247658
-0.795604636697029	0.925689770659962	1.21596625615479
-0.0358589863118404	-0.857667618391222	1.72286394130596
-0.51007699417617	-1.00506557043384	2.11792304091428
-0.58332084453298	-0.187869422901033	1.47352101173586
-1.01088930979618	1.97880493793579	1.01644141960679
-0.361812198553312	0.647699298834033	0.875971220207578
-0.563293227310142	0.326518597906369	1.95908612116924
-0.168401871246217	0.0400452529411527	2.32579218941895
-0.840231075733445	0.905158790107618	1.56570970665431
-2.10824576767303	2.25728853179388	3.56975471005101
-0.560302476754459	0.778965709072245	2.63963555618704
-0.888438834121073	0.963485235742642	3.11322856064953
-0.979059143642331	-0.458421735073301	3.2118737833219
-0.622560924775407	1.1194128990425	3.85513685321133
-0.524250430374566	1.20042813905252	3.36808616541038
1.13324792452205	-0.0912708967910398	1.54879063058995
-1.95744169215855	-0.195620893786337	4.85461346465918
-0.945308555339728	-0.222299373793485	4.46737127683342
-0.453006322847447	-0.498178297000165	3.00805172023252
-1.46696066397045	1.12255301333915	2.42601282744911
-1.70829980659968	1.11030073137982	0.829509550064842
-0.0196438845034609	1.40637926680994	0.233401406265499
-1.80736383992748	-0.0245763538366877	0.967394447907134
-1.01533681229939	0.112370241587422	0.633645839419609
0.0047365988426048	1.00480758395821	0.62684528612598
-0.472581878292159	0.585912351974324	0.0647578133050676
0.372445212354629	0.710610652164043	0.694942074589678
-0.743922290266662	-0.0306076358569599	1.11103969032831
-0.832154918553103	0.505758778549112	0.72530125358929
-0.252679625577241	1.01032072679488	0.875068347159106
-0.855896752685888	0.948534731496343	0.190635320369446
-0.988795815797665	0.352405688261063	-0.12323097483532
-2.01373497758069	-0.5362043436787	1.27943949164163
-1.68018841568716	0.459895901518081	0.402130342391433
-1.96600483260426	1.17119240637577	0.635536341171047
-1.34528522485758	0.636116679029882	0.868230706334941
-0.373467964797503	-0.203883354539172	0.6049095263224
-0.85560327784195	-0.0777082694740611	2.83693028267487
0.57284710703618	1.56360380832851	1.4580095303488
1.36558776868165	1.01939339644375	1.13324984046206
0.363619505206044	0.256637946646421	1.8310558130946
-0.524049501697352	-0.302318446896439	0.554512806992918
-1.00369463826809	-0.0904588302417111	1.56007203140346
-0.944615062792812	-0.756374784713957	0.807215883214006
-1.54881618821044	0.0182019860747082	1.41135359023096
-1.29266078634202	-0.92771098974977	2.55005514888694
-1.34440514807484	0.139839820498947	1.731014792847
-0.400238299817142	0.474805490065149	2.38132498207393
-1.56196921148756	-0.0152846052639088	3.85236025165305
-0.266040533966971	-0.99573688963615	2.37249294021979
-0.492143247311421	1.06345265307807	2.74500293405969
-0.304554754737425	0.663566733995183	3.21709955603651
0.276979615357564	0.722189149377092	2.53664953868407
-0.182689665083087	-1.6797184267093	1.40691210656845
0.429095220716328	-0.928280463808397	1.04470098592944
-1.12735201408483	1.35167555227954	2.17127412528491
0.0209288931547076	-1.35970993088301	1.47225181557347
-1.29912887785039	1.45996702666405	1.36495050985514
-0.665748607866068	0.0980083383459273	1.12308646689431
-1.51362745523912	0.0559421226197133	2.29392952503971
-1.92826001525692	0.528153091480285	2.03731157651742
-2.23356243619802	0.453995152324756	1.44094489250576
-0.903203772198353	3.16646970713725	0.459813336219069
-1.06964378715517	0.0754420969695326	1.3346512386803
-0.852334549114872	1.40758309230374	1.94505832467034
1.05198222722816	1.81971814063485	2.97170465060786
-0.07006767487504	2.1709708553827	3.08614671490418
-0.651645074600771	0.533594256973778	2.49288003095188
-0.27015070801063	-0.0816838373605025	1.46092202940957
-1.50180602633927	1.90734295182967	0.266313063827663
-0.417716726157877	0.498266406128703	1.86612712226086
-0.400846361068558	0.133167364850537	2.08773915809246
-1.25954931124332	1.35614379462336	1.29282493987802
-1.8349923086091	-0.612735279707377	1.08448224904928
-1.48401451641106	1.26600171259612	0.675650855366323
-1.75445576391426	0.506280646097538	0.595237564557829
-1.58270816712261	0.562419791576822	1.30349610698745
-0.582947383344108	-0.728679366653181	2.71847585320474
0.433586466117651	-0.0792009650102372	2.81419503597955
-1.4060750022088	-0.364689033862065	1.94101681823734
-1.51439963499135	0.0161711610234886	0.992591849451743
-1.159301132251	-0.581544548416382	1.1563202781183
-1.00745798492726	1.68653291542763	1.32719041690323
-1.32758790018142	-1.21589726055773	0.950213928296235
-2.34016585333423	0.255156508222609	1.24043834788566
-1.40792283619553	1.22299597361248	1.74777060770549
-1.56818290487279	0.482081813932033	1.56477696074962
-1.13477992646279	1.81005807598698	0.707343553784572
-2.18810673223827	1.45798965187824	1.28440878662483
-1.31190939094517	1.92283273834213	1.85301229480527
-0.0573194985713295	-0.337980923822814	2.00731994847684
-1.90476948076069	1.62155527209582	1.72438762831697
-0.291636830068878	0.0855886077553074	0.999443026169868
-2.36816236803609	0.252256486971805	2.61375333279683
-1.72500068445349	-0.171069586358391	1.2938660917317
-1.14492718234722	1.65025759644834	1.06836081258369
-0.899357098458296	1.47202346387439	-0.122627018982766
0.016718636507152	0.35305638082483	0.787366814100987
-1.12308261649572	1.57464816244437	1.60602224317232
-2.56741407041065	-0.359728329222036	1.23351002415847
-0.286625779269906	0.630059021615964	0.615107893344965
-2.47614468151209	1.03841054144676	1.78949382913314
-0.91313761196891	1.97071475643775	2.85914673623071
-0.581306277671474	-1.39933130198227	1.75710103689378
-1.7462002251231	-1.04362807182527	2.29613712080619
0.00298931037017514	0.0525577688989508	1.46994988647371
-1.77191767765699	-0.106674889604204	2.74046515150037
-1.3243466707805	-0.245411851229685	1.88279470986156
0.160462247737069	0.304256695581555	1.97561160328438
0.590558094055535	1.21922815248269	1.23860278188246
-0.240966272572209	0.945862508744139	0.96127363170407
-0.0422836258940278	-0.970613713547833	2.32397124691423
2.18210576562657	-2.33428176477144	2.50083798759881
2.62479133516372	1.09558856731541	3.0687531841613
2.65049240401093	2.22921888368326	3.48130087379281
3.78738776011328	-0.129376635121836	1.89873716963942
0.380267555019757	-0.460180850045892	3.64086823780456
0.0737136347765645	-0.478154151762521	1.81255916670106
-1.8085507750827	2.52377607185074	2.33744399020499
0.12195531584623	-0.643641962611662	1.5771459254019
-2.21502684799664	0.0538727500031553	3.80763900608332
0.306357455051648	0.790591539092122	2.15671798277174
0.0941574210009151	0.873864595297494	3.68789157060368
-0.928438786071448	-0.784914609924913	2.35240597742916
-0.37991627272736	1.1891448401458	2.4232789920795
-1.90249231530569	0.690834741083626	1.30651524590687
-0.873938245876758	0.284448085034969	1.68085112027847
-1.35469108264267	0.118962321000118	2.98474153474191
0.783770109160226	0.14227418722762	2.37570025335035
2.21156123822674	0.835321629659128	2.5417476697082
-0.743333928532227	-0.163320871252022	2.76239895440416
-0.982178288323409	-1.61612137134837	1.96514899208019
0.614142444716179	-1.06149963201557	2.28036178426855
1.69564003316918	0.774303147976014	1.81545527636502
0.508832818361038	1.2691493772241	2.26002970957971
-1.25234448708595	0.111719738765419	1.70958551819106
-0.0142601201124005	-0.866762279118222	0.279566804804921
-0.580219230051082	-0.644986605780408	0.584559696543464
0.0683728104546113	1.26666046321543	1.62814393575727
-0.550975604393057	0.689073900816875	2.72657222286796
1.41519264564357	-0.601898876771987	2.78065018839556
-1.0709787994069	0.642633469406926	1.32615114132306
-1.13340932320137	0.83441780049302	1.22787328247381
-1.0294411504476	1.27009830264912	2.39291529161207
-0.75841634758479	0.779878989994617	2.16402429129008
0.581406939252404	-0.0728309412335944	2.10038360038859
1.62943927957127	1.31223493855998	2.96958020112911
1.14333699489636	1.26057444980031	2.06906351460492
0.354742552525813	1.33330989944242	1.81981707026625
1.20487454337462	0.967657565351598	1.43573289349756
-1.26140205845152	-0.612842040060808	1.4520231522222
-1.57521742874171	1.71870676077549	2.03570052649667
0.766743812296749	-0.348828996922538	1.22649331906611
0.301876547471807	1.13279812402923	1.61388989004278
-0.698585103432843	-0.135650859924603	1.46853381560547
-1.37487316760843	0.204925118191416	4.13941142725923
-0.480732006785354	0.759413104762157	1.48187883268975
-1.41955699094254	0.411289323220881	1.48344848679037
-1.91955922171531	1.12235823148382	2.7841726568788
0.348771773127506	0.718287871059921	1.67074447985295
-1.65633380782716	0.79693769310513	1.22289056572644
-0.581511796219618	0.676533819015926	1.26733458634947
-0.675520365717635	0.925075407088578	0.6428369299076
-1.04284655741342	2.24787008244748	0.888391218863453
0.178414203774876	1.04633348496275	0.938833994540048
-1.37991715980388	0.67305609884169	-0.162776248951848
-1.52730961972082	1.18059020405267	2.25533818424525
0.0874284313727329	0.678795674488619	1.76397661631969
-0.910119208979077	0.750777278367989	3.60695834708628
-0.340985137681273	0.262456486894111	3.74465851594481
-0.643053271026745	2.33209329089209	2.47362728999959
-1.45828786693854	1.78045196353453	3.02163913515495
-0.268286723403344	0.218201266070173	2.8954101798144
-1.08629303059221	0.746811963061233	3.01041665990275
-0.222251118285213	-0.386678028965212	1.18508629145101
-2.66166947417556	0.461616508120986	0.465904240210445
-0.647852143988036	-0.0549344571734202	-0.556680259223915
-0.243940608887899	-0.542011612596483	1.29191179623337
-0.505816236453812	0.429390339187372	0.671087064151542
-0.237630486251672	0.350309495197769	-0.53680723445722
-1.52715968948592	0.407139991071262	1.69340237570292
-2.0009940183068	0.417472604377313	1.92771379448029
-2.12671404219571	0.240247507244858	1.63218894538279
-3.02792262447669	0.307575143761442	1.48074623589283
-3.34177004152621	1.1584201980835	0.774823294734762
-4.41130476347155	-0.496001703892207	0.146812316233306
-2.44271625711458	0.256737742162462	2.79097398290342
-1.28295750090099	-0.15503381063477	1.57628135065249
-1.98873580257025	0.518633991701876	2.21071668044749
-2.68068362710052	0.196129493335913	2.38950993619135
-2.31091009583492	1.53890427524267	2.37588125472386
-0.556173238184708	0.673379201838659	1.17289835119448
-0.105914928283525	-0.63491194092212	0.0969378425895776
-2.91808147681017	-0.714868672681789	0.734706748832787
-1.20328151451028	0.386078834825468	1.32538088316431
-0.677577876056357	1.27682382385097	1.57554179737219
-1.66598826263017	-0.746842828835593	2.30011468104414
-2.56355016258178	-0.643443702675014	1.47309551265873
-1.79428806964947	1.1380354847992	0.947220795113585
-1.80995672627315	0.189440160309992	-0.165118816143432
-2.74300652871226	0.374150179431562	2.00885370006105
-1.59714135712875	0.982229070361409	1.93868249243907
-0.718570406636307	0.594238686889475	1.25080205572634
-1.98506586774944	0.947920438490271	1.71324842663257
-0.85233498077296	1.28795283543404	2.98232522493003
-1.86028359841181	1.46970952484129	2.48943968922913
-0.512911798406771	0.624805984532997	0.887213114581974
-1.59409404627778	-0.0309574854969636	2.00041008673782
-0.108220912571079	0.452699973095293	1.43836987066515
-1.84320777592681	1.38465708355956	1.70244188514655
-2.14028559873847	2.26918794030183	1.68294609997263
-1.48341576283599	1.51213582750033	1.49562861976505
-1.21771203797637	0.00719827725442124	0.82208358016135
-1.29820900319122	-0.00705017510982531	1.51734830292608
-0.99064112707984	-0.689763194991635	0.825374781408902
1.05657791294302	0.194175040895585	1.14054236148991
-3.36757243669654	1.60700154382728	1.28467598971443
-1.7249917503359	0.435841997359409	0.841853531820154
-2.29231386587165	0.0716389053511775	1.61353409850785
-1.9622755575047	0.124587535133369	1.28065512812837
-2.34098565582573	0.942099526501207	1.72658437934937
-1.10755487891887	1.7009276187037	2.37465545904853
-0.97974003880365	1.46945530034049	2.99043634877849
-1.370095354095	0.050738366799471	2.08275672448292
-1.00914332358338	0.0734237162215161	0.753311432146148
-1.95379834458764	1.0119798587417	1.22384289555188
-1.72542607034746	1.37036358251112	0.70339494025766
-0.105803143550403	-1.45893576356971	0.936966698137419
-0.985101635951997	1.72682112355855	0.859979709864369
-1.81488091889006	0.326225124156516	1.21850678330629
-2.80526227563998	1.60354101960178	1.72553120214538
-1.39999717125472	1.42145675262973	1.36415380657523
-1.23356463243524	0.634104232811151	0.309588867951397
-0.867351187262111	0.201039291801201	-0.274035359244348
-1.46051782144381	-0.773186584304837	1.06133172854458
-0.994517661784233	0.746364905513427	2.83221092044325
-0.580663238979638	1.04570531671657	3.01766719497265
-0.664800345615593	1.17080488329023	4.01432250073821
-0.186760806082551	0.268646778522986	4.47220730443085
-1.91159161380427	-0.739786341327635	4.35413726066283
-0.630890646888317	-2.07943832767837	3.30091954053
-0.197332800258209	1.49686833657777	2.5771604719971
-0.182804364421334	0.734527286815991	2.80293799853848
0.116248885680741	0.660239503290198	2.53790364743209
0.185679955173712	1.97583823377653	1.96585511855531
-1.26299223030216	-0.14085220480885	2.84146281646066
-0.544401631932401	-0.691842000246981	1.09235952257966
-0.955296461945195	0.753198756956836	1.52158435591225
-0.438377666262062	0.999775186969106	1.28725815054693
-0.583835973934217	-0.191329019405245	2.46854476397694
-2.16782829443811	1.0454817006867	2.2972758972526
0.0874348845356862	0.147366791650228	1.46464570888401
-0.784257459025567	0.0691788310728292	1.63748954077372
-0.511509147257908	0.79617175142359	1.01592349200626
0.195584289530915	2.09685242399525	0.934011364970222
-0.459971926176752	2.53319893451608	1.53217575016263
-0.818136047324374	0.669382541699445	1.53776004149933
-0.11016355521553	-0.0588445217627789	3.03960145595911
-0.971175046098231	2.78974294056068	3.70264718614526
-0.368899891163098	0.9315015580929	2.66676554364309
-0.00487614131282466	1.57875566540478	2.95107422145477
-0.299320533983147	1.97715708601178	3.2607286003596
-1.18723595057146	0.183283290307078	2.08803248807903
0.564341332009312	-0.0833104199227903	-0.700462914362316
-0.00620923594923728	0.476635074662187	-0.381995583585602
-0.385856928058674	1.15841916024648	0.726629769118623
-0.151443748274985	0.84963614193446	2.24699578842893
0.0790551072087994	1.87419277604747	1.76845625337154
1.08866424886283	0.573999659185114	2.50547411416586
0.0980950443181408	-1.05142279940477	1.70470555768894
-0.817773791602609	0.199748953246526	1.62285428598868
-0.171495531052777	0.735490032919783	2.48247009102074
-0.57235898104394	1.2817973281677	3.53513193803652
0.29182908921182	0.682384735758906	2.88015303991929
-1.61925456454695	0.308532922232458	3.32455357724409
-1.16744827576936	1.07496541522509	3.17064670641553
0.0474284240945198	0.789031693518968	2.98789738842726
-0.534952091158137	0.885179001828462	1.30540227152136
-0.872063014614547	0.772035328477917	3.34509135952335
0.704488076385202	0.394593814329851	2.36816297357646
-0.620205453266646	0.322031067129048	1.78345601649882
-0.372414184385994	1.60977962539528	1.17470066246613
0.168343084820465	1.16231314446243	0.884531373138792
-1.38704927745573	1.63346302698239	1.28629221549555
-0.713098228294145	1.01306262106678	2.62442860941898
-0.69077485803724	0.430366100638371	4.76186485460111
-0.31984338133628	0.612827747442507	4.21513129514493
-0.883170021117523	-0.185874732879544	3.14752031838546
-0.199864145164046	1.65071984575864	2.30577535976365
-0.355508287174918	1.24480048290664	5.09548463132004
-2.22445870098269	1.14362515388785	4.86305221785155
-1.39168944385498	0.429983647896215	3.29923205462212
-0.0644725374181767	1.66808626021629	3.29688924825784
-0.767856455958892	1.55659767948865	3.84902546510437
-0.92931280585871	1.82221149835229	5.00565318353217
-0.32289299641611	0.0923310073330812	4.51704020690803
-0.37700762708894	0.529196961915109	3.50640838614588
-0.305254576155765	1.53529384258053	1.4014527959231
-0.0450516367304403	-0.119490087039327	0.971683073509467
-0.776728539605764	1.79735915067066	2.46118650058587
-0.837680825826176	0.702627979761157	3.24133797834429
-0.674869629239498	-0.234240000534035	3.0781424508709
-2.19063015472289	0.173342111685491	1.34982661918876
-0.220367140422065	0.286071345932353	0.891630912854105
-0.795093581271947	1.32840926890093	2.9446705254019
-2.36948656917624	0.509646018862417	2.52532364145485
-1.85129607064204	0.445309867396889	0.519378911013918
-1.11717060157453	1.12093534026186	3.71355707350044
-0.395291096249498	1.36308217556318	2.95340459629975
0.340769001062301	0.746527023747718	1.00551176262346
-0.314728684431191	-0.040534984116377	-0.0188389983036084
-1.44647003794924	1.33405294582426	1.37133936627829
-1.04481378862193	-1.11418842300435	0.704082000816306
-0.756628171531316	0.321869439027195	2.50227495672371
-1.07307745344801	-0.80865630197018	2.52568427401045
-1.70401298428577	0.597951961837914	2.68342343783806
-0.724236066892348	1.51515010281192	0.720033481307588
-2.20040662265256	0.604670948329074	2.83299866656934
-1.05215245859043	-0.805900504041525	1.74971819187126
-1.67500698358206	-1.06131603607191	1.63020153276306
-1.16843263594217	0.487601557249546	1.44238941006308
-0.527403296591755	-0.163688822582117	2.34571444993932
-0.30304246350272	0.0263071161255082	2.22964442964423
-1.49841771984977	-0.727156532175414	1.13046506518185
-2.13552176328677	-0.736236649580014	2.60125435598026
-1.28690358627845	-0.626092833982094	1.28212954684441
-0.615803861221858	1.22892665955694	2.43055815860968
-0.496457005591388	1.13070281122794	1.82506306760456
-1.18969595590484	0.64272573251017	3.09519462189464
-1.11977442987944	0.350400317616707	3.12094099872695
-1.80329704118275	1.03735683631024	3.02414854017146
-2.33253557763241	0.96884187347864	2.78064832105662
-0.982035208938728	0.771356593263023	1.0913343821112
-1.29000448137003	0.583775688339982	0.100018587230061
-0.328766128526503	0.520999567084261	-0.755916348547372
-1.78543745211806	0.604043855559239	-1.13499343817408
-0.824675707707867	0.305017591804205	1.08056871839581
-2.11863745737333	0.421629466538632	0.931435789512023
-2.29258184155363	-0.581788940381993	0.719989304224774
-0.292596650161073	-0.207603322336658	-0.286074316540756
-0.994623756218404	0.926891858724737	1.12971313307126
-0.994623756218404	0.926891858724737	1.12971313307126
-2.18656593287312	0.649968575638887	1.25167763245515
-1.52034756909497	2.09094483032141	2.15379606229885
-1.79617715662436	0.944929322821596	1.11086558515833
-1.50071757969631	0.631923397607014	1.1363841679854
0.229367264705135	0.0370497281687254	1.83905525909867
-2.03060629126225	1.16509354623512	3.04976770685623
-0.901625454696043	0.999122056930765	1.4974469145031
-0.717893706522597	1.04237760294059	0.937657642047468
-1.87387165894325	2.46303290045231	1.10367583879596
-2.29133715173389	0.802247872995721	0.211462737474196
-1.75321529029407	-0.0521739965943489	2.38759538544419
-0.290678694088907	0.267483814287329	1.62256538958025
0.715729142606975	0.0653544866748046	0.903244713040619
0.979356753938868	0.748273511131182	1.42415173623026
-0.761864490513075	0.926448919821219	1.89049669903126
0.0197115797787575	0.842040824129109	1.81457956712523
-0.95949536614056	0.546097698959932	1.75023198163673
-0.553939561251628	0.714193345647312	0.934848629208944
-0.447796093710537	0.633659165480377	1.30774683355287
0.549834332207352	0.479144100987285	-0.604135797265606
-0.0686080804533873	1.09534109375946	2.65198118117239
-0.799623586903339	0.597709723816098	2.38295964749371
0.336681773345196	1.79415984207577	1.83315737162035
-1.25649495754604	-0.139025990761611	3.39599663947593
0.0343734388251392	-0.0756152895851475	1.8770576241799
-1.96264732271934	-0.269700520034591	1.70924543954168
-2.35485835865886	0.625936521051453	1.9532126959901
-0.936993520504869	0.817308634259128	0.912422790127157
-0.515053835320219	0.814117380517562	1.00398833542527
-0.560166257560732	0.362597258800046	1.07889661688001
-0.286829461776214	1.11676394910717	0.461409444874515
-2.08753451598602	2.0648181716773	2.10036549702819
-1.51257567747305	0.582250829513287	1.27933135285055
-1.51257567747305	0.582250829513287	1.27933135285055
-0.870917596273498	-0.000179712578008751	1.13004541237387
-0.974156706110109	1.37812158073462	2.14014645727742
-2.15408815494328	0.151306577470085	0.459448481581371
-0.505928428120805	-0.132125708074107	2.00349363108809
-2.50264825500681	1.12639182108953	1.76722234532193
-0.880748002226845	0.365822234993621	0.144312859167456
-0.483192052965705	0.350599236098691	1.78897303668747
-1.38600013278724	0.715443082930963	1.08932165297012
-0.50058985308242	-0.736769700235413	2.59074882253894
0.195198494170105	0.885007792611778	1.29622683172496
-0.0870198307492386	0.436904121930483	1.79747148605043
-0.658317393449184	0.704844061715318	1.69769602030247
-1.61275886414363	1.08862092280063	2.1599874617084
-0.757278920653528	0.793319506141147	1.2568931709685
-0.830822612648047	0.401253148269528	1.44587691956095
-0.922551575027902	-0.0217232991693562	0.764655180136638
-1.1438628147454	0.709868629363136	0.755280083142955
-0.761705818361286	0.292943299098938	0.698092627106325
-1.01596494081541	-1.02605772627858	1.6606728209805
0.767439762253657	-1.24397669506245	1.59711991036997
-0.503352071338119	-0.120281473235778	2.68308120028509
-1.1098466124619	1.47544711676763	1.32470541813664
-1.349085081403	0.477604048884532	1.85912293179056
-2.6795970322787	0.244462738551219	2.57883532003298
-2.12793389282534	1.28263591636907	3.33249202412753
-3.16946140917705	1.34787698733898	1.26534666707832
-1.90209038837538	0.804061055475484	2.00013998515165
-1.87443712039399	0.0286459467310758	0.969060522342426
-1.5178581042506	0.14722769280692	1.32721740805893
-2.0721408780638	0.212957750814994	1.9694598565187
-1.69142942233359	2.48215988376671	2.30551491461804
-1.5039289438493	0.562714364361894	2.30024183163969
-2.10731076946028	-0.198334658105623	2.77989840538815
-1.2045075853555	1.06095728575	1.29205976445108
-1.10371123101206	1.6332261309017	1.98020681051146
-2.02832514488582	0.0498464465724664	2.07188215047489
-2.0369668025926	0.150908114825235	1.29338878069303
-2.27013953083818	0.322430577209294	2.07735280195956
1.6293965536934	-0.0789160474360538	1.18531700118585
-0.0936553032681002	-0.625708854864589	1.76620461300188
-0.791866059638821	0.38250019105189	2.29107615326629
-0.473859869510289	0.570984035216276	0.806119251639124
-0.61141134358255	2.09317020696017	1.71882035929267
-1.50815561768954	0.984078353620572	1.92396099553323
-0.020850193556147	0.224118377834675	2.92883585895839
-0.183188075730877	0.842439303839931	3.77769891933939
-1.83306049001824	0.157676059129591	3.31484939493293
-1.6045891268544	0.738668391953101	2.73898135790378
-1.14569499148063	1.03110345961925	2.95493112485781
-2.15499878156135	-0.266310842102069	1.4082638511913
-2.62610748278867	0.525825063338031	3.28671808858888
0.680003801907073	0.158455306872101	2.05405407150126
-0.579803529000506	0.466411122405487	0.61549670639872
-0.260943461769027	0.582823327165739	1.53421816922844
-1.69284947558493	0.74999441794956	0.616773462719539
-1.17399452780159	0.519747459641629	1.49771510269958
-0.90626411564824	1.19432443577573	0.0832356957307521
-1.15929170353989	0.293335802373423	0.458506694809437
-1.59840434956426	0.489133260440539	0.70632475064886
-1.80545038212239	1.39536036153954	0.970754609724494
-1.38175834474652	-0.227880804496405	1.96679948616236
-1.04490347027733	0.732477192371584	1.47673317432129
-1.79120528763537	0.761284835220299	2.7479230851505
-1.21641523615008	-0.00464849053581434	0.988783596279618
-2.14884619563163	0.204287612318484	3.29537843606112
-1.08955295331414	-0.1841815336645	2.00863259616815
-2.01121733575008	-0.505364621051221	2.58237255133692
-0.878739775789531	-0.320137285025358	3.07743719821854
-0.0851303773198359	0.107730101437329	2.45605644442946
-0.406459169466718	0.751163951905617	2.07478789933369
-1.91117781865105	1.1407609902834	2.21233889344027
-1.43005337887383	0.523711602603092	3.03876450886785
-1.37719198179657	1.08042844216309	1.93735353366863
-0.194841090155737	0.361859501626628	2.15465660748785
-1.44479810138957	0.528399817833864	3.84496320109028
-0.822283305685667	1.11342521761585	1.26502656411614
-1.23674543436944	0.00666321194552851	0.575769797607232
-1.76092615051521	0.483709511008871	0.418296372930337
-1.30647548999523	0.595465880490329	0.434542272877378
-0.530021094194124	0.522378397831853	1.67773515870653
0.06268318106064	-0.217174350212948	1.52222265872418
0.310343891603232	-0.39314057458431	0.00527034376271174
-0.537899378899612	0.0985447903915731	0.521746090838993
-0.132423444823771	0.141267905553675	1.6712063006936
-0.856047319506073	0.988449336679279	2.04514390175762
0.585620943897823	-1.45983229198305	2.02853105236826
-0.179438810560715	0.953449313137084	1.92758831852339
-0.46064791520155	1.52445572313071	0.0150431603713523
-0.986872022029384	0.855599988134859	0.381178790932762
0.805416093083942	0.425266070409068	0.180262758906212
-0.977343840284601	0.810481333635811	1.77325420240948
-2.20007600341358	0.796379761426946	1.06271442917877
-2.8494395511926	0.498070589241216	1.07190027984176
-0.223360116137604	-0.601567203741574	0.973445416906125
-1.71426171401564	0.389384083667992	1.97348544072573
-1.69092512520894	-0.270993221809238	3.06129242697817
-2.68529327526879	0.929471986588379	2.32943752258208
-2.56038281112933	-0.799951106407434	2.0708748907467
-1.82868340472125	0.228418717649701	2.6625002728063
-0.907689817101829	-0.83108079739274	-0.373030827056691
-1.94325331362291	-0.0974147601641846	0.590059414811678
-2.00814041904192	0.666243873626373	1.41330083083127
-2.66707638291735	0.786144585937216	1.27610926574046
-1.60689469106936	1.0124985404721	1.96802906527969
-3.01973737760956	-0.0339918439474263	3.02538531549849
-3.13777574208646	1.13079093276278	2.28648216018165
-0.881788542158239	1.97142725793978	1.75365090015334
0.240043551623609	1.78775604895055	2.18567150450005
-1.28087329321239	1.07925845287781	2.57451654766933
-1.00287866305778	0.811589370141719	0.540398582204013
-2.89550341702187	1.28117378867284	1.83466977952062
-0.559047140054464	0.0485198015985108	2.25446379882709
-0.26487678196227	1.34397066929049	1.82510030720447
-1.06291541042795	1.58004265630928	2.16604229102512
-0.713706106912902	0.700886773556855	0.30760635354331
-0.774655177398895	0.772158012749438	0.662655771128292
-1.47171636329246	-0.125088515660932	0.694585297062575
-0.869346335806235	0.0335357070962944	0.702954828074524
0.14750246853629	0.992662181251157	1.23024606500628
-1.23367207229665	0.913491863630224	2.6015602761979
-0.622239452562076	0.514811875693801	2.47091297310729
-0.156390352631741	0.498209136364256	1.67936873102099
-1.46949297367971	0.0246097717821965	2.22001776714778
-0.868678291617869	0.377837468267782	0.976860856841576
-0.529084629794221	0.6872175221513	1.03090297219849
-0.68047147034404	0.802224005058763	1.28613004223482
-0.899903860270211	0.264524551084269	1.57428987181396
-0.678610412664488	-0.12497473061079	2.33844812457305
-1.05129322367592	0.861851186845706	2.8567965569876
-1.25365563613392	0.0994776504089255	1.34121540985893
-1.38586116936692	-0.658052613242077	1.92467179554425
-0.12032268215469	0.770003076084488	0.705256568835335
-2.75558468039671	0.350593369974427	1.5836232899318
-1.2979838024553	0.112312973795288	1.64654571992079
-1.10420697594829	0.492098648164545	2.07628517215141
-1.07406778433604	-0.191709427949718	1.05967226520041
-1.4232131025443	0.709188902772833	0.568373515985003
-1.01627386696256	0.613848237192929	0.0825942699396276
-1.74468762385009	0.305712430265003	0.539906077407469
-1.74468762385009	0.305712430265003	0.539906077407469
-1.64205423619978	1.24117713058005	-0.926298213221898
-2.41675486787943	1.19497111067247	0.232524955549408
-2.32610296659644	0.305946847031593	0.849460931570158
-1.66666127837336	0.24047711253776	0.639808031036202
-1.97972847607285	0.113363447779857	0.529934192776577
-1.52193528156136	0.0303818260558408	1.3083135139893
-1.57047521209487	0.696654172327557	0.839912278722911
-1.7124627652382	0.642324588491953	0.360533753435427
-1.96881969119682	-0.24347467963325	0.0860040182735329
-1.8664168655348	-0.0347960488128155	-0.375154921197962
-1.86981439139458	1.07611319388465	-0.533595120334251
-1.58270056407196	0.580295624039683	-0.377532237930114
-1.19429899150633	1.4170749961388	1.59490040050679
-1.13479663628992	0.266206488752005	1.76429720559784
-0.376265477441033	-0.0241605004062878	1.01553008811703
-0.593149137357895	1.14527182189003	1.54510382985943
-1.08492460543517	0.759202122036442	0.474483957386573
-1.22170429576684	0.604128200317134	0.479738735038413
-1.59449573446834	1.02306382901985	1.87538092070694
-1.44726872620829	1.435539036472	1.76740385688272
-1.23716244535335	-0.0240464224371329	0.250344180891426
-1.8633231638593	-0.118335986323959	0.834336616785619
-0.643194599777737	0.309220500527012	1.92729641644749
-2.13672004201075	1.1867530870219	1.35101661846563
0.138593658311408	0.937724227945487	0.810267162077443
-1.55358690498241	0.62168042794199	1.1173846020497
-1.41265418641135	1.45408081072721	2.17790110332808
-1.3042119789493	0.916564202055225	-0.282294106313945
-1.42820875645007	0.328856684445302	0.496264431029165
-2.46875135310051	-0.366632545830253	1.51525316758424
-0.723233208670419	-0.68565560194967	0.0432391047267257
-1.72339154174721	0.249388056372251	-0.739995145616653
-2.00428468050046	-2.40665741713803	0.159702897976178
-2.05340714781058	-0.403213450132674	1.30855659664349
-2.46974479569894	0.286340945675672	1.57249887899978
-1.8567192203899	-0.150439722958177	0.563139481728719
-1.84622674745385	0.0816033842683449	2.1642621783072
-0.378341137128731	1.43282777634188	1.8888500961605
-1.02745396470489	0.351070915017031	2.51469348341993
-1.87846219478628	0.486448540324333	1.21007528559508
-1.42480093472406	-0.073928490455782	1.07140130252725
-2.39547741924097	-0.666267286242948	1.92966732200898
-0.852184788316776	0.712928549067252	1.54848869855331
-0.199101988792654	0.611996628370071	0.33004679621063
-1.0074656491203	-0.441155890412426	1.40115381372503
-1.36728828559856	-0.979750007764519	1.40878532383224
-1.73139657737815	0.164491308149075	1.28730586529172
-1.58984808153919	1.12221986101543	3.15253803696245
-2.54737198207397	0.272686411804651	3.27511099125027
-2.12452323511114	-0.173441205476831	2.55999709712888
-2.75589418787114	-1.63149932586714	1.39776410476725
-2.58145991011535	-1.06112763307877	2.57295883798348
-2.17676885865444	-0.502730087656688	2.28068901843549
-1.24944638612899	-0.423951548896099	1.44211570335621
-1.13645362643583	0.829529312561864	1.35120452933946
-1.59767731828785	-0.053246272546459	1.62160364096856
-1.3913832472782	-0.691539991683696	1.64394468859609
-2.40959483535556	-0.213518813578755	2.6528044450416
-1.43031132465549	-0.802788257949978	2.46636362765261
-1.17564116296684	0.493182187437035	1.7434901622041
-1.1034453859304	1.17755358722489	2.04559118333882
-1.58596178396754	-0.560308489655695	1.95364070060141
-1.28145823449219	0.0513613331094603	1.81963695405562
-1.34981487325142	-1.15645403008781	0.287158944528595
-1.26817895365362	2.05264424166933	1.69373766492489
-0.950119107022401	1.2146579881402	2.31888861947417
-1.61762402761883	0.410377530803681	1.61812055286495
-1.91695115613179	-0.682034407141588	1.40196943118592
-1.19838023529047	0.790732784112947	2.32989400161987
-1.01654091941594	-0.149058920945256	2.04184878457775
-1.58294324636348	-0.306953834211657	0.929957682371914
-1.4279552003737	0.672092884571656	2.16780264768075
-2.37653026366865	0.597755711465165	1.87506696259915
-1.42181273836056	-0.498934959228788	1.07814366707797
-0.663314639554142	-0.687743961005709	0.926293980678591
-2.31292754790436	1.46608340095403	0.562087697883355
-1.54407746993505	0.914498463808419	1.67315743989436
-0.721839081984575	0.76580091875881	0.167004719289826
-2.45360491429196	1.1630437489422	0.601165713595925
-1.04535331322418	-0.664772426213728	-0.806010421831414
-1.43421217396574	-0.289828968421229	-0.595841688955065
-1.06893386194185	0.100229526792812	0.751058659965313
-1.06893386194185	0.100229526792812	0.751058659965313
-1.10275499149908	-0.185349322531501	0.578373825064966
-0.598556075011411	0.356139352906876	1.06778107062815
-1.44888783513488	1.39626961377883	1.18376546164764
-0.509412951418257	0.262727038166649	1.63868969262305
-0.926005790871959	1.04178671963745	2.4040735797021
-0.926005790871959	1.04178671963745	2.4040735797021
-0.595759531953148	-0.507494197293727	2.47955213768067
-1.53237214883257	1.09254590983384	1.0744322676519
-2.07441055223677	-0.172183560689421	1.67918537615555
-2.12252571183845	-0.68770609781574	0.917201985165338
-0.209281250036511	1.14236640260103	0.741505610997074
-1.91569694602035	0.887606140768355	1.73430277442893
-1.03053630349607	1.17554380786378	1.33282759733916
0.123296291304402	-0.238467294375534	1.98857274287488
-0.695837717700792	-0.509395006371221	1.94539588121816
-2.1537222703018	1.24956860037397	2.88835547877063
-1.23793630832769	0.884486642698828	1.01840342814126
-1.91254405948456	0.407570279649308	3.18080187933259
-1.45347295138131	0.20587501815254	3.89314566376935
-2.13003578279913	-0.357410119699216	4.43766470336407
-1.58325941546249	1.36627691315687	4.20241634571707
-0.144451447283464	1.14632257560429	0.898285421815496
-0.813933870417642	1.11963756842047	3.07797024796365
-2.01941059821004	1.29118662338357	1.26212637967958
-1.00219750874777	0.88610027150664	0.482081306706092
-2.57845679557336	0.837407363192041	-0.326132323837101
-1.09638312806053	0.615901257487035	0.0702043922081823
-0.252284093672616	-0.913626900709315	1.6160614337661
-1.93437619773299	1.59157415900601	1.30531407559004
-0.532252809123337	-0.145183512311765	1.98221252058904
-0.537195813502147	1.04007769072629	1.72347665126891
-0.702813610315045	0.868564067389438	3.19801104045261
-1.55609852123461	1.14420588576392	3.91328884428458
0.116383150613233	1.11326606802888	3.31420764565856
-0.0150018517969353	-0.840686951907254	1.36547397188754
-1.39879397633003	-0.407947712968644	1.07150177269423
-1.13964672387801	-1.15821729321399	1.87111815232091
-1.47800059825312	-0.093706556671013	2.73214674744452
0.0285955690909968	1.13597393123062	2.08547026141084
-0.587687127522737	1.13294942207756	2.7602840435726
-1.16963305613348	0.16045901165776	1.45300990173637
-1.47251783261327	0.0440239221686967	1.27716550951592
-1.03411644982892	-0.576346574284902	2.00539066608459
-0.0859877013509559	-1.61149456491272	1.97077529807938
-1.59499428946463	-0.216906940113302	2.52039483309292
-0.249787946037963	-0.0791131335365943	0.965551429334063
-3.00846673417961	0.865296864854203	1.68896409522121
-1.80509863509954	1.33200106783227	1.51480440026752
-1.47485527680634	1.98619744942433	1.02522629294096
-0.449063926224096	0.16167356597048	1.85215885388366
-1.35098562953386	0.171154671187386	1.7480534534805
-1.3422767494809	-1.82043886713863	1.72645843724407
-0.484574604679208	0.0812016008877632	2.49559453443702
0.140379104899342	0.716744765054953	2.76093703743498
1.01706983181084	0.33089619377565	2.5199643278517
1.46707765084697	0.117721294823828	2.53607628809659
1.58322268769479	0.6348467494874	2.93248437025822
-1.30859093816841	0.737290254515613	1.3394888671301
0.65252031117793	1.63257670340652	1.8263469375472
-1.47926067631848	0.734476657558463	2.68807879989952
0.582705799101281	0.398279855598253	2.58979380768052
1.74445455483757	-1.01100687633208	2.93632271450079
2.22386801051331	0.222943832765429	2.14031762394761
1.49116919727775	-0.221721782490737	3.43293578276565
2.60452650332733	0.955674765171047	2.81808774976941
0.500477509766777	0.0878487014679637	3.34467427265121
0.711529174155783	0.775654286633605	2.67225944238161
-2.03603419379446	0.379765823591809	2.79243493202015
-0.512942537731028	0.543914924015476	2.15597950410759
-0.134975894967536	0.318521162819338	0.778708876347434
-1.12976636299706	-0.456641465122233	1.60339376545284
-0.485929507999399	-0.360661254786158	1.50983906800395
-0.671598482650253	-0.230398589455713	1.15367560911159
-0.516666424166323	1.56949444017036	1.05488460996711
-0.964401466638996	0.48441929494398	2.48835519360923
-0.211145066642977	0.339028377890365	2.67264956788926
0.641657139548272	-0.280644827346246	3.04961072510643
-1.57769950957782	0.635810750676565	2.74782625498536
-0.10612249377713	-1.30818511513537	3.12530480271524
-1.07798651591515	0.186653196232743	3.93242702381797
-0.107325836559167	1.32900698188976	1.3009869990356
-1.48288253740294	1.33885129867282	1.78178710211806
-1.1583722569235	0.0111071227893226	0.795601413067621
-0.307400076242137	-0.621205205277399	2.47119907824891
0.145744900933667	0.568549144704257	1.87483131865358
-1.77324836825365	1.5551912609121	1.96883377603284
-0.625645939253941	0.292087430530964	1.09999896181612
-0.427785161727178	1.45181487659737	2.22913091793669
-2.30288002288472	1.83188685978646	1.07261425380664
-0.38403780026753	0.468844239050541	0.601059049991571
0.681268428708819	0.821710095633552	2.11780850055752
0.111594329549795	-0.260867971392242	1.37857228049419
-0.455657051412605	0.107206487354606	2.45197564561153
-0.729009674628928	0.219952850620501	2.15476439953479
-0.106023482337848	0.529383394773611	1.66372575053715
0.0305174138448834	-1.00021036339519	1.6185525571963
-0.31944912971861	0.967147167722456	1.45674336056915
-1.53453771568923	1.24691525512291	1.8712556864115
0.00639166989575968	1.16049879290595	2.16380340795438
-0.928762558524013	0.850620064521616	2.09358184553874
-2.22907048533316	0.115658485919161	1.92119454571684
0.452886965767336	2.5551419461241	2.72290177233903
-0.63568008130345	3.07940797771052	1.86123738528587
-2.61083242442335	0.264197126896088	2.17896118752185
-2.15185529332009	1.6845711282143	2.6328487415927
-1.16937902483351	-0.271365461867655	2.09612507896531
-0.0964514928119661	1.59194102486136	2.45014814565627
-0.046593825711085	0.801373307581582	2.30449463697263
-0.859949685624512	0.871620910301643	1.79798350166388
0.380334794608655	1.08000855808378	1.98229765607234
-0.470355472162146	1.1318982359786	2.71721591818329
-1.75153536892424	0.821616681077563	2.323547157279
-2.53300757792527	1.85831112789008	2.47161087145809
-0.135195152279204	0.0234201668765255	1.8889753128677
-0.407580469597444	1.5524479732405	0.434713371407927
-0.662457864559029	0.341180554264909	1.21678253161804
-0.714703929377459	0.9693314283694	1.34094817225379
-0.738139206982794	1.74711643414678	2.16721970055075
-2.43424942489571	0.802210346750389	2.52607096519148
-2.16479724295971	2.13991763596946	2.58799110126992
-0.480046688726004	1.19431786106225	2.93484669014824
-0.854077106176006	0.470685286722566	1.27156180676599
-0.236138040017509	1.64293726504178	2.30412963531478
-0.469395880440249	1.0041265742728	2.05641516339255
-0.477755092865253	0.287582016104342	1.72590137892014
-0.600416764092851	1.65850257163405	2.06916794291197
-0.396367758177753	0.00643733095421491	3.93035223930835
-0.677811842510726	1.05242470605638	2.10318817271394
0.0521025257046078	0.565514159483722	2.13275360894366
-0.119848107491471	-0.206282412909445	2.04706946325222
1.31216953969831	2.33811828831453	1.4128306635692
0.744706850244581	-0.336443392281801	2.6647942595668
0.112633633266198	0.762770828517609	1.88571638556853
-1.59036529030144	0.960397365105761	3.11199534466372
-1.45497951375935	2.06937146371985	2.20169772465443
-0.241065032023291	1.51638005223934	2.21650045104645
-0.946049142190175	2.30532371424031	3.06568977330578
-1.42659563094506	0.480753516262514	1.83900870477936
-0.953025581702994	1.25898183372544	2.02728362986387
-0.413736123362432	1.4825742757056	3.70605429651814
-0.133023240771348	1.69689717223011	2.99163075071075
0.126873782540152	1.12035733709922	1.44154691236341
1.10131709528199	1.99406588928008	1.11486943999648
0.878833938820725	-0.321059470064328	1.15010674661644
0.788235362878072	1.14015669009185	1.76552406400622
0.831234875091224	1.85791494427979	2.48241570503402
-0.311399892866145	0.405924865207697	3.06271993398656
0.300255897291405	0.586022451696744	2.35343529800233
0.313391821855695	0.776392527124858	2.755748831338
-0.408174675901375	1.13322811414722	2.67963445020634
1.23137031147857	0.881164967781219	2.43789963624873
-0.292921434033854	1.44656550417721	2.94865455053347
-0.190484655200915	1.99800264488474	3.66623402822207
0.0249267712853378	0.326867191197981	0.433678248640761
-0.961074111473479	2.91460450022194	2.2603359689865
-1.15189193969049	1.52915966030742	3.44562696582282
-0.60682235249618	-0.404924170338777	2.20558151420696
-0.191226239037267	1.14417488109283	2.52972907193351
-0.803005277712442	0.803718007569153	1.77960292970563
0.659686577001702	0.9711661125265	1.00394262641015
-0.250519830278929	0.217883756275151	1.72417250559759
0.434742970024537	0.43217997960319	0.670044847246091
-0.944148712921347	0.614792801125316	1.30302254142401
-1.3444045581567	-0.0581790075670539	2.85741481054371
0.0158055939658508	0.846154355588424	2.04804061882189
-0.772648044105503	1.16421796632212	2.39784860881986
-0.517838590731412	0.0218101750235993	1.74496574877011
-0.175709253831872	1.01658410164954	2.49783111007521
-0.548677881946038	2.23088775305275	2.27086806034636
-1.61347425169014	1.500952607646	2.57598368420726
-0.343723013860724	1.05349475277781	0.388403380260033
0.167985259091917	0.983616261757164	2.31348940686539
-0.848179540251635	0.680858901704885	1.29223675225848
-0.765629300780667	0.518992800273094	2.26764612595667
0.538442752365161	0.112580507102473	1.28553027076636
-0.843309256217076	0.3574384019518	2.0902951145146
-1.0678978901396	0.7303863096628	0.609010161305023
0.38033295647073	-0.833462398446631	2.27538288540847
-0.0968327202018479	1.03912694892079	3.55247420637785
0.0783036398382572	-0.183263752317123	2.20844049602795
-0.58451292691715	-0.295031979900738	2.65049853290043
-1.66481447867212	2.22831378317125	3.25887519992811
-0.288701723275502	1.18789056284207	1.63103018161635
-0.431237790381327	0.228749576479382	3.88260233758209
-0.180407340846485	0.526348189181276	4.17010875347319
-0.20818330462791	1.13933396545125	1.79767536183427
-0.707442773309718	1.23594672045854	0.424473968190001
-0.750574271432192	0.138416072197388	1.80284946772334
0.51681170528984	0.515867706687668	2.51764661943764
0.260383635697998	1.66087501817203	0.917532586651008
-2.36484435873212	0.231775098684184	1.45791079673691
-1.71268099344016	0.898429162571723	1.85783768326803
-2.22958937396193	1.98284972368308	1.35356093442182
-0.778966713884385	1.05280993997538	0.998030787202483
-1.07602061604802	-0.566293960594229	0.820985579524784
-2.94861232012693	0.125245247307311	1.87721338630761
-0.0137336412909245	-1.04699994878051	0.972682720262463
-1.08107254699483	0.0748508276307373	2.36277425528433
0.12000303317262	1.60668157749496	0.795382327935103
-1.58064273567226	-0.196821840926044	0.142745959371284
-1.39166507151	0.801134869335728	1.27760280625739
-0.23762397348988	0.67863358296523	0.0898686909497625
-0.600086795846813	-0.764832877211584	1.83424104591481
0.146090012727114	0.459279189357151	1.69825759696557
-1.23817318329555	0.982123236074836	2.48160219661914
-1.58026196715997	0.945503927690147	2.0273016778017
-2.21370634138638	0.471483559879753	1.5160078605607
-2.21370634138638	0.471483559879753	1.5160078605607
-0.853912713291819	-0.863481485530129	2.36714521865317
-1.24838711230508	0.692429928130301	2.61465520956838
0.795174141542823	0.744387604972298	2.09340360755803
-1.59367674477804	1.18050580954341	0.777178704660411
-1.68743697040103	-0.545275471507419	-0.233994442305281
0.571211533867534	-0.113675977961992	1.64227479191185
-0.552843579350964	0.540999706177932	1.24613506731871
-2.13049837962361	0.436607297131787	2.2539980877669
0.0302341317898161	0.610969422338025	1.82084775486432
-1.04027872475583	1.75533519478095	1.95483568987825
-1.39646064142201	0.421480738306002	0.904997683877152
-0.799065940716531	1.57224826848625	3.00849289897663
0.630992702258932	1.51126214766166	2.6972398555801
-0.355184527883885	1.65566356289847	1.64324252847969
-0.757432224344483	-0.116882185244532	-0.124169496509915
-0.215800365146027	0.44088311841648	0.311635206950977
-0.388679574564315	0.193744552076383	3.65317987186528
-2.61362397523731	1.42569349813342	2.80425284723702
-1.36974229553241	0.0982097169860915	3.64704681063195
-0.936021092103295	0.278287891466051	2.21982751509139
-0.165176523681201	0.0724166053004016	1.67403837897436
-1.06235251750201	0.0713629340699879	1.74598892625366
-1.40269931729386	1.03344157521222	1.96419412465032
-0.355890653585775	0.0186579464809709	2.00796334188884
-0.52728111163246	0.977765054132613	1.30635608188428
0.628512644785928	1.58033710692329	3.22568274250121
0.178359900310133	2.31194380226959	2.77557004941663
0.0797340985657356	1.64987508223634	1.98471867321397
-0.219736231239228	1.15111994730078	3.14151583105717
-1.60460192528196	2.57435105514608	2.59890309925709
0.359577015566343	1.76686302902273	2.3004897723108
-0.109933388981165	1.41839722379791	3.05056775998372
-1.070338642485	1.92716263762505	3.29898993788045
0.510841646553298	0.582441808977547	4.01989550492173
0.792287520386094	0.478685041764392	1.28170565013541
-0.34903678742073	0.30203883165275	3.99662160773421
-1.31710012074778	1.04374401347999	4.32071304281588
0.209428644267589	0.824000805704529	4.02810082208851
1.13356137686485	1.38532246930892	3.17409555821056
-0.804466020481278	1.09129912993756	3.4231024903642
0.341228954743157	1.85639350217325	2.50826436451294
-1.01077887991541	0.526629190268424	3.64978472246465
0.652812202840748	0.830572766836438	3.07161870351872
0.846045576197438	1.35507915431789	2.12761589049555
-0.889135960770394	2.10510504398708	2.55586402880472
-0.688661148608005	1.78708228638775	2.06818987902107
1.09325273969869	2.08314236435956	1.74863857570813
-0.267192417348181	1.3209179835497	2.68916247209592
1.33169639097612	1.57452693313075	1.72828294573909
0.196004106174676	1.46977740121725	3.23750100424538
0.577994146110904	2.24304239778649	2.94334620590775
1.3643119582027	2.05574677540549	2.04952502507399
0.084675654716794	2.11201111769365	2.74914475009533
0.614626565740047	1.46389361486365	3.64441507148679
0.957616572724567	0.970913063910697	2.89299916316255
-0.986643786790314	1.50818945990407	3.12934959303227
0.129190720462103	1.86562278407196	3.25591470115181
0.345551151767754	2.27175016935191	1.61373904829689
-0.64131394164691	1.67204122567966	3.34226060049136
-1.29617685549876	1.72536533106485	2.04702524132941
-0.186484997669235	1.29878270309959	2.02313490455083
-0.737932174805534	1.53200174022516	2.86827209531531
-0.505609584995726	2.25976724364903	1.69049705808649
-1.56783931722063	1.06377298909889	4.40143756922272
-1.57764652078125	1.12973319358773	1.96082873677993
-0.837926403334999	1.72392478565223	1.69171899563483
1.50782188138396	1.54072550815696	2.19298197686766
0.0924799920487925	1.47131147396975	2.30180929131536
-0.296708992208857	2.50450742206173	2.06723287613878
-0.921686246326346	1.06076110213945	4.65665925449642
-2.45541631658935	-0.311243295455447	2.66047348105844
-0.157200207733763	1.03120462470972	1.66375297910799
0.142287597097073	1.4940816019518	2.19808055978958
0.399569953677663	2.71946351138908	2.18545111096954
0.458436625885881	1.85869305129079	0.534447729797316
-1.37161879238436	1.33677663953637	2.28144545140414
0.0318091620450562	1.3045608283691	2.80768930011694
-0.0427625510372968	0.737215537811331	2.57829144033264
-0.0229678699954586	1.89568991477282	2.41125836492169
0.173289271300401	1.0766308313314	2.60366171165404
-0.265501414077944	0.853968917460043	2.69996412424058
0.371789151733384	1.37237403835445	3.48790050925351
-0.144810895167452	3.07424323309674	2.96043758006649
0.875570819165704	0.555097277996673	3.12156409964361
2.14141398158026	1.65908419599411	3.13477759119608
1.32361588859504	0.603997881679335	2.35506975833967
0.143192889434075	2.80259351154416	2.23574640552556
-1.42671625733665	1.34772254325689	2.53945367970075
-1.40842877061886	0.557868841373593	2.0855380930231
-2.67980881341174	1.06173214451211	1.1499685565764
-2.49696937650984	2.17622744288834	2.28569140545098
-2.03751724606719	0.202549720574731	2.37890852382795
-1.83761610149046	2.40658424927035	1.54890271818806
-2.09803302432899	-0.368394910485514	2.13020752237464
-0.819339253301255	-0.126079599484275	0.886741640347993
-2.82757264071236	2.43562035439495	2.21424439872376
-2.13315276742217	0.288515596720211	2.8175005486591
-1.1052403538476	-0.316767392809083	2.54034728611193
-0.0114667138291793	-0.521568076630626	1.32781988107816
-0.157627035056909	-1.56209729541298	2.23777677081894
-0.831621516693891	2.17939016658404	2.44551001558212
0.060516375550798	-0.164885668908768	2.89919732710489
-0.51302021436772	1.57541875324187	3.93796339902229
2.11497310207231	2.35313725822289	2.23754602627487
-1.19313269506818	1.70623313901168	3.34437410459237
-0.216076748423642	0.743107405104102	2.6340984995617
0.329823737445718	2.08023394336809	2.63029291748912
0.997691271268263	1.88445353270277	1.37232599612961
0.984897878077201	0.727973988974278	1.57221154614588
-1.38724754053485	1.10872192630729	2.4568047908555
-0.989862512028833	0.683436901978287	3.02120205193339
0.164175621722308	1.044617271398	1.78271406694755
-0.0677159630303695	-0.147993479163497	1.61249728701804
-0.867236357608618	2.64390226087228	2.27681329879956
-0.180569802611277	0.665211656517647	2.70539480734546
1.21206534961759	2.43601758459891	1.90584903112729
-0.368158321039088	1.26054451876276	2.58871024829534
0.320835898479487	2.38148956723565	1.81139167100115
0.666880608193971	1.7924148425903	2.34907004851492
-0.0350313062926951	2.01742347734188	1.45746800636337
-1.31641724889429	1.80783429456339	2.50057542925058
-1.9555280550379	3.00739127241348	4.0239950320393
-1.58123844066881	2.38725813446715	2.85508737849745
-2.1788575850456	0.928253725986038	2.54852732079731
-0.362958030176508	1.68097835244753	1.86570171498939
0.656402244972398	0.956568856920639	2.18048065086425
0.817668890400608	0.996336650167462	1.86431195955517
-0.439573358482315	0.773010550276876	2.66201721110737
-0.953742326303385	1.15746179562856	2.56579687155885
-0.428163765615918	0.213301177869411	2.15924563393181
-0.294641593272713	1.21794945860348	2.00237698379225
-0.606779551088556	1.67628426995276	1.52705633239349
-0.492886418186692	1.45276165562843	2.69655592112459
-1.27472949630126	0.636612830649654	2.72928513837607
0.144111005178684	0.368789680934294	1.47689894640742
-0.311466696380472	1.1391507339599	1.55476622804613
-0.501531550768182	1.93405612646198	2.43172608583842
-0.606535905627648	1.49917907751148	1.16981601020632
-0.423951286349038	2.77545966440461	1.18803341481128
0.692305466876143	1.89739831833585	2.88543721303076
-0.169665919244621	0.721069834953793	3.20565452560005
-0.55581301856274	0.963480658620802	1.3359337762621
-0.396235042888014	-0.0818075430108887	0.486299739185646
0.0524434889493077	2.2399943338113	0.891172659059505
0.0514898927937764	0.723073654124345	1.59900877336923
-0.209405518059392	-0.304618323903576	3.41879136018383
-1.83000207981956	1.33122682732616	2.78976807795491
-1.59552285584592	1.26117605167692	2.30709163861999
-0.446187479463333	0.966681640244701	2.87744457817583
0.547490350279916	0.936346332452828	2.2528852065218
1.02134182905751	0.891498712028138	1.81924546605137
-0.284371797053298	1.46344212778582	2.68736070920128
-0.372547213931329	0.924421510534815	2.8301878588761
-0.0221584829751895	0.665883824619344	2.01965458439894
-0.443453832655026	0.541087511859672	2.53255544114666
-1.07502326295978	1.23544690850138	2.23886379302992
-1.07502326295978	1.23544690850138	2.23886379302992
-0.0708565687662888	1.56762719564114	1.07563255256831
0.482262509050377	1.02282013135364	4.44195861600971
0.134170034268819	1.20765271634393	4.61954612899005
-0.0287083828824023	1.21041158135692	2.73536421816153
-0.884946359163066	1.16039996769275	2.94468843524019
-0.424058547671471	1.40084630761586	2.3315800930037
0.362462246643554	0.405702842922526	4.34212700935552
0.66876124081866	0.631914655971862	3.36200236000071
-0.792626893118504	0.00346156966481989	2.77682981978005
0.277852049189627	0.938089252415358	1.98714222097252
-0.168789588632089	0.0670072170683883	1.95368197710065
-0.452859391669043	0.721745602139697	1.59865292652492
0.79264028770365	-0.0378738013392881	3.01718948645308
0.32594003851498	0.123587461360735	2.25472399918222
-0.742493120147582	0.217441987261647	1.32409468301841
-1.60877406482141	1.43517307483004	2.33073860388393
-1.60691395119417	-0.349815666247171	1.62436758867617
0.639721325384742	0.0313225372023305	2.35075477875331
-0.185913816348073	0.878859005775804	1.50546825093561
0.948955258437237	1.57194103782241	1.29219408433773
-0.972471836043358	0.937231923332649	0.25882361516152
-2.29213302857824	1.36355950045319	1.26918981830518
-1.45595603168006	-1.05317272471232	1.61947957723833
-1.37180628242137	0.884080018847685	1.07618135063427
-0.658824210083476	1.12415769430732	1.125467084141
-0.708583591486761	-0.165237196689958	1.90187835864706
0.299689287585394	0.0902228607652685	1.20413882996325
0.49766620164441	0.693735996022314	1.43554755470585
0.372681533508519	1.50173779894543	1.0311716260682
-0.49076013097746	1.47939378113253	1.66283403728571
0.449730455101779	1.16688693382978	2.7341549860992
0.843057260434746	0.535036889412691	2.44101632989786
-1.34228134117485	1.11814843601921	1.57771222060195
-0.231264713425069	0.759220379026784	1.12718941847224
0.247835900873297	1.77679121966035	2.03960813528381
-1.26188145366136	-0.0968907246520593	2.52958784509568
-0.421988254395271	-0.143832483895055	2.67464471446872
-0.65724908199464	0.0837473739685385	2.72813893200221
0.160936202436724	1.51179704903308	4.19915950248952
0.940822483240963	0.578627642090198	2.86202711494561
-0.294122427311258	0.490795085118625	0.184334696939324
-1.0740862862985	-0.536358162201407	2.18867991774195
-0.122259699192066	0.59925181326485	0.642056772997116
-0.662049915213676	2.69427889462375	2.32113992420948
0.453984690251728	1.26247372009371	3.06219810801862
1.90035897576619	0.821835039095921	3.86659236933187
0.0508316059200228	1.42697355419259	2.37296574318428
0.344575603623195	1.64454045900985	2.2675591930611
-1.00808563835016	0.576173157038614	2.38609419925323
0.253562399497548	-0.417629110632299	2.92055489950172
0.874757468039523	2.05495535000795	2.58416755055474
0.628501043708511	1.05656787535939	3.49128196953361
-0.0141974219240136	0.381233029751922	0.884647744269459
-0.545837556240706	1.86469228608328	1.54735022310261
0.496231012194195	1.72357035154565	1.8308291366562
0.128487658638462	2.13146956942903	2.1738017910202
-1.8857410393189	2.10613369998227	2.73414898525492
-1.98466689724247	0.60497267342855	3.08140383609364
-0.178484898576267	0.949434776838681	1.58889470722079
-1.1269363875326	0.932345871472444	1.13987317258605
-1.07201107338173	1.78399584003206	2.07723221510141
-0.801062364639546	1.30582517126926	2.32464479814998
-0.284816174093224	-0.160883476332915	1.60180378972085
-0.292001770553615	2.06636421077159	2.33703456723906
-2.00252457637047	1.13598362550422	3.00782509067428
-2.17970828866692	0.835109876720548	2.93229359293979
-2.35805557403964	0.68411999584443	2.83328241811092
0.472541418770588	1.23858422947961	1.47571028427581
0.110946512168305	2.06379296447045	2.01584396054442
-0.00623053042793985	1.60465605340897	1.42892071059763
-0.244734757779276	1.36056061115586	3.21296960023581
-0.214305363173299	1.40854503283849	2.05801558755269
-0.250683145941474	0.614140361005807	3.57002525464157
0.77221051979115	1.60275196996511	2.17230710309393
-0.289982362224473	1.30112756454015	0.820371228419431
-0.646013663024302	1.45242973071921	2.84852395447501
-0.498186299779475	1.52333954512163	3.61848955906374
-0.183455431203085	3.03761909192064	2.84230501157462
0.189801861470101	1.34377474784069	2.64542473874555
-0.0471971158939361	1.09122276494345	2.00715948132251
-0.399649767897544	1.38829332542326	2.90613285812087
-0.971270745687161	0.104791786157408	3.34143617626822
-0.228082540880878	0.849019609337854	0.416811294691343
-0.252174713444064	-0.370491309742525	0.650156806505761
-1.24124189760234	0.352181247015106	0.350807621622943
-0.283557254884281	1.76879596202584	1.92103474266212
-1.37320536993923	3.61001751794265	2.16917813054975
-0.24983073996964	2.18303617898216	2.68854102546324
0.412263930544455	0.513236116360519	2.59406908247795
-1.01716527195564	1.97448598317029	2.52865555238331
-0.482071536610195	0.37036811412626	1.32820870805753
-1.21351543279763	-0.216298961867408	2.18659120069919
-0.724238250944701	0.930856914368862	1.76370524951146
-0.358890258958398	1.38081061215005	1.57279704245644
-0.264627630716831	1.76550478928928	1.63075863626319
-1.89213348695104	-0.327150174695854	2.05575332719314
-1.40425861809538	0.393903178650151	2.35491437798556
-0.7487348285094	-0.896222731371992	2.66235578593878
-0.305982624846878	0.685412379616892	1.96013560823886
-1.27048095036411	0.845089180266342	0.968791804552614
-0.430823525333811	1.22214433596829	0.774692674734814
-1.40825835536167	1.55788051170948	1.44324455909179
-1.56068148642113	0.936792014273306	3.55985564284657
-1.08438211980391	2.13494388464611	3.32920394779703
-2.25307257284625	1.01352283694116	3.56222683095305
-2.2160034279931	0.032766321929266	2.74288284029252
-0.729626547557086	0.814525583027748	1.74759394739994
-1.39919182561921	-1.02458149370313	1.52249770880611
-0.957479076219246	0.456440696694682	1.11628431804661
-0.572630045942032	0.839624555681252	1.40573365758912
-0.863630844414607	0.553125988187033	2.29856937819088
-0.915082802887959	1.78183131111704	2.54671993712383
-0.0973312738265791	0.667349355269511	1.69784520304316
-1.20227815991695	1.16381768415511	-0.49474006391329
-1.68524417853825	1.30793543943307	0.403954737979221
-0.670722234263053	0.962598671470611	-0.852307856577127
-0.831798303126573	0.320781295993192	-0.531141413730209
-1.05340900440564	0.794957458589031	-0.662752111202791
-0.786820963415198	0.303990217180125	1.00275464186334
-0.75724974239205	1.09261337582235	1.31571699563639
-0.815258274714013	0.458973131328165	2.77320028149681
-0.0320758378531441	0.908633589123393	2.32081033607664
0.717530749873595	0.62468396313404	3.66466658493124
0.340693099429445	1.31291748488266	3.30520693881505
0.323490613843512	0.231497145672315	2.19631627669372
0.493553457100751	0.851380832516717	2.00059013022028
-0.845955354008838	0.656979325617909	2.12255424543096
0.254520980281659	1.75326336924471	2.2260409787075
0.158362389366343	0.962811412639758	3.15626058361052
-1.30987351555269	0.528048712968313	2.35719968015837
-1.08969016841417	0.745889324113057	1.30623051558122
0.290859220538727	1.19223476810238	1.63773862167963
0.17181633752117	-1.4898225342562	1.38614475008574
-0.163248198029813	1.30731850061634	1.60480519765758
-0.965551539082614	1.98710136159087	0.861703469947953
-0.877132636205933	0.531960625355931	1.04355679447342
-1.11352784934957	0.0244741097507393	1.64286916783889
-1.06632138848348	0.245630708160686	2.06069341781589
-1.06632138848348	0.245630708160686	2.06069341781589
-1.95142743444023	1.51388996435087	3.14130342716846
-0.56801504810449	0.571552778557103	1.51602245130721
-0.186016775046949	-0.869185564344076	0.932765254735013
-0.760211974431046	0.549716621085999	1.14809849412672
-0.0465215001779148	1.53139546845818	0.172093532155284
-0.448345521417698	2.41616330495486	2.33560982817799
-1.48814388654785	2.52412426276282	2.60302407051959
-0.984190615553514	2.79911847401509	2.65949735049672
-0.0101224966979076	1.41378307433443	1.63528334276448
-1.30912725279242	0.987448020296567	2.42144385999282
-1.30912725279242	0.987448020296567	2.42144385999282
-0.937625622908679	0.541717447723747	2.9305593668842
-0.638070646362836	1.05392049610172	2.32026052073029
-0.723038334860862	1.08078707268846	1.77797227943417
-0.755854197646154	1.52364518535356	1.98342943845934
-1.28424729680367	0.193277135702792	2.66084279607759
-0.239212383946139	1.27000365236117	2.10927999691699
-1.27049220674947	0.779266710449189	0.0250013877708962
-0.47273931914598	0.166683625142645	0.760523152541625
-1.20237550013783	1.6349015926634	2.08454073100266
-1.19808436933009	1.84026425553113	1.39065709128865
-0.492871291254126	0.0639703955722437	3.3526432543734
-0.0268823478194642	1.13012509223517	3.39643537265643
-1.04133916219321	0.141686458067723	3.50840544523353
-0.595822052250269	0.199543099627102	3.20433531649176
0.57358041191856	1.13503174153689	3.15073690335992
-1.36501142334661	0.920790984020066	4.00748095294962
1.05242957968295	-0.0445834534322583	3.49200956272683
-0.164145261467862	0.637015583225107	2.19668715935945
-0.61669673825764	0.881953801563157	1.71097792764379
-0.609294705704504	1.32670322170805	3.62120228363126
1.0296721633954	0.0827982905303368	3.93039388981527
-0.436839833716027	0.0392808123881629	4.00585227021439
-1.88850132980826	0.551646731770215	2.58585072763507
-1.14869705221261	1.33527560255595	3.85969044318337
-0.50588419538879	0.490275133245943	3.59761405147363
-0.807171010960709	0.373140570249167	2.66292022566871
-0.530566750564276	0.659645944823462	3.05386627918522
-1.61061370957008	0.724609735579124	2.75794203493528
-0.240781646939477	1.30841972055543	1.26028146483286
-0.914185850677188	-0.101928177696658	2.63789573084949
-0.74988451695845	1.12406817572882	1.61367809670829
-0.940871215056942	0.841212626268219	3.25874586555301
-1.21598214233926	0.53501495769571	2.01510519505128
-2.65523236383756	0.238338231140528	3.96376672821499
-0.733802822187169	0.152613222550184	3.64558659077766
0.446494074005169	0.762711684332056	2.20542149737567
-0.140221540254944	-0.352810078155162	0.207814839013784
-0.672101522764717	-0.214053651475994	1.30776721060365
-1.75408955884622	-0.10444751994218	2.4550728066611
-0.291659298270018	-0.111014370381154	0.83624096440905
-0.8964548808018	1.31568111176897	3.4077172773628
-1.55116402177585	-0.340976004542023	2.49103132943406
-1.31603704579869	-0.234161719102239	3.56988377836746
-1.04476938647878	0.857155138496762	1.86400619708701
-1.4974628962453	1.32887854918543	1.28940402924138
-0.430960735827106	0.251276589799581	1.06601693141777
-0.442229787875635	0.42505357483749	2.53949842219261
-0.828185417079462	0.997665534689077	2.37766771999784
-0.195821504989474	0.681731124268531	0.747197860050614
-1.11760989563203	1.57537726883036	0.588819933905755
-0.922574928002647	0.790047229324423	1.54953941403006
-1.29620035783365	0.311657411390472	2.19033179267199
-1.28264742894926	-0.304310989002163	2.23619687506753
-1.14473073369589	0.851977419375596	1.52881139639885
-0.0362719056315199	0.0834562943590571	2.42070715145718
-0.883849894623223	-0.190373316207903	1.2491986282142
-0.524365966616836	0.199060380123657	1.06655705120358
-0.331164215725743	0.7995878416957	1.56256836424352
-1.66697297768122	2.0619247715241	1.0892913739296
-1.02476454864359	-0.170166208638815	1.81017656061982
-1.53839268588705	-0.205964600312165	2.6617893691554
-0.35376347267915	0.533694330963071	2.40298266833727
-0.454859079684578	2.04623916874057	1.34613982032556
-1.11303729871047	3.04661221529107	1.39510633194624
-1.75920662909603	1.83583616846695	3.51510624363899
-1.46921701111688	0.363893166894302	2.95478393522045
-1.17346306660645	1.63041803508547	3.66990034498326
-0.709042231923784	0.76229391392989	4.38813439579056
-0.631177052282021	0.844749918629712	3.10502257554101
0.41324035096457	0.509809715324213	1.94084918150211
-1.181472982253	0.907367299597779	1.30918696656976
0.200358406028152	1.37436654013663	2.0661585028965
-1.46506778591778	0.679757688523481	2.27826224641011
-0.839940815352533	0.643125179675873	1.77917970126716
-0.601489821054795	1.50719534624766	2.59822369516623
-1.14902255151117	0.769400956075613	2.54496670242997
-1.44613016924954	0.846429437815248	0.824224758511316
-1.48221781782324	0.660118160490401	0.614153688587772
0.33135709207899	1.52219791049106	0.318092385955829
0.418194155103463	1.77890435835801	2.02291804664977
1.29295027601512	0.45768944218188	1.69273159531353
-1.56721615649199	2.03545916147845	0.498613952091004
-1.19877490566585	0.577201306405053	0.868291572190074
0.104287124275281	2.22894165156747	1.62761813757211
-1.57284724640836	0.36214264846601	1.35157426059856
-0.793574439474189	0.929238927278338	1.315119482506
-1.95653779710967	0.293068818114698	-0.104267973424127
-2.8800612853999	0.513062805241754	0.62830002618838
-1.61779133433364	1.27541957680234	0.0540091638252995
-1.40709848954407	0.483583716104123	0.704810220034853
0.400901992683141	0.778019043838765	1.09475110854716
-2.37948182133251	0.575896185278039	2.28041623765237
-0.872053023133162	2.02412084023733	0.8515764992656
-0.316126884113485	-0.342426293251324	1.50356589625969
0.272426769404129	0.403345100204414	1.12772232639749
0.681120946433551	-0.945494074266657	2.60437582644647
-0.74079147583363	1.70853597135753	2.9036913422809
-0.929496655404575	1.13709364692134	1.87579291446861
-1.27270569050525	-0.336773461403541	2.34692846186706
0.932920420720611	0.441604628152092	0.890825132793076
0.3730667024512	2.39193250554834	1.42007545259833
-0.327982925907224	0.409869357926884	1.46566098073516
-0.54503407813587	0.931964792240056	2.36893138391886
-0.279208528772179	0.744994095093603	2.55906457866071
0.159827518349022	1.31726867056521	2.43373390901331
0.42388551336023	-0.59040694494787	1.301866245234
-1.92988038499231	1.31821091076157	0.624561759617718
-0.740994061601505	0.65167443221352	1.39401477058437
-1.09008706958725	1.84798148642616	2.22951339807672
-0.886441576705215	3.4327201119563	3.2600192657407
2.03696344594814	2.30126186237765	2.61577299733391
0.0543422245303159	0.823474267841645	2.39784075192438
-1.10184122850384	1.36251436101176	1.30146251094928
1.29981358311198	1.65979145728126	1.62566995388307
0.579118033407724	2.50922714863369	2.66208097190164
-0.697634453627639	2.23508670025188	2.89636997193675
-0.784106766593032	0.94487011177429	3.50114487514474
0.828688852559317	1.95530145304303	0.633212615858291
-0.949133795168411	1.23242279540043	2.54018324478573
0.25813248504094	1.04545146932973	1.6568336927901
-1.56958767256667	0.989540309472557	2.68902387181281
0.424064187439018	2.03695590267277	1.91670826985693
0.37965453762368	1.03359581376411	2.52327038713344
-1.14742501428791	3.32015712822207	3.11761084828344
-0.819346688805485	1.23589646585125	2.99099911997808
1.55116578457931	1.34511284645077	1.220192668613
-0.0664805032573008	-0.931753580700947	0.359182292732373
-0.99887273172459	0.0452692685934026	0.531652482444526
-1.0200819874648	-2.10151148530839	2.70093479851326
0.702778156108669	-1.2657499970133	1.84511842526796
0.721078027310762	1.15571918584484	2.06481126023681
0.843478000993024	2.10804298144977	1.57475122810177
1.20972176809059	2.26917099560549	2.38876765938431
0.736325181814598	-0.960636623989043	2.03240597395823
-0.414770639710034	2.21873210714146	1.94021959278393
-0.620274299382875	2.73665824815634	3.20879924136451
-0.821033602086422	1.48165083756684	2.63501669867784
-1.10839180588183	-0.0632280480419241	2.9495116216709
-0.413521379779771	-0.189612941709512	2.06709786966616
-0.377784488912105	-1.25241573987487	2.30306520573852
-0.324981621007998	0.107201363713019	3.19729847508409
0.118832161624842	-0.578307298403139	2.57406084536253
0.634542289332018	0.506349394753462	0.936516520329263
1.94195797765047	-0.171812239574011	1.0613182390257
0.81153437037441	-1.41793050919008	2.13991726896708
-0.365657114594486	-0.332828846110562	2.09279734782156
0.0965735410099668	0.0476818073197061	1.41990090656092
-0.296810010702584	-2.50481858063255	2.02552095820681
-2.16679794941599	-0.0322326407171567	2.13348153471319
-1.37625572020961	-2.06367957508245	1.48063755516772
-0.0673052027042398	-3.07462892997361	0.860503974325894
-0.0983554853517479	-0.755141119655117	2.0987247201011
-0.45478997782655	1.75603018166108	2.68617932702442
-1.28927623932374	1.9996990798163	2.24643704430209
-0.712291483077434	-0.665475042309411	2.07104761878594
-1.13562604023469	0.441647398420793	1.65313061865322
-0.962005653913201	-1.03921831682338	1.29265006439896
-1.29497919726902	-0.932510053774495	0.196356506184512
-1.2413468954643	0.622231130124838	2.85676783795376
-0.639469738691272	0.112575304702509	3.13511069330913
-0.798613557765897	-0.448057566640176	2.54554512174452
-0.945166904095644	-2.00134422561192	1.53863034739201
-1.21917288647108	0.679038797215588	1.10803723963257
-1.41891483624356	2.12434818689145	3.06232332940515
-0.0487908367271653	3.36696438742196	1.72383751749404
-0.756432646901694	1.07415657392044	3.48246342933335
-2.92802877578748	1.50059654990983	2.25500748597289
0.931789709745362	1.66692218195399	2.06757562359987
-0.676642523127659	0.272147338021248	2.98282279843419
-0.962621693025563	1.96022851521225	2.43144196123087
-0.666302463392726	0.571421073958092	1.85834676819905
-1.43648073549529	1.37004439684269	3.13034203379417
0.258365160158469	-0.267926135569677	0.881003907137074
-0.827992952261715	0.050628729460947	-0.119294439862255
-1.02693618460673	2.53161477073041	2.50108946838388
-0.0382763413110262	0.110134687643408	3.3801996963509
1.22169264027514	-0.714935482505932	2.74894565661333
0.805891189350031	2.29054238173497	2.63976397279411
0.098753411374252	2.24748155828178	3.07593407954885
-0.1568122642364	3.11784018286546	2.35781148188488
-0.0305479927175321	0.651024224689377	3.1433935116226
0.937351389459639	1.78327605373259	2.71379705892354
0.34362441793952	1.2978366589674	2.58491496056936
-2.48321813726543	0.0072575120783209	2.0018310997068
-1.55024327949872	-1.60190632609897	0.850595801973719
-1.42270253438536	2.4640785140912	1.82324140492216
1.12450038391854	1.74884077973526	1.76141635109456
-0.236927908800265	1.8459850342176	3.23960598175745
-0.628916555034088	3.18579805643743	1.5109008936405
-0.445332201423081	-0.134057808413786	2.33951968902189
2.45831024394517	0.988984407828299	1.89020141789583
1.9768644970511	1.942270609377	2.02907619140927
-0.388190549465262	3.37239302268449	1.56520562214594
-2.09141043309691	0.0394033552515254	3.05887280437208
-0.156394127672006	0.847606171846756	2.1569476776383
0.999776495142886	-2.59509616256114	1.83948275058139
2.1290547067905	0.0502616332268976	2.4332960654048
0.687506285894362	1.98204194483925	2.19488678334667
0.369251613595915	0.961429300583104	1.10645615604047
-0.417634247998417	-0.714810713999208	2.81966350008918
-1.42017954312542	0.786673556321148	2.84229898188676
0.141001904654162	1.97438342366934	2.29390798920482
0.834116677998056	0.462788610356379	2.55708349657185
1.90408124938966	1.7481979253695	3.50866864869195
-0.446362859982708	0.824072589133286	2.74894841832359
0.604651508268117	2.13814936607505	0.750844993382743
-1.13011357404166	1.42976565885008	1.73184528672148
-0.604764266141805	0.816504545514337	2.57105558244257
0.769898870752948	2.07821815542884	3.68538781291342
1.33793514954899	-0.240577110103059	2.73769437433455
-0.518166861829222	0.686741944176072	2.93165852650118
-0.0159305698199856	0.152934506275322	3.0606618901786
-0.546339558654242	0.219098221248243	2.76478014720737
0.366352049669957	0.0437207294799731	2.52345663092195
-1.49968158238933	1.7549347288851	2.28844890937647
-1.08136012901596	1.46831943509282	1.8763132091175
-1.665118212202	1.80476156034061	0.727029603928231
0.512853368709587	1.16886452301631	3.07061133304466
0.764482802143392	1.65985672529459	1.66586241003665
-0.50845278604695	0.862844918740599	0.964216122759342
0.449410320747251	2.63642763585482	2.56730722872367
-0.95283219068818	2.33890493562711	2.99164287788508
0.566412295468727	1.1000276404284	1.57678348850108
-1.81845310968068	1.16265826250978	3.01618981593607
0.340524732421861	0.391457307185432	2.67720170949517
0.633285426526489	0.375627927686004	2.11211282405895
0.374693065174517	-0.412966539782628	2.45499994287621
0.275377260281478	1.67351505256931	3.81447065238109
-0.830171276070005	1.1309036097239	3.69124473711151
-0.630855164589258	2.21014267841098	2.77661513675115
-0.0235826393764453	-0.528277683077614	3.03904309743679
-0.889711103181973	-1.03415347030085	4.95305372141186
-0.953907506974466	1.83173884778263	2.51043665371166
-1.22099439822499	2.03141533715114	3.91758829305096
-0.276857661027131	1.26826179164336	3.72033436952732
-1.14472763151623	-0.805823959899941	4.03958676557834
-1.63712412123484	-0.69298022610463	4.01292481024936
-0.314045274301486	3.44449557138177	3.24301102552402
0.493091532133136	-0.883785652202168	3.20510805170725
-0.300906042395555	-1.79535629213464	3.2698134021172
-0.698458597793946	-1.53383123205917	4.48157967583013
-1.61198062622862	0.283568145741805	3.33270159320587
-0.805288413482514	0.437564187341924	2.68726896705895
-0.164554205992571	0.121961284507518	2.79986303156663
-1.17259997225881	-0.2553102600835	1.83750770101979
-0.720125578365625	1.22258654479582	0.323263372061429
-1.37576531381859	-0.972508839162437	1.07540804517421
-1.19972400445898	1.02024662457583	2.73861528530813
-1.04632513294666	0.384712612844178	3.43741307374984
-2.90888798031309	-0.123182391889849	3.77289338080398
-1.1868435170797	-2.12089951890652	1.4649708992891
-3.35302288001547	-0.693930258151665	1.58707637189751
-2.07867031919751	0.567903891974892	0.41175317577457
-2.10426018451235	1.11015875647411	2.7165890653059
-0.589468528042966	1.27439365627861	3.33435144498148
0.334658214425623	0.966247078564131	0.55387863383559
-0.357113753752563	0.975355920942874	0.892187406630004
-0.586305601059259	-0.668909395412646	2.12049294995169
-0.607683049199687	0.425204694748474	1.97346307996881
-1.41382770621564	1.59099699358688	2.13257485868776
-0.751751763529086	0.452076087610414	0.250039624035605
-2.74895537356171	0.739129272364301	1.64043115511822
-1.50799714631353	-0.00019846395005052	0.188768734055534
-1.56579373283019	-0.130998344655005	1.26364162501022
-1.11679657870226	-0.588125399598983	1.527399260821
-1.6056189303452	1.40919718016207	1.39869953395318
0.455458517380068	-1.58937790438739	1.14708609809492
-1.97761828113039	-0.00309613258694008	2.47787687837244
-1.69684783590794	-0.0583750227976911	3.03236572720682
-0.4969091687339	-0.281726712603814	2.58895097866807
-1.69057920849895	1.41755851214948	1.76679402084529
-1.11384101256597	1.39630155769728	2.19404524328545
-0.390152823213377	0.642414808857311	1.23376529851982
-0.198424731012708	-0.175495742430274	1.66488284573688
-1.91037139057863	1.6155265039993	1.71503136864406
-0.28767546957606	0.93521957085841	2.80971132143073
-0.343599779245609	0.97353802866195	3.89231649004296
0.388911687092805	1.78724068804817	1.94407136421964
-0.382387044471611	-0.139930510220511	1.21639235654631
0.975462959682484	1.47892782426747	1.23470455281475
0.105502126938422	1.88009844458515	2.51990700402687
1.04304944289494	-0.293356313579506	3.25735351677537
-0.632683657707062	-0.769543805350757	2.21687007886043
0.0743452045348424	-0.236841191182657	0.131764432872714
-0.633472046291441	1.1613704581056	0.664232504341872
0.767088534154316	0.138700329688894	2.21295099166184
-1.49178625069323	-0.595700559768345	2.53166557725737
-2.01872870736105	-0.750239994619637	0.166197104417596
-2.58402202879895	-0.14998365126042	1.04778563559976
-2.31680775571054	0.480748511271047	1.56460992809144
0.309737649759134	0.968355246279988	2.85065523624039
-0.982117563817604	-0.359403810764924	2.16782768014047
-1.12638135487	0.715763148316795	2.16398962552382
-0.470615968837478	0.498329744438241	1.0308554513985
0.0258180480800105	-0.443708444764679	2.47670352987336
-0.604209384640931	0.361751768524449	2.31155799630688
-0.703332917457654	0.64779019428372	2.00735086360401
-1.18423966058461	1.05342951591373	1.67738909531878
-1.24688122616358	0.0964852015502677	2.1689726865339
-0.101721765509071	0.687897085301032	1.07213169255631
-0.592011496947911	0.353817395537936	1.63600280745659
-1.27049452337048	1.16766818828433	2.63620136593542
-1.52321502720149	-0.565415802367713	2.86479791574577
0.582675343813264	0.221928347724168	2.64088587257557
-1.25022912841771	0.490326560902264	2.28847186554976
-0.269754419291566	1.24460026805261	1.55430986857091
-0.552930968352949	0.125393221029031	1.8958866166383
-0.726526802417918	1.10128522609108	2.73477014073882
-0.602608320480933	0.586388134696026	1.30718173496545
-1.14495211648144	1.88199529570139	2.55356169411234
-0.653502775092797	1.33372332926784	2.25765725217525
-0.317602514178211	-0.842716240682245	0.851228866510266
-1.2669168390944	0.395515244592503	1.17161986305332
-1.1072731089022	1.33029686808333	1.88660342571021
-1.11367995287046	0.163873297094178	2.69253320715781
0.587434947966698	0.928451131262778	2.48397666799344
0.858705514226336	1.03454613771238	1.60754581898918
1.09086163901307	-0.132982226204713	1.9067464617367
-1.13172503480694	-0.254054497400268	3.37755523906163
0.37540578607	-1.08883304725757	3.24664599215765
0.325092397840671	1.29401158858521	2.99932053060845
-3.45363399156779	-0.0654022935644156	2.34958868588219
-2.91677903400944	-0.792457945461575	1.70041914145836
-3.96687602383106	2.68259502418746	1.12730234358658
-1.63419299837003	1.13994325522436	2.08812366572676
-0.287150824203317	0.939682163239308	1.97727568359913
-0.549500120002145	1.53573561539553	1.96241479787926
-2.18335390580123	0.245669430639936	2.65881901795022
-0.0914120545338866	0.672504272296223	1.34276933838862
-0.0991176981351363	0.0673445082153282	2.30191524304855
-1.21921955611246	-0.409632564874141	2.21510645050678
-0.74132645095928	0.0938804169056763	2.26994790522712
-0.714905854369678	-0.16774563060186	1.9871060466791
-0.51884537142361	1.76006703805192	1.14790924066711
-0.812723224044792	0.0825920743378994	2.2993908275817
0.365028108950791	0.106551706086527	1.96077958095683
-2.04469242273569	1.44864812196341	2.90786455061531
-3.13763601807959	0.532293324066343	1.14611594620235
-1.22226458891456	1.32693147493758	2.37805840678171
-2.53390033571081	1.25073910330629	2.61272180960449
-1.47392216054708	-0.616014264235863	0.756636738674424
-1.55800776594911	1.97340928584045	1.04762216160975
-1.45416602654236	1.62131092615053	1.76971450377141
-0.415710151306293	0.331252303519122	1.02392657172731
-2.19261136883332	0.566531161074631	1.8080169762665
-1.85374080791353	0.280197062712346	2.84782128055257
-1.28430679634999	0.628893806961142	1.19257746040882
-0.155382153209365	0.1629884913751	2.08641126461313
-0.0169496917687855	-0.597979816962604	1.72246026282484
0.67723011293104	-0.0435288046485056	1.42145778510457
0.496115792880883	0.65054874731331	2.2793335475481
-2.13729622963384	1.30506867085944	2.61117360186338
-3.93706747668238	1.62444983374268	1.88676562974887
-1.90347668081977	1.1943202334234	1.53172316106469
-1.06724642435978	-0.0430883790110408	1.83160850241944
-1.10847099953099	0.963964899460885	1.75582275491656
0.227033962536659	1.15442183425952	1.51911533917062
-1.1652663316192	-0.301280177530855	1.63828126073493
-1.40059915951026	0.409272635816837	1.48338554976398
-1.22977704371449	1.19784607574989	2.00752506520793
-0.904563011729976	0.3945279789512	2.13654596413065
-0.280585238520777	1.12783245220808	2.41012522321089
0.153729978113284	2.21400669296084	1.15480078941304
-1.27007608056005	0.315149431163533	2.11632164122519
-0.154825341356859	1.0377613158273	1.44937879508662
-0.382838613658697	0.582720096547647	1.29381624473756
-1.19094964198786	0.632609524943236	1.15283096637737
-1.64656199296567	2.1406880995484	1.93389380526855
0.336983738680217	0.331109316843123	2.14772398354789
-1.14612494170155	0.971186749500348	1.36116477751471
-1.35414628338666	0.535729338997569	1.9294433299721
-2.03120230766848	0.370413500229107	1.89837713966773
-0.936657448440859	1.22316313127554	1.44437877839546
-0.267186970752202	-0.128571886735699	2.63841912331957
-0.62849876985682	2.40882184287156	1.62245123084988
-1.48032928111361	1.79409707369867	1.55270394204873
-0.161450088557801	1.25792780376124	2.29509322828879
-0.030638761556063	1.49376748454008	2.28969763498972
-0.17445238984521	1.62206787297416	2.00742435663817
-0.0836828846923519	1.45321921404657	1.55561869344955
-0.257031615482918	0.859856019463414	2.2039413060531
-0.25427062926683	-0.00668451314261476	2.43921038568064
-2.04528889127055	0.868482491297646	2.21164522857797
-2.83591446063167	0.511296473575651	1.53898527359653
-3.25322809508691	0.836969973042352	1.48795878360209
-1.54237166747675	2.62929261573746	2.5569341736741
-1.48073990865132	-0.0591339112905889	2.34306203084242
-1.71353648547143	-0.198547744505684	1.72927855382327
-0.79061691315327	2.14509074222997	2.56056100357325
0.141081995420278	1.95611676976915	0.719825917755511
-1.58978692867911	2.18827061307965	1.74858559802333
-2.48529049702667	-0.763876450883798	2.8645450333308
0.26250565143743	0.0895332967930981	0.91494213913817
-0.42535363094724	1.03694387145763	2.43058140201058
0.877312208508583	0.503596789293492	2.86177816761567
0.768415583732188	1.32018108640574	2.09420711941125
0.978575615310523	0.721640605657072	2.86300908900391
0.425493252479298	1.41197758327234	1.78798935937956
-0.478303064442468	0.50146468160229	2.58545588296454
-1.1769428443185	1.32401770660805	2.90500014520873
-0.731249063199379	0.41946934630352	3.10425996358589
0.0115933742093694	1.98055384574527	1.90620628325109
0.646841343081426	-0.345831871064765	1.20525790776817
-0.991480681819373	-2.53034743057866	2.4741010497553
0.172277342915963	-1.72830958432841	3.23068974630694
-2.21221813694367	0.557338970898794	3.66431518201281
-1.38853694516755	0.0362246542832061	1.34441353213966
-0.305176437251239	2.1917335169539	0.864832552252701
-0.625142203099029	1.38365875648874	2.07477931456243
-0.296295785127039	0.026251673544879	0.821891850292125
0.0307901640899688	-0.663330208380872	2.95993873738107
0.409766243304899	0.0201683193858551	4.21563995367165
-0.845821772128516	-0.302140275242431	3.83257189748375
-0.91560011479717	-0.897552924293404	3.31097287840419
-1.09819838526884	-0.423484934856597	1.5264470266591
-0.638934096735149	0.963433482973347	0.517341590492752
-1.03410223545383	2.78179066678441	1.11287065884374
-0.156279959288084	2.82054985917018	0.507443363376118
-1.58326947214432	1.485565787492	1.29629142470251
-0.336328192137622	-0.825025664565326	1.06396035183069
-0.854036305587546	1.55303469746432	1.90272946182822
-1.06375227843036	3.58434633017768	0.338111390080079
-0.365420843073723	-0.527252573654919	-0.569970366696839
-1.22706698686284	-1.10607360460176	0.412558607181688
-1.71077890308781	2.59216319400482	0.715398981109653
-1.61182138644515	0.85422978855556	1.87805874336286
-0.776748827030031	-0.608999097940725	-0.365401737099774
-0.922656963709733	-0.28000480734315	0.52284220783152
0.37814733368241	-0.76628099936482	2.90373973049324
-0.89479331304463	0.720496496129482	-0.816265929986776
-1.48198549539394	0.999400342590247	-0.618096807781188
-0.892273375423656	1.38442708578547	2.31304101476194
-0.968724772659893	0.785852240164093	2.74184970986122
-0.520716658163162	1.44816790723258	2.74827230809925
-2.16454167155547	-0.080043706042148	3.34223701824835
-1.98325601962636	0.486436873819674	2.09179260712273
-0.876344428773822	0.318757109029592	2.77045241527535
-0.118213082462345	-0.0676228453343639	1.277720452109
-0.734353770280254	-0.306560316414068	0.0527262464966488
-0.647826036648181	0.651990263617336	1.18269159731456
-0.580762494463482	1.27775653267416	1.25782803343621
-0.103309458084112	1.58097127226435	3.41963552066778
-0.778576886979897	2.18904769213349	2.54612695583594
-1.23739054463265	1.38827796017729	2.28363994617947
-0.112583375509991	0.780169865152339	2.35038769093784
-0.392752873587964	1.48803674562141	3.60340072132626
0.12552517769874	1.28449619076127	3.46544160299893
-0.189767321409485	0.41667816206133	1.68327511509537
-1.43432035933062	0.296252586679211	2.6811709029688
-0.269043344545123	-0.298577037597359	2.23015095318227
-0.60285053484222	1.75454956241373	3.23438652253357
-0.17272776277653	0.44687684716549	3.09609493508744
-0.0633115702504503	0.123984844531178	2.15416106231577
-0.681293956626316	1.36729940691022	1.53216465612074
-0.831447102564369	0.895954190045566	2.82015486762613
-0.0281979809745289	0.588425430731862	2.00045101355888
-0.458765955228403	0.91135764387555	2.13594251440383
-0.458765955228403	0.91135764387555	2.13594251440383
-0.121103995457563	0.650007632000554	2.20051488156798
-1.15820210644417	1.45604450662587	1.51072988703754
-0.850696389464319	0.681650708655922	1.03636371472507
-0.978865035433428	0.561370345019357	2.19017542223914
-0.411884322661066	0.079175328015906	2.89472541989908
-0.196053606745683	1.24485587438126	2.49253150578917
-1.01990338744295	0.944309470220959	2.68011337939085
-0.873414515844058	1.24127670933391	1.67889664053215
-0.787147651962472	-0.112620181871403	2.0237879801624
-0.652223242337672	1.3085922115115	1.35278951870093
-1.17993709003489	1.28277360901242	1.6365478774166
-1.01850816176655	-0.125522077284347	0.645550271950474
-0.924030205708246	-0.628478255051936	1.27120905614992
0.63351070811652	0.828582392748678	2.99062883779724
0.910108127273227	-0.440294184939161	2.6746063916234
-0.372801954906755	1.53482121391434	2.01627095296772
0.154329843520628	0.426057888204002	2.63731274059577
-0.565868958317427	0.693366069655496	2.50010408168413
-0.719473963163467	0.794797689097573	1.53863627757501
-0.270944591499958	0.0311265671504516	0.00512240015115911
-0.947352636358801	0.154429847205344	1.1946113700846
-1.55025642002609	0.865775405767917	2.07470793406967
-0.862330872711105	1.08112709398186	1.40389527591067
-0.906501379718019	0.0437633004632588	0.652280916817819
0.0874093153504671	-0.807382527571156	1.48744965025741
-1.8757919814328	1.19587618497346	3.4210869884667
-0.661544792796453	0.408338116941607	3.35555551148686
-0.768585861733943	1.39188826537668	2.00694970040609
-1.66806305063927	0.530030926049836	0.625849713079948
-1.85635613944296	0.521227952206018	0.0853165144450455
-1.59612378959905	0.521382029266267	0.885980958118624
-1.88681308093172	1.42178394658216	1.31579382842054
-3.85645768030489	-0.164044783111388	0.932003731404929
-0.839502342830387	-1.23186000135609	2.78831047226015
0.343974948250056	0.771422459569692	1.94550743210848
0.464684154648587	0.184409311515047	2.34134449670405
-0.422134881084132	-1.09678108613209	2.01129149269547
-1.57814083594157	-1.41334945936035	1.44020243580169
-1.26345170878687	1.83707989756467	1.43904371291097
-1.84434181705348	1.04832396518015	3.1608257100855
0.142142709809828	0.586617558811808	1.11350968089148
-0.866283141638496	1.57428775095357	2.70093500483642
-0.620411322530098	1.01152174903648	2.43122555823227
0.2227912910837	-0.171898325022983	1.91585439486163
0.22939354308941	0.785886781663281	4.10426732101453
0.445408427581854	-0.590006545148455	2.08981186067987
-0.825427750544262	-0.957589345438158	1.77022938495496
-1.36614507107823	0.563884920150759	3.26128989241609
-1.57669299840936	-2.16832857779957	2.84628515722562
-1.77912995866713	-2.00481995070715	2.92159771404021
-1.75435964663028	-0.914001221903235	2.72817160488985
-2.28681139606163	1.09982239050539	1.85615871629432
-0.705016128890136	0.120545981166191	1.45555402500706
-0.243752543288754	0.690888972281092	1.49394455526948
-1.00957744919853	1.67404886982648	2.38241101924699
-0.135185752707287	0.468943031707854	0.966973332054406
-0.79707384237135	1.30097422089059	1.86993074183316
-0.558063750879021	-0.712020594416686	0.857000272905248
-0.115155160714402	-1.55335478846444	0.936777937759347
-1.76826682927192	-0.848820988332612	0.945694522642977
-1.16585753264453	-0.126576281249344	1.4399736108791
-0.971937865347214	2.34624907078243	2.43773060110003
1.01969265837409	2.73051310211095	2.76923066495226
2.02846900780178	1.46472132752922	1.83230727621769
-0.805572917816937	1.32446814934999	1.91049251855986
-1.35729009314362	1.62877510801106	2.07611284092855
-1.02770582288947	-0.498106214779106	2.05176121113064
-1.91012253439745	0.368350519320432	0.693842327462216
-1.38041272454489	-0.782643401988858	1.18792173810019
-1.5723153140255	0.29213985871046	0.657237758627852
-1.7200579105944	0.724555971125556	1.85922537240709
-0.323423523893789	0.320360663962818	2.05962979856883
-2.09154386726183	0.432722795702664	2.47732816565676
-0.949040888510883	0.23755500076359	1.8821964990628
-0.262744424279371	-0.762738454087768	1.00823476627569
-0.381869144666504	-1.51266308481791	1.2999005815735
-1.05680063997731	0.419129720145326	1.34214781901088
-0.264762288001856	0.346719973350302	0.769248867326151
-0.820024542561799	-0.0392850195962734	0.158810024237936
-2.49083949029565	0.436980793121007	0.459687203540172
-1.58051562139487	0.102524127022979	0.353882991397087
-1.07026926519593	1.14847671376953	0.21710245210349
-0.882840987640713	1.10153997316003	2.0142068387877
0.242595961039803	1.25195999851951	1.95075867231118
-0.93753382355542	0.969053631598385	0.845940784712078
-1.47631054747005	0.360894470934777	0.0720089668622768
-1.77918815515028	1.6961235470672	-0.0132330676598533
-3.126280952954	-0.0667601993073994	2.0062406188422
-2.37151891029696	1.3833776448772	2.39291468147934
-0.964702559529691	-0.0210538974627236	2.68908725647383
-1.34814585840072	1.15501900255292	3.17510108643613
-1.4410666206481	-0.928611233389058	3.1233029135269
-2.01165005745589	-0.202771479321883	2.97315552729548
-0.385094549507587	0.98195150558917	0.945372543450238
0.0590868808793342	2.19816523355667	2.65569758180134
-0.868834009220193	0.623599109789015	1.22460025093352
-0.423468070460243	0.00576005718072475	0.994305480489503
-1.97974551316972	0.83213043176584	2.0474584136349
0.588567673246015	1.17075380035408	1.56176804309388
-1.00026577242663	0.542246413530558	1.78585768720897
-0.671244117298351	0.601242227215373	1.4056488265546
-1.35760870334715	-0.604605863877519	2.47756656227282
-1.6491613538561	1.25681548991309	1.43555389926366
-0.909213263742748	0.0419418348215905	0.402843806034929
-1.78307208983728	-0.102960833407024	1.83113903085907
-1.30455128615228	0.660233222923349	1.36834851302918
-1.90428511957535	0.915096608368403	0.847458679181779
-2.00288868466986	0.766809685953752	1.58780899908064
-1.75023852320231	0.936907264231987	2.37037149335286
-2.05589253625945	-1.04898293255115	2.13133917789394
-0.354327079092573	-0.267667268392005	1.20795944477432
-1.70216489463127	-0.0251794677675888	0.380238605534352
-1.77708904383475	0.602468807490703	0.906848433318201
-2.7238181014226	-0.294243667290708	1.90247929685842
-1.70455108287868	1.15458915482279	1.08143535604413
-1.57659001557464	0.64503521741075	1.26250970603607
-0.883002688942756	1.8317551402248	1.15485232067315
-1.70319162160337	0.249418993919291	0.613114679902495
-1.38135757342546	0.787693738939848	1.10085632541284
-1.19726155095968	-0.638629399454925	1.09785750051252
-0.7953874478032	-0.157129071535765	0.764760160049353
-2.77618774525673	0.998594482279258	1.25888480772604
-1.87070501766486	0.395317569233863	1.71952793374869
-1.82847760079112	1.42531199284601	0.938733025431462
-0.514300692952474	-1.86846430058639	1.23525490313863
-1.1833913935125	-2.29478235086518	1.76772108129854
-0.831692285684713	-0.420570820100943	1.12587527346165
-2.20914852537519	-1.1234166221491	0.471241827785641
-2.4077623019199	0.0277318925749201	1.09512409024122
-1.10101047099815	-1.35844338054501	0.691372021531468
-0.660825679991385	0.138009411037518	0.0493302999251056
-2.25443290169281	0.431535982004882	1.44861587279112
-1.20778659069156	0.375908019029656	1.40838422800095
-0.0847563395688595	0.366063615898636	0.153281918813367
-2.89909955817065	-1.58320740901035	1.44346842592648
-3.90231002313403	0.796339360283913	1.21334043306939
-0.838257673421643	-0.447627318534974	0.577754147581785
-1.64971671512481	-0.0848080004550594	1.16778978218683
-2.12146820296312	-0.590867939996872	0.0465869107007143
-3.45772249585307	-0.647038805499736	0.978556158371653
-2.81835638291494	1.32933597604319	0.693655831599771
-1.60841423528603	0.646459153356876	0.130947665488133
-1.99022800491318	-1.60506721203311	1.21743236405771
-1.00799466320545	-1.44127565161538	-0.0987373653777967
-2.51109370383962	-0.767808532476417	1.04064923783088
-1.77490972530531	-0.434408405944224	0.853690118421552
-1.60969389286858	1.60571918054248	0.695721050498551
-2.60333194644118	-0.979629174314124	0.394660283450025
-3.42865004374176	-0.989295029869605	0.408146041677248
-2.60863119748273	-2.44168337548109	0.760031733060028
-0.655103137411254	0.438877800470366	1.02166385135992
-0.0463624174688155	1.14528986949486	0.935519925569557
-0.672550976941606	1.12235283885233	1.39868383093457
-0.386988860452476	1.29865714337218	0.887866902221365
-2.11126815825635	0.9659765466363	1.00163171712658
-1.39030192121463	-0.306215857125519	1.21241413493445
-2.11751282438369	-0.0766959497791566	0.744975949296126
-2.43611966103994	-0.988800735584095	1.8819656006896
-1.28084833866561	1.14384485964635	1.0727073351191
0.587960300485064	-1.48578527112842	0.546953021238197
-2.52318161903182	0.254181186701515	0.201040432772807
-1.22424950604883	-0.906899127015667	0.552745802578172
-0.77140451070574	-0.27726438407453	1.25418938993129
-1.86001543240968	0.875142246740383	1.13284981485945
-3.27662684077476	1.25868876939883	1.38074907774493
-1.46149613972499	-0.0825894773454385	0.781380317962589
-1.65072774199756	-0.289608262409699	0.82652922936942
-2.38120663447881	-0.0924122472965346	0.260178428529082
-1.76799458600207	-0.3375106102622	1.12507127618492
-2.64475763456	-1.01324905566878	1.75602264169916
-0.371895169468158	0.15642765065689	0.928403264526913
1.05462220676034	-2.59976594640141	0.267075007415775
-0.394988452264565	-0.063415488574555	1.38706609252524
-1.38967344966783	1.17275672139035	0.462240546110166
-1.94497865718209	-0.027107899432687	0.685597342288687
-0.506031701586546	-0.500590812141281	1.12280639412897
-2.30926875669847	0.0881500731186768	1.23459624430859
-0.991985520420964	-0.83202975271394	0.945106829405772
-1.03345125470954	-0.217657155595822	2.14328159809707
-2.13000137651877	0.0624541961925218	2.47638821839969
-1.04215866874562	-0.58782051243913	3.34704890583399
-0.113620778283522	-1.57423206465118	2.95990895107067
-0.771280532231932	1.68055022087439	2.81084722997577
-1.42560229925683	-0.810999560338097	4.14866445981902
-0.691834517052444	-0.064927443885084	4.12952436176644
0.297419458674781	-1.6722432269678	3.3862520807415
1.03959854601972	-0.180939252646799	0.0202024305118959
-1.38567715651088	-1.16852784849729	0.800420460557024
-1.17010918197965	0.711086459972021	0.636987418413761
-0.7275061972548	-0.224093305111601	0.563853517690543
-1.78710294779267	1.31577458398574	-0.586019544616548
-0.893346031519154	1.88831784534668	-1.00976611998689
-1.58973710668992	-0.468997817736794	0.126409795922787
-0.503466940488572	0.962119773750324	0.382517522599679
-2.61022188168426	0.898421518192878	0.382889831767603
-2.54453469347622	-0.445248340846469	-0.388295359768807
-1.62138288986027	0.289069500449304	0.534822296106245
-1.29866177499362	-0.501919967399825	-0.551382084952331
-1.42058556160658	-0.262770725168462	1.70122796453083
-1.17072346688831	-0.742358203230836	1.32102300089201
-2.06781110961396	-1.17153773748163	1.45974093388433
-1.43148635677194	-0.880634898901357	3.149042179996
-0.910745397599401	0.0971391201970957	3.4867316939425
-1.20607565702422	-1.39902049844821	2.70812072138632
-1.41117119713821	-0.694698881261722	1.51624625852554
-1.33058871130897	-1.00694937069979	-1.4552187316961
-1.53797975174591	1.0784941139671	-0.485890864959353
-1.10242583458474	-0.144072067996022	1.17244191310026
-1.27332049230247	-0.2173350084535	0.832499340195507
-1.68798969357326	-0.152251679362841	0.72602197289625
-1.29799133827497	1.77706476951984	-0.27326364623532
-1.404739268206	0.491014640529197	-0.711619894790253
-2.26386318837303	-1.06515256765557	0.354383249543342
-1.61946393395777	-2.88084590669169	1.39210376690589
-2.28604479877271	2.40381480200935	1.26675261091957
-1.04536276685093	0.85219939321314	0.135268671752345
-1.42067755489134	2.11004921972368	2.47306720798167
-1.96029929210393	-0.522833658223366	2.75941429684128
-2.07306441912271	-1.06480378539972	2.19385733497395
-1.47123109078685	-1.38383268610243	0.651780355938308
-1.10128735765247	-1.66555702807485	1.83770188141845
-0.997794400373638	-0.706363241354538	2.84629238221289
-2.09816293579749	-0.559645020241806	2.73730031668976
-1.94347007718197	2.5633732818021	1.89062664201099
-2.76218466316367	1.81294421075573	1.30725948998203
-2.74026386462641	-0.677937453495727	2.43835762700636
-2.7406740581904	0.194578606528297	1.98687682452576
-0.724608877554773	-0.397257567013901	0.729929162784838
-1.40943449173837	0.988038221170444	0.568306311036291
-1.95328137610053	1.31859478461557	1.67892541014302
-0.380912979069864	0.853814273952387	1.02089995936542
-0.645135977213987	1.76720464082798	2.75136544553742
0.950071396013756	1.1649505274831	2.82063984633441
-1.15339985070835	-0.916116331205839	2.58050520811068
1.5479527980943	-0.722603261588815	0.0430260835674892
-0.800240283317028	-1.77700270228102	0.981640035441474
-1.59031799490265	-0.466711632721075	1.55117733648848
0.223662286258897	-1.29833985298545	0.304532225509186
-0.941610713825419	-1.01846305236345	1.74643702276438
-0.255959182665131	-0.618144245944825	1.29083170903272
-0.154395969358665	-3.11743430418841	1.97237438108359
-1.10848650039527	-1.86023766737888	1.64894355625
-0.0100943931937978	0.83070233675401	2.05286336341759
-0.619202449716895	2.17603547668226	0.887111002001893
-1.70115990783514	-0.638389042410172	1.28443141820968
-2.04649753890314	-1.32835200145665	1.41962669222844
-2.09369074166191	-1.13122769928822	1.97882051022896
0.19959265883474	-1.92555081961297	1.65617631675162
0.436629644146378	-0.722877334646649	1.87213929970721
-1.5652509480323	-1.09021184730791	2.51455144639817
-0.83550235116688	-0.307720348416743	2.12039119880344
-0.474211215375295	0.710948700908121	1.24409894798099
-2.78045370603489	0.900789014883786	2.39153381741491
-1.08805849624008	-0.965553993326856	2.09070550805176
-2.10888222502108	-0.57259503601071	1.19265917591371
-2.80614329499646	-1.36940315533058	1.44575644615158
-0.24977938490235	-3.17703108092796	2.18936825876959
0.0383021025556374	-1.53987007600004	0.538228276075054
0.805210762520931	-0.0647065309750341	1.38545676770127
0.190249961963504	-0.00517077524276854	0.595100773548104
-2.87838623654454	0.500180993720144	1.31151698395875
-2.09907088595263	-2.6483523699459	0.526868742665522
-0.590280259577715	-3.08551977739509	-0.0601187366096485
-1.79789365346876	0.756173113690475	0.817189429369171
-1.5038655367837	0.238891198898157	1.16693852717338
-1.25781691716072	-0.500571385038612	1.48110646965122
-1.13344421878647	-2.86659885288574	-0.407245296987905
-1.23576449096045	-0.927333239212675	2.06026856174988
-1.12199803218329	0.667502393668511	-0.0636783939368436
-0.958287886343694	1.3278934990676	2.75095030611642
-0.320462582385454	0.908073503117606	1.47715493099863
-1.82860543988036	-3.17792163372094	2.24674399045882
-2.41946849030703	-2.87255144264894	0.947065861200758
-0.832145794690628	1.94837643220569	1.62389415993522
-1.35696997601234	1.46690113878101	1.16130772299259
-1.56781003796641	-0.921716818517726	0.491949047011281
-1.52584349751201	0.311884663852914	0.87014633771677
-2.84209694642927	-2.44681445873382	1.20040152363979
-1.44907866968177	-2.991987477161	1.28629494743697
-2.59665005894799	1.50512674565705	0.999675971462645
-1.37332751673358	0.347856101912211	0.80420291404424
-2.21151042289169	0.0419482150738697	0.983520760332664
-1.22419582070328	-1.75006681773424	0.486226930914859
-1.20576553936959	-0.77413381729982	1.37379235801663
-1.35331550173211	-0.164688844645279	1.29753861852739
-2.73102406403393	-0.358744071803467	2.41221895374236
-0.368982322169468	1.91048727833788	-0.117971533718453
-0.589302847867375	-0.951365764002019	0.833476644251009
-2.54254001895738	0.317381774011257	1.79368474404026
-1.85323669334439	-0.367502429075278	-0.420958716628934
-0.55163712173233	-0.894261965453864	0.928207073616651
-2.183896682424	0.264836959054104	1.18386599028957
-1.63986350324148	-0.292841018659019	1.50745868087337
-1.61949814592996	-0.323823508444057	1.67438903955441
0.295912078310527	-1.0894613998433	2.28300438785996
-1.00513161219101	-1.6043936080535	3.16325638908316
-1.55012590814957	0.448667312781867	1.31626477142597
-1.57060254484759	-2.52588411974666	2.44771417662121
-1.25655935930823	-1.63426600574676	2.26211031130186
-0.718242578462179	-2.50059758482659	0.708552101999096
-1.1454784009126	-2.350284669998	1.8154704940422
-2.33881598580799	-2.56041806560991	0.672217664919229
-2.0321477819573	-2.63522962837509	1.00601257247463
-0.601288573768658	-1.97515728243739	1.21671626688244
-0.782782613451026	-0.837688163749596	0.933407965496721
-1.21056542145646	-0.897320669388384	1.26469346267371
-1.53236128525221	1.23793360936472	3.59665744101326
-1.44921028696831	-0.453264714892398	2.50244700064963
-0.910873401594183	1.02703633826913	2.20954890688334
0.0711950332440585	-1.64153276606871	0.823340868615448
-0.413079801455827	-2.04984080573858	0.707746581948276
-0.811975154655484	-0.572126080692663	0.527012591351812
-2.36510058465718	-1.27670605970378	0.162750162054974
-3.93114131155419	-0.96957277009563	0.996916066934944
-2.78055442100955	-0.134178383886186	0.960487872627249
-1.65988403294375	-3.22476581315585	0.452628824085739
-1.39499792756084	-3.77280885648262	1.3899615767752
-2.52630536266969	-1.77162875568118	3.81437341899835
-2.02876111801983	-3.45841259775216	2.31063256956666
-2.24392710763235	-0.647881827026184	0.747514708897677
-2.18918589264911	-2.00592830115825	-0.268423211030426
-0.0283410906876189	-1.21442726009739	1.59440407293287
-0.364849813401736	0.275638196022094	0.607224686789114
-1.11827392295425	-0.624820571953482	-0.171181247022026
-1.03582636030488	-0.63793890290422	1.34554530941427
-0.732317149952625	-3.76762933453162	0.912419233289624
-2.70696848750143	-3.0440226633537	1.28094940316898
-1.34996376426233	-0.94743990856259	1.51242795029769
0.130861526873926	0.221463164824411	1.40106229865174
-1.47186581011276	-0.9523520877061	0.891201594292916
-1.70894732513707	-0.915021543246297	1.89050663272791
-1.94686821990515	-2.2060482360866	1.48132056834324
-1.86128374953317	-1.28858417799885	0.422019179272347
-3.13279418701385	-1.93650415265211	0.917924420177846
-2.37149360396502	0.406989746961663	0.700758182727967
-2.87397648009399	0.464693599645051	-0.125379986126505
-2.48444930799329	-2.70847388874638	-0.475390172546471
-1.51956612816794	-2.65920221742764	-0.612247556761861
-2.52550259568943	-0.797731340405786	1.86024004615124
0.983901152279922	0.0382594292258011	0.205848547394786
-0.599941364066999	0.65674361413335	1.68304592938441
-1.5732300102557	2.66932831464351	2.60261765301923
-1.0805328610033	-1.23854767040465	2.00282134376553
-1.38708182860585	-0.136883430366767	0.493182485939189
-3.3175358856707	-1.65803327628499	1.90509153162449
-2.80371086863114	0.319796321412473	2.11596759167207
-0.104641834346327	0.772138076328325	0.65420144671096
-2.0362433732059	-0.499764869315122	1.45381005735374
-2.00954093918887	1.76274680056877	2.27208559394861
-1.4956018050046	1.06381559359274	0.504916410102864
-2.21205881915886	0.154185561641287	0.84324276658471
-0.487854044590612	0.0499354056097576	0.00860647009144322
-3.34658605926219	-0.857681970328173	0.71504649267541
-2.1167124939663	-2.63588593700389	1.09227863552903
-2.60845162787423	-3.73747865400442	0.78423332618021
-0.301910803054261	-1.65085731372752	1.54372271378906
-0.491132402619614	0.43197637159671	1.84436463542535
0.402597663178221	-1.57519173845674	2.27209741222506
0.79652546421213	1.05231379757244	0.882258696939054
-1.81271327843364	0.277088653947127	1.94443238761109
-0.336417076870663	-0.736579420468421	1.54064622811972
-1.73725480208696	-0.61097797305794	1.48244575736664
1.00905625667603	-0.60162509678486	1.72773314019715
-0.291248836017683	-1.67729066683861	0.955462542386844
1.09207804160877	-1.93655892440929	1.40155347789881
-0.489581328203002	-1.36828327088871	1.30411366710914
-1.94004418919451	0.460050460010155	1.38203386935666
-1.01546198136448	-0.414397710387115	0.202783196053185
-1.4925190643908	0.64626042391625	1.86733625299529
-1.27326336712386	-1.66898992785755	1.32340641752102
0.453531204234253	-0.270531760318603	0.455341903569824
-2.80478028993194	1.51210204381837	0.726614673785425
-2.45003130863753	-1.43164380111872	0.312944761777048
-2.1957561319395	-2.44523034490242	2.16325293232423
-3.84156158152925	-0.237847521178181	1.65262492681654
-0.615220199463595	-2.32173234350356	1.5112035416644
-1.66125850205511	-2.7352771148113	1.2069574624924
-0.854597565725912	-0.871208372703165	0.951886440575705
-2.28664409067122	1.60182425255223	1.02778297277857
-1.04886201782308	1.5257121475879	1.51193745556065
-1.86882597508926	2.2294476235816	0.699541842647535
-4.61685027642345	-0.39215129199992	0.113067679368637
-0.524914474845942	-1.53253372107072	1.35082482870197
-1.69011067949411	-1.09581210600765	1.72636933965673
-0.958931352989808	-0.196578079509228	2.45553448777974
0.302157251824849	0.364945661182396	2.02174257419021
-0.0964837320322854	0.976686813727374	0.81558730872627
-0.00815047654775669	-1.4470597635625	1.78942177708898
-0.856269423728478	-2.53807806656747	2.40292368535512
-1.30265231698793	0.188026054008602	0.210398078905482
-3.97040716921039	0.47076381636877	1.1625641257263
-0.682628035230098	-0.0767710828245903	0.962766395660796
-0.445190025038642	1.7816438195389	2.21179823631704
-4.55685957907413	2.12462044736181	1.05026752703735
-3.28852392561496	0.807570065790855	0.711078488827032
-1.16292994528945	0.594775355086163	-0.154427113442292
-1.03233540517987	-0.967496742906812	1.79516104021793
-1.46616494440597	0.831938281512439	1.00245300598803
-2.50178507837038	-0.168200420301178	1.48338731082132
-0.300407338921977	0.0131396436261892	1.53712308032939
0.903153488205909	-0.583496629977259	1.14683286127667
-1.25401992476513	0.227526579040438	0.91657749770167
-1.23650708427769	-0.906667460020972	1.22189695775843
-2.2058050834936	-0.200910707903441	2.30412443719626
-0.132985482425581	-1.23427555718352	1.99343243223158
-3.40650438184225	-2.12090948990808	0.343150803721251
-2.43675999736972	0.356062629960796	0.293824076500259
-1.84770220640389	1.45307124010496	-0.6930850520871
-1.4211219717877	1.00257081682379	0.22760175795698
-0.209212645940439	3.0261967361662	0.711342460021659
-1.24174377654183	0.976528269437532	1.59782666785897
-0.697949368892969	2.4071447683711	2.00449563834842
-1.90958310903962	0.643677742331111	2.36023653327326
-0.35671429852924	1.78944648058809	3.26586138664545
-0.143919696506589	0.638674984748205	1.89469872656456
-1.06075829998534	-1.06130793083092	0.392158357751036
-1.41179388548189	-0.667000684780628	0.0985365707973519
-0.444220972616022	-1.07789123617217	0.576448931006986
-0.44994802614581	-0.0760480640526758	2.61514364928044
-0.771254793208626	0.86057562141163	2.73389791093258
-0.554841020107252	0.0974493350148623	1.90864646650774
-0.769850727251461	-0.226207824174705	1.55624330199359
0.227533200545434	0.335170451413789	3.10999033562665
-1.29169358839374	2.462666133732	2.92807551976359
-1.09685885705757	-0.517688809408759	1.36847701268395
-0.0429392955067442	0.369408436596969	0.218857497258381
-1.42129591863112	0.953804239253268	1.60141746620142
-0.944232336400128	-1.22553060857406	-1.12163213244192
-2.66689109584938	0.703460997865296	-0.581857923720813
-1.89238727210723	1.31389637982017	0.667171031454906
-2.28335602010128	-0.588483133729993	2.23170717440517
-1.0428143118473	2.22347723109468	2.10812987790669
-2.32544332657415	1.71278069552525	3.16728862459695
-1.41687002352343	0.974370903165433	1.50922661376018
-0.830608644514683	0.0986735290793077	1.94321857016516
-1.42583357483316	-0.463971924837015	0.542077980122213
-1.12360590645997	0.73702598377917	0.436719385712945
-1.61001466422464	-0.298465372803092	0.280291723379308
-1.86326368931627	0.566169584563259	0.925677091008797
-1.47812707051522	0.232017652658817	1.64833016201526
-1.25582199282184	1.08621525376965	1.21135878571414
-2.35078508422489	0.836215830258021	0.769250768176968
-2.84425622320618	0.972188909917243	-0.210883029944908
-1.58131158404893	0.534894471127005	1.19300029011471
-0.977499797941693	1.11027702388954	1.06442005019081
-1.78017110543163	0.913408558038211	0.87291474593572
-2.35306599718961	0.274958756466412	1.0734586218859
-0.545278690328557	0.853275411842677	0.303977475777225
-2.82211467187374	0.46550899152316	0.251536633366583
-1.93173416653279	1.13283619926111	0.817114767549546
-1.93173416653279	1.13283619926111	0.817114767549546
-2.38261082965196	0.684086492903705	2.00824142585396
-0.944098138392432	0.567368141369519	1.09875693769261
-2.76430084936062	0.399945007891577	0.792062475524054
-1.93915866999496	0.492218604878513	1.16652219943703
-2.01848841387957	1.18355757300249	1.12883110671005
-1.56526427064155	0.212263852339762	1.74853005171221
-1.26102139577103	0.4081927813223	1.14962688568458
-1.32087839752045	0.548821411959575	0.825231415941282
-0.672206735953993	0.360185284127473	1.94785730317478
-1.32848818337947	-0.126683586844951	1.02143856973075
-2.35487881843237	0.266861495104961	0.713886097374316
-0.597914100653795	-0.128430609626336	1.24346076362931
-0.221110052006509	0.36593340633947	1.51474343738232
0.282848304956015	-0.419334168940588	0.750819605128348
0.12537997672644	-0.625438114081094	0.993897883375033
-0.866652627934063	0.459880174180001	1.20798371999104
-0.982850499958632	0.736012565154317	0.82559951911448
0.48045529355051	-0.470354298935876	2.02052631655076
-0.520068235587457	0.422058285614503	1.2902560778129
-1.12779702148664	1.52316374942608	0.79993250941419
-1.79761937445463	1.25720345752933	2.24243815003347
-1.93396002383974	1.75796863296503	1.18819525733129
-1.48010276886661	1.14008502710619	1.76068854577099
-0.997055471235824	2.28471457028783	2.25713917309202
-0.424875485194458	1.01025276215873	1.77078493136545
-2.37635761264477	2.60784884864622	0.4143871489334
-1.01033222055117	0.723085944168772	0.682699321834896
-0.279500466039672	0.411115194102169	2.16388579670396
-1.59811079958707	0.695620071819021	1.36283859074598
-0.366232708540946	0.13549055690298	1.84223383843734
-0.359748060270282	0.432146464501839	1.19299320780302
-1.02757869244723	0.389636009160489	2.46327614507887
-1.56664182988591	1.19740349653358	2.51238080568617
-0.842310231067506	-0.0487590183148219	1.67645884449655
-1.8525720895284	0.625537636596932	1.07402486425777
-0.964837070253386	-0.453993268333247	1.78995800562021
-0.767614705568869	-0.217221232164623	2.2997021507829
-1.93743616991358	1.12368421868479	2.04272862764322
-1.84364879597037	-0.00696546756676642	0.469813072931439
-0.479373769751563	0.756418912668748	0.888072712244996
-1.72805430710128	0.567981217492331	3.66327593310083
-0.92889263413066	0.851794182691721	2.71126007390545
-1.40418889262403	1.87444581006249	2.8651665796906
-0.334615000949778	0.890669995950478	3.45380289426447
-1.53814473710191	0.365109552035736	2.75060086886335
-1.35084803550363	0.0772706552831433	3.42643437922978
-0.847749864324083	1.81139002710802	1.46187886290882
-1.31258840475993	0.00228619821442327	1.44127384274643
-1.79201550457954	-0.471347526833572	0.896091502455735
-1.58714152770606	0.639372971917774	1.21182087631427
-1.44118676784527	0.298738909678999	1.47171132681801
-2.22946169158416	0.0280715247527298	2.50919767758241
-1.55622632004793	0.949957876194964	2.74743821265149
-0.314303652642472	1.0316881298078	2.48105812823722
-0.931577208100114	1.11445184224408	1.49486504311403
-0.952553112815845	-0.334131464999625	1.26800383671666
-0.922248611107421	-0.266933346333378	3.37832659056555
-2.24991623449083	0.0956941797915404	4.2646510282469
-0.527891179433012	-0.582424567056701	2.0870888290936
-0.508570344821047	0.794267561602997	1.60010002268397
-0.681439733289517	0.32486047426159	1.81105163194943
-1.68880138051678	1.29105503340243	1.69894053045073
-0.571105530478212	-0.0111586073696512	0.351308369867864
0.308888213933075	-0.786959504496261	-0.161535362074911
-0.892306184249371	1.38361576023591	-0.24443092764921
-1.34500938935232	0.691661479277324	-0.433661434954298
-1.210299461067	0.632052358405547	1.76229568554982
-0.509188228419431	0.976333139195166	1.67388019632131
-1.20673689257226	0.845730764599397	1.05318297353355
-0.666529859144177	1.12408899017729	1.74001919497658
-0.831580666775019	1.10710978365226	2.29208659722848
-0.0533692525268492	0.47943792193261	1.99801025403329
-0.2528890376964	1.5043769061656	1.49807767801575
-1.23675970564767	1.59932429564143	1.42907365552795
-1.87834287143876	1.70051040587899	1.464820367819
-1.08472232414485	1.1728486249829	1.51266973574136
-0.843761735140898	1.89138416579413	2.08454505200964
-0.879075215887217	1.91357635427981	2.55756593454654
-0.170581748672906	1.79990438795167	2.38317813334212
-0.439663867402256	0.617564317381086	2.24701888657747
-0.333623660767461	0.36227465138748	2.50612716981624
-1.08082345222611	0.399329784260895	2.04448120598454
-0.440419966542116	0.952624266047746	1.3590282179681
-1.1246316856262	1.6388781402126	1.96043064700699
-1.47748880812869	0.28007596751054	2.31956379318098
-1.27027725713518	1.47748242952478	1.38240608598637
0.311763182216392	0.35681705892799	2.65230244628926
0.309813329067103	0.0616484388950338	2.82878945945329
-0.0997698914464855	-0.102214848255524	3.6670374997452
0.560226717189098	1.73177420694884	2.98711466831324
-0.263814523938374	1.05426652606784	4.0716293548911
-1.7599684267597	0.0208760674572662	2.70485629167986
-1.85756590155723	1.37803786874791	3.23535693140302
-1.2868428613941	-0.438093658678919	1.9864001039445
-1.12176992711706	0.105946584071017	2.44126721892303
-2.24207004536646	-0.00584965653338521	1.49600362897609
-1.42841632504141	1.29611553508826	1.86707313232183
-1.70460259430903	0.305827334240688	1.35789763844861
-0.509690530030176	-0.459558811511835	0.565771681914466
-1.00807064076954	-0.363952595661455	1.70257063052241
-1.37342313749667	-0.600393523462194	1.91200323419673
-0.67418979949186	0.368419551162648	0.466950491385013
-1.8369161648489	1.11459073649999	0.914312562200393
-1.44180645826129	-0.39383735848364	2.81831960508142
0.486126553642985	0.7863752191852	1.68925835669808
-0.0432129173797342	0.509123933901883	1.22316772331644
0.377809264890174	0.49925415473885	2.11847916930044
-0.981882138678934	0.211473209111992	1.36234066948205
-0.310614511385846	1.40526979687192	2.00468132680855
-0.978209725302701	1.00431533894982	1.37240470340324
-1.428987429169	1.1055620930109	1.85181303849095
-0.967572290551268	0.885636807147507	0.984130904202106
-1.24522469490606	0.409343635430687	-1.00696013886198
-1.43354212925374	-0.914478406599468	-0.0966090023472724
-1.75587090518065	1.23939865545241	0.365514195695738
-0.39273025758351	1.71502037841909	1.49586971601724
-0.876675551951816	1.4299964185126	2.18621324036052
-0.292492335546204	1.85705585309599	1.21504052649717
-1.00012176188626	1.84978510720912	2.49088234281545
-1.77256392195801	1.15713162493679	2.16875806283099
-2.27867555480075	0.0703933609993991	1.51961633787782
-0.934488930659206	-0.11162512093962	0.798955953091686
-1.78545669732694	-0.0888201703347063	2.16148002713568
1.00502495668175	1.05800828619025	1.30056657257624
-2.4145813339653	1.32271107254945	2.32837477784812
-0.673178598323009	0.374429281707998	2.48635216840005
-0.881516951029258	0.353062034141991	2.23321298823706
-0.624461238282278	-0.14724508419937	0.924441083703341
-0.237767702816736	0.715727401112813	1.67285682143872
1.13984264989712	0.64783004673548	1.34247002221118
-1.54634980222019	-0.414615872752338	0.694748648378644
-0.67798217342829	0.216182472328569	1.40891159455256
1.3978360428243	0.853188501350653	1.32347360160159
0.667568732567401	0.755927947611849	2.06649763488135
-0.0902838416025482	0.591742050151722	1.75589151448297
-0.00143032707092039	1.22566655264583	0.476492602984316
-0.423245560867822	1.37135208497095	1.91229570201665
-1.1909081554335	0.946070358073161	0.823324005709331
-1.21731232525467	1.7917157295892	2.47822505505895
-0.411150672580566	1.21356516452195	2.19670560820525
0.649364628617587	0.286387821271873	1.35123815181102
1.07983289275027	0.709486147201055	-0.0190427646512003
-0.193495462172357	1.72514519556278	2.60396381772831
-1.22464069785996	0.843610983111396	3.85194545359757
0.599929500900528	1.970112182096	2.07650514242714
-0.0263235500169993	2.00681792414363	1.11777509951341
-0.100380128811075	0.631063284856202	1.03879104035079
-0.545748532968062	1.70761237078882	1.92987739700751
-0.752918022134325	0.450377598038291	1.88378540924083
-1.50227318863024	1.00224605609632	2.31158342080806
-0.23490413303954	1.04866619591099	2.6464619256094
-0.124546170531704	1.2902960721859	2.06199357859759
-0.12302250640335	2.12000959299881	2.80637659977189
1.35880209871982	1.34069947696188	2.38673090124562
-0.40400000015305	1.08438735465128	2.59239073250433
-0.387215535437522	1.94067313547694	2.04254932372615
-0.321577135357451	0.76567530561977	2.4410593198184
-0.683321527056489	0.234591990894124	1.87251695945801
0.0737975847869559	0.24044623464729	2.84761520206019
0.396939414195329	1.10314413135357	3.18101407912561
-1.3690651304095	2.95997688104228	2.88178146526695
0.804030998852481	1.08921708012869	2.28179724862726
-0.199119142978753	2.59112778952964	1.60364299289881
-1.04759245477594	0.642087836757421	0.977806231425552
0.337385151522945	2.44241517805468	2.30999639682426
-0.902680486943422	1.83131641891522	3.40047657419101
-0.152616342642572	0.764441513605476	3.91587951076922
0.0366673026598959	1.20736087456223	2.91425279054744
0.528827753784055	0.969915292425441	2.68967857094607
-0.335786378153348	0.55985050146549	3.52593230604232
-0.919432692745328	-0.451329665879939	3.68871511122844
-0.169780741299203	0.144826299539813	4.10571845038462
-0.334923605148791	0.486993316577593	3.74561292424107
-0.297723066833331	-0.175892151520442	3.15516116599122
-1.35350433241062	0.534739276992338	3.07295184800299
0.137277349445967	-1.31325351529859	1.26524276156542
-0.822448966161923	-0.623198846938888	3.16656212813394
0.185687528136257	-0.483414481434552	2.1364750103701
-0.613355751049472	0.751825752563257	2.6904145690678
0.253018236569233	0.196913950368478	2.6129056348589
0.233940134685816	0.378634448243152	3.67628650421561
-0.8468161750644	2.06176170943693	2.66062718146485
-0.128099432781852	2.90401109064932	2.75595304190777
0.117033140063755	0.0998502230058189	0.259467069266006
0.0309905483200592	0.248423227338975	0.187666474013409
-0.635058096090725	-0.581794375363782	2.4332607575865
-1.28094746427183	2.15434959557716	2.69135436636513
0.189116785328423	-0.345976736272942	1.1735257743124
-0.767612185904543	0.926660829053847	1.59871145851403
-0.645923470700761	1.01907030752271	2.19957177612639
-0.71615020622535	3.41440881716466	3.20457911239541
-1.65618218420986	2.82034868642771	4.53611614642493
0.0529858795529115	0.471395290228822	3.82553298733614
-0.700862654274962	2.63356474294673	2.79729284411967
1.0632830789823	0.202646895224252	4.01064977809811
1.20665681461916	2.39530480138582	3.3389863178211
0.339466984126077	-0.405834081260259	2.74016555453104
1.3752486018766	-0.0879563089709102	2.76054590574758
-0.915833362751713	2.45289003825966	0.0594194176659654
0.973996632041365	1.09589152899772	1.35946802858326
-0.791011620964682	2.06153529082383	1.34123730907386
0.439176289499556	0.576489651233592	2.26624143962178
0.432147878120927	1.05926913288051	2.03927841172234
0.399265542689868	0.0675837888069509	3.06630164093067
-0.536055129321015	1.42022829927615	2.55481407497669
-0.258019882848793	0.756928916795668	2.87122337268462
-0.767165382288857	1.41672376634862	4.47870499007983
-0.766558522143966	1.47821744979681	3.41335532491922
-0.0240079087102069	2.25159603263856	4.0925235770955
-0.0431612359433013	1.15423459654717	2.96840018204096
-0.963086530857438	0.999595251193041	2.30983644555696
-1.04796221752278	1.44510244628676	4.23187944080251
0.152007052915741	0.442875549252857	3.42585734879327
-0.249875086898966	0.609429071092382	2.38589587586665
1.00850634949631	-0.145878531560054	1.30816447207861
-0.603094432937785	2.67728117851871	2.5673213407479
-0.214424803636163	1.29151361294279	4.3613053961399
0.131850460581088	1.78184345728249	4.07737151930663
0.780718765137238	-0.131536308875969	2.74578439340932
0.377766537858337	0.563958409540086	2.80941439267433
-0.729351434827451	-0.589861522011537	1.66844033853889
-0.731322531926078	0.00293787346284502	2.42620373709434
0.200576931607145	0.170436010515261	3.16037136114725
0.435882446183379	2.39146441736324	2.40846057828854
-0.733689113857414	0.538951325195421	1.82863948767488
0.484379795653868	0.573124735110488	2.07732941395972
-0.0527798855239678	0.821539374374241	1.70389521101635
-0.294798371148159	1.52140894515151	0.968402259620665
-0.652519600312582	2.23984814886694	2.22737081678701
-0.32271261847133	1.46664419028699	3.40875109726142
0.706340080531485	2.7647828225517	3.4006256452014
-0.000608803954990744	1.14804375492962	1.64031411640913
0.231443227299761	3.44728244203477	4.18779034104153
-0.441206296063204	0.623775502415214	2.02918470441221
0.21443334010453	2.3734335877229	2.67003171086497
0.00554918246458147	2.31867745622559	2.7799192723853
0.709895676769664	-0.483757322252858	2.27014191848752
0.425024851694997	-0.8085569425733	1.18224355448824
-0.0253211677851218	1.01535516246383	3.10694965850202
-0.239343745082266	1.80207157064419	3.28441895711529
0.511532997421937	1.14677458883767	2.58207575242399
-0.767422704930952	0.298238375509449	3.20231912941559
-0.567821075830597	-0.0746895203131427	3.0298800328828
-0.714520612401982	0.439143249923605	2.69279446320237
-1.21880564751036	0.372171379532436	2.01233557515431
-0.15744678699184	1.27297755373637	1.49266340696759
-0.696864609821113	3.17684917975909	2.43908150839542
-0.542845820472163	1.46394203162987	2.59302367988136
-1.89594152567744	1.57172570047803	2.54245440210398
-0.0824547279902582	2.63825276520237	3.33442889021237
-0.173794352419419	2.22730751801186	2.42918496224505
0.765524125177801	1.7093349407555	1.77416720332421
0.612020313170884	3.51221617278414	2.59352920263668
-0.436839069140432	0.245646784060506	3.17054884193071
-1.11286878625495	-0.675724760014613	2.63995156446131
-0.272439669838196	-0.490379832919154	4.52101027082137
-0.959255128057018	0.12736196239827	2.50211813699443
-0.0470554354697124	1.18941169280661	2.85401680657373
1.11663043971072	2.53121759009884	3.00606745026919
-0.9264749912126	0.868262176074576	3.37843914082505
-1.27475514740547	0.971866524920007	2.50209956686359
-1.63089288985089	2.12655542565667	0.715271134433615
-0.982948855136482	0.764656277157456	-0.418013341882796
0.652243034929517	0.162098579221218	1.24617804416011
-1.76496696121322	0.690260069586687	3.76831481145905
-1.17438336948808	0.583259736151265	3.17872521130203
-0.348400079915063	-1.12347087818667	2.62811817295134
-0.043667203822134	0.742233616011106	3.17840555806275
-0.185331011844047	2.33897225738342	1.09571681795516
-1.21367403850935	1.3617911940732	2.31893366429115
-0.238811109558101	-0.294516834026304	2.05837978572061
-1.30187986094267	1.1762703176598	1.31518840901277
0.373810506517053	0.399545234051607	2.04771119642682
0.654850155425947	0.711589675968078	2.46218654068339
0.290871689150649	-0.281690306321496	2.52155483385646
-1.90279424740025	0.538202312026845	2.03890318901642
-0.322026266543925	-0.610478033671088	3.36308847846825
-1.59232731181879	0.905910717289315	2.4724347995091
-1.45684358971611	1.52788005060534	3.04507246365973
0.443210704257411	0.880149682588346	2.26770637883411
0.989896672280325	-0.101704058283211	2.50839512625821
0.00826605374590117	-0.370058145239293	3.64091974561984
-0.151951047082863	-0.434498571502051	2.01742655919029
-1.58752410706455	1.69094048119213	2.69120818026289
0.0966160638660508	2.49917744260804	1.88854991181623
-0.0635360275081842	2.27013864958198	1.86438652279127
0.15008618776673	2.5012652654802	1.47319424893086
-0.887339840768732	2.09775515808976	2.51226056019955
-1.06118655027265	1.15598998764983	1.00013052494411
-0.63902746871497	1.30832940928793	1.99976590717577
-0.622945486808593	-0.261093797859242	3.23752422981394
-0.708098469637241	0.813145132406777	3.70665327642415
-0.634490866840569	1.38410072924459	1.9237857634373
-0.745055490065319	2.26954449836496	3.21553466898967
-0.162850776889275	1.53595490237903	2.81726503295171
0.81989572471109	-0.587322982917344	0.717533232960649
1.06208105727372	1.80766886943208	2.96537943088616
1.02794822467771	1.1072784808869	1.14279944962413
-0.0898235872004072	0.667144384255672	2.58533489080565
-0.0666311750136278	0.760047296457953	3.18695626826979
-0.782141941840824	1.7022828259718	2.64778601731683
-0.125418639662603	1.75707289217646	3.02848977758422
-0.714659672082217	1.27579880028	4.8642123933512
-1.44652299934105	0.904006284660959	1.56967364800733
-0.042285588351315	1.8087723864533	0.648654182242032
-1.76084459927425	0.930518786329938	2.03997011995033
-0.327826098890641	1.12983882486796	1.88163539474912
-0.327826098890641	1.12983882486796	1.88163539474912
-0.0845306971706947	1.70672003396977	3.05825738614922
0.285647556805756	1.13610316069381	2.35686086022459
-2.19341010461671	-0.434435666608424	2.09084844573053
0.838073853598035	2.1289490765682	1.27903132862929
-0.461791239485695	1.29383123986985	3.44669298505816
-1.45798463577733	1.02060200782498	2.64855281939014
-0.919383467658616	1.76325835007471	1.6146550371283
-0.521464826724766	1.30654759627748	2.13426753105361
-1.07952194321151	1.12508182379892	3.21287333023035
-1.3010290769402	2.45290428008603	1.21138082492271
-1.48705492703376	1.20241547434098	2.19319918790533
-0.312518253339225	0.0405126229668222	3.76867293708017
-0.24942690353385	0.994620497047378	3.38876982423299
-0.961303948690275	0.0813173553560267	2.66925665868371
1.27216523595114	1.51292624581326	3.10694560190924
-0.279129383810256	1.34236715059989	2.60012500420809
0.471879737737874	1.1442390742453	1.97708405803002
-0.347880568225411	2.2231320336364	2.17642836205913
-1.46555425782083	1.19089780969174	1.92420990874966
-0.837971881728423	1.42346840020341	2.2362114887917
-1.61920417096385	1.59818371820186	1.13289172790539
-2.23081279847626	1.03651868893878	3.27405874823387
-1.72285960615052	1.08918680371474	1.65122225046549
-2.99169854430941	2.77062280218818	1.37297021849078
-2.85055301255077	2.49580130016825	2.27817176460367
-1.01208316871311	1.24602503833033	0.600877542367959
-1.18444556356961	1.35713257247511	1.19746134325524
-0.909945185619349	0.770491845430172	1.08688221048876
-0.562690802892028	1.40698762942463	2.04945367389952
0.420281328580619	0.81866359482605	1.63120584937957
-1.82481658438317	0.208860186754	3.59866193069624
-0.687374176504522	0.328388439037769	2.04193011570249
-0.469812741243949	1.70592204342387	3.70404321216526
0.383297281407284	2.43632486058563	1.54774833009019
1.15524787306675	2.38187378308513	3.0684981888409
-0.705062726142149	2.21850465332669	2.53882485715518
-0.0839666944056391	1.94503391955036	1.76358821666029
1.85807321175795	-0.950346530243741	2.65143993082985
0.940333143144221	1.55442812740104	3.08735522105595
1.33753040450786	2.16480188280642	3.18489704495232
0.332206293064032	2.27612667723661	1.26145610613601
-0.0354128008594868	1.06381967322632	2.26134112146072
-0.226241504664799	1.48378701755199	2.7284858141805
-0.220530516092461	2.10313417502761	3.51951514456166
0.656939703760822	2.54510304151445	2.33977232492314
-1.58476124588912	1.02513492885387	3.30408869515291
-0.282158265750901	0.965460718272935	4.66947568066354
0.0789242443008092	1.07355077380321	4.17800818092364
-1.05498426367662	1.59186633797488	2.50568431664941
-1.07189111206097	2.60269055939923	2.87626965766875
-0.392967989156824	2.28575405369991	3.87714505642397
-1.28891758821914	1.37427140013425	2.16451110963424
0.642940657246834	2.30336020839886	3.52802119346038
1.72809537425376	2.69479149393668	3.08774831658501
0.783536175256144	1.65080991043371	3.12674437521788
1.23254947771394	2.0116272599177	3.45214621379812
-0.114697935731095	3.05050738285581	4.17148099715772
0.655015377810526	1.84945946443555	3.48066166086999
0.908416437939425	0.747942859620071	0.458672752797201
0.087272907666565	1.6156200127594	1.34976642630797
-0.128244444029201	1.90388985138135	1.94377416007836
0.0252934738771764	1.500713460167	1.94057983302165
0.0489094864163059	2.49394729386024	2.42560268869685
1.47031338615914	3.0651398564944	1.24383107914831
0.165339017723048	1.99072180594245	1.71268014921459
0.149912976000796	2.07485946978551	3.73744755714232
0.482505381925914	2.0335244453046	3.93618150648572
-1.86906501415908	1.67963922993006	2.96979460509101
-0.098922595869143	1.81069626235859	3.6491122154099
0.460342069198148	1.83326079425338	2.00879898137358
0.0595048121974617	1.48816136687646	4.18923743841384
-0.781275774129001	1.21961186483744	1.69064987673229
0.317401044126637	0.637881658845114	3.79739960735646
0.973683692334867	4.14544615470442	4.57729039585429
0.576728887313754	1.88288662390832	4.24581664963843
0.0790924490915907	2.6381511610945	2.94341755298246
0.320789770998322	1.82021924779073	3.41352277837783
0.866214676243305	2.48129996820999	4.42208416559657
0.831190358548328	3.03709450147408	2.87119700284549
0.511897454014603	2.21957787289285	1.35069362153302
1.23742611059528	2.51669252947304	2.69567742385127
-1.12649174413237	1.40149960350931	2.18135221018555
-0.208235046915686	0.430657899124329	1.6051741551472
0.419837720140202	1.74844120662984	2.47840534038523
-0.164317387873568	2.99013943508455	3.4200790891265
1.39534447067263	1.50783221924757	3.32121823977513
0.973359605276293	1.27253154553844	3.02323931242443
0.359522375165222	1.61569396146128	2.60749286816837
-0.0706887862871152	1.32752937799861	2.86640219504678
-1.57018443795815	1.86807504490891	4.0012267660601
-0.421748606377659	1.72669578890852	2.89306032943075
-0.928715753523315	2.35955714950977	2.95998906618459
0.766348174995413	2.84384209298282	2.84651335426801
0.341665524161679	2.2651142218002	2.81514712446114
1.05446922188895	1.19723293522524	2.32733005759014
-0.69014701269218	3.28097770968991	3.30952283670301
-0.279936593606944	0.946191587302672	2.17167041565402
1.1120961655467	1.30444179277866	2.94021377864829
0.269766250628421	2.76744809214275	2.55870046073721
0.900042799449647	2.68315266097033	3.24835629464419
1.49538992105736	2.84745002757043	3.94872170730728
0.411351599160363	3.34722884395688	2.94272786538055
-1.12832593120728	3.45297747513188	3.35936008178162
0.533910537974069	2.47965187254038	3.68348881091612
0.134943506051087	2.76902331345467	2.78105936573099
1.92035651533291	2.55063354948789	3.44125294851792
2.67717464083297	2.02482938530839	2.76803580099201
2.52665790634866	1.98532651276115	2.91545297831476
0.251353224205422	2.06691719074316	2.67472671360223
1.76504892412368	1.63724726961198	3.4867632742662
1.51695111363114	1.82305251761042	2.62208265110547
1.62069476952604	1.73304823288516	4.28895313159117
1.1572467715415	1.67877286241855	4.08183895450899
1.01596652987934	1.14142999097986	2.72477762732828
2.13571746690502	2.53043801729949	2.03538493793933
1.16195062490894	1.01093064238119	3.87643179615129
1.71102992813123	1.86360340214958	3.35101793092742
2.0941453031187	2.314559249986	3.91414861848823
2.16963480892842	2.63601822757112	3.58848463803678
1.53927767110528	2.5143056840193	4.50086491374898
-1.83958725865712	4.0798562456667	2.94389907571848
-0.923385023831739	2.91562490223186	3.01400376867633
-1.39596846493302	3.05634929782902	3.79731246656886
-0.501813598050184	2.55269582769192	3.44272123863548
1.05449366596642	2.67640575279226	3.52252984155004
0.600825119244112	2.4839079405102	3.51065558823736
0.845360350599368	1.81471865298146	3.94819697093515
0.00557303695333811	1.81195808607384	2.63243946363727
0.321376274847998	2.00116633892332	3.13008921454276
1.60256073395229	2.47318302532958	2.74517784821417
0.0739792980180126	0.542621395251863	4.55478638130644
1.19730076013658	1.66976808352307	2.52980360797712
-0.809888761905978	2.03544316855911	1.58920857686909
-0.0675864267216411	1.2234841129363	2.68676011349068
-2.64475037882011	3.27335642919474	3.09447402927401
-0.139045190400346	2.49805983092461	2.94764591908007
1.11811754033852	3.20282351572055	3.00675303895423
0.079432160068005	2.50253433031187	3.87307912262812
0.642732829639512	1.82026046122825	3.83030151542352
0.159526307884642	1.6985094685466	3.01394350363892
0.159526307884642	1.6985094685466	3.01394350363892
-0.844458949596334	2.61182880629025	2.60592143445841
2.39154923365071	3.37744404557542	2.54387990492645
1.39266195744659	0.650076399634202	2.96965790311874
1.32698104270753	2.17520150248446	2.53183804373664
0.284694631771683	1.94682294316363	2.30295655077852
0.648955962167995	2.25839512371971	2.36916398404402
0.320782646695385	1.48440785263129	2.15809040075328
1.47763716816045	2.06487474363651	2.75312994782526
-0.0147863495164633	2.05730759575344	3.07875100373179
-0.478783747568148	1.15628618854258	3.69909927970513
0.734897798691787	1.0252720716202	3.1147813076254
2.12218659998559	1.32783980401523	2.27850019161455
1.45966944824801	2.12095865388494	2.23406537227587
1.06824849139766	2.53512298755467	2.53242440482429
-0.697710958310702	2.50864191528932	2.70310319320576
-0.780518183187349	2.15173041781164	3.29909227068448
0.395603924508013	2.2053697160359	3.11464479540038
-0.203028240356225	2.79834271069515	3.19176371576382
0.0207735742184704	3.46078393549787	2.11447948736469
-0.203842790451271	1.78894078614167	2.34276914638666
-0.379815069789015	2.98456669856124	2.94668458575248
-0.591848941647138	3.07762386848498	2.96018614281752
1.35829795951533	2.37183757004191	2.83251111664432
0.950713280284715	2.22728957872982	1.69281470222217
1.50773476663904	2.74368680755038	1.57437319524968
2.44360369877663	1.14638224820289	4.240897314359
1.93784010453769	2.89058364517051	1.68728558590839
0.638918252889132	2.04582874999402	2.57313028150546
-0.065744461847761	0.757802321165772	3.45069366302787
-0.403538527079577	1.31181436978262	4.71012451526061
-0.833524378009188	2.56796538183633	2.35054835453432
-0.178800591031841	1.6025336094399	2.59889533146774
-1.24918262186484	0.307478429037359	1.94777391546951
0.445644367886595	2.13048065994314	2.78901134616306
-0.357157708774447	1.9176158762663	2.81551956128062
-1.40063747173859	2.62093201692859	4.68997126083206
-1.05252243684882	1.76349730436324	3.33861426579221
0.662301119897054	1.86706652575861	2.99024088028554
-0.837487341754269	3.5166144255399	3.93167957368168
1.62683522295863	0.702807064576429	2.80775107707708
2.49289201506531	1.69212772962224	2.19203424131446
0.0422424908477956	1.77962400125716	2.26684708279705
-0.273936027581024	2.46961119266057	2.64604793081673
-0.712044678100166	1.22666816129575	2.82579460666701
-0.290038867241801	1.4244366158025	2.67939399408653
-0.924958194149682	1.91694359904507	2.6435788169111
0.247758293746243	2.08684027624331	2.32823926440294
-0.628812559708161	4.74144908542428	3.01298914453427
0.421653937564822	3.97567120418543	2.99986460963842
0.154006639471174	2.76146451998798	2.77592369628603
1.30341873017361	0.466524775619892	2.57264568331219
0.724194916633779	1.03852932026718	3.78801385138912
-1.18468370102253	2.83840436366609	2.97677915530323
0.0797654268894206	1.7908892893029	3.09062913911893
-1.17649073468438	0.558774826774865	1.92605795906702
0.117077940566676	0.821047577264013	2.85577921018532
-1.00518351762046	1.68942062234156	3.38857064621224
-0.675239880225274	2.06270878436902	4.49782859582315
2.8496887392201	3.11184529780281	3.42656273180146
1.48639257182698	1.77927810496981	3.77615897636778
0.0513635066845876	1.21004477649275	3.56126796667196
-1.31875498861578	-0.180162903056326	2.7785567632352
-0.0925669629843659	0.301924271539159	1.40942305884814
-1.16437733021138	1.63880579879686	2.95307750615197
2.56546266993223	1.13168090502424	2.753449558611
-0.52497916921908	2.67987550118097	1.89750178240063
-0.221098067532696	1.2766711959509	2.49456910057989
2.27378196897069	2.3999045823364	2.84193094441045
1.26072102354843	3.58814249195058	3.53022188605632
0.66659311703473	2.59816535070549	4.56874967846355
-0.13837524884641	1.68631552513715	2.19509005400789
-1.56455354919841	1.88087095018834	1.94349690693948
-1.49718723373124	0.655674998141083	1.91324629173645
0.930163265895427	1.45215601384372	2.47022424545593
1.76106814843651	1.69787146493822	5.17375524073007
0.830493374115791	1.73170829386483	3.77780436714217
-0.0929834920478729	2.29973568756749	3.41106123474027
0.976887512588448	1.38625179779913	2.93756201248564
-0.774242474195594	1.68261434618473	2.93405035207144
-1.14481867831364	2.25792918049474	1.14379602666314
-0.400005102829727	1.46296865094605	3.96784558839819
0.647914727524006	1.92923985087525	3.78073871415914
-0.369529298726298	2.24422221565707	3.91666492498684
1.32503472034654	1.64176505363651	2.25248818106264
-0.26728050036323	1.2297607195293	2.79402989961809
-1.57355477364596	2.67174078943969	2.56133324891745
0.603937108805243	2.43355526526442	2.7359538572548
-0.314500528037655	1.17289599986033	1.89757700545212
-0.101370454398397	1.46057696260824	0.54945510703887
-1.13860181713092	1.87358217335992	0.755613955047303
1.38173045047233	1.16071432051139	2.33036933887591
2.02867117753163	2.44322835704453	3.06131974815717
-0.830209294204119	2.52483175506578	3.74937634403566
-0.488440596319665	0.866348005011263	2.14850166434934
-0.517429918112742	1.28642108496366	2.8298673537619
-0.919328072208703	1.70114506624816	3.68955657249785
0.571665289070797	2.04150035567157	1.86525067233854
-0.818199674769863	2.48474899014203	1.98846138857323
-1.55446955359115	1.25852449974525	2.46331096899165
-0.385381413605885	1.18912136374446	2.25706753390883
-0.880561517707067	1.7732109321557	2.45406662010999
-1.96245374900041	1.76626871715808	1.95907637729113
-0.965457301847615	1.0435472582154	2.84108604429259
-1.05260448647853	2.91390794461502	2.51320233617111
-0.319982580192071	1.58253168766468	1.7575635382103
0.708953909608186	1.6418373381135	2.33448831225193
-0.0162441905712738	1.74822223234584	3.16669523341217
-0.126883714782138	1.24187270294721	1.9638885326803
0.833787326261374	0.355907041414237	2.15276354407283
1.31875040219574	2.04897222607209	2.99098721070262
1.0504933861683	0.930870830136293	3.41168598791897
0.818441588324525	2.15801257697461	2.87144275272899
-0.114566399287145	-0.422052666155311	2.99339082647321
-0.0311285590250864	1.32751791903061	2.92990083104199
-0.184549791713538	2.13379191073198	2.64066398446692
0.217099715333249	0.571685046297207	2.81998386801074
1.02177653845909	2.13880210611788	1.50162976086072
-0.232043430504659	1.85025627131257	-0.719894250537414
-1.98359718494281	3.50414195093485	0.419419104560658
-0.25966831079419	4.27887177756166	1.67010877388308
-0.256587640625916	2.17966764323736	0.702118352101575
0.76126027469194	0.120652558311336	3.06271473359758
0.620886318011298	0.562851189242376	3.15868181964804
0.357088269786231	1.41458641036276	2.53778687387953
0.583214456673532	1.46493732648617	3.05394854749533
1.15039928531657	0.701529478848846	1.70248662282442
-0.617619006788501	2.21476012073903	1.56634801625761
-0.0328078860669072	1.77826950759664	2.24793942838817
-0.278619347355744	1.06927466841032	2.5400787214391
-0.25414961601634	0.573855298191773	2.18357631389369
-0.9312120490122	-0.712353176853743	3.1148190829774
0.39065220018747	1.80048213637532	3.89989730201845
-1.25731122914551	2.20582632233534	3.10125843206026
-1.35769455092081	2.60783471110857	2.91156081893244
-1.13959844234851	2.92030454080755	3.94044857964064
1.05819729066883	2.33164381461946	2.75726226825548
0.871087766964972	3.66692245399046	3.31950262897852
0.0180197578154638	2.93407402250171	4.26848664222898
0.827543687810952	1.99838823508703	1.21592128375738
0.853011239021569	1.93876431350933	2.52823933729581
-0.803019187650999	1.44593013956471	3.24335736934199
-1.07192494191261	1.76581966509229	2.4267047109729
-0.152605132625597	1.7641803702616	2.27169383855784
1.62280056354149	0.232246190841025	2.84825671380388
-0.523111232914226	3.30577284272273	1.61002908970318
1.2737161237175	2.44660669155485	2.95011939067393
1.70912188864187	1.28128923959842	2.9792065394092
2.1618518856348	1.99664819312688	2.29160126533717
1.21542226835178	2.29340431624968	3.55972192078272
1.84781926129713	0.783797469517389	2.31637589176763
-0.703290521054699	2.74296128469503	3.59062033754852
-1.63462060850583	0.706526099213724	3.54476793166164
-1.09350926570976	1.76764351145069	2.42857672757595
0.347111164674234	1.33244148215325	2.97067280259723
-0.682665357742861	1.97047213707244	2.83797975595458
0.0645463512270536	2.41620139515938	1.96626998858947
0.440814640974692	2.55797498759711	3.77315902081876
1.96899041759419	1.71945291058304	4.1382677278195
2.0695582304168	-0.938518915772489	3.13903815681372
0.158280575295573	0.779344182907686	1.89496629303986
1.12238454986558	3.23066679381439	1.51687719768701
1.64170241750596	3.71534060556428	2.66394762696941
0.189957382903475	2.52471015211392	3.64026654731856
-0.680597521334424	1.7328303316285	2.82795108197985
0.367532312798492	0.905378281592727	2.56601189333955
0.947402462981831	1.64799769092242	2.05491232538726
-1.46435456373222	-0.367119411911591	3.16328672877784
-0.430884697595061	0.78142569598412	2.35598219179336
-0.0257677862549699	1.71406799226103	2.92161529841859
0.777015172836916	2.98361600813567	2.25398885346986
-0.0109432549542068	0.219814023066398	1.30034860143433
0.483394080293193	-1.02503901148257	1.96568823760003
-0.594964052467448	0.197004030538689	1.7082963515719
-0.651568844954066	1.86308775412966	2.71209064300267
-0.492442934618816	1.82912398575808	2.42743906895483
-0.167687775822453	0.347796977457769	2.35212694254975
-1.53702518121165	0.619578358100181	2.60474855381904
-0.320535830128934	-1.1422475879851	2.83359649554335
-1.51918673768	-2.216547743907	2.52135227788782
-2.74478088998472	-2.78300687264867	2.83808400929109
-1.50569648326822	0.958748593862305	1.42522887978817
-1.81611532053121	1.24496149679493	2.45155224919906
0.55218938349524	-0.203203601414785	1.53006395207837
1.53236103560386	0.998848523072519	1.79817715433153
1.02358815828794	2.39675241709884	2.17227655330391
-0.964059620090877	2.06930646988452	2.4763624917996
-1.04879627536048	0.19753770392925	2.96760963668934
-0.809599269816582	0.783009746271902	2.48772169095881
-0.490023547644559	1.14984482261034	2.09947748292727
-0.587133934234962	1.09778715010445	2.82024106174184
0.325223030698639	0.164219242874305	2.78636221262847
-0.744925299128315	0.408073920226945	3.04092396056143
-1.03172068647355	1.98771036901644	2.24323128539369
0.128447751315869	2.49039472397998	2.15328305823155
-0.723494413069575	1.73185940551098	2.7466950223189
1.60188290109267	1.7607612648798	2.93246910600053
-1.38359008891243	-1.04238912732924	3.02121900488049
-1.78481221531478	0.564606177139665	3.11124006882639
-0.122772255993511	2.80009956981698	3.2274166881713
-1.41916881738579	0.22777875014601	2.36719409737526
-2.51542522725845	0.811228066122554	1.85914489526492
-0.719970945838255	-0.243870076483297	2.05676343056647
-1.03146867006108	-0.216420605608399	2.75211642391661
1.26443026992556	1.41561514071941	3.88348029236701
1.00477292673926	2.29499254423474	3.69220129393858
0.911220779499144	2.73975888117771	3.41314291744745
-0.833522600663015	0.561411991073603	2.67662909374221
-0.875074097773204	1.77257609960424	2.41591184670155
-1.48688026662405	0.86251672704318	2.07093886758975
-0.972303942999864	1.55037219527359	3.25310085363261
-0.569088632465903	1.47318587828222	2.37816609554405
-0.5775970996329	1.09762454357993	0.401025715282729
0.33021755111824	-0.944200485837769	2.15918735023717
-0.31275573627581	1.255656495865	3.30120296322272
1.00148610752305	1.6616359305431	3.17624047151145
0.513477833298094	0.102864358001144	2.98477751505051
-0.551113321485238	0.590017407704699	1.76172144399638
0.899029606904425	1.05993198587994	2.57556225535901
-1.28149288624615	1.13730691246532	1.0234165795319
-0.36312855564639	2.23445821105289	1.41285672622182
0.605963956411703	1.91270052775199	1.84797542636579
-0.182863889229035	1.83585526606618	2.44951453949221
-1.43542651415005	1.23972989258304	1.70569373287425
-1.49742594418891	0.509887491548053	1.43001679885862
0.00573622872977597	-1.16779728322817	1.82431249477226
-0.598440591047607	-0.363029746858143	1.28829396067787
-2.40459189235513	0.551788075965741	2.28612484655454
-0.774571267961711	0.342950493282316	1.17459434903439
-1.43233856464055	0.211856980278802	2.27014135886287
-1.7385806515511	0.671705943757597	3.84784517211322
0.351520424280541	0.785826632253795	3.64187930192812
0.617378475979767	1.73202089654611	3.71292648066055
0.0109692313457208	1.65466509524524	1.4175362317145
-0.284288898668669	1.82183065613886	1.17289380468565
1.16439364517899	1.73547399792145	0.910760999227299
1.12650188268514	1.66469997326692	1.56163510746955
-3.44242171685818	1.41879940603787	2.3091553752182
-1.81010429338072	-0.267678051187743	2.81915055657328
-3.72364814955579	0.543127769009024	3.64249365451701
-0.988119232572431	0.29286617038856	3.092444125622
-1.3252054348751	-0.047328419415121	1.92925677173813
-0.56549254683025	0.693123849915155	1.11514909766034
0.280143568839173	0.910612320577614	0.688665451886374
-0.429795120719569	2.06245345403346	2.81274766351602
0.697065405376864	0.725689189157919	2.24073531255104
-1.1086329259516	1.67294875106771	0.864028582929108
-2.15811938385968	1.52570031330064	0.921239901804169
-0.532842671810047	1.20549831056716	1.72663454545817
-1.40242328799188	0.946670206467223	2.18341528784775
-1.43507970815265	1.22257337263671	2.07156658691691
-0.710416320121373	-0.0402182756876239	1.10524593909596
0.344743047459983	0.913963868923863	0.964550806182032
-0.676730578762585	1.5954721713418	0.689380522562121
-0.213099717224262	-0.0761894683668212	0.512845408498864
-0.437766361386833	-1.24826270319787	0.355409793017957
-1.9747551077234	2.21514127287148	1.12489577800003
1.52606750885939	1.17688336109209	1.54234932318026
0.960584997253807	1.41917399599399	2.36923891650409
-0.72466739075011	0.0142841566731451	2.77577818101717
-0.762665536047296	1.57929966179923	1.66009653629846
0.237140213632381	1.03146952296351	2.6016368461868
-0.411200104903743	0.341245186506387	2.6453496911496
-0.705598760126991	0.649817653820004	2.51090839086361
-1.38493304869644	1.32762090714071	2.41390088247195
-0.390204341681487	1.32443292052171	2.03718530324946
-0.0154958113673869	2.14847095298004	1.65298776881454
0.212552464036201	-0.687370823926747	3.82395440793868
0.770632667269721	1.2814725689672	3.59014953102545
-1.08199949233999	0.792928106596483	3.56370073154713
-0.352900601035063	0.270618820978242	3.46664364660556
-2.1012755575156	-0.404652430649225	2.55303908435363
-1.07033297395135	-0.415025588340678	1.64672950126881
-1.76394574966526	-0.0619209866373463	2.52623953018105
-1.07491306752471	0.933569297751802	2.9309433703921
1.86611867672255	0.953472536395875	1.54339628345777
0.421739485423321	2.18658180398892	2.8955861241895
1.14870238016868	1.1256187843056	1.92109457544487
-1.01776925911198	0.653566635192449	2.53946328513005
-1.37886069471023	0.631792175937834	2.47903635820228
0.0185834420151211	-0.371987378837338	1.13880164095946
1.18221459418505	0.91424231660179	3.03089302278407
0.459617714320662	1.14912400530134	3.05032889453961
-0.929362571314579	1.52199007814514	2.07263743980955
-0.396756673896008	1.30042063898313	0.894414548226172
0.443705643330504	0.813528354620942	0.888973911057523
-1.73330192717152	2.45035858465071	3.09375448235637
-2.0086386684192	1.75572158038209	2.84960589650695
1.10699941998503	0.831398663827277	2.976643343032
1.15014456141393	1.40475536245773	2.28012229481898
-1.16083007470344	1.5603388210247	1.8569126499465
-0.704884094093945	0.609570009533289	1.57300029033493
0.331853868488679	0.489592068377484	2.35422567336827
-0.468360297255085	0.787253732262145	1.15890438099963
-0.152364725581264	0.798705952803131	2.91237718524703
-0.578730494246155	-0.0803232305193334	2.82634370660249
0.665621362376603	1.03008757728132	2.50591659827167
-0.566776743625178	0.564089886614003	3.58047177397586
0.720307744258952	1.13871010379219	1.42731420752268
0.663168416505368	1.05884287238034	1.38803284673248
-0.778893312079061	0.630990428381813	1.51245788671314
0.0272694050547694	1.87809237447699	2.96818203161829
-0.273357688594271	1.08114357031049	3.1848782496881
-0.110557701250422	1.35227967896283	2.83088438605401
0.326983785880976	1.89086012159025	4.28330393112482
-0.833336816985651	2.62376048078338	1.90820637217098
-0.297280468363538	2.66889894944284	1.39540413576976
0.720451458706232	2.45167354672164	4.58970519069763
-0.801891754239291	2.07198267905718	5.2458181342493
0.0867778923733996	1.33960735938472	3.98465795771178
-0.967201082249612	2.338212688875	4.91521694496084
-0.114478354731604	1.50138196280106	4.26446733823886
0.295570811021387	3.00079647969	3.10033238284607
-0.16637223188576	1.42816343036463	1.77510531636317
0.538806226529218	0.673904669215694	1.0351065658403
-0.458527944632785	1.22912782989197	1.99005986984959
-0.564175087530176	0.247791378455712	3.06403032226098
0.0396667029056647	-0.498685786877581	2.29591319535705
0.304488298994274	1.44529221194336	3.30402883185119
-0.137376066661425	2.75420461161692	5.00030111689425
1.01877652980689	0.238108436598408	4.28845471983196
1.02603454345435	2.05413874458183	4.05957804598102
0.744675201504929	4.03792013730843	3.86236271013244
0.837819800795328	1.53661332531331	4.95604555346264
1.10462419165336	0.683112383229669	4.5871746361901
-0.29262921964735	3.62220452400884	2.27948732972658
0.196503791318414	2.57588833146946	4.28502281952241
0.373566722467624	1.45487469679442	2.77524061036145
0.0324575252129827	2.16727403403728	1.913465689212
-2.26844652515056	2.14737429178874	2.48675850109259
-0.914994058671964	0.811192103421429	2.70959863708804
0.245101188751487	0.828914144761448	3.35133697305027
0.847539231712021	1.14936849866774	4.68968777264965
0.922356985772682	3.02831473800722	3.9164131429228
0.273036411977719	3.17535809813877	4.51380806088891
0.246245023568139	3.82644890452885	3.35145056730048
1.30709368374467	1.68432555902885	1.3068598208536
0.656740704585364	0.74844049967389	1.58307849677047
-0.0761849459544263	-0.367506428524668	4.17806225267876
0.660991934412277	1.93635508883933	5.48216533940139
-0.60786164462653	1.227858794772	4.34677086624454
0.119246429990945	0.67936505643672	3.33620556391408
0.350670522234238	3.0853046352557	2.77788115628859
-0.148513366772345	4.46890115328982	2.77606649609939
-0.615256739157158	2.47737549257558	2.13294296771219
0.0113144733242213	-0.298205414147604	3.20449365519269
0.396985185810941	0.117876246976745	3.40616811336416
-0.0581525292156354	2.51121639014235	2.11339693162149
0.522448088035779	-0.176568778495278	3.89824129986856
-1.2109431316706	0.336100495541635	1.68961831862107
-0.064163482008411	1.99196437167608	4.2835679780963
1.07768738434172	0.970650771370719	3.6580335499584
0.751059819274741	1.2676294116022	1.61174290322157
-0.0263884156999477	1.20553867627679	1.61174746031353
-0.356514786433308	2.91848055186299	1.18680594780778
0.353282370528414	3.56656012441064	2.91793003175339
-1.00374298767715	3.01705238870102	3.70715574034276
0.129586628020789	1.14708842147004	3.11501763614901
0.387916264484291	2.7770302692137	2.38540450862905
-0.495513280952054	1.96678601567371	1.98816450301285
1.06327306535332	1.79462847894083	1.76948766732022
-0.172070216046716	1.57826534531947	1.75089250650325
-1.20338519215081	2.15927000803363	2.14150589481555
-0.609849284855453	3.2569543954395	1.87883882215921
0.62444499753233	3.04541906621062	2.19377669130123
1.01834218108566	-0.0754409414896127	1.00244482816864
0.363956912654529	1.64753362193269	2.89928343182734
0.831559664597393	-0.496125145721966	1.64983204333705
-0.464793572923293	0.888488979566459	1.94571913070672
0.36929674618387	1.22555419439138	2.43558425708141
0.331335358892597	0.613302081103583	2.8423720168844
-0.469770248522891	2.39235930161168	1.5819779344125
1.14030657895936	-0.771151617234367	2.0581674910519
0.426719735087896	1.99164695081815	2.94152349302189
-1.63020623264856	2.25549353671961	2.56534838059686
-1.19388409102782	-1.1514271119399	-0.631855452968357
-0.632601904644077	-2.24045478841909	0.378393838334017
-2.20385583649297	0.659288990763498	-0.118505619696459
0.38607534628854	0.43778882152806	0.701224911985683
-1.40366411491602	1.14685753489598	2.5403823431201
-0.410500582675123	1.78207161385904	2.87837691307826
-0.602850392316841	0.565943798051119	2.31764304737664
-1.43995506710343	0.722941529775231	1.7709891253425
-1.06989127606475	1.29047070138542	2.06051267334778
-0.158880445770096	-0.148155672247694	2.32971485496934
-0.00438489742736221	1.50102298437967	2.14256441886322
-1.09709172010882	1.1621970491271	2.34744031460669
0.914340579115247	-0.596088888652564	4.44710777693077
0.000952901623135105	-0.117113796471155	4.81864080745775
0.516664701480523	-0.844814838333514	3.54866323588711
-0.40079501826354	-0.0101375099617301	3.19722239413375
0.709250590550265	0.13533413093006	3.42501773453537
-0.821774901257122	1.78673171953843	4.41414919590033
-0.318085074223904	2.06691118662618	5.04389075066564
-0.26960744753386	1.46563250765952	3.9839842741429
0.608887905204806	1.20610177141009	2.50478336050881
-0.487179001290834	1.71061061626752	2.45902475560001
0.779605512555539	0.892675491646461	3.75545875171848
-1.29539375598479	1.16571411315017	2.57938156788799
0.541582393307566	0.848905383746896	0.65539513569719
-0.675592777302358	0.722837795099159	2.65619653564046
-0.108122978735898	1.36462618589082	1.25569968708688
-0.355202359714729	1.27084965773322	1.05471084753461
-0.257012002323318	0.483304725536604	1.15328626514201
-0.436371224323632	0.855725718530846	2.1000196273244
0.156357609471925	1.43103448405348	0.912911994368335
-1.06863946399059	0.561140682596071	2.41425876140687
0.320701829764829	-0.236812221949551	1.48199349183023
-0.225659272833379	0.697102772338572	0.972690643361313
-0.392680882125798	0.186675606868027	2.98815997205247
0.53584285043443	1.48428588924904	1.26015660792328
1.57335592145038	1.1505676435709	1.71798205257545
-0.664635583890806	1.22289221026761	1.66705210314522
-1.179933599019	-0.277030656313654	3.06752091650539
-1.5200850443147	-0.376310005834294	2.64102400280797
0.120894920327205	1.55249350018924	2.67018788396707
-0.823999247158655	2.78519150651354	2.42568394212992
-0.151659303923402	2.66669960150008	2.26236762534772
-0.490380277337344	1.35371703386712	1.90016626960071
0.287747230920222	-0.671391568167262	2.02226759314981
-0.132503654374766	0.615193246380414	2.41271205310393
-0.135973122233226	1.13241355439731	2.10352231859513
-0.311450047467648	0.335150823505437	2.07908159038709
-0.42050556400738	1.47405025942517	2.68022389140595
-0.201533624390281	0.259185870712709	1.97258805459984
-0.601617304000768	1.17070332170023	3.00886544467179
-0.116723607433238	0.851983605061666	1.82673993100093
0.190694435785482	0.712769174769993	2.15702439776614
0.676066173070771	-0.442968533085268	2.23272166257018
-0.684332639186985	-0.452303647499162	2.7588073634751
0.617133648656629	0.898509722931529	3.70862595510589
0.721026292698023	0.988840159461897	3.64056670102307
-0.0993261216362031	1.42893658682915	3.05780130208586
-0.444535065407424	1.93440689326714	4.44486535573173
-0.672078614104967	1.87468837567706	6.43282003228118
0.285614199732113	-1.21091949120658	3.82787122543765
-0.71489280480194	0.774483043097484	6.36063097148053
0.0472802330931337	0.879416869739432	5.59836986210945
0.567866578829154	-0.183332702048509	5.98611499955508
-0.768622715510026	0.630982949777564	4.15179235389239
1.52695808358278	1.32563634634546	3.86391801858185
1.95220280939833	1.83108813475487	2.44963530610819
-0.786911967265651	0.218613506722623	2.84825308294763
-1.06332536510402	2.12105096107885	2.24638726538754
-0.765979276073525	1.21509535023608	2.91025587974703
0.794354019363606	1.72659900475954	1.39906354767921
0.571455781358753	0.412810970468423	1.52353108298135
-0.517237304868413	1.63100612189244	2.39397801093129
-0.632521008404522	-0.0336470110731623	1.25728391348247
1.0499220666022	1.63609891819218	3.52293706849194
0.203783784208396	1.91034808606155	3.49477597594872
0.0165624940206019	1.53066246743084	2.08413791017227
1.2209866581687	0.927843904552025	1.85057758561865
-0.543172676567388	1.76646641734412	3.7929753012746
-0.564948410318604	1.30980855535238	3.02389059934233
-0.32771412574427	2.23509656596849	2.83327805922985
-0.638967914220052	2.20824026737022	3.97880487531454
0.631315331095865	1.02170161149785	2.40214575139362
-0.0837490000055001	-0.552222724921788	2.08067221412825
0.247461670441719	2.08559092769018	1.49660556143363
0.142805400178509	2.291411070517	3.56467466193623
0.674900337799868	1.99702747024919	4.20721159579777
0.314912546445626	1.57208207975275	3.95768359154319
0.814879332347648	2.26499938561963	2.42399341663465
0.0775891767006139	1.77670568038189	2.23493913044719
-0.845987777680066	1.14947906679046	3.53106861185145
0.410814988685954	1.92709080858361	3.33206098573771
0.233468869237299	1.7131865390412	3.53898340691851
-0.538414743160779	0.548762398715262	2.93389245611571
-0.967350738538224	1.66855675578624	2.08544017685311
-1.43165245506819	1.4302628039288	1.54995606557468
0.079629787701568	1.19609107342739	1.93463904510825
-0.204866438280798	0.364411049261783	3.15436842767323
0.450357010919595	1.21347143011944	2.4003382733788
-1.12276897500787	0.906822682369994	3.25186745848569
-1.06887732639227	0.96856418793597	1.41095710903317
-1.05050227163575	1.07377354408714	2.83491504155094
-1.36480867880252	0.61337122717522	0.913357566771259
-1.36480867880252	0.61337122717522	0.913357566771259
-0.857470052108893	0.27687031985466	1.63292044612863
-1.2274229169795	0.531909338273723	2.24485799870801
-1.15421710504358	1.00762100075626	2.08697036756682
-0.308622114196519	2.09184167170792	0.89496683317519
-1.58629039416772	0.976768968850337	2.1393392984477
-0.873837940963911	0.60650439993952	1.4422037642233
-0.431361735548889	1.92065280882668	2.14564817907386
0.0850677290510933	0.93785353376629	1.24050085689839
0.989495591074195	0.901687405283076	1.68462659890056
-0.392574306582281	1.55673530069205	1.34946824691371
-1.07668503900766	0.525827016888973	0.215321078403684
-2.45151025551548	0.524261392824189	-0.538576980955179
-1.25930845416954	-0.00805574747962332	-0.178778361070525
-1.03921417599974	1.20915934159607	0.572808002884164
0.793566160089287	0.635721415630952	3.63896733686392
1.23777372383991	0.801209132307439	2.50339002596769
-1.06648018774135	0.726543486431318	3.13508989297448
-1.26119735828406	1.10367619071233	2.0225120306226
-0.259684507218045	0.51191128585189	2.66563516985598
-2.15053843049658	0.184686364262101	2.9303147211603
-0.629760678674978	0.888203370946815	2.1119825897333
-0.949330355929414	0.570450303402346	1.43759174957064
-1.47328933729505	1.27904033757276	2.04223728739632
-2.46085606275694	0.69250008135475	3.1148035646395
-0.291327198552789	0.999542407199541	3.31577217790976
2.6381893732606	0.36763589922363	2.10591243319203
1.01980280667631	1.0455002635637	2.41970254331832
-0.673367458159782	1.12622874721356	1.54651149719067
0.858902894002096	1.11915456221616	2.63456220395614
-0.261947928898614	1.62424157585415	0.502058288085924
1.45064208265632	0.986704025567267	2.13028176200155
-0.362514867300545	1.46968512498999	3.83961042104364
-2.90449256190353	1.06932964567258	3.37340580775075
-2.19000291598566	1.12107064392017	3.7856622881576
-1.36602294591597	1.19295494043564	2.22861861267553
0.027419113523125	0.835834686291091	1.5755252203202
-1.38081379772724	0.612610160791159	1.38178916307271
-1.62902463152123	0.799770387349367	1.37875122408929
-0.50251857336744	0.79888512929237	1.9221671451264
-1.81875324401706	0.516344566223478	2.49062070657651
-1.4653940772291	0.678142676144741	2.52826585367138
-1.7959501680358	0.800044347916175	2.7336071165082
-1.25478073453782	1.10158706971255	1.42193399139974
-0.875308153540669	0.7830939401066	1.65816653799425
0.528408119975672	0.388930683050011	1.87968317441748
0.604840815858075	0.441999090815555	1.41366435558597
-0.550121090661405	-0.223918075986116	1.4122090807709
-0.548984799534053	0.693512494347451	0.756997214763949
-2.08063081112057	-0.383602721161966	1.8314794026473
-1.2977940416339	0.804427873817941	2.88414223074907
-1.02601404477476	0.988484011449138	2.40886487583966
-2.02795198569707	-0.689859706938841	2.83613025781481
-0.731463645404467	1.29307189075092	4.08605497709434
0.067213336073602	0.85254118369143	3.66180147031168
-0.151807036599639	1.52998524996525	3.33278872305012
-0.934520683380994	1.23678433921321	3.60556012333471
-0.901836023772438	1.69933122337946	3.93221533249442
-0.793873921337612	0.857192722531585	2.57396612940579
-0.44660338454275	1.00389238428532	2.26704970238072
-1.06696269160856	1.7788686401237	4.2176317814386
-1.38079742559097	0.544021321860877	3.43998390099291
-1.23140553045281	-1.35052595216942	4.14712436289992
-0.218693035019121	0.602605256901087	5.09602384695504
0.474606249927833	-0.0945800000884444	2.31022020749646
-2.25965528146946	0.316966164326905	2.03071858978662
-0.78746782117876	-1.3483191277356	3.26173647770037
-1.05952482018897	-0.536384140838216	2.56784236018361
-0.670548890196004	1.43084689432997	1.82760099361086
0.552212582974337	1.03464017468874	2.78337806753496
-1.68748141105348	0.124331403214265	1.34689216246842
-1.36614712830819	0.0222631924480941	1.67419905823869
0.0310564238579193	0.881380829436416	2.48827220976103
0.929822271975487	0.837884600495872	3.53276470612025
-1.06889858553722	0.416864913567966	3.03871649522591
-1.86680592033777	0.540518025638219	3.45207517386109
-1.48678317078946	0.901143158427891	1.8132454639755
-0.299297149911432	0.676195364476916	1.55285283897524
-0.560026167448803	-0.129308075305286	2.11197464112667
-1.61036654179193	0.803370799740007	1.48086765451749
-1.25297763514956	-0.369191075317929	0.692499150334585
-0.56302866965252	0.367327884210109	-1.22857438191549
-0.235412392401792	0.0231475956603315	-1.68532321175214
-0.200283469025452	0.577284724705496	-0.779962903188984
-3.02374522608763	-0.205936193448812	0.715528532263964
-1.81695128210017	-0.0253208107117251	0.081926710346688
-1.33932708231202	0.147631736962501	-1.55145105881561
-1.04005354742617	-0.683313112310601	-1.95851655710386
-1.12126521651061	-1.00312557416927	-1.45072394924138
1.22086245729427	0.284983412979142	0.909194228464839
-0.976447696211466	-0.115727324208214	1.00990724352528
-1.01851658297033	-0.484631138012774	-0.41857255594376
-0.27447884767188	-0.480660572047318	2.27120558599568
-0.970269701829545	0.922029633708058	1.85794641130879
-0.934004724354875	1.38594505086211	2.65846108254861
0.471342412952488	1.11110898663184	2.00394813058641
0.250583133855695	-0.163339468826317	4.253132356889
-0.675557960612112	0.121390709335863	3.17992640456829
-0.771787869428532	0.39281855300878	2.09705491403889
-2.30174011450568	0.57582696556443	2.60626949342326
-0.922570254688597	-0.357039813331377	1.06922511706955
-2.20194574948686	0.00261757135675478	1.77639047684103
-1.06329488679521	-1.64105963439517	2.47823365621878
-0.0022821904604361	-1.36743156509074	2.37802583970807
-0.570561973698708	-1.40281261353238	0.720803824348171
-0.601663684897704	0.561049204529177	1.25103461670813
-0.0102593117086695	1.8507816477285	1.51969262585375
-1.76586736106444	-0.0656970051130994	1.7269763238686
-1.31558789235884	0.000535573664186939	1.25388186441054
0.133252140110381	0.988114095503866	2.26108887508134
0.625435008285803	0.754655991973237	2.05911811547731
-0.566475178335888	0.00923946354608596	2.14018967054778
-2.05718456434545	0.0554402836618106	2.06590148916431
0.366631277029174	1.89618619684023	1.08431378244998
0.205188059500408	1.4827331500308	1.38778156786675
-1.22089553822025	0.151307406528602	1.71237495982867
-0.954305891165767	0.848828196937587	1.32340286343487
-2.65785116865911	0.732072673733191	3.09486189249213
-0.264124376900878	-2.21823915501309	1.83271770762327
0.287996218755294	-0.969514749616953	-0.371107659138653
-0.93064227289907	0.62908267490265	0.121801296476555
-1.96097075373283	-0.540195774760787	2.37407372400766
-0.249364090677316	1.16210756599174	1.88078411530466
-1.56190369079847	0.632518102889554	1.88946053640143
-1.61230310812912	-0.671674329558882	1.32458530570946
-0.731897343037781	1.11195463993387	0.892422880545805
-1.35273108193163	1.14932249578953	1.13816510254475
-2.02639470209922	-0.507891350901654	2.14795457638679
-1.75833154256222	0.140542524356305	-0.102559881949906
-1.35500199169821	-0.0599587772185614	1.74343828052828
-1.35500199169821	-0.0599587772185614	1.74343828052828
-0.365278702469582	-0.592852646914583	0.497829243874164
-1.66021731767364	-0.543094402263626	1.05175528326676
-1.45998823429279	0.652368765824334	0.0717555439069895
-0.824239832470741	-0.465897227513655	0.663590094028899
-0.923664040025188	0.349893397857383	1.97818142293104
-1.27365449001851	0.242451676714896	0.982134658732294
-0.901745826035703	0.7416552603034	1.22814825325366
-1.24798398448972	1.03719091764037	1.13821088447348
-1.69007544710508	-0.489743587013581	1.7428900536864
-0.376024458621756	-1.04453079287498	1.45945843684806
-1.55844556091921	-1.29904797992522	0.065208607270096
-1.04595056815144	-0.139244415731896	0.882577011391966
-0.976347575185733	-1.0038024077108	0.692014603767824
-1.71194933559232	0.305989603592238	2.24556978263252
-0.827514375804229	0.883541770715273	1.3127056378958
-2.41935876257302	0.557896331438959	0.2356254475812
-1.37029441637285	-0.0926278578743064	1.02688229966625
-1.33890685783657	-2.3514623080417	-0.231768391877619
-0.893021127817145	0.0778238645971436	2.42791867724403
-0.355923322456344	0.864790296868411	3.3279229016231
-0.528828526590392	1.96020746682096	2.60416718962948
-1.49281803077605	2.30036544018196	2.71689720306859
-1.76849946270645	2.23128329409762	2.77042479975865
-0.433074708010051	0.91954740676661	1.39539908913051
-1.35850239752131	-1.97246542159073	1.45510732700991
-0.856858874267877	-0.520298609841526	1.77928113727321
-1.85833869205887	0.769939082080021	1.34560296728963
-0.841814246227363	-0.167015951648896	1.29297494299443
-0.159108245797403	-0.58726611989164	1.2189671527165
-1.09264782211982	-1.01550484504945	-0.31105086888696
-2.03147236707464	0.978667325376048	-0.110767426196992
-1.49490594955694	0.254268461501229	0.0439306062677874
-1.59105938587034	-1.74810459492548	-0.144531020400777
-1.56812651896905	-0.905798106217448	0.286201893408766
-0.779337774482254	0.169045164723874	1.12635987729145
-1.69279300374469	-1.23842060128893	0.0214935718293581
-0.955664778396379	-1.83854061947182	0.15488646880932
-0.988618682862533	-1.41921800689397	1.2176242248619
-0.90641236168612	2.00099798552291	2.17718829780512
-1.62985961912757	-0.550926092311107	1.55710367797788
-1.67124845247311	0.33734900478932	1.23516195913099
-0.173052527289994	-0.211025380181008	1.28213348505582
-1.22370802370826	0.686472571974052	2.61870768023514
-1.34162054791152	-0.389703435853057	2.16051327260611
-1.11497894630357	-1.26114762866835	0.559094929639829
-0.445520814087273	-1.17509468894491	1.24452076666586
-1.0003428167835	-0.167947810600996	2.06627006949941
-1.74457729140029	-1.32829361236672	2.16721063854772
-2.26554932013786	-0.508592283363202	2.83175159776379
-1.35674423168233	-0.292872640119535	1.80946713898016
-1.04644380891976	1.34741017367415	1.67490932404495
-1.40526134385524	0.107445629227271	-0.052474291328488
-1.28094681091461	-0.162559547733934	1.04814254520048
-1.86484999787127	-0.64961647436917	0.772516159350087
-0.790750435636072	-0.00145086420967389	1.86630719516605
-1.68946594901748	1.70434714595541	1.64020730646892
0.125378787516248	0.735187191971231	0.730044890772069
-1.19277400125215	-0.425113577705434	1.25337446279368
-1.24436894357862	0.807958502366933	1.6135937311504
-1.1976458855158	1.75464862045905	2.23975633526051
-0.718912708160566	-0.653684034345809	0.128769233724806
-1.02844013874038	0.962736444266459	1.71205661484275
-0.666341306313893	0.97486947822106	2.46493325080488
-1.46533264228302	0.188204162612902	2.3693650937098
-2.40946351347239	1.85249982520518	2.28377050658958
-1.17051535043014	-0.707293984673428	2.03092055380356
-0.571469699271406	0.991312621332582	0.309852542566499
-1.23206705132142	-0.0670371404926201	2.0199677423876
-1.23189601264129	0.238056709879688	1.64868406293594
-1.62070018144367	-1.19308384674299	1.77690242979756
-2.33568623911323	-0.357766498446001	1.43670067997842
-1.36391985727932	-0.91217107917168	1.59011106922288
-2.85373094644778	-0.302155225471056	1.22960823884931
-1.41357430529649	-0.171226981620204	0.148718190406084
-1.83773856961206	-0.116453118940548	0.521169035865005
-0.758602489722358	-1.94617583802607	1.76729694864876
-0.922630557266737	-1.52243259682453	0.756493982082923
-0.954687759394321	-1.03355354562477	3.80210519804333
-1.09448803875837	0.209461851509537	2.44549036286793
-1.0210855834861	1.43017288166243	2.08824766665823
-0.786079819302529	1.28228703879433	1.15950747956814
-0.48076300436454	0.405923040783	1.14298890540833
-1.12672909889824	0.288449696196735	2.15167270170826
-1.84608574110013	0.0749065124442685	2.27552825263086
-2.02409982700817	-0.359753465036668	1.09810111685008
-2.12029369214145	0.357853488466076	1.07940538244591
-3.02105513076665	0.84003052940399	1.18975881385067
-2.13346772703929	-1.38142044375202	1.34498787064215
-2.65600737232817	0.635947128363224	1.86057075761266
-1.27346584068724	0.16008144138836	1.36828360929277
-1.42114532619256	0.035431783901051	2.55183558841332
-0.647153849569531	-0.340238801100677	2.59333926884014
-1.48725642445316	0.125059777321863	2.7775469820312
-2.19906165602114	0.298340411693559	2.03364679768522
-1.05290255259002	-0.682194000559646	1.66532285100298
-1.68595050171458	0.883258476163612	3.22490489687392
-1.0723754550928	0.892393374522713	3.19599653501467
0.100545040624781	0.469795942003518	2.30892617991325
-1.80525779776291	-0.616625967529478	1.7697993628658
-1.49833872958006	-1.5934691107947	1.97627841037941
-1.28737542524874	1.31463042928505	2.41301678906948
-0.720093645479051	0.651356731804349	1.04699724738577
-0.985125836720664	0.026515355808735	1.30416481968363
-0.430598010992205	-0.317330625889563	1.32261041456244
-1.73554999707626	0.762442275931965	0.780846006753393
-0.198711334622827	0.0459947330688446	2.02806719962118
-1.39708070177516	0.720716804477254	1.88667869669618
-1.24897023366139	-0.695276756003576	1.40714176673815
-0.601681895559373	0.130602800607975	2.34454183247991
-1.54242126498792	-0.254764128910779	1.61789904261624
0.212138096636002	0.290414884999416	1.04132299214119
-0.231486408519856	0.124101362724774	2.41686888757623
-1.4785726852429	0.558619037568703	2.86284001276677
-2.75842402662733	1.61622383230786	2.61127114267998
-1.23301023916845	1.31231568928316	2.35534629065368
-1.6028486117481	1.1590760738755	1.79053798858153
-1.98857736292756	-0.141587002912062	3.54671614557559
-2.33213131410709	0.999752945852266	1.71836337349172
0.660320245863646	0.0389912113181468	2.51016041911598
0.165425385608784	0.61763203853423	1.93867483091129
0.351116659596852	-0.881841877695839	2.57283151414828
-0.356749854049223	-0.00898676569522294	2.36957751806397
-1.03307082887395	0.505600049869131	2.57763350408614
-1.84833137814108	-1.07434538289529	2.89083461976085
-2.1044038572548	1.38338816164421	1.75269448789004
-0.987855964879136	0.387320468723838	2.25556476611941
-0.524097122106836	1.75427612532381	1.37752700942802
-1.31951761748459	0.200390708247445	2.85634256858744
0.888164585855608	0.603903514974006	1.57528701289089
-0.123844320815621	-0.352726259785601	2.49470164841272
-1.3470586449593	1.03907304713189	1.43856282301378
-1.22447191746496	0.656234554933954	0.605648615124456
-0.577086657919044	-0.773545430286802	-0.0348219959814529
-1.23523782936202	-0.388288963424649	0.728471797033226
-1.72440823611245	-1.57041473199191	-0.349201010010054
-0.692977397055855	-0.0780401552662936	-1.08162738222313
-0.975737824804335	-0.598158631895239	1.60940561844242
-1.00148483838484	0.148817993292184	1.05879425724454
-2.19912036428974	-0.313657835623445	0.681396831411156
-0.490983519101932	-2.18980972045915	0.726067095617175
1.0309337414587	-0.369871824995609	0.516579551588047
