1	1	1
0.175864875900697	0.943302725924515	1.47604286230731
0.596808112939472	1.07830955861434	1.88110776600915
-0.323730814627152	1.78800189739669	1.72437713752164
2.17978083454408	0.432999921955282	2.53190457832971
1.7150536671746	0.968989226709627	1.95912681501893
1.38779563185968	1.43570553052351	1.93125154550552
1.73121368013132	1.7447333105714	2.73853061881508
0.107786565331969	2.12863700368683	1.56363080702666
-0.996467365134929	1.20149079172715	0.963864126116808
0.0773563471382038	1.74693269031852	1.45286056265154
-1.67030086580357	0.48959606701739	1.34565497122901
-0.494169081212682	1.12277409973186	1.34847628720832
-2.99381431541334	1.71030698122712	3.04740640663149
0.599029417162313	-0.591417107667767	-0.221421304573865
1.00326317790727	0.384499008667953	0.536126122641043
-0.702281467323397	1.2101717971755	1.79439247554928
-1.17408274627438	1.59453824567658	1.73820226150481
0.0878830577994253	0.973532880348282	2.91974504611248
-0.743493808722602	0.714572152034421	2.73751108229627
-1.33845018595855	1.13360571601841	2.95431294866921
-0.455039410022759	-0.505387212920022	2.86695590808066
-0.335799519948964	-0.43384471171241	2.22252186483874
0.254852795181184	-0.669381629604953	2.21435689162161
-2.87474701557054	0.448490687232669	2.37322898929089
-1.6197883413413	1.27383068150992	2.60190646164273
-1.63801466621964	1.73109666670662	1.80037772023032
-0.833926971324364	1.8688044295702	2.76696477262891
-0.0836602561017937	0.483253789777054	2.44435383240045
-2.59775433671786	0.472499585893383	2.49097474035707
-1.20684763248318	0.292728799884518	1.32524888771469
-1.27644368458005	0.00512736184150842	2.04966766371576
-1.21505083682537	-0.00285958234211681	0.916968277344796
-0.89639616042302	1.30360811476596	1.20349035180547
-0.271268377212298	0.811445486652391	1.90001766450816
-0.639556265870986	1.06874343471693	0.478126138723445
-1.11410015557877	0.810879492410745	1.62045885432788
-0.903884289218294	1.58920334209797	2.20197901614329
-1.66576603120309	1.2480795052952	1.18569368474662
-0.850251649363512	1.84333028782381	2.01688843759687
0.59567852835613	0.959296136002694	1.71270477947834
-1.07605242595226	0.421919244384234	2.44050771152464
-1.80197998318642	-0.144966037832213	2.1650879288707
-0.230880050646131	-1.79649119967949	2.29610423554811
-0.697043905594624	-2.28114850339923	1.25278449538392
0.346289507767687	-2.4674747480601	2.80798766680704
-1.79382910336953	-1.18922777644319	1.43689862077644
-0.173952250155765	-0.488932824635895	2.85112459896336
1.16560544964353	-1.49364175539156	2.73496437766138
-0.23139878589568	-1.19763753439911	1.24930337173056
-0.520460930096847	-0.909825818831182	3.38315138480611
-0.765182603802688	-0.265850904990253	2.70474015553582
-1.15364219966351	1.58409745511396	0.767793883443348
-1.87270977366678	0.899334922711227	2.15467398388603
-1.78531193849609	2.21009828990637	2.00150402904595
-0.576078088357451	2.82705404653154	2.11870822133686
-1.29557037727384	3.16091921770379	2.22472717611378
-0.588456234314349	2.28523062037429	1.73444256039094
-0.669984102459625	0.528370945906133	1.08589757094253
-1.01799187754068	-0.905057875074845	0.909384198791948
-0.703198225260206	-0.611384217961875	0.304348025620698
-0.615847535816084	0.0814222640633301	1.45399511577417
-2.55663749897864	-0.760040332673657	1.34095102866684
-1.59923803035881	0.645803956427275	1.77987982225364
-1.06296907136633	8.56469842954732e-05	2.06912843797488
0.287777633254175	-0.139623468747242	1.48770379811758
-1.75924549314177	0.94893377721332	1.20021368060017
-2.56535564346748	1.71713345569484	2.10016388787101
-1.35175249364072	-0.0692204134096521	0.673361242113703
-0.890971983416006	0.76180064193339	1.07325658866897
-0.227519650147903	1.04332599001636	1.16898030685454
0.0390601879382133	1.77443846650099	0.16532475243561
0.246461910217354	0.576532941021432	0.595228287691071
0.359977010641642	-0.091213327307876	0.703841184728726
-0.929587128560858	0.853126074551494	0.323015911239121
-1.72908415072937	0.999523209880557	0.022497500304869
-1.48555244159635	1.41046007147903	2.15354662789843
-1.63936381237991	1.45090985183591	1.66509173002083
-1.685978583107	1.73714992049647	1.28104903112503
-1.38077319259739	1.28392928646886	1.34001611283079
-1.23971980928177	1.22805019778529	0.157736519630144
-2.30217889184191	0.52785320471401	1.04419959405791
-1.98110151244849	0.538869443701844	1.65503513662245
-1.94800986693956	0.0792485021076328	1.64457077698421
-0.854933272359917	0.371933181458031	1.16153026728409
-1.80241972952094	1.7769594062168	1.39410119924992
-0.453395872292197	0.173351549360716	0.534863684127992
-2.09992689903816	0.795624518845878	0.105881180120446
-2.41238078972519	0.70853518545169	0.150320874997858
-0.869068474695543	-0.370621845749475	1.30485604369158
-2.72758468395132	-0.691598353912943	0.479222804618362
-1.80627952225231	-0.76397708492557	0.527976857399741
-2.74143104765137	-0.50468509238905	0.702498413235594
-1.43625460268163	-0.913345462973067	1.16187051566151
-0.739592822757079	-0.248569029447085	0.683769629112719
-2.38611613901905	-0.132713798020956	1.51465096108814
-1.43948691284895	-1.19683002344314	1.60472745447504
-2.68246682644884	-1.0590588841857	0.915753434256957
-0.753456166917508	-1.55114968317093	0.909546541469673
-1.35737986986386	-0.321923402807045	-0.0902596233753693
0.0879109142827756	-0.577464059487961	0.559861808544674
-1.64396882432581	-1.09116695568447	0.509183273757726
-1.32632124594504	-0.377398283994046	0.909103266549487
-0.858961583909941	1.08875988776286	0.316803150875913
-1.82722903723832	0.347393811227016	0.627126074605953
-1.56292900279656	-0.501732058643913	1.51452339913735
-1.99787751653494	0.416677273698303	0.745139810004019
-2.08546356922959	-0.391957334877278	2.85904890585186
-0.428632974742669	-2.90449457491059	2.37084390620941
-2.75090002247468	-2.17462942714559	0.937506787227785
-0.215709260461195	-1.13775583783817	-0.810875915647081
-2.42425310194146	-1.21760861168066	1.99054217915151
-1.07720459387104	0.238818845224388	0.724050103052457
-1.68613468594616	0.231348651202789	1.24182359277483
-2.03467565695018	0.31195498753916	0.459447807745415
-2.01936924963757	0.832865180589627	2.73684645696053
-2.14366431826655	0.596278970060961	2.10923639975605
-3.50171875167143	0.120584498035048	2.14808231878451
-0.502811091460033	0.639406089039538	4.16333961867878
-1.39192166979997	0.265776137899727	3.75567810841951
-3.17276241197125	-0.411898973303516	2.75470029210482
-1.11656294574835	0.11411526300459	2.25700973689815
-0.55934190254955	-0.270195999972786	2.08032631665019
0.204377753050871	-0.625348412948578	1.68354414233716
-1.2961992097713	0.654223819229676	1.34795570694382
0.536792512007235	0.347986158442073	0.894484734319345
-1.08187684763869	0.742687356198002	0.268077074915309
-0.590765007713194	0.491668919067428	1.22043400253898
0.085731560949285	-0.291903728729423	-0.592094241078035
-3.04420490672431	1.01123102478681	2.44358648254646
-0.967039974695587	-0.102917931692524	3.08449331297275
-0.564076989154398	0.492490818113751	2.17635623960565
-2.73620942633968	1.95726535787275	2.57997669274061
0.437795214781054	0.925710031396337	3.00161739713374
0.747609696426676	-0.314082475324944	1.82984479088748
0.171758311225307	1.01850272365339	1.66989579644706
-0.983899690621333	0.51503027479328	1.39520528197238
-2.04020642219995	0.588561077738875	1.50378228365791
-1.49346227984663	0.474227967098369	1.66144670901317
-0.162205209485208	-0.23928687078202	2.0149907414975
0.256060164448499	0.394548149105031	1.27345710880311
1.18308538387249	0.529850005042946	2.47489097439472
2.28984217125393	1.33967867763301	2.17980069131325
0.03777142418872	1.64554315512075	0.723932174084907
-0.0875411932705656	0.312726805495316	1.7292881870835
-2.60219615277552	0.622085663431922	1.98413587977219
-2.48642432875259	0.623912559942742	2.01514124496485
-0.43691655978001	0.611252452389734	0.723048283331757
0.523361835690028	0.383723487293143	1.30799189804665
-3.76416464443932	-0.883962640946614	1.23616840230589
-0.983577882681969	0.141433574614463	2.46328520372588
0.370792537098771	0.522619047790256	1.62935259199909
1.00214621205586	-0.176264791247298	1.20081784085943
-1.43831759343896	1.95471118350079	1.53121776406791
0.131982615123321	0.333904923004948	0.850788714606022
-1.75191517156538	0.03830388624438	2.39691682839899
-0.400873387575749	1.23627385775688	0.908642942216727
-1.88001077602856	1.3370962286173	1.16786343380965
-1.33215234593242	1.00714971920481	1.3174417472482
-0.945089184462326	1.75311597347343	1.53077032284544
-1.85543439500404	2.27347692024989	1.47726788735857
-0.589868881183231	1.4696057532553	1.05782199002097
-0.473314376777564	0.0938534254149005	1.68328321022121
-2.03034410963723	0.0263566058870066	2.2661625585776
-0.331969420916854	0.16560648428053	3.19447210946909
-2.56805185947619	-0.517549893406615	2.38383075942471
-0.967742324573645	-1.67397873673816	2.11100992197399
-0.409766328990811	-1.85968362545674	1.06215648933459
0.71099641010037	-0.923806850402622	1.15890215321659
-1.44899257903617	1.85547107085632	2.51357682479221
-2.84322100568168	2.50543179095427	1.73184680918382
-0.405910306922425	2.09671111736553	1.77394312005541
-0.723980087540922	2.74784255691946	1.89408481328352
-0.768940812113076	1.25223430091703	1.01820167402797
-1.72371836376332	-0.717401586839414	1.34975278843569
-2.25461611993439	-1.32089043523009	1.69214486003927
0.128331657916559	-0.521507858177955	1.33537743947331
-1.48987889163949	0.397207742886468	2.70808961569978
0.000994798869843661	1.00771698692601	1.72140131083694
-0.00667297689985347	1.90645195390404	1.35338901199183
-0.378421708881135	1.53693049655044	2.22730984166714
-1.87997243718416	0.929598643128323	1.8427531106701
-1.50049068952902	0.239206453464328	1.29853321665812
-0.316756735868734	1.79293524167237	1.47069185245881
-0.935356666787362	1.62183868941637	1.80802820268783
-0.893007852010141	1.08136834774801	1.01911188076647
0.296223609145938	1.9637351020519	0.78660315043837
0.523934060868495	0.967062655183931	1.43857660157722
-2.20443576448371	1.14102770441252	2.20750084109923
-1.00859209467452	0.820173577278295	1.5437761029472
1.40819541816098	1.42137311726864	1.86202917448988
-1.31655553852926	0.806476789313529	0.629438206363986
-0.615584771384784	0.73556918984517	1.29611208219989
-1.07988000036788	-0.362835653748589	2.61227240941722
-0.0660714086123546	-0.841562808057469	1.81532706793536
-0.893290306074127	-0.326153580241628	2.55316493057245
-1.36600610928465	0.613072475538673	1.43452129994263
-2.27415076578374	1.55640999161983	0.725823846220259
-0.305790802515339	0.248429015881818	0.208340304988524
0.151237299563902	0.750860775057475	0.219630120213861
-1.96782296408076	0.635331087276756	2.67247396954351
-0.733633256816511	-0.170996242769465	2.53149476635345
-1.1714319966179	0.814811550351791	3.34853119259325
-2.21700840271477	1.66121518023099	3.11455803113625
-1.53233881623529	0.654934720961894	1.97669113541056
-0.542914403636685	-0.096230164482733	1.73286721859928
-1.14453324230628	0.906200267190506	3.08400459204501
-2.48081086187049	1.1789852569263	2.28870404135878
-2.63608230022161	0.511918529685479	1.72469580928401
-0.391464172545194	-0.603175024439824	1.15407360663265
0.234218853737017	-0.722464409142086	0.833788121319953
-1.68533925408932	-0.989497119103954	0.364803433153462
-0.676865574054278	-0.818862247398401	3.27459962112106
-1.89726719344332	-0.0389162954732127	2.49023533938889
-1.74511449739813	0.518196345404048	0.979102293153787
-0.597715934848415	0.352703461201497	1.92620383327802
-2.21542228387589	0.679381394447393	2.84340358067183
-1.22238984107353	-1.04826160832692	2.07193021372147
-0.883099362264846	-1.1723387345826	1.80556443066832
-0.574672017719371	-1.37130884891002	0.151482293002647
-0.715681322419428	-1.39825046740341	-0.346317596992581
-1.0510201026112	-0.927807487933433	-0.037819771069934
-0.589252303092879	-0.463845772055736	0.472727192029793
0.292782741835363	0.169550222950532	1.60776933299186
0.0842728738090623	0.24638852755491	0.78569967641992
-1.26553121161303	0.419700968872625	0.573625127642421
-2.76817421439342	-0.365749203877469	1.8979478142966
-1.77664755506885	0.487656056485152	0.90977180572284
-0.768406958010484	-0.582469477669226	0.361754925243924
-2.65691393994325	0.907603025859898	0.307675682623204
-3.18818224821061	0.557456810821579	1.19574984282056
-2.34115862819012	-0.177638023532907	0.0552639919863236
-0.704530649751981	-0.97209819407124	2.07586564628294
-1.70826923256706	0.50782392521769	2.30658398629534
-2.07397051415296	0.152524038183143	0.383274003767065
-1.44168423656092	0.0880353335762156	1.79223607345416
0.182955012445221	-2.38972476066925	1.48618966092417
-0.731071274092417	-2.16298875569304	3.24660027180283
-1.49956911795368	-2.08580779580365	5.18470056652217
-1.09906894482579	-0.0968732485837116	3.0901662755199
-1.09492369427729	-0.519445614984972	0.707766733513593
-2.1177151304038	-0.959316867774294	1.00596848664003
-2.52186580319226	0.240615488686822	-0.208422601843787
-1.84202450582797	-0.862894157455562	1.96120892384352
-1.77601468004217	-0.540493201047694	3.43031624157386
-1.36670187280504	-1.93335939081954	2.77609410344066
-1.56394151450551	-0.836493935888138	1.44879232967244
-0.84604489552275	-0.81120835253404	0.238698148034033
-1.40168141314971	0.638097541791797	2.13272541126292
-1.68237976709794	-0.343387447390555	1.85705524390513
-0.598358786221684	-1.12111075336486	3.51350512092098
-0.410057008470518	-0.0671296264763194	3.95743100012217
-0.158701693396954	-0.416431845516347	1.09153338068049
-0.633973901499652	-0.384333713079251	1.75595546326814
-1.29895668317705	-0.453016527558452	1.51873875130977
-1.57117122777434	0.892126400919422	1.38956370352077
-0.935412909554415	0.655943415384523	1.12945249168403
-1.16890448441621	1.61805229007656	0.914099834380442
-0.364639591708602	0.743336083815831	1.57373138299059
-0.526525162558343	0.520689315972298	3.31970447972229
-1.27303214185868	0.845819557351199	4.68265728090939
-1.53179433796511	0.52006380242405	2.7055910570369
-1.66113282034579	0.610700804909717	2.02021254903146
-1.51276344655297	2.28808331350795	2.46155208580954
-1.85430530419778	1.50223630103505	2.89456059873491
-1.53479703451553	1.1628795691545	3.26677290119491
-1.28104055844694	-0.147552795392579	1.84030389552592
-1.37372928539681	-0.481809794059406	1.99646934318343
-1.12262491893719	-1.08515177311296	0.119699322060827
-1.35302250483151	-2.34945468156577	0.333715780083506
-1.4298851594136	-1.51314144824949	0.163824223414056
-1.49564174037768	-0.19037369246621	-0.415456789619453
-0.469572100784329	1.19609563607261	1.86264866248489
-0.59139592391708	1.7275413346567	1.96083205063222
-1.32983382646423	-0.894580411831546	1.94532452852507
-1.08463286526851	-0.601339601465777	2.27164231703892
-1.84468957300859	-1.29193081392663	3.65670025478171
-0.607208686390361	-0.0878360064114689	2.38745749934577
-0.495123039528706	-0.844856257324795	0.294918414077582
-1.07236074864174	0.109931116207382	3.31417589362569
-1.07236074864174	0.109931116207382	3.31417589362569
0.507320711627474	1.19631081782251	2.32925892376351
-0.222954235514104	-0.287324236349119	2.4424131142008
0.263906729917347	-0.976511556090434	3.01242843220418
-2.09337351816921	0.373425666200148	4.60505725733859
-1.42269132348024	-0.661416794795894	1.56210980919253
-1.7100361387961	-0.519414591249824	0.528010568494326
-1.29094601323922	0.195606312990011	-0.0485713171424318
-0.296035107596442	0.0676560093156683	3.38318762079029
-0.482776837487194	0.122540356957594	1.74578708923857
-2.17155911348451	0.679486552291949	2.75957432275737
-0.734095853343208	0.389412277314101	1.9346823248436
-1.67507970220012	0.488709973690002	0.320187961225561
-0.942798405593953	-0.505536809508869	-0.633755862604026
-0.889567940227855	-1.20597047948391	1.55569462605379
-2.6973299465331	0.261096642160474	2.02296829653987
-1.72629880418084	-0.523718417112106	1.1872731705996
-0.898590122064946	0.674482406710011	1.69540061176896
-2.84323435874654	0.726449318834753	1.93014729350992
-1.48738192183338	1.45550601670529	1.53417046531288
-0.438610771473497	1.32578896742814	1.78295313519684
-0.866004370741087	1.93983147107445	0.901122437637539
-0.0770341025679471	1.33465717120835	1.7700629939257
-0.938723213924034	1.61014573511708	2.8198747881736
-0.648376482336671	1.79904157780168	3.99023403508851
-1.06665824113881	2.02565877058024	4.00793645444194
-2.60412696853392	1.90841138880789	2.23515274530563
-1.25641810447917	0.24638452385612	3.0503618570526
-0.949474905616105	0.0891366108843536	2.53693301590794
0.0503819097080049	-0.261880639978658	2.95911204982881
-1.62706825441361	0.559372375494639	2.31226976636182
-0.79794805743383	-0.178844477638542	-0.438730388510367
-0.86368226780997	-0.0555241994539477	0.662842062729667
-0.55515810618638	-0.846049028914138	-1.42954394772144
-0.752385622327533	-0.660975578647831	2.00306992845219
-1.55283930090066	0.189062534298444	2.47824000138836
-2.51414371607589	0.384765102801746	2.56654633610186
-2.03175352799862	0.731926869032389	0.739444710543805
-0.262574529847414	0.00623379072201213	1.60917829916991
-1.37470489220433	1.01785978617228	1.80310747851876
-0.203703858545217	-0.0264517654845419	0.357705542412488
-1.05514677113474	0.952754849148024	0.00853364206282414
0.129824064265142	0.73919641901164	1.16390410279405
-0.820144525337897	1.12905158831981	0.0949852184859649
-2.22684799929999	0.422333408554262	1.40566293053933
-0.598993717422695	0.306696284833242	2.09118624227289
-0.722837828826282	0.21584072323672	1.60815715176983
-1.30085364325504	0.376673554552313	1.19578654965908
-1.68832610932095	0.783775155345493	2.4511890915207
-0.859132473160208	0.699179909185155	1.7627522896144
-1.35352648155238	-1.0197972728972	2.35295399258548
-1.06946627488192	1.6744893109124	3.02634305900432
-1.51495066585773	-0.371789637167696	2.92104835913546
-0.702816759396247	0.249523408627626	0.748470138879467
-0.9393064417549	0.919041634033741	2.37573524604901
-2.1798789387458	-0.648427405859193	3.69122653902739
-1.71773183192746	-0.631913675155752	4.0161302225949
-0.578160854335258	0.425057100499464	4.71025530467089
-0.832443248261947	0.787785512258772	5.09857360907432
-0.60796355205069	-0.171103687828381	4.27117416655374
-0.217710964685816	0.639419174103402	6.58188762022611
-1.10196187076355	0.582443894267321	5.58789307329869
-0.488042023511557	-0.183744963767987	5.1330944423503
-0.654321852533263	0.550737358617071	4.24311265957422
-0.296225558864606	0.888756229028963	3.81146551728496
-2.02722624667529	0.147676957580548	2.91556747014714
-1.39597276531103	0.314920584570772	3.12078744422484
-1.39597276531103	0.314920584570772	3.12078744422484
-2.02754975025461	-0.824062267020658	3.89246520111426
-2.04142399621842	0.0662167658116501	4.16683850221982
0.220380091743309	-0.271600491649862	3.05260580694006
-1.56643539226164	0.408236783572071	2.9873233391682
-1.31948812729869	0.858354424252139	2.71589538201052
-1.71434126517423	0.852998323482965	1.39363421924895
1.23245141688274	-0.800557005751692	1.17689041793707
-0.525860447122412	1.59368990035859	3.02704378285145
-1.7267130533785	2.02955999487356	2.73541241503231
0.0275412503131559	-0.138884107655795	2.01501424983119
-0.639226539644019	2.08798254836168	3.00474616390825
-0.599619522336779	0.0894839067149979	1.60457434444152
-2.77725934011205	0.71248908254224	2.55211595267091
-1.8990724918348	1.35726080840999	3.20294627437003
-0.109416612483449	1.50819098302728	5.16210599295359
-1.21920289823516	1.36247702955081	3.57089700643178
-2.23505623872526	1.22752993037295	2.48930947735877
-0.915468912788686	-0.460923059188405	1.85990661493964
-0.522775912483082	-0.461590878079316	2.45964156448237
-0.677806008994987	0.961681591865642	0.776152471961201
-0.888234125283831	1.838638744068	1.31957880266903
-1.55236320100034	0.984214958648941	2.63179467219228
-0.287050779915766	1.65247657957111	3.72334555307351
-1.37711062013513	2.18332753454697	2.60677737592039
-1.59948515577597	0.977365315432369	2.67034514335521
-0.67122581100213	0.853093137721969	2.08182891387545
-1.26193574857135	0.799810014107636	3.30666978841328
-0.229768840954266	-0.0990866209001648	3.45754447718983
-1.58600399354574	0.538806336031505	3.65645657931154
-0.488752018328368	-0.422692847546642	2.55747504245437
-0.0905854390536357	0.425962404276592	3.6550446451965
-0.658233805508269	0.181690454628061	3.22451345511218
-0.584978655192761	-0.599754731075788	2.2263791977191
-1.18739235521955	0.405966867211092	0.516185495183363
-1.15639002095013	0.355011207509964	0.443057196259041
-0.628763689584278	1.72697163601214	0.703994824826631
-0.0592225839366019	1.55819535353221	0.974444735027433
0.127127200623398	1.96823718943751	1.97408494943737
0.470982388240618	1.60959785408794	1.5371645902647
-2.28880911967997	1.94030821458335	1.72037046172016
-1.22006969772723	1.50164155437162	1.16198259350489
-1.47474010860357	1.51262054523308	1.06212506591825
-1.13798850862094	1.27931370542136	1.01150660404274
-0.633283816529897	0.824779233757584	-0.13258209553569
-0.531071960199766	1.02927419466161	0.796253909149421
-1.24736453781213	0.259467548684203	2.73934665981021
-1.33850768010235	0.801645472818221	3.3799724832214
-1.34647237743021	0.230337441598743	2.32612250681864
-0.24982897407632	-1.03060062270093	2.29084639502283
0.319490794070819	0.3390092710271	2.08562243672038
0.151116673702541	2.07406433114542	3.14120456142433
-0.688710007717938	1.3018971574664	3.76718117449253
-0.609592278721707	1.66867364378668	2.02074643635493
-2.43052192238022	1.93869473723824	1.57636028052828
-2.9076100216567	1.50745515839768	1.41430254357673
2.73751912314323	1.2453377863577	2.5965903185256
0.301489414413217	1.80036713294531	0.828935377935694
-0.832383061272661	1.30080035490478	1.46771842864559
1.95441992373449	0.708250325338944	1.89271097874129
0.371717082276514	1.4096607701088	1.21630450806772
0.558309970183828	2.60125100696488	1.21992023000845
-1.06979427109893	1.78846927644436	3.03106633790682
-1.77713021646046	1.69192185319755	1.49733263941204
0.00320834794589076	2.13776550538604	1.66650432969769
-0.336978988533307	2.57810948038838	3.11039881075887
-1.41903196694872	0.667777821735318	2.34096696292193
0.383959877948135	0.389055432531413	2.6540994561389
-0.695942561485445	1.51004319591477	1.85691806603107
-0.636784836100154	0.620110847514164	2.43575559122114
-1.56275137877027	0.641604920327566	2.55519292268034
-0.155035673969699	0.805227189893023	2.66570329198175
-1.05505263454088	0.619820484671796	2.98360572116072
-0.456632155158295	0.0987246181939171	2.93607268179555
-1.29815820789184	0.524927752050644	1.68573073482257
0.0671506898805015	0.29421007766333	2.83190962316632
0.243554076908758	1.09042387366333	1.93625719702348
-1.9205823409022	1.05832434708497	1.88288024642842
-0.128204749359651	1.0003967039591	2.31898156333828
0.242238687202441	1.09919764834591	2.01163006959422
1.05804308332833	1.69183363906869	2.73106083660686
0.0951776159056654	1.83085338864633	2.16913018579186
-0.484510338884095	2.60826543415083	2.34590445785276
-0.223156633023487	1.38331512114256	3.5479160297374
0.900079844175866	0.596015105067211	2.96892184625451
-0.0908716133085889	0.855040828545141	2.1816567846425
-1.18040361483008	1.52133490543278	1.89981818951411
-0.200657437807303	1.05399901864255	1.8175773400826
-0.233736618380244	0.457823654075069	2.45342418818085
-1.29643302617491	-0.362353203447267	3.92896528755845
0.797429824479123	-0.3047315055974	3.03516213313214
1.75649590033109	0.156323134646761	2.16951481920877
-0.626921925291246	-0.160345038952122	2.47398722968907
0.675644919771595	0.596674787604572	2.94726562099379
0.043543097126291	2.84592784855215	4.1855856117458
0.177786161600888	3.67247513834534	3.06123558560314
-0.864274702768311	3.11167939378699	3.28507335398599
-0.759431318603912	1.32060444692688	3.12304426159227
-0.0937520516894759	0.671105479739468	1.16672449114974
-0.669016691047039	1.42490917710379	2.16164372751898
0.655333377200878	0.511393387416692	3.02131776575525
-0.421026295881342	0.895903237923417	2.90131411758276
0.178726700788251	0.487358844550681	3.00742491410882
-0.338003301390885	-1.38694427239143	3.15856712811994
-0.429824394109906	-0.125877177240497	2.95907927564298
-0.216772705034387	-1.88172518953172	2.25685069674725
-0.382694775931915	-0.879395195761087	1.16548144580648
-1.24141107312017	-2.0004118979543	2.03564812739692
-0.0683436132793116	-0.452548570901621	1.86650701320996
1.14108755410288	-0.875843995456634	3.48140706343172
-0.25360543171211	-0.513516946786292	3.77052656381479
-1.74041605640369	2.1313733867668	2.92633644601371
0.332180022229232	1.89969167199231	3.13375400143276
2.54134210589057	0.740922266759032	2.44790948507011
-0.452672500669294	-0.0165612643083446	2.52881978728008
-1.6725112655872	0.284396769561683	2.4014935349977
-2.53194389856594	1.21349876108395	0.76195689928254
-2.78764706131698	0.480525987565649	1.95011544231314
0.400104009105258	2.206199335054	1.56796592802574
-1.98731947176526	2.04594468666818	2.07914764418505
1.12657855984691	0.850871497410743	0.348524665798195
-0.581279910385947	1.53086900755822	1.08741936622231
-1.25284939085488	0.48075756624989	2.23649405128837
0.00781836000026215	1.01497695923438	0.698892377102811
0.127059349471009	0.581038495750418	1.28972161811507
-0.910522806220831	1.02337846315664	2.21530496619916
0.435851039189862	0.788070099192665	3.12888894777165
-2.21410921052635	2.94019461360577	2.14698076162858
-3.21879023364457	2.55232749124094	1.1500325920253
-1.35837822888146	2.54422854576768	1.12907032290804
-0.37771364076285	1.911556229904	1.03583351718979
0.574886113495568	-0.00235354909308677	1.60965963949955
-0.311417142924517	0.237380562293657	2.14415303189166
0.253821770963318	0.520189260655984	0.726457272538052
-1.39470996864196	1.51028687957963	1.13005742404522
0.180761721128634	0.597732637409383	0.77654657195746
-2.00890990081888	1.84836280902006	3.14064995788106
-1.40945379273814	1.08847927841276	1.63625330110673
-1.5355153660259	0.125390250239989	2.35331352866266
-1.99586029074413	1.14974154158057	1.98697576594424
-1.80086106243446	1.53643230846151	2.39484244367434
-1.35090659167279	1.29367826522405	1.61808579907445
-0.00145167800823287	2.10086776469899	1.97806644739798
-0.595868617149629	1.61866396653547	2.33628878819948
-0.707681664768374	1.08560285467427	1.02440418387273
-0.7222713100029	1.35539481725652	1.71055983063998
0.62351858432457	1.07882601883307	0.992681409667791
-0.82280792557587	1.48267460326316	1.46234310429022
-0.823902073802401	-0.00122715003823126	-0.317698704930114
0.00553324983813774	-0.18280350316316	0.594211044610068
-0.959597353398697	1.23999754889982	1.2321181878103
-0.320690632019055	0.928361525622416	0.920498179009252
-0.332383104233996	1.26910562745365	1.99309080873564
-0.577118050425406	1.02667365008896	1.43408400974334
0.411323377215681	1.50279714209568	1.01474711826151
-0.642869452599435	1.52919532064499	0.468365601763807
-0.659621879101295	0.840319254490348	0.388444873535375
-0.446079880349703	1.32334460815414	-0.3868888590575
-0.985415981620379	0.884635085450248	-0.872102838950791
-0.906414851050141	1.01871710796025	-1.1700654290281
-0.460938724686942	0.962601724720974	-0.471950909729992
-0.823630513345342	0.64556846253844	-0.613968108293763
-1.56526006706336	1.12804368205562	0.293573693693673
-0.120434839633902	0.190431533135296	-0.293714408665237
-0.825227349069138	0.126009961364216	0.932793433009074
-0.617448362017051	1.87265075181928	2.05139112886082
0.169693000545963	1.44551461238207	3.01851501118411
-0.665734473246965	1.2545850576569	1.90710158184111
0.0916436691492543	2.07292905945596	3.1476737488315
-0.374280831131254	1.48520207672831	3.41125058699885
-0.454745323387249	1.32196470823889	2.72723282304211
-0.937653044711822	0.964018219926215	2.64631807121176
-0.256108417991852	0.869964923081863	2.47376038071386
-0.38766878991845	0.792457710200426	2.99216184957737
-0.0687141199377891	0.505125723244618	1.82743392871975
-0.650267524847192	1.68775053316867	2.74054154685362
0.0487316932401898	0.227804966678017	2.94212586299267
-0.811052531854709	1.4229897162372	2.08889843803452
-0.0847311787801225	0.873800160566829	2.98248710698856
-1.37477771051353	1.03868443076181	2.5183559303614
-1.31943527704129	1.05886290231629	0.580650261595623
-0.942968349075571	-0.831299408775413	0.70188627473697
0.431641944814996	0.202053923482152	0.431682720527155
-1.32985088201444	1.40043469894343	0.315706914599514
0.0541838848024701	0.0604132405262767	1.82688061424408
-2.11175412651574	0.902839831932858	0.691619651994944
-0.308026752667894	0.632028389132684	1.08144675901332
-0.975030378857522	0.667701208451128	0.280394565917347
-1.37183210255929	1.42957099524215	-0.423794997124342
-2.07091475683942	1.68181098520816	2.24946462305918
-0.996139082048821	2.13097749011656	1.55946612877952
-0.488158042164619	0.891992596629279	1.69256714497471
-1.61774990362037	1.61738355234995	0.572242508650879
0.862476229778144	0.525685594434225	1.55271176680255
0.402821924382719	0.557091551384636	1.46285947558096
-1.12473793612196	0.987439747196988	1.46139565286402
-1.12473793612196	0.987439747196988	1.46139565286402
-0.678140592529646	0.726852818295927	1.43768793483958
-0.0400078081249742	-0.143348224840775	3.60814537975429
-1.32691044925595	-0.148889914921626	1.7241243886999
-1.17575308508414	-0.620257416888637	1.88755989456283
-0.0435758659362653	0.019258628184815	2.57937452961878
-0.242855074085849	-0.411921562092551	2.14461037532762
-0.177289807400199	-0.877872344602539	2.37034430502075
-1.09692357320234	0.3576721929366	4.55875706678688
-1.12945807579168	0.314382657131964	3.40433926431993
-1.84374401263501	0.0471522513936056	2.49373631901555
-0.991822340624532	0.655974559874078	2.71406587641546
1.50052130162934	1.64447371969647	2.50552960909639
-0.620583466105635	0.217258005652119	1.49671975655649
-0.717618687875712	1.83099481530774	3.1293057973005
-0.596916174252525	1.53636692631328	1.03297059246134
1.39662782007571	1.68617470751043	1.57176425376401
2.35774191008683	1.4640186327989	3.74381494330817
-0.951778831690506	0.899928235428864	3.81371432611083
-0.24724426211798	1.77563049614118	4.30199518981499
-1.0936791756176	0.0951317794834576	1.90544588769193
-0.188441047914988	0.400434363019577	2.99242201544628
0.0566564941541631	-1.53906787305474	2.2704404444063
0.392985066935818	-0.676709942732697	3.25547062469067
-1.724094640026	-0.155666067049758	3.43018820475041
-0.891630055982008	1.80286997774654	2.72829784313994
-0.234559170548307	1.22827467983031	3.18738007203037
-1.15952195548307	2.54784492236713	3.70237707320735
-0.935142854843223	2.72677209883172	3.41138602967189
-1.51899786582894	-0.307413204038638	3.01756309122852
-1.11018497654961	0.114304511631338	4.60880748960965
-1.02329036085167	0.178184909248091	4.15745531087712
-0.932511811118476	1.0441777363025	2.37189917918943
-0.537283480507301	0.337288756458445	2.11063445940232
0.127059174963742	-0.4661580841275	3.43926054516282
-1.32755102778978	0.0165414840591861	2.78967822073366
-1.97249968126341	-0.358647023993899	2.26665553782066
-1.60261875323441	-0.977486143560077	2.10499810361127
-2.33947996197662	-1.91447258088227	1.92700808243447
-1.52330621667624	-1.26424320450912	1.96420078147942
-1.58478053162586	-1.13088085077868	0.673520647482525
-0.0865585749754432	-1.60920895908066	1.50505349249229
-1.14118435576324	-0.941234997982918	1.75838000554779
-1.06798656673097	-0.301603042193194	1.7410788772928
-1.31615557335625	-0.342922089618966	1.95619380501919
-1.69889440249451	1.24326734539003	2.26025937311609
0.566678680598172	0.747089006418455	2.36978406274036
0.0932691587529166	1.096527640986	1.26743965167833
-0.128843393436402	0.891387674955321	2.10382325862503
-0.888321931071239	-0.572333621002592	1.90618989955888
-1.38794327155424	1.31311250422151	0.90260399282997
-0.0284278916837078	0.699573840595202	2.66301939433146
-0.215577198814578	1.25574282324518	2.57784287445081
0.408801225584639	2.2651219933779	1.52874511354624
-0.613455497097973	-0.181195674789283	0.714472205474443
-2.05188021180239	-0.0290308826511043	0.374590150145954
-1.16822052559731	-0.109772028834763	1.53355934628934
0.0466738890039747	-0.967648091231032	1.40025442459266
-0.135728118113192	-1.9401869655494	1.67512951405633
0.271069068280474	-2.8936790664801	2.17852291096814
0.466978592929519	-1.2151293865522	2.26581899031903
-0.646208388398182	-2.00892598448062	1.80664052845306
-2.14368669700629	-0.880249538867959	1.81086195289623
0.767250188920324	-0.902834718022934	2.53373726855109
-1.79228619188292	-0.35453388479848	2.03859676741286
-0.807287360711463	-1.24847605029452	1.01430433245463
-0.222060475345445	-1.94520804495408	1.68979041048625
0.268529024937364	-0.246708902309194	1.8863572864361
-1.05555303238901	0.710630825197603	2.9703936617022
0.0120026834218818	-0.659659208774286	2.14453624364117
-0.423227707890517	-1.0635527138324	1.98203710905567
-1.36277739571531	-0.216422393087899	2.54995542677272
-0.077112528970523	0.234183266800487	1.65652369972588
0.383584899787132	-0.31008580788298	0.808882475671322
0.496187011609896	1.18727483069442	2.65828443575531
-1.10939618539259	1.97075403301166	2.53899676197344
0.658475674143199	2.43809245272907	2.5237391092435
-0.841889331100518	3.227295898913	3.04833482332283
-0.75815565733578	2.02431071378334	3.00047884956514
-0.204767105275199	1.40150527248592	3.52721144410327
0.189474036205107	-0.304885567773273	1.92175156791323
1.30940591987678	0.638669464435462	2.65654780895829
1.11482546407411	1.38341711054941	2.27388225325625
-0.0677959644079308	1.67357077835654	2.13475500132314
1.12225219916825	1.58314975701091	2.0312426732251
-0.485669992553079	0.0307382629193781	1.64590733242686
-1.80360851655483	-0.180837866912449	2.50774279482946
-1.35807068963719	-0.0288641151729745	3.25541260489249
-2.18925047802887	0.517068019950452	0.973051349984082
-0.314839028251039	0.590954984200564	2.069898862689
-2.31685216460309	1.02637506085955	0.805653897946771
-0.695240569926341	1.91012004989054	1.09834802853176
0.235673028489218	1.75863216507658	2.57108343262516
-1.94901466771508	1.68492772141213	1.83441376363056
-1.98185265138511	0.939462471751219	1.89192297270889
-0.235285428498904	1.63709505776308	1.73344585426978
0.218814859892209	0.676799200498425	0.953801837872118
-2.46205196647317	0.554273710658074	0.884647772785027
-0.661500421841011	1.48956537528419	1.83476314146015
-0.07208850321704	1.60711074109402	0.76823125619258
0.0126490906038502	1.5460891542408	1.51012003023962
-1.93383772151643	1.06239321591357	1.34528100674959
-1.09995547668102	-0.535559729325901	1.5457100212322
-1.67192027503819	-1.11172180520335	0.5874427691344
-2.95719410409087	-1.2182019810133	0.561417153024787
-3.14995646693058	-0.493505300022975	-0.574542526945485
-0.432840377406504	-1.38369770010623	2.15659363182621
-1.04415431492514	0.681215057862171	2.3766447095234
-1.17391404302371	1.03953877214783	1.64102605704066
-1.01226529716454	2.16036898010566	2.09725115566705
-0.560969428642801	1.73596078171768	1.21658089092777
-1.92071368146615	0.764324395221455	1.34700664332686
-2.1061533883795	0.547516674530319	0.779348973069848
-1.48710786374488	1.22933681299458	2.14681793116981
-1.62480543526087	0.159926769503869	0.471562985346139
0.812006548262771	-1.09081272619682	4.03237883972999
-0.299051104390024	0.984836613608032	1.5045634440073
-1.11585843993512	0.581555652234166	2.08959401432864
-0.879723079922243	0.0790010766267519	0.984661465629182
-0.379701087201393	0.729761382785787	2.22720889873834
-1.11687230652029	1.06531062473669	1.94016733648185
-1.99062447943403	1.51498369714824	0.782044190039904
-1.61239089743521	0.955255418126199	1.24209396459905
-0.730643066031551	1.84442625983767	2.61895781811225
-1.49466242846912	1.27201272853472	1.44028517719496
-1.21825476782838	0.621871536042434	1.91373549953676
-1.64955174110707	0.737489553108709	1.20393199399181
-1.76644865704221	-0.232137598639974	1.36459327373215
-0.906196190731323	0.631915557387712	0.243513334788273
-1.85338354260895	-1.2470794864696	-0.0601585813095242
0.365966527547535	-1.39897623990437	0.290868270664723
-1.25379090042595	-1.91177296775862	0.920925178208395
-1.07603902983237	-1.34130608293882	1.20194053595568
-1.18476255979128	-1.73539233967086	0.514068522673144
-1.72431825710922	-0.990130728856371	-0.000715820958219093
-0.700930447508928	-0.641398111890062	0.554872572199967
-1.03038568556518	-0.352835893227256	0.535861001006492
-1.02452849443588	0.571417134488265	0.994919996447892
-1.08859229548575	0.0782389020485431	0.97347781023979
-2.46923252136841	0.523581718785305	2.15660815564026
-0.976851502292724	0.312426627533437	3.64602158782935
1.20836201063291	-0.196971599418022	3.36041571124248
-0.339823598970729	-0.853306928070905	2.85505110100938
-1.64363460368121	1.64812866176269	1.23958327785001
-1.84743732784872	-0.113166736219172	2.75217337953199
0.0583288914135582	0.744864288481193	2.51220001253532
-0.611579475125823	2.42366629389993	1.9223312142199
-0.255093887812561	1.42731515768213	3.42461118421838
1.40369002677003	1.59975145719518	1.73147544917361
0.919819324820799	0.656880584006317	2.06978232982934
-0.94923756326845	0.676116869929747	2.91226801326072
-0.103944402758468	0.903755889827399	4.21488698256492
-1.25145699872588	1.92536978878299	3.47580666553359
-0.198961515597063	0.53001272773341	3.6949693186305
-0.84482517425142	0.554247783127062	1.04682805410979
-1.57648150048328	-0.937378758308371	3.29852931438661
-2.14948842570403	-1.45749312824972	2.81004927533541
-2.18208432808724	-0.72311160954913	2.52687944618923
-0.748017998165097	-0.962908146620141	2.40680834023013
-1.15399207107411	0.306394130015535	1.49525536943531
0.0834286609719266	-0.698240105567777	1.01319729266473
-0.964025465564811	-2.18178308044813	0.718288324373267
-1.56236823058966	-2.54590744459008	0.940799772300814
-2.42337078710098	-2.06614538862064	0.657400349468016
-0.345988003117292	-1.07349357318192	0.492371845623208
-1.58172629788716	-0.563096675392013	2.928661864688
-2.27174685365762	-0.257960909064161	2.61908879842023
-0.264333835954382	-0.896475681085101	1.07682718396461
-0.572888868628755	0.429503576936245	0.712516742242881
-1.24839677212966	0.820087537555368	-0.287895311387357
-1.17149341791162	0.58392379797435	2.21233714331759
-1.86829385241948	0.948765788006143	1.87736155075308
-1.32485949602938	0.818092763386423	0.459820909020159
-0.41785912715454	0.326813731419271	2.55558220380172
-0.468418708659936	1.17557085732736	2.65018748902583
-0.184907273411834	0.763593519611769	1.44896665888458
0.529035505396872	0.332797399904957	2.02206179346703
-0.909876714906273	1.93270873173046	2.29361052658723
-0.256963482624876	1.57835794231467	1.41943087627955
-1.67618289625372	0.261193580325348	0.717409220803654
-1.19280255717131	1.6869532304374	0.600007141904052
-1.1997181349185	1.12992013149216	1.25193146307971
-1.13608441216019	-0.0703464541070364	-0.959564546626009
0.436899789363911	-1.11265669339306	1.0989318209535
-1.37888662849626	-1.3954181154552	0.823885306418257
-1.09753802776315	-1.05503704618759	0.164450377458009
-1.42607152745241	0.580697262062728	1.03176936688918
-1.70672547885191	0.0451682714584042	-0.277253881285378
-0.669914750434891	0.967525973812828	0.182441272750869
-0.166040170955996	1.06288990853592	1.36511410445663
0.401025762707562	-0.511037904696203	0.0646032787986395
-1.85256395618232	-0.30844281543258	1.02834732340447
-1.32973519812416	-1.03423445698782	2.6151868911022
-1.49973568712877	-1.61201178705166	2.91762120598738
-1.90353671624554	-0.767900670179166	1.12979599593093
-1.84470788625516	-1.83209433768114	0.418596013070421
-2.39003743804649	-0.878928087848869	0.354079580810313
0.323205846985508	-1.26699030380257	-0.0877667328753115
-0.343003763346291	-1.61023749292158	1.40942067458876
-0.56505882539391	0.544067333707997	1.97159740428791
-1.37924760501966	-0.546082798371062	1.10635432251443
-1.05618797444246	0.610517702829657	1.0815766559876
-0.156163408670719	0.408913078269842	0.159738185002606
-1.06463990496497	1.50755091976206	0.626576710728689
0.0148084885769553	1.98085373934916	2.77279712828797
-0.998738949948025	1.2572820261342	2.35561198170545
-0.489095795717501	1.11248721123035	2.72539470021135
-0.489095795717501	1.11248721123035	2.72539470021135
-0.64134824687843	0.627632507959904	1.62200711890318
-0.844274635534642	0.975812255736444	1.05083405757189
-1.03101740275801	0.449157786035523	0.889794822300399
-0.73708288497003	1.0112665946404	0.922568111376566
-1.46119693325069	0.858218204409674	1.31822620892581
-1.11848897711731	0.630911474934757	2.03064388945961
-0.832950345925621	1.11446968600563	0.551755602164025
-0.997387951722055	0.810689019874557	1.04564623766643
-0.709192933114183	0.372076378845497	0.523511182094953
-0.929394512013577	0.933560535815994	0.266117199322581
-1.12342780499086	0.687976320344305	-0.846701227861088
-0.936532264491406	0.139649578322757	-1.00168933074638
-0.013534524149148	1.04924116191046	0.396613956023933
0.0749396862121225	1.1115420925785	0.736370167195857
-1.19689682714809	1.45850133997246	1.4250613796197
-0.54609067015651	0.17042349888605	1.17811102054211
-0.530405513954342	0.158028466798593	1.70113899466693
-0.709463051002844	0.0877682219766571	2.47932894447688
-1.29688344491993	1.26694502232244	1.23050565469071
-0.989038529801205	1.03321968822779	1.64281261418684
-1.08636778927837	0.248306500988875	3.59972104840266
-0.669040276781439	0.476999911032205	2.92062256687738
-0.669040276781439	0.476999911032205	2.92062256687738
-0.589191393984312	1.55427286997592	3.35986806844878
-1.20113458367595	1.50859424688041	2.4041810092734
-1.20350322064557	0.438574552952426	1.45952942536201
-0.979849167066572	1.0025298119799	2.37929534233397
-0.957354898811011	0.644916372767679	1.8839824822002
-1.08722687885359	0.440462397749589	2.63196387813471
-1.3467635438541	0.109962386761065	1.84571834947401
-0.317674201390566	0.132934809486702	2.31671654760212
-0.618873649251989	-0.00957487545843616	2.64667377383463
-0.278991511310486	1.38992300049174	3.16035778808212
-0.371225699445323	0.124999694888987	3.22390786761888
-0.917054822279077	1.34962235477565	2.38362953865959
-0.517305930992446	0.528695156482769	1.10559578075188
-0.696178605080953	0.869860387852441	0.162467114431733
-1.24060962936616	0.952156162374455	0.298292853741467
-0.521550339375368	0.233916225621652	3.03764805358656
-1.17034795099952	0.0235957282781397	1.92492032988354
-0.530957379349374	0.51361996654489	2.66214460917348
-1.37590797045625	1.10017019167276	1.48735016007012
-0.879457817887868	1.07284858246169	2.76773251203327
-1.25148468686158	1.47432872070587	2.32030196464098
-1.42400610180794	0.813175349358058	2.8339476718506
-0.388406126422185	1.95348167891087	2.36915980120102
0.956545563425511	-0.227347789175629	1.22502043694948
-1.52783830723493	-0.860297684517941	0.612362915304541
-0.906622245394905	0.561033732748228	2.07343630728762
-0.947758896319134	0.193027464821159	2.32525269977488
-1.69169266900501	0.467948999952869	1.85454979923185
-1.29000790592139	0.837794474176203	3.00801903592642
-2.00486088560992	0.306779957060089	3.81479904587596
-1.25918805057727	0.490329353169625	1.83941229524925
-1.02433290514713	0.276412507813	0.807350854262616
-0.702160501050625	-0.355212189107227	0.480086516736458
-0.200928989226713	0.37812642954071	1.48750614414599
0.888020314686008	0.427541520740014	3.74012838758664
-1.77682698046223	0.955997122453244	3.43456540516459
-2.21452230621625	0.378925771579747	3.14484270556087
-0.432579045970662	0.709519525479114	3.2063336680685
-0.930062226548906	0.744498949737315	1.56781598465409
-0.335891137776856	0.155605425354394	0.382527825989999
-1.31625087668905	-0.221821663981931	1.55744974406022
0.269752454470266	-0.133980011700745	0.990185730575669
-0.14853346695215	0.450641145018833	1.99284163359977
-1.41382187989297	-0.110223781931982	3.38955174358808
-1.96449963114908	-0.0183566928163006	2.21517700724735
-1.17742830443644	0.749252187468882	1.98330875841821
0.807108537646515	-0.603466095788628	2.04744494732762
-1.20588755986625	-2.74205841283931	1.03776847322248
0.00423520891018425	-2.63091269009992	1.25320860917317
-0.482925379317599	0.0584530288938798	3.04897478638167
-0.404935806489873	-0.200102129433132	2.34538439253042
-2.75464202535292	0.4890307681898	1.22186893391649
-0.947165939230836	-0.568745757221212	2.5745412823069
-1.75873970760751	0.956832489473344	3.61329763588882
-0.387827509619219	2.85223362429037	3.04657453772614
1.16670448731219	2.13659853287813	1.53715991040937
-0.574889013448184	4.40452828214497	3.60104129188611
0.596673847390456	2.71725069080013	3.8087534667796
-0.802426443341042	2.60172701811203	3.18911762736416
-1.7476211026412	1.04916517539206	1.44743510760427
-0.581636692706943	0.155802375277892	2.05125906871405
-2.20904339162674	0.510964603026055	1.49185669803168
-0.747145239206879	1.02119226458854	1.01496633512463
-1.32530227699046	2.19520030709205	1.11267303293629
-0.625853339992201	2.05940554497237	1.99858394222588
-0.189227512511684	2.26075443675265	3.37863023315754
-1.58784946691837	0.496518295737215	3.24286897160929
-1.55879912571497	-1.09244017657502	2.71057830154568
-1.0012168239378	-0.729304945652858	2.25702141702495
-1.53508658516418	-1.42734205341762	3.43791300424473
-1.40329167876461	0.255635481233806	0.319353729455401
-1.3460437055284	1.22325220165341	0.509562470415303
-1.1932481061015	0.427938095097277	0.00841825494147974
-0.596079341243493	1.09652529849771	1.87729471529538
-2.3744286881932	1.08085623539667	2.27034553643926
-1.06787489798116	1.31211719676254	2.82699766863923
-2.19708950735145	1.42231018635649	2.9798463869867
-0.886596051319806	0.300331097910639	1.52626225564067
-0.501686578032177	1.88962303468008	2.13147199975761
-0.871949887086949	1.18451935135398	1.07717259453242
-1.45741444622841	1.90390695194296	2.28847732013721
-1.85162346208675	1.93047964557384	1.667757506797
-1.98874449693494	1.14919928605993	2.27730757985804
-0.879284432375772	0.916981614912223	2.04214153650979
-1.17605300791298	1.45248349174111	2.27982873024751
0.967254074587634	0.674914187124491	1.40204603543335
0.44955845176788	-1.24746389262003	0.877952276181788
-1.52016894769306	-0.753747687093783	1.9044825523324
-1.72709985931244	-1.23682448123598	0.604729013646806
-0.619790528195647	-0.875486415829146	1.74478664850794
-1.26627838130701	-0.78084549049242	2.21839006223765
-0.949966255837594	-0.967882900065303	1.43756790636462
-1.90271381603412	-0.630586488522383	1.13905717409762
-0.675073366155209	-0.581536596215764	1.1737026669139
-0.469175921128283	-0.688707942226695	0.962832349465665
-0.949323134492061	0.330730182398351	1.55089132407625
-1.89307888767897	-2.14956367889227	1.7096901441297
-1.43379723671808	-2.24249240763393	1.28100377626053
-2.01920661652107	-1.28824168407285	1.72655354382152
-1.65980340221594	-0.496579994596493	2.17041691882781
-0.533978496228208	-0.44231080718811	1.75790911530053
-1.35131490669171	-0.468220732341872	2.11591346968216
-1.33032005659698	-0.630414271613735	1.06683256024293
-1.42923101289748	0.369933446159378	0.955679190248041
-0.115647659447809	0.516263641755643	1.38269975113187
-0.508122552690286	0.291081462747541	2.721663573956
0.995289847536469	1.15181206716901	1.22287683004629
-1.80926996665557	0.639384388544939	0.973767730405899
-1.35457712287083	1.24240629880186	1.3398489942997
-2.61939233631262	1.51643852808741	1.94143368137614
-0.244101799656315	0.584470116054578	2.73724584404727
-1.85220791502086	-0.487954943086722	1.36313134376178
-2.19033852569623	-0.41442967383842	1.2907265242094
-2.30571683770722	-0.0365813477962173	1.65199407765718
0.200315392165679	-2.23047052469248	3.66080471969572
-0.519692244369897	-2.18205044859502	1.74360676090641
0.900109384705352	-1.03646836833607	2.13425383922862
-2.05965461058665	0.315711124212279	3.72774073275477
-0.516603208442651	-0.541810631116947	2.34324387707751
-0.313680898236745	-0.494934413351377	0.965226311928074
-1.26783425717112	0.129623463672225	1.17816616066202
-2.0228127679018	-0.998965514457574	3.98795567066442
-2.19099083497619	0.25799082852391	2.00516573380429
-6.12379309565617	0.922416095787186	2.93240251390176
-4.37365491024268	0.833479976473359	1.91628552066895
-1.73047439384327	-0.675539766691878	2.1257722860475
-0.66270201435523	-0.361254278843398	1.36709219576512
-0.133827792316965	-2.60580032368556	1.23041089252977
-0.904167058210347	-1.66788088187494	1.49097602084666
0.212214963773304	0.0246779651159326	1.74422164384119
0.696447870985268	0.524829049435189	2.210738724327
-1.27655819278183	-0.100657773444562	2.42926461928117
-0.211281228779256	2.65685932060023	2.26866747590689
2.29069062345216	1.24859081671735	2.07310929855733
3.88996146879596	1.63647725921365	2.31549766471123
1.94192334237729	1.96752905683068	3.29832936217118
-1.55902941807354	3.79508937148024	2.71413043286917
-1.56675947356832	3.49733290039748	3.74552093086324
-0.348114743782818	1.94064095279434	3.77595012969994
-0.302211381866302	1.27941480505186	1.75757869287832
-1.02761414186429	2.4061128545322	2.6671291402309
-1.44087199950617	1.59564519752071	1.8074762240485
1.88358382240409	0.567408627033937	2.37081106331007
-0.255796808738154	0.0304889826495574	4.16106049112533
-0.0167167149876563	0.618484040740144	1.14783527028685
-2.75801298651192	1.73130790789431	2.66765077723092
-1.22684835454233	1.8190501433208	3.10779172663821
1.31826086382632	2.66678038558799	2.51082000824915
0.795094796830178	2.5144699745785	2.31415954810858
-2.58731829673852	1.97910266425267	2.32516837638973
-0.60612891430888	0.790553299524451	3.03271406287008
-1.01132844670232	2.05712349580619	2.46913165898178
0.926764960007047	1.72484015143684	2.24971241693846
0.583125351303497	2.69737493323388	1.38806947615933
2.38690958094009	-0.31434050357456	2.02239499229205
-0.285658619852102	2.79816722832528	2.20182856469348
0.912139577098708	0.884726906098228	1.73937723185184
-0.942566032120352	0.685232596201197	1.28433635945177
-2.03770894365328	0.339850030668358	3.46351348622026
-2.00841403529343	0.570530572756542	3.15319110826727
-1.45824199602038	0.628209417894802	2.92111064367748
-1.23236370341539	0.933776102375585	2.50701394836335
-2.54764035655217	-0.219365097184209	0.372983474881403
-1.20952450092037	-1.08661628409418	0.956788469669828
0.113762659838387	-0.519814922379449	0.346622021326572
-1.6231920019086	0.622471309680238	2.30713426140056
-0.271161635514477	0.671782375758409	1.94565380048306
-2.25116457881947	0.234778957713346	2.00580276261616
-1.03882953005347	1.30229733157454	1.41123016491553
-0.763938441568593	1.80120366353954	0.160544850249357
-0.398601170809667	0.890614214814898	0.902457188832633
-0.94001843725358	0.818846705980637	0.15438922204355
-2.00844681053694	0.906631800977537	1.91463016438306
0.398224490810727	0.979321349240809	1.13277618805848
-2.51378447361463	1.97053840085234	1.92546864021352
-3.0178160655655	0.654599254405607	1.12197444393539
-2.58214000750328	0.629005321252949	1.13088297487344
-1.85262669413717	-0.358587929359785	1.7864420844254
-0.938744615244373	-0.618284331475508	3.13324447742849
-1.20757783070961	0.0921492593429152	2.59236708591232
-0.0204730797137338	-1.20407621496076	2.04273344215907
0.589571030942835	0.0413315287713341	1.27751454837514
-1.02258946130889	-0.160020272527259	1.22458040491354
-1.42793205461922	-0.155106801381189	1.61692247197162
0.635860999647124	-1.04567557792179	1.2848986164448
-1.78914796128845	0.643905699737729	1.75713361284372
-1.30291338958975	0.320841269698101	1.8636304760691
-0.7067591849847	-0.131847118075822	2.44163233095885
-3.28156293500689	0.123651248586862	1.16359641513521
-1.59257112430659	-1.02992181503561	1.11987810734915
-2.15062516361584	1.21628151514066	1.2840661394869
-1.98693947298939	0.392550818234008	1.21198463577901
-0.65152728229895	0.388303674159814	1.36981179460344
-1.94063787972895	-0.468737885758075	2.14945992393299
-1.74339741236453	0.993638713735829	0.218093358939106
-1.69267404635616	0.844798864166837	1.84304879172191
-1.43300929253631	-0.0166447700830032	0.713066673250915
-1.70225254022865	-1.35742983533601	0.820928923801645
-1.8297829378933	0.739074384992914	1.6717465408466
-1.939710184281	-0.57540442114044	0.232821171185399
-1.21931997742494	0.709358911327569	-0.0467994546137485
-2.75165857709363	1.45654454685597	-0.182838705453855
-0.55503289864281	0.0145926012152253	1.5901431657755
-1.24030072505097	-0.623134053981767	2.68100124920893
-1.0522940708813	0.835252981696731	2.51469233598446
-1.25528417617609	0.925342938268195	2.00059366019089
-2.33486336056105	0.646012697240574	2.79480058963119
-1.58109182094124	-0.327852680918602	1.23254684631732
-1.68085898473346	-0.00386204725796646	0.731771961955139
-0.54856300245714	0.143118241274319	1.16523859201138
-2.01490052129694	-0.370144060083273	1.12833068776073
-3.04650893830691	0.503848440403033	0.88914023157122
-1.96445484569157	0.128496125850966	2.12718219738554
-1.70116965633245	0.872179187608122	1.17234415472663
-0.717241267309358	0.300664427495128	-0.0508857891966899
-0.913485538921334	0.17361481208897	0.438544860730676
-2.23950970740034	-0.706510396155925	0.836875514792543
-1.64758276205629	0.523156362019926	1.89930519214268
-0.520948672574064	-1.08184729894255	1.34046891745574
-1.56299602239818	-0.0210209500620707	-0.495747524992696
-1.59861604963463	-0.323599975642401	1.30179738743992
0.0731230558307254	0.0376026216557572	0.94943482325788
-2.6462880905704	-0.47907769460982	1.83837614680692
-1.60707859059125	0.102734018624526	2.30239401400226
-2.06332595055296	-0.816502732700225	1.78162899140094
-2.98068453721191	-0.146549530020395	1.93534573110206
-0.927793309032076	-0.716602102840369	2.04768176963691
-1.73078894830616	0.127389766237465	1.97001848816539
-1.22198204407543	-0.224821386395683	0.892332189330436
-1.33077568133523	0.973955128216655	1.39955658728821
-1.08567768250285	0.689678810899356	1.40157545505749
-1.81246475143107	1.40136826878811	1.26151066414675
-1.08976086812862	-0.449753002911606	1.64645820368528
-1.86073122394418	0.804031635451663	1.28241523501466
-1.70333610746377	-0.366150181517208	0.202746583492801
-0.721687529236447	0.283595885430924	0.79564114134086
-2.20292007727253	0.353655553377023	-0.338290652239232
-0.384960968735049	0.797850868628361	0.154716489978397
-0.877878839289197	1.333460574559	0.874138250539452
-1.50984447243277	0.93109448597371	0.922495759168617
-2.37027941044156	0.938961207037197	2.75397029769843
-2.07606317361679	0.457785947532907	1.4108874220518
-1.50599229766004	1.36264620349557	2.43357472938027
-0.7058279942228	1.46092414718013	3.75792502267863
-0.9352783558465	1.3452402904461	4.4374572750342
-1.89795913437152	0.722152300176319	5.29268950438739
-0.926946453483342	0.740105510165553	4.07420051365801
0.399691221658402	1.29645543796962	2.71510146745661
-0.934223997506939	0.555386754373559	3.21201593104148
-0.243598192088069	0.718836304928556	1.00598682459346
-0.752071023676393	0.84895577112029	1.63305875412057
-0.649734366942873	1.27895111452372	1.97940017079826
-0.100268995068111	-0.168561672984504	-0.559730148161159
-1.12162370917459	-0.503411211005039	1.39226614252814
-1.00173246365837	0.511477386677907	1.30710073143362
0.319560080829652	1.11921683578203	1.93300170890963
-1.56105915351594	1.90320216195728	3.20175435132827
-0.744197565062374	1.44548722754072	1.43416612204795
-0.932259887093677	0.695756432371788	1.19990120460767
-0.551327180179504	0.0703108600942952	0.888564994215089
0.202858001703349	-0.0759542132651403	0.852914674439383
0.551117295255101	1.071499700069	0.748295513532208
0.424024512649433	0.66743259304042	0.611192208257192
-0.475933875288989	0.95021479215208	1.12253456981637
-1.28952767840709	0.383874340955477	2.78915972073091
-1.55795535512188	0.741110679734953	3.84387570108829
-1.3663549593686	1.90333020734906	3.25182999203075
-1.69265014656788	1.04639515669383	2.92545216088851
0.12097291196269	2.17819605192646	1.68382350439278
-0.935343616429925	-0.264603403183142	0.964308324263138
-0.288935951940198	0.727586702860451	1.00714302439027
1.16363343341332	1.08118771515031	0.656254919161067
-0.518497525519623	1.85202308064226	0.679116363293163
-1.14660092563667	1.93255246458299	2.09581687574899
-1.07205607418172	-0.574721672477319	1.23730811556024
0.414552767508551	0.364466404498747	-0.0777232126636422
-1.26529348825976	1.15786336122308	0.44452208844652
-2.61141262420876	1.37537533569511	1.50680604297227
-1.52867396667005	0.748513427966085	2.94830236335006
-0.845882168559071	-0.187751191368511	1.92752760600285
-0.11402384511263	1.49795468615925	1.58549862117925
-1.07130787499625	1.10817523512557	0.990625828537045
-0.775012656839243	0.67999584558667	1.82205871325866
-0.295453770960317	0.0788257430132722	2.58994793023034
0.501807994142912	0.834749920460433	1.11823541607775
0.519419721906631	-0.266757248983572	0.0259597885511286
-0.18529353618261	-1.09933067134171	-0.372604625327492
-1.29798341539325	-1.12153758123486	1.08442505782084
-1.77025444916179	0.585488862888036	-0.0881758300829051
0.519052503366026	0.0789239904599354	-0.579041319134127
-1.00098875704308	0.0961481152601279	1.45762014718463
-2.18062916322751	0.20430649720547	2.76861995985726
-0.789395322213087	0.760038125935339	2.45663862657376
-1.16490150348849	0.459580761870181	1.44933852235939
-0.0978414530022057	0.545521629190754	0.075092203976757
-1.90523549311184	2.17727784435249	2.10761257604576
0.785364143122511	1.3154787407403	2.34591780831962
-0.369367814671161	0.939246811909554	2.699472328915
-0.0962207423856796	1.59216245283873	1.40477904122582
-0.984033455270968	2.09026244612341	2.63096174770665
-0.87809777751269	0.382246744459786	2.91839245322545
-1.3898821298736	1.02995777966716	2.49248758709825
-0.562195959973807	0.733579217704478	2.9407353045942
-0.913658400253365	1.35944100936755	1.69263571468889
-0.690932423562253	0.409278385827484	1.68136365419984
-0.197251253512863	0.0570187958160755	1.36961097450397
-1.68656754210053	1.02251111771168	3.05586856938151
-1.03107063550599	0.23538367838712	3.22963752931261
-1.07008715079757	0.174850110304824	3.06780162645675
-1.07008715079757	0.174850110304824	3.06780162645675
-0.904128720462685	0.987684730887418	4.35848517958678
-2.06843857477232	1.36865405301111	2.75441011175466
-0.830922707605119	0.954710187887257	2.87498632380566
-2.37660106636234	1.18423297605817	2.27455960261772
-2.18780312105344	0.452831220757977	0.906273577075878
-0.848268802878864	1.24756512809394	2.54947246763458
-0.439585802244042	1.0079199215779	1.54386151179336
-0.75754998008771	0.549887543580662	0.793535968851581
-2.35444913428158	-0.903886166057067	0.293015170097611
-1.71667317097303	-0.283340120584512	1.44845531530031
-1.52465172393556	-0.393772152521989	1.94624050391215
-1.47820430815852	0.123633705184883	0.0503881148481029
-0.979738165803565	0.802610568515319	2.09303378290059
-1.22039021584298	0.669487407100213	1.99721900225629
-1.81741432253714	-0.0511052397152413	2.05606613192086
-2.17094625798575	0.129932877776345	3.75444925728061
-2.03208464355088	-0.607696781823884	2.82186295953503
-1.37522456837358	-0.207503049324672	2.23737017502271
-1.48594899393729	-0.346664451324335	2.05907854043771
0.569042251861035	1.21885769277102	1.79685598058272
-1.61806588436021	0.981983095675289	3.16772260365797
-0.727918041038681	0.126125747803017	3.26882617186503
-1.18265469508644	0.352911586138523	1.49247160132906
-1.36765787824965	-0.374218061248287	3.31710400815615
-1.06634439191264	0.043261994016832	2.86097804022623
-1.16603591135126	0.695317730542465	3.04224066677722
-1.30985411442262	1.29166743959322	2.07643582869746
-0.689679141092643	0.205299460173224	2.14771818904417
-1.13167171114568	1.31450763481893	2.85986568066574
-2.06526585376602	0.86696652943933	1.3384715307622
-0.594519400581095	-0.239507783545236	1.32252005651011
-0.813400694343223	-0.223909341853892	1.49490561090038
-1.6422471260469	-0.0286942810010805	2.25426711078698
-0.853826013473834	-0.238306735760271	1.84461541928272
-1.17402407079701	0.313363345559381	1.35040143661905
-0.894214223490735	-0.113040366069985	2.60814732792323
-1.22547723244981	0.451578150748515	2.29345634163149
-1.4792527314984	0.000217315038367361	2.6631048083627
-0.997092126836134	-0.0336960401249835	2.00264611474178
-0.997092126836134	-0.0336960401249835	2.00264611474178
-1.27327808458397	0.19499705111353	2.82404237996871
-2.12680915744499	0.977475670901358	1.46205311578402
-0.70576479837092	1.68660063934047	2.26623539184843
-2.58859292312844	-0.153214897403592	1.53364482505359
-1.08741775266205	-0.309918298218631	2.53213619918393
-2.19667618610292	0.266119410289771	0.966073733733225
-1.20318432140166	0.816263075780943	-0.482945187535024
-1.66194599414632	0.439560722593751	0.109934667231027
-1.08691292171567	-1.23805634420924	2.11163364758539
-0.499430833740387	0.912915771671259	2.7540972708914
-2.63287663543632	1.00603281926943	3.16532302075833
-0.0103942319524064	0.6274695238218	1.90776741485906
-0.802989032523829	0.184922495703407	1.96989442257173
-0.354331087046131	1.56846317057319	2.22287167271253
0.315408915259869	0.911582681265553	0.382204013257499
-0.712417835700696	0.984277157711243	-0.355023631497582
0.482900527548884	0.303293114783937	0.658649938053265
-1.00814771391693	-0.0439084064813545	1.6838286470171
-1.34101202064047	0.212359882708519	1.11335888416399
-0.0984600808914613	0.337586726038076	1.22390367074697
0.0878824311342802	0.643738702607735	1.60219273742488
-0.340071420583319	1.22272884220112	3.10042374278879
-0.213799272222791	0.602122058559551	1.93186781210867
-2.37248544232559	2.18958045172463	2.36716423157451
-0.625553174578295	-0.136149722216524	1.06271120830349
-0.144952586107348	0.528254805867678	1.52123662978815
-0.995791898463654	0.0700399510637246	2.26119897028986
-0.541656136946889	0.955819573679199	0.89491933238621
-3.56376512869635	-0.102060503307236	1.35354390410218
-0.771205403320002	-1.06021142862007	1.64517085988512
-1.28826534126902	-0.0874235303867776	1.56079226537123
-1.22971896840911	0.11075920933386	2.33617320647998
-2.95729163820598	-0.814594206396666	2.49874276813941
-2.16459194610772	-0.675316971897117	0.229811285324021
-2.78032760504234	0.609582362706792	1.48422166943503
-0.477170449294373	0.156431766519554	0.214707709251339
-1.503973613105	0.463778766669942	1.71797092552408
-0.907321580008451	-0.389120124159782	1.42727636394208
-2.06445414525275	0.509167202143956	0.724999581791003
-2.25843505639128	0.204354115707426	1.08120898127475
-0.908870053842702	0.137054112703191	1.51938558137474
0.273043573759604	0.512260700340053	2.63894190788557
-1.6245261983269	0.745999991729207	2.20976948564647
-2.95216350864257	-0.256820567179909	1.11525833138481
-3.40124429839552	0.805902478723672	0.518673371735132
-1.37480462099615	2.03226154901286	0.986576760078084
-0.819955810728235	2.02443761468776	1.42211735005598
-0.768202403481288	-0.500641094842179	1.29745948780289
-1.62086345013545	0.302357891106863	2.53100060883594
-0.0763712262678564	0.513872016482297	1.58364521368876
-0.524862541273595	0.57547279025003	0.65979503159531
-0.495731691238187	0.464738785144807	0.576765869945274
-1.00308570993993	0.869561972385467	-0.116150721488759
-0.769578942293952	0.370127850794282	1.93314960507037
-0.392433700678459	0.946976705807851	1.82669233359836
-1.56064063412621	0.537433445287301	2.54439010581962
-0.990572865288992	1.44681208020692	-0.120835135556713
-2.27541137020926	1.74862739285823	2.02509618431079
-0.416038662461681	2.41545344812574	2.32379313226753
-1.05303134150349	1.05512709318677	2.26187229534225
-1.50846158687981	0.541785309591521	2.09641725310899
-2.76315540557481	0.997944178803169	1.93906451749389
-1.56762852407148	0.404505770593266	1.9373112055528
-2.40039892252566	0.917904942321859	1.07944640483024
-1.01379334092179	0.853588877454161	2.88129248174503
-2.09605438067932	1.9338122037348	2.9397574485892
-0.11946303893399	1.13391618658171	1.37547121960406
0.358235722792933	1.65843002323537	2.00126088329119
-1.44558660970005	0.713128154792873	2.62011022563517
-1.10566387552841	-0.0279265126997089	3.40420095422013
-0.944611895505273	0.780677525147254	0.82168938967876
-0.924930770757357	0.918509284189571	0.683885079163965
-0.331952629907076	0.435786959187436	1.37858133158743
-0.694126265788886	0.797018757553537	0.952389541531623
-2.32356454738979	0.937953711466971	1.57158485516763
-1.11606059791459	1.10262349388617	2.97753992441838
-0.729987227688393	0.587070732282214	2.94326387436748
-0.525309302702267	0.428523345786952	1.89120430876818
0.258734987270505	1.08408486786625	1.39137813601922
-0.32247810921388	-0.298188814295268	2.09631068448027
-0.250874315257626	0.179546072554226	1.48371577000268
-1.89560228398926	-0.256625506427395	1.4532639166847
-0.897338639686205	0.049361350382643	1.52232576778083
-0.757215693276253	-0.497021029513738	1.02292816195461
-0.757213483881116	0.30011493994324	0.848198457184895
-1.35091738729064	0.368680986793515	1.14926673454454
-2.52275230917079	1.34705133028047	0.490020637264382
-1.21805727428921	0.539963309483915	1.1719855530451
-1.56778838068052	0.41991243975616	1.67700342096944
-0.554031405729818	0.0523572752738039	2.18647091034263
-1.74717119302279	0.29525925674436	1.39961985361485
-1.73684981774812	-0.46178514246641	0.195953809107797
-1.79097632022996	-0.279541473458895	1.10040881372456
-0.110742627955493	0.328944454097968	-0.267780051271835
-0.184531351535279	0.112723842690883	3.29286816605497
-1.08773312011646	0.439689524404717	2.48532081058012
-0.930331767319924	0.534749452255951	3.23802544941024
-1.12210514168159	-0.367864983045898	1.05713622843972
0.307021019528632	-0.437987102029283	2.1972357577462
-0.920746488910491	0.564500995321434	1.11983032529591
-2.08300715123927	0.28808569789159	1.58956758902341
-0.422475152849286	0.943543319954778	3.93463777854628
-1.19742163058907	0.254825489273649	4.3692959133444
-0.993047262707668	1.08652029797228	2.81478156569552
0.612842864576626	1.40751053027473	3.52892904772959
0.936658734682287	-0.0411965892170125	2.06272166091228
-2.66098416322329	1.6708321810311	0.324640897514755
0.109926094383433	-1.26115328269109	0.98919572402244
-0.106976833695554	-1.55787324653239	1.97937306546223
-2.32909462967169	0.674403577578656	2.37698008742097
-1.14232905946564	0.0887857097111646	2.26348660527211
-1.14969800206819	0.903313788714099	2.22490375719552
-0.722754606742381	0.174572617852447	0.0879665414038796
-0.970645650006755	1.20014010153205	0.961610258993193
-2.1797337576798	0.705700826129982	-0.206216285217541
-1.84700109027493	-0.124435920659338	1.78968277229612
-0.792108412814144	0.15011469536251	0.45760991563123
-0.59141073499009	1.07663949524076	0.398924313307872
-2.10524987601002	1.80977126061103	1.55022458939119
-0.0927241485861217	-0.0889376121262492	3.28526025944804
-1.30161290702771	1.22626200054305	0.94313522353552
-0.652105059965412	0.905949255337259	0.163907246069608
-1.19836678869389	1.06048961656766	0.163291944079762
-1.31417060218356	-0.109227598872148	0.722983306709642
-2.14033715116272	0.281034962786278	0.601598366566023
-1.70121614871288	0.572121850503472	0.157562056074377
-1.81844351744566	0.582544843272412	-0.602496511304257
-2.56226266570105	0.89474324662819	2.28652586898851
-1.80038716105818	-0.0517222770021873	1.30414068682685
-1.83173183722857	0.336889082227551	1.98422343069074
-0.726422195378091	-0.0349256451054387	1.94051164062926
-0.701687544266168	0.186369459734987	0.324755147767286
-1.56194073846619	0.546696450467863	2.32101599188694
-1.35733557992093	-0.271181605080463	1.11541833766829
-2.2007005830886	0.677114274739696	1.91268436525785
-0.593941865519259	0.968760152141631	2.43340818864493
-1.33991527851812	-0.690655693953851	1.65818059122586
-1.54204781392855	0.343079062708173	2.07391372881207
-1.38993281154893	0.255213202417024	0.683171130108764
-1.14287547330772	0.615582191920017	1.03626073794209
-1.97076358092506	1.09468464125362	1.39481170770243
-1.38695411545885	0.237646613133762	1.61045556957057
-0.602873367165842	0.183769267000629	1.61355565347022
-0.331496728268648	0.450591024826747	2.03235989719678
-1.21454527163625	1.43504362148826	1.65372292154455
0.275005474858496	0.267459115641785	2.09813278085575
-2.5036248210032	-0.331504272075342	2.22370910780503
-1.18164720028368	0.702522615019429	0.953377849762537
-2.17817462419189	1.51222621456958	1.86736691734541
-1.17181469856905	0.965312615986766	2.66171261644475
-1.55470318176083	0.627789294413972	2.16988270211337
-0.174720338032124	0.587672929611315	1.8719972997591
-1.00798748944687	0.284875743517719	0.570328060653408
-1.89430489717176	0.0262960216262584	1.3065944414054
-2.56275664675968	0.348266333897746	0.572250611371121
-1.35543975430335	0.956584999171911	1.08818872739501
-2.48090070979365	0.92129057744319	3.30040727833472
-0.91832372776569	1.67359945179587	2.37092387536108
-2.35812487540591	1.42692198030557	2.74602673670229
-1.87631548273461	-0.300413944486752	1.64504753836234
-0.381471220182591	0.341537031687294	1.36885065001132
0.0136757413276603	1.03071046566834	1.24406253220044
-2.19316678985641	0.448243968786083	-0.195903009621547
-0.863392791493677	1.2470875601866	2.45300698355024
-1.22425887890632	0.908926628811454	2.87330360174311
-1.19855425120955	0.692617800137158	1.80620010794061
-0.768143133460274	1.39150673322562	2.29278878349119
-1.85813041042393	0.905225475573463	2.40934587248563
-0.834670481796369	0.710408776764128	4.45249956826984
-0.115414427934357	0.662112862104314	1.46267134170836
-1.5734453399172	0.881574863640484	2.0438446120936
-0.551542248404449	0.660477503259607	0.812434387987536
-1.20050757611904	0.464193100160492	-0.292081126293773
-0.771906929042272	0.952065641368844	1.19248064602239
-0.930727507692299	0.943884802440171	1.54784361310525
-1.94951714353254	1.59263825601286	0.77568145874259
-1.5309084487989	1.50305269245939	1.30011128617111
-1.8407314382624	1.9411088105494	3.05015208036964
-1.09263153054705	0.886660470262349	2.33935906444011
0.270411276341106	0.665682923122505	1.55551075994208
-1.01770774778587	1.02881937780667	0.697355658133701
-1.75684610159689	0.68660146270508	0.0384055705772706
-1.06487402312716	0.141742636289055	-0.304161973238128
-0.599622912271705	0.341289085762392	1.24156975001794
-1.19877766827032	1.31835380570094	2.36345205939907
-2.09399961194136	0.705275265105452	2.85963186114704
-1.52367099814266	0.662660676042647	2.33769427017023
-1.06749488423608	0.291274401179425	1.05949988890202
-1.24025272299738	-0.141547782762169	2.13510699357675
-1.63644557833733	0.439847209810864	0.779478531856899
-1.26370118019408	-0.13648497579528	1.75175666703783
-2.29818693943063	0.519037846908039	1.81242196696604
-0.399221745118829	-0.101196982723339	2.30301407614781
-1.3649287160125	0.458661845988168	3.71941281026134
-0.0963651981342712	0.497088836390474	2.39948009614349
-2.51495757609574	0.453267263920137	1.4755186130569
-1.88942938859485	-0.0307487044252774	0.530885478421899
-0.68230041004085	-0.467504221106454	1.18913312203146
-1.6802269157559	1.08646267375011	0.380135810911599
-1.57024435092632	-0.42077003285499	0.823015345704338
-1.24878173653168	0.0351609941801953	-0.270102659989667
-1.6473370869126	-0.316384289839936	-1.03043299842721
-1.40479993112175	-0.0689509946261738	-0.617600312498381
-1.19330629918822	-0.977968705927325	-0.127203881741749
-1.62427584366324	-0.626049631648119	1.51351964809839
-1.99352947813307	-0.526170714344179	2.65921206423545
-1.43509806654166	-0.947983427099392	2.66223615480822
-1.85390370809627	0.279348033858069	2.44718026858391
-1.77078817921876	-0.122519798315536	3.17464967287991
-0.942171569825461	0.207654209459013	0.444819854194536
-0.705917714717137	-0.073623740777692	0.204882505686143
-1.63764732823099	-0.994636262865111	0.891117635377321
-0.953408304732077	-0.948529942112066	-0.558996166762813
-1.64132766744234	-1.34536166182124	-0.477347120508527
-1.82408577758302	-0.647761409152433	-0.138760878881642
-0.695236844176552	0.0189016842217359	0.233029885459732
-1.39704980609075	0.877866976396775	-0.125656800112963
-1.11456549373683	0.745465983658953	0.656565927179889
-1.23888060489791	0.255666791406359	2.00605407172709
-0.799813646672914	0.939474446196334	1.08131266401977
-0.921369602967179	0.628285622913034	1.59384074250646
0.395507313731841	1.4801147947645	1.70901543387088
-1.2743389907573	1.49735487008511	3.19190169824579
-1.4475161301106	0.776117245219519	2.30163189610078
-3.03470491739661	-0.347116737907333	2.67834314995277
-2.14726150947	-0.790927187651743	2.24117409212901
-3.11540092914238	0.294386763285242	0.760905777598146
-1.64825996179429	0.171418006437776	0.666278849717546
-1.25269433922709	-0.473845500833978	0.533685941494011
-2.38631738362936	-0.78845176207105	0.869287347070083
-1.48646196211581	-0.62452166779329	2.12961439911444
-1.6669240494983	-0.370037867014168	1.65184433104413
-1.40964711938519	0.153857090745884	1.55100011976281
-0.975112826580304	0.178286008711324	2.46344863946871
-1.28507171389839	0.0246727268820368	3.49071249936024
-1.28507171389839	0.0246727268820368	3.49071249936024
-1.74919425801378	0.479003710067281	0.972675655580367
-1.84671679900588	-0.0311874485228691	-0.428563295616363
-1.38651010328964	-0.349658301280508	-0.540446766055047
-1.31493438374184	-1.04721803937375	-0.0279664339860084
-0.530579507718697	-0.452176353090989	0.324609507748959
-0.64506586071945	0.879897117663578	0.796218385133865
-0.525817318588601	0.221799536225961	1.55990435724014
-0.657990473639822	1.46468341474021	0.611420459470293
-0.226713797336293	0.672112841779161	-0.144011341875279
-0.885938971187485	0.532581664694665	1.22984039762153
-1.21960054688802	-0.894338146010308	1.17407505761658
-2.1037020028005	0.530239356591349	2.10344333995055
-1.22780989478399	0.32802124249714	1.29058677488742
-2.18983139470108	0.655233727468096	1.17946941294703
-0.493485053045358	0.680011943940325	1.80222189489
-1.25892021754518	1.17632620280219	1.03464630624935
-1.65168560384517	1.17536295723721	1.13128668158169
-1.30379051182995	1.00919898618067	2.01812643696407
-1.14752112631004	0.921721674586739	1.69203062396221
-0.56979976311411	1.32444556939386	2.97055360569827
-2.33837951073316	1.30872210940942	3.13393851152977
-1.72012150003586	1.06168456135329	3.77111127200983
-0.502939140340907	1.42338064016679	3.70111810094467
-2.98915840067222	-0.152579031880511	3.64178931680929
-1.05015609355226	0.907881920078454	3.97797974004649
-1.61961861374065	-0.746511960304677	5.00960161675031
-0.851150984325907	-1.03369964794714	4.56061772500416
-2.06794415108902	-0.996492387455235	2.7594385063374
-2.75646660152905	-0.655823862386771	3.28412460740654
-4.34862394133736	1.29643763334412	1.84649247704746
-1.4597998134915	-0.00726032071987981	2.03052014929001
-2.33192324605773	0.158191610168902	2.17775887459253
-0.395369635710412	0.887352405487904	2.5913470301932
-0.782640581111159	0.897626473790885	2.53420534971051
-0.903110574109024	0.338868510816189	2.59897112228921
-1.64352659646567	0.577004380415959	2.32596724505929
-0.836701823134563	0.812560276301886	1.93430773557283
-2.97092581546483	0.363083754653708	2.20121486761039
-0.829831129201686	0.366737016882017	1.12369919283885
-1.08557937609248	0.00485777515450941	0.899129338907293
-1.06652620983688	-0.0138792129881786	3.79263006924601
0.213690137596208	-0.0712787028768091	0.20813066313379
-0.028964473090824	-0.465088598693059	1.01251503558165
-1.56088124705855	0.484381666494158	1.67673660721132
-0.653827339192124	0.251383365822731	3.72813478264482
-1.81025430305515	0.36056931826806	1.73749462682019
-0.449730199575872	-0.0405758427460855	2.7572622385848
-2.05118181604942	1.1684973697556	3.03266236466658
-0.0964102052583092	-0.156225991294811	0.622202641325416
-1.17677260379716	-0.223863536894461	0.737756651637079
-1.27061500182959	0.0834843581897047	1.01593939576237
-1.77425676768962	0.530388438089386	1.43219694501705
-1.67126526774644	0.509896861228534	2.54957671683729
-2.24727400021339	0.431409999527017	3.02626251112952
-0.723932434097055	0.529909975555303	1.09422262137975
-1.82398455409844	1.63426040202744	0.620154111865231
-0.216634157502405	-1.04841134086605	1.77966272880573
1.44427434850609	-0.99624079106265	0.308524848874555
-0.7644622489897	1.42513580292383	-0.662816832241079
-1.40023924432306	0.786117233799899	1.57770192258187
-1.66473063056369	1.71595501353968	0.475560293743264
-1.33531643435945	0.53757057253672	1.26286184120273
-1.61244600655619	0.305314922043355	1.73688445819813
-0.372214117581759	0.286034360483894	2.32090523499201
-0.526973591715292	1.22239270377053	0.476041339343429
-0.745221075054263	-0.775565672992992	0.478408420194468
-0.286379969754358	-1.21420849847099	1.05119316020569
-1.43190109317006	-0.617773553214552	2.03212651155205
-0.681736370602486	-0.421922405149171	1.49409892671003
-1.26262670618488	0.837663622083493	0.436695852962202
-0.73800322228338	0.514536539373355	1.92451263992839
-0.757048632333585	0.944720686090031	1.01521050882921
-1.32370243220471	1.04993896088318	2.27835315791955
-0.729378107038454	0.998323076922104	1.71215283135914
-1.3116606940711	1.5612330428827	1.59848103199818
-0.940964373349757	0.886739196943056	1.52791346895892
-0.985065920265328	1.80711669241911	0.69532862227825
-0.152136125855417	1.88490174159601	0.877172096034386
-2.19834992100716	-0.0525985850534674	2.38418731194167
-0.375908217976574	-1.2212956342977	1.7262168382011
0.577352497494744	0.892853931738796	1.91404514315897
-2.11300414035656	-0.00164754796222061	2.1527162731344
-2.24620685048934	0.531283806296491	1.4149433958352
-0.845954592435239	0.695432805182414	1.96634356327637
1.11910538026684	0.338848265782885	2.05598397154366
0.566000342193476	1.81406866932019	2.01798360516929
-1.55698923695661	1.45454013225713	2.06941509439473
-0.04358875275152	1.49286563094439	1.91415843730359
-1.81414553047542	1.85044578691391	1.32984227659417
-0.625652744284593	1.88279857565401	2.85416480109544
0.141186662152992	-0.213146790866705	1.1213236826463
0.935194079783036	-1.35342047584898	0.505250649894708
0.428315054650694	-0.51701725789745	0.970534343428875
-2.22699317946113	1.61825181025909	2.34858333884924
-1.82576771639595	1.88773983502264	2.38412236554246
0.2355674607093	0.372194163101189	2.49333574307882
-0.561657862719777	-0.230656916140404	2.43940932781073
0.335425058867498	1.57138875799971	2.28678840355865
-0.191311461508078	1.33969144071043	2.24792204433374
0.17913944585798	1.30627656368852	1.36362985456717
1.37302719920641	0.956141879085236	1.1917265432201
1.05765199916795	1.725877063308	0.495485224907407
-0.151442995771696	1.1823643670642	2.18962417560786
0.677437039636569	0.8227567581223	1.50631408594359
-0.883383278707014	-0.243233880365407	1.63116236948524
-1.99420625913219	-0.286471567629058	2.00050667127263
-1.09697605785914	0.352836604242432	2.44656330606669
-0.20532006353368	0.823086181989426	2.43740359238422
-0.0783867521362835	-0.437669778226933	1.38288623482961
-0.764383391806944	-0.303100028992487	2.09851267278487
0.424978834335922	-0.356361440933341	0.976428285614966
-0.563239392794851	2.1174130512284	0.94253176580148
0.70507251830244	2.32428855711259	1.68059751081284
-0.337003707584604	1.48808837903572	2.87371034877009
-2.72681963136305	2.33291331825324	1.22888313883718
-2.65473546275754	1.76505521810533	2.53114163803769
0.0533064383910178	-0.0418826385962645	0.340981229289781
0.107318466255622	-0.371202856723826	1.75824947771895
0.240148656914666	-0.513055485788303	2.9429465600168
-0.529401083487493	-0.389904479096446	2.95538337019022
-0.52399789483641	0.985591456886976	0.91600698546986
-0.927221545158974	1.80906809589021	1.91878179333445
-1.04124882947006	1.27166358971734	2.54473147597786
-0.171103081616983	1.26358943513547	2.16844084799005
0.980735015432579	0.301172320484188	1.37232930221991
-0.546127628357994	1.1849279745174	0.50848474330176
-1.70826319581262	1.80296257566913	1.95010354013219
0.0138191144760905	1.4855514134714	2.30127129563548
1.21980792257452	0.503504458223595	3.06796905658911
-1.92689007432462	0.856023280828169	4.16056557675576
-0.454644856696504	0.90107088023508	2.99612172895643
-1.31131207662313	1.70635790738713	1.22551301524573
-1.27806805296311	2.23953409547459	1.26826856964802
-0.0541148327732595	1.32476663585277	3.72570578473006
-0.225765173650248	2.11254681815793	2.76175837955154
1.04648156054514	-0.0632230413957227	2.25751738070716
-2.53305962617555	0.739603544149087	2.18686684860226
-0.260938722882892	1.1502350117701	1.79787452315801
1.36294133832456	-0.108600830390182	1.76003482586267
-1.15845883685425	0.216295647974202	2.35310125885527
-0.0814291097645345	0.223705037141011	1.59203862013539
-0.482763739203427	0.455113915943884	3.60848387190271
-2.28455390999195	0.531889610179436	3.55412306201261
0.581676705624725	1.20274334173736	2.29508099818125
-1.54763915739993	1.72321144061292	0.717213562951311
-0.941842709108877	2.4706199884963	2.68270346131025
0.746265051888489	2.78713950187492	2.21292835041723
-1.44931356500489	1.13079767159176	4.24705039647048
-1.08365101955107	1.72238782387615	4.27805111760702
1.12592350965368	0.424717474398077	2.69762708892729
0.302790140511428	0.706403186429864	2.63247473961116
-1.11383777193954	0.967012781236141	2.16322479459216
-1.99335256280461	1.00829809496813	2.02589192262508
-0.715434023348645	1.25640218665668	1.16431762537781
-0.526128945318603	0.804878008162603	1.79786259912156
0.430405638927992	0.563815485760218	1.29878663346603
-1.13437889197276	1.1559666020236	1.98285689612404
-0.333340452607643	0.823438862505374	2.91055645955247
-0.935971323458768	0.128866248115206	3.26269992693123
-0.535241997111936	-0.10233409245229	2.95488779216676
-1.58025670998978	0.0340274510443645	3.68854406782497
-1.00975613804927	-0.0348658571622618	2.16927421655776
-0.457394087375625	0.363649906235177	1.42321360550989
0.621016956205807	-0.0243647388622492	2.42085766155899
-1.99529176859936	1.10968716530298	2.01258332088999
0.308169626997418	0.313651726390848	1.28712153130811
-1.06769009281148	1.19208026213891	3.35068506774138
-2.82568634166046	1.67928090360845	3.27417270364585
-1.86728178801672	0.754011804076993	1.58094257655415
-1.68581223278106	0.455041475527278	1.47000259228093
-1.18602416485529	0.242954037194841	1.87369366498954
-1.18535407410805	0.234863950025519	2.53590770247205
-0.854546115898387	0.693425485198006	2.40110363547223
-1.13730719401589	1.09309390907905	1.26086264411328
-1.19169081150825	0.364191726051881	0.83921209686943
-1.08377094864735	-0.197776753234752	1.09297168937443
-1.26038841712288	0.786084347150457	2.66813442999111
-0.33053689328436	1.63774243366888	2.04588277067816
0.0878831979002028	1.46261057624729	2.0097216698053
-0.0803208369284991	1.8010832751274	1.92044428137623
0.229314143291978	1.1958635203537	2.48111290005028
-0.0187229604256184	2.97144742265201	3.01689207723679
-1.80621635691061	2.7030850055148	2.01865735500749
0.234135433538675	0.969732611778985	1.40458328510991
-0.614932393321888	1.09193359459872	0.932725439853065
-2.00229779656808	1.54819275202431	1.08145009215636
-0.235891209038396	1.10819596119869	1.04380591539682
-0.562537185191857	0.493867347541451	1.23811483403465
-1.20920462365726	1.29878685465252	2.18715032024113
-0.414587574633114	0.875209310547615	2.92318934870245
-1.26563281794003	1.7520407836471	3.45064516495841
-0.372990830346312	1.49030858614665	2.51342948587092
-1.58549931964509	0.500613561796805	2.00808896628738
-1.18234787982756	1.40190121791144	0.914116620447965
-0.721692255507352	0.680522183602442	1.47090071653249
0.0368440603307862	1.73540395969176	2.17678334389078
0.448257077727909	1.88208863743025	1.24970434780107
-0.67154527363133	2.20528275054931	1.61640673104276
0.800147424293685	1.04451169411599	1.75534189312809
-1.06317462116426	0.311950326934204	0.559834834701827
-0.815724236299413	-0.287898651907359	0.96395107443225
-1.33983122639855	0.392752638741281	2.21246707493087
-2.38596335421642	0.178236465947138	2.8180234954566
-0.35453125383183	0.433982573851811	2.49142887652332
-0.72265102285101	-0.415393230390233	1.78712769165751
0.195031955167216	0.595047188751726	1.75410353477974
-0.141225174958249	1.12963159286219	1.65392765300318
-2.65647700596404	1.68572967429646	1.66211727833948
-1.79527194961781	1.14645637191645	2.42255622793788
-2.07481988214482	1.07078817449367	0.716018429243712
0.301883028273411	0.515964633825698	1.80326688540962
-1.62141414660818	-0.685911869416393	1.82094234919288
-1.09354939537648	1.08848859064551	1.79387901685236
-0.860323372402062	1.32590429123099	0.96691956850822
-0.7069666272462	1.78056376692514	0.140821093228488
-1.12763626534131	1.30411010603623	0.583366373987579
-1.26082979092905	0.304558210041391	1.65765973278203
-0.330103997050573	0.125894404325655	1.86158634344442
-1.12847327171451	1.42429823233626	2.87033571739643
-0.160957766080919	1.03859123450235	2.92086410544726
-1.1647314269878	-0.0996110309122266	2.1575771762872
-1.0243848188615	0.0720635275693394	2.25974118631071
-1.50271136193227	-0.148758185312727	1.60072045123306
-1.13096811338886	0.470783204212522	0.992109504918421
-0.317956278787008	1.13083929960363	0.510813421860794
-0.0902304117828296	0.104491042782687	1.4374597090431
-0.500023264127796	0.170387568112916	1.63344264962428
-1.34822641372562	0.775095547272349	1.36199384970123
0.287901454048235	0.116197903722909	1.68924412518233
-0.708379024055798	0.0470791091781313	1.26152621122683
-2.0868026966198	0.841027114091082	1.83512567318211
-0.13387483100699	0.0586693940749019	3.57359216293529
0.240316699991341	1.78726108510843	2.31573056932278
0.173071263664248	1.22104116948855	2.2950771377226
-0.00643262187681715	1.00674832499042	2.17635347750625
0.972121618519601	1.2365736594009	2.0622431141976
0.608859810604731	1.03747172879152	2.00308323271954
1.68241479977595	1.0404902574546	1.83279494823045
0.107179519256076	0.332545233967344	1.97823572772826
-1.27187418150581	0.111285539252388	1.39111645129004
-1.15763071156547	-0.652099890450656	1.13418758426694
-0.744613441502399	0.514330232380387	1.52629672412518
0.331037341316126	1.42408815037605	2.2701381157056
-0.0447133913210088	1.0418877741747	2.08844838628732
-0.231110314538227	1.48597425852808	2.45691723670783
-0.217225166737142	1.71597157289221	1.72429213738254
-1.02731615943525	0.335806285422064	2.78989802035933
0.0700671208680401	0.0134902893392494	2.91027785393659
-1.43066983683958	0.456304105481193	2.14571109597255
-0.285541914795364	0.282560418120488	2.66807459831412
-0.665482339000779	2.08754909463506	1.62964616385851
-1.00082252521452	2.40456788597384	2.61688028711724
-1.37073526730592	0.381250654128254	4.37318642650525
-0.369887896196687	-0.807845416022959	3.55935658798731
-0.152269506551687	1.25346368449899	3.02962777188047
-0.35991858514636	0.934326216384566	2.67694291412278
-0.573584645771988	0.833623751603747	2.53411508833149
1.23833770585037	1.09746332259306	2.29123016497062
0.269123534688835	-0.0133335591797555	0.839502211120172
0.300248720985481	0.886668689662399	1.18065305662563
0.141660867217129	2.36486654795807	1.07177482936539
-0.0898959421030777	2.36129886862969	1.5859132028673
-0.787457844698448	1.73914645576478	2.63578207493853
-1.08101985470497	1.98078172514342	2.50873832617833
0.291544997212353	1.6019066506208	2.35069124744661
0.58087375362957	1.76485881961564	2.17327511077639
-1.02589309416688	1.40043294094012	1.32796441145424
-1.38575452721559	1.86172546620386	1.55758902738167
-0.934029312593161	1.24183989549314	3.04467815059573
-0.73248835580132	0.502556295520433	1.13380090966086
1.42965450896958	0.919473539266193	1.70025321513372
-2.10181085634173	1.94447702180019	1.58884304465781
-1.98725564748874	1.98626155981882	2.08148726427969
0.782263213403077	0.81278782377025	2.09050360382847
-2.541089607271	0.879319339850432	2.96171776373842
-0.762378693105768	1.82694499143434	2.83585515388887
0.116147841319925	2.27562104505603	3.45780184740302
-0.341466045701459	1.70800493864995	3.09953301847523
-0.917095117479261	2.14488565711804	2.9276292253476
0.161229415834778	2.1129568460196	3.04432180805216
-0.496012898284709	1.99670464206426	2.3302727831529
0.383221096413838	2.37884014443119	1.96425316470631
-0.468546168836199	2.01908163046727	1.95466801344568
-0.808828028523354	1.02149941498873	2.96196222310329
-0.887592059037479	1.51665183177095	3.07986788469857
-0.0621902457132223	0.870629390509909	3.83617930311707
-0.186933807909202	1.58840239564232	4.02574636705313
0.0690049993598102	2.33103233434177	3.94482204079224
-1.30979841250011	2.96877674321051	3.97752424098247
-1.40428065542357	2.03525495300565	4.27981187318119
-1.62247903602576	2.16356510382108	3.35949866159351
0.683761665618643	1.73664309830418	3.41655333473774
-1.08707027921729	2.19423927537756	3.0341817053892
-0.687183167383691	2.15850922501791	4.70561692593588
1.99332397694174	2.09646256388879	3.60789395298715
-0.473857975251435	1.98434504824848	2.97480715496167
0.872836795175634	1.157980133141	2.1235556643914
0.166433350302027	1.25219066275044	2.42218103886347
0.411406624067393	0.178650458142099	2.98864269736906
-0.201845120053872	1.20582806975087	2.63504094038567
-0.211865256668338	1.6670734553671	1.87251999934676
-0.134364131393946	1.59577488196794	1.49362755063483
-1.4289602894333	2.20854749198924	2.27478044176578
-0.320710656759902	1.28015697700028	1.43301783011832
-0.827961922601155	0.873918139032201	1.884630076103
0.839051231258999	1.52155688312089	2.46898190781982
0.6510872815808	1.53754322712045	2.636452795432
0.0364020898944102	0.0850110006120782	2.4350993194739
0.526693062080633	0.77691791879273	3.10380039455533
-0.453850587047135	1.06085417485086	2.08445026121666
-0.108891190834353	1.34440013490502	2.76655733928035
-0.22256501253848	2.21734290960544	2.96174333752269
0.650989590206645	1.3234874436028	1.39080702835881
-1.07112295446362	1.3088533210357	2.43402070278872
-1.09781226286515	1.46660026658871	2.18655946839586
-0.0649404919017991	0.483100455427464	3.84115453235493
0.425913730283015	0.823791822589517	1.8756539543268
-1.66307184900441	1.0398740609429	2.18869100000474
-1.10764277809605	2.38666974778539	1.99103766094483
1.01223861690454	1.25737483816503	2.51995110557039
1.16678568526982	1.33210657575598	2.32501440509005
-0.0349420396679531	0.170187040080346	1.5802438394872
-1.15339440828492	2.11687512929762	2.15298050815234
-0.579926969694363	0.617529648160766	2.73019394951833
-0.753622338863482	1.26923157447919	2.70868746760409
-0.587011258790196	0.778330415130774	2.97266855193655
0.493326673895897	1.62771456197771	2.54370327894551
-1.95400511079243	2.39703420498219	3.49394725826223
-0.400471518472582	0.418783021353475	2.052587256514
-2.18658803385274	1.34809124942374	2.05974708206162
-2.02556281572336	2.52423482993949	1.92373121037116
-1.12133405760251	1.6024318304649	1.60366476496832
-0.0662731770406818	0.717947574876434	2.74751207937812
0.112538242053973	1.35906501969604	1.60942458803633
-0.147313186119538	-0.0669744917651339	3.41338206957823
-2.28492289975204	1.51750719336672	2.53583814362188
-1.33348371022651	1.93852668442275	3.60708540795394
-1.3118423955333	1.71684336340719	1.49303653423153
0.0873668642968801	0.240463211447518	1.68802880700505
-0.0540545747517661	1.07012111221087	2.0667105776206
-0.899331799465542	2.79037606945364	1.28374048839186
0.668458330132364	2.15623145852456	1.09676594744354
0.0482731696134819	0.909322173851043	3.35223396933461
-1.10817112404556	1.61976464316076	2.22539426469965
-1.17231883710138	1.01557822994882	1.83497070867292
-0.703141614411913	1.3275130124475	3.09867006204485
0.143925518014575	-0.0611828595495988	1.62407477370964
-0.566671772109563	0.862646397254271	1.95696113679236
-0.159779704324174	1.09635406202026	2.11708320716201
-0.686188525820917	0.613622072173173	2.90725056425465
-0.895413599470904	1.20747497164869	3.37702935747554
0.713241976489422	0.383279966064466	2.54144797659211
0.528950181533597	1.90921467488097	2.3196558711127
-0.136561529776678	1.34815041269815	2.41736927019128
1.49192811282915	1.80915192817069	1.75085217883007
-0.644232328313195	1.19826356941945	3.40240449998116
-0.71461385671087	1.7685738689104	2.52815711416801
-0.898413751223516	1.56928245464286	2.16362124647907
0.137972943624343	1.41192069703904	2.56997426261305
0.00312981175113225	1.60827243907624	2.16666855508546
-0.403000713313971	1.09596786089855	2.39926870588765
-0.538499120014388	1.45616525540902	1.7796065747101
1.0136482120358	2.08087517514454	1.4912626607112
-0.689356237439227	2.55658451484238	2.07859198619569
-0.888414773565004	2.76232372805012	3.4108894238998
-0.552182606877981	0.240846352107046	1.57052301443867
-1.53572052283117	0.341620130341919	0.92312829200297
-0.430175576845251	1.91377737682593	1.91107721417533
-1.98378508838489	0.361553600398901	1.59938456603619
0.353103947914443	0.269482774397666	2.09120168749717
-0.132674333097676	1.32113665746654	3.07286780910088
-0.207696230212735	0.982171774718915	3.47709902195838
-0.617176789031793	0.381974834584612	2.8768841114726
-0.207079647366192	0.992491538722926	2.97345246341931
0.433608417077165	1.62702480050315	2.32981916978606
-0.363670380836313	2.05963815415539	2.42765637189073
-0.864891172378034	0.287508820156323	2.20475309063235
-0.00835268309575593	1.04335960362646	0.586757252342931
1.4483670708876	-0.00753523964438452	0.971851382643361
0.0124615918880368	-0.236539506993972	3.21787179871748
-0.516555604104692	1.69421452330902	2.44594407452678
-1.07594219432809	1.0223750723691	2.34240805115041
-0.243387527033931	0.930709624865765	3.74213182154233
1.42017829339531	1.07055519819409	1.55772376721024
-0.778961778395631	0.198614444234591	1.45537175437962
0.061868176813163	0.50733388038989	2.38606432620824
-0.234511123978509	1.87708058539105	2.04952921230056
1.09480608647991	1.76400099062095	0.423584122897861
-0.568056709035596	1.71226637128578	1.4112529104183
0.487180397400001	1.90993810324847	1.89345663342785
-0.852975603676459	1.30507524653737	2.48276247963165
1.31536833457244	0.408337434250708	1.46868340244295
1.17769750358159	0.943786117456422	2.72352726731176
-1.05547643149776	0.96735484092411	3.73662859205981
-1.18135856197979	1.17665582554902	3.74824945772174
-1.4173372515016	1.56571673485302	2.70907631748673
-1.19780679730544	1.78767064437861	3.49174786971377
-0.897561020004832	1.40114520187687	3.23251884701399
-1.03920066484092	-0.117008056309424	1.54296477806909
-0.378240195577338	0.687319547409788	1.97241503885277
-0.295637077972596	0.175224977215021	1.47643853125461
-0.812206256522236	0.381220378897552	1.00688970183237
-0.448801278577197	1.58410232036354	1.64473460519039
-1.6915664883594	2.80666160290599	2.36414177611902
-1.88626890414196	1.53516797799105	1.77830085696596
0.259250138935376	0.643783964044169	1.01215269814124
0.0150165871912615	-0.107020593802057	-0.301777048343708
-0.70376237539963	0.736425524146751	2.1481440942959
-1.76499953163684	2.22732779135513	3.83120003089648
-0.781046721343219	2.17260349661844	3.07656196968849
-0.00849475124691648	0.696565780860915	1.19750822131059
-0.305268330885355	0.919129195715877	2.274464640768
-1.51593571632839	0.174053386914107	1.80512467840579
-1.88259412788899	1.48583749504605	3.86835366968311
-1.41635579793675	-0.144556298717116	2.9646413992636
-0.72668975893921	-0.255549558433986	2.63590578669667
0.0677790853522319	-0.474240432838022	3.82691234403429
-0.42308298353611	1.03590007764208	2.93155606521912
0.239837290332451	0.802612302290824	2.69465258377448
-1.24283923403054	3.44395870934794	3.94384029974676
0.20069969558258	1.91955622028153	4.36136471301253
-0.689330187558097	1.08288884142585	4.35232612347611
0.068482999660398	1.38281296354296	3.70394692363236
0.0279782904890111	0.369275804720006	3.71975746389604
0.97577753171292	0.678814505929545	2.88276170950953
-1.62415786708979	0.0282626817683688	1.72908337095324
1.21258149965396	-0.382488889532717	2.77221800833314
-1.12325747328252	1.17648303462829	1.87848312275926
-0.121182125034101	1.35664820307792	2.35858596235643
1.38757691377639	0.201693809647084	2.5539984987051
-1.67592027851385	0.948451664996431	2.90958747487543
1.6846282357135	-0.207104330345921	1.44470198356418
-0.50776509407514	1.85820587756537	1.95220367055423
-1.74645568516572	2.13298469356849	1.85803365594763
-0.399425454617705	0.522666049147875	2.31294300484108
-0.173386996038728	-0.827054977090593	3.54332270752104
-1.1949028405079	-1.36600784869944	3.31019748448906
-0.0381064459929404	0.141720874162271	4.08421415566908
-0.131248320276515	-0.250953827697971	2.22176656290486
0.159468325208273	-0.741267822356149	2.03186949934488
-0.169247361324497	-0.672354193403246	1.00317077312265
0.0748312468992954	0.800960988736325	2.69187650325511
0.134286851443304	0.708521622991665	2.31232376512057
-0.0574969399234152	1.14397383533993	2.82224569208589
-3.37992152399505	3.14680835992592	2.82194756326062
-0.988477664337777	2.37928426281497	2.0445967139852
-0.116926276077552	1.61736495739887	2.38010418629032
-0.763916402933583	1.33570772661231	1.87197468047585
-0.724981956511167	0.351741643577995	2.56798712618688
-0.24044241137458	1.16629412271913	2.48804129000228
-0.0372944945963294	2.28416177900776	2.50620224647812
-1.17817540817018	1.51326610634009	2.12436023916903
-2.15830289429121	2.02883151191438	1.78670521416017
0.566628590006059	0.645240324816286	1.47609698214806
-0.0509155954549283	2.65851835292369	2.23747914623027
-1.13960528464798	1.82293037112611	2.74038708107155
0.118968894097687	0.73437558472255	1.12280059515907
-0.00601032809763469	0.721538816741686	1.08948636437113
-1.16813968718513	-0.0817259716502313	1.72342334962522
-0.808954681639055	0.209079212508372	2.17114186302559
-0.0660860128701037	-0.169353534817343	2.45935141257212
-0.715354470296892	0.890614802139489	2.13777399474677
-0.621194055376022	0.90727767832455	3.00483613493478
-0.319654360722403	-0.00519916020593703	1.80965634992317
0.0524170807513571	0.917980206881925	2.44953496638889
0.0176443951124079	1.48106330532667	2.91511767203934
0.493774055867051	0.600758298257541	2.6952223116968
-0.184030562619577	0.882294308201336	2.63662639472967
-0.191979520306985	0.831445216205514	1.95010710845682
0.178650140702714	0.635933261920762	2.10279361635992
-0.482162550085935	1.08709572952482	0.956473288042269
-1.0125863069434	0.441495438235155	0.42548993082375
0.227160857153987	0.770476786756331	1.30903952626224
-0.257261707663219	0.475369745991905	2.54468863756247
-0.945822302916173	1.57201113612819	1.85938589298048
-0.396498414936153	0.802422315845887	1.41646724989835
-0.976537716193707	0.348434960371389	1.60974471227974
0.0814371002629841	0.463774454287468	2.3184807946525
-0.291807300559699	0.850629505980703	1.79929077098559
-0.547561330616506	1.48085414650848	2.64852106299
0.125733851882415	-0.414826444133634	2.42378868314717
-0.48353404508276	0.0458724881639866	1.80467257374932
-0.866552740158875	1.21633072291692	1.01231554630832
-0.637968700327963	0.207325195282098	0.410381092518024
1.25620696469212	0.455386475481937	0.729055982725975
-1.12017406884717	0.687104895648541	1.9131947016015
-1.88843756149504	1.3642864007013	1.05763302555814
-0.385585362874968	1.98808680429624	2.42937238519582
-1.49189633335788	0.831439226682186	3.42738997066427
0.149558151256844	0.723779114388555	3.54773563479748
-0.771470902801854	0.900456979440992	3.88815012485382
-0.152680595753492	-0.0257178316302774	3.5190904877934
-1.04777418049266	0.691692076430491	3.3053280161462
0.1771496208316	0.372926693876274	2.9933826586804
-0.549382876249469	0.373473667469059	2.0860392614688
-0.499047007940937	1.6754446305534	0.597374314048602
-0.704042703808154	0.644766269264398	0.403330290400383
-0.541460817982421	0.837449775911303	0.263426242594886
-0.29542550321604	0.20368670299066	0.382972390777611
-1.63577456049997	0.696297950868965	2.00734275607425
-0.731886195193654	1.23289349828125	0.851575566916171
0.333695908523378	1.3664257800451	1.11417347484724
-0.517655876143598	0.765088147313025	0.46057453941523
-0.529791268377576	-0.713950270085931	0.871618288996306
-0.29960355486716	0.244876715424018	0.999518974907538
-1.10459020200283	0.17466029699207	0.727869031151256
-0.760593581215892	1.15482997260639	1.02455415640634
0.0918453750309674	0.400615924087503	0.406214615746976
-0.850139051905533	0.323060679189062	1.25603556813901
-1.07544284753878	0.746438749796379	0.483856944309503
-0.688462642939072	0.0840055076249829	2.33364360816208
-0.632321793582102	0.888386384726374	1.22948449423056
-0.623263373233142	1.92152993454976	0.923099319890928
0.0909502315985558	1.97820144491815	1.01382793453736
-0.602138015219046	1.17222120792837	1.09394262653055
-0.0893483359966536	1.89332704244409	1.33759868799614
-1.31831580582914	2.82539002009089	1.66063221455646
-1.35182127644592	0.603473970198249	2.4215899353104
-0.524409043047035	0.0658354931313026	2.90508708347594
-0.987693630711128	0.333117599336578	1.34648081508073
-0.421656056663755	0.787507521575679	3.15491436028533
-0.654313851505059	0.971907493189802	3.98712696493555
-0.614265142169871	0.464128069841125	4.44675451307376
-0.713901458120614	-0.233389431294226	2.36348241821473
-0.496226942945146	0.404796637259891	2.55945111800641
-0.541155310179202	0.503753202975956	3.72555859502307
-0.934171509620441	-0.0467658685988638	3.28804757676165
-0.86274433575991	-0.207616805173654	1.79258790685037
-0.243994792809146	0.158401590649045	2.37426717842423
-0.677217616860198	0.748659305286843	0.278232479978637
-0.677217616860198	0.748659305286843	0.278232479978637
-0.41351987421141	1.07888306568347	0.727325363816537
-0.765341617853971	0.30140274473277	1.42377888557629
-0.418313784324051	0.172223540870109	0.447143797936393
-1.38427732648565	0.0515436240005244	0.661497610404501
-0.564998428072168	1.05499394068981	1.73188508937593
-0.576837634328424	1.27296912603764	2.87386702796973
-0.618855376231771	1.45481512869663	2.35021045742417
-0.751104498896679	0.872844006206582	2.31590783462805
-0.148478516291448	2.56463660931875	2.19098784076086
-0.0893186172705529	1.08165506476983	2.15433416419163
-0.459569748290569	0.149240722821143	4.7277929197204
-0.388833186731785	1.15886214576479	3.1175720665047
-0.239683673195595	1.21931082485618	3.22923401761728
0.425897607085903	0.0192338732817613	2.24953925726219
0.485044425644406	0.152970132720306	1.490862711398
-0.177438493834043	0.423805955830633	2.65936150493391
-0.208649311290087	0.314619761611628	2.08590515133929
-1.16886687915429	0.687790205159042	2.02524140121032
-0.15026831141657	0.972558205176968	1.19822669583919
-1.45206067938316	1.41337353430572	0.0891589734934958
-0.864504010024714	0.740634949711637	1.00069281559015
-0.513628589564803	1.59338322679247	1.58924937489116
-0.996879973958319	1.21825701008174	1.50458442731684
-0.0518788459698157	1.40234134348545	1.00822709877587
-0.336531870837031	0.522215915568252	1.05165541104067
-0.218864025505974	1.16212127537493	1.80798062665472
-0.280271754659802	0.50943153816838	3.12651702059488
-0.31748183223872	0.621524781410688	2.98855675467491
0.807283106659744	0.421075704667987	2.74598688751619
-0.292175409753933	0.0226564503372484	4.18811814389479
-2.42497187541819	0.474333915958391	1.4366673861868
0.0648760645921002	0.389462932709984	0.279940852699593
-0.124074975736681	0.225921369784015	0.433043967965418
-0.91458815376239	0.457118955364181	1.41079687779271
-0.89834446695268	0.521074658397471	0.773682492719754
-1.041004400653	0.63715413490668	2.01386206319173
-2.1787738996933	0.345876655670757	3.91788039728097
-3.17304137481428	0.615209351181632	2.20633763959138
-2.99534827355544	1.02471016112722	1.0815394306653
-1.43795284411128	0.341331343134536	1.99532340221401
-0.98935982927233	-0.240984022937301	0.99664469442731
-0.0171580034753196	0.191204919479131	0.512967475246938
-1.70876575254087	0.60002091820859	1.05205547843454
-1.23157051132156	0.326901599521808	2.36349190312325
-0.115487994962301	1.30094876311543	1.6970153105845
0.773447374241553	1.23862270968892	3.11744961913831
0.573250559733038	0.830189052002531	4.04352184356208
-1.09726537608397	1.30449585756508	2.81989927581791
-0.359246962490632	1.6381455140803	3.71018056879651
-2.06617820576793	0.396439490943524	2.66954819013348
-2.11893318802659	-0.50869525171996	1.87793413037702
-1.11784876953361	1.2736142556293	2.31935264167302
0.887293752866277	1.54993411633497	2.33736346659805
0.254472723734779	0.405457322570565	0.558319240855241
-0.404111450915012	0.531706521720731	0.773735280806834
-0.808654596065322	0.913947187156025	2.20226783383199
0.0687485956206269	0.405869187624418	2.39358447115277
-0.91530176415665	1.18065240167129	2.64725923982358
0.393706018252539	-0.206690101481393	2.21287300699979
-0.611500016002724	-0.392366333725225	1.77421430901624
-1.3426530956119	1.77031043697084	2.25735262957674
-0.55664963468384	1.65721943369059	1.97185090602147
-1.02551185501	2.17826120965249	2.8488604664751
-1.02551185501	2.17826120965249	2.8488604664751
0.37332588974141	1.53690429093806	1.97955319930961
-1.42827947544523	1.49750317117138	1.92979448979081
-0.150562513984232	0.919204859715876	1.99949591918908
-1.8836678161243	0.797677256968855	1.98037522961386
-0.50457558971199	0.540628450101537	1.81475106785566
-0.331591837786438	0.281605527430851	2.56827753861193
-0.800850408099077	0.563305630738247	2.89009893518893
0.365427028712811	0.117097683497087	2.22758516214271
-1.0995106822984	1.02294266945808	2.61978163670359
-0.411087803666114	1.72001093866018	0.613498709487361
-0.190859356368144	0.435421678111358	2.10793767901736
-0.775194955352942	0.694964077648534	2.59172884707847
-0.147631837065884	0.184300049805875	3.84353977604
-1.29645095939384	2.56419311825237	3.70447263845148
-0.100701460903364	1.63944474084129	2.35507826665536
-0.794242122027758	0.126544626047126	1.62355352488749
-0.971878665726961	0.359819621192785	1.63633569942644
-0.336113019475748	0.795313107883377	0.724109169953047
-2.21205712159436	0.831837670841526	1.32965212852789
-1.21735482635823	1.81839500395342	2.26015696547011
0.403895817509452	1.24111907399912	2.40579466279106
-0.454240962902518	1.00929252020522	1.47062007206736
-1.90347566180436	2.31062114312161	2.99779606391992
-1.19867576922482	2.76185175393775	3.37537115733017
-0.111020362847019	2.27467642620059	2.95505389963453
-0.138465740525678	2.07191253777172	2.63127288472622
-0.758434773254837	2.03407761495399	2.93607898137851
-1.9285803804219	0.613609962097588	1.70024883061221
-2.09979974075304	0.373056109538347	1.49616245864199
0.20426345730339	0.700052765647074	1.71620403255915
-0.929549110554432	2.71322406136801	1.86557803474058
-0.78823912089524	1.62427818225798	2.16889836690265
-0.662198407960426	0.467761830265087	3.74771056445833
-1.1440599704202	1.06100479879306	1.32530156311095
-0.811550540606331	1.0691512730371	2.98496201784641
-2.20134840553821	1.03681725437719	3.66707714546533
-2.32327063246313	0.290407944969936	2.95217032473206
0.642478328602966	-0.966823035731384	1.22906693956479
0.978859684938609	-0.361531483434354	2.59638258552525
-0.163158211310149	1.40796146745779	2.34163297426399
-0.612036296065152	0.0704881124916542	2.87048253423877
-0.505257923980643	0.410588632192824	4.64666435340337
-0.735005095860807	0.845178097518214	3.67520175748369
-2.01917284873023	1.05344154993016	0.228988730098342
-1.36075453622107	1.6089692797002	1.8698879284126
-0.351035222156105	0.940058144362988	2.14937597967573
-0.194482881712958	0.527746060359024	3.84150843518123
-1.80370567677057	1.83950465565205	1.22550507043975
0.334664110737078	2.72502355194283	2.25089408173531
-0.568158009343802	1.94944152051406	0.710161190542758
0.303141830489677	0.311569042860616	0.895596942350151
0.469511496397398	0.430006577123266	1.14096611648051
-0.13130738053502	0.315258558813322	1.71226332196798
0.0724141129180598	-0.0731642623697786	3.05649728021952
-1.50595562376532	0.85919871634716	2.87767853440636
1.54524480339255	0.996895121775184	1.46466266645253
0.802862662766233	0.621947165862393	0.391391721801988
1.33361144657651	0.988521048011258	1.26182088937769
-1.5094356296596	1.05540762620377	1.63912668310514
1.16519922820495	1.26693198220711	2.5034580391171
-2.3828666706193	1.7758635454041	2.09038940628522
-0.725112405747519	1.08331765180084	2.36189414109294
-3.32743293922863	0.832225860745194	1.42157923000831
0.962396584949487	0.18910017055999	2.21406148990531
0.0500434341447626	-0.954540375104068	1.43832240238101
-0.0252152303173914	0.339052422445339	2.22092299630629
-0.5345085761194	0.932718641025894	1.90487703455636
-0.702781527862941	-0.128866912701643	1.99045081556899
0.747188182923643	-0.639237595589256	1.43366750521943
-0.211117590747932	1.31228211766859	2.84221333127153
-0.448431678979056	1.30584039008778	2.04901654766077
0.259384253865074	0.540562490096272	2.44272948826676
-0.203060134961105	0.694497114503705	2.78846398482786
0.390187207601174	0.206920862166186	1.46220667568686
-0.176445046573178	-0.257533958763337	1.71035595147117
-1.10795249815983	1.24592755189835	3.26156932686266
-0.922229876804465	1.53196642227135	2.37275157719072
-1.75761693327832	-0.0378192618955791	2.46347827261396
-0.103540539573053	2.09665554339096	1.58810980628217
-0.325948834183167	1.72415338586263	0.986262999442645
-2.04951492248713	1.59662500634986	1.46985794841847
-0.492603151454234	0.17820739306112	0.870807744742904
0.271570063210981	1.69159069157853	2.73382850997183
0.251911427787666	0.688161361614503	0.952748699272689
-1.9507634608701	0.0249191520432594	2.1015971194456
-0.127530936243901	0.014931544389392	2.08183985803657
0.727454718382637	-0.543416046598376	2.00047410499485
-0.481643557413367	0.312392381666263	2.2077567383764
0.340871297006579	-0.212008519175998	2.45410201755353
0.977476157446738	-1.7140052046005	2.34472380284684
-0.441355723065485	-1.09938621219902	2.94567549231165
-1.89460211192014	-0.514520642612434	3.01299358237448
0.453759631248664	0.127669280853764	1.2854584129026
-0.0794734780088813	1.78609561409352	2.82640713517691
1.04467202820676	1.51574550266926	1.46725530014765
-1.2894831595798	1.81033607631557	2.20499357750888
-1.35145682579602	1.50666915581885	2.68930201230814
0.333497050444316	-0.691779916476363	2.60449247535503
-1.38910842689078	-0.472650371516359	1.11684322072612
-3.0819222819792	1.17802657617846	0.864357503824351
-0.233720526291717	2.3680608722265	2.31374232844803
-0.828809243365362	1.21284763598338	2.63281776860553
-1.19790589342715	2.22623596039613	2.88308871277116
0.687396941186	0.721817190294869	2.58703992411406
0.568929145247028	0.768431975599039	2.39161368849908
0.40552554913896	0.9631570346641	1.43230638549361
0.455915776203855	2.08548385199847	2.96129303129038
0.806473720526332	2.85166494556371	1.84819724090565
0.484331699037547	2.18823070109553	2.62762179594521
-1.57696788233259	1.83297629258696	1.31078960227986
1.41539823246483	1.05700126076904	1.86773498850339
0.316531173992967	1.42245742356319	3.24043797577615
-2.73702790917863	2.99661199704858	3.58118362829254
-1.80159129681039	0.928675951029112	1.24729887218365
-0.971554605334557	-1.3700588688776	2.86464677319016
-1.53373176180921	-1.40225049728081	2.73760812858372
-0.621825991120831	-1.84249304582665	2.48165852655476
-1.72533876744556	-0.785177761643569	1.8663424321519
0.00198848834824916	-1.75055790545026	3.24184549028695
-2.18188026950009	-0.488726007589885	3.32631084966211
-0.495524346669997	1.96944630270403	1.89239470453034
-1.22320814183489	2.26650365295394	1.60915657930156
-0.280773006357326	1.86455136627824	2.46670920254378
-0.571697225186038	2.0660225835382	1.24489881139439
-0.496314996828366	2.37217217621594	2.14306742773956
-0.28360412265813	2.7441891869252	2.89213829044181
-1.15428088245491	3.0566406195897	2.23292723951471
-1.15902447491222	2.35325104473332	1.64966527672463
-0.163394542154392	0.601902879064865	3.45526404733233
1.60990803056188	0.552047695892727	2.9294508585408
-0.181730358000883	0.849409476035024	2.62714709646919
0.155287580669224	2.16271768405346	2.27125518271561
0.0838491673942352	0.262936132563221	1.6716492455811
-2.72422064406984	-0.411010079299735	2.53896442307939
-1.74169130441734	0.234065647539319	2.72717104321201
0.00251993108594628	1.69564007975798	2.91075356206071
-1.69786562645038	1.08203498080147	2.23677044960353
-2.02582604892769	0.184809009048157	3.04357172837058
1.20955184950269	-0.472824301777762	1.06359651706409
-1.12559167511834	1.68454463766843	2.28556731832955
0.574564916386529	0.261309931516109	2.05802074213834
0.314078185928237	0.956003686178535	1.79093787225482
0.600715305431595	0.205025314448487	1.58973169550872
-1.29768150660364	1.84428497487199	3.10952786880763
0.654949195324238	2.68298288528483	2.7871530693955
0.564437132142776	2.39078342535432	2.26735478547914
-0.666511025935136	2.00146649638149	1.3621274928451
0.482966817619521	1.97987142282912	0.758358352009564
1.4186671996103	2.25384645294245	1.94298541497133
1.44510478265779	2.58020242060261	3.7583530347763
-0.252966958563219	2.21217236443981	3.58421940739873
1.00886453120372	2.17112608138979	3.97059619790945
1.75128433380784	2.34162123396598	4.41171045002066
-0.048880697559709	2.08374839293828	4.18625153039542
1.39019315198012	2.29356553330045	3.34997916457972
0.346269358551877	3.47597120099946	3.20702426086046
-0.711699390889675	2.94500858442993	2.07419729289805
0.892016053163486	1.98792681560736	3.496835970914
0.864172143943809	0.65716871803841	3.5903765053686
0.279801534929517	-0.0263644738402163	3.25573981492896
0.946718462591373	0.205833192940186	3.70949761498568
0.365926575127973	-0.0542190785598107	2.43908333071885
-2.05496749725713	-0.479299416273469	2.66367348382678
0.0837638675514549	-1.01337788970268	3.22946925904364
-0.845851967517679	-2.13059794699654	1.32557338073213
-1.31669588488485	-0.777607450141303	2.19219206213055
-0.721913715814752	-1.92287471504514	1.12160362397638
-0.056673324013917	-0.986198592534427	2.1817078272918
-0.853048751611084	-1.10138535749674	2.52214343748416
-0.0640548790808578	0.628310751226781	2.47951574793313
-0.688426112890854	0.608974223564725	1.97034788012115
-0.781829287176985	-0.0976974816543211	1.22593923525153
-0.831321071283566	0.416839999853026	2.54064036818064
-1.87844033470603	-0.613410559420059	0.900344263318406
-0.0676498204545645	0.340066973418686	0.930000893680295
-0.788754153063835	0.634397877410935	0.418448720185904
-0.807384174494248	0.506141190136804	1.87739108097099
-0.791965435317311	-0.272959770093789	3.4081398443303
-0.490753090039103	0.615803994255947	2.44185849183393
-0.73594746238194	0.382128772014252	2.37667612729257
-0.469756140878903	-0.321514265530892	2.4575505561997
-1.7330557116958	-2.12084429517932	0.912513565787049
-1.324259355958	-2.84756107109077	0.906560548894988
-0.527774409913943	-2.73487938009124	2.07469760289757
-1.5882511717922	-2.67002559203377	2.34098359867338
-1.00131690414472	-1.46010234634277	1.93580295885048
-1.02356161367138	-2.06866794307631	2.0794852452226
-1.13929015728608	-1.58346422735137	2.34205923293182
-1.15165220260472	-0.611804765908976	1.67305623188689
-1.15485335518765	0.392019527645174	1.42366760921013
-1.16620886623566	0.733686187211709	0.828036614161996
-0.483968945765766	-1.92382717062207	0.783081385642181
0.585715048943813	-0.602515696024865	0.26126918137023
-0.222312179914203	-0.489131399024085	2.10021603059001
-0.175970502895931	-0.575682818404157	1.08814369301118
-1.78011708958313	-1.49498103916469	0.996858788634955
-1.93720679405883	-1.96739680527646	2.02535121277626
-0.3822714476518	-1.75266050387345	1.97123501025739
-0.841364144024896	-1.07048064219562	1.86265261300634
-2.12855731465787	1.14299138678999	0.952567016476144
-0.891432982339086	2.19107353530725	1.94855118838644
-0.978613234743399	0.0116149397203367	-0.145064060105423
-1.27553253536047	0.809302945804971	1.12182736795376
-1.76132964377231	-0.259282660174864	0.852132907714454
-1.48219344556874	0.447175400965064	0.860869292209436
0.0383438116900686	-0.403401101307523	1.67954589356736
-0.493327437434751	0.412569899422521	1.79895027529188
0.282025041937788	-0.00874227638678068	0.857297836398752
0.200261406084468	-0.0876038864268417	2.11425211861613
0.470799797036827	0.937895228170579	1.61498429966445
0.230245214229964	0.224040334136255	1.45966821289806
-0.771300127076537	-0.443769926792676	3.65886568673577
-1.84102047718182	1.22511932356881	2.91978230274434
-0.68439941896734	1.92721546307365	2.09514535837384
-1.6421979016996	0.440751785518459	3.77678509229374
-0.284035652248747	0.544194246200939	3.55125407444442
-0.828285354221315	0.114131833490973	4.43908304744758
1.15424693873295	0.803988835713311	2.81136748324215
-1.06834237004228	0.620074563862458	2.13486686186528
0.110629486345372	0.46432600390043	1.61311655855681
0.275667029876481	0.663169780131382	1.08339331090457
-0.787057591523276	2.16475279421444	1.39432856137374
-0.931237757763043	0.314577917916428	3.35744086605011
-1.00824697858857	-0.948795970431669	1.81140669692104
-0.670919190259668	-0.669562300400788	0.374647050590144
-0.871210250585216	-1.46193282207441	2.18155677522913
-1.38801029339647	-0.892899039647939	2.78478738831804
-0.811890288531473	-2.72110363082269	1.37798010347522
-2.72302208024739	-1.04733706545823	0.420422854132087
-2.86900047993873	0.158293362291729	2.50901951111204
-0.176577302707127	0.00808669572342402	3.29632075519446
-0.711920716880974	0.517373495875667	2.46040674790522
0.921946137199955	0.411489918358876	1.72001769158931
-0.793548141425074	0.731108996928125	2.86211643165183
-0.823775776463348	1.07709597270217	1.8033346535354
-1.58796079930371	1.17565605791062	1.44405765129446
-0.404197125021723	0.667161462107094	0.753665304482391
0.0161028965231104	-0.243389948846159	2.83368233809708
-0.491768692305134	-0.332574587222559	1.27295300805903
-0.632165305482528	-0.255595134964626	0.323637147187612
-1.46760006544567	0.613630496645544	1.43819837343464
0.130415807011839	0.603935083649552	1.19000122398711
0.59459606063837	-0.0594095792741214	0.445584500710516
-0.565721271241787	0.854016554786321	1.42397531452074
-2.05979430597912	1.42682503577274	2.90062203805214
0.0276737874175488	1.33228054070247	4.60901188290358
-0.473382537595922	0.935466362910393	3.71017179504353
-0.0894082065142547	-0.719206149784597	1.83074726912294
0.800275254911357	0.600962508147889	0.698888684566391
0.602395855423786	1.27029471141936	2.31908165571114
-0.39275804334717	0.914021671834178	0.963103373254758
-2.9157904101106	0.239333293982773	1.23738505018072
0.85228967520542	-0.0946293130246615	0.807136973070495
-0.337872715607768	1.05247935878211	3.14985381644296
-1.56947089230595	1.11583526100377	2.20569393455198
-2.21339673294559	1.76693359384505	1.3663749602531
-0.64419607097895	1.34532146373155	0.937294775181848
-0.794844168143026	0.169123148443292	1.23004311217117
-1.87962139071746	-0.064604258945315	1.53821955784965
-0.210545629590671	0.484485782355127	0.491649163645826
-0.210545629590671	0.484485782355127	0.491649163645826
-0.71299491423061	-0.831305030301057	2.57070104806306
-1.86209621199571	0.421598988695247	2.96519908616209
-0.307736337184435	-1.26600608087241	2.31591089961625
1.3706412623589	-0.450132337792251	1.05077300581232
-0.0323833979152761	-0.0880123527678706	0.603112890702088
-2.48549011977262	-1.21971111089695	1.40706579401569
-1.1454630489216	0.593553021216505	1.63504420596016
-0.345935188244882	1.63130502281318	1.79688962663092
-2.33917933861934	0.201187496893634	2.86272501042724
-1.86339060674127	0.093927229082876	1.18354947222724
-0.936195570736576	0.243010146755193	1.74771907718114
-1.32372733065842	1.65231154249601	1.27589427375577
-2.17258852041756	0.969229116298128	1.0396416765859
-0.0286985371067494	-0.0436970400475578	2.66513218554833
-0.687338121329628	1.10229887555687	2.00888202599051
0.131400109899171	0.577400531868786	1.53700796461843
-0.555325422511936	0.385243155431798	1.22744446182756
-0.721627962774281	1.01043996192307	1.0010526886467
-0.630327382708009	0.551787916520364	1.26069269938873
-0.182204529098017	1.22993136111571	1.65450922159861
-1.74899905831794	1.4097858697815	0.910057538525232
1.60286469569221	1.69609918275671	1.16025557331125
0.155274752879617	0.725808892414674	2.13649589259696
-0.513084815865975	0.876280888755844	1.45210322100846
1.7709487876749	2.74654876163401	2.52326373898314
0.503055841540231	3.32012397958771	2.0697033619284
0.594309826360028	1.77888852840288	0.96305171626938
-1.94351416272945	1.39418972272643	2.58653477198332
-1.62840097331338	0.633627632887187	1.78576478294859
-0.622270588304412	0.713386110352251	1.67450365787076
0.485275130313128	1.42418618495182	1.70589907910822
0.0709298056861905	0.12343723691616	2.24624604145008
-2.93641746117075	0.82034689967782	2.48577940412074
0.874599190254954	1.24123120200667	1.50806677996359
1.304937412894	0.692994515485782	2.08700361205963
-0.367560142552389	1.98554777777101	1.91068284543081
-0.561399568848339	2.31450702867315	1.45454038247993
-0.395078900212028	0.84205811851446	1.8242194783076
-0.570124057032128	-0.151125869204512	1.65037955062129
-1.76975654552317	0.42465120000451	2.15265771564846
-0.154718335388996	-0.758642519475223	2.39823028387401
0.279357698310873	0.442014929055725	1.80888733441246
-1.81856551429642	1.24761258199459	1.46740671389168
-1.15356884132203	0.970598723103124	1.79175428095519
0.763868765046302	-0.154125573292757	1.9340337065708
-0.150902541465005	0.842801871140116	2.55103119135595
-0.201131436543098	1.85670673019511	1.64641809213298
0.207732108334823	0.858106926622952	1.51644769960133
0.0776177958866726	-0.357552453419745	1.15864482274289
0.0936254143132318	-0.00253814165140198	1.95320028083846
-0.819184098677978	1.37490874559238	1.80955832621898
-0.789493885737529	0.828476894252803	2.37853661449622
-1.28286251789355	0.969942713416416	2.80886780935045
-0.591244355810259	-0.245394877967488	1.93689252637615
-1.10253193376419	0.181236324036162	2.66022728139447
-0.96321632207718	1.01076844146536	2.94766178818543
-1.77725011652078	0.868601299087186	1.48408143201887
-0.931039300367317	0.452692369566132	2.35107480236392
-0.693428263416981	1.0209563076058	2.70525699406897
-1.63542922243069	2.42122613941547	2.56626918136949
0.0814036842311239	2.00056949083976	2.02296304083364
-1.45857857562655	1.62074219024744	2.43226940524255
-0.109066523549514	1.46974479287498	1.96758176770959
-1.07347944482987	0.25196281407833	1.27738980051124
-1.50150306645636	-0.412549389666123	1.10691530724127
-0.190657202885024	-0.0553389421937265	2.56580654245474
-0.098724913489262	1.07044947599037	3.1488830255288
-0.556908244394727	0.176536294246996	1.93652823962218
0.276462402588578	0.641335937231838	4.05697263344197
0.40809794359087	-0.921845649134263	2.40856136526008
-2.5779815609925	-0.067183677718527	2.7227886617618
0.946999068182991	-0.359295101733924	3.07964482433466
-1.84794714242429	0.344675550923116	1.76924117264401
-2.19219922219554	0.00793524578673551	1.37867996256637
-0.214024218143725	0.086759278187946	2.9633259632106
1.44002576713678	-0.615188089260484	2.61372648739042
-0.706039461215646	-0.543550063978879	3.43553901607051
-1.26847093923991	-0.899015786374397	2.62898393395263
-1.20216412229329	1.77053879879992	2.55221219036384
1.22965590011534	0.675351358977491	3.61336509073976
0.758571456506979	-0.178118149921479	4.61370833751828
0.422196642890568	0.839078584057633	1.89710878247931
-0.0323846499231698	0.78757510177593	0.265523210514566
-0.875955840452748	-0.290485405290031	1.13375419381205
-0.0629080466457434	1.65919607079466	2.15359084931011
0.95411245012614	-0.696255720763287	2.63340192014255
1.1918474806692	0.315429410021008	2.47400988031967
0.832659281449612	0.57923304809689	2.42829876019385
0.887316292907367	0.862678040685087	0.988663661170622
0.348139686677186	1.23998741244665	0.470758626432029
2.6904210840944	0.398602764007461	2.49644354724135
0.805679827882213	-0.637749926035514	0.48746292772944
0.282811919828334	-0.946179937149748	0.218365555512257
-1.27681353709041	0.670027308040399	2.58386027243599
0.874250953099518	0.670226812644683	3.03258960263236
0.124801160416475	1.96267358218616	2.69202070825158
-0.753172646382495	0.553799057879619	3.51140219437778
0.0544629607953632	2.192258742398	3.95096353546967
0.363153876477957	2.28649773064413	3.51504954380001
-2.45859593911123	2.16150719253331	2.25816619150157
-0.67106609965307	0.156390270238894	0.60227267305708
-0.328825132664979	-0.392428842701804	0.663827750774258
1.36349844411843	0.431361580354828	1.06929201925696
-0.5318429712928	0.681381709185521	1.00973080386438
-1.61808692912316	1.46053924623047	2.67281069608104
-1.58065236786451	-0.56249730078833	2.11045883404418
-0.510925149709391	-0.849974748024244	0.873550292830247
-0.619230798248875	-0.49594247723396	0.22952145527537
-1.28803761183557	0.509665952069959	0.697517021329022
-2.26894048838057	0.983739147571353	0.158050319222986
-2.54516057250175	1.72991705002331	1.97614616088709
-1.31956988398061	0.450801010281659	1.70428500579882
-2.42871205896559	-0.812223954218863	1.82097897450673
-1.61611831852469	-0.806668460273802	3.53062078809091
-2.80578284752557	-0.438416248862091	3.92189553058144
-1.90794094236177	0.140710509833096	3.24002634600315
-1.0513193210302	0.396658873163098	3.35312117105902
-1.15999190616088	1.10112307602125	1.26145643236675
-0.512385238085934	1.86624861081885	2.21531407335716
-0.587701527541812	0.0465963251097348	0.799914340065552
-1.78288243657119	-0.0312787832862873	3.28768464995093
-0.149557914105722	-0.0298454308742148	4.434248404624
-0.932558556236741	-1.17138722913003	1.88320530291332
-0.800453532003609	-0.550416608603209	2.66497224902585
-0.501648572556014	1.03466415916527	1.90226747980889
-0.426233580593706	0.933036636979191	0.858792470794505
0.286643358293073	0.347229412441041	3.33931417419886
-1.0710222166252	1.26597017657197	3.6782410657681
-0.493663855874763	0.207405338003246	2.45372709418825
-1.04650146750497	1.28325909346122	2.81485568677167
-1.34521418928856	1.09667264675322	2.48215265151227
-0.770763752103988	0.134500158115517	2.33826065362652
-0.138449310658326	0.943193255802337	2.55271049963791
-0.421316340831233	0.96441446739945	3.36780966932621
-0.286774549812605	0.531929480558031	2.54617966911892
-1.02932157221479	1.20483436427215	3.14473512825574
-0.267315416779265	0.690751451727725	2.7781819957266
0.146518076385344	0.680427923303817	2.24684314908561
-0.0290425907034135	0.785054111926906	2.60289903365895
-0.578718861532382	0.665225630229862	2.59661790758975
-1.68739684850112	0.770057532097033	1.76214709097869
-0.0868297441261837	0.508218927859084	-0.224255660889655
-0.601850765116056	-0.231999898502559	2.12193709270378
-0.625444828166255	1.26324438221969	0.590291415085439
-0.782630662189592	0.518825352058803	2.49421007941315
-1.53679916693404	0.0876451627201658	2.37799494223354
-0.434027224667808	0.299905138024329	2.56532013235529
-0.747538307814458	-0.0162658135354737	1.91866996016273
-1.30397372401429	0.129935331687997	2.06190060726454
-0.434251083314708	-0.480574650974678	1.20573053293672
-1.11632980696879	0.136712667907235	1.98437229628686
0.781739710714039	0.218579685140432	1.84755847346477
-1.47501236842408	0.252465914128642	2.27693162614145
-0.169550484478421	0.565780679523529	2.34968616613871
-0.621355988743765	0.432815850017789	0.486833511870664
-1.06698425554436	0.991263034620408	1.2137679137059
-0.628093452689742	-0.552264479231833	-0.216879643690699
-1.18876734263324	-0.48862622420944	2.08436320155614
-0.731746387012651	-0.264276565640281	1.28132505323094
-0.847193992562494	-0.156082218149465	2.14505407467589
0.0683993603251512	0.742442040342519	0.680270600817446
-0.175919566644854	-0.0736226635096806	1.12019002321299
-2.20517672316704	0.711617086018305	2.35420176935756
-1.96228313784469	-0.0573902839312021	3.06048329145141
0.284564377044281	-0.791739111296919	3.3541967356067
-0.106746570004512	-1.50921634909283	2.94509652978831
-0.397519783098218	1.27290743247608	2.02498790370187
-0.558002031545202	0.851488861010514	2.23864307730446
-0.296021589384428	0.656707035214948	2.33480993350028
-1.16131990368171	-0.776003253172174	2.33384520398504
-0.927168076252264	0.545582359943525	0.727815758966727
-0.903878681920493	-0.580598714948216	1.72981001055672
-1.17343596098264	-0.682647763887484	2.87495137687936
-1.2607801737407	0.961778867815733	3.62430319315202
-0.599347710900572	-0.118906566966493	2.43896418677426
-0.286169704102768	-0.535307730351082	2.79641723533918
-0.134655322935145	1.51078377571153	3.00910902437805
-0.583747469939545	0.211792397877659	2.04675276919084
0.554519634967783	0.900997759343173	1.25750935506692
-1.48194128379183	1.19672593623037	2.9879874150714
0.223497399618314	0.379503309169535	1.274915141667
-1.26215931980483	-1.09562959633886	1.64204171013703
-0.582400826867948	-1.95756141153272	2.05859815511281
-1.91355033543141	-2.00693571390827	0.952092408089071
-1.50640287179433	-1.73790932970295	0.170780393409764
-1.06715034064796	-1.90833590182898	1.19398040914932
-1.80653531125271	-0.921194251006811	2.16175529344788
-0.808973863322263	0.853113225735849	1.004575786299
-0.713437516075325	0.360750860730553	1.03129456439198
-1.60557325042729	0.670218752939227	3.34699944667031
-1.50570748400308	-1.0304224055864	2.56413265321383
-1.18979017807037	-0.67086378115782	2.12170327852816
-1.95380016042686	0.121577356817862	2.53030899784788
-1.73680377613631	0.946529628005632	2.33761401550159
-0.746591302990302	-0.340265548051208	2.96469672531724
-1.104710365097	0.474319764691281	1.40075706743732
-0.199503817169616	1.27270217168492	2.03502245443669
-0.00224635878244861	1.60383071166471	1.66615484088948
0.296268700044417	0.867251817550882	2.50556311156364
-1.49222570193423	0.107512629725236	1.94057228607703
-1.40709867023134	0.903405990801602	1.83492781897721
-0.722726436261584	0.837274067643009	1.53971074183385
-0.583908956409763	1.34567429536915	1.78358284156364
-2.80524231844826	0.903240439102268	1.7949007021625
-0.016721528377819	0.714408043259544	1.18725108034997
-1.77250678576648	0.0128275120278717	1.00454246007891
-1.64676886323151	0.441794585901286	1.10111838146528
-3.07323368854052	1.12771617877522	1.53979887542534
-1.16672444358482	0.48250268492655	2.11729273697941
0.208452796501709	1.92678560646915	2.05144387683986
-1.72217623002689	-0.455461280637621	1.72388233200348
0.539493379216986	1.62716037015738	2.94174238910562
1.25603477554805	0.941019251868219	2.10965980220806
0.275484486413702	-0.488570582604701	2.29507556427126
-0.321693463951965	0.08170218366048	2.18128320846684
-0.452704905523252	-0.284636953744829	1.91372154372516
1.73456476793167	0.305230790416503	1.27665560703574
0.882850447613472	0.89186331899911	0.734893275916083
-2.49777271972759	0.716043756322731	2.29302398728572
-0.909148479271406	0.0664588218346073	1.57327053529723
0.178229174194155	0.13597164219764	1.71156258219898
-0.620091447348523	0.0792452354985294	3.18960673794899
-1.93496782452511	-0.595794285245735	2.78005005251997
-1.20223767480851	0.408854917097723	1.33405082171291
0.205953071760486	0.792250349774512	1.67602073303193
1.46682886968649	-0.0242916299781409	1.24247954328541
-0.761893009738787	0.996969898934095	2.48658128875211
-0.264905638898439	1.82072927119613	2.62892409980405
-1.88424118735133	2.64600607222054	2.63271904598914
-0.804328018493897	0.248371096832465	1.0906960908565
-2.76068455235913	-0.303322541415234	2.28733919343935
0.297946199341026	-0.00773729621545571	1.36063152103626
-1.20575548074313	0.711765577785218	2.97769119409412
0.664133826447316	0.686048935536256	2.13574376576008
-0.600791088828281	0.394492238625433	2.13065167120929
-0.686324268114135	0.203069837548106	1.33137079364189
-0.650074595831445	0.454119664566999	1.46488204161126
-0.39491034025951	-0.700311247995699	0.427474023047092
-0.656056689740363	0.488547836002834	1.92003030157513
-1.08831621165444	-0.560781019688327	2.29837197157726
-2.17778590878431	-0.831278792135452	0.668324975267781
-1.78615289037727	-0.188231087753069	0.0440513806212226
-2.09726437891101	-1.85539062131532	1.06979599437064
-1.50331388008445	-1.07148247533503	1.13937325016611
-1.96247994419229	-0.288708895365046	1.57469710388524
-0.369912135632332	0.354425824325201	1.36527320039893
-0.677553335351799	-0.0191738105901439	2.01812872055065
-1.4165432177582	-1.42003900721225	2.04209969873615
-2.12961992615274	-0.596276958068217	0.434735631781718
-1.74737969569968	-1.00573765180936	0.045781024850898
-2.53882613921336	-0.179125380822341	1.7426555899607
-1.78547138307018	-0.491017470587173	0.65192215864476
-1.41535746133605	0.457952220514426	1.19227873634177
-2.41171150128514	-0.456424293702928	1.44122107851294
-1.09669728903679	-0.033545577277006	0.396262300874816
-0.921599606490694	0.843329382378511	0.87902409283112
-1.63369785611044	1.06124745345635	0.475089882178056
-1.09535537600477	0.038940608994005	0.744443733486983
-0.0258561501635693	-0.277949894680837	0.954719102037196
-3.40854990237233	0.478699490795093	1.18144597894593
-3.03836778587363	-2.24814948181795	0.833507025772043
-2.47774957261401	-1.39507261644266	0.530893533114964
-3.80357611674493	1.28739221824437	0.208089177595786
-1.68332786507113	1.62984308806801	1.00291792097226
0.894949448841006	-0.0683260355280312	0.670168112997563
-0.549410809356172	0.0351063056047023	0.0666666826821095
-2.98160472773596	0.650655176792377	0.810502790364079
-1.20312412921157	0.498240890099018	0.502325040687568
-2.95982660292756	-0.053199588831695	2.25282339280875
-2.15805387928251	-1.16182016957388	1.64216207330534
-1.49343924337903	-1.14164624065858	0.365717927017023
-1.89055069251417	-0.635418297291945	0.205060083850847
-1.0374844115234	0.910645177202601	1.16273738834691
-2.5058474441015	-0.197253756714331	0.501177927576016
-2.99628888702254	0.418986150104462	1.78601076499725
-1.04836642833463	-1.20464931050591	1.34302109169336
-1.85111775153225	-1.17531366209443	1.16770053538107
-1.82224129670622	-0.881939355112004	1.22597201800338
-1.26298891261785	-0.89318787545027	0.213901483626387
-3.16661003627985	0.139911778270707	0.639098357940905
-0.902069494613902	-0.059891470173202	0.543478457245062
-3.24016755241124	-0.863841163018753	0.875333868576293
-4.22444559718856	-2.49855455237685	0.764905779017052
-4.76721960869079	-0.338336995697876	0.753829442139261
-2.68688194419461	-0.562950460259543	1.59943626947533
-3.19361517061813	1.49458252243817	0.74714533869595
-0.893991931162341	1.64044699222813	1.25624947919732
0.74289636397237	0.813239051058378	0.636410173155839
-1.73190861005796	0.584016627058587	1.9063400599082
-0.234385774523243	0.818391429586229	0.524041415352628
-2.2101635141565	-0.401807368970005	1.01613300501807
-1.97861668316024	-0.997564594274001	0.619090282206595
-2.26293363575507	-0.563023877195231	1.24372288954603
-2.71106237101419	-0.366273358781939	0.306705775613375
-4.47629805877842	-0.230422005867909	0.737330306200896
-5.05177641485158	-1.49110671734715	0.637982931228262
-5.0425167143985	-2.53152645869363	0.62763258588538
-4.84826107671216	-1.50136484524275	0.792626869173194
-2.58705139904629	-3.08605425425855	-0.287953845136476
-0.171048762228597	-2.18830194654599	0.922416394313269
-1.57166171211456	-1.40465389672357	2.21262338131309
-3.17621046597078	-3.22389684406803	1.97817967039729
-1.84778664872724	-1.84470089622125	1.59810615418724
-2.10466502971289	-0.50516870436556	1.53133885467675
-2.54759325617701	0.0345369247654891	1.1707690725082
-1.47294646202275	0.98509335200456	0.777795883579736
-0.377007069342956	0.465415790256264	2.85666293847663
-1.15234736774425	0.63766937652656	1.4036114008018
-1.45301771734685	0.574224830402229	1.37840754612798
-0.107702113918029	0.791047305551229	1.15793208559922
-1.28460633474523	1.10504901078708	2.42087132207911
-1.44371767184982	1.04767046399381	2.81555787558591
-0.423299505058612	1.10639287188178	1.65510140949326
-1.26363825732927	0.542776695585999	1.40399121512099
-2.4176324833526	-0.875135945379192	1.91924137870759
-1.79748078296003	-0.520586948996799	3.01445724330058
-1.13027647132773	-1.3774116694964	2.88892061424685
-1.46220679499508	-2.60713258503695	2.37705984719889
-0.581522107522562	-1.48211650744864	1.63530824634677
0.319104046531456	-2.10106852175318	0.60839720077418
0.719659668332016	-3.33124434823687	-0.180198006070871
0.461603056199022	-2.20390787457236	0.204010160477813
-0.58696333985405	-1.60760212442341	-0.234280454312929
-1.08953380987337	-2.48011009087886	1.07182644404921
-0.951690411743083	-1.19050628654871	1.62739050119084
-0.71039693186066	0.0557268708882243	1.27718267439191
-2.17065786295329	0.209221352902466	1.98319592211648
-0.659275510303838	-0.475886030132851	2.54226403907345
-1.46614967685727	-0.140261091149492	1.69428095705342
-0.487874075494183	-0.0696472680943672	1.4322229787051
-0.607029728758674	-1.11868771187723	1.55474770333366
-1.46243164822081	-0.164956554180814	0.0216630848527821
-0.0827363367204463	-1.99509441233158	0.476154610671624
-1.55503540394833	-0.955309176217068	1.17475408764334
-0.515715352881211	-1.59208757981118	0.920191817965399
-0.834635994575715	-1.49616320111379	0.514600728944637
-0.687322838137808	-1.16820013128097	1.44375550030157
-1.64044923240108	-0.615668241624432	1.82697751360842
-1.36989492209298	-0.403781835901945	1.46829716128341
-1.05150429962149	-0.259915875421789	1.92953663033986
-1.17038845658134	0.668876897174194	3.02027818339695
-2.39602283923785	1.25498678868901	2.24867341571933
-0.605208510988265	0.852253148661977	1.30163039655498
-0.696816349416293	0.28523120503413	1.47557796847919
-1.87853546593611	0.690122545570078	3.35023778074528
-1.5073270053803	-0.35758885711378	2.04438641804592
-0.217497662421585	0.039672899480359	1.70004326969841
-0.692467497671105	0.828846388410636	2.44208827694184
-1.05995586758731	1.39124740396852	2.65501271503359
-1.94414189817911	1.11109416219843	0.894061833656816
-0.842533923333754	2.54502168418728	2.15150122792495
-1.03134753294024	2.5086565369651	1.52761080034897
-0.168948891598923	1.9251716519418	2.72043282100038
-0.512291954943054	2.07636267524315	2.674875695174
-1.39309793342312	2.18098040038247	2.79827271634478
-1.64484397810526	1.06552209468379	1.01192372045769
-2.00667911283956	0.574924407573021	2.71810277159561
-2.3316035543036	0.978301309728733	2.31792408333468
-2.13676522166739	0.142222277989132	1.67938119429655
-0.518281945631307	-0.117949391712832	3.17252172101714
-1.11984189080519	-0.361517144343176	0.898697761485143
-0.585518092583829	-1.22633612547796	2.23788369184823
-0.853258634085757	-1.46339078801334	1.07893632322643
-1.13740665729818	0.227195399024623	0.854371113738522
-1.44933441623101	1.35103164924594	0.0890337542723054
-1.26369698091866	0.948442938901915	2.13620928311374
-2.70771345375286	0.289864712183246	2.59807137882458
-1.70952016858321	0.495008838013924	2.15565734762678
-0.736527272629758	-0.0981605469437897	1.74821332867612
-2.13589895930515	1.08312088276612	0.764935620260953
0.739956592200772	0.883858556544589	1.58885966534432
-0.783516635743821	-0.412101379785066	0.918332346775
-0.21476166052602	-0.465767207021555	2.34985168041539
-0.585473466585138	-0.204331791877973	1.58906490209938
-0.792821662578125	-0.157271727714901	2.01069938934295
-1.86669221499034	0.527643618128104	2.35241792707089
-0.956778265414995	-0.348858121720368	2.85418362290703
-2.02894583866664	-0.542423755611191	2.17180592231086
-1.82392435864166	-0.385383460442863	2.24083717066228
-0.0794235370769463	-0.41410229170503	2.5347575546549
-0.517887499192687	1.20242304008372	3.05321813557746
-1.0015387601054	0.578040400053662	1.58497977201025
-0.967049496214945	0.651432058446399	1.22618040240644
-1.11556065457878	0.79676607659979	2.0414719607931
-0.00526151714046919	1.17128230901118	1.83758227907682
-0.297342623469258	0.27835746383259	1.55715456339886
-2.96117430710875	1.63579784118769	0.707708358539556
-0.881427047557364	0.46172268470317	2.04147317988523
-1.96769601242007	0.422979200279801	1.93991142746836
-1.33727175639392	-1.25442322311084	2.24269876323737
-1.23960386960911	0.537838116599301	1.47954801141338
-1.54894313571868	0.316524054973118	1.75789736562828
-1.27071676471199	0.706756135764567	0.238738949398083
-1.73835707945902	1.81243660114123	1.17215182190337
0.737054784627377	-1.1498426684748	1.0635140401059
-0.0870765152005608	-0.428326527556589	1.77968722986373
-0.986573538951592	-1.74674327531151	0.990126310303157
-0.874975104531969	-1.83770344494635	1.73704126476807
-0.0318643927853551	-2.2402403502511	2.24672565215706
-0.825599366690742	-1.38253370652709	1.42222969947855
-0.50012286149085	0.159209576968278	1.08625508258236
-2.96565033476013	0.849740500130741	1.70422451878344
-1.647697302302	1.19103975787026	1.43913660248393
-1.46643011281642	1.45408897240776	1.87431929702267
-0.484798638658066	2.17015645704395	2.86501713842516
-1.20044701966206	-0.201020179230771	1.96862279381024
-3.02192184624186	-1.41377352825098	2.12064021588146
-1.67234010273931	0.518554324318055	0.818569703646372
-1.52474507512853	1.33764511055594	0.778021362165053
1.03471440256724	0.587219553773332	1.1906368853474
-1.50625783938376	-0.284288095566416	1.31870046226253
-1.87027900337776	-1.1812303628675	1.08759981692934
-2.50351774013674	-1.20123491809896	1.31343579869261
-1.0029605688338	-2.17256716883581	1.01436781035322
-0.57725605232869	-1.41827047600285	2.09415703179371
-0.889671118939934	-0.0255583637508338	0.942520469687994
-0.448702786437886	-0.805544761836835	2.58339058579714
-0.516992311959087	-0.892871351359505	1.00449858895235
-0.774057092900227	-0.217397493758261	0.995727646722523
-0.641706010094246	-1.85810564957697	0.0297787317806431
-1.08970464353159	-1.69096509137668	1.1370365909698
-2.21916409447039	-0.269640067412392	1.01743385125086
-0.787006213881102	0.0842800696343336	0.413437074986354
-0.160324463300394	-0.459810655684842	0.169768689029218
-0.63492702154312	0.137356517341684	1.45213844381019
-1.37278506852972	1.04800297895853	2.05213725686809
-1.35227805293349	-1.49824780556558	3.24344089976963
-1.26666336079982	-0.788770637177744	2.24601300171812
-2.35825046103042	-0.184030040898505	3.00133804096817
-1.12812297381163	-0.668970254724334	2.6920171401503
-1.8662817398705	-0.926194214890364	1.02283970834492
-2.09185670423387	-0.930158233363293	0.890354410168646
-1.68837574494387	-1.41998092646578	1.60576942186199
-2.67075800103663	-1.6506632773355	2.52501664755105
-2.12694363033203	-2.39847820778878	1.97222030274089
-1.92976704861528	-2.39440050586014	2.28229709301033
-2.88744732720102	0.0558784181892139	2.81356182951957
0.17007607233046	-2.17171085774502	1.49313708356028
-0.0815200233516319	-0.613034114312758	0.471270677606992
-2.0221442511864	0.270486933971565	0.954095331609104
-1.44776204728212	-0.315814662622378	0.749185221218689
-1.9972399941348	-0.401556879235854	0.780515313951125
-1.86204731197637	-1.12923166048415	0.897774353935303
-1.47357499325722	-1.11763139815633	1.72386331744005
-1.05302364529074	-1.63546072240858	0.91129127890447
-2.34777075665773	-1.75465833181122	1.05441320385066
-2.67655259082631	-2.51566002714346	1.20715606243826
-1.69252834205742	-3.12306715682557	1.17694804159252
-2.91735135661669	-2.62443419263583	1.27616502187786
-3.7323523778706	-0.106378134779425	0.608339714100533
0.0686329193066881	-0.35534512558216	1.13596565694117
-1.14774724522551	-2.04527884510413	1.2987114736492
-2.41785698396688	-2.24624981555204	0.405111137227111
-1.91505619988068	-0.618392156474038	-0.50707990782486
-0.207953714651205	-0.502619611806134	1.28326199888315
-1.01878058570961	0.678028957491665	1.90459441454656
-1.0485193909876	1.44115800108061	1.31620481265517
-2.3385395200587	0.166322522273553	1.15951564781872
-2.14728346770958	-0.268580436667198	1.71411756900004
-0.904106489051066	-1.2207886597757	1.95406066966485
-0.787338027665757	-0.508819593519679	2.25339371886631
-2.66394198673699	0.499931486342148	2.3509232547903
-4.28435490016273	0.757786201549475	1.66702791038267
-3.46581713183558	0.22783814274565	0.663193887425023
-2.67027208100228	-0.540813080833881	1.01501698853239
-0.254247782925514	-0.930045351420043	2.34971276536271
-1.6426008415208	-2.05810032780518	1.56444524047261
-3.85975379799723	-0.44837704286415	2.78866006620898
0.280558865994899	-1.07693202894193	3.2598972128941
-0.842917988242221	0.848014270957618	3.24886645253963
0.999025530377447	-0.902965246698865	0.380409413720679
-2.91307746235578	0.832583559940207	1.11665139581494
-0.024877006702052	-1.33270225490542	1.33754627448113
0.0194200182770943	-0.636543923414579	-0.526389610799807
0.237112980346623	0.141370003823541	0.710501892902877
-1.59027495963349	0.0531040831568951	1.97437124852985
-2.10583603524762	-0.760737359267661	-0.340218307771115
-1.42422795395464	-0.691042149242271	2.12098638233292
-1.73891052384409	-0.118983984928504	1.055266417469
-3.15019363190321	1.56020753375334	1.04480238442877
-0.657454364461036	0.901783527732096	1.43194888719839
-2.21870411420483	0.739969558008322	0.641016878562873
1.4182235155454	1.31047131953849	1.08702001513397
-2.61659803886211	0.0423090475732479	0.185798539979598
0.18748880576242	-2.61889500760819	1.63622492425398
-0.0392940764978331	-2.62958452713553	-0.93886555284797
-1.23104267202614	-1.76802954062209	1.16575722156199
-3.20302158661401	-1.63395067518745	1.03550386334654
-0.506954225991153	-2.65995733226776	1.51742493526427
-2.61661333382727	-0.56130585611528	1.27929143985747
-0.778963830180806	-0.650657711657564	-0.956230425696355
-0.123976246450077	-0.575162622268187	1.05686761958642
-2.49598045493924	-1.08564918399855	1.94643700074866
-1.94949307867193	-2.34036038985145	1.60584040661962
0.40006941253731	-3.61989079878348	1.29468779631641
0.384020206894509	-3.71375419575686	0.334961577274974
-1.83495445765232	-4.62985685956717	0.21198652278394
-0.557393507794944	-4.81230283740121	1.25763648712056
-0.0606817667353696	-5.71299879390688	1.55713413768874
-1.39088745565598	-5.1480046436867	1.41521571183778
-2.47315371619067	-4.77998339244597	1.70204639698624
-2.45408973190552	-3.2063182066447	1.60560601560671
-1.63597656884185	-3.41604152413347	1.2724113395374
-1.98929860442995	-3.12280162960216	1.30197571939742
-2.08979155701827	-1.5651898640996	1.54381172890981
-0.905995642946173	-1.19158639385205	1.23522034540029
-0.880439740689883	-0.529291999588593	1.26145310277949
-1.42242674909095	0.124055865619757	1.16286262742238
0.403678356491416	-0.362272716851388	1.07263784508971
-2.72210762581659	0.680494300525291	1.39210604752088
-1.47359572810627	1.36005755233223	0.451889960359159
-1.36660142584185	0.964656879969905	1.31621665472922
-2.20251836881186	-2.05877989335207	1.23292763644046
-1.39212636510996	-1.04988703360677	1.0371885879815
-1.0743044974799	-2.19410555728516	1.57005522843523
-2.8482219259891	-1.26499334058671	1.53729260817079
-0.479595014228579	-1.62215548915303	1.5048505237422
-1.55638365423276	-0.834944735107653	1.62881239904872
-1.77552476205412	-1.80130699614759	1.52105154837308
-3.52706028757757	-0.427163070276952	0.771472099080185
-2.70237776492123	0.741608084427787	0.365891538588049
-1.76637453026866	0.683865682661653	2.89657013177998
-0.668361099416694	-0.149845097045864	2.25315520718989
-0.529528120688436	0.561695780026354	1.2798337187073
-2.55802003374961	-1.71860686341297	1.07425655257868
-0.798954338702933	-3.41723835521181	1.29175715352592
-0.247419262346759	-3.81757187005519	1.4405156518325
-2.8307397406063	-3.45253160521307	1.35415327817745
-2.88119997632733	-4.37140805184306	0.600050947670009
-3.294791889776	-3.73741248349624	-0.0817371993669355
-1.38038445167689	-2.47395703192179	0.0623768933965131
0.0972428476875583	-2.12247660545027	2.59077761708741
-0.348014255601175	-1.59524042016774	1.63042310034478
-1.44760411515174	-0.236028755490058	1.20097281191743
-0.202921794101599	2.01843064137154	2.4127351042298
-0.0814554046784972	0.659055760262859	0.467696910971573
-1.92421690562695	-1.04546454483887	1.9359914399205
-0.170223033882604	0.175765009405132	1.5405907376037
-1.00286048370318	0.763053306933738	2.23092982562397
-0.445226722921233	0.682680187838654	0.935272546047109
-2.37012949011011	0.272548890515549	1.53561212925017
-2.82495626667568	-1.72796988206294	0.684340646854003
-1.3654153112289	-0.397043653983415	1.66904239325676
-1.20899099738518	-1.58562284912083	1.64641105041219
0.518746238538746	-1.33598192052109	1.0207172735195
-0.857842811687313	0.529242421636359	0.539131846922998
-0.874811446800032	0.17594008877038	0.118658982841087
-0.886576190643249	-0.147698954920139	0.239353136487505
-2.67252769198633	1.4622389399533	0.31883755194327
-0.506241514799786	2.83940759436229	1.15792215995133
-1.22897635573698	2.62637762886223	2.07027823686907
-1.37697709623846	1.43470345312722	1.29018787463126
-0.309609822209192	-1.09970373739081	2.25613139002736
-2.36269493157008	1.15191512950159	1.31177116578657
-2.46139338847654	0.707799568861695	0.198188839225635
-0.803942162653472	2.14748253059642	0.754664746655692
-1.79773903212099	2.39535417226712	0.683410180871702
-2.22259493153045	0.941546504819548	-0.0928202979376259
-0.934973319797073	1.12852071099665	0.263188419462538
-1.92830087286247	1.22409957506222	2.08909332233793
0.783544709520793	-1.00492595785777	2.58740079347986
-1.87022281370981	-1.52491696677665	0.464653403175016
-1.26904136683964	-0.635174841268728	-0.461869883725576
-1.97309021457112	0.480716506977094	-0.243181762616384
-0.298237170163428	0.844488065103429	0.16611320554438
-1.08167114032758	1.69313817680065	0.586897781477149
-1.62476098754699	0.0589123947699926	0.927427652302317
-2.29901121371188	0.061739000260999	1.5423481402454
-2.87230420233371	-0.87524796298831	0.341508908158708
-1.68755202836907	0.173681421601851	0.860437550820669
-1.06333535255933	0.905778334839298	0.279875401340369
-0.94518740829269	1.90390810037462	1.56120319891982
-2.00559056042481	1.66697384135046	3.41506049201736
-2.09335869962879	1.47717459538368	3.17194859618267
-2.13836419925883	0.645282912778575	1.60858462148178
-2.36874441983651	-0.789696157507024	1.51201932666778
-0.881730705342468	-0.493010249307101	3.74308813480647
-1.53111782297589	0.751645138802069	3.78010698173776
-0.149303784426935	1.56039649705145	2.18456222404114
-0.725754335703848	0.905353240217922	1.38021993969118
-0.628023926363774	0.431344988250912	1.0951207292653
-0.672131280487916	-0.0919756654403956	0.723536344712848
-2.03944364552764	1.19995017221952	1.74505549267163
-2.31629445410289	0.976570327270719	0.872978400151391
-1.45305903543259	0.639057317455783	0.0432878260391019
-1.16361022827576	0.86451942428275	1.38019720257632
-1.33418113960464	0.690505864310117	1.5788952278571
-2.07599902166635	-0.135817176633599	2.84201836077078
-1.40095024413145	0.675672304142669	2.39619771410039
-1.55853041857133	0.772761220330278	2.6688834936067
0.146081249465805	0.210199345424675	1.74461886003947
-0.611927847011679	0.337718065898394	1.0076299750341
-1.12023432770058	-0.384316785042793	1.06248260968703
-0.817123571130043	0.840824083142771	1.19157552277988
-2.47449438321432	0.105497144991644	0.564470894872893
-2.97163396758164	0.967285185733354	1.14407500253621
0.456907409829718	0.0426089064076499	1.47217732419462
-0.369248032399388	0.414075245765658	0.255232482084683
-0.464046893847602	0.14510662197786	1.09344965175337
-0.519242360448162	1.46096476888283	0.854201580514699
-0.884852010204965	1.80458673442553	1.55817821850962
-0.614864040317116	0.0941458877092272	1.78980822852357
-1.0925375083642	0.867848323317517	1.88477605965398
-1.13160391412534	-0.628068639271462	1.05626086022949
-1.26124490673351	0.847316135618947	0.809190223616697
0.170062164649565	0.927206963226655	0.865146674783571
-0.837341788135406	1.41276176571844	0.41614614225062
-1.9707491354913	1.07168441659062	1.05168703581556
-0.734495504034517	0.877525464314797	1.35733044717192
-1.06357809421068	0.73712906972881	1.96493452513693
-0.671194873091644	0.746400117686177	1.5772107258237
-0.109955193083479	1.22115234262693	1.1788306759038
-0.90133766275953	1.60175827391034	1.16831151503479
-0.61603534034182	1.1464620277169	1.1563546861445
-1.25306479439358	0.769460686776885	1.50184917948034
-0.133361768437928	1.59124880881923	2.03539610683325
-2.16646237456336	1.21018191713369	1.65991606731329
-0.153723338360805	1.00809823747133	1.18683355271619
-2.60439598407692	0.981157816741387	0.635357176948
-0.00289053006588302	-0.303503467290277	-0.660953347690146
-3.24927458268298	1.4387717298208	0.502841150069062
-0.951308832653641	0.488459158245785	0.155994465753357
-0.323546604088141	0.464061346279575	0.509119737570396
-1.21708585201759	1.44298813572821	1.77564494990627
-2.06576897398911	0.246481564856308	1.33682970143739
-0.0347683954219176	1.10479031370746	0.991052031852399
-1.25158824180911	0.0411887316102869	0.19191271321376
-1.99390095125781	0.596127477069641	0.804298581629851
-1.22721912646287	0.303251898440043	2.31496377558176
-1.22023056355233	0.123266004896086	3.18984817790328
-1.8008215978158	-0.190355145027518	2.74042939700502
-2.74841702609809	1.07455630154489	1.60126617689348
-1.69415239365883	1.42886346447279	-0.0492348992299389
-1.76199161197028	1.17488707153482	0.640706237782227
-0.214496758096555	0.853673496444989	1.15744435731067
-0.616525789880629	1.21745840341081	1.50708066078771
-1.29057049522455	1.71542117844043	1.36143211164086
0.00177954647851175	0.957163371707925	0.353302998678352
-0.809683041487215	0.11096435590616	0.988423890815848
-0.61857056924116	-0.293860466625544	1.08448868607817
-0.928164157263455	0.660888436236289	1.25752835343988
-0.928164157263455	0.660888436236289	1.25752835343988
-2.2373728674336	0.980677888328768	1.84387744752153
0.0726716362519706	0.629602404093301	1.2071042593329
-0.883232285635414	-0.211980458145999	2.31907637877323
-1.74206736837937	1.02228799950353	2.00113776692605
-1.25949934659538	1.31501071974021	2.38419738383791
-1.62710531144596	-0.0118790608474397	1.49000696909659
-1.33375274771724	0.577913660878421	-0.171538814443881
-1.09041711147791	2.32535465682725	1.01875109190934
-0.918427920583651	1.96139300376818	1.04963935484401
-0.560759325513536	1.01907009157818	2.01398686166527
-1.41489370941742	1.10934597462285	1.84949100202009
-0.382296319649665	1.08523546251252	1.89894406029696
0.0928106865104444	1.50350326085225	2.71142475597228
0.192938994226683	0.200751002833683	2.05683212771016
-1.62162261147855	1.33277419986618	1.92811590109921
-0.89868918733795	-0.192113048422503	1.16255701697206
-1.20599875830749	0.566929860279185	1.38829095828173
-1.34551905614662	0.349972585171215	1.42684090760879
-0.93324815435896	0.686540908747252	2.56046270166734
-0.340415360131535	1.50219136220031	2.22413670067508
0.637012142806546	1.05473731887138	1.008764479271
-0.574581380656354	2.029890336574	2.35230262477494
-0.184269079465404	0.528182589962336	1.2768591346184
-0.739089341396849	1.13010720296123	1.9590176545516
-2.5945779005907	1.43410099329421	2.00506124904342
0.315169598649139	0.876913494192373	3.18690894773936
-0.710697566891034	0.665996960933872	3.71119885763437
-1.36473653356526	0.486867440844977	3.27788041535095
-0.592857534288086	1.0252198407691	3.05610187143917
-0.596954471190112	0.794049561119724	4.54231184217998
-0.51225192709564	0.98494206095308	4.43324582849791
-0.158228153464188	-0.224358104844321	2.37567205621029
-1.28185827516615	1.28789765949359	2.15611263182063
-0.849130431401013	1.68345107571456	2.99649288071504
-0.0225570987708733	0.481491346067426	2.69425858988503
0.101529410759409	0.184495626555025	2.88470184468837
-0.182315356725153	0.646961522286287	3.2646740769437
-0.0457279640903585	1.35006835205778	1.35299073234228
-0.644497809585693	0.559361758846224	2.24419707323969
1.49438870179714	-0.375407532787192	1.99752951205951
-0.150713457485869	1.72237333189635	2.67019997691504
0.235048488658792	0.826993358737448	2.882108765328
-2.14626763758431	1.4477955869671	3.49041348161864
-0.18364199928031	0.713052094332309	1.96131692310971
-0.40045207601561	0.650150546822585	1.14822037116984
0.934464328291964	0.640951326760028	1.4849392679392
-1.17910861636446	1.55797078308093	1.19520185491149
-0.0471050804548712	1.09188811673984	3.32282727414783
-1.59969151704334	0.691425461769438	2.63771621786647
-1.40778676726188	1.4473611605454	1.01295773526986
-1.41802338219364	1.51012716483299	2.93050777125319
-1.57136136944941	1.24581695762483	2.0599788575239
-0.798063204118003	0.748709393194895	1.77372570216591
-0.122864668913851	0.719406307741085	2.4544048268055
-1.40686832952931	1.09588982126036	1.78617444356086
-1.63357075719681	1.76653136266708	3.25461368212238
-2.16953080713522	0.774441028450189	2.7318577560793
0.485120563470662	1.85258614433371	2.37981084852763
-1.42316243088556	0.591114547551109	2.75391243643971
0.720820780363051	0.683089777805598	1.22617028661074
-0.936979014434504	0.609678493912075	2.13315366226061
-1.0727558944806	0.36051125139295	2.50665119937842
-0.993732335901646	0.914044890422776	3.08664160741912
-0.742674813988681	0.699028205215895	3.67285182121357
-0.425032416793638	0.542473660058115	2.96616558919282
-0.677956642426826	-0.417846550272203	2.18777804229945
0.0365347448950499	0.326033622578	0.652640383819682
0.378257475189375	1.13932688731723	1.74852165006797
-0.0309878240390171	1.27707338301673	0.278218732333492
-1.11190675097468	1.07807666878947	1.25396776234664
-0.987101759827972	0.524744200062708	-0.72271552087399
0.141074829272067	1.37193163018926	-1.02609582477302
-1.74263411395616	1.10261851890153	0.488674535268257
-2.52615498165722	-0.965196255525609	1.71970949048951
-2.77514046606887	-0.0544232281002666	1.68621209406619
-2.20059620879458	0.605517482965097	2.38615738075594
-2.46740324793172	0.264671797686857	2.48095280755915
0.427843380369108	0.304288580097155	0.889786715166173
-1.5652841167529	0.784846042348535	0.609722261887649
-1.5358097713287	1.08568416822909	0.401224088576169
-0.0751501602757532	1.20593528867598	2.20429812440332
-0.477988402503772	1.03260606186503	1.92108183592181
-0.79002614373819	1.17216570798809	4.03106425229722
-1.63284386504027	0.303657458793011	4.22095754039482
-2.25604888169167	-0.267187990898453	2.16080161640864
0.133320570581615	0.783854566188887	0.978039153574227
0.473150631322275	-0.0280902447266471	2.39450538814628
-0.0596111655438019	-1.17599846413893	3.34041745086096
-2.19346480464239	0.0660935785719687	1.68109703354462
-1.60669456486471	-0.610958914765691	0.899346104267336
-0.250853781309836	0.00179792217208263	1.0971216606134
1.82149397849447	-1.58907972785832	1.89224886979061
-0.770379944689615	-1.12416708109745	0.669777998244762
-1.53639809710491	-1.09168592391093	1.48076418702567
-0.133283211531855	-0.154546673441304	2.15677863353666
0.3704833314153	-1.02456845419725	2.11562132149548
-0.881418044885329	1.03545733462104	2.31178673766567
0.088805505589123	-0.665909001302867	3.14173049707936
-0.775885579021332	0.567383941124983	4.66153134398142
-1.50817692047311	0.309935433695881	4.1665016323278
0.119315830196643	0.760863647388383	3.36305212214388
-0.392817512407098	0.185145569834612	2.67761059945945
-0.453938330327188	0.92105626787583	1.32509579638998
-1.44436124061448	0.989015172934663	0.55304335116851
-1.12078713811252	2.58177159077243	1.00050072766636
-0.567374238147093	1.43206145759184	0.0942067913964971
-0.676086083946758	0.0874730287021681	2.45342112073494
0.0371031696095854	0.655490097366343	0.88338470347592
-1.13325927836051	1.72102586694983	3.27120295870415
-1.07774012866063	1.55842563063785	2.85517491577632
-1.02289943594299	0.834896011857082	3.74586119208701
-1.26163796404827	0.138635784204751	0.372908357200653
-0.897329321088741	0.474774406520175	0.885332751130027
-0.484825646812101	1.68698940472451	3.0837888188
-1.37844217635805	1.58961243586616	4.32437264277172
-0.573604114790441	-0.132028496879722	3.27624482319795
-1.34920690145172	-0.0044260227624006	3.39640580869233
0.0979206057562768	0.545167008036739	4.00973800216181
-0.956883656050273	0.127198419766326	3.237754734953
-0.481729130020244	0.0291432910478441	2.42190378080359
-0.641386250297353	0.645508698235749	1.96493725928646
-0.0628641180837477	1.21332104985783	1.4441599479274
-0.0406779008560372	0.555641603185562	-0.0195581235551845
0.408093377955251	-0.123470524900112	0.22532544298106
-0.874683081535124	1.1931907018545	0.943714970255784
-0.701904177564995	1.38159932655368	2.72480114202928
-0.0444540855394175	2.0674592414423	3.04786427356557
-0.128448841992731	0.698438434457002	2.38462082923742
-0.190131101622682	0.776893092304982	2.61193321419368
-0.195154347853389	-1.29788670319159	2.13320625442448
-1.14330035523474	0.0784586795361125	2.16678733803472
0.595969804178326	0.921086967975544	2.13593875133857
-1.25139473277149	0.584124767924944	2.51313699532977
0.0343429313723243	2.54232578646519	3.00342295738254
-0.052833974068124	1.33141292039684	2.00936836115098
-0.967036561650463	-0.439560728915806	2.95889443650238
0.346034039537755	0.0953578863395771	2.70423462354104
-1.09973161162969	2.53492527117689	0.762687908539272
0.195526754845834	2.0970904944172	1.21600608819164
-1.04428865182103	1.94590155047529	1.47661253403788
-0.379156010837111	1.07319956807213	2.79230514831936
0.0133574188113588	1.80460952672783	3.45771719059894
-0.670293854940749	1.42459786475838	1.34363774742505
0.522093849827819	0.0199183863263432	2.49311800227533
-0.290342423317314	0.870937347841768	0.982103202481424
1.72567776579661	1.30541676530044	1.53656551800721
-1.16144682622181	2.12591854822715	1.72048613453158
-0.640634190086892	3.0212702011559	2.30643986114865
-0.689030340782444	1.35597799890895	1.03290341871575
-0.69142442516119	1.50855892467918	2.04500117423813
-1.06500574736957	-0.287602896047254	2.06257524364407
-1.32695786781926	-0.785998549958058	2.56667523964329
-1.51758643588415	0.0609961516650699	2.90013536353039
-0.0353043372445514	1.40732524687517	2.05479742069776
0.407318094271641	-0.534704930936484	1.63649539746101
0.00964677568088074	0.746175108865676	3.34888211695291
-0.522762500580402	0.78875315542743	2.2918220129593
-0.381865390728839	1.960706925233	1.02731710697469
0.0739170544218867	1.34216391129151	3.63486223388206
1.37274832865685	1.52047266201905	2.67649247031349
-0.206484444144637	0.794814068108838	3.26938385578757
0.11640884631174	0.707999539612041	3.09920675357397
0.169131896521143	1.17001545514879	3.35652043681848
-0.442352715170053	0.589827716788286	2.65118569332612
-1.44317627008444	1.95100432180292	3.53278466572465
-1.04412302427858	-0.0140633616034841	3.30619935218129
-1.08197131293616	-0.621355416093296	2.75282893974241
-0.00725703212268425	-0.873728858651399	2.18994012534747
-0.973946995609418	0.611678655652646	2.85218428344973
-0.641269983029362	0.30613272787441	2.8243405459893
-0.432506101600015	1.11438496423225	2.01120604015024
0.244841218035008	0.388981553707469	1.24596438044824
-0.361041561634507	0.392752129816819	1.40180038554058
-0.241312631323111	0.552039549320551	2.68789344112568
0.0810908730288799	-1.01300640630229	2.6829234592054
-0.470845432395454	-0.897541531055902	2.91834865088372
-0.175062873182214	-1.24241682800167	2.33244015715382
0.0122395448388402	0.602322277065758	3.55134562483954
-0.321611474215758	0.0652309979838035	3.89344537602514
0.516439273593734	0.351444886302116	2.91725117230002
0.342144086884822	2.74749180661336	2.78958841334038
1.65103839028042	1.43203586757151	2.10045967633251
1.305582776733	2.10926722362248	2.71126486871983
-1.0798284472092	1.83779806419436	2.09983075722405
-0.21034898433671	0.551237482061799	1.87748660737283
0.719425372394409	-0.0595762707272034	2.5685750911199
0.804502022474657	-0.259674241982422	1.2238345854953
-0.178077528948256	-1.10382585618682	3.18626412561171
1.06429976343623	-1.55591827920275	2.63013938269787
0.261843212155573	-2.84104265981452	2.82724650832637
1.53169622154925	-1.80059907053054	2.99957508177239
0.712603720407267	-2.05039984971122	1.65490786202642
-0.0840371806709509	-1.63271459134914	2.98177302916065
0.423807486662377	0.42551236037184	3.01319089869263
-0.402607024295484	0.440202064759904	2.14243595460738
0.545895862921188	-1.32768552976644	1.5572906654395
-0.84307450746452	-1.30571503468826	2.98772083425528
-0.579063159519268	-0.0916183528139589	3.82458976087271
0.218116083614906	-0.391040570162773	2.84859614594739
0.229427499584427	-0.312291547131453	3.28109736359994
0.855344091915789	-0.634910005153973	3.19381533315991
-0.524955907026388	0.62083173619571	3.34894338233238
0.802346539133642	0.993707281178301	3.74555853040783
0.198957765799785	0.428269069800183	0.951050795471115
-1.26473358250028	0.225397957794573	2.0231354827596
-0.862149420233746	1.37279732306011	3.90721469480428
-0.236894743440592	-1.86329440843557	2.32625522989138
0.490742349304648	0.270015816113822	0.89118664517419
1.87261941752494	0.594236887375495	3.74639311923115
-0.251340067258753	1.24602539385809	3.36126808414099
1.59970986345719	0.36248499002018	2.4088476284423
-1.25795216728993	-0.443635561290615	0.720511119213709
-2.31580318185032	-0.372312723795744	2.17086978193449
-0.625771868090046	-0.863110112071275	2.16193551357103
0.844777181877228	-0.841841290527835	2.5493198208428
1.04045482213343	1.11735895777642	1.36998426050519
0.206163249496353	0.61525156292387	2.48548720759051
-1.45677022868492	0.680084266592053	3.51078974428196
-0.471852198862597	0.196108333401806	4.74017809324646
-0.954942830803822	0.623716597845452	4.82342941008653
-2.54116382929716	-0.575693163985242	2.63308813256994
-1.95875664947437	-0.411830406793368	2.63573060924806
0.625811416947477	0.113065772103271	1.54923376053161
-0.913323345020898	0.562272600417197	1.39472795014588
-1.0271631314564	-0.57912142620369	2.91697816333203
-1.90116148352305	-0.222413939022515	1.90374823062045
-1.70056335255502	0.0865391863194011	1.32862230417062
-1.36921135641957	0.186679593607814	3.43413472643669
0.43587102586307	-1.19428471123934	1.31066724096787
0.0497942871561359	-0.423301440824399	1.85717766881591
-1.70657638176101	0.716627374645184	2.16902129498331
0.115271827418347	0.914940822030219	2.32236800237145
-0.439571956607556	1.19932563895558	2.34723295941785
-0.549109286780085	0.755181032862336	2.76839672706243
-0.348372291104386	2.13655549560727	2.58335406763539
0.77828000735061	1.40186844089637	2.50129617725116
-0.458828429093673	1.02626981148197	0.657180432464093
-0.187210289117829	1.40324596991457	1.1670275043157
-0.57876717523209	1.57695281445226	1.97558728869497
-0.732430238754658	1.5650736995798	1.92014605242932
0.424976009832041	1.1898071001492	1.77012128325134
0.794810566810789	1.32653539651042	3.07493026651905
0.107707563631781	0.976821075025705	3.5973018700994
-0.571238356514271	2.15081829477374	3.02436597105686
-0.799717984563873	1.09716638075103	2.16158648427739
1.29861761038282	0.356094061534078	1.45601998717437
-0.248025132691352	1.90425252978318	1.54662181596465
-0.981349642016731	1.63413807153056	2.90920061871488
0.320783952427808	1.09264184045626	3.60277926658397
1.33653110012416	1.81640899281565	1.8852696165636
1.42258157144812	2.10054485137657	1.19988328849446
-0.697826343158702	0.993993026547942	1.4133700292855
-0.697826343158702	0.993993026547942	1.4133700292855
-0.499825152199469	1.29858303608651	1.09421842280703
0.0245892604914759	0.450575099031001	1.27974813299092
0.0920602998289752	0.552799832342332	0.594022281643134
-0.728160622030432	0.156421668231668	-0.478743976990134
-0.095401474151362	0.287863958697858	0.26348544417674
-1.03646832968512	0.556697454887799	-0.0544091506843539
-1.2872068867118	1.08662863163124	0.446132584271558
-1.13936699357077	1.19031351161079	1.48532601055728
-1.22456845144551	1.99955688281552	1.30318807275552
0.476416827585017	1.52427290885113	0.875030311457949
-0.344797843685032	1.61576094845362	2.069286174882
0.592800657136497	0.521250861953145	-0.115370854594488
-0.998475780625028	1.4773319514347	2.75100953427069
-0.810882639235306	1.9379581171291	3.07770413010759
-0.35747962607657	0.783875161553689	1.87640924317765
1.51103317564897	0.629338892402829	2.07992663277979
-0.273611150095639	1.52113771137801	3.64203562295228
-0.866638025038378	0.597852199939364	4.01467421997536
0.691884594531424	1.61036242819068	2.51216599886222
0.327791565925582	1.43647865975191	2.52784214863543
-1.20469347307602	2.16601857949157	2.10119592080977
-2.01821644031848	2.61810318789458	2.97883420959037
-1.60690177858449	2.33565654985589	2.22888773312173
-0.940492558885252	1.4462152910062	2.74596597883965
1.07716762266222	2.06000168675716	0.446295490940104
-1.42740020279046	0.891646845595474	-0.505185217328989
-2.14715478923363	-0.151617808680457	1.71339013414331
-0.460326930734957	0.812850507519337	2.42971287475693
-0.748914855702579	1.96668911007077	2.18122074300827
-0.746465016871576	1.49812406035093	2.19834935514404
-0.770820397419922	0.755550389676692	1.26879605335538
0.884902176943368	1.40848597324113	0.836271406471873
0.472621813267255	0.98059072276752	2.91328639128664
0.0926756261931424	0.825219636969043	1.71908685207118
-0.582208614142121	1.63887409159266	2.51507925015321
0.343678837985241	1.35901426959512	0.845651906040837
1.1457974151736	2.1826289566207	1.89164281143316
-0.912702148963019	3.76436614302973	2.58422170023274
-1.17387182744393	2.35547324805049	2.11376601870532
-0.0770937359291556	1.54403932388945	2.40725708353047
0.169808125218468	0.805670529562283	2.23853949545914
-1.85063074331843	0.596112728764026	2.23514241081195
-0.717813024107609	0.472885135429694	1.87713702629606
-0.273759697378269	1.9291361615516	0.95391514505837
-0.0352486185937483	1.44352647054795	1.63015654663913
-0.0342927595643686	2.41911360441558	2.08742619129713
1.14521260925183	0.96810865490057	1.74596032325796
0.975117377623763	2.89310982417188	1.32342020003455
-0.234571224123877	3.20966486592156	2.22344766949461
-0.551640610209621	1.90509668602659	1.91343957046629
0.236446044554603	0.256028208489244	2.21436409353605
-0.844686940565276	1.05230794018472	3.08619133321934
0.521438282453429	1.73281795802153	3.73795314203257
0.658146507779625	1.53425883478488	1.0938287779922
-0.0924294527759488	2.68355391428864	1.12085241302175
-0.910497845281602	2.05489723571055	1.70082067323229
-1.2309673461372	2.09364405997652	2.72776933191508
0.111542534562628	1.4631423378132	3.23672683057719
-0.737415277488232	2.442471968681	3.30248334028637
-0.796634574873881	0.900940238984521	3.90496198087339
0.0268489861918724	1.74262242321577	3.33836153570303
0.0268489861918724	1.74262242321577	3.33836153570303
0.19680713307398	1.24250683011177	2.83917362911002
0.640691607227736	2.0969130024625	2.30528395416483
-1.02200507165559	2.81924832550048	3.33298911997401
1.24014535206437	1.16003231842096	3.35825800421253
1.68999748147028	1.87396172337029	3.61862183495301
-0.394855671687618	2.2451745718888	3.70351953454014
0.792032250602847	3.06102202445035	4.31533959166448
-0.120512156669987	1.47982978314105	4.77801042935698
0.525470376221821	2.41587325668843	4.23527651416986
-0.362595946413706	1.92025865239433	3.98433775878393
1.47080204987681	2.45337505459425	4.16867431917604
1.37027373997084	2.59340360909307	4.18020605948366
0.00114715253044417	0.50111366825467	4.64837705013812
1.5411438539098	1.51105287021661	3.61122454098302
0.564441656718232	1.75372190194958	4.11163593576904
0.395750183960561	2.72580737109665	4.94177285445237
1.1152896285206	1.45081929111667	3.12317669241389
0.291381497356199	1.33916278214073	3.23392405957661
1.16118056421317	1.84415643035116	2.64238677736629
0.493392026962794	1.83690886141599	2.1654003727706
1.60909079424766	1.32599031549782	2.52947253418084
0.498686895075033	1.68293732355599	3.05474705947759
0.651963950194617	2.24085926264657	2.57755053513942
1.93168879017989	1.54640314991723	3.470782048947
0.392972386187559	1.04461344139203	3.8396226406948
-0.285956202746022	2.18154357013184	3.04546618045236
-0.22975694163824	1.8603434225699	2.62541428090035
0.396604066784626	2.14223604423694	3.01018553349524
0.120874198107255	1.36215003532991	2.3338164283393
0.366477513345878	1.7724594364169	2.79009195332113
0.160138183854044	2.60751581654983	4.18655080038878
1.23070138150732	2.0062838361901	2.89640905392331
0.321390335257951	3.07054896692634	3.17405101763214
-0.278185024126981	3.14297688025151	3.14915933122843
0.777403533219784	1.87366437414132	3.79890693806272
0.441980959674561	2.51770382937327	3.25779377293523
0.292105907316671	1.27700180905062	3.6280495264874
0.799588396666129	2.6958233357223	3.76911981762058
-0.283580751056113	1.90017493102986	3.57101401512897
-0.550964333788861	2.09998163862669	3.20831922373619
0.625657309857508	2.93311306230659	4.08145741764491
-0.0926218684032504	1.7392828076016	3.90503917298482
-0.125685501761581	1.54164342102322	3.18467086599631
-1.28978035267	1.32967953972127	3.74498362727122
1.70960988432196	1.37188473727201	3.75088805264719
0.958742590519364	1.73107728843247	2.89069298870732
2.49821091881086	2.40387298188729	3.33532146987306
0.832061351306652	2.71752713014924	3.43373369173262
1.01421281499127	2.89849867623711	3.97987586077836
0.9536299402143	2.21477021901065	3.52412053191373
0.956401232941889	3.40070493522621	3.38596197030141
1.20894627655916	2.26413485780206	3.98164885423451
0.162372705799905	1.66363235367979	1.82577674371261
0.271626279792201	2.10780326538864	2.58111424129314
-1.00958991082859	1.88269012766914	3.45292388759118
0.0840847908072093	1.97996630827503	4.63221169989019
-0.358005549585786	1.8238628485084	3.5583319436582
0.792315117032629	1.92830263254348	4.0527442565029
1.43398083408184	2.66259170656657	3.8052020916097
0.801929276746079	1.9007726599786	2.36827367338079
1.33595951559263	2.12672089643167	4.82674778272997
2.26984375001938	1.41545027349722	3.75080043095111
0.0720003671829714	1.84739309974036	4.07305616758349
-0.364886626728423	3.86959983201951	4.16109063767626
0.523635268092756	2.27475478803978	2.76813371082397
0.216095649567886	2.25539861307475	2.79936363158286
0.274859487630534	2.57815499744408	4.10610009246097
-0.118380761747007	2.08832373010037	2.57983958249583
-0.349921134936917	1.55571158077207	2.08236392558275
-0.160757414178945	2.48422474016316	2.73380440440056
-0.706198749772407	2.88011066412823	1.46654561489273
0.360587376366479	1.39408139336278	3.38677994061151
2.92413958331469	2.34015803566019	2.80017516183996
0.826874452705621	2.87413853034845	2.10363358773807
1.69362642292957	3.3213046721923	3.11425212221886
1.25318645998259	3.72458023577984	3.84715763885588
0.0772941052642289	2.41414252474224	2.65648744589554
1.0106173328831	2.31818707666117	3.11177853215236
0.8642405504777	1.79891248707472	1.85806891916887
-1.04408520845473	2.49582607114245	3.28929646083728
3.10311194670366	2.61345372924842	3.7822447429373
1.41850271641278	2.35764949751026	3.59744735644143
-0.596299884499774	2.12345333408144	1.45550849471379
-0.576547239693221	2.42099003727279	2.55271379213344
-0.580729275879505	1.48365240136378	2.39133807254588
0.494250615183682	2.64227663680708	3.96839225157069
-0.950018204706516	0.735510624249691	2.19282582167523
2.3348644975819	2.25570068260256	2.43491022954939
-0.939691439667772	2.11031002477231	3.39390233038217
-0.349104413532015	2.05349355228662	2.96038884770458
-2.073339590583	1.99489838028919	2.2454103501077
-1.12777900430479	2.14799179914165	2.86436183122508
1.48462380226743	1.23443242374056	3.2768461455298
-0.357762623703407	1.46956054534709	2.62436912808349
0.816251866842126	2.28050625997833	2.63574796424228
-0.552451638678606	2.38634641688283	2.88454260789748
0.303661947517155	2.38848555496385	2.07152970182366
1.503343020245	2.23707118123156	2.1070038322605
0.568376036417841	1.77125165622911	1.39366941454751
0.863670956353543	1.83969895265124	3.83041375949475
1.29698570923351	1.34588785683953	2.87002131034207
-0.336237135083045	1.03028258746678	3.07101645013381
1.38692142921636	2.19684470534253	3.37079755950347
1.28414758547659	1.85033885822623	2.66708441229197
0.929092043934994	2.22465166812203	2.23605633172611
0.802749316156366	2.51173284342819	2.63910926075481
0.680193445564185	0.856522950379989	2.79735461512902
-0.142948742551045	1.91199461020677	2.91959131002283
-0.181784877997414	2.75101812962095	2.87138406591543
0.14862973089746	1.95586778480842	2.16525519263527
0.285258253885961	3.67483835074352	2.36950790503401
-0.130485063147507	3.31424102590243	2.51346152770534
0.679408834028379	3.09969915992471	2.20393299173203
0.104867352881159	2.95603911410541	3.07309419424364
0.799084899065148	1.51204538390083	2.4635406708107
1.76394176349092	1.11346112586672	2.63408441550213
0.961746664682459	2.55861067356655	2.27185871940017
-0.345020125680301	2.64371348226518	3.32190921751601
-0.727480123136355	1.90669378570541	3.52881163776774
-0.155640627917777	2.52011244211884	3.83547151125379
-0.22973855672146	3.13722918197724	2.96519905432555
1.05303288509749	2.78336446731755	1.95691430541861
-0.632179875793811	3.06232598282744	1.83471480523764
-0.0103321237585181	2.38969156172194	3.18548420653165
-1.54039545466069	3.76469206691469	3.78770299669108
-0.33951520661951	1.95715972432827	3.60880191976541
-1.47384546018168	1.13038818010352	2.77464914303553
0.88144644825717	1.11992464813423	3.63336955470852
-0.543602010566431	1.77935561555615	4.07962451552222
0.0354031588599693	1.51162141711164	4.02703850649023
0.912905593022901	1.83759455801017	4.29588874976798
1.21057784631074	1.83678841070975	4.44283030898814
-0.343417119383617	2.26331916190252	3.75891451489505
0.823274716603893	2.42320658486216	3.94382715859415
0.535101933533823	1.94046157345638	4.10681096552755
-0.855270735900167	1.70113590468778	2.94822914812099
-2.46074343526381	2.57262722137579	2.9676594611754
-2.38504951032912	4.24431000404069	3.58524387371415
2.20412926249837	2.4724320730514	1.98176665998366
3.38196023852087	1.7443979158283	3.09298691284197
0.926328786803646	1.53879201095962	2.06887177644971
0.782152422612899	1.99191951033061	2.33354573115215
-0.725397163046637	1.84216998659192	2.0100050746405
0.637161033271919	1.68192052945272	2.54444340106703
1.13540874841545	1.37784286703411	2.91809242989131
0.397569435181346	1.4532935341068	2.1822295605467
0.519785865152521	1.07876251762856	2.01908893574675
1.0062271653635	1.16804993011322	2.89473673811597
1.63681931972888	1.82904616191668	2.68979088317005
-0.176286287508236	1.81356648323857	2.389264908988
-1.3162872289712	1.85930121290128	3.74722541964357
-0.235727497159275	0.829319495190897	2.25033665536184
-0.347899838918512	0.970377651713802	3.39776529088395
-0.8359448885127	0.58141612667195	2.72173823214711
-1.63388433113222	1.02130357322162	3.52088285980556
2.53240780551765	0.399902225121299	2.52988985337927
1.08757662021201	1.09393843164329	1.56095585107401
-0.0954511281586927	1.88936844376796	1.79985670452099
-1.089806461626	2.20637416102748	2.41191617097861
-0.814451921566321	2.1752037584631	2.85171348725422
-1.84808514143805	1.92787586770267	5.11234629282712
-1.99973472644727	2.90030351155171	2.87473427120249
0.402595205371787	1.90841724839879	2.05284236372888
-1.27878490112064	1.46825698996266	2.79375923390734
0.63254405703966	1.17360064864026	2.68840185300566
-0.521348440000758	2.44979560264405	2.62811558028304
1.26954427579132	1.21938852720232	3.01722141771003
-0.955901929883608	1.39775468768571	3.11204559945721
-0.752784779196278	1.49870985323867	2.82083086824474
-0.381914115972166	1.3257675412217	3.00704468507515
-0.966148468614291	1.34691891133978	2.26869858258134
-0.941754582157125	1.11757961248118	2.13769474993417
-0.463991291794543	1.17917303893515	2.1137019712262
-1.14011692733684	1.07178070487149	1.61044183000793
1.91359988123973	0.786706016902808	2.0171013436328
1.45624601315616	3.18925166269936	2.36264916524862
0.954327212512728	3.25256598837247	2.07098130477126
0.910411834729588	0.471819008193722	2.17874499841277
-0.0250627266954583	0.416431989707322	1.91170704068542
0.312081799052672	0.662075232251528	2.40806258453323
-2.11594419607312	-0.0368535205551727	2.68191356844003
-1.45219443565917	1.00638558986403	-0.182815378540431
0.0359653604544096	1.98889307193566	0.782059813925705
-0.00114142928833792	1.62692272119807	3.05849916198668
0.576303240250335	2.55559845486888	1.97776096143384
-2.24516434550335	2.5808688651399	1.3214246011946
-1.37156764273889	1.25943073927861	2.78853427074824
-1.85687830470019	1.60956773456204	2.88394333985129
-0.51784827498268	1.32586001985058	2.05971848483895
0.138721960260319	1.47695185500002	3.47784870551114
0.580276760699707	1.49876117666882	2.22846069780599
-0.301215506162299	1.52293909490345	3.00871744461808
0.0358341971677783	0.679291134855064	3.29642304390901
-1.27086453676599	1.10203517061426	2.97187254089957
-0.823984816539067	1.40911132946801	2.43476417274194
0.441248966917982	3.29203396453726	3.34705474218269
0.591504753286321	3.25899914720707	2.95682345265696
-0.346088703226029	3.33488369241039	2.3183733428309
-0.54231958371124	2.12177228438864	2.35684962672232
1.1212715271923	1.51774383419434	1.49320938141074
0.457365199359338	1.67740061094298	2.38689586661932
0.457365199359338	1.67740061094298	2.38689586661932
-1.03932156845915	2.52393906200819	2.65938924202915
-0.640204012457334	1.51842335134618	2.47178307738817
0.119540315158523	2.37866585460486	1.40534607257636
-0.464662916243945	2.13324968123014	4.45485627785201
-0.505789404459227	1.62080370549603	3.06288793839286
-0.976423928971736	1.15375890740953	2.66377606329775
0.289675846945305	3.19580807973415	3.06154196012734
0.118922012052568	1.81730568658408	1.43838306285454
-0.139516996116932	2.37552346280465	2.62291111455052
-0.854792564250051	2.9794918361184	2.99347256461595
2.15859574224385	2.2700990152363	2.92632820162547
-0.157078968115091	3.03084402136556	2.33899175470305
1.04233970851868	2.44849686797994	2.68762455544722
-1.06530116425185	1.45117398643479	1.2370907519255
-0.965843006881968	1.09812435534318	2.39576882940204
-0.846107259931663	1.58189953601095	3.23197942266566
-0.255090402723966	0.478889113082071	2.60774194523154
-0.726723223615111	1.48179211889538	3.82918987135388
-0.572211137130901	2.44665145552813	3.71291799394274
-1.16919402829095	1.89400099364053	2.9845769829866
-0.549291084743624	1.56184917772012	2.60934544834975
0.750517617968113	0.361877168451029	3.31504088285711
1.50162025863468	1.04603849060868	2.74508719949434
0.635644209802914	0.508205697172809	2.59707747790661
-0.304949712130694	1.90642437193916	2.72974888086195
1.51689790092534	-0.815829638678778	3.12929297068394
-0.637565077040228	0.136114978102184	2.45522300069354
1.73812963187175	-0.917979012221827	3.28272572401066
1.49090174419608	-0.642239137229464	3.90112907928326
-0.144114407220244	-1.64196184476561	2.87599875829611
-0.765152907748544	-0.292469703321529	3.32538660177118
0.12348650219065	0.886914739584857	3.32843165124337
1.56131892038273	0.406551539225627	3.65359474344966
0.75880013099824	-0.482605799438891	3.91597642294596
0.58890414315886	-1.7012851675113	4.61232779972489
-1.23003660982966	-2.11447197847106	3.66489935905442
0.460857867371852	-0.271995358698497	3.22482103095308
-1.3980259442063	1.51285303383661	2.8294511279155
0.678150602335545	2.10998421506605	2.55740309010918
-0.716682529591691	2.34240066286462	2.80064282668376
-0.857518962587851	1.24027362500601	2.89005718310388
-0.962845361442088	0.369502595290571	2.17549869031072
0.245200228375728	-0.405590523781415	2.29428343322339
0.0378124487307155	-0.660723785000978	3.36372563775788
0.0912683866306322	0.129872350732947	1.73410218085765
-1.1495749189618	-0.00490258145780279	3.15734253891522
-0.142511714229287	-1.3539278856538	3.01876441257175
-1.21807573390613	-0.167202888041462	2.61661341179217
-0.105766724038102	1.44673046444376	2.45076666554904
-1.61962098165466	1.93057915416422	1.58680787399823
1.14584466257972	0.223330107498694	1.96716383553308
-2.45701870740816	0.320354181793395	3.35704974430547
2.22941060609708	-1.05680845352266	3.07202376321985
-1.37282412538296	-1.20849463821011	2.72229313156094
-0.621940872611496	-2.64058535132691	3.32354257893422
-2.64955462746158	-3.59702690256808	2.60852025933703
-2.52911239464109	-3.91349530178922	2.82289593292218
-2.21208686939741	-3.11581375502894	3.8162664826208
-2.75832485904098	-1.62082534168898	1.7836391202103
-2.35171960153018	-1.47981532456786	1.99856963254051
-0.367144890198269	-1.92857515783311	2.1182258963416
-1.94366554689904	0.118658125921435	2.99002298658398
-2.56969563455706	-0.484488454855621	2.79165762410359
-0.397837291974694	-0.24719402816465	3.34609856692225
0.913253213847918	0.124551887011497	3.90752627683177
2.36066504828313	0.215855028313177	1.9757889606868
2.59534419041326	-0.412691903227134	3.42250351229487
3.53436253007747	-1.39072284457278	2.9487329822888
-2.26342122735595	-0.599794146052096	2.42974542612088
-0.79535202572271	-1.36625653251723	2.69588983217977
-1.31499775826983	-1.03005114587342	2.3704511416779
0.378968586448291	-0.332311314227873	2.874771981776
0.717734808630615	-0.0704054180574893	1.83905783740264
-1.09897920040694	0.435730304494528	2.79018630410906
0.740260272028984	1.55249185382866	2.54199315298391
-1.5632271796198	2.68846674041548	1.62008007883504
1.09196330699582	2.7468017334369	2.08117902397717
-0.750661500069372	2.91486100740983	2.64846830014027
1.09941740540424	2.03797940444149	2.00677334534132
-0.711242292901665	0.469750437227331	0.862582926458796
-2.07826113361292	-0.00399012571697222	1.92089083093479
0.342706183011937	0.525982056574135	2.41709857343985
0.656398126907261	0.656667332133452	2.20907946842089
-0.476600468078255	0.889480394179787	3.77110842012086
-0.656455153305733	0.962542816362551	4.32641642260451
0.496745796469881	0.839848357391667	2.60170009362419
0.501932571510845	0.302085173652139	3.10762301008147
0.442498241173106	0.618442563415394	2.04732354123519
-0.923775102755184	0.152315924463335	3.34327775433599
-0.857261354594444	1.2086344746655	2.51265113338429
-1.25883976556291	0.752950456942932	1.95010155451166
-1.19693027718014	-0.772564074527364	0.986105528547824
-0.824313941074219	0.825098732014546	2.62642164639232
-1.15209598187365	0.874465000528515	2.87686524886367
-1.09919266789657	1.26166549812107	3.16395214515078
1.2532955775193	1.59144272820111	2.47028959594986
-0.533022534474043	0.492498987442265	3.78910868033569
-2.35959046191533	1.22542010644711	4.11445579292125
-0.857680075934292	1.87043485193867	3.29874546006691
-0.412964700972759	1.94591374413788	2.29596145100338
0.307112109328467	-0.354707949795956	1.52200523759124
-0.379823392575296	1.9834309630198	0.759920770213848
0.043446108953627	0.61755374197978	1.45072856626091
-2.4151524541301	1.01481442823671	1.02219383848971
-0.333355511696694	0.0204799345937899	0.920206797741719
-0.662706637443029	-0.321328259307229	1.97392076422447
0.0922570503623326	0.0718361352905395	1.42732267685388
-1.2021293847143	0.424513408920369	0.918663394282472
-0.872662144241853	0.763466283705256	0.238250658700496
-1.42771806441452	1.20473553281873	2.0799521624189
-0.335808901355433	1.21631153231746	0.630224718862049
-1.14244062481359	0.95991065738011	1.22902362896136
0.057779681160136	-0.243725339016051	2.04681435549025
0.150059761289902	0.25211763203058	1.23332663172341
0.291533987186108	-0.505988280792237	2.37998886553825
0.205861251938599	1.72717801651974	2.28454767899211
-0.191091268635996	0.881653094524306	2.09580211237024
-1.28962993410169	1.1777691491233	3.67146459268134
-0.219557929710257	0.188626783689538	3.67867505918279
-0.761868460033984	2.17869425925594	3.41001956919195
-0.546878076309526	2.05256648444696	3.2132791662867
-1.19740928379141	0.71722541786087	2.39674904194122
-3.0268390149319	0.37625477432257	1.69679980617412
-0.406161582263023	0.00835532937729483	3.04311383491426
-0.460958404651048	-0.51077284608388	2.09685615567222
-0.138835148270417	-0.0104250252222012	1.81296828914567
-0.00743691993883361	0.465742018527857	2.51663190898802
0.909924060240423	0.430778773401139	2.82694401142785
-0.3421046398494	1.70546896761492	1.68697201486596
1.15682229032885	2.11825979004714	1.85240303163398
1.15682229032885	2.11825979004714	1.85240303163398
0.0969642582994852	0.594792876648395	1.81210322263683
-0.37699445807622	0.904124595584254	0.975499974220025
0.919478712429638	1.03418612303067	1.42393313489873
-0.112305800510222	1.33906398021911	2.61442995917634
-1.31038741060622	0.429325830281629	2.73169861347567
-2.10471071081997	0.0532272380412995	3.15915577123178
-1.15575460578602	0.182197876237391	2.72349726270745
-1.30065047199805	1.29438891065353	1.68023132341424
-1.00192725148293	1.34996279589213	2.55288726172911
-0.85927878930414	0.00551841245116114	1.68089846691164
-0.354574680696738	0.183187135914299	1.25945767499414
0.53841042718651	0.209211190676673	1.38341662550634
-0.551717810478981	0.72233221931137	1.46029849113147
-0.49148413481747	0.260251010420341	1.79122202706522
-0.242887125381905	-0.0429197112020825	1.63273961781772
-1.00673351167622	0.890248703234128	1.89063715448229
1.14488178173925	0.702186648321708	2.72115235883158
-1.965793296131	1.98419044362027	2.84058010892556
-2.82309225858217	1.76178468780101	2.56290501689025
-2.01658691111985	1.9152360193169	3.38020826710617
-1.03125834657881	1.30680170565547	1.68728105322694
0.641324397657434	1.91572301185876	1.86207513486398
-0.494591382908788	2.81776123556424	2.98947050915602
-0.238000312299667	2.27990743296937	2.06575343304197
0.947505440081338	0.378975846546364	1.92920089112491
0.0020926130391884	0.844585246102374	2.24627946881581
-1.42701036235571	1.96893044698193	2.50833187085164
-1.01215819509777	2.73133807238473	2.48199480447181
-0.13825658620892	1.54310695005744	2.34075519319167
-1.20939025370507	1.45994416184823	1.40490315310098
0.58726381691317	2.3469571989724	2.74705519230855
-2.11058701298634	0.984997055857403	2.36393394922173
-0.412517651887163	0.712185772975899	2.03701056581927
0.135098642944682	1.07909670735647	2.36228794844197
0.748681499537964	0.896138921459243	3.10074884807237
0.687622938186531	0.318347427525479	2.32726372550392
0.0502472933612823	0.324950521951469	3.11549563961082
-1.0436223017567	-1.14994150300691	1.07270283204491
-0.0217488162244883	0.0812617400964053	1.20395243420543
0.339551646591139	0.12437235226901	1.34556624344332
0.813213248357777	-0.140051108212739	2.43216828427838
-0.377506849670337	0.0952629871761469	3.37812840775141
-0.329116624854314	-0.386607542733048	2.53034005139007
0.195871148113899	0.155314349785549	1.8193158599464
0.638383840130732	2.54848603340691	2.51416593602518
-1.03565195013565	1.14811860652752	1.36179386408071
0.807323482523615	1.69675693020074	3.00144206303654
0.1767503446367	0.604310431394237	2.8821718417446
-0.211728401640445	1.78226893531995	2.60216514411443
0.285211932843137	2.20197770829305	3.42446859973633
1.91091477664005	2.97886066536973	4.37164419983554
-1.49596911012228	2.74229485110608	4.83288992029017
0.0702558563775244	1.0601257001414	3.45897465477348
-0.0236568034929724	-0.168105223313457	2.97714398219422
-0.0236568034929724	-0.168105223313457	2.97714398219422
-0.912917849616209	0.37981111595437	1.46637507615348
-0.378477589991497	0.614779367052955	1.488874822118
-0.10911749479659	-0.741822532072127	2.95208226188929
0.091821575194643	-1.03505525672073	3.54086995696912
-0.762416903791181	1.16187669909349	4.17451041361877
0.641121638909758	0.950660801956209	3.63606170948052
1.2074769109612	0.809494486398237	4.04587972345332
0.889457795913725	1.7479136271181	3.82416773345196
-1.26457394094046	1.52625031000077	3.52654815735363
0.389812066040639	0.568261235524247	3.25557268951352
-0.562947652609013	2.30444133387509	1.7008301888567
-0.727632810026461	1.87023431567295	2.5760732766276
0.191277900439473	2.3353219260964	3.4740500898825
-1.05174262074392	1.05710381542962	1.42571360644813
0.210745008171044	0.721778162472243	1.69896671360125
0.398061906110986	1.56616218423	0.83150763282042
0.948703680506278	0.395673683239062	1.74507615441246
-0.988662078436565	0.605244097603691	2.98640536007339
1.93379113022222	-0.316723942346037	2.34816018846836
0.304642570164982	0.206953382948708	2.41032378108779
-0.105619092846944	1.58475422064624	2.57783237845201
1.49075906089439	0.675632093091166	1.9798215906089
0.484439747073945	2.27333422950712	4.66591033690429
0.57851556828215	0.737060850645373	3.28708615969662
1.01016716668902	0.899988142713145	3.9810513730459
0.0630811165304258	1.33541010160344	3.49151610895298
0.637943037119374	1.67507570989177	4.66953206830202
0.63898470682959	1.03404724923754	3.75620568230853
1.06034562452337	1.61691017414636	4.35654981018975
0.90984291050229	1.80273010105241	5.72065867743512
0.533409590457881	2.24769636129352	3.5992256341828
-0.732723897631364	2.78547112129253	3.04721937252098
0.465195683514177	2.2673448795799	4.17201194887271
-0.169609268721764	2.83183090069666	4.89968552900725
0.442611665804327	3.87067848818309	4.28669055701946
-0.364893872440025	4.27585574073255	3.81544133157626
-0.399396208265495	4.47455233650503	3.75111182515947
-0.0472195419769803	3.84116400234265	3.40032671891356
0.074266763648516	2.55374988468565	4.80375227135002
-0.411940187808175	2.22054113705089	4.29624040173112
0.565656890991579	1.51711107591854	3.36754061200869
1.16682879531305	2.59219405423461	1.71982970105923
0.812056419758843	1.30831252855317	2.49103220431455
-1.58143953122072	0.873603325490234	1.58765815957739
0.0511582322005402	0.696995725926684	1.5153710709083
-0.00788121871117936	1.35052649882921	1.49328629764323
0.562529178048698	0.883284115053175	2.64558851282831
0.298600791089092	1.21330975144418	3.08329175921626
0.926809631052999	2.12393793001499	2.39466678411767
-0.565835151190668	2.46668351395154	2.8546799396979
0.251558286208041	1.23854732825645	4.16705313502153
0.229402462976129	-0.708728486083297	3.81185695882399
-0.222984121288723	-0.532187981199227	3.68089085302577
-0.866739869735841	-0.797626120504826	2.4024443192981
-0.269142355711352	0.535676283119234	2.89711928146874
0.663018955759622	0.910060992852973	1.13166244034702
-0.39786961423894	1.50307557330388	2.1489817512568
-0.4751733144943	1.32992884408114	2.36485785757771
-0.138726587632117	0.816129828724016	3.1868164128106
1.39184852759489	0.460957811612108	2.89037847663835
0.417755122644068	-1.71428752071312	5.43013464704469
-0.294204998571251	-2.04168863566204	3.18090885990213
-1.5834217286792	0.00958751692789061	1.22813149393867
-1.52495940813067	-0.289155941828378	1.14083719216513
-0.817719520423347	-0.830213738252058	2.74251542724343
-0.0480630725484658	0.760589133790556	3.27681461947109
0.234717387701463	0.551592934358304	2.67132523979834
0.0211504615833766	2.35717830249854	3.5091858172867
1.32936240787485	3.45442039022254	2.35897205960572
2.67281623931262	3.3225469792391	1.95368475983679
-1.64141870937517	2.82543189778286	3.38972739494806
-0.0322096347645953	2.2755037525568	3.82005967645564
-0.206894603081326	0.333718660480223	3.20040462742199
0.572478799172712	-0.37015409553006	2.98620224068035
-0.284442055626458	0.138967644540143	2.67089946018717
-0.267553900228528	0.46082702312338	3.22909291802705
0.841108641199565	-0.713343900977759	1.61554054598524
0.341033171663206	-0.897000845112084	1.55679941629754
-0.982478996104058	-0.946908980985095	2.45166631834268
-1.14400083058481	-0.703050256446894	2.66900015251747
0.226111339555396	-1.63992611485958	0.66916379295501
-0.39812289382912	-1.54394799884853	1.25720627523668
-0.542333624106684	-0.625439678094414	0.336974226935076
-1.95948292075421	-0.991233142599726	1.091377321393
-1.22760554968472	0.107936404695855	3.33359411801562
0.09317812813432	-0.0174056222680953	2.98469920085127
0.0269169448515574	0.745497021262922	1.86405757929807
-0.647215610008146	0.256367393184118	1.78088723404286
-0.80244737721507	0.159979774839988	2.74304477325503
-0.876194345584807	0.522578976274451	2.39186444693588
-1.18038471522542	0.522421206002333	1.98039778361324
-0.750326962813255	1.56230586535713	1.31580798309319
-0.620242303511375	0.433279095229826	2.72713956234751
-0.158906842733908	0.957249894954812	2.42543477801065
-1.44211485103804	0.664257481796777	2.3716791757813
0.00275101715941695	0.413688052180831	1.96651378424864
-1.84718403187756	0.635175374201382	2.65002214655729
-2.02205009245127	0.627199937749318	2.26161394424845
0.0891438467821337	-0.32346603527467	3.14509282309426
-0.29341895768601	0.402418219255343	1.97393085500847
-0.29341895768601	0.402418219255343	1.97393085500847
0.608341938325033	-1.5471021105255	1.99824964301613
-0.0771997269028379	0.633541609364446	2.70573010560085
0.490585028706108	0.602860386482197	1.72787768263529
0.966854881372076	0.846966893514816	3.38096999676261
-0.0231841593626252	2.70340619919941	2.99939200043783
0.0941508401829747	2.52403201204357	3.16235310216792
0.0125187018201584	2.57125146045508	3.26538509422542
0.0507435902694336	0.65279389767536	3.28041281450627
0.14501872809114	1.40281448360726	3.50986862438554
-1.45269447027961	1.16532726479198	3.91294693667835
0.971823734469204	1.2464436420071	3.96795862042205
-0.712854216504726	1.15853005327913	4.15235846628808
-1.15955493988477	0.821184109417096	4.44443788999853
-0.781481939439891	0.824264237279188	3.73732279074708
-2.26827523375436	1.24414597619149	4.61332014203008
-2.53634085283841	1.03888585385756	3.97839053587578
0.16776522813326	-0.507035028206477	2.09483878928912
0.322066319271185	0.283045086291912	2.4570241292448
-1.09549772315412	0.57558014219019	3.35333599479295
-1.01856867212278	0.93181243472858	4.61249643417744
0.0411024127739323	1.22649761463917	3.91209152659732
0.122661263703541	1.36052667883169	4.00231635215082
0.168475501327032	1.30554497926003	1.79642260312736
-0.668041769054328	0.072969237326974	1.6792198317785
-0.275462957923385	1.23160688197085	3.86983879397052
0.34947267993772	0.762089727777552	1.60423020524196
0.375924415632751	-0.0715003331678089	1.42751056811807
1.00685113604985	1.25660229586776	2.37856701230547
0.205425185823855	0.636809416616646	2.7621379595757
-1.89278122596875	1.03740208319986	2.05715357938202
-0.206073090918166	0.817539769029758	2.81505653110412
-0.536422301396526	0.763894796187407	1.77217516853671
-0.29383678811488	0.036343995455859	1.45095469016319
0.927965028211819	0.891067688238407	2.62286990992565
-1.09980003526441	1.76195885436959	1.8185113034995
0.762354791893846	0.408683959272016	3.06141526350059
-0.262383979875976	1.80799985895904	2.63397971514445
-0.805109993114985	1.63339991577224	2.23065115955772
-0.179736547434998	0.32262637902649	1.37198973140151
0.226979900386734	1.19683330680039	1.11230319273692
0.0199066844402589	0.567188307495699	2.56574513549993
0.0175473693697841	0.945506022761596	1.5298855631574
0.60490624308746	1.35908259409787	1.18857483324298
-0.25234158176299	1.79358133348139	1.96011344303972
-0.436519146054259	2.76237632498099	3.29746429920325
-0.436519146054259	2.76237632498099	3.29746429920325
-0.519434271035924	2.99136250140332	3.53706008926961
1.71264809152074	1.48574707210793	3.02531899305931
0.329031953819794	2.08731440451353	1.94185109774986
0.57954546498942	1.65295290593442	1.76182238090652
0.371910699599032	0.748334306060412	1.92242833104883
-0.838259466089902	1.62059827023494	3.04472513714051
-1.37688000995955	1.98428403643025	2.48698290347419
1.48726632620981	2.29115304359885	1.64248101798648
-0.610141089003136	2.31067293289983	1.55867074851607
0.00783498552071513	2.39517106427083	1.45492008832341
1.02792129467437	1.40470908990687	2.63716105283893
-0.150288336691031	1.55216819824823	3.47609722464582
-0.30497126751112	0.786181718282295	2.63582682107983
-0.30497126751112	0.786181718282295	2.63582682107983
-0.613534095932253	1.36427821647674	3.31837342891592
-0.649154706006273	1.18770246767726	4.67986495947162
-0.962260422920145	1.79391229220755	4.35035513099554
-0.224369206352081	1.19384285247672	3.01955757772741
-0.303418679954934	1.68273898242344	2.296991292095
-0.935231617872029	1.14913359698818	2.38941018701208
-1.09948088155442	1.42127402451582	2.54370365158578
-0.22012516373182	0.81611619959671	2.40635896764847
0.389320751629736	0.266088439380615	2.0525124091204
1.68738951862114	0.268814398157273	1.76282859681649
0.357518423733657	1.02754629851941	2.81548305031867
-0.836536469321473	0.67875750712413	1.52673796005909
-1.47374731534747	1.05514557007178	0.883950390509141
-1.34225795474327	2.03371216800768	0.589505916629857
-1.34225795474327	2.03371216800768	0.589505916629857
-0.0440320371352623	0.639887114161615	2.77648339581887
0.25982348846731	-0.256421228240781	2.69619803969374
-1.32491388538934	0.227808382212128	4.03769332327894
-1.67339047425957	1.29297081414729	2.27014249061568
-1.52964708987218	0.983295048467829	1.71608737484167
-1.75045052297351	1.13240794836076	2.46846127098524
-1.840753235548	0.854709278587926	3.09101714926416
0.86138419614371	0.822341059247347	2.76665621580469
1.56747611712691	0.179955234390484	1.46813196748382
-1.02083791451546	0.861183813874029	2.7884165504353
0.562919854721772	0.12078471036843	2.78253032198744
-2.07447573779162	0.577037690764002	2.75689753553864
0.136513726226072	0.637731705651486	1.37623544240464
-1.59086951345225	0.543251547867417	2.79669338613979
-1.13361783844396	0.511930677123211	1.97731154874912
-1.41176210332779	1.03255325076178	2.51224110821372
-0.275705204213567	0.539069455342028	1.37940341947733
0.25072133600953	0.883606665690057	1.83152449543584
-1.69363483121541	1.37589047317591	2.13724237760666
-1.19289649382893	1.33239730277975	2.85501621262603
0.352686108752295	1.76300294215034	1.62129687890611
-1.00227055831676	0.0958126747061814	0.965231926783005
-0.928766612313332	0.0752124446333161	1.18214398864741
-0.0299410549704458	1.04828182352942	1.57058091484921
-1.78398621710058	0.894261022585461	1.79123268279428
-0.924844951911461	1.26320894050867	2.51422860928035
-0.121287393440621	0.551230789365676	2.93810819031975
-0.339929027095651	0.642501117918896	2.47484995589765
-1.44419309276244	0.595736369501993	2.95387020326649
-1.17585664179662	0.802951315321092	1.78043198336496
-0.228754870668563	1.03309861787757	1.59723398143542
-0.418032468572541	0.99133812453757	1.39689636400358
-0.518148679082872	1.12962665569505	2.02689646337659
-1.70443889413385	0.588685671779688	2.84323920860926
-1.47503291713794	1.19547011460351	2.35160526490324
-0.476014317660026	1.21198852807816	2.32044031004306
0.545473965189502	1.20825769102882	2.29085309072257
-0.00143657542314024	0.900049030056495	2.94218163479949
-1.52212444229264	0.0554636543370456	2.2979895715571
-2.32105045622801	0.829600741682684	2.01235717475589
-1.05457975469646	0.479306106657656	0.277962228660338
-1.5209808006674	-0.181655579304475	1.32995201138448
-1.94039979861732	0.912776579107483	1.25546341975592
-1.34242823378105	0.390420859179975	1.59270009479708
-1.53280863867457	0.77287704113134	2.69975190811922
-1.49532847233564	0.443430926432087	0.146881997581581
-0.715582409050878	-0.344951456836792	0.216895355688369
-0.564473074107134	1.34013855484278	1.57744688872919
-1.23257765712294	1.04802420958348	1.50730648140682
-1.00715180936874	0.377975766999437	1.04006657662718
-1.78824374134178	1.53237579208973	1.08136721402854
0.684900445503785	0.308255140098681	1.76589585651898
-0.620046723624803	0.574712959491295	1.65385938994649
-0.620046723624803	0.574712959491295	1.65385938994649
-1.80662058697917	0.591566092097718	1.49554582110253
-0.388584200277895	0.505566682518784	2.53324379361081
-0.0117683689592401	1.73980078212214	2.07177922849793
-0.707005388709641	0.811092947812306	3.32946530786377
-0.777510149554971	0.0528003388762012	2.62472738039581
-0.96476290438224	0.771658177047355	2.00907821556499
-1.98913424247151	-0.164522046741119	2.4974817523078
-0.748504180281756	-0.59745491463753	3.21844682605878
-1.26061608730684	-0.562493620591346	1.10603503376138
-0.95173605706483	1.02886623619946	2.39799413970998
0.0369685557098567	-0.168633291333925	2.22294646418417
-1.62069517978119	-0.366903367213133	2.47986245916783
0.595237931461919	0.119660435873291	0.41559889035147
-0.325548554619643	-0.768071307529502	-1.25360614661855
-0.605308747306279	1.25786742580154	2.11924107834756
-1.27617336991788	0.157358117316746	0.80392423655927
-0.251766415667466	-0.650689262728484	0.383239879160795
0.741727891267833	-0.527527555069305	0.478807512397392
-0.584707787747295	0.222855732320551	1.80824577100499
-1.58268671216582	-0.970781387042245	3.72407592774887
-1.13973914335583	-0.802380728700111	4.16653012670277
-1.73519635167544	-2.03080776625418	3.29713528808564
-0.110966723760528	-1.81695885891354	2.96830358600417
0.00191823230128296	-1.17864709156943	3.03187298862745
-1.70281986538286	0.238965766295856	3.84230486410747
0.899170627446615	-0.580004755931795	2.70895486486732
-0.403027455311697	1.03085476113293	3.01097692688201
-0.981067101602737	0.629716378954417	3.2530929897349
0.483128876616906	2.45904982187422	2.28377943782179
-0.702170143274301	2.62985221067524	2.78889379810882
0.400124389500952	2.00138757518062	2.31364881790774
-0.755386919772541	1.07469888421023	1.67846975447795
-0.783208828734438	0.274665945735677	0.726483822368695
0.0788927066374226	0.485658099475124	0.677003236496997
0.386402894069889	0.808115973247651	1.56449088377658
-0.925380205464834	1.54119148817295	1.22678294087384
0.159973251955941	1.05360745221503	1.63619895273863
-0.269551095340553	0.555330105577242	2.59619126623743
-0.599751857050043	-0.528599133920232	-0.0116968019008399
0.279631789312812	0.200919037192346	0.755549070928092
-0.889300939552756	-1.11675051449208	1.7888890185472
-0.943876295689885	-0.269877982922389	1.79848820810235
-3.74790607521834	-0.113200258211223	2.97827911459444
-0.179139539202057	1.38579020524482	2.81739065858557
-1.28382095246261	-0.260679241484481	2.68021210069191
-0.330401680096092	-0.692071355223172	1.0309856366324
-0.550688934484136	-1.68900495551163	1.5278814772722
-0.803342123239097	-1.49308670439539	1.03417825262939
-2.12651775718241	-0.887828527442107	1.39654164447627
-1.60372586471358	-0.892576017452636	1.71666541505826
-2.41383868148972	-1.2321587842804	2.76927545010657
-1.01276088183481	-0.0710886257274308	1.92201231996893
-1.06282348495364	-0.833878841962472	0.475882371866193
-1.31522667321145	-0.435813723816127	1.14304868974004
-0.347781475359137	-0.0396057515321653	0.797708743084968
-0.865602284551104	0.573062417589392	-0.299564462681536
-2.17112992243746	0.130599200471293	1.38733709029006
-1.41663559666259	1.39668479562931	1.64357496771381
-0.955097610323188	-0.970530833500577	1.32834047796309
-0.626600768482839	-1.03995683015244	0.966677700525983
-0.946110838543316	-0.609841910239509	2.33067049059985
-1.63306121092694	-0.647436734934815	3.29440611309152
-2.22750344318236	0.345025647490002	0.933266413506902
-2.16061633747922	0.451918637147086	0.220744794782482
0.210677264086601	-0.109517438927847	-0.191306119017282
-1.81114863206005	0.6595696385418	-0.0790907295752722
-0.896808342104969	0.343858048321898	-0.0675602884764533
-1.14326755441851	0.473493986526891	0.121066220479004
-1.57721274563971	0.246193003960848	0.870794980428137
-1.97554522116164	0.350895557277455	0.859830819463425
-2.16699970697209	0.00288356288924965	0.813748127070637
-1.79766106013408	0.25703959330207	1.64322453068916
-0.873101821587348	1.71658875860241	1.47089008612552
-0.394083684240357	1.28878249807937	2.22884390855502
-1.10663336039244	0.486995736028583	0.60697176949197
-1.36572521943311	0.338837555594161	-0.735244084174756
-1.31743245142742	0.562377957819445	-0.224718302627966
-1.11855786441727	-0.436533827630609	-0.471518449521056
-1.77630632131495	-1.00375605408956	-0.3312059698976
-1.21590148241598	-0.87530687137329	0.063479556609761
-1.52380380833106	-1.01895137547916	0.513978505671848
-1.1330085716939	-1.58301235171663	0.574821848671868
-1.47786085417744	0.366786131693449	1.35513553584761
-2.41844874002803	-0.169829990720754	2.47764036930463
-1.00204316202897	-0.164801374251173	0.79222001227427
-0.282631740943973	0.593077047338095	0.0598420491238029
-0.861150629792753	0.305829482591052	0.648730885042317
-1.29582066912693	0.231546576450759	1.1799490512931
-1.33071567361915	0.740277313374322	1.43878146249178
-1.62130670734099	-0.276809607239068	1.73827630355309
-1.65601132171693	0.0491066252431559	2.52567896205929
-0.735069656236045	-0.62796111948476	1.87276601670129
-0.630015456140544	0.0553682638072193	1.81453011682479
-1.0113131785282	1.24830708592845	0.323310922196705
-1.58970043356168	0.772071012908725	1.4050148543836
-0.782035584605771	0.593004948197803	0.542989818862052
-0.516285665170476	1.12077767930343	1.1745614714833
-0.877477078514637	1.49768145501171	0.421645426103252
-1.12723844136881	-0.674900278933787	-0.907208996038089
-1.46890726665941	-1.78194990295078	1.12164187780984
-0.686679094213273	-1.96183447990259	1.0353684228271
-1.8773034709057	-0.275819878517401	1.43872634271161
-2.15839838902389	-1.4136509524686	1.17516403592163
-1.45562922780901	-2.20160040212871	1.55915807422852
-1.17599004882674	-1.49510042776941	-0.0183096374630442
-0.752736113219827	-1.68678663027433	0.462642011413794
-1.14599808701328	-2.77059661317545	0.744122304023756
-1.20814904221557	-2.88917766960116	1.50069749054882
-0.695865044754078	-3.38108729888012	1.49824885026311
-1.13685371814672	-1.08009949075286	2.01997315240964
-0.637275564647887	-0.617016970282053	2.10809593130216
-0.903278504121016	0.543959228248414	1.76696374230122
-1.02040831693526	0.618532075999435	1.47499515415019
-0.652124340652115	0.278690877539573	1.41832773827123
-1.08221805259309	0.951237596873891	1.02518310942748
-2.11990140563426	0.511536636260815	1.34342096054412
-1.94163161222562	1.58271231284704	0.464134814506019
-1.28966062474492	0.256934558480199	0.0114741784742848
-1.67725519621804	-0.160094056009352	0.218767665310934
-1.21007265733916	0.882530398026971	0.545595273090811
-1.41428964076969	0.954841054130361	0.749402037087258
-0.977776814125213	0.686078679195544	1.08478339710037
-1.32795439573182	1.55287126132786	1.7736883454721
-0.522298755771606	0.384335500662294	1.49283198771543
-1.42193129815589	-0.109829240917123	1.00239250546745
-1.79496955991236	0.81650753960482	2.45603378830315
-2.24364797799502	-0.880018479299105	3.31611726682521
0.124096212905709	-0.689536519974044	2.77713682403806
-1.45934513453406	0.535916853801093	2.18748964773456
-1.80110967422655	0.473706159698992	3.73347113057194
-2.19122642735932	-0.226054451001056	3.0073154855201
-0.501407547698008	0.687246304455716	2.65025774938943
0.484144739515038	0.170459666715661	1.32889750531344
-1.48430756479313	0.0334491122100749	0.475031543702637
-1.73031066986267	0.314858102371082	0.511010893254382
-1.21699482923027	1.17977522405855	0.421163556264372
-1.65180441652451	0.771093883051754	1.10292358650342
-2.69226031326222	0.640080000689256	1.89311081675615
-1.99690477928717	0.0395889010914784	2.48483677601206
-1.25317972950621	0.458871489324391	1.81989801131
-1.08238553842707	0.946905921725487	1.05037547431588
-1.3422008926623	0.440564908542858	1.12219002923062
-0.732543255451799	-1.65598538131265	2.17809874795917
-2.81166849175443	-0.806777937373245	1.6457865394794
-1.03710767913848	-0.790669690449128	1.36320426882636
0.861377362448798	-0.937813685757676	2.69189463985966
-0.185173963226221	-0.224924328365261	2.93081957932501
-1.91479588429289	-1.19326288902222	1.44772044373005
-0.280435460545796	0.108055164014064	2.20442022826898
0.165186710699721	-0.213566810166456	2.10343569992472
-0.36637684081499	1.27847024036711	0.81273064539152
-1.30655574521265	0.868661362932825	1.24802289632154
1.38946730904246	0.351192434752038	1.37001395913111
-0.475153408457781	-1.08123286619878	0.838977516200766
-0.741613247201843	-0.565993438233629	0.805361224325824
-3.16876002566475	0.625561440472633	1.50787418486833
-1.43393317085539	-0.387429996549038	0.420766565710097
-1.93478528601819	1.65558098815402	0.571533511644997
-2.2211862236213	-1.56228791766176	1.0043585787879
-2.03230027800458	-0.99976665797718	0.912936709173572
-2.35020452224416	0.21631632958319	-0.554414814598183
-2.57344248121493	-0.0848714225222912	1.68627339540652
-1.5559778219787	-0.237311009017162	1.19152430128316
-2.59562294876518	-0.0293509753612255	1.80391851009465
-0.442665234524906	-0.849992280517643	1.03083725600475
-1.66710572643848	0.5409527738247	0.855413659043722
-0.868790877883498	-0.416500138868034	0.743234671863996
-1.19861956933051	0.161629692367092	-0.0307141489577503
-1.53500287115721	0.621997207378678	0.485512799984683
-0.702125407864681	0.510776740754349	1.70626470323691
-2.02113863266338	0.914467557217373	2.2569779381157
-0.638504854312431	0.786470145320678	3.41747556868827
-1.6086852360629	1.03109240677377	1.2800190194906
-1.36128751025419	0.208390675587596	3.32110804714646
0.106358754441326	-0.932511760586604	2.13649525401753
-1.17132133869292	0.0395972128576705	2.92405529517656
-1.02842051542031	-0.628177855343719	2.80562037374772
-1.1419397659346	-0.834265903815689	2.67709878274626
-0.854684926311989	0.0672587117071564	3.98360848763685
-0.252578298324081	0.518625827491382	2.4740806405632
-3.05888098730696	-0.348540509794282	3.18133538077307
-2.13604999633545	-0.205127070124415	2.20671954737624
-2.02189823399029	-1.11768479095546	0.495036863016087
-0.373211909163871	-2.10028758658216	0.157309163549609
-3.38186226565864	-0.805635935767896	0.270365509373034
-0.870801974248039	-1.56876455495572	1.09695289686563
-1.68135301269901	-1.77878300155456	1.54381343113028
-0.761471724564739	-1.51698834964819	0.0379367174035568
-1.964360410124	-1.67239917831654	1.42887282411389
-2.64753781625026	-0.517562801747578	2.01368269516218
-0.933915050995712	0.421820599314412	2.36573115433776
0.922291641168423	-0.2262464471527	1.46603720007183
-2.03043354104396	0.09333058242166	1.74020633947312
-1.96536126852036	-0.172591288517945	1.43449317677051
-1.37268232475879	-0.841349902957628	1.81784136995001
-0.157967131544095	0.407928873541374	2.78457887075091
-0.72227152292812	0.877206966233539	2.67823829273871
-0.939120168848749	1.32365826797045	1.0153270294148
-1.35109767398462	1.05264642618789	3.08365689390684
-0.971318677929243	0.24121200442732	2.01068551175287
-1.98884901483886	0.989214630662056	1.00570925268826
-1.13924953487219	-0.416515945139281	0.143947687787794
-0.972184526125253	-1.19837166543519	2.52857786944545
-0.96816667833365	0.695673066297925	0.817867576483184
0.41395219808613	0.293163372634545	0.314322502861377
-0.645376623834809	0.438388140156825	-1.00812588519256
-1.93425722748246	-0.906706312980045	-1.2620452446574
0.213719086637912	-0.782294908873456	-1.37798656290603
-1.77794567305462	-0.208429232056935	-1.65283971525401
-2.45182153930135	0.000164480978609799	-1.24265136869081
