1	1	1
-0.582279220300483	1.47795571175837	1.50785713370443
-1.03216127885008	0.57844571657308	1.9852149622902
-1.94412430416759	1.04613971941454	2.55913633861502
0.945170365329341	0.960651048182318	3.73322627326514
0.0193300846187126	0.538635891305023	3.5839581452303
0.0193300846187126	0.538635891305023	3.5839581452303
0.652289980648661	2.20750272357888	3.17674956176995
-1.79187871463484	0.400630440062077	2.10239232721002
-2.52939544522069	0.00696094703479328	1.91360866937287
-0.237610044660187	-0.387722956299472	2.90251137170423
-1.36167799483868	0.204973729969092	2.03561954390223
-1.88094306985678	0.0253452165342924	2.17623785016651
0.0147875262025149	1.95672122283499	3.08442383375573
-0.861923590378131	1.69450759892968	2.34309019106639
-2.04356861232793	0.512400437038903	1.92350567930642
-0.555937917868986	-0.31963795216065	2.67773530271823
-0.546478077420824	0.708363149707423	2.80823329939574
-1.63224957872668	-0.353132272106471	2.9204949245945
-1.26995423439246	0.177567577352524	3.61241373184406
-0.491294241483276	-0.722325387578165	2.99375588681489
-1.54555315547537	0.625265333380282	2.06542205577993
-1.86402895341842	0.318961746885145	1.55719280593206
-0.862221692472026	0.903025923835805	1.95508980849865
-2.04174686524993	2.10352251236241	2.29182985347449
-2.87052739157278	0.967060913809326	1.31211294849276
-1.04506302266998	-0.852470496594752	2.83141721265424
-1.308597289902	-1.06861344602478	3.00839331961413
-1.46667708689918	-0.0881843409795327	2.41148163034943
-1.60025519909738	0.610699221737591	2.08959272857271
-0.422543558940372	0.144083425628445	2.81847566198055
-1.40065881371041	0.835087339296315	2.84400254397678
-2.22431765892987	1.3111012202084	1.76851017424508
-0.600093991201956	0.290576423832565	2.38260945913823
-1.32961457924164	0.972500564035939	1.9066751116242
-0.511129900076332	1.06795895406158	2.08687049115187
-1.75691957067855	1.19886936513388	1.20769374772692
-1.8523381320762	0.0796303387221033	1.8336553830843
-3.00494209442577	-0.00532543908437427	1.04625960999237
-1.41805703339755	1.11947937217299	1.29942901388174
-1.41805703339755	1.11947937217299	1.29942901388174
-1.09656677858625	0.860766899678587	1.53309122904856
-1.2308508436257	-0.800819929690512	1.30028994748361
-0.963089141062829	-0.269627128184892	1.13069537496137
-1.94998631293344	-0.512305289055225	-0.0750557653543866
0.0389502939921951	0.673287948134362	1.725753009293
-0.933582675028301	1.12246967416697	2.21443789994658
-1.29984775596696	-2.49817783242991	2.05399642564291
-1.6071256220033	-2.05373362561938	2.48386224712834
-1.68463838320849	-0.183620122045014	2.60358279013076
-0.860301289505793	-0.0276854536951857	2.38653645412337
-1.20526099662533	0.056068686423971	1.8181290552912
-0.458837671800781	0.0509533686237312	2.71030805740363
-1.95090467601788	0.328814926087744	0.472090452278833
-1.35899404170795	0.882810305402703	0.42686451549169
-1.42097297441731	0.731836557698363	1.95938899955584
-1.74502764352869	2.08285508005132	2.72460510884025
-1.23691612124779	-1.931601799546	2.62280062098667
-1.06442020256077	-0.178972051027294	3.17729849414294
-1.77468726133347	1.20368119683941	2.26669114627398
-1.50383695625308	1.67802437970847	1.41559534199232
-0.906418055901699	-0.964941628309938	2.34729042553381
-0.951503813482994	-0.308595211918115	2.44692818095065
-2.26516965324188	-0.146581558424464	1.19397299822669
-2.86517369196121	-0.466132143967457	0.995706375024544
-1.50038777147401	0.737015549454501	2.27462836580277
-1.23793017872103	0.759937617547582	2.085640980164
-2.14063842550445	1.5554512639597	2.59536054116246
-1.83667326436407	0.976148730885488	2.46982415170741
-0.832957725227763	0.445497357457878	2.85577424109333
-1.36257251931097	-0.429955911949322	2.69522903371853
-1.15334602241623	-0.149502293133179	2.71177163300992
-1.00413861204091	0.795502631942625	3.69856874922234
-1.44430939490543	1.51503141181203	2.6737531164932
-1.49755144656191	2.09036222928	2.42884786304802
-2.44889929299819	0.0455538274150001	2.48069507538737
-1.55234691646622	0.565185061294144	1.94697945384935
-3.26349351485057	-0.426322406807132	2.84866585412403
-2.66878206477306	-0.215166939564682	1.59976376642178
-1.34626323969981	-1.53826998958532	2.07068727921087
-1.69824265686499	-0.285784527633791	1.7562207117047
-2.58810985500371	-0.570180032191168	1.02777881909722
-2.5042444657961	-0.124451886041481	1.28606824192776
-2.37840928628636	0.385625574151443	1.73155341660787
-2.0298162134099	0.216525432824387	1.66212890929725
-1.98142651743638	-0.496968800199764	1.47474749329257
-0.254105253619838	0.868181024222982	2.88213133056245
-1.72107917126174	-0.22487587627193	1.58994606558122
-3.08980815088649	-1.74281416811071	0.805551997667411
-2.50890758406891	-1.12925123994901	1.93441996829026
-3.18277420617355	0.576268183854093	1.95088307318868
-1.15175417835356	1.22978972611508	1.53298171013616
-1.6581790650473	0.0386917450141637	1.95043269479299
-2.60461401760116	-0.189385248558949	2.23153924367489
-1.73906338584164	-0.110292576627284	2.54637020706934
-2.35410348857603	-1.99275057527161	2.00461487514381
-2.07643953119967	-0.16451851430078	1.27545469246586
-2.74526739371168	-1.35102736177521	0.971274974290529
-1.33529306103969	-0.780111760144281	2.01507557759929
-0.746399105345517	-0.49553864280449	2.51134801958003
-1.1701184813046	0.600566047780417	3.49488335167644
-1.00662333030204	-1.05483797691874	2.17654709998574
-1.63054710125105	0.73156345641747	1.82356493240371
-1.45369059611044	-0.362124193440059	2.1498650954711
-1.45174865954507	-0.139438695551794	1.86962541596093
-1.51426459215291	0.839259427989876	1.24591418520504
-2.35602776863251	-1.03972864063678	1.13788232040196
-1.19085967845353	-0.797989503275167	1.92992033264449
-2.48105362853609	-1.27509709299972	1.72833204070195
-1.76359501774425	-0.756453522924889	1.59295951071518
-2.37467559439895	-0.463264638420046	2.00450421076788
-4.08542287568503	0.841884627897632	1.54707023844266
-2.23437350120408	0.809850688279358	1.53789657398024
-1.63351451889849	0.784400917870762	1.56798016530896
-1.42390507787442	-0.14478027314946	2.16202130863917
-1.42390507787442	-0.14478027314946	2.16202130863917
-1.27253802777977	0.962981372251963	2.10291162502465
-2.47915622219096	0.175350646742316	1.71763564593731
-2.39017454389031	0.0131646131755072	1.325422596419
-1.66244220896834	-0.310561138878932	1.68850396125919
-1.96726292772682	0.442475067763524	1.64271750543873
-1.74795803801546	0.810534045272022	1.30385859371129
-1.2836211543239	0.787058992142273	1.98543172615743
-2.99708759860632	0.320748602935791	2.19517148135108
-2.72089342412928	-0.299854145591341	2.81461515292344
-1.50174761306803	0.887348483544367	3.66585217445496
-0.454228658737436	1.06891433401466	3.42551330994358
-0.550965804480637	-0.0317883431949759	3.2699376642994
-0.611800243424215	0.676919884348174	3.53712952253969
-3.66811109292605	0.973156496329868	3.40649414944134
-1.9010278207059	-0.893344610905394	4.98479739997198
-1.70887114263887	-1.2057117850285	2.94827348750045
-1.9254440351295	-0.820402051838041	2.7991956077346
-1.63129672565897	-0.639364500932337	1.9770466071231
-0.503884583809566	-0.0379166955461696	2.70170689172681
-2.75760071598764	-0.0997517388870733	1.78348337541378
-3.40048141009935	-0.525352314962755	1.32819104606255
-2.28474331495662	-0.145583379975257	1.13783338734996
-1.83244240108743	1.21982310388259	2.2216785990089
-1.70518298144064	0.274143867649772	1.55312220644249
-1.49718131527404	1.31588059482607	1.83586838468397
-1.67398222622467	1.07167137055187	1.91884432536324
-2.23371838587088	0.0341994504971471	1.99411199646859
-0.686402724091787	1.31789923503256	2.18293690664949
-3.47655650028061	0.452705800523756	1.35381142362564
-1.40816949350491	1.42213084437791	1.47742418620306
-1.91271243399502	-1.5647836177208	1.85306533980319
-1.91271243399502	-1.5647836177208	1.85306533980319
-0.971787417193045	-0.321014488783064	3.14617539057481
-0.999218249808492	0.293442717564597	2.37318612219705
-2.32711356596982	-0.8775514552482	2.01854743971259
-1.72985112464916	0.880547787633069	2.43196470310432
-1.20108459645712	-0.106038163767113	2.26766987269488
-2.0634900055444	1.68111970820736	2.2227202256476
-0.835807638296357	0.456210329798988	2.08271674791778
-0.797869519802513	-1.23632887944427	2.71412589186538
-0.958241624193816	0.438815697578306	2.91593578955265
-2.31152157761349	0.564309436458843	3.13787650131971
-2.77426965367813	-0.496297853523085	2.7399354326026
-2.1267025970675	-1.26000783887793	1.94448465993987
-1.52589774817376	-0.111867302201311	-0.0580029709997401
-2.47535049656513	-0.482150523816798	1.90915318113899
-1.55294142018557	-0.24144627718555	1.9036881258338
-1.55294142018557	-0.24144627718555	1.9036881258338
-2.51037696034754	0.750974845745036	1.78050151396321
-1.12088340988947	0.270637679808812	2.7146143638666
-1.87824084235688	-1.24075978418742	2.64377832822944
0.114062820947813	1.58993638377563	1.63028774096617
-3.52923746411347	0.869799575899894	0.925423329883479
-2.50032006891793	0.646052405787676	0.653403590712196
-1.85991518653221	0.356218019127846	1.41987272486824
-1.85991518653221	0.356218019127846	1.41987272486824
-2.64507501128616	0.908632044366005	1.13314142134912
-2.64507501128616	0.908632044366005	1.13314142134912
-1.99443874389065	-1.49292333855905	1.41245195275698
-1.18677588990918	0.703183485550209	1.91394510786382
-1.97000597734125	1.34740467066648	1.7390597900756
-2.73525526894733	1.08780439873641	1.92016420813628
-1.8879367553851	0.994112368378759	1.19027531265398
-1.99789376457101	0.677854861779437	0.960107723959256
-2.24441536470833	0.743910570590281	1.94613617062895
-1.39671688473636	0.671364248284732	2.03323921822172
-1.8735727595777	-0.493337975751671	1.81012561431998
-1.97060157758463	-1.211523767232	1.86320124035268
-1.21176766402096	0.580280312668679	2.38023957298224
-2.5714944310741	1.05978276138359	2.23234745196052
-2.27584526502215	0.0869987120674344	2.40837776976415
-1.46024958349766	-0.236424644207541	2.53069215251017
-3.12185364242576	-0.0818525847858951	1.10917064158436
-3.32022849868784	-0.108925607291022	0.755388749577644
-3.35347427797491	-0.847873260612191	0.209111646817
-3.33067542088033	-1.18870743518162	2.33914385372699
-1.1275329297231	0.274571990945494	2.84333909358286
-2.94039527696797	0.637431266186098	1.80019333728772
-0.997804780932647	1.41966672166576	2.31190885741109
-0.86122307000737	-0.0195912697322413	2.45285284702073
-0.613881731263693	0.898668796955925	2.25063784245426
-1.73866501886024	0.523337705886216	1.83042319787898
-2.66826427191835	-0.15892346484878	0.862006487522931
-1.78062574051411	0.467074208928933	2.25513484106606
-1.81573973006596	0.908251605442027	1.41979475619865
-1.81573973006596	0.908251605442027	1.41979475619865
-1.90897902778163	-0.115445985819402	1.72388474857564
-2.50325030395884	1.24732566061886	2.21449558019078
-2.11833992737963	0.485927494333901	2.10701518419466
-1.65557024304792	0.0878461861448941	2.40027846954388
-2.38729083594413	-0.972538934346104	2.89866984416179
-0.663065067417049	-0.332873078523496	2.34933417152751
-1.00661594890872	0.660927077624882	2.06440799040413
-0.662327947896309	0.543379494967474	3.37615151988726
-1.81408179878388	-0.161500234195725	4.28287667194596
-1.41982083247635	-0.0671189127695879	4.00458357082107
-0.832232866684526	1.89854236157505	4.49243854958629
-1.7187252155885	0.894727826194333	3.11295853064233
-1.46526808041151	0.685719149670748	3.34277158750771
-1.33022494228307	0.687455277342939	3.29296872824697
-1.12444624431791	-0.150314730207409	2.13979675040717
-1.72539138572681	0.238876873378866	2.02403693997368
-1.07178004426977	0.0721952503919257	2.03969572578885
-0.506495510185698	-0.543917898505083	2.90356894913755
0.045563361497579	-1.53669204506194	4.19031897238317
-0.924263007739709	-0.0274767110510249	3.13380344204921
-2.05564357037749	-0.44469984661513	2.90555800063173
-0.41512572157478	-1.07049221776624	3.42632187486285
-2.72631959583211	-1.98889482483041	2.15892892358576
-1.17817846333416	-0.45030916855404	2.08848161848214
-2.61499299529758	-0.704004236563053	1.02568355939214
-1.51660221659041	-0.0640435887573953	2.69543619934161
-0.855719943260431	-0.884666548526275	3.39654349435749
-1.03644812725637	-1.11848771315522	2.31776030461765
-2.05421512716615	0.299995402068637	1.81487466457454
-2.05421512716615	0.299995402068637	1.81487466457454
-1.61730604095591	-0.615159726236812	1.95478343967521
-2.1774090308614	-0.542679315178668	2.24749795055419
-1.08577536439957	1.01846932309444	1.84279381456714
-2.15738624278411	-0.2186971367064	2.71177362957522
-1.66449465920553	1.22546025427679	3.02216264187671
-1.57194659313474	1.42602201599816	2.88315139383362
-1.10451224412894	0.0462383517765183	3.10026284284172
-1.73102754313583	-1.35406774806076	3.82527777323124
-1.05800501201368	0.521489362561442	3.28137764433295
-1.4649656717408	-0.95047944476151	3.89086633213617
-0.645836698606895	-0.262822236818258	3.21705756967558
-1.83796146343577	0.367284040842653	3.03975481024375
-1.35854893078151	0.946077015796978	3.01566120557484
-1.73996337711716	-0.474168880501298	2.18224292193223
-1.38645606277705	0.413478447813721	1.94747177548023
-2.2836475823316	-0.353860308000376	0.841168075001692
-1.56202041185863	0.384818810601443	1.55120828099867
-1.98124734719782	0.639533001189476	1.56103999543066
-1.91204113588736	0.469550473853284	1.83560093198948
-1.00927822536591	-0.784655971799088	2.25948718990909
-0.685072796239511	0.294361737786747	3.36266690338849
-1.54936240199432	-0.717287466635548	3.78064508090832
-1.68475329408912	0.367547177943661	2.99747680306146
-1.17252317813663	-1.38605743605482	2.41592167542057
-1.83395696831727	-1.59686614904598	2.14021764567893
-1.73877579345165	-2.04754379074955	2.12588315319302
-2.04276756681655	-0.881396799179104	1.97093424073171
-1.22560076874303	-1.90688782287191	2.26463998543098
-0.980213605433721	-1.7567496141406	1.95629892067564
-1.37483246609156	-2.65975736588335	1.8860150579207
-2.4268748469877	-3.82234071839159	2.50355639975306
-1.12684427943976	-0.417237205641474	2.67634579177239
-1.75623156979077	-0.758106234827028	3.05863368137527
-1.08358717757506	1.17049257939114	3.15157310503969
-1.08358717757506	1.17049257939114	3.15157310503969
-1.34871945602493	0.604129890003051	3.85111648660306
-0.646017653479148	-0.0435377672996351	3.10013543224239
-1.09225690733807	-0.466344717487475	3.46371409483529
-0.642296619619264	-1.05267444147868	2.92760180309182
-0.416260797864279	1.05876808150723	3.39399806396917
-0.736933083639594	1.1306030204669	3.451786247083
-1.84969584971951	2.21012416658358	3.20971135396845
-0.477315242704616	1.27441263174303	3.82108755651662
-1.31895485652624	-0.425457608290274	6.09602193953265
-1.43268739397229	0.55026498100741	5.43615654924272
-1.36824065416419	-0.895954393016141	4.69878272665897
-1.48475171450574	-2.02992899710896	3.87091812578109
-1.5698195517141	-1.19307910985625	1.42149539174888
-1.12117044486284	-2.02588587883584	2.35251024336804
-1.06333739835741	-1.47397054039167	2.96820623831393
-0.96727721191855	-1.47127147959149	3.54196300043565
-0.278377000936909	-0.932038709032924	2.60489880546775
-0.837818062826778	0.0603552782165877	2.41081909843131
-1.91857076529606	-3.27993909498085	2.1647970490747
-1.34373317135668	0.506694348616507	1.97227231660536
-1.20118532706565	0.768999803138113	2.02164819047887
-1.14411508624138	0.744983925407228	1.85161899700165
-1.90768448240351	0.962089691500634	1.4557734388011
-1.77199001333133	0.736731285422895	1.35102450685364
-2.3708827084112	2.05691433450141	1.59718166139774
-2.32307212381828	-0.0764450212204774	0.147096460489423
-2.27980858079768	-0.288550240383509	-0.214005551946111
-1.27573847219323	1.0382111829427	1.69372110537306
-2.03225497810858	-0.630595473749461	2.07532413110573
-1.40243166717208	1.64634952418795	3.02767836272342
-0.846830404615838	1.25513278664651	2.10788508716823
-2.68526114141208	0.462675942500507	2.76026712876653
-2.49631895446096	-1.55416414598907	1.44785253159143
-1.39698254090512	0.436061621421346	1.43266558830676
-1.52015639785701	0.361925780167201	2.22267846724474
-0.853116036422897	1.19981602042272	2.77518373111423
-2.13341576060362	1.81992527280819	2.49979957108303
-1.25375210795901	1.63289831489723	2.36350742332798
-1.10188370696876	0.161112053438081	2.91061550207983
-1.76724227115727	0.460671385906428	3.07351019060405
-0.363198883408844	-0.403863983481916	3.33094093707592
-0.489228505921928	1.12124114583278	2.64797810692185
-1.97705913874336	-0.392241067337444	2.19711570137299
-1.18022296514042	0.808969602393722	1.96450234036801
-1.18022296514042	0.808969602393722	1.96450234036801
-1.45246231449761	-0.110262504178132	1.83751133931396
-2.22229941855151	-0.289521507821044	1.88972994132221
-1.28474538357359	0.72440258192318	2.45644208801917
-1.57744138796787	-0.111456174468118	2.12080509310976
-1.53036059085078	-0.0215559136584244	2.49773944695016
-2.27637519287255	-1.013030045054	1.95508768737958
-2.44051351329872	-1.15086499500532	1.42999561039421
-2.01782679934696	-0.358731284233482	1.18973218718652
-2.11082674620077	0.707080113211318	1.22958220680264
-2.11082674620077	0.707080113211318	1.22958220680264
-0.711382323271062	0.571796450465214	1.74638249632839
-1.00581028626508	-0.0127162122526239	2.61020442323943
-1.64623801659806	-1.21358092878936	2.71148701282737
-0.983418511092195	0.315106560046558	2.72477291175659
-1.74876637832599	0.223646898314355	2.18372204860658
-2.27062043633254	0.700535873264526	2.90871304148133
-0.811633846677245	1.06006284115408	4.15142764618204
-0.283590215268388	-0.492851340285046	4.36618882989708
-1.45495748420075	0.0289646420437117	4.74469183983524
-0.763090043140771	-0.268073459105321	4.34172528168213
-1.92541303372645	-0.634720413112657	2.66784660311465
-0.979236866221738	0.667512366950259	2.56497608751108
-1.84606332527008	0.52676159815219	3.23356520417197
-0.103082676330783	-0.404344293500358	3.44096877346267
-1.78685483519644	1.13820299221937	2.75664459165532
-1.65536424635652	-0.508189976989679	2.97619428563934
-1.99431738007534	0.405377311133989	2.82664225871372
-1.09994029623445	0.643803125872071	3.32833300188171
-1.09994029623445	0.643803125872071	3.32833300188171
-1.09994029623445	0.643803125872071	3.32833300188171
-1.22560070475427	-0.211998868520613	1.903287711505
-1.64825061407066	0.665391577544486	1.45844963249995
-2.49917781025991	0.102105533789298	1.15321001537021
-2.00091103308343	0.627379701237979	2.2537360925427
-3.30363185186958	0.546443410152739	2.16629741277039
-2.38771808448705	-0.045877712079476	1.83601828847218
-2.09826614910069	0.644719710449573	3.40902678781256
-1.78916944165143	0.146582762558652	2.82768359211166
-0.169077185577816	0.637441235427969	3.37773658112385
-2.05993084718539	1.24911751059114	3.6842321669293
-1.04304563180153	1.5574747691274	4.12948078334763
-2.39676028200876	1.43633840327961	4.07576180760396
-1.93228701112899	0.364414504496884	4.06506312932042
-1.97161809121532	1.58890840252179	4.98724347617648
-1.77491952235508	-0.902429388185665	4.95008176034231
-2.07393374366891	-0.255744863088799	4.00142234576636
-1.23120895326353	-1.56725766179796	3.94508551606559
-1.49804028906502	1.10029793159301	4.23837497543863
-2.09870086169344	0.0942486333522697	2.62318620993964
-1.73086194452708	2.12341290099015	2.93390240695717
-0.618228975710986	2.24540942571183	3.3727929924133
-0.770500020066209	0.71490443103067	2.84715738710627
-1.287017303547	0.440977251689511	2.84335878077601
-1.08918463137545	-1.51702185373787	2.66215839885573
-0.818257949885208	0.217097527796163	2.56094632894696
0.423185074886055	2.34585391980513	3.9879360864917
-0.294226237070601	-0.0402393620050232	4.93535746714107
-1.39896738418125	-0.399076239919681	2.89218239864638
-1.7289101150898	-0.494255439835781	4.59456954219624
-1.57120923444631	-0.1779342331346	4.66467253978393
-1.48888257642811	2.59648040112994	3.32320468169792
-1.59978776518409	-0.173101193816439	2.93934727175639
-0.674383386184915	1.0059556282847	2.19630601204601
-0.4966376424466	2.2077382482837	3.04064277340746
-1.25214981026625	1.21325531478722	3.11142377363412
-1.84162236719135	0.556875143172112	2.62933249124758
-1.29176155255698	0.881025762785307	2.86033031986231
-1.08002734503821	1.35169303603392	2.94135169555802
-0.231087744991939	1.1317510111395	2.5195315948726
-1.79771698428473	-0.237338758905444	2.64672818790451
-1.20123060731235	-0.28206420323423	2.8019688010813
-2.15395979140454	-0.831540110954851	2.05096279676991
-1.18967983139567	-0.869353018887555	3.05617038127652
-1.55482222148309	-1.58213400759872	2.83971678667855
-2.16086854851701	0.418485328385389	1.54946509503029
-2.13496156672786	-0.101078570010043	1.31229699525375
-1.68373654223345	0.0988328429575825	1.61130792420203
-1.98895338041381	-0.602842548829282	1.65639885591918
-0.331542326543105	1.15175327198156	3.72281943795653
-1.16861131213046	1.09204321920185	2.22843178618102
-1.01432347994973	-0.0361303836815757	3.44054611397804
-0.570529876448008	0.140303971037678	2.13976850463918
-0.757752470040224	0.836584613374211	2.81153709190669
-0.547420073929796	0.857416734633409	2.53877167158265
-1.6245667807927	1.18078313627733	2.17622235796084
-1.29241508937894	0.962813466982482	2.03690953710994
-0.983157747436031	0.605428867467123	2.60379867827618
-0.0716682944081937	0.337219153302262	3.62708580012744
-0.758434057314622	1.58633229768773	3.01507334020391
-2.33999586883752	-1.01117929542249	2.62530521065
-1.90078446966675	0.10866334954066	1.81594425997542
-0.495302633433201	0.661278535254484	3.07257517121009
-2.40936226018815	0.302404963299373	2.37143556439997
-0.272136396174748	0.237996850823639	2.88105063686176
-0.272136396174748	0.237996850823639	2.88105063686176
1.29895400107886	2.59748404728501	3.27352105381457
-0.269226966452568	3.74479913200879	2.46978323529865
-2.69917574181533	2.51263687567314	2.80880122162694
-1.97038573754092	0.519720033377905	1.80172622897765
-1.720111705892	0.716381014589591	1.88028779995784
-1.96755414027612	2.299311769316	1.87625196814694
-1.21843583634612	0.225431520069712	2.25516010300015
-0.748001561595426	0.87252524451338	3.37373446286066
-1.35388832498381	0.865716393881399	3.67682981580646
-0.834021282010932	0.779446490834982	4.57619044679996
-0.829952031471904	2.28889467118209	2.84170762156547
-0.133163942799917	1.0111347342813	2.51502572630798
-1.09353868431552	0.241894298199151	2.71291721334047
-1.14593257240843	0.909080245635385	2.91022914935173
-0.878224368563621	-0.135646910166548	2.36033713201172
-1.08339436688655	0.88445783013457	2.98757256624515
0.187802788868025	1.6677908260492	2.62517774628281
-1.49153411473822	-1.04652738579205	2.02348769522138
-1.79688878885561	1.12366901727056	2.99036871370116
-0.377327632802026	0.960253891291253	2.27941109540306
-0.305973356870834	0.562046018173986	1.87407258968418
-0.99953262869935	1.69536199497391	2.32807759658499
-1.3086482577844	1.6390429162791	2.05375644745516
-1.68280452569444	0.192931853093012	1.73250450083896
-1.67576546234669	-0.546992870909474	2.59162660619281
-1.01142720455074	0.989972700151276	3.52362514489639
-1.57221288032506	0.256020881895554	1.9899379444459
-2.1451243176671	1.13023153089662	3.03101766125576
-0.0111560213940289	0.89158636372175	2.83688346300048
-0.497228835395032	1.57587917217896	4.72809861794249
-1.7371435339912	1.08667052022885	3.38760627855258
-0.756975063836298	0.247705647428237	3.16904221108282
-0.735450288740991	-0.226243263797314	2.68647948967578
-1.51443746754608	0.0742039504333907	2.91802567018807
-0.890461442390166	1.94850883743573	3.26353075093019
-0.413608860893206	2.57085586135618	3.49097010132002
-2.25637514838793	1.18023422324502	2.76744744133199
-0.658153414694239	-0.826375747768712	3.65259283222473
-1.06863108077642	-0.781469230412074	3.90618845481162
-0.665664233597636	0.0215039738765549	3.42401517523728
-0.434346405109411	1.57346326432273	2.95590607372859
-0.50817562432282	-0.0580454432104904	3.67676786608678
-1.77015301462417	-0.23226413289595	1.23875025253654
-1.62766902517195	0.0635533046775549	1.37626333276764
-1.62766902517195	0.0635533046775549	1.37626333276764
-1.49621717276501	0.0921411702782614	1.89374500093868
-1.49621717276501	0.0921411702782614	1.89374500093868
-1.2606463643261	0.556856021433737	1.81754233779955
-0.84532012983768	0.388579340491277	2.62014584947063
-0.326718547014865	1.50063727240809	2.50814821337477
-1.01509810213714	0.658037478942295	3.50948632761008
0.138851296164443	0.844233796820415	3.11241724073591
-0.23262214767666	0.695377354040521	3.93388920289457
-0.315518406021833	1.61762135246209	3.42326467672208
-0.504783280455795	-0.37108539186928	3.6663958842722
-1.183649427458	1.82926207125016	3.19313016010979
-1.14115703898592	3.53295782531638	2.93350731654285
-2.13706130717459	2.25560269211467	3.28260559460382
-1.14584967970737	0.75594966106763	3.76101312456418
-0.799138377357609	0.881571904777463	3.76055653958725
-0.573654936088001	1.61983335281455	2.70788362659485
-1.61545881809717	0.425447257203535	1.03670349089352
-1.57525961886567	0.967986047212914	2.90873861386895
-0.94246605103842	1.23080102166558	1.86439249883632
-2.28448941625754	1.78577153602504	2.07444642235571
-0.383964335071918	-0.339382588035727	2.42347532478022
-2.63598326091344	1.51556183983311	3.98960171420896
-0.283571437618071	2.19352600256889	3.47578216498025
-0.471374676457945	1.47073100237911	1.64453449370239
-1.85829655321345	1.12678436061892	2.22813567334558
-1.50179376270048	0.888580471448251	3.33672451172454
-2.39604155773934	1.00003565759261	2.4551102193855
-1.85850051960068	0.838085307482032	2.80144715967942
0.653366971996776	2.68419773943201	3.41291246173535
-0.615707977552667	0.891000261985991	2.75036578771276
-0.301531547770636	1.1623062547041	2.82145913696485
-0.416379885704071	1.4895247558117	2.98239770131459
-1.16651828368954	0.502200136052899	2.56998761706526
-1.17630396071839	0.271048590121726	2.91771950011327
-1.00656467321146	0.0587314092764886	2.43476139835829
-1.89212563873352	0.0612269224620737	3.15000382977054
-0.85279280821958	0.559373400735152	3.41367089612985
0.0681874529723797	0.616429991220152	4.09001911460285
-2.01266864079076	1.79248032131622	3.791153097216
-0.670333684737225	1.46715237372707	4.21566107055755
-0.670333684737225	1.46715237372707	4.21566107055755
-0.670333684737225	1.46715237372707	4.21566107055755
-0.670333684737225	1.46715237372707	4.21566107055755
-0.932111699601098	1.16966071565009	5.05914863979392
0.631775613027234	0.252505433566074	5.45814847291714
-1.00055885820572	1.88822732312833	6.04742170135664
0.541695154124949	1.73824214578443	4.66254582712151
-0.753510052872465	1.57821634221947	3.81189639495749
-0.753510052872465	1.57821634221947	3.81189639495749
-0.216299782710955	0.951480443242447	2.85613759562145
-0.335536412445761	1.46792732403623	2.65981950006552
-1.01822603023448	0.967157278222874	2.47196325653285
-1.01822603023448	0.967157278222874	2.47196325653285
-0.940592310578241	0.752614465076387	3.62434290158378
0.363277100504029	1.29359943745678	2.1828965548574
-1.16098418963513	0.824705137239011	2.64689086124459
-0.169363643208138	0.678529586125194	2.65737440671633
-0.70751606608791	1.01082435682922	3.27262604845567
-1.72795919720183	0.905063523404916	2.75348565669302
-0.597735603279068	0.513598842759894	2.97249584059554
-0.31305785498522	0.271675789156571	2.58044969025896
-0.367990154206277	1.67217045765442	3.75271206046314
-0.243476023402708	1.41485964155687	3.42861693526081
-0.429618825753	1.85378930718261	2.55309658330511
-0.131407446986938	0.950261842349918	3.66046643853313
-1.34510102166902	1.23970641488709	3.48914897729786
-1.13821608611472	0.617137542725214	2.59285494893861
-1.13821608611472	0.617137542725214	2.59285494893861
-0.863458787354654	1.60461516630397	2.24639223954287
-0.938590987788682	-0.00650079774407447	2.4155200467275
-0.179511985575072	0.997836557684167	2.40098137557842
-1.3131715198666	1.26837379997602	3.18449494036196
-1.3131715198666	1.26837379997602	3.18449494036196
-1.92893850570181	1.94717761744138	2.78425549521115
-1.01685642292752	1.70292013298858	2.27669196291995
-0.226822181807406	1.6303751267293	3.57706948247097
-0.355247775062378	0.748183676447092	3.96064602434873
-1.71597508686007	1.88242585803576	3.82814826753058
-2.24980446303749	0.0474410991851026	2.45173891312073
-2.39105101249894	0.285555636587372	1.70868980322873
-2.23789785395723	0.771007827166179	1.77919079536938
-2.50758364840389	0.920099978956028	1.56899569184646
-2.8091741809548	0.141388278389182	2.29517414652139
0.28378944402576	2.30329530518424	2.95870309808853
-0.717191081825699	1.29677267959857	2.60926539911045
-1.1781914673962	0.158484046230174	2.17631036771126
-0.409393887626833	0.321551023068082	3.0062332800968
0.19741902243078	0.195761824694834	3.3633307099225
-0.714133056581103	0.434191657626158	2.68761088320453
-0.714133056581103	0.434191657626158	2.68761088320453
-0.75133675563938	0.473157315510177	2.25126717823593
-0.641369728263829	0.28542791901616	3.11742787394193
-1.86766683328258	-0.111814607646909	2.79908020059103
-1.95756053510318	0.206474987853908	2.47660231130924
-0.442981495347975	0.227852833385591	2.71218231211392
-1.25654458997009	1.34047258616852	2.43831511204792
-1.61773923617965	-1.48383169066115	3.50322583974591
-1.47353669513619	0.761056241475566	3.28266161945891
-1.98323127432784	-0.0799999135048012	2.72645262032341
-2.47706523114654	0.0986785700151303	2.87038917758136
-0.739143910917757	0.824548992852803	2.81010092377512
-0.947492555154968	1.32167330421205	2.26057491045182
-0.998968859086168	1.00663992062142	1.97232956595624
-2.14864659074003	-2.25407795864221	2.18429867038037
-1.24060507421471	-1.17330105359492	2.34554926257872
-0.68877608053579	0.211028800017121	2.75128703137316
-1.06361068078625	2.5361534098726	3.16801422276752
-0.635095811021992	1.56543442060264	3.88116387646209
-2.08423251097149	0.0778345187695902	3.84126380103673
-1.07195453342739	1.48788613796451	3.46083418998019
-1.09638899124414	-0.0069140844225748	2.94015882674217
-1.37728521931243	0.771416920273884	3.4393291997794
-0.700924954113809	0.379651791714387	2.43473356299995
-1.49613302541278	-0.975208276587531	2.65632147104163
-1.06373808558291	1.21683786797152	2.75006487168973
-2.58849552822853	1.38402141172467	2.97644001610535
-0.192020562317385	1.95245052812076	3.27535305846048
-0.64728403380972	-0.236886847102565	3.9502735921655
0.489207352934815	1.0736133269496	3.73503714862693
-2.31216757171885	1.61442188749326	2.67683851067054
-1.23522844516008	-0.641491371307041	2.51410386453132
-0.925947602111187	0.779628574050589	2.60595286150736
-1.1298656991418	-0.566085569565076	2.62737846410123
-1.33556468878373	0.0636756199777433	2.07925468366871
-1.33556468878373	0.0636756199777433	2.07925468366871
-2.74636090042828	-0.412139838138705	1.19611273548399
-0.733404101217611	0.806326494984865	4.12552603380949
-0.39326446723937	0.496941416815852	3.49040313881665
-0.360482356251847	-0.695722668319816	2.79407327040884
-1.83800155162849	-2.57034794180871	2.27835628417263
-1.18563515382308	-1.6412328110976	2.9324653931172
-0.549293320884584	0.617539464197446	3.36161225678535
-2.2969312595073	-0.0919143861044869	2.50954596531736
-0.820777013769568	0.921227823947146	2.67487400917233
-0.613110070598072	0.97503016317328	2.31725055706035
-2.43442869384186	-0.930664428608106	1.16691506603334
-1.43540404804153	-0.342866107994749	2.23326812991441
-1.48113598416398	1.50605267191414	1.93737192060917
-1.58381524954646	0.613345246011396	1.97624688060894
-1.33557178309455	0.126805959743646	2.1716261499514
-0.881341576989727	-1.58636784405395	3.20422594977326
-2.44209461238878	2.11161170110458	2.41914549707505
-2.21265442969645	0.483920559127578	1.71768278382864
-2.2586987204039	-0.833062493718511	1.98239797801657
-1.49836210654597	0.70002062692411	2.74744864566408
-1.72696988669902	-1.11334666868141	2.57596538334175
-1.60286715265473	-1.44983571974498	2.22782808816578
-1.40560017919782	-1.46963213883802	3.03080810607436
-1.25939729935079	-1.70086922663068	2.84468920948638
-1.62023314958871	0.13614777057999	2.10481607369147
-1.50906041142691	-2.5474033600304	2.09418812502193
-1.45869157793823	0.216567026459211	2.88376101979169
-1.57724678958515	0.0684131763393234	2.59008062411098
-1.24886067181529	-0.187902828640675	2.18822283076655
-1.40266443966997	0.352833463814128	2.59066488725935
-0.881462337334809	1.12663733949247	3.08899278695119
-0.451815222226763	1.44731844188683	2.49096832204374
-1.03493809453536	0.800044710146483	1.78763204738914
-0.703443749660547	0.639002216501859	3.91557129976006
-1.01546771885518	-0.0344053837136059	2.65991869023701
-0.981825901708801	-1.17900161044232	2.47294065706074
-1.24124733898784	-0.456147383066114	2.35128779041518
-0.983700840223224	1.7591588568564	2.37388957904868
-0.774018888375959	1.96547823703465	2.35509984227629
-1.95406044884189	0.0761404756959043	1.81740772647365
-1.88648638163062	-0.381609764910465	1.70062792987024
-0.495606703393673	1.57073717719986	2.64606931704058
-1.40430315970949	0.171504968346225	2.71294511134529
-1.39044913555202	1.12038543716435	2.24112022772621
-1.74929865372068	0.238815485459829	2.37276026702902
-1.93343514626117	1.36843516786533	3.02123672172706
-2.23678233937228	0.645826445855525	3.15466411007721
-1.88804145735624	1.7175663416012	3.4682270547842
-1.49262303289041	-0.912274650986112	3.36645286348374
-0.80093001815819	1.98701769864826	2.36111340370513
-2.48681711484186	1.34151562045272	2.97356394725627
-1.36658288758622	0.836850455633404	2.07079764388377
-1.57995947866451	0.944152195611306	1.00646575609583
-1.300993914976	0.619308813032329	2.1111297873295
-1.300993914976	0.619308813032329	2.1111297873295
-1.45950699415803	2.30071522872073	3.08342595937799
-2.32679174617954	2.07258554219323	2.41705592441598
-3.96225936948835	-2.10774340139025	1.74024082889233
-1.70726944733662	-0.308097013567747	3.01800599835054
-2.57703131162664	-0.260526356086986	2.58098762209984
-1.91202535061355	1.07458931494977	2.18423075482278
-2.64911659786636	-0.876101554439228	0.880941366177795
-2.85348917970414	-0.500747891685604	1.43782162642105
-3.42630641291637	-1.46083729783735	1.90022633658497
-1.49965749695606	0.929551947457661	2.52479927995069
-0.977352140406524	-1.53668730994342	2.76709909280123
-1.49632901960979	-0.708968482176364	2.14935198782313
-2.11378106813452	0.634427398499495	1.47457526757069
-2.16447514863479	-0.143521569035856	1.34515332130054
-1.32430324139362	1.76285080519303	2.10522321444701
-1.86552898114516	0.535270062379554	1.90089648273119
-1.93700029769262	0.82638286800122	1.5470589080971
-2.78148596692718	0.142446954842041	1.76664375097472
-1.00328449946051	-0.0883987838309159	2.97232723913959
-1.03499076695373	-0.00576195078291342	2.97195015915568
-1.93395470873072	-1.27857033195116	2.4151336794612
-1.59702005028215	-1.63533608242328	2.60920170496875
-0.999516744106998	-1.26825535259855	3.36363396032471
0.296225653256338	-1.68879842152903	4.32310811519524
-2.53458149219066	-0.0651537128694231	4.1555303940339
-2.52973006097112	-1.52415156051936	2.72696749714923
-3.02044732115973	0.328385097344333	2.83298360823805
-2.98633258879425	-0.693343919320007	2.74019347755849
-1.86803796474682	-1.16373100290665	1.77581112417466
-1.62778776943427	-0.553363258464697	2.30040893370678
-1.32833428036798	0.722585947507459	2.92640094180385
-1.96805690578591	0.996604748348109	2.11932679613694
-1.52577417379181	-0.623318835650465	3.22095528758238
-0.552297114625348	1.69818150369921	2.78011676889286
-1.61425153342913	-0.444573522953318	3.72529522153635
-0.35170955131626	-0.531777246030353	3.26850727968472
-0.819811974917066	-0.050254379551878	2.54202633164638
-1.9291688038411	-1.22296957268282	3.41871666805869
-2.49182581814115	-0.462141068027492	2.0160183973906
-1.58623965965983	-0.935892632299661	1.64824345842511
-2.87142030942425	-0.155269075857023	1.59801526167242
-1.90423535099931	-0.266541708170492	1.49158365750274
-2.11982785592076	1.51696299224848	2.96642840566599
-0.911425404774376	2.41113263244067	2.74787746938791
-2.12002312507536	1.69339757188076	2.34058576511796
-0.625295310994152	2.72122077563479	2.58691353847727
-0.806623319251541	0.273466988799327	1.83586924674947
-1.93267111820149	-0.0057386418190688	2.05881571081422
-0.390005468414525	1.45672697953306	3.26874894399121
-1.9124555614026	1.08011534705516	2.03906162505342
-1.86357479570746	1.38867631706591	1.67978209669546
-1.99786919999139	0.865078332909499	0.946080399552217
-0.671517553120893	0.519302990438822	2.97053335161752
-0.898370213883716	-1.03368136559864	2.38095615804747
-1.22569446977129	-0.519361054705794	2.46819191597497
-1.56972477942361	0.333186776930988	2.19615831415257
-1.70570188427617	0.727702303069071	1.94831356254141
-1.00866595096937	0.570688015030517	2.26991566568278
-2.05481913722533	-1.30748259728135	1.42169551100223
-2.60617415776027	-0.253768778551321	1.22349977344121
-0.888674936396099	0.456290702372251	2.0018263857469
-2.53302699375024	0.0112590714667653	1.97627496252133
-2.15084651231962	0.24167163207278	1.50879362065478
-1.32802232042992	0.131318390118209	2.27150419608438
-2.00774742415755	0.235473500720347	2.11580776816551
-1.20330209244295	0.898132195921178	2.19717532999693
-1.51364901203484	-0.188455820969957	2.04523454270914
-0.828678859197837	0.279476415369035	2.69381879248781
-1.36137678518178	-1.13617966333456	3.04697539144915
-1.3439115937266	0.779982896405502	2.79568998217247
-0.817210227724901	0.0725497741057819	2.97433446152517
-1.52444323886993	0.505984646942961	2.16718542337486
-0.398557208292861	-1.2167391840546	3.22172845905897
-2.94142647623501	2.24851936629162	2.25714223064175
-1.22959756775631	0.435523501460737	2.11449684205057
-1.22959756775631	0.435523501460737	2.11449684205057
-2.26821399630417	0.0121869231835346	1.87423635522194
-2.20461058353155	0.537947614192673	2.52038471961344
-1.00354714569869	1.57192824430666	2.28231906179746
-0.541129319194018	0.86352386395728	2.88642064900239
-1.80591932699216	-0.000586787935947575	1.16821893274273
-0.852681792902365	1.3289812125475	2.97889397836885
-0.808376871644333	-0.633897640975275	3.25423374311057
-1.14850113307529	-1.23288342687087	3.65556309565384
-1.60001704044487	-0.749964545682738	3.55134322600419
-1.25624597492831	1.82402529351185	2.74461172489546
-2.83221723956653	1.58134593028232	2.09246833258357
-1.27865624832814	1.31499287911151	2.34489566736823
-0.712976154018139	-1.37241200845232	2.54219114727322
-0.743048887569134	0.197714376403158	3.2858773285233
-1.61838311364534	-0.287299712402248	2.44185208501072
-1.42938045547237	1.47345325240942	2.38189453716654
-1.98836667653623	0.833275489738908	2.82867319970152
-2.04414999968817	-0.605183050157162	2.4613435573355
-1.85296007218682	1.2495193635359	2.46594879911722
-1.03888207883211	1.41221013916196	2.47425591098448
-2.77193990300339	-0.412412967181674	1.87507262225449
-2.12152108009744	-0.206496267221817	1.35824092445798
-2.85418935154491	-0.69709921968475	1.44688602434204
-0.745793262822108	1.57438800711166	2.13531861675876
-2.07531011369593	1.98126606887616	2.98496340002606
-2.37133562410509	0.369838228544987	3.76308818528472
-0.271659263675718	0.827451051892652	3.6102276303283
-3.29462366867443	-0.649091362079905	2.37060083760111
-1.3121731052302	1.26558772287632	3.54837777181583
-1.52075111304212	-0.838521032414053	1.70905265829437
-1.50794960687274	-0.653593896181745	1.28237299642259
-2.05622980987959	-0.605949037172221	1.06869377276132
-1.36243940597364	0.347360088340665	1.73963151711454
-0.642747797330789	1.00075540378675	2.30151818779652
-0.190018980140438	0.48560209276537	3.16950330151804
-1.32980177360504	0.0968519058371826	2.58520794874293
-1.24008076705373	0.622857417671758	2.66830216594143
-1.0415844253717	0.637153422615472	2.59841398614476
-1.58647345991853	0.332159800819534	2.57366611714662
-0.466596381647798	0.385990811181283	3.46984519399308
-0.836492027773698	1.17853367374404	2.872038537556
-1.70586669776163	0.0591976788020971	1.70913734015756
-1.70586669776163	0.0591976788020971	1.70913734015756
-2.19875629718445	-0.215022023099054	1.31961641227448
-0.972806412972299	-0.319786361963929	1.87110165255
-2.08936313265789	-0.0950330735192512	1.25463503531092
-0.593348400799529	1.42459465786972	2.56535958755289
-0.744141114945134	0.970054144862666	1.9510650400951
-1.61134158835983	1.36674713005184	2.43107213680894
-1.60946264824797	0.762614236468602	2.05616535325712
-0.964957688098531	1.25918989619325	2.33848637812788
-1.80281529078389	-0.293057177481441	1.93784526564555
-1.59586801744356	-0.117426724260383	3.65009356058726
-1.10600414306439	0.546765748383821	3.15826744130247
-0.53437867315466	0.55986254420988	2.56901072309238
-0.71673462638561	1.13248657041151	3.2769571733438
-0.948107558431773	1.7103714922927	2.98902759022268
-0.738894766650562	0.536530456309399	2.97398606111499
-0.738894766650562	0.536530456309399	2.97398606111499
-0.738894766650562	0.536530456309399	2.97398606111499
-0.77500627793145	1.15490904059884	2.52706662385241
-1.17896206562912	1.93739816048271	3.24175826430432
-1.23289399172606	0.504573588420795	3.3535523044082
-1.00962885307998	0.226874539091328	2.97734137455003
-1.00124295775042	1.66296908093951	3.48853663503608
-0.525538859011423	1.59015904018724	3.47950786121371
-0.820886598453675	1.38310755961792	2.93090088812008
-0.84343850669371	1.60166329123425	2.61726957958771
-0.644379350010478	0.658809555097876	3.16424520747051
-0.644379350010478	0.658809555097876	3.16424520747051
-0.53679970278987	0.475125464034625	3.03209275887918
-1.0164802868688	0.162156323326163	2.81340138862754
-1.15307589716268	0.790374573254256	2.88020624919456
-0.394251212518543	1.06259383970307	1.94430850040846
-1.64725276576101	1.64928143646361	1.61533736515828
-1.37736475752557	0.852058721997942	2.18521600526068
-1.37736475752557	0.852058721997942	2.18521600526068
-1.33444694175735	0.152551719096769	1.11833059788011
-1.65074844379219	0.912934281268733	1.37950325318077
-1.65074844379219	0.912934281268733	1.37950325318077
-0.815802321837205	0.0367090142862621	2.82132361854955
-1.43156389825993	0.343453316072371	2.27906046390757
-1.69041749393727	0.590888888378653	1.88356693315179
-1.5108874967947	-0.14479508331787	2.36894106366906
-1.54922604680848	-0.646261390034111	2.75732842152731
-2.31165652305489	-1.30532157293003	2.50295902993943
-1.57833811801079	0.278258656368627	1.35048368114151
-1.22247543467437	0.76978797101202	2.39064904021858
-1.22247543467437	0.76978797101202	2.39064904021858
-0.451328637824679	0.994796082217299	3.09704625957006
-1.08756152670407	0.483907251510311	2.18832344123696
-1.46009193317423	1.02619504561811	2.57570624557143
-1.84827307309659	0.274701848176555	2.30652925616779
-0.897848339740581	1.07978188449366	1.84190027867584
-1.05697945434198	0.94973263753801	1.83915693239884
-0.875468405302095	0.346333646344117	2.83175077202349
-0.875468405302095	0.346333646344117	2.83175077202349
-0.78314815191028	-0.135361954631662	4.12292439928553
-0.815691283126082	0.591948875552998	3.05164436684286
-1.00477849282397	0.276392023472981	2.54204771663101
-1.00477849282397	0.276392023472981	2.54204771663101
-0.314034833879332	0.960451313339926	2.67919880049608
-1.12942610189856	-0.155115553512814	3.25010264945549
-0.440834494323832	1.00947159794997	4.12367197687564
-0.110861473490442	0.753949203568921	4.47707170663862
-1.15805336676202	0.160164996494412	4.73492627931274
-2.34921758736838	0.736996886549304	4.23810564282775
0.665088433133183	0.299121091885926	3.83506637683685
-1.33813410521294	-0.7444836712525	4.47649277584321
0.516606174342453	0.305711118570403	4.39739120826163
-1.72359298795583	0.35180385457585	3.59716644041076
-1.51186189106435	0.709290948618465	3.88250006944957
-1.16098376059143	-1.00907584221324	3.1161106675126
-2.78870004192724	0.288817684767803	3.14411864727038
-1.39928233486847	0.832393586517688	3.48991084281172
-0.610843239334683	-1.87586461394864	2.55654823631652
-1.2219205176402	-0.446749594999595	2.05200296327198
-1.02386669481791	0.12750307203172	3.17898898768392
-1.75405985232885	-0.543137715450645	1.99919710440049
-1.75405985232885	-0.543137715450645	1.99919710440049
-0.878042331992566	1.96743980372764	2.81148069360947
-2.89390918457613	0.747452681980907	1.91416543615948
-1.90257128172542	-0.103640760297107	2.19943150123037
-2.13645582278343	-0.106714429563216	2.73723914506754
-1.45094911413486	-0.097999004083532	1.91761978024549
-1.87680324149091	-1.4301857938789	1.10698154340386
-1.79514777678164	-0.165092215534745	2.55359874035704
-2.68772768483567	1.57502101466745	2.70016022078611
-1.15348414653712	0.928989706526838	2.96677995299828
-1.68520403175243	-1.2620273173201	1.76415059415111
-1.68520403175243	-1.2620273173201	1.76415059415111
-2.73872450752715	-2.11956302298881	1.97157335574568
-0.848874406440126	-0.200814393242648	2.42576265089507
-1.68990264105356	0.769107122385647	2.35815239052668
-1.87237589564057	0.59749301186568	1.13286210894286
-1.38042391105869	1.69784308197818	1.74730319438465
-2.08474741720373	1.72746770813357	1.61676399747659
-0.919942885141655	1.52983314626972	1.70558442902594
-1.74220914590727	-0.404381619917503	1.68478048935337
-1.46188492914262	0.0611315086815925	2.57342414383672
-3.08226021972126	0.0818241219327335	2.67839536154456
-2.45086136537918	-1.74730403821821	1.56881522143615
-1.99702076453643	-0.683657592745013	2.15156500814083
-1.46154758554756	-1.13009021594545	1.89053227405057
-1.51398816228746	1.32928780492538	2.68932030014914
-1.09842933817273	-0.422462272567225	2.69156283441121
-1.19742522032756	-1.00565601439473	2.18449859765654
-1.01267478837508	1.93460672748275	2.56078751513202
-1.3898472664814	0.737184512825838	2.35264871439052
-1.98849542869687	1.02073946384664	1.51895586303417
-2.08773612143277	-2.21347556851992	1.81322354287154
-0.71529678228448	-1.98686338877409	2.61195789796007
-2.03849482113163	-1.55645372908228	3.01322290204503
-0.397612285619905	-1.44755341363286	3.09872715882529
-1.85928522160139	-0.420415012861433	1.41231970991038
-1.40204764791984	-0.0716696756100735	3.43193738010411
-2.47563049423582	-1.04556488787215	3.2710473791896
-1.21568898585814	0.199732999239799	1.76595049018442
-1.39067413907889	0.36814828256471	1.94313679582755
-1.85855613771978	-0.00908098541136032	2.46718030541073
-2.90085720732247	0.747140029131487	2.20234571548223
-1.50025626887329	0.371167792702296	1.31258496127523
-1.59186706611745	-0.422530043586435	2.14339869035413
-0.903783968184407	0.334481284205881	2.21561771829056
-1.68396903949876	-0.370679305098145	1.66207654924836
-2.34371309695727	0.520279015938652	1.53602017711307
-1.69049655254872	-0.179071197930262	1.50585132147113
-2.01453742921636	0.549272003040821	1.79056865894263
-2.49183650640675	-0.380475583201111	2.55265098580232
-2.76548595904318	1.10856395473107	3.21986561091511
-2.46381577214374	-0.648382696105232	2.43088641155948
-1.74077134069801	-0.693743055550185	2.10433425910034
-4.20889976706301	-0.106522102025419	1.13896502628913
-2.3817347884025	-0.86196324465516	0.731810003733537
-2.48864613784761	-1.21692965753165	1.07341884305702
-1.16204975640945	-0.0443517824911124	2.65067690324909
0.88417933777945	1.10008381783796	3.54800852523346
-1.58857482310871	-2.45982047478489	1.85649053729948
-3.23930388773146	-0.90043711140892	1.81614944415358
-1.66627419876947	-0.597086706902023	2.66558775776637
-6.53531961122618	-2.03420813196737	1.39102492943706
0.0677491943887401	-2.43445707231835	2.9965176664687
-1.19391453665104	-0.974629528615417	2.38506903400726
-1.13552398924027	0.750815980512813	2.90156773889078
-1.47483776126518	0.364062701800783	2.38428016497942
-1.90615536066029	1.3769114714274	2.72355824795486
-2.65003016150785	1.86658891462874	2.04812430871398
-1.7830392617206	1.00017688525575	0.182886378780892
-3.86078440690562	0.477609983856412	0.880305052896856
-2.15295586628322	0.243914416918707	2.28802684901245
-1.89532034723055	-0.667751726449144	1.91880785007076
-1.22551306690456	-0.288880508953637	2.25285646936635
-1.50664999308347	0.166470244624485	2.01235697944167
-1.40893276147996	-1.40425191759024	2.24296593862845
-2.43242579171974	-2.8892635984431	1.72805043075717
-2.05128088087855	-0.0757556560803778	3.13694694048644
-2.31466612909583	0.882413867320813	3.15056660388332
-0.425188116887736	1.3821387415876	3.3065484350039
-0.425188116887736	1.3821387415876	3.3065484350039
-0.274556069979753	1.1569211095915	3.72924000678835
-1.10030689851158	1.39467500023488	2.46101517466162
-1.01282894135013	0.205983351081733	2.97193300743207
-2.1781619544994	0.683437866614572	2.02621764569077
-1.38166931921127	0.65181748859543	2.80164168708913
-1.77776010699379	-1.72269702548225	2.29888103894064
-0.225881506501109	-0.938691355282497	3.61808565026576
-1.1959871148097	0.376623628768167	3.43385580572506
-0.872956491363461	0.684427436396327	3.4521944338966
-0.449325883160987	-0.347651223823561	4.05903427532637
-1.10377287748184	-1.67896389284422	2.83205480933677
-0.312960585582673	-1.61099110290166	2.99415708732615
-2.33565990934878	-0.71027031399063	1.94990148199241
-2.7478247705978	0.0450364388985277	2.6385753927586
-0.850136590413741	-0.708271546336914	2.71163364993569
-2.37140201076758	0.278655967772621	2.59663586270685
-1.81478582197733	0.159652631484763	2.41835469876293
-0.990876497333026	1.58239466286294	1.69527168223321
-1.89633992940941	1.93246833694045	2.21530459612899
-1.87149798427257	1.13030552155535	2.55084361921547
-2.61538861622271	0.824058788861257	2.86160235290308
-2.26398339947481	-1.2291737626738	1.86457437090258
-0.15191772595549	0.479526754737309	2.95566331052628
-0.362196270019653	-0.413065313053018	3.6127871482305
-0.367091863077186	0.756708478760846	3.38998144403993
-0.64433815397907	0.86432640585579	2.86863085124142
-1.76845249174477	0.908471170229373	1.75748381748396
-1.49572511251282	0.745043233523419	4.50087739590545
-0.862034729275278	1.11220210408111	4.02238157187955
0.226410147804661	0.39041649282502	4.98353680975101
-0.0693343126176469	-0.129615087535356	4.24487983807964
0.518477703408976	0.627928010641791	3.31111705273862
-0.26784921067357	-0.958035009683084	3.41610472876599
-2.6273181983128	-0.843411749169207	1.52611853080462
-2.53044003272421	-1.07958784253488	2.06730140726523
-1.17740957138541	0.127325887655606	2.42419714832507
-1.0192597718128	1.04377113894725	2.66498754220593
-1.0192597718128	1.04377113894725	2.66498754220593
-1.91067983127034	0.811261952851352	2.308964711547
-0.826587710012478	1.95963688620143	2.48659019957147
-2.05420506637489	1.1073601685228	2.9163980553792
-1.46411613542812	0.328705297914839	2.85763955487766
-1.54163948607772	0.432253293948124	1.8603612363398
-1.05010846094611	1.59313471670894	2.10218153432629
-3.03374692942278	-0.40483682329157	0.578329472076571
-2.27387858402959	-1.30130050949346	1.07594525005016
-2.43473756484755	0.117553176284377	0.802646125104939
-0.704260583290287	-0.820523606892754	2.38538955996594
-1.19083438034643	0.0792027139355112	2.31973273364377
-1.74582583450551	0.389174884994853	1.81770712940589
-3.19628522229107	0.107282626422132	1.08567054580792
-3.16344678870276	0.280706845380502	1.1803261888837
-0.381598570367277	0.52473109489816	1.42236701434728
-2.05011383387827	-0.576787473927051	0.445585152928852
-1.76425353631797	0.3231388172635	1.56820806261844
-2.25890951711594	1.08876006073965	1.8686547343684
-2.04882594943432	0.32112729884613	1.20684034151516
-1.7474964566621	0.975982412860589	1.19245328844986
-1.60457445102209	0.239929350327842	1.05420644762072
-2.36577131211681	1.14070206206208	1.76744529001376
-3.02091008109001	-0.229066711576359	1.19380248662443
-2.12502379493484	-0.954687026872255	1.65202721032005
-2.55037371947627	-0.543126151541041	1.50748692565829
-2.4442100798371	0.346054237921719	1.0943094223988
-1.78535659805222	-0.987170148804093	2.3556253863949
-2.20430594574471	0.872161308528236	2.96677413248037
-0.570544189873361	1.78777068065028	2.22251100865229
-1.49195438802914	-0.392389800390423	2.24718750893265
-1.79102151030648	0.341303801842146	2.69909243984942
-1.02576412986601	-0.349900575015085	2.59815929122224
-2.22779559625317	0.0061392714355476	2.14892059617996
-1.45884671175442	0.288864330469288	1.23100040547444
-1.9933687877147	0.8025587404266	1.65969365089593
-1.54323740422661	0.821734723596915	1.36712924766492
-2.38377868343008	-0.137801259116635	1.57000742946787
-2.44717135515924	0.4810876210593	2.23803450666509
-2.73342436241682	0.435027820306686	1.37403198777984
-1.64067141690182	0.475907367137945	1.21935177087259
-2.24314142324298	1.15030093501679	1.73371918322892
-3.3873065843821	-0.0154956682284217	0.645154589000562
-1.91644900260514	0.0942429335399108	0.953130835347587
-2.43834514147936	0.362679270291154	0.539184637968911
-2.44583295945951	0.740909350876052	1.09768033422025
-1.70956132480889	-0.233301131831572	2.48557160033616
-1.43047444681589	0.482663633486861	1.62138989866087
-1.86483091513607	-0.605786602911472	2.15159761261931
-1.49234769710397	0.828023846440855	1.25171633951666
-1.49234769710397	0.828023846440855	1.25171633951666
-2.30567759416632	0.0947079280372727	1.54346357250418
-2.30567759416632	0.0947079280372727	1.54346357250418
-2.08788956756402	-1.14432511083445	1.62247254707058
-2.72875306000444	-0.853572360260693	1.35576453573402
-1.96915538682314	0.991425337132836	1.32119023860851
-1.11545635228386	0.89411092872232	1.78926877801263
-1.78814580938602	0.308638002951291	1.59015209751917
-1.78814580938602	0.308638002951291	1.59015209751917
-1.14470073240679	1.64756504037996	1.59467067793146
-1.84882032700303	1.27624986558332	2.01045657435212
-0.535514523860211	0.72814541509311	2.90622329171132
-3.04518138447988	0.808791668968857	2.03632255836482
-2.22750027061668	0.505917009440002	1.96183461134959
-2.09190648712919	-0.112050288567734	1.32127676201946
-2.09190648712919	-0.112050288567734	1.32127676201946
-1.95518735100576	0.399898984898558	2.24971656393781
-2.15522682733372	0.216618929713334	2.05390136725106
-0.349697581128618	0.476890774116425	3.62794710721086
-1.22518363889767	1.20277814070291	3.27532239857794
-0.585894626171587	-0.00294002465287169	3.56840275804011
-0.775653328280708	-0.185185419963864	3.5878623543752
-1.84893190643408	0.243536621776338	2.24740516586321
-0.845231740607369	0.237308784954346	2.44124069649785
-1.44361637590896	1.17630865589369	2.5132680653286
-0.636084741814154	2.40045462754309	2.529397455953
-0.554145863410827	2.31803744896173	3.05099594579445
-1.37946060853421	1.51842334162096	3.71635772538294
-1.3671337511672	-0.491991781945118	2.91011550960351
-0.968967557593366	0.825776766036117	2.64377176233939
-0.432985023786214	0.767119712154112	2.98561230759493
-1.01651120212827	0.356284470904995	2.78685133250503
-1.14627763125965	0.486234402172765	2.86393954757698
-0.0273652332701186	0.732976976427534	2.47737632355327
-1.30366970545122	0.673400163478371	2.66842405105678
-0.770713172973162	0.0544484854582442	2.27336114326124
-0.921805979030169	1.23086131098666	1.90678187679665
-0.929616652921429	0.717813900629034	2.07894274123064
-1.34822147400155	0.712863894507612	2.80730120724832
-1.02259243276262	-0.54623579392251	3.36209975586905
-0.95381187515476	0.268671988838106	3.92854985883023
-1.1967874351334	0.9486211022937	3.78409335369109
-1.1967874351334	0.9486211022937	3.78409335369109
-0.69372512151854	0.764542305220208	2.56471512185363
-0.944920092547908	0.448244227147717	2.17235942148169
-0.944920092547908	0.448244227147717	2.17235942148169
-0.660310895753629	1.71489517287741	2.61890902713784
-0.803826782262351	1.43172102068447	2.62834343940175
-1.41990225900133	0.637874619333652	3.50749141988857
-1.00488392592838	1.17564194600296	3.44656865545332
-1.37569529660424	0.445556846091737	2.81731326601518
-0.577597894944731	1.95443774975881	3.02642999543817
-0.375244770891271	1.23896261101168	3.61668493049632
-0.41916561934602	1.50364349891819	2.84723325655387
-1.89236913014697	1.41243655295731	2.16596430112176
-0.346290326860264	-0.738389686698162	3.04698015259183
-0.620344425029388	0.503777818621222	2.75660248239058
-0.582915875200583	0.401522096640161	2.9288395488788
-1.34053761699283	1.81183708614329	3.27331279029023
-1.03622391957884	0.438193528243274	2.92594620003959
-0.36698521082969	1.39678519840516	4.01906051581578
-0.457026155556051	1.36124780454278	4.89658439714711
0.24426461606384	0.0996217028843265	4.44981614611373
-0.904311274024785	0.358417493763415	3.45515740297459
-0.781072721530036	0.0281082021648335	2.70410413034925
-0.360263078088427	-0.267069973454145	3.02671151361799
-0.360263078088427	-0.267069973454145	3.02671151361799
-0.114874936071422	1.03229034366201	3.60245300563814
-1.16113340926808	-0.654927742927709	4.05507134615594
-1.46174531623815	0.746410901745269	4.6617768656461
-0.270588831897967	0.561224265354306	4.44189871008463
-0.684932649977842	1.80371303101976	3.84443051831943
0.246852329507478	0.808365849282563	3.77262711276221
-0.413090383363789	0.131276611570842	3.15934185984185
-0.413090383363789	0.131276611570842	3.15934185984185
-1.36194099935767	0.425189671930607	2.64991168724615
-0.622685008700526	0.546205459424645	3.01545479079231
-0.515669676049398	1.13690855557135	3.31705218499811
-0.723310743058501	-0.69603908357505	2.92456222329973
-0.243029299503485	0.358891063361599	3.25023076932114
-0.269067932395201	0.683251360181047	3.59151922731312
-0.503736090743614	1.41441462650648	2.71831707199619
-0.503736090743614	1.41441462650648	2.71831707199619
-1.25316950847979	0.876392347370106	3.00015813723938
0.0592344948246822	1.09748086858373	4.55642387671175
-0.946845189679139	-0.671345223331803	3.90634664369513
-1.38401646211296	0.714079733824825	2.34765651112617
-0.316055041519813	-0.218136986727088	2.66453434160051
-1.5968768041522	0.361357390483202	1.61952600332345
-1.68754113654257	1.41009243651005	0.826516408287274
-1.68754113654257	1.41009243651005	0.826516408287274
-2.12376299615519	-0.515780908278331	1.85321788885347
-1.47034393066173	-0.366291133214998	1.5431639136021
-0.990835362322247	0.2804678977099	2.59608057098848
-1.40018372979677	-0.632671363803675	2.04153833250059
0.419813190610174	0.0199041958392789	2.51318109805325
-1.3000474506406	1.67186316669175	2.49565935002588
-0.921397108676632	-1.36579208089431	3.36542727301284
-0.988283521113718	0.406304649558116	2.71333585978185
-0.772159984987265	0.26022025602887	1.81619406513563
-1.01728573168463	1.0148439540252	2.39331115443943
-1.58154603769179	0.925812178517109	2.94330674036228
-0.923473428269704	0.277779863900395	2.63241213823595
-2.50177445441757	-0.129387366297871	1.75174537583309
-2.01660133859971	0.602706714048714	1.97807551173016
-1.86854348378361	0.238561558629979	2.53963841090919
-1.45033343642326	0.470280253244058	3.07593926644894
-1.02566858724907	0.701230237226286	2.11538740789336
-0.337320410063256	1.27606900988982	2.45691137805302
-0.887459083369024	0.432169939781654	2.43671629655723
-1.01214266434828	0.478848463204478	2.64760155471257
-1.01214266434828	0.478848463204478	2.64760155471257
-0.771312409500452	0.549424524654067	2.4550823535038
-1.49668550253185	0.86638526723103	2.1778332061291
-1.96846652873476	0.413271108488921	3.02409969523419
-2.45209827857728	0.89183835827346	2.04134977322599
-1.83284701158217	0.193981523051686	2.27385105447452
-0.31003735601759	0.975516099083015	3.00303890602875
-1.25112363492642	0.671858638032917	2.50224912855144
-1.25112363492642	0.671858638032917	2.50224912855144
-1.51296998601276	0.253199309574608	4.2821132809571
-1.00497880536057	-0.0364247410963145	4.08120917031876
-1.60602595062689	-0.201018126915398	3.14768391129004
-1.08568732872745	0.361771190934133	3.57653447822924
-0.933562830144659	-0.81921863501119	2.60864697116901
-1.85074200694035	0.600345236189802	2.12084361041627
-1.69758770350129	1.30589990126356	1.64441019753661
-1.86885612134111	0.850780853777937	1.11630441045365
-1.28776121753261	0.499549208388766	0.466700123273458
-1.64826156871229	-0.832532102352199	0.338977886643074
-0.810553828425783	-0.258656725518301	1.94208307541471
-2.05027486765956	0.897911185003842	2.23996481665673
-1.18835247900803	0.361401851591564	2.46933638853629
-1.08071161640652	0.696539130171969	1.58416978161442
-1.25943682262219	1.33276562973078	1.47460069141237
-1.63566040885591	1.16082703666567	2.83656667781176
-1.59465776821015	0.0786198033529391	1.97147654536147
-1.13124844881083	1.48529676514955	1.95186706230817
-0.818358918131305	0.851141820401246	2.57954512615072
-1.38993215452575	-0.0851528507583136	2.12642281864618
-1.99740222441016	0.177861281802329	1.39157127565629
-1.34066209349937	-0.0887571563674126	1.6745726630568
-0.164337941628578	0.440128310770181	2.78771640472097
-1.66112437453434	-0.195899319285724	1.81328435928975
-0.756741806756993	0.970348260407347	2.21475221140724
-1.87595131996897	0.645920247425565	2.48807978179424
-2.37461608067072	0.817630816698494	2.82975337228556
0.0859095485122072	0.61374251305475	3.40845744346832
-1.26632279497406	0.943495294248061	2.62664350406348
-1.26632279497406	0.943495294248061	2.62664350406348
-0.802443192892325	0.40087840500104	2.3788237715545
-2.09431027995495	0.230319862170205	2.76988615657053
-3.45937267201806	0.563333347363858	1.49244294297381
-1.98464173205487	0.267991530576051	1.86192113389632
-1.98464173205487	0.267991530576051	1.86192113389632
-1.56047411461945	1.33506015335611	2.03798807996157
-2.10922433988036	1.05349062364864	1.58390111022515
-1.8035286495724	-0.0448674374603641	1.90747366917024
-1.8035286495724	-0.0448674374603641	1.90747366917024
-1.85268774263023	0.305922736457951	2.72759989975993
-0.808206131546998	0.847202856082994	2.60051559788039
-3.47646443079133	0.0515305635229505	2.08114239051699
-2.21349535620329	0.107690849273349	2.17971175172699
-1.24237415769024	0.486478906339308	2.416753135901
-2.62523908453763	0.967324657422103	2.50562670697161
-4.84855029429914	0.478483081448694	1.05034448065663
-2.85279344831433	0.483908212936512	1.72920496681786
-1.46091253010819	1.68046331916317	2.98916610147166
-1.31172122895593	0.177594645331996	2.36166052480615
-1.98235579671103	-1.10457644479381	2.41457872254701
-1.06227670941051	-0.781176728922853	1.89350161586348
-2.00048491864016	0.258974839614656	1.77489852333144
-2.15020595185906	-0.203203468841355	1.87603407574825
-3.23418855532829	-0.764478364294807	1.07769563820319
-2.69120195301318	-0.964454702124605	1.28053325931259
-0.719486003811247	0.424045462416312	2.58643766065527
-0.74882554214089	0.0545901760351602	2.40687083391502
-2.68998062302729	-0.538397739282885	2.1933697212396
-1.23003319567452	-0.610934586061408	3.07007288506904
-1.6716857053313	1.1129293770933	2.51577256531799
-0.844905242666529	-0.324187594629157	2.6308787380543
-2.48087903307342	-0.163683465288335	2.93805894864117
-0.498041691852986	-1.73050004760374	2.60961036076412
-1.2044265497353	0.648847015623977	3.52210449400589
-1.90874760418386	0.0431617382371933	3.05593393542574
-2.97203176479016	-0.891300607460161	3.13193458985763
-2.16010105516621	1.37645713069049	2.43406837545531
-0.64302569437185	0.606686668610799	2.86342107619597
-2.43616080677545	0.838316427634334	1.80817962731897
-1.5408834282484	-0.478597382726881	2.34204097630934
-1.82645558770193	0.799582620614522	2.28209760704845
-1.82645558770193	0.799582620614522	2.28209760704845
-1.98473561056764	-0.147918022113561	1.76782887458958
-1.16899166814368	1.11014305786494	1.28388553268135
-1.73727472050872	0.970570335513575	1.76764938551854
-1.97320786729656	1.19214269697774	2.69661448558902
-1.11867824061093	0.378888736310231	1.09142140365302
-1.82568801898071	0.919830216630662	2.44581508054644
-2.05320942702943	-0.150245064739452	2.1042358581675
-1.34499263917786	0.260848327670308	2.18331366230962
-1.60843883679559	-0.369082162870017	2.71096750269041
-1.70414642823463	0.658383859301319	2.27631464172795
-2.06033284068601	0.542037186777028	2.03425087071535
-1.36427345062688	-0.192769559299409	2.33501373801436
-0.805219103788364	-0.205996194479821	2.26975765930601
-0.939357709175418	0.976049823423186	2.21844144900972
-1.83573740312385	0.644740025945298	2.55151436929911
-1.83573740312385	0.644740025945298	2.55151436929911
-1.28025362065709	0.418998206415388	3.22890526451545
-0.982472363514393	0.186593501212881	3.63630160807608
-1.71176018419711	0.358064846559215	2.08047485421055
-1.84260267215954	0.621850647597092	1.71746501686824
-2.2774904609268	0.866655702235553	2.36049528455893
-1.9370562207054	0.163867142661385	2.6181111826377
-1.59493789340483	0.483503338455265	2.78213617966494
-1.66354851986306	0.669860054009367	2.87973096340657
-1.51804693651934	0.0609320097247761	3.24238077877908
-1.29399697389673	1.2266134663054	2.92305118812261
-1.59960679538405	1.03082745050102	3.67363801000254
-0.729551057142031	-0.154970451902508	3.79379977541754
-2.49404083344002	0.3382565709381	2.65858200927361
-1.86553350978082	1.0379353481427	2.44932547023025
0.369693205515635	1.1826805417515	3.67045059507201
-1.06932979100385	0.472490166095988	3.8637162551236
-1.55628731165894	0.479930172356966	3.59714610229075
-1.54551695509138	-0.285158706978933	4.43151036819865
-1.75670090170968	1.75761187760654	3.52498004306822
-2.38118264388037	0.918036285861601	2.20436553725483
-1.47792356441466	0.998953920928611	1.94297672358899
-0.565020940025924	0.942136479184024	2.39448089302054
-1.88302722667211	0.837327174839419	1.54096244934564
-2.93130399268991	0.573811453722869	1.76779161610376
-2.15057295678972	-0.95910690101528	1.60721446891683
-0.765977884742172	-0.190969532582555	2.43928309433091
-0.537923637951229	-1.27103279494593	3.78638907151523
-1.14408893410775	1.48598329749742	3.19627286581618
0.300323133917618	1.05426847293626	3.38597221196329
-0.762332578699038	0.0845618029427875	3.75162609200667
-1.43439352702851	1.18712945533829	3.32123390357173
0.300738036628406	0.837591924192021	4.75465669838544
-1.50559771104287	-0.109012488561843	5.07599750800902
-1.5683322566689	0.747322880730768	3.76180759613856
-1.93638319037913	1.01665518346621	4.09448850456944
-1.33782979819789	1.90701852292763	3.37808007743031
-0.658048156376898	-0.0780445184978764	3.30942084577658
-1.79890575869148	0.950035333881043	2.52428869174683
-1.3146329526542	-1.26276730639284	1.42055820436852
-1.83386377367224	-0.528786269308115	0.923216829711843
-1.58088432226986	1.00254894568329	1.05679246999649
-2.19611530174922	0.635711667917619	0.48997467760201
-2.19611530174922	0.635711667917619	0.48997467760201
-2.6963075983611	0.831535191084704	0.182765714255376
-0.442581813875055	0.689475112318936	1.31178772660184
-1.59345033668336	0.876994659658305	1.23245589090514
-0.291590360334069	0.861925605692073	3.58252111912165
-2.04588649979582	2.40491493812267	3.78724494259683
-0.872740846425613	1.9405571074203	2.4600827446169
-3.54339656701606	-0.0277430105336767	2.14347598578708
-3.54339656701606	-0.0277430105336767	2.14347598578708
-2.81340884763251	0.257153849493554	0.672378451126896
-2.81340884763251	0.257153849493554	0.672378451126896
-2.81340884763251	0.257153849493554	0.672378451126896
-2.06143032496001	0.604493242279417	1.55933020933529
-1.77363675269743	0.0536824684143491	2.21864753836635
-1.95265389256987	-0.666022505673557	1.58777789717166
-2.62770071710452	-1.31536438930459	1.11475428855142
-3.10874164710518	0.333674405140269	0.806045233596008
-2.12304794509196	0.244029908638439	0.485840329205017
-2.31442850056173	1.09491617458988	0.877877410080879
-3.46228737591228	0.927007650690943	1.23728513490232
-2.17827251725545	1.3017387947466	0.323993725416831
-1.46300180078584	1.2918362538527	1.33645815154204
-1.63943973286289	0.403136554213211	1.68134488277247
-1.63943973286289	0.403136554213211	1.68134488277247
-1.20700891018759	0.626318677601651	1.92362497100375
-2.00573793658335	0.778155150339147	1.84513899252371
-1.32487028602103	1.62238730843379	1.48965384051056
-0.770728968672995	1.03990683910525	1.79869238805544
-1.20650830995531	0.146428193002545	2.08335211118362
-1.63134037040845	0.624965764417832	2.11782553513808
-2.16003410029926	0.526604320111138	2.25069049266694
-2.16003410029926	0.526604320111138	2.25069049266694
-1.77205393782134	0.726674846075095	1.15280935856954
-1.90727553682122	0.476655412470118	1.45710524609189
-1.90727553682122	0.476655412470118	1.45710524609189
-1.51807857515608	0.497012005755639	2.52870203204216
-1.79837797069277	0.786402486407391	3.22032011969632
-1.10244110856045	0.374824307308305	3.57775358698212
-1.10244110856045	0.374824307308305	3.57775358698212
-0.747130581682347	0.575470193058356	2.20520863410372
-1.20515754445775	-0.289063454301013	2.27580502081964
-1.60777558818921	-0.000111752861016168	1.29197618795336
-1.26690562889703	0.890338854597836	1.44289002050687
-2.41042759691402	0.246164147204575	1.23750960697951
-1.92772959864738	0.0938811901638977	1.35693460806951
-1.65332503036031	0.0454646700171077	1.56532386420259
-2.4681802446886	-0.271536798768063	1.00489518066314
-1.44081199649378	-1.03696325746714	0.843002092345402
-2.10775830936007	0.285261896025963	0.357464578296337
-2.29226247440795	1.18536406572872	1.27277683736549
-1.61007666892201	0.430212189900114	2.5516317236241
-1.61007666892201	0.430212189900114	2.5516317236241
-1.21109491827905	0.514247412783631	1.78390838799811
-1.64506863031256	0.58944937001872	2.46853567756242
-1.98073927708815	1.33379990005712	2.13599278397457
-1.70970000660504	-0.397546994077087	1.82517241298289
-1.89072119533064	0.744867072378063	2.18474760347251
-1.6363281975065	0.200897075148787	1.99216712221892
-1.98441472141341	1.10822183834825	2.49679644053292
-0.741234399105743	0.892248077005964	2.22462431118859
-0.817249664521114	0.546148099523625	2.01112255792198
-2.43088020484008	-0.076093989204474	2.61637894793235
-0.701849777052235	0.0980963754546757	3.08884460180375
-0.701849777052235	0.0980963754546757	3.08884460180375
-0.71450728798118	1.69770791200499	3.11152666971445
-2.75745289883924	0.226717925044854	1.24559699676908
-1.48832417864365	0.0190860379247776	1.94498396141416
-1.48832417864365	0.0190860379247776	1.94498396141416
-1.48832417864365	0.0190860379247776	1.94498396141416
-1.48832417864365	0.0190860379247776	1.94498396141416
-1.60972635649664	1.19908645446158	1.63740117913789
-1.64004953844019	0.702323411998987	1.10191740116383
-2.21221393479231	0.964191820299801	1.60775693811672
-2.21221393479231	0.964191820299801	1.60775693811672
-2.45477157794376	0.737955763207464	2.66832071601313
-1.08364373968817	0.525870735200857	2.57170186277504
-1.48621617431174	-0.783571175095275	2.63337436519275
-2.12334603523635	-0.245129559668443	1.09178150201516
-1.41154590911656	1.05312351719013	0.815158046590389
-2.50110286350649	0.514312929428414	1.49972840238669
-2.60406880565927	-0.0687565848140523	0.884562362901841
-1.96624540965118	0.49067419041528	1.93512645123057
-0.912884581992981	-0.505752310753129	3.13983582631914
-2.389117212687	0.539071344487658	2.04645341527782
-1.69656252720183	1.98517038908255	2.963029102888
-1.65483033104627	1.02008660537657	2.41926756691185
-2.15280955225121	0.311539794511599	2.5866411252289
-1.53341135291245	0.0632263402434092	2.25131158177796
-2.62653010329777	0.353288395668007	2.47007575156325
-1.99764339226186	-0.31449332795498	2.54454322884382
-0.794593404270576	1.05771915384151	2.76792755911604
-1.61332541064409	0.0723898310878768	2.96724616667165
-1.64094520268757	0.981977241206707	1.79869756598353
-2.32787245468098	-0.377133110932583	1.30271098638715
-2.32787245468098	-0.377133110932583	1.30271098638715
-0.526359829274981	-0.0549685803124673	2.29870852297226
-1.7244648367345	1.13338938418271	1.71249553825508
-2.56246780012883	0.353796882278754	0.474244345707382
-3.46595203409692	0.225510741436761	0.633575065196904
-1.9273878418905	-1.83559437031015	0.806784101616359
-2.00067170671419	0.516726428384744	1.88582769886302
-1.99789080787915	0.195602575450119	1.56766691211616
-0.42214043207822	1.15265320301308	2.78302625238416
-1.80056497251111	0.854402779296886	2.96577093200522
-2.01140253091077	0.478126557757502	3.22149226134999
-0.979745577368997	0.827209221245778	2.61214100529983
-2.01994259124021	-0.289564527694228	2.98965511415476
-2.56605642497836	-1.1718193844259	2.2220240629102
-0.626464700356017	0.0643085271192152	2.31671760757287
-1.17578777297188	-0.251342763156076	2.0094589849011
-1.40539155879107	-1.06114918332846	2.09177433249697
-1.40539155879107	-1.06114918332846	2.09177433249697
-1.40539155879107	-1.06114918332846	2.09177433249697
-2.15268643362076	-0.119506181037003	2.27624272835489
-1.41347357708883	-0.124017283198982	2.15128705855508
-1.9771961897636	0.609735434652124	1.63235012903747
-1.2365538809698	-0.368496002637638	2.08338363254506
-2.30108268271887	1.05623298688853	2.49895852185171
-2.01254847643756	-0.067801842997542	1.67219540867684
-1.4860016397288	-0.0143117853347369	2.12273451237124
-2.1055177492409	1.03826302024425	2.99293944908664
-2.73739995210966	-0.585458675322756	1.9752020275957
-1.07652679593155	0.610948309207184	2.46918779824893
-2.74492323271516	0.61307084659733	1.8212094276663
-0.959727577735532	1.1266308543207	2.58399693342753
-3.21350366886343	0.405957263844928	3.47851204592046
-2.76713899379886	0.170152363589061	2.66534818164581
-0.797205643423603	0.707557802170206	2.07790981839167
-2.10610847562541	0.441360689355674	2.47723954845801
-1.64660535541281	0.629896352435319	1.77069869853546
-2.2604741888437	0.421168560023937	1.97790067823618
-0.244921934002704	0.0833541581775759	3.05204586959011
-0.749311145577314	-0.0926739111710877	3.63576502409679
-0.445750464144099	0.947302615764169	2.6265351804285
-2.35799391019796	0.325004956900027	2.54239879205685
-1.97212892872192	-0.662927580876422	2.71980067212309
-1.13389331760996	0.37040357215807	3.23998892979617
-0.677542674495231	0.57804798979734	3.73889398517225
-1.82480647486464	-0.21013420940524	2.33704962676091
-1.09674470774483	0.257204336757037	2.28732415829351
-1.09674470774483	0.257204336757037	2.28732415829351
-2.02893829896858	-0.248495817009005	1.85419731569258
-0.508048479843109	-0.171516594649014	2.02016397253389
-1.99709950502076	0.0114486597332141	1.72538379374301
-2.37256714017141	0.149106341706801	0.80603842530604
-1.53611763363824	1.06070736889859	1.68092243250264
-2.25846977983323	0.691756832016325	2.21458442904175
-1.42119900027911	0.369948588386455	2.10395969060909
-1.24320615141751	-0.134386238657998	2.14013251008378
-0.449660947530741	0.901771116766665	2.84595113300241
-1.86804615049185	1.30551288284715	2.63528614227055
-0.517023245203188	0.719480052144929	3.24758268155879
-1.60383749355291	-0.391175011059087	3.01207223165852
-2.90698687146349	1.56916219186134	2.84454446321505
-2.62800034519521	0.544739161128854	2.24137537845267
-1.65662181325099	-0.00637898035945705	1.6084654134964
-3.20177332707951	0.689322139234008	0.916393989521496
-3.08546311261759	0.118782395470705	0.829933766023337
-1.89005828172226	-0.413277797520381	2.82586207794833
-0.651333328900198	0.791709738655867	3.67732159420181
-0.910471110704257	0.452448409199727	2.04563371810221
-2.03382071092242	0.568197761929325	2.3621467889405
-0.733139991426507	1.2421292675605	2.50626831477706
-0.879437061439546	0.597900177383545	2.67318531316919
-0.975807470443922	0.469971463163378	2.64175267091182
-2.07050264259293	-0.0449524722891836	1.06290806057115
-2.47292791196182	-0.074255193473059	1.4123451178135
-1.78865442584233	-0.445692585491629	1.61612029820002
-1.50733792480706	-1.007391369405	2.57876815537655
-0.490240306739696	0.920669751517088	2.43698245796562
-0.997904030449781	0.0738312686358944	2.66321859142572
-1.20813329220054	-0.1138123750354	2.24215186353881
-1.01882692894675	-1.12602897887476	2.60713375046211
-0.697920972163582	-0.472300171498326	3.47626988251241
-2.07928572175213	-0.733266752752916	3.30737023420112
-2.18099446082058	1.31649724134519	2.01589405570409
-1.49952290006775	0.477042018113246	1.47986208877892
-3.21455675161315	-1.68435617265932	1.11767125151637
-0.995715627842732	0.299360848219477	2.42158490265912
-3.40572795538133	1.84633712666438	1.94642724810873
-1.58732614152452	-0.140639351411484	2.89010560626854
-1.41322053725207	-0.84967197243212	1.95753422203027
-1.06618381879595	-0.724192927275154	2.68484332309639
-1.84581010795253	-0.559882681478279	3.22562088668407
-0.944274177419811	0.0255004341202381	3.16464214935428
-1.74306389981219	-1.88535736552056	1.34342337721965
-1.37712345018182	-2.30092604080538	2.24433013278593
-1.45146962629022	-0.801363114845522	1.17791954437506
-1.27355527303657	-0.29483256658501	1.4468503938938
-0.762451757671025	1.16429410320526	2.80509411096396
-0.769346709881984	1.29590318262947	2.30876769216837
-2.90487705862193	0.691265269904929	1.44955583165631
-0.144061862489975	1.54350078537946	3.03926644774886
-1.11071831899988	0.0263772449655961	1.59479577619168
-2.60723401031172	-0.16282780577249	2.00565351154492
-0.822852843735974	1.5694489761622	2.62610345881845
-1.20067269215189	1.23275893456675	1.5068764083818
-0.587647927227077	1.97005130652973	3.10439482851797
-1.19630866295504	0.105117206790774	2.54081562201309
-1.75966755778908	0.237047973777655	2.69355814426399
-0.276482155270973	2.03312902439117	2.47548364104614
-0.16914370661385	0.865481424530652	3.00707469022883
-1.86057725895726	1.74938718482745	2.35352669967734
-2.82779815677529	-0.157964816167429	0.722207945343897
-2.11104936135944	1.34549852392005	1.68703523983119
-0.241780668160576	2.17207093999282	3.09578470970516
-1.99125285154555	1.17656782315719	3.11130304261487
-0.83360386610739	1.43744869899443	2.75728522899141
0.424228668801535	0.0342439237969514	4.17886420797559
-0.0501265854554072	-0.250559511043392	2.79306670456903
-1.43575944991553	-0.048694060658478	1.32299728161208
-1.7629009809555	-0.266952982662596	2.49097553204746
-1.4579777751678	-0.899972704882682	2.49617631052675
-1.26411527936466	0.506512935666715	2.41954013226171
-1.14863477698092	2.62996340601597	3.0868293356582
-1.98896728312987	2.79132407602612	3.11447182753008
-2.40594989212668	1.76258110950868	2.80080445116792
-1.37239466058662	1.04601462028366	2.93300950695634
-0.267264547220018	0.239784335030782	2.90546906268894
-1.68517152822461	-0.561797776066198	2.09641902861944
-2.6267460566776	0.27881736679931	1.57204347839141
-1.61996411227367	0.388148493890296	1.61526515314517
-0.902477832004979	1.76600495806122	1.97912640410957
-0.902477832004979	1.76600495806122	1.97912640410957
-1.0380772953348	0.995483886489752	1.40705234218452
-0.566667526191348	1.53481943836792	3.25455328735262
-1.37548682416453	-0.994171924474789	3.06986912994106
-1.13938071341322	1.9273940622965	3.13712443525737
-0.157857339109007	2.24481694122907	3.59526937015968
-0.933081695859608	-1.16928568216339	2.65746376565834
-1.42822753989731	-1.05568093754586	1.92501566855551
-1.49830112601076	1.06358756947193	1.46984968452914
-4.54021220579693	0.410064686210606	2.25078652180702
-1.83269854079189	1.03526178520196	1.2695468696745
-1.83269854079189	1.03526178520196	1.2695468696745
-1.97265859593905	0.503977913898013	1.2558523040899
-0.911559561648781	-0.203373340742688	2.26434170071599
-1.55231396959737	-0.615504534217378	2.27977498069411
-2.01342900092573	0.960527874627871	2.1373118046279
-0.813192448533781	1.30188895592291	2.36789478546854
-1.22140826199404	0.828319023666076	1.84357608362262
-2.21623479635868	2.05957767134255	1.48699814485987
-4.02433048432545	0.751297210003084	2.80904761910933
-1.14134207932352	-0.839973373110288	3.14606566983983
-1.23489726624543	0.626778451322373	2.40183920874082
-0.810206811636611	0.773005042362657	2.15312956202862
-1.64455939990192	1.96819667563586	2.31598817054306
-0.959336415674261	0.976853427536644	3.99640303310374
-1.04036910486488	2.01580117953029	3.56199393240428
-1.86823101384926	0.435583696273413	3.29585726581225
-2.04532124544164	0.406563040903119	1.6289799598984
-2.28450884550424	0.564269556008054	1.68902385701214
-2.1435366875226	0.665356293044265	1.3285609911753
-1.59751665972169	2.65957911258113	2.41923191579896
-1.15904754434737	1.69833089563151	2.9258383016877
-0.989520555033111	1.08031536305229	3.86941422076318
-0.692373965354656	1.68449677900031	3.36621722020192
-1.89700864202054	1.62793142320977	2.61022318668368
-1.89700864202054	1.62793142320977	2.61022318668368
-0.472669312991929	1.4402355767369	2.37593907410747
-1.32896358259535	1.55992322907885	2.56433279541308
-1.42708308029713	-0.407554697548676	2.15884571450498
-1.56915239267561	0.84768553753708	2.6197374713429
-0.471022120576706	-0.472546154102724	3.03983991059782
-1.08770410222249	0.0996018988002146	2.37270721176756
-0.846868924387645	0.816320329435399	3.84180507950304
-1.41687979665904	0.697245128243297	2.91399202633506
-2.95234231381286	0.234372456186532	3.05185436820829
-0.369194632146809	2.15528457377686	3.53978760471969
-1.11122783804972	2.46902938084322	3.32781246935431
-1.1685758381475	2.11163540477347	3.50199984750921
-0.329201858953863	0.195320018275702	3.19684282535392
-0.356221042674357	0.240784483890819	3.12474901050126
-1.97088585594751	0.411763146791099	1.92782823913861
-0.612021691828812	0.613064984489033	2.88570182659688
-0.612021691828812	0.613064984489033	2.88570182659688
-2.51923659993896	0.397301795613815	1.89525248783854
-1.18607409717014	0.915702825666963	2.1023208449579
-1.91836542740364	0.635522090357769	2.35646226425719
-1.60320008740713	1.24511226356644	3.0057547551072
-1.6953005857269	1.06770394614219	2.00536587924738
-0.60879634258388	1.27750103743656	2.0967159974249
-0.541844357513086	0.843464384256957	2.19849407218275
-1.47875560241813	1.72085122974459	1.7092880156749
-1.00666791806946	1.24693053162909	2.86562914306805
-1.25180670024378	0.5402636436011	2.49696140421181
-0.95313027389846	0.12924267939078	3.02671377164173
-1.27751892230918	1.371139488276	2.44126954260879
-2.01340541619049	0.649131445963491	2.51104734709131
-0.742794536960201	1.05091676436355	1.66046634338524
-1.2063785668213	0.202514618672638	2.7764498038799
-1.42167270907394	0.792670894998958	3.57423238364848
-0.386873229377494	0.850472861518909	2.9388878305293
-0.386873229377494	0.850472861518909	2.9388878305293
-0.693404860386182	0.32623162129926	2.95131567388027
-0.433683207527704	1.20806264027605	2.44579752298874
-2.19522306070165	1.45073999923749	1.74218791935522
-1.29391355626598	0.908468748497375	1.41450160339314
-1.45018845202497	-0.474375686477979	2.64176613923018
-1.45018845202497	-0.474375686477979	2.64176613923018
-1.06012496176187	0.545023883896746	2.68831370653345
-1.00852227596513	0.324188628074251	2.19420511763412
-1.54527623104976	0.817941785909033	2.56146390413697
-0.883264705337201	0.847045763685724	2.30814544482416
-0.959896406522712	0.608797570099158	2.20202653675727
-0.73159795020315	0.623315647588612	3.35869761339575
-0.890697583893893	0.0732184716178775	2.61991079076715
0.123285966363687	0.096087081872271	2.58565798373565
0.320101407915656	1.16789165272442	3.12676953301838
-0.103540032267117	-0.931429516898088	2.9225199089997
-1.18874743239076	0.793895418057755	2.22276375195054
-2.20678982314859	0.542410540556015	2.19839474099514
-1.47983622044548	0.57896746915524	2.07807754292137
-1.78620601869288	-0.7840957070294	1.95352454757477
-1.44251523649941	-0.20565817795881	2.50419532466781
-0.88689655198368	0.0292814789203704	3.3562011985851
-1.58692571271247	0.390601485461507	3.37540164100986
-2.12247873336705	0.910152864400022	2.57997321428
-0.530283318804694	-0.134083909291563	3.20189045932259
-0.530283318804694	-0.134083909291563	3.20189045932259
-1.03986331639567	1.38363269978952	3.95984498058109
-0.903955259653883	-0.556331375868445	3.64555532315843
-1.13645344789276	0.60725780708655	2.85356049576524
-1.27212706210247	2.07916853471758	3.15129370768186
-1.74986712914872	-0.575577649381238	2.95147823939622
-2.88489982378143	0.481477976664165	2.65968513135249
-3.02629698232355	0.692652690991381	2.93955991787376
-0.906709461104065	-0.121824692152592	3.14182063120764
0.0328880253912283	0.60738215846583	3.81471961844826
-0.841364061257045	-0.410664600136789	2.92047788154669
-2.20917128612493	0.238531904308271	2.03455762174392
-1.98000887955337	0.152148521996532	1.29116515747513
-1.90503284385453	0.831536936513487	1.70552449247296
-1.95886951317051	1.32437877590811	2.26475578313095
-1.21837984379506	1.12859551338055	2.36056278889971
-1.82424876787527	0.34420715012915	1.10311010387457
-1.82424876787527	0.34420715012915	1.10311010387457
-1.02236152089812	0.500872374270717	2.56437112363414
-0.41818401014085	0.896066840167208	2.55417133219705
0.618478026546508	1.7943359101501	4.30553290417386
-0.583089910884516	0.0371380875808476	3.63408068857553
-1.47288772303228	1.10359029990784	2.47133252390276
-0.654851586405578	0.352864492212161	3.11669069748089
-1.86894821519231	0.11124619015564	3.18238196603517
-1.04364415401357	-0.273371607555693	2.8637346630112
-0.708641761567372	-0.736475966828951	2.72051264203035
-0.799513705202891	0.144809452722221	2.6460627327766
-1.39744958723177	1.29247316035018	2.92294980352109
-0.338654154008843	1.74585976032937	3.47632437130879
0.634709981158672	0.948827367402243	4.16842405222902
-1.16965574072517	0.421940151011763	3.35650336592375
-1.36706939181719	0.474844109933727	3.16663067928948
-1.01900189636442	-0.349938379778874	2.86725804565893
-2.29097717333552	0.758501976036064	3.04006610239005
-1.16083197756318	1.01013676335908	3.66772926601063
-1.40705702760332	0.145233962320335	3.5848906734281
-1.45632649418032	0.271127110253398	3.00499016081371
-1.09197503184133	-0.0173031500867016	2.39550511279384
-2.10839859749737	0.989099101884233	1.86984084928228
-1.21897329985802	1.40321533087745	2.10135792970447
-1.32897243503715	1.37496375142032	1.88189632555471
-0.752006301379327	1.44232611448784	2.27497586107828
-0.612112616388232	2.23239833360772	2.02186933586123
-1.01461554579732	1.59125862618682	1.83862685986218
-1.01389638414985	1.04647064346033	2.54774475481118
-1.01389638414985	1.04647064346033	2.54774475481118
-0.0496892972907663	0.124522496875961	3.47784095636154
0.295446001103551	2.17767952253558	3.96617290552089
-0.202687429523087	0.837624881290237	3.8785258667991
0.907495806481071	2.10169454023794	4.02914921430033
0.0236210730328121	1.79818649768338	3.66578333776866
-1.267250848462	-0.200393328919501	2.01493306266912
0.191569347947251	1.86116487029746	3.75024717208475
-0.357345835886922	0.927474966681659	4.49437798887393
-0.22454852645554	0.560331157710553	4.99514554267837
-0.773791441742061	1.16229878033122	5.13321068075531
0.0911976365084288	-0.966025581642979	4.46431847393783
-0.00768654313790886	0.850061784571885	3.64745885592973
-0.0158994373995482	2.13673765570953	3.65348005833011
0.483564231086883	0.537256630428964	4.0186628221682
0.209297967737191	1.88291956929736	3.84127416166521
-0.642424236010515	1.87310352641723	4.9056859824689
0.379673107843899	2.02419346444664	4.79403947337835
-1.2182659726451	1.43049356829925	4.14074896418787
1.09275279945803	1.51253902301237	4.80508391290741
1.58433085304594	3.11017904517798	4.72840774824918
-0.545846249289641	2.13037700001376	3.19730073372677
-0.0932857141409428	0.847347251447643	3.8722324559961
-0.59288815166175	2.08160934647105	3.64397260520084
0.86986133159829	1.24544013739727	4.40599619040201
-1.77693165528921	-0.13281777171803	3.09008704401363
-1.30283855865262	2.1350286003302	3.53252218061769
0.223678211635339	1.04242980320373	3.44817884193293
-1.11649390705058	2.25922324712101	4.17191239633699
-0.211665124857128	2.73846456987567	4.03900111977616
-0.957664804189112	1.17723696434323	3.69216425261693
-0.450052654103637	1.41412398405241	2.84889465714458
-0.595788058640304	1.25759147338923	2.80074307128026
0.118421413853664	2.21176569577887	2.78211264675071
-0.477358351912358	2.76344162667896	3.59400504256749
-1.64295394446819	1.41046427105536	3.74567101668032
0.618925968668722	1.94007924212953	3.89795689101443
0.0323693462236373	1.11500367359636	3.59967517300115
-0.47069431782871	1.06081733979459	3.22547394835372
-1.30154444043648	0.807602183862496	3.03294018115366
-0.547005362314538	1.24582571391693	2.30094864814094
0.00669363843263726	1.33690172604122	2.36715187108272
-2.06175840202815	1.74468942026446	0.971308539314283
-1.65194912492394	1.49179147325286	0.715682428591806
-0.786760236065162	2.47781434142647	1.84175315330913
-1.17801587692658	1.28897644276784	2.65947249077883
-0.460261164102235	0.620388934088389	3.06942217668908
0.0575331980601701	1.09477164820618	3.24511813818793
-2.41225643503175	1.66111803168491	2.71014759141579
-1.67035905878411	1.05279283143245	2.25445073753065
-0.784053021332434	1.51769043330036	3.44899393867334
-0.284400341414667	1.91840511549617	2.71515766353453
-0.00680087220412484	1.62918297902346	2.92390291253806
0.122123854455786	2.30829256126154	3.3045602684953
0.432074668095271	1.57709226796181	3.5191485249993
-1.1136482415084	2.26511322593419	2.68513843543754
-1.032696221693	0.955625585183095	2.66601480042813
-0.684992162265598	1.30673047901734	3.30512406210343
0.530909386016599	1.26619577981877	3.33354419713932
-0.4585553072096	1.09275784981635	3.61947699946621
-0.962315082556541	-0.416758305069874	2.77931568767131
-0.22291488546521	1.99972614901884	3.61657797315387
-0.886168668711284	1.96831754267298	2.99401670999002
-0.886168668711284	1.96831754267298	2.99401670999002
-1.07387525868506	0.289329145890998	3.60550460721967
-1.14984716439055	1.31179169654338	3.17012768196807
-0.196163351917551	0.741094816789711	3.06106130185723
0.0838371527850189	1.25154102738107	2.90607946141024
0.00282894893214958	0.758297500816139	2.83739900134641
0.617853703443029	0.837151167851875	3.55472985037563
-1.04220673762792	0.675078311131595	3.34940967649411
-0.880564097203072	1.76053363743782	3.17141456205138
0.0048321753945707	0.226796577228275	3.07491733441898
-2.59775322847023	0.858814291076754	2.30052651143586
-1.73510189930253	0.77135138766059	3.1389507045943
-0.906982951482105	2.25279943802656	2.59783001441165
-0.801296943123672	1.46595767958922	2.96396463053911
-0.716164699863728	0.220926527215246	2.85809289146618
-0.189944528738311	1.45274999205236	2.6815717542401
-0.413931359295023	1.03250211008253	4.22982205131743
-3.53244209751197	0.00455138574938413	2.26548431245621
-2.48359646841879	0.0284795824971387	3.16481308295386
-0.790252907940396	-0.30171873422997	2.71438844663375
-1.5518197753296	-0.16793715821269	3.61709080389866
-0.902006622611585	-1.33215136715311	2.01901393410309
-2.18606288294717	-0.00884949633419829	2.9173873226573
-2.13569622773396	1.23051293631144	2.04337420748857
-0.779868672917025	1.62148625930949	2.33095251955018
-0.247539168820015	1.3483992619535	3.17970378222087
-1.86890506456187	0.837241301210644	2.68047968728133
-0.89490805677713	1.23628401201131	2.35433318551951
-0.89490805677713	1.23628401201131	2.35433318551951
-1.70143284573907	1.25032853737049	2.26260386114941
-1.27280624031272	1.15103136883257	2.60564630894601
-1.27280624031272	1.15103136883257	2.60564630894601
-0.601930517176761	0.182573883495225	2.93761105233759
-1.11642972139355	1.04271833145239	2.63981482166215
-1.34177007002014	0.301471847864868	2.86823114348347
-0.40453516722668	0.98386827282691	2.98881570399312
-0.0685657469699853	1.67009394009914	2.68124255525287
-0.240703156967594	2.59670595943158	2.48907068898311
-1.12179325162022	1.57917518880106	2.18489493177235
-1.6270310860752	0.587738358061973	3.13522941348369
-1.6270310860752	0.587738358061973	3.13522941348369
-1.66632669769941	0.784679909297005	2.11386191413961
-1.23832219684113	0.261710486386817	1.45457408129685
-0.394742602081973	1.40556421886279	2.14844919538691
-1.453366638865	0.950300336049711	2.2433352703927
-1.453366638865	0.950300336049711	2.2433352703927
-1.87298388210654	1.93480674818281	2.74593838455192
-1.70227600803196	2.15964129394315	3.03630848054677
-1.63116659840789	-0.32171699578668	2.60048049256632
-1.90739369624685	-1.88921910151368	2.58631655346795
-0.911788260200068	-0.156032753768185	2.7347801935713
-0.197988060101749	1.11298494122852	2.45689439773594
-0.643989531217874	-0.351336481287271	3.04780968366052
-0.749846705475426	1.32255960167514	2.70151077818186
-0.512894758386887	1.40064715300817	2.4639118654813
-0.512894758386887	1.40064715300817	2.4639118654813
-0.856603917965733	0.488852488968039	2.06062888538373
-0.161363301085189	0.477663624499954	2.83686014990126
-1.22714418992318	1.3637461279925	3.00955323568204
-1.7910277250519	0.236529312730298	2.60471405052932
-0.643219356159705	1.6371214496716	2.53878687799776
-1.36919794814046	1.14854800072892	2.0354904592111
-1.24442603623231	1.62759801994311	2.45319959558774
-1.84418847360575	0.157557554788529	3.23435947777852
-1.74509732795007	1.81623985285839	2.35874336115688
-2.11261552796634	1.84907228610176	2.21578290780828
-1.30597836625295	1.75636938205332	4.12225605704839
-0.269829527885404	0.134214571077986	3.08214451351892
-1.37272151083666	0.341131003611889	2.32265075667381
0.26148134947719	0.930365831457581	4.07335517478611
-1.81573823064545	-0.163914557371731	3.44598730842607
-1.28251311616299	0.188519285178668	2.91629219426395
-0.163354653791134	0.895880823757881	2.65142581000185
-1.00616368195902	1.38758809731742	3.20465071543494
-0.404610632973065	1.34398290364123	3.27535492691209
-1.54943801062104	1.49440552720999	3.259106715626
-1.37869286555227	0.74712024753012	2.66510420119821
-2.12625940728084	1.67345384573319	2.73436918203421
-1.53314354555439	0.620040044481969	2.96309682638222
-1.14260825329254	0.599671435632475	2.01925512426249
-0.844279506026498	0.669110110465996	1.88128416188811
-1.08126022653055	0.140323658243001	1.75954979147483
-1.31678709433744	0.149941928506071	1.4783723747277
-0.653329729032513	0.722216967741739	2.21893614647032
-0.692478682982506	-0.92518381328892	2.58329344708383
0.125876734310946	0.687427925291282	3.38856494414403
-0.553570621186844	-0.40068687967569	2.95976104589683
-0.1708470411447	0.550637286224844	2.7826410296048
-0.734159455692609	0.511872156808952	1.97549566400968
-1.1106660669102	1.03947639126945	3.23715849986408
-0.453609884439764	1.43308937949107	3.20566982825212
-1.52510794429674	2.00350217931237	2.81192531095848
0.0646025323885378	1.16574655167475	2.85885846475673
-0.931599570755237	1.34261229897127	3.51367603892785
-0.38581043266401	1.24706610551749	3.18720279285574
-1.35437856603803	0.893125706046046	3.13222657376813
-0.536364667728162	1.33903032341356	2.54853674978836
-0.915270882530378	2.33148559699214	2.73152956951128
-0.888768005809599	2.38320978882925	3.02016975450563
-0.888768005809599	2.38320978882925	3.02016975450563
-1.33865565749097	2.02209289523299	2.6678983672802
-0.888363723878863	1.12275103142782	2.67676996809228
-2.31570757662973	0.0837119349233182	2.82302572366635
-1.64873594891856	3.22505885825147	3.35416689180074
-0.777915222465782	-0.0731096370883604	2.52505415074565
0.402777458449266	1.06435802097197	4.06819309186414
-1.21202135899089	1.46574544861038	3.55502970707756
-0.664422064775591	-2.27388827491202	3.75233739951425
0.319946779883064	0.124402356629598	3.27910830629245
-0.931414281154813	-1.06370056041093	3.16874244284444
0.172559071431232	0.129090091907146	3.56472353946456
-0.844587787842019	1.24000146624528	1.94642695008891
-0.401338944046983	1.33117215172902	3.26305260231896
-0.578042861966865	2.59030180140308	3.37627287801188
-1.13371858766577	1.88766215581763	3.07422796239132
-1.28684915576602	2.22173437921177	2.57515980968647
-0.242413362641801	1.51512523825078	2.79228211623254
-0.383655554411712	2.22919527508764	2.66072481075658
-0.218227315322237	2.20485809447852	2.51591244326837
-1.26989779341769	1.5780515372494	2.42022364908607
-0.895598077529158	1.77603812430559	3.51656621908721
0.00635769574610157	1.14617157327907	3.55453385734815
-0.5282327198477	0.552266787074165	4.96843795440681
-1.13166954476557	1.36830019384938	4.4396592203215
-0.406183582516907	1.70542895444407	2.72559834316166
-1.80883695968958	3.19119019135524	2.93696338194575
-1.44466213100229	1.0040839817205	2.41498025518059
-1.08890929468069	1.44844183143644	2.63545025072223
-2.75581134425546	0.993818723801395	2.50756367190877
-1.14438630974296	0.47240293838913	1.86957517752428
-0.877035407765909	2.39393622175469	2.12676076637711
-0.372302159887516	2.70386384575027	2.67319041691567
0.362356650203931	1.00105156635572	3.57236756672481
-0.225541870083185	1.01516889326233	2.91155400715753
-1.50889971492496	2.25891946977379	2.84989495817987
-1.17978085066177	0.0873465207888473	3.20597101882755
-2.16158718572321	1.14528927582437	3.42394249529634
-0.744035876268474	1.55738046488221	4.17736584429903
-0.744035876268474	1.55738046488221	4.17736584429903
0.354349040117146	1.64897579306085	3.60348812737132
0.207654862293749	1.28986378206851	3.50333318349176
-0.800039067476486	0.279976143803208	3.05232451942121
0.0834571129530957	1.7430783952224	4.24512124368456
-0.50680835615738	0.0237988028664418	3.16423474873193
-0.137792665525594	1.15430706344206	4.33547896745434
0.111032326537647	0.0630689687012564	3.51596313600808
-2.40828257696537	0.894311322588946	3.57922038415153
0.408109783904704	1.05186028068798	4.61320713844216
-1.04463463988444	0.0562190659913267	3.7665862610298
0.119375086047213	1.05031543720306	3.90892746514588
-0.667185568519114	0.463433644315351	3.59912820257473
-0.322799494934624	0.391973323695158	3.18727939075455
-0.409257471745166	1.01719855641421	2.42750296721737
-1.22924636861354	0.404348405978297	2.94549529903169
-0.837979763033664	0.810164618024874	1.67358739193001
-0.837979763033664	0.810164618024874	1.67358739193001
-0.740925798018453	1.34788539559088	3.31026447269956
-0.782650426112619	1.11976173348213	1.83313459359942
-0.565998162974753	2.44305894212477	2.61211774154782
-1.06872348305413	0.286701120021802	2.79559529600472
-1.06872348305413	0.286701120021802	2.79559529600472
-1.01606870837088	1.02958813833437	2.17074311686467
-1.01606870837088	1.02958813833437	2.17074311686467
-0.78783972086477	0.626383387283435	2.40067810003811
-1.3990934453838	1.10077202865735	1.89641180146447
-0.531029884360851	1.179930288215	3.56285780781574
-0.947098998908731	1.36730327513178	4.01283106610154
-1.36202594678094	0.40838078988657	4.45261115614963
0.360167038127339	0.990955849351013	4.7646763639645
-1.27125222229013	1.38965180610215	2.92985419060362
-1.42938640369313	0.920266875743108	2.66354993277516
-1.78399004681619	1.03451729122046	2.43483480972912
-0.271625954983719	-0.553906214351005	4.01107914509003
-0.918541831067977	1.12249835268656	3.4313540854377
-0.213553124632571	0.597522534461189	3.38647939579275
-0.155210475925788	0.855003416210434	4.46150965899061
-0.636338642869746	1.40502707839982	3.23843903436543
-0.10275642996406	0.00626241982470613	2.89865880399345
-0.996618264453682	0.558136129103092	2.57062249057227
-0.248531892509627	0.534814389979602	3.43893511763731
-0.897833555902978	1.07630473710255	2.90796804651982
-2.589133880903	1.1018810896724	2.89505233984711
-0.463981339449822	1.71515201032535	3.69929027931136
-0.914928765775761	1.39153321364138	3.81989781062933
-0.92869143917416	0.797935926926949	3.25803139344252
-1.76043932792761	0.963161944345082	2.40773951650978
-1.76043932792761	0.963161944345082	2.40773951650978
-1.65122678739658	0.966667436298218	2.4473319947176
-0.0506791184967504	0.631485153416563	3.21027463302037
-0.2389296230895	1.49482152502599	2.62834114761649
-1.16394470652224	0.401619717952267	2.28763164304121
-0.202488006487638	1.07204296815313	2.69245749538265
-2.17118350016616	0.669158397287874	1.92910295632615
-1.36745168767085	0.123939313048296	2.06769903995335
-0.436865674238697	0.996964911748624	2.4607998684194
-0.839344455086213	1.52266137317265	2.16883711967004
-1.94258284858299	0.969840927218384	2.36380211515111
-0.626413005802377	0.664643379527533	2.36364964024715
-0.747252596436424	0.802716787606538	3.24088317627954
-0.568392400984536	1.21176512596014	4.20518366883689
-0.71919219510414	0.0226435815709949	3.56907126774429
-1.30775558897611	0.504305061553601	2.62288257505408
-0.129533656611143	0.792743947783935	3.25805720219883
-1.54864144526674	1.31475939833823	2.83276102596947
-0.220710696387614	0.310187707046649	2.38413520450813
0.0507757113474898	0.867780432432473	3.43877832335849
-0.749179556503685	1.44066150076321	3.22175145434562
-0.764003812373521	1.60085579371788	3.25958506632999
-0.759067817287243	1.9733669760544	3.40991373507657
-0.967584343601889	1.35851101880085	3.93829762550482
-0.627221974549351	1.51352395349878	3.36998927647984
-0.0430107900535148	1.19067673140748	3.00581111389164
-1.37044395962552	-0.147557289265217	2.91186599815215
-1.00282401435618	1.97752792899545	3.50203843691976
-0.636797978610978	2.00143365905736	3.83542799294996
-1.18742710530545	1.32846653617628	3.73943867896032
-1.41051994801617	1.93712124282005	2.67231244448475
-0.220480516813781	2.77526789973305	2.42458049284397
-1.33886016570572	1.27092240351613	2.67378079774215
-0.688117334980084	1.03318927507891	2.09841867156039
-0.884841994953939	0.341085595052178	2.21015661574713
-0.920847449950933	0.38953756445958	3.31089392363109
-0.450728102401937	-0.941654278368725	3.28252135265361
-0.940221468008225	-0.334338472806875	3.61925700553288
-1.35088866659981	0.714903452632044	2.55589602394226
-0.760902303864058	-0.785638966536925	1.92423664003835
-1.16977784099438	1.3247388957766	3.18874267449698
-0.845589350482417	1.67023009525491	3.50918406837831
-1.64130272181023	0.740685160691664	3.59250015492147
-1.26391404704103	-0.163446343006752	3.34183766072126
-0.675196924753764	0.602558083727007	4.49757661310343
-0.897270428958251	0.432806121774951	4.3245226504325
-0.461191985944013	1.15789180448119	4.64603004240308
-0.630239444211011	1.0051437253205	3.41703208656675
0.269069783531529	1.140150275058	3.51841262178952
-1.3659949771323	1.00130874148617	3.08362612267277
-0.420232070293329	0.91420527258838	2.1621213693375
-1.89487454974936	0.92572656600019	1.86365686753567
-2.35087714994436	0.474769603309861	1.65468050004322
-0.190559498758239	1.37766823878204	3.09048146902414
-1.16080426563229	1.157195928633	2.39689448368966
-0.866727246013037	0.453298470050876	3.14600244675628
-1.25240074643316	0.578918326123407	2.82676148378825
-0.00574618607800093	1.23435983915783	3.97640707957537
-1.1543101277101	0.975501658161518	4.02250589766463
-0.254909429380546	0.326623983951637	3.38136969265533
-1.10779608614794	1.26425718108505	3.84866786080612
-1.40884829738999	0.645110247860801	3.61070327961123
-1.97109617791172	1.32563810777854	4.08541715369546
-1.19981160683843	-0.204207416168206	3.42043443614255
-0.989722954090846	0.0144064841931887	4.28497612169332
-0.709792119468107	2.04621129195582	5.60770664842165
-2.00733430667892	1.79705486598427	5.83175512743652
-2.83013912839975	0.799510734644987	6.01848326444675
-0.683545931783823	0.775785120265523	4.27283093954073
-1.2512167167801	0.808005673076139	4.13848747517259
-0.561252094167731	0.40099089482344	3.08175676146105
-1.57862122996258	0.384342544268736	2.62373252677651
-1.73578856706626	0.853333294008448	2.11300815805812
-2.14436059457984	0.163580289335748	1.53423901923036
-1.16616954602116	-0.456802113806496	1.91436667977038
-1.90745355408237	0.298584752866687	1.37635392157899
-2.21258380312622	0.820983400898009	2.5344765314083
-0.647058399302298	0.283946718685696	2.85342900041142
-0.739267761861548	-0.754936633377369	2.78398089517528
-1.08459211478299	1.65668661246987	3.44219397527025
-0.784457250342426	-0.103708165488504	3.51028140488833
-0.96338009622439	0.194861739928799	4.12792506424198
-1.34583361784356	1.85386639965578	4.17739325774609
0.0302944035258613	1.6225625429309	4.38953445933369
-0.705300799838958	0.100857203546937	3.43103914178043
-0.703999482266072	1.3032882408627	2.98856375034029
-1.22919340348124	0.806262023767017	2.49563707440859
-0.263274471887564	2.16751405976391	4.38246917799229
-1.25311234526657	0.317384627944477	3.65353206642913
-0.749710062254952	-0.257038359020298	3.79267886450003
-0.879000934196003	0.539763898713354	3.68737351766795
-1.09831710694004	0.997809430816374	3.39136202044566
-0.976009247365271	1.38937906323165	3.48515434109286
-0.877071729790546	1.24735888302672	3.18233589358401
-0.447669506321015	-0.584574715666702	3.10812517124149
-0.907562840177409	0.0145827796999285	2.52705928884745
-0.907562840177409	0.0145827796999285	2.52705928884745
-0.559858574401097	0.653075722163215	3.15920159264098
-0.628514403421819	1.99380393440128	2.35371520370533
-1.23689179746433	1.42874196898873	2.31106720276627
-1.52501955611337	1.67668669684309	3.0900786510105
-0.849624920111533	-0.299374640373453	2.69376782160012
-0.45571610395204	0.50840437121175	2.53936407419173
-0.284017372774145	1.00256897954213	2.58085119600744
-0.204989075196507	2.07304371994862	2.87991435125568
-0.081050839182305	2.14507818160117	3.40414795407069
-0.081050839182305	2.14507818160117	3.40414795407069
-1.02697358562838	1.30559333399876	3.36053855652733
-0.81268306540169	0.468562234201226	2.74146042845734
0.450955700435819	1.31573147858664	4.07857122876578
0.406106916877155	1.48888036230645	2.95749276879725
-1.44441882825572	1.79673022400866	3.43738443157613
-1.76303032900271	0.610633241203568	3.15172044043273
-1.75996314094651	0.805239437580264	3.21074609904044
-2.14524838643185	0.621320953901	1.7778264391901
-1.71299565188373	0.233916668876247	1.80456605688646
-2.11128585264688	0.805165016860428	2.1328406556167
-1.48140547339661	0.369987295125088	2.52244729384361
-1.87318947954784	1.55279115823339	1.60098238580069
-1.10795346811756	0.54212870682405	1.84886897396445
-1.58109249934907	0.444640681890312	1.56982929443084
-1.98996387565559	0.682025372955048	1.60890918515988
-4.4016981463383	-0.0991414140188345	0.166415038802091
-2.36956220443555	0.603150484673037	0.642517999672818
-1.10542697093944	1.16935979625459	0.835803698205757
-3.43157919378247	1.25124503410715	3.0803078429623
-3.61080887653152	0.795508266655086	3.1881748436024
-1.32929480043006	-0.523824517821503	2.65008933073436
-1.43286018026913	0.132865836588822	1.96906673644369
-2.58512982776376	-0.318014466373408	3.66738767973174
-0.5684653486114	-1.31883597083825	2.85749325380679
-1.87219132359762	-1.12134475793237	2.52604162922798
-1.84206357273518	0.876893371233895	3.967931157018
-2.87716323358501	2.08924495243693	4.44210159589369
0.324070716823166	0.652657975531066	4.17999608767814
-0.447005535104114	-0.0316850782968822	3.90251642388239
-0.11137536730774	1.29181617842073	4.46919422466003
-0.670846385443303	1.35557931447765	3.94953125156199
-0.714904528720006	-0.558579963291153	4.68634083906868
-0.489930679605595	0.0262824720139232	3.85987644955756
-0.23867844878499	-1.3905023566949	4.06460945999556
-0.198581533375478	0.365219391492206	3.78275905445385
0.597989457030876	0.745219514866668	3.89829265613358
-1.37451072717594	0.89772153273281	3.29270060333506
-0.507880022201773	2.2572790385532	2.03665433395332
-0.456377346010178	1.35537620730438	2.82394536812053
-0.237974739169807	1.0164994002278	2.96960594884988
-0.429557342939583	1.81844969399304	3.42917908135737
-0.331037417064857	0.0241956468973853	3.81806943516506
0.222219265456679	0.0647197557868519	3.39032161780486
-0.386457057130237	0.767805612455656	4.24681979706628
-0.125968249235749	1.58736466256822	4.44487395587114
-0.215068778240454	1.18610557531852	4.48319454661768
-1.20882660436472	1.53135512390375	3.89311196209214
-0.0954858269942194	1.46385204881506	2.94590604623476
-1.14868101398515	0.260662945411241	2.58947206404739
-0.0894562224945155	0.833569883178939	2.93381173417076
-1.43864239203057	0.594474997256191	3.59345183839027
-0.222805035577486	1.17715636941009	3.71055014557678
-1.90014207045872	2.11335502499033	2.29876623916857
-2.54850515728844	2.05650947671028	2.12734186504152
-2.65370102999685	1.48848528590713	1.44647736879476
-1.92135124436266	2.18188474579429	1.76875126352398
-1.19570796528225	-0.442939099309538	2.25886373010673
-1.76246208250376	-0.408586304639024	2.69850629730774
-3.44601473315255	1.18739380315703	1.92643996255295
-1.81848529840789	-3.43165570357819	1.9113307901121
-2.48137469286797	-1.77378940628621	2.16723547761764
-0.681522048112455	-1.45519520356127	2.43019076881361
-1.54101362480763	-2.82816083588979	2.4266964960336
-0.240228591961861	1.16587154037209	3.07576084170296
0.000396482109521035	1.82526637503238	4.10188564261662
-1.19601042521664	-0.219090182488272	2.70652296611343
-0.607035906296154	1.28068258476484	3.00122565233083
-0.550097416818168	2.13636975662464	2.78308378006067
-1.01486141217383	-1.35960530590783	2.33615953234423
-2.36010136033195	-0.733156706265242	2.77753971315328
-1.85692692566445	-1.29301849715229	1.2104461409283
-2.10167758114814	-0.116632827277424	2.24131449718101
-3.05004173056717	-0.0847671172631804	1.60528812203341
-1.65953739336088	0.844937289916709	2.73527915201503
-0.89093456222094	1.74194052691653	2.61782771225385
-0.960071597695921	0.91075575720255	2.55203117279247
-1.29530191748576	-0.621366119138194	2.45723977617589
-1.59169708658095	-0.755715392872952	2.23844511651082
-1.09073008068523	-0.901384186906578	2.17199429628316
-0.98352296069352	0.607815193243729	2.76308196341939
-2.36484047661627	0.341749457516019	1.84656072945786
-1.48428795191765	0.699445633061344	2.69368409432153
-1.36191457847133	0.841219129362954	3.02176480541626
-0.0068533993564236	-0.829825311526448	3.00612111161035
-1.48029564495412	-1.34919653394128	2.41833368279316
-1.10539917286175	-0.481120275445823	1.66454933679806
-0.86273172166116	1.50808267569767	2.63446358543481
-1.60273487209087	0.846027863595999	2.42059607826449
-2.03657972938816	0.695219626284937	2.07795731276588
-1.20673907930628	-0.129757878814562	2.25631934788505
-0.811086870749636	1.21790546972923	4.72054757961506
-1.57921502790213	1.70067947840798	3.70960466144012
-1.66385462979416	0.371034407197467	4.55705635582953
-1.80733368951102	0.710879991136759	4.17543970785091
-1.68064930644511	0.957961120534899	3.51219818184612
-1.59342066823936	-0.576486623819755	2.32715129574413
-1.39530479431795	-0.785080711780649	2.07927761840765
-2.06842014281388	0.322827557910331	1.62902163779396
-0.805581888455327	0.341234225571561	2.1757710521914
-1.7833015413694	-0.00942814813251325	2.49841757481759
-1.9763974555457	1.38712060132821	2.03382424813974
-1.51359534143875	1.4759130047563	2.98071080596274
-1.04444548775537	-1.65049170739664	3.69054778811917
0.172183017619896	-1.42506155484204	3.58621106085309
0.351752965628632	-0.448106410203615	3.46450093375727
-0.745897041132641	-0.0449536193847328	3.19612334003678
-0.392980402613089	-1.89667848502362	3.20854777401866
-0.262408683396851	-0.944779354940646	2.42539458089026
-1.87021621867214	-2.51453580871954	0.801336589896645
-2.03033223161265	-1.95573852033359	2.62642306766049
-0.227332322959908	-1.91010698478954	2.27113799338942
-0.764149085985725	2.75671662247634	3.24232370193673
0.213192785269715	0.355526053802882	1.58726733786552
-1.40242585673522	0.496036779197343	2.37596012513927
-0.141819628764506	-0.513142155157264	3.03269903096341
-3.42433452039118	-0.695264290234244	2.50600510351224
-2.13737842632871	0.71298397704635	2.66763846767729
-0.929139175412369	-0.488741071787761	2.75969568998077
-0.944055455007405	-0.890596295462926	2.59118118778498
-3.06803034387329	-1.47796561479814	2.86886446083769
-1.45121944518305	0.216520765655026	1.84883113257634
-2.61758662850346	-2.2554592038887	1.50713311285221
-2.81031883705313	-1.92598938424429	1.83026365098693
-2.00214977471539	0.712903587827548	1.66721948449298
-0.728514148492409	-0.233433803720231	2.85932738938564
-1.62061638868327	-2.0456773471623	2.15854922722058
-0.212835425802828	-1.60049100501053	2.30382263063399
-0.923006733457934	0.154382234448942	2.62945070262456
-0.802905308894884	1.95051217666061	2.56402078120738
-2.29842633680733	1.64171258163829	3.01613522139011
-2.10187354207936	1.74731330432544	3.27486581601321
-1.97137918889269	1.59494220071166	2.64831240632962
-1.35356683366183	1.03298236224506	3.17591835897582
-1.83605404276612	-0.162496524108739	3.16484479496271
-2.34892474579805	0.9886423719921	3.16595540746538
-1.06068081880054	-0.261305879011306	3.69678171687533
-1.27578264979655	1.83453237345577	3.56304684317284
-0.963839009172639	1.69373679723134	3.11289250391885
-1.42490240304639	0.961627592640881	1.75790189874942
-1.60313709443011	-0.264407329122836	2.92218465807824
-0.539749121702059	0.0985613786957099	3.84705119588881
-0.638462368490622	-0.083685730568174	3.78457435578112
-1.24013675660482	0.808287032846881	2.16759095062633
-0.529857461515089	0.303933806337848	2.9110379198758
0.282595873919057	0.816430870849889	3.50994074113127
-0.988340390595705	1.15741527030007	3.67952291581366
0.366365050486822	-0.575087821643745	3.99123177461157
-0.35972881994531	-0.391708862302168	4.24629835350269
-0.522314753733581	0.647649911398636	4.59552892505533
0.456970094617968	2.41392611977791	5.79176260304494
0.652874508332032	1.44759717715796	4.75624036671179
0.42001218289275	0.46751452621375	4.84684576639257
-2.49164060442398	-0.427970184468089	3.84442873781802
-0.951181229026345	1.0049730588274	4.19421638182141
-0.0297957291119139	1.34440534040675	4.47501168674775
-0.18262885905473	-0.713129111843376	5.94588318641997
-0.797722540954521	2.64524019337901	4.71601134640048
-0.116941220085933	3.04323862471801	5.23860758167886
-1.1168785602349	3.07824692405718	5.34562084211497
-0.1709526491103	0.40147456995207	3.86139646456607
-0.566728584292475	0.885819133426849	3.94094194687476
-0.00134775300288828	0.513863252509147	3.44758991839994
-1.38647231008211	2.78320931300358	2.72941434241664
-0.0864380277661545	-0.246186441545051	3.11540785322019
-0.61975496317778	-1.14275451825161	3.31712912147028
-0.664209244781735	-0.296427753228458	2.95564977906694
-0.0309238673589687	-0.0896259641518226	3.34834233458058
-0.60830291711876	-1.30171704907935	3.62210659671759
-2.29536846792512	-0.563091115240498	3.99443085907738
-0.516791551465257	-0.559440419606214	3.44988576391287
-1.15226289409783	-0.475456220309864	3.12875903946683
-0.591578943065021	-0.099029715430605	3.08736681857476
-1.23153942077737	0.620024054004558	4.38632287252041
-0.653727994070693	0.332636351216581	3.24059367067415
-1.51703495168796	-0.411790869931521	2.57174923486673
-1.42260894517193	0.515145791255295	2.66039243319591
-1.39395937127882	0.50668285397459	2.10767080536261
-1.16435589691016	-0.0744668400792803	2.11329156811171
-1.77575765694681	0.20880759473976	1.779386066353
-1.86341794743022	-0.151077401582341	1.32513362232316
-1.80654924718933	1.2863918018451	3.26131412230964
-1.81847213900572	-0.0742681937592101	1.95952956937752
-1.83717742867889	-1.28722907523498	2.73387522543065
-2.12242504604937	-0.151350555454938	1.61919829579374
-1.60105823125144	1.04808785967714	2.2393355600562
-1.85557337940683	-0.414871698951627	2.23201929583232
-2.28783228720097	0.713896743183329	2.2944275972802
-1.42358885053667	0.209408477822148	2.20526936607928
-2.54190991733976	0.0877905075881116	1.24449797986377
-0.50489739109349	-0.792555040984479	2.69645089155519
-0.520266078033482	2.26993967198176	2.30777747104402
-1.35792124411561	0.702035516379791	2.80787449457302
-2.02726382253765	0.525330407135458	1.84303697676944
-2.17253040405042	0.562074154439137	2.15240760138242
-1.85741149740092	-0.22561446235391	1.9092333799856
-1.30162085082685	1.15661920084369	2.65335232509914
-1.04651150787635	2.33674140553304	3.00526409117786
-0.361313255947114	-0.311961830783941	3.20931786885538
-0.574238988672826	0.747578705813501	3.05576782599346
-1.04438371698524	0.986257853207209	3.06766169489006
-1.364536823086	-0.0594316484222839	2.53048950217555
-1.38742590617819	0.350294366939122	2.66280303427918
-1.33236218981746	-0.307850930614768	3.20120054050392
-0.324632240819073	0.0125031446790417	3.77873198160492
-1.00989095406362	0.118526061731612	3.91057471881795
1.1627657861716	0.876682470185744	4.62028132116639
-0.907366685738024	-0.160795656535972	3.64038065023596
-0.306580886583614	-0.388891003406152	3.2099371746964
0.139230842228095	-0.740607754125711	3.8346551592261
-0.616529205730983	0.126143430669616	2.12268215979039
-0.616529205730983	0.126143430669616	2.12268215979039
-1.1548700696063	-0.202631843694209	2.57404632954338
0.407619139862249	1.48274315102138	1.99198442072141
-1.33218530333835	0.094881503946216	1.44591667215414
-0.486106571856852	0.324467723427477	2.61682959537261
-1.30364819756829	1.08546637275773	2.9230876325515
-0.345710017375864	0.73017975241331	3.39685733949695
-1.33011777889486	0.757882254205511	3.59423530360509
-0.22764741003608	0.878611995721994	3.54401965594973
-1.36130856536415	-0.26902648049314	2.24037188153872
-0.879556550373345	0.319917386646978	2.67017409212429
-1.21001343245515	-0.130318672163595	2.48374673489984
-1.55166428515438	-0.0506477019884386	2.16931701067317
-1.31722981309279	0.807607823480531	1.86006744287703
-1.27453396971239	0.259883073127116	1.46354531432197
-1.27453396971239	0.259883073127116	1.46354531432197
-2.30852402969523	0.0104805807244192	2.25311166199022
-0.0737379884691744	-0.374665203701301	2.68027776426612
-1.54261532341818	0.227704846271413	2.30471124691093
-1.5885738790817	0.414901854558626	1.95291123449281
-1.86824913426766	0.00790519806044687	1.83832349245955
-2.38055873814113	0.611561592868718	1.40290521926798
-0.612362573629314	1.37442779914005	2.16515617501974
-1.0302470543245	1.18209339508585	1.76900048508048
-0.731180159767798	-2.17532092297702	2.16306118990598
-1.63177480978839	-1.38506495132524	2.53547735290642
-1.9327321962869	0.178517404923954	2.78358124962481
-0.573384027338189	-1.53191679800184	2.06050360285951
-2.96408594550301	-0.960686574936283	2.02595440396428
-2.11307862969344	-0.873496173393695	2.27331100612409
-2.68602860343755	0.656248380914281	1.89014605017347
-1.51878882280681	-1.13617224858533	2.1463958239698
-2.70986597231476	0.146032086349679	2.98352291047442
-2.97576112894443	-0.8334870825635	1.54591234964152
-1.22101148216811	0.364525641264836	1.97075822583645
-1.5095128375606	-0.0203848472596739	1.76496170188258
-2.03940505268417	-0.132396653077623	1.98869067476858
-0.676618915147257	0.370284650033158	2.64444293432594
-1.85370161231088	-0.0896166388236545	2.11421625335386
-1.48214882670327	0.514952592159003	1.85855105787937
-1.3593528857627	0.649427995987536	2.55565598715425
-0.408726887370209	0.79313524665603	2.4530013990901
-4.26174924113193	0.622630489620127	1.99070768496191
-2.00083432121055	-0.0163048818544334	2.70853763618199
-1.32088840479778	0.675976904642862	3.08235957516211
-1.0156110346303	-0.0528824050956671	2.63116291586716
-0.864606772566546	1.66168020180264	3.02131965487038
-1.84888105111852	0.491885027140001	2.8703267196461
-1.52462460759051	0.502187093582554	2.22355805430805
-1.7423228008807	1.04779848557731	2.77736836892479
-1.07975368572862	0.0882477280081505	2.9565383971577
-0.171974435559199	0.326216205576423	3.13229799867852
-1.8543604703362	-0.692767861561511	2.74090472233347
-1.7489325578416	0.702000869479382	2.06415361425635
-0.216814882885122	0.879317199107056	2.89793557258013
-2.21169040990861	1.0695558253641	2.63220815384048
-2.15064808058569	0.731983314507409	2.26724030803121
-1.30101572886696	1.65433972516679	2.03138002654019
-2.4442706662246	-0.385956762895403	1.13429672658397
-0.94354039653331	0.912414566292071	1.53898502484982
-1.43019024380094	1.14743589466961	2.48281037674096
-1.10941738457619	0.643518119227202	2.54922291739881
-1.24635081834311	-0.0333962046572108	2.87975828876745
-0.73896694957473	-0.569182226743862	2.6477403613026
-0.95195690129767	0.973598375256785	1.72138021247029
-1.4724369309595	1.57272581868422	1.56663301091542
-0.784755077483285	1.92665404425999	3.15577716198343
-0.609664558621422	-0.11379010096112	2.52354611866211
-1.36681621273931	0.882167027201805	2.10367331431533
-1.75392023994803	-1.15961183881796	1.9428577176766
-0.630971809336064	0.853058299859093	3.01544755093759
-0.818407563072991	0.105820428333826	2.77559722780099
-1.60430863980472	0.215561706429677	2.09388242052959
-1.6101299402871	-0.34011685001042	2.35036121982695
-1.22803294653771	-0.720258121706387	2.01203359441659
-1.39304351365943	-0.835938538924076	2.04469676476811
-1.03517917616768	-0.603287375180801	2.67755920235453
0.719730821704269	0.238006270464602	1.92553108837289
-0.558896780328459	2.70093746260355	2.58156793469704
-2.7413020968277	1.45910295233456	2.88598162764612
-2.75853902778234	-0.0247518980843355	1.99588164678185
-1.11959561155078	-0.668313473855177	2.37051922817429
-0.874544072697468	-0.810593051423685	3.29994264558788
-1.2362563515368	0.597757740344021	2.47387159930113
-1.76064891080562	0.971274430669522	2.23085674168117
-1.77801916402058	-0.284287186979609	1.99598693346946
-0.273223834637637	2.4644521163682	1.99358007377404
-0.847430065768577	1.13112348050274	2.55980436582378
-0.847430065768577	1.13112348050274	2.55980436582378
-0.680506401747409	0.209296092747511	2.60990624986914
-1.17776741464841	0.94078387400122	2.97807320466754
-0.704835855692648	1.39525826230112	2.55419871194686
-0.175599763801525	0.335604586391147	2.65733096482733
-1.17763385512755	0.253092376113648	2.97799313724651
-1.17763385512755	0.253092376113648	2.97799313724651
-0.984994910757305	0.456585297479576	2.99907889737003
-1.00138358148622	1.69403963106573	3.47806903022559
-0.850677054721653	0.916282245103441	2.11808703634023
-1.95186544055631	1.87216390736231	2.4793811721051
-1.79814131934511	1.35944642306879	2.959612853751
-2.24195870369548	-0.764240833465611	2.71018659122574
-1.08527236785304	-1.59468561147766	2.9482684313123
-1.25432557596377	-0.267748982378184	3.09065800159116
-1.02926781692974	-0.379518853996701	3.02264589889746
-1.60544045334318	2.53818361166015	2.54666345293827
-1.64611276150916	2.97879294250747	3.4490066328793
-2.18523408948692	2.54123939845615	3.73774966117235
-0.103061966101466	2.82951823702327	3.16867476667218
-1.31891566746959	1.4077526424167	2.16035805160803
-1.53920627254283	0.248896634048474	1.63686409770528
-1.12809295596831	-0.514666514966856	1.71039039318132
-0.766921344395886	0.67666724573726	2.84342563952096
-1.70923570560814	1.7168627907732	2.12841735827587
-0.16167910474597	2.58453248555822	2.11141274604226
-1.75913057548262	1.59330782655694	1.88377807624234
-1.0409524534152	0.44407178749376	2.33898142119048
-3.64664431575412	-0.117442464861751	1.26886370049091
-0.763322467427914	-0.419419561824827	2.59229012337419
-1.43646915254446	0.0303310892523019	1.85249032006785
-1.22852902469599	1.31385910238304	2.98069851605114
-0.374669976742281	0.531516416903345	3.05792213766232
-1.29327562948178	-0.513722849786428	2.47734001983813
-1.49479991111389	-0.144804389055067	1.41620064185703
-1.56081276454983	-0.939620480169326	1.65150636973068
-0.433102648120682	-1.19595047495424	2.03082149770169
-0.578519026305544	0.498106189083651	2.57264119608745
-1.8509983983681	-2.13064122299796	2.5291994568863
-0.460211706483709	-1.40665030715856	3.29196895574056
-1.2103242308442	-1.95735382781415	2.42542855007724
-2.40367333230548	-1.23743148277129	2.31194298353959
-1.40746186483133	1.81348726165921	1.88963592568903
-0.84845416898017	0.426960678348273	2.53295556631415
-1.21938317941479	1.69647665702563	3.23375111233176
-1.38534543644772	0.748282270948009	3.32505835027307
-0.470631679570755	-0.042907727886583	2.57842808996996
-0.703828712409477	0.380152562709614	3.17526489934796
-0.141226536572713	0.305568826588005	2.62766646208508
-0.232545061226015	-0.13160191176774	2.99552506156746
-0.776450435466226	0.611304613265282	2.43784254124124
-0.82046680509651	0.613232339360739	3.49920550675318
-2.57659601024702	1.4617223252566	2.12127390304063
-0.737281498158309	1.42779917331053	2.97483626195568
-0.778640141762898	0.885699205865819	3.50780727901846
-0.501266555930777	-0.16434884247407	3.46079129376239
-2.25170220670829	0.491638391928298	3.70018780333618
-1.19123837443352	0.707193428952102	3.36149715295019
-0.209732866002105	-1.36843141909398	3.91076103183844
-2.17591700373474	-0.412319323427612	2.71473980816353
-0.107709717921705	0.926271794267021	4.3891676513063
-2.64244609608148	0.123228849085473	2.80131366490357
-1.8664782558704	1.41607870158902	1.06646316356295
-1.89923164899233	0.162992532612978	1.14207668979042
-1.27759072744725	1.45524339479883	2.27351483148724
-0.445064296307944	1.14873151181174	3.0267280457503
-0.548270086008423	2.07140835396263	2.2414310876518
-1.73514178059457	-1.11714222944701	1.96804692784076
-1.72960866472391	-0.156298721015261	1.9589955582922
-1.11848895476978	0.848393307668844	2.34898933898168
-1.88375597334515	1.34899432931839	3.19159238210117
-0.48358154441546	0.282722646978752	1.87365291362284
-1.55867738553486	0.343907998413192	2.42109950730304
-0.761159582279866	2.01413941114444	2.75900026998759
-0.761159582279866	2.01413941114444	2.75900026998759
0.847009001120229	-0.697391730213201	1.49847598764201
-0.902312547136641	-0.289125333144519	2.05608097078264
-0.798745700041471	1.17481952197318	3.60264239602183
-0.290412398660127	1.10079659452277	3.8520868477897
-0.207589014789097	0.604211437632074	4.79215776704961
0.182200408736451	-0.044505140151044	4.38820435724036
0.182200408736451	-0.044505140151044	4.38820435724036
-1.05079825526736	1.13939172309649	2.64166588818444
-0.725085837817817	1.92328787875595	1.24541586616177
-1.58244785551058	1.55948158227581	1.24142585263785
-1.58244785551058	1.55948158227581	1.24142585263785
-0.167554369382054	0.912630534967522	2.14439718451841
-0.43540528437638	0.437861983583687	3.03455287204065
-0.635834842111204	0.99845036867251	2.91866299129362
-1.66801757723884	1.41740242583042	2.65045977409534
-0.989384225191848	1.42734610678005	3.20943211565856
-0.494359390094445	1.25908112333782	1.80620111034215
-1.79292602860911	0.329359598288936	2.38536432374564
-2.18285837096599	1.35253744918306	1.20639966617007
-2.41355148776044	1.31897787253519	0.731832189829215
-1.28137180996219	0.526468195449121	1.51399125269024
-1.98517582852808	0.593152474050562	2.03307501271029
-2.10239612806348	-0.0675642071630943	1.73379825208144
-2.12353165037321	0.355827867306687	2.07054404161835
-0.648346790294107	1.28386622131733	2.36644961876332
-2.18331580566669	1.02767463356319	2.32994494183879
-0.116496846422275	0.85758974469754	3.06416819502683
-1.82032414976053	0.140605603909339	3.39314675172936
-2.19548513290392	0.748756917853149	2.66411883501804
-0.972808810283772	0.349613296677528	3.81177981092983
-0.810719969861142	-0.538050296270058	4.01615131887178
-1.54609446294925	0.411590460408986	3.56951409332168
-0.948958549407889	0.968141133253298	3.06194248650506
-1.57153619438753	-0.244527194501969	2.23014943512401
-0.33196350807681	1.38761315033686	2.32354129111249
-1.88937617928983	0.609125950603571	2.56397705879271
-0.79845293907742	-0.18549120626926	3.24669096903136
-0.425594210173918	1.43462025901486	3.69365558575158
-0.479141862507668	0.69859187392684	4.14800364716012
-0.310105008566739	0.487221312818951	4.30667516444399
-0.528018051039624	0.0773391531237096	4.67952608501993
0.489361714137712	0.673524163340336	4.14911882988613
-0.668233924449467	-0.642005061162427	2.65564479597845
-1.11459286280355	1.06179556051687	2.92964805897658
-1.45177889223183	1.46950326120388	3.05840306965408
-2.34822533328451	0.832380745303029	2.02069902785853
-2.34822533328451	0.832380745303029	2.02069902785853
-2.46928143694503	-0.582387681737979	1.69110833809585
-1.72365094997663	-0.975959824427746	2.56546577892088
-1.60261044239894	-1.43766248606428	2.4216589798233
-1.01504912126767	-0.93241600566358	1.79700685886433
-1.91085077220396	1.7721683686599	2.02391879454484
-1.04982948279768	0.777773862242284	2.75373423404952
-0.93222337102566	0.59904391374738	3.16310286170424
-0.364360469784698	1.17118830679522	2.43088030486973
-1.31156342752905	0.217536657622224	2.21934588817282
-1.28371032782362	0.0668650378255287	1.95326002166504
-1.28371032782362	0.0668650378255287	1.95326002166504
-2.09074869781722	-1.28612249302723	1.3818752771106
-2.2977208503097	-1.42855651842067	1.48478641431797
-1.24928869300689	-2.0255409190154	1.81153316686167
-1.19538094078462	-2.5864768730694	2.66327829578421
-0.376247499836584	-0.739624384404431	2.5251614092625
-2.61674940725579	1.69243542022567	3.55810931282247
-1.76614831511392	-2.98866524619349	2.93869767289981
-1.89966081528415	-0.641005487090456	2.0271101030489
-2.0100548741919	0.608255427507915	1.8775371056113
-2.75824578174845	0.331409722279624	1.44212468989327
-1.4931966771032	-0.0665088893118732	2.41985623789678
-2.01114410659892	0.618630874135496	3.31204310910844
-1.03494374662199	-0.803191154443251	2.50133674048491
0.0173875379103108	2.05749255546122	2.71714755962025
0.135093964521791	1.30478444577791	2.06853851408359
-1.67202150584286	1.0721063002848	1.32680746753369
-1.90685952644798	0.740988366018292	1.30971324513321
-1.3386804156682	-0.349959497577649	2.15194191038272
-2.79196508533072	-0.795548040717654	2.49473008730242
-1.83704215862432	-0.224279816875938	1.72092668167439
-0.921926317439269	0.495334362825654	3.4927248269754
-2.02710133298204	-0.635372585696369	3.63017584546776
-1.3568978653944	0.905992167173834	3.26469691120306
-0.987920002221865	0.305641495849938	2.25426272155585
-0.987920002221865	0.305641495849938	2.25426272155585
-0.879700326640619	0.554982312519977	1.96274831398487
-2.09153423210292	0.826551884433055	1.19693126461911
-2.32015389823127	1.00737462350468	1.31659042772252
-1.41857815050836	-0.125968008552527	2.02614393368663
-2.04638744808865	-1.31231443270952	1.46186535807964
-2.04638744808865	-1.31231443270952	1.46186535807964
-1.11295446294825	-0.956501316917637	2.80094872317496
-1.40340161220047	-0.424600861467108	1.91604861775969
-2.33523683764134	1.77722842988394	1.49770333329335
-1.54176318886495	2.09278408664166	1.96819358501144
-0.552776861446207	1.17749216519564	2.7038673821319
-2.44455375613147	2.04351592987244	2.570545704174
-1.00005243439681	-0.0851937912069924	3.5666121931235
-1.29662601710734	-0.199092439404535	3.39407974821244
-0.835453329575381	-0.264551731903756	2.94887600363671
-0.835453329575381	-0.264551731903756	2.94887600363671
-0.781773551979071	-0.177059333334594	2.13685318242076
-2.38693218767085	1.25070416380255	2.45077796930818
-1.45136941803036	2.2652592066275	2.35198794857324
-1.33092619949205	0.712812320132314	1.01012004246058
-2.13965797359941	-0.577325270462622	1.31358906987002
-0.964923960342328	1.48954484384303	2.56445400153078
-4.25384621970577	-0.130358479628906	1.63827090144932
-2.54461238984467	-1.03116631808997	1.94221092118375
-2.76289286131834	-0.933886161814666	2.10421915723787
-2.21545776640424	-0.776928445989122	1.43173436602059
-1.01413249875702	-0.27778267329053	2.79794149686378
-2.11917575829339	-0.632515798990728	3.63944184940849
-1.96186208177755	-0.479831431897163	2.46836469646742
-2.41618214091543	-0.296541411461705	1.9643380987448
-2.57991873347625	0.313962001892411	1.99947180219319
-1.65958959215764	0.611194020919206	2.26728704637263
-1.67885574868131	-0.607279716757254	1.76185246991749
-1.60319673850542	-0.136847613439108	1.73055918321328
-1.60319673850542	-0.136847613439108	1.73055918321328
-1.9491601193927	0.416242258685818	1.26377793693019
-2.0367131941149	-0.450690113675328	2.26292054354873
-2.75983372685609	-1.38226405240789	1.53484080277955
-1.06660094958665	-0.366058071364363	1.21206160039008
-1.22025152174081	-0.177682495057802	1.99232059860264
-2.4878189961595	0.660464471827308	1.93865705830741
-1.95271150923548	-1.88656439477609	1.86496921480719
-1.0571253632778	-1.35689753171255	1.81116526922331
-0.484337257658098	0.221942829420347	3.02178814056652
-0.610264010948509	0.785202064264619	3.01210448082579
-2.34215626799841	0.173221229202743	1.35554486447016
-2.88848969015017	-0.925941640479507	1.58499960022752
-1.86026690680121	-0.176746092708943	1.89032600376666
-2.66191487305337	0.0920285717443889	0.729677286555215
-2.03023955587546	-0.668528435788208	1.41779317996956
-2.09068018787404	-0.230002524907016	0.991791153924318
-2.62952949149633	-1.40151967886273	1.14200191931078
-2.57328238613173	-0.856564837274155	1.3814430286017
-2.81297147930515	-0.458725662616128	0.614570411114784
-1.36746787535527	-0.110698241346484	1.42252070707612
-3.15790727759171	-0.580268623739816	0.67147773122163
-2.49149525822012	-1.93184416904546	0.639336178017299
-2.57187432074089	-0.359960407606231	0.827915361492045
-2.04590811802675	-0.999757111738737	0.951510253758211
-2.2129252764263	0.772464703487044	1.23887890663802
-2.85186405216408	-0.617077257504609	0.532598078686882
-2.19899175606478	0.204344207215278	1.82334301546253
-2.4547373390964	-1.03007860840719	0.822074693714149
-3.96293103775157	-1.6027715685899	0.566183046480249
-1.77311746492909	-0.33816027760039	0.886024907454299
-1.57873799793795	-0.136883481989866	1.38668692404655
-2.56285803915476	-1.49520071612766	1.27600711333961
-3.47095731656049	-0.620078806882315	1.57342884559921
-4.07211158281298	-1.45952163191173	0.590122035107506
-2.79628101090782	-0.580217645554074	0.540155816156054
-2.54436803116657	-2.1897488724987	1.29704899994685
-2.50497955100906	-0.00341606538585348	-0.126350603607728
-3.68090718959598	1.75183728787956	0.419829079519504
-3.47049714238179	1.66669577077841	1.77037806345104
-4.05160530825638	-0.534347137994444	0.394353159493368
-2.89866770456317	0.879508124880516	1.43880727163388
-2.84172699160611	1.59096971215804	1.81305683165873
-2.25162458065225	1.8071834106382	1.90905411656002
-4.46454619899948	0.0462690846027399	1.50952740999096
-4.81133146409453	-1.89523441750726	0.647742755265745
-4.97510055350989	-2.18005925905118	0.393577654559831
-2.7266930481446	-1.36188918595089	1.52044989184321
-2.35599151831654	-0.838888866541827	1.93840631787372
-2.28072755474491	-0.135877615160838	0.965597701363086
-1.79163251378719	-0.897123246217954	1.50742673921852
-1.56605608113462	-2.71833512185226	1.81438241465667
-3.91704425886421	-2.86471336845691	0.817022736689154
-4.45064178940991	-1.0160603898742	-0.537563823173944
-2.43580232701634	-0.62330275207417	0.806537040649158
-2.96812207164762	-0.827544724171868	0.512203789524035
-2.76269789906371	-1.22869040636928	1.40874437730604
-2.05609807971189	-0.464880947653795	1.63735456155007
-1.19951337980557	-1.2225953589636	2.05826914798827
-2.92783419605002	-2.00299743131935	1.15743400021306
-2.41284573527998	-0.839855160953908	1.13192369469499
-2.48115729591089	-0.452890068782838	1.53417753311682
-2.22768159217169	-1.07992730548192	1.21343669172634
-1.38328934000726	-0.622290231544825	1.70601045035861
-1.62576024449594	-0.0097571556237076	1.82007825814135
-2.76988394994058	-0.477056777067107	1.24541843205946
-2.06735927923923	-0.397836975983819	2.17789106143872
-1.03015981218166	-0.653894636566207	2.15426475532996
-1.7319955990938	-1.14247803710855	1.96181881379488
-0.771263016889112	0.0386369833914765	2.18905931431099
-1.12162707136713	-2.05781787735738	1.80145469253993
-1.90705944189894	-1.86334118055103	1.74694652551265
-1.69271602751346	-0.0830938316911261	2.08423445663878
-1.03139854447354	-0.97405216749442	1.61716676526583
-4.14373093569372	-0.955036240204138	1.46792224654204
-1.3357371444811	0.905084244070553	2.48597400897012
-2.87687576052925	0.217490997296787	1.36751780733269
-3.48473293971422	0.568933861287784	1.74696936300004
-1.28479015864066	-1.69043886523758	2.85286745746281
-1.54823322781039	-0.459242029602251	3.64498642659534
-0.407102254740719	-2.0101033129679	3.04539529803867
-1.53876495516177	0.121462956727397	3.27137423243757
-2.39184873269371	1.39710856920842	2.09102179758457
-0.532235991485152	1.86250954782574	2.36599464180427
-0.119363617488214	1.12184111600148	3.05920715766156
-1.46820353563979	0.956791970061149	1.76798888768355
-2.26825868534608	-0.345495441111892	0.0326244529711492
-2.51597929434828	-0.479726396020126	0.833141812174197
-1.9228919945624	1.16876915136466	2.41258967943405
-0.36875427694281	0.12532259377169	3.07680491636297
-0.535555621384489	-0.2771404902153	3.35368416147903
-0.733600546374545	-1.13480914683932	2.94596238074833
-1.32860416123416	-0.931904065346667	2.48166522734324
-1.26996915786465	-2.23448327950403	2.20326035252315
-1.62091740204478	0.247701070285439	2.42235141990123
-1.62091740204478	0.247701070285439	2.42235141990123
-1.15736570125832	-0.406816660912915	2.17451421614099
-1.61867836337274	0.00366765017451676	2.0882017189211
-1.80383973411716	1.06768409663972	1.95787420324223
-1.5035242271551	0.324440210293245	1.25739252456035
-1.38046882429673	0.454758498882281	0.945222192216568
-1.38046882429673	0.454758498882281	0.945222192216568
-1.65616259895975	1.16853423089077	0.769953038063267
-1.34369270899612	0.21514664311085	1.53413844290144
-1.72466152239584	0.270639627976609	1.53357715951335
-1.67680142766041	1.47583182272444	0.783617856850464
-1.74306396593949	0.323962038625606	0.685229294332939
-2.61399378419165	-0.582530739553058	1.48612812960541
-1.95981120688998	-0.205865360840406	1.36706360859972
-1.50150606873844	0.0950025235625999	1.86005321460227
-1.50150606873844	0.0950025235625999	1.86005321460227
-2.18984347169667	-0.555821618157639	2.78359326333427
-1.68966666510935	-2.53355940413061	2.0904115681398
-1.81731773134973	-1.11147070764266	2.31486531587662
-0.822012176909238	1.63439872296289	2.67164256357302
-0.203854272583217	0.381385559058949	2.78426453181132
-0.617236528054058	1.57619714319628	2.37656873949326
-1.21946569302629	-0.623874730587398	2.24244350407706
-2.27652726931541	-1.16815821717471	1.45033858195563
-1.33215425402423	-0.0921365539943442	2.3700038663305
-1.33215425402423	-0.0921365539943442	2.3700038663305
-1.86222486526892	-0.62894370651885	1.75097396003954
-3.12539500721478	-0.234684992825615	1.77594272910597
-1.36816630604693	-0.257679687075751	2.57311524481809
-1.92745925873755	-1.31028221593459	1.74984849366812
-1.92745925873755	-1.31028221593459	1.74984849366812
-2.43445961344546	0.27843047051099	2.41064626164344
-0.971329984336489	0.725375464639115	1.88239382459938
-1.22220242285232	0.566294883434235	1.7366531244191
-1.32097347084815	-0.568981773599168	1.7425587735575
-1.5817106643914	0.190361069154572	2.44834867872301
-1.5817106643914	0.190361069154572	2.44834867872301
-1.73092503947155	0.320029141195734	2.4761280226414
-1.52058746166257	0.862363306935065	2.02520293798546
-2.01451002440534	-0.29250251766229	2.47172304840606
-3.56036200804172	-1.13820774125086	0.6348827070385
-2.11047402124636	-1.32658919085118	1.88364037901885
-3.7902882188611	-1.97447833134882	1.74841666442141
-1.19440040164479	0.15823063030035	1.97806697626453
-2.09359731721953	0.452243359913826	2.50187984613574
-1.58262272413272	0.336597832335128	2.43263696494984
-1.13224061404412	-1.07853688898386	2.34038776027751
-1.72370179576597	-0.947658013070334	1.66252794902113
-1.96721203807241	0.0689873769727592	1.18855960675708
-1.96721203807241	0.0689873769727592	1.18855960675708
-2.46622102357783	0.302289864490416	1.94953163103773
-2.07569214997194	0.0665236765271726	1.25450379336824
-2.99565522880841	-2.26132871138939	2.05879116011771
-2.43430836484447	0.453807507210454	1.75104538442065
-2.38502726739836	-0.834374884988882	1.41497266743594
-2.00481226979221	0.651600373489332	1.86509584806812
-2.43806627935458	0.672516762218447	1.27917473289667
-2.39246070937531	1.43537418336821	1.8762615068381
-5.20972878009648	-0.510925148058436	1.8550515708686
-2.33540229054641	-0.57192624342304	1.27217971366939
-2.00356823252029	1.08283356400539	1.67198961112669
-1.62793406300651	0.224354250428825	1.75322987034085
-2.28352806830225	-0.113885715121552	1.48278418855188
-1.23731174586297	1.16427496839917	1.35539440925656
-2.55285666513403	-0.432510578691424	0.85553141984898
-2.61489142985204	-0.120099413355146	1.48162168757196
-2.82782101586917	-2.27620932577028	2.80369980684672
-2.8128273356331	-1.37080252021209	2.50036847855851
-0.570854759075104	-1.46088741295041	2.6322435502724
-1.22729819125925	-0.720432297986078	2.40306388724642
-2.92000695188962	-1.21537551169018	1.40039775987287
-2.45682395899213	-0.494173693460894	2.64313055552068
-0.865297737630984	-0.766328443690697	2.41714369800767
-2.73485046532507	-2.4509132670462	1.88056922343467
-0.913102204200143	-1.74094933794173	2.25699756310513
-2.05561946755997	-2.31080526224437	1.87424343124896
-1.95325997168031	-2.44281934558347	2.33348112373019
-2.57773732931364	-1.19124436797893	2.19756072661682
-2.15073581580323	-0.422172263693349	1.48037531757521
-3.6161795633638	-0.993480302327695	1.83562583720193
-0.701301066281976	1.47306162909224	2.68269778288422
-1.40997779329856	1.67046419657754	2.70666221652204
-2.81560532309992	-0.788395737105657	0.977073420201624
-1.9965966829055	0.206508614883125	1.63689948928344
-0.906319459913764	-1.3285842884835	2.46385388893518
-1.18824161186669	-0.0332289238938015	2.94317016875562
-1.53963678429238	0.161751073281879	3.26416265853233
-2.52911206725928	0.0350101516261876	2.49328235558896
-2.03497870463378	-1.2146009567238	1.96342230134026
-2.57419533817544	-1.2390631418668	1.88628159070055
-1.26936847599949	-1.66366732428582	1.50071157828523
-1.80685926300184	-2.09648245381398	1.51409504955369
-1.49758715164185	-1.82515115301049	1.92122405000059
-0.799260444579824	0.596859173658322	1.8768955003846
-1.68732253672754	-2.09582059173491	2.05512167830719
-1.56463344072586	0.422197016247575	1.46478978016019
-0.701859385546965	1.63609462715224	2.56419233681327
-0.506970334377211	1.74022138479121	3.01871840496743
-1.89488243691499	1.70163162713713	3.22778322834762
-1.2520195271402	-1.62006710582103	2.87026222216864
-1.34939547635341	-0.65274483877225	1.61421838650664
-2.49690219786472	0.759207255200921	2.09704480844431
-2.87501906088067	0.0336235711009947	1.45721988572431
-2.28990443044615	-3.28632402585995	1.41191731954151
-0.660160329054748	-2.48042133273458	3.09467549378802
-2.21577879292021	-1.22363756363468	2.37129561460214
-1.67948218848969	-1.44500810323209	1.78092629647639
-0.957915903640551	-1.10954249738751	2.52045493418414
-0.825162975966583	-0.167707782128805	3.18430110161215
-1.46854267623652	-0.582049266004338	2.30178623967617
-2.249423204786	-2.21171978379609	1.37345043790096
-2.61367156675181	-3.39974005351217	1.14400153308513
-3.38385697029616	-0.0724761157830129	1.90372971426
-1.43988096770721	0.513795691351853	3.23441545044722
-2.29571446898425	-2.06258997707729	2.90089479288981
-0.218710698309118	-1.54445874756346	3.17502364146902
-1.97938985685083	1.22272065382849	3.12428442380441
-0.967952607930819	2.04344002508343	3.25037335339146
-1.1687625116289	-1.15204463699882	3.38962417453454
-2.97248349501054	-4.37787835854838	2.61117112209777
-3.4999630693306	-2.55948774012138	2.96552299614022
-1.33867954774064	-0.562824184227995	2.78265942143203
-2.53009983107781	0.425137034983531	2.82045574399319
-2.36307250696888	-0.451549949284109	2.07238067360901
-0.594013919561205	1.21949080669531	2.04561777467296
-3.47955389592747	0.100243582775991	1.40921806025014
-1.0668381162408	-1.71583761374997	1.51422320125872
-3.00581989938079	-1.45765797535047	1.73613308407206
-3.37968452702157	-0.2810586237094	2.63997506871085
-1.67971124341086	-0.597172586653001	2.17827177135374
-1.85432501324287	-2.94119373150527	1.51836230638049
-2.09286280699698	-0.539770160985745	1.64707011563498
-1.73599167459235	-0.8560472132116	1.4422368214988
-1.71959385476534	-0.920850077660098	0.928852189109806
-2.52246461205484	-1.68827477187055	2.43772399149356
-2.05008091995394	0.0219927706023655	1.70434426095686
-2.54048308200014	-1.70388107393909	1.26610523122614
-3.1377526359923	-1.41142980455261	0.905445053413272
-4.18544935694322	0.253323628662842	0.734160472342605
-3.2625476926728	-0.00147359655097742	1.79771788611372
-4.95560815327733	-1.89102959858336	1.52145233323566
-4.03603260701605	-2.98082243733306	0.986279871772421
-2.15350995320331	-0.354409925208407	1.1362587739681
-3.5413111486554	0.516613251046737	3.08632966385885
-2.51955359856074	-0.518017767603655	3.21046487504657
-2.74188647345543	-1.61407379435054	3.54236436600756
-3.77657614649749	-0.646618608714948	1.61856923967333
-3.13283964902395	-0.321773988570894	1.74756080495284
-3.08266684806897	-0.49358691060334	1.17313250245073
-2.80842798056222	-2.43151065211921	0.971921630277913
-4.39826905054096	-0.965966679953721	0.390548764339538
-2.92748839510877	0.438583196582535	-0.174230281849253
-3.40383988144048	-1.97920438227344	0.0172094816810074
-2.15224861505507	-0.330594798708041	1.46885082294402
-1.6070593637565	-0.649650798327907	1.76183526346491
-3.19855414628376	-2.95387346799858	0.468765746684911
-2.61669775435151	-0.218338066496989	0.116236817404337
-4.05715045711828	-1.06115801703142	0.411066121058121
-3.93684458311383	-1.54562943932491	2.01000640702162
-1.83405105653122	-3.15431516126156	1.63569065359679
-2.28308008645516	-3.90789648499806	2.48910964065434
-1.84004278042472	-2.14887278871153	2.52192106300922
-2.87700828116282	-2.63002061740772	1.39582247371462
-2.76413197280626	-4.77284370274832	1.9807593167041
-1.59705909039278	-1.20982623171807	2.90952367510883
-3.00534293787728	-0.160851873401918	0.821988981602344
-2.5230983811049	-0.39703832019865	0.826477149115523
-1.79581856004117	-0.765340956937203	2.28377799828989
-1.74005187195456	-1.22662882906165	1.56508427970544
-1.34627138066471	0.829091272218433	2.1171963823787
-1.92040102342835	0.255204951027989	1.19649444560729
-1.58950406885114	0.520865487372013	1.58995925996742
-2.99714196764614	-0.300414480269447	1.15337445380432
-0.748356918964816	0.223162747973101	1.98300647547913
-0.748356918964816	0.223162747973101	1.98300647547913
-2.41184699998309	0.218288200486616	1.26302625752892
-2.17465635254854	0.289953598900679	1.1679673140876
-2.45236791597227	-0.157690097765832	0.792523727712287
-2.08998440699857	0.0723483577079352	1.11837928087265
-2.754069932697	-1.7373941837969	1.97773712855096
-2.84689327295631	-3.48859514034857	1.64072488930825
-3.05419964070719	-2.16925199873958	2.01266500081692
-1.95917182596582	-1.16512209477189	1.88909491821265
-2.95691503589056	-1.02483757657577	2.28169470966265
-2.55921885680049	-0.953575491948927	0.720060863317532
-2.71374360516167	-1.4812700106721	0.870287440489962
-2.7019043628794	1.4990826281184	2.01228610752853
-3.7222109900824	1.07372632494876	1.84165214976226
-2.46648917956363	0.351866728356954	1.9021597142482
-1.77082841979534	0.35535053947473	2.49321708363576
-2.8004669557516	1.60687479930391	2.43140132003284
-1.63615258150623	0.857907789905745	1.68291188128857
-3.91850003573625	-2.07003131049187	1.11104799835789
-1.31629976249213	-3.48906727619646	2.01130085106103
-2.79300075975695	-0.869797102787126	0.398385921037452
-3.65204574687513	-0.139100641005995	1.11864346585771
-2.10964247932615	-1.42563476439224	1.81864903163705
-2.53456100749452	-0.0171255239079238	1.65294400964518
-3.44458158695421	-0.568217939676178	0.842182251092416
-2.50578047223131	-0.281321132927314	1.89368738862281
-1.00926037446889	-0.55222423740959	2.5057439228061
-2.99551231154883	-0.507925333908204	1.79097035221759
-2.86479105491031	-0.659923851922146	1.98160981787191
-3.46243944229266	-0.383696427133218	1.22012923028812
-1.76878087715269	-1.45306120646719	2.06562118857633
-1.33262457269599	1.12073720988726	1.53836930128172
-3.00027714941364	-1.52469029023505	2.24488714907681
-3.04345337493417	-1.91568798412191	1.89670634835604
-2.17866897882555	-0.519249063029392	1.35981585173479
-0.674747079902894	0.230879705669346	2.8344476858699
-1.47174065549113	-0.237335426460434	2.50635638801692
-2.50624299212434	-0.941153185130814	1.2435861080763
-1.72943744095343	-1.32984272783677	2.72107344605441
-2.83803600462636	0.289238809164783	1.08456562345638
-2.34215764535116	-0.405050163911523	2.63688179600154
-4.26066310527399	-2.55702332573543	1.84352248948463
-1.16579633011113	-2.03679943572107	2.15835110017602
-1.50334947253274	-0.393907669075109	2.64119324401125
-1.12582986662033	0.952401816947288	3.12643216402787
-1.54340635668841	-0.00555859575302198	2.70623080314438
-1.16997476899598	-1.42493422481157	2.1054294023957
-1.66357528829654	0.933812339338736	2.39885248204064
-2.35394548296615	-0.858718323587129	1.94420650667225
-1.42023973017625	-0.562045908198328	2.89210763666245
-1.00934008031074	-1.78509585653259	2.22614339489712
-1.67013671907544	0.932681258077191	1.18451661412541
-2.39018645250987	0.276316474873945	0.316264423509815
-3.31838192326626	1.17458795427247	0.994927843639169
-2.27371694875481	-0.780455294901376	0.866963317479383
-2.05353861220851	0.113014233691996	-0.419193908226163
-1.52725961308182	1.81949665858873	-0.0866661836245375
-2.57142397547293	0.106734068484263	-0.0644112756289345
-3.05817029668888	-1.28598589570937	0.980183988841664
-1.56881903253404	0.398722686323956	1.69835112832388
-2.00577480394944	0.414695468111333	1.47995761406694
-1.22890596047662	0.970803781754327	2.13240597031354
-2.31586297925222	-0.157544820093096	1.49219130411162
-2.13924086727274	0.585202677718223	1.92348419563367
-2.99712859936287	0.448345012905477	1.84258605895336
-1.01347520598959	-0.444945900314015	3.24984928964332
-1.37229926165933	0.147954206893273	3.48063023272199
-1.08385360257884	0.614202243265443	2.59137588444566
-2.04211131751058	0.873472759332026	2.57945675402887
-2.21989029438394	1.17349648408232	2.5486928550618
-3.69751541371206	0.722373266119537	3.48154643971892
-3.03356480142901	-0.805606675006905	2.12885528087111
-2.01736565639508	-1.03281728054982	2.53279196397591
-1.48726039586148	0.301591897958895	3.8337348923343
-0.864721370710445	1.43599350325154	3.17562529835192
-2.63330236240386	0.830837166399707	1.61619877361027
-2.61100045265892	0.636396288544194	1.34735467495105
-1.72292917994322	0.423210564876609	1.79440923290079
-1.58408720842434	0.718591955826949	1.98793106078044
-1.78222283354013	0.53680929751216	1.41173317401894
-0.970906489870013	0.823114533830561	2.20617149336579
-1.3523721938889	0.577083376504382	1.51850618825576
-1.77342847657638	1.05752126430295	1.3882028386999
-1.79570875375173	0.741546526295421	0.972370424272201
-1.40586897146591	0.346592154346816	1.44774012202952
-2.08612427357888	0.475647519406104	1.6126199130543
-1.89025888147708	0.332680627738643	2.04751720786997
-2.05992309266387	0.46826990135159	2.43481495732883
-1.66728816568664	0.60099304264204	2.41536347008292
-2.30933446851006	0.725132439008095	1.40319606354289
-1.40339500435771	1.94538646200102	0.924166000716343
-1.28682150023632	1.23171324897209	0.65769406104926
-3.32604128616156	-0.393982939650191	0.594342149670547
-1.40284814218494	0.414303276444328	1.29475333978145
-1.66800285698756	0.640139627386298	1.99345213481858
-0.963286615273724	0.48414862293182	2.26225394862313
-1.56026997933514	1.13488723084352	1.82856814983002
-1.30393061583688	-0.103619953504739	1.75247003329139
-0.00220218610162026	0.766198522584584	2.12384520597149
-2.63688986395224	1.07232548855435	1.59596466193229
-1.54421534878005	0.647757055111731	1.37876490404022
-1.43823783270288	0.322760966519814	2.37217717035316
-1.23599459276144	0.530296039305641	1.83297487981979
-1.07721268184657	1.03415044666322	1.58046817714865
-1.13859812968984	-0.174743186166523	2.17873732263557
-0.353042111224042	0.790479690452413	2.84298409498123
-1.43480258865994	0.604225186480255	2.1453150073262
-0.89667611340077	-0.142176059320276	2.76580837558295
-1.01785466180676	1.50739256569399	2.78873678628432
-1.6106020990785	0.948350087497636	2.37023101181054
-1.41912352893861	0.763800838119666	1.75991365865744
-1.97396480117578	0.646551429481056	1.39007998819398
-1.97396480117578	0.646551429481056	1.39007998819398
-1.97396480117578	0.646551429481056	1.39007998819398
-0.506116891388269	-0.173994543883768	2.34105583516982
-2.26056589730934	-0.246588575398835	1.57760614068653
-2.06430247166954	0.0331378205613871	1.62703836766711
-2.02111084767474	1.28676897829614	0.595714249784327
-1.53630325767059	-0.123882858305077	0.555326077452321
-2.3505168200468	0.39123035559762	1.24446730577936
-2.04845082184229	0.18125605810364	1.13210620915183
-0.951901553045845	1.60752303010455	1.89758454216011
-1.70307997210891	0.160966743715805	1.63751303957505
-1.03351242987554	0.491635763647717	1.99529751227773
-2.68335936066266	0.94808695943755	2.00106352039898
-1.10915954230686	0.648465133122681	2.49725782163596
-1.10915954230686	0.648465133122681	2.49725782163596
-1.36980367264281	0.866179253567516	2.5163213455162
-0.843713568549524	0.0270010417081337	2.22315400448177
-0.984529514074745	0.705038108693191	2.63804582358298
-1.2079729625051	0.0751742749046962	2.69045933144417
-2.24470620826319	0.128257830392072	2.05061222418682
-1.21748432376242	1.05539509073602	1.82311337049
-1.17319687006913	0.945981254548599	1.66458560263415
-1.60591399065032	0.837673182075836	2.15742681149527
-1.60591399065032	0.837673182075836	2.15742681149527
-0.995031205866106	0.237116050999582	2.24557189800118
-1.93147087418716	0.922354169400693	1.75984187012018
-2.02937857766454	0.45475069877831	1.6608518508117
-1.96996997399975	0.94090450234383	1.3860914144132
-1.68556188809095	0.970614469127824	1.46543447862762
-1.96913005224958	1.34640765596908	1.19312256986767
-2.42787900217186	0.569506771326004	1.38478214611067
-1.71782997251578	0.322718615747513	1.54290438475956
-1.41987790669519	1.1178892448533	1.95491687614235
-1.63682382850011	1.92884589680207	2.15281670499915
-2.262714495235	0.641007360474125	2.4518374078543
-0.3818580966577	0.959883915615634	2.30627301299367
-0.862820163532064	0.0735152852961318	2.84635229724045
-0.862820163532064	0.0735152852961318	2.84635229724045
-1.7432416427277	0.425234719916214	3.23043874547673
-1.06720635307459	1.12501796956461	3.02602291405376
-1.08466016299026	1.07786909764307	3.28599417145926
-0.638320303610461	1.47811894859421	2.67276716460287
-0.638320303610461	1.47811894859421	2.67276716460287
-0.55081205620898	0.175653345525091	2.29606085299761
-0.225182062130544	0.278641349344425	3.31846209956954
-1.20399368226509	1.3859028650202	3.2666225010594
-1.7942154327453	1.2504976978219	2.91936154477808
-1.17755286809756	1.0081490582037	3.21463308238762
-0.385719851838905	1.04162195010343	2.81425538558727
-0.425649442695268	0.769066631040267	3.3820448347026
-0.383542914283863	-0.218850928677419	3.31938983529068
-0.354241506325367	2.04771195477783	2.78349926437622
-1.06682873205701	1.17479964455483	4.2590865236918
-1.12137645006014	1.2562029898538	3.90223729021578
-1.53095810401983	0.517554320246235	3.66036493568577
-0.433901252049958	0.748288152570711	3.65161229956224
-0.62664265055596	1.24126816404424	3.27330095004647
-0.62664265055596	1.24126816404424	3.27330095004647
-1.28932778171099	0.684202606936125	2.38559218425478
-1.40634407996963	1.4476618546722	1.87288022602345
-0.816943200597812	2.11939063795696	2.11355877935151
-2.21264849235052	-0.979536485617981	3.00436824345744
-0.955840035458031	0.215984631138801	4.23322910151482
-1.28074953457606	0.278180009706744	3.85422635164864
-1.44605556941572	-0.324791187789759	2.37785227634169
-1.78771198317313	0.655062718105541	2.33185078527324
-1.78771198317313	0.655062718105541	2.33185078527324
-1.6243142128894	1.4107318995324	1.20738704766944
-1.6243142128894	1.4107318995324	1.20738704766944
-1.08559312359185	0.373434762543924	1.93588218899809
-0.664534876256496	-0.275402950606058	2.14877021892201
-0.725122353739013	0.0891468193277954	3.16964503772256
-2.12380201515671	0.801437091998451	2.73865718745127
-1.46553392954466	0.259053789131282	1.13426464805742
-2.07157852877036	1.26266346349894	1.40395726711467
-0.823678459944412	1.40251059648653	2.34004632023973
-0.0763565330120484	-0.475740695022285	2.9958206291456
-1.19460757717721	-2.54849182708158	2.83630478043938
-1.36457824906433	-2.0352949527009	2.30496645544805
-0.920457093951963	-1.42784700821092	2.14260418547142
-0.542338400650477	0.115486645974589	2.39090368111111
-1.19716021138201	0.510342721849933	1.93048798353697
-1.62125735349281	0.527200370682773	1.29227088902044
-0.710444123541788	1.21793348663608	1.62995603143286
-1.17257749496177	1.61152741607753	2.90714962934473
-1.34251285842251	2.44619046923519	3.03807749948317
-2.46819926137285	0.807007704956096	2.5241914666545
-0.216669019077091	0.365039839296517	3.54569423235207
-0.997287830642563	-0.290403145347173	2.52104143511687
-1.35910144666971	1.8277771258392	1.75265571860009
-1.30995319670274	1.0450348403519	2.18370364802589
-1.43570034923656	0.580186079193114	2.20392914362761
-0.979055226108022	1.7518876098709	2.35324750643568
-1.95692297645057	0.178844248084192	3.15307932522148
-0.159527129096671	1.02002624185687	2.92491147403617
0.15652885687951	0.763581738152182	4.14144411949095
0.159333957535278	0.283205737353792	3.949751993193
-0.787788347527312	0.327995840257899	3.75718129263964
-2.83853510443584	0.696113090284005	2.82175405100113
-1.84003661741449	1.0522581799502	3.18709154215812
0.271530346135172	1.32597197399726	3.67235224385374
-0.39489871440097	0.687190940133254	3.65179080628585
-0.464164353666293	1.47265676972188	3.38520153426629
-1.01119088469065	0.0578711168942026	3.78155104837835
-0.703917313300032	1.32049720177053	4.12862185754059
-0.684935713232661	2.12408914910463	3.29592492386329
0.299385070906287	0.601422183604513	3.87463564556111
-1.78546639695201	1.60854569163398	3.44331085905238
-1.22430384220723	-0.264710190395976	4.1605367442802
-0.584619236450133	1.1947347829996	4.02363314467551
-1.8715741093528	0.169636136247118	3.73780894124195
-1.18153722086394	-0.573355675236655	3.11578255650122
-0.626373882454357	-0.0927121722994243	3.3398299626183
0.078278110665805	1.65067060147711	4.09302018116295
-1.92757692802083	1.01323258496052	1.41386364459838
-0.515425564585661	1.63626560934131	2.42031124736734
-0.636751691294936	0.466964948983033	3.08268723682339
-1.20579956978762	0.60987223768186	2.06099980429989
-2.18947005137505	-0.554934642392252	1.84627592817326
-0.639601166352286	-0.87288413154973	2.99050574073888
-0.291653260474317	0.994203375035065	3.71860916645133
-0.480764266964568	0.0655789519405161	3.17665354213874
0.0950040943982475	0.6427358088233	4.25986218635243
-0.735129690923365	1.09815398201004	3.80562837366202
-0.750204985777519	-0.372341601519943	3.93187132873417
-1.87865296435854	-0.848633272384881	3.06500184543169
-0.554134250286809	-1.06091335944732	3.68114335320434
-0.8187443154437	1.45191007579208	4.02807003817805
-0.406793091927828	-0.446531150328009	4.40509875048747
-0.00365703756739144	-0.0322122232917985	3.38918477814646
-1.69020446494166	0.711439660167533	3.94070635583765
0.228199867024999	0.526435390835528	4.63269275671399
-0.316707113278443	-0.802675944544597	4.43750973313301
-0.592883954221442	0.309969688177941	3.70238066078975
-1.48395529006638	-0.272687435244589	2.30081016263239
-0.721249969632727	1.86981584114845	2.82120776642094
-0.382440457120494	1.26565392056214	2.61140917575039
-0.491647837181622	2.69287010152641	3.24441688174984
-0.877563181462812	1.59991075423534	1.88232369414232
-0.877563181462812	1.59991075423534	1.88232369414232
-0.153841540395593	1.70631921680748	2.96907781356834
-0.861220880616762	0.857218964949653	3.70205354740507
-0.931400290038731	0.803740441351278	2.33880537241219
-1.80047691120806	0.583195122422422	2.75316706436229
-0.0585873292838088	1.35868925259168	3.8157823828072
0.249342062652495	0.937971352678161	4.77411155616142
-0.271161021314633	0.0174964205484339	3.75406380424527
-0.0352024648516796	0.661573968806438	3.61266407423195
-0.165004375649232	1.62696750526026	3.84919385747209
-0.891257767107837	1.0867323799202	3.45979610413936
-0.8928329998734	-0.0640434792522088	3.31241579919992
-0.8928329998734	-0.0640434792522088	3.31241579919992
-1.22100532121072	-3.884015595202	3.33713906437038
-0.548854461241884	-2.01019217949439	2.22509336274201
-1.17908291032805	1.09353258730042	1.47726169759705
-0.433999718067824	0.889888185922272	2.18791779975919
-1.87182361381138	0.878747290014856	2.4159382573044
-1.51139779620737	0.79693280890759	2.57545891999617
-0.934291909352817	2.19644835896386	3.45689721103124
-1.47239489534387	0.973470098188982	2.83366651082117
-0.281018465845868	0.839754984008822	2.84156998127045
-0.700394280920325	0.783241012352832	2.67162642575021
-1.11725227128281	1.35389326914819	2.20085382710522
-0.691290964779995	2.34785791076795	2.59088289232714
0.0249530526003304	0.913615988829568	4.10643760658732
-0.422861492274311	0.202058233761661	3.55637548412957
0.0578936100428249	1.83581478468956	2.99851103382338
-0.140285443909564	2.30872034656126	2.74850444851065
-1.55863503652935	0.76409305999207	3.07094446983682
-1.27489461716177	-0.56745329699952	2.85787418583537
0.367043248501467	-2.05546394276498	3.64015986725584
1.13066926222427	0.480384947715124	3.81237092548505
-0.365068458621549	2.23965536442849	3.64095287014154
-0.287084318391973	-0.0444952108174793	3.99835596356898
-0.0436503941295135	1.93305424917195	4.88018561366072
0.0710980040575113	0.494932974564748	4.50462177505095
0.675886586488069	0.771451923201645	3.95628266340533
-0.785859818777362	0.392225069220056	2.77077496484683
-0.335349385241074	1.26839883278703	3.14042273699755
0.245757301522052	1.8490339736607	3.47067731617662
-0.504213224016202	2.42312908040782	3.0197732896958
-0.602896947996111	-1.34850788430123	2.28963614858085
-0.870770401384875	0.20814100666728	2.62906706853823
0.073382433993022	2.48004006162113	3.44679592616611
-0.286253125667169	0.996853842940372	4.13217812064289
0.375259586534132	1.78122529037583	3.7670743774335
-0.00147925738841581	0.282340581183577	3.70174429062117
-0.230755590039169	0.878484243463453	2.87234246868257
-0.940577962296187	1.24566059528744	2.46859624015414
-0.561112285136759	0.824364761231172	2.56785091282225
-0.605694515125276	1.03440223141678	2.49507833112691
-0.605694515125276	1.03440223141678	2.49507833112691
-0.694863214785847	1.17264830444579	2.34659601202695
-1.02549556169312	2.32095588254888	2.90882324756537
-0.202247720839074	3.33968916049834	3.95005250975136
-0.954474946092805	2.08821315026855	4.43280878996923
0.0623185475957664	2.51677164142214	4.13002382112163
-0.290225910954223	2.36337853364642	4.24997705294752
-0.466435634077658	2.00838847342716	4.17368936656904
-0.466435634077658	2.00838847342716	4.17368936656904
-0.885996105481585	1.363950502999	3.54433529862266
-0.12569144515744	0.00913133480535921	3.37362507159575
0.017158005962588	-0.2673551517154	4.03718524252979
-1.07478415819897	0.362427864442912	3.991679389665
-0.702127882237559	-0.664762245620775	3.15854589439238
0.50014013271277	0.901399315558575	4.43132495326991
0.110865498156916	1.00385678280417	3.42110433213392
0.258489675909302	-0.349551619385413	3.75118403126827
-1.62364326841311	0.513399135227498	2.83628224121567
-1.52292614860267	1.36870651766978	2.61656911746479
-0.0602011947454313	2.67156556979341	2.65419901789206
-0.241994470126146	1.9433779330454	3.57147595654316
0.272685712195504	1.98590007909739	3.86774661593605
0.189377190286053	1.77375134425065	4.53784966527845
0.748315500874129	0.767648269005577	3.55717194865268
-0.890451497963798	0.8615635546205	3.94203681708324
0.67340204120736	0.70351233005062	4.1116228697935
0.277454747580532	0.938676227693714	3.51804128313268
-0.865778331517591	0.85474893285001	3.90513183908122
-0.428595265905408	0.242351424724263	3.59558357452035
-0.207693098213514	-0.411096136453649	3.53862075128214
-0.70728402619354	0.400110232400809	2.98790489737586
-0.164832954651596	0.518044608734614	2.92874496735649
-0.997967779918877	1.81409913033895	2.82122714072926
-0.722078112264525	0.397623133764234	3.44877495815329
-1.44159592224912	0.306085612860719	2.19806647546237
-1.05159533658883	0.99670583841011	3.18500146520094
-0.162827834284301	0.355395044810535	3.18335249080032
-1.80375689329091	0.300776964562876	2.96655078319542
-1.01628501028183	0.884152082221827	2.55896225216553
-1.01628501028183	0.884152082221827	2.55896225216553
-1.25726034215033	1.8187808217288	2.74071326524373
-1.86018990558691	0.31739826723901	2.72272214414423
-1.28590521048898	0.410004606183658	3.31142703421086
-0.019849090308306	0.392218102461356	3.88301924292214
-1.95039505902347	0.632482913883828	2.48951105241308
-1.31578646388022	1.09595680440026	2.45460549202943
-1.10629464611135	2.08717019852953	1.90713366234422
-0.977673204317116	-0.336885873617347	2.13642144505308
-0.198979270082961	-0.577111635659753	3.17633674876744
-1.60074282119259	0.695736852539024	2.88818110165419
-1.17042412910274	0.700040817428079	2.84777850048422
-0.697809270065708	1.84606124592737	2.23447270375937
-1.56873377009117	0.74154212931253	2.52730106526928
-0.563378326476962	2.13789016925535	3.32753259021576
-0.566407066233733	1.84238294909201	3.32207584799153
-2.23535253161366	2.15598542575854	3.08539858290383
-0.870452394281297	-0.179507598488721	3.44114933426166
-0.801807091146917	-0.915830338401833	2.53396023901764
1.14127316679575	0.5468682245186	1.54497939205383
-1.32956783863673	1.04370019132272	0.912654408541032
-0.364390856553546	-0.400062801598607	2.95586283469742
-1.07966288935833	0.0682964635345791	2.99817194198186
-0.233357628432851	2.09473298952338	3.11894552218659
-2.09813707718083	1.88323648526484	3.06853473521794
-0.947190229714205	-0.444209032178907	2.81783391469044
-0.0670388925828911	1.36736310195163	3.1017048162108
-0.00671334960158809	1.39289560995336	4.0101545981318
-2.0636246269648	1.14535276638419	2.51156711673759
-0.166231737754826	0.906092831431807	2.56814465657229
-0.966663908789759	0.425715225389826	2.2296334893286
-0.323671208441399	0.504436670838356	3.67589169904795
-1.32850189545303	1.5631346486651	5.43177444827515
-0.697985845632219	1.17521366385725	5.16310203994468
-1.34666120013262	0.99132083799273	4.97986611356256
-0.452471741543348	0.526830943629636	3.61342328511519
-0.423257102746516	0.312932145095706	3.86749183433906
-0.843076171999828	0.136656569561762	3.16508637184888
-0.901246737306832	0.0862501979078059	2.65091851939761
0.0350244885763948	0.776900016867669	2.62923112138754
-1.59292696272301	0.905987481081975	2.35245970743607
-1.34487488251936	0.719468318067488	2.42553210896109
-1.49765850870524	0.0781751114577459	3.08602801366622
-0.359376350328284	1.06352292787884	2.36010961260715
-2.30164728681801	0.857996919734304	2.85458647617066
-0.050168532148605	0.670126806762347	3.31273074690145
0.500257071098541	2.33157957741954	4.63966878396974
-1.68377211625603	1.29436275057688	4.68294705960759
-2.05326139495349	1.70972503266031	4.3237221211183
0.475443550910843	-0.74122655747141	4.3011728288159
0.046853842505769	0.952123426676332	3.41277177805661
-1.2381755237138	1.7767216563301	3.02765038341415
-0.398175875229694	0.659118107905292	2.34367315175785
-0.952930398424573	0.0501387005541039	1.75224824972062
-1.71806317149543	0.898065606905933	2.56703703367206
-0.212676082170678	2.26174060205966	4.10923491967054
-1.61653744891922	1.62998025180731	2.82354734860565
-1.13392136838189	0.800853076548403	2.2823387721797
-1.16462920999737	1.3941370382232	1.87059001459863
-0.366709317564112	1.4304529833694	2.74112494539442
-0.491520278105923	0.243573598442228	2.87497244595272
-0.190532579819605	2.12963292016289	2.47502536539792
-2.23448145936889	0.825432862538858	2.72466527979978
-0.75764088756442	0.99585789428837	1.97529708902933
-0.75764088756442	0.99585789428837	1.97529708902933
-3.61004943545356	-0.207814074966669	0.815705245520176
-1.16250628030929	-0.219057910105364	2.62774523239262
-0.907111604865376	2.6276107369823	3.02540037834261
-0.834574414435079	1.32543582990774	2.54168563295529
-1.83245331126069	1.07853231508479	2.44474890629499
0.112329438214605	0.689337217501794	3.54010402699132
-1.43303923051635	2.1695108675852	3.76850029478348
-0.272238986888948	2.23267821761137	3.44396208558883
-0.0620920095445355	1.85188583667797	3.58497349112783
-1.4287629816225	0.993806848194156	2.48394985508561
-0.349772677967093	2.42554918566665	2.97094978010782
0.147037389758092	1.17361581386316	3.47754038674501
0.136158501147483	0.302311355553454	3.59213900120284
-0.149114538661606	1.27836854468958	3.56081049501994
-0.119875644544144	3.04402760000543	3.65196086190745
-1.22112073526998	1.9176493637671	2.34031454313366
-0.388151863340563	2.01388062633024	3.10006898011628
-0.410341561655935	2.16066596413582	3.25300801969453
0.439251460587072	2.05228529026111	2.45391342833119
-1.31807553112274	1.20400042163249	3.34996366273618
-0.330100222485676	1.03051908818928	2.560069907481
-0.510268214716094	2.14213793175525	2.92945022483759
0.33728039353947	2.0380681792203	2.79023032510005
-0.76254624431452	1.77346921290296	3.21815861952665
-0.531009753261651	1.74659856763241	3.12885904287898
-0.531009753261651	1.74659856763241	3.12885904287898
0.626639010688757	1.87274952959977	4.04395748798712
0.542648189177468	3.01534404532437	4.61235917257989
-0.825833864452338	0.420995305326668	3.4205966342638
-0.774916662432038	0.342174440123853	3.50052184775269
-0.799541862509604	1.86912728201487	2.90778847581383
-0.469108364026456	1.43572233421541	3.17133690176163
0.192996964342257	1.05948876137782	3.77554611279331
-0.635206715424978	1.37604146429124	3.55394631199154
-1.12141472310427	0.640212083850666	2.75655485513742
0.322312453867147	1.36865270196718	3.57488922552216
-2.10419708067594	1.34107179520443	2.64671508242049
0.381026942126859	1.91467486787279	3.85040083341582
-0.559636891331509	1.22997843804378	2.76094005606559
0.239909346177976	1.75839562554376	3.23726187276303
-0.363334684867218	2.25063648516819	2.86259778777947
-0.928112916201007	2.80035961571989	3.13658833806883
-1.79692099027432	2.08929019367108	4.3217630916786
-0.22124981284198	2.61264499141177	4.54585445860794
-1.89603341242499	2.14127505019992	3.86250533070634
-1.07758374564299	0.892559225839617	3.3621708602783
-0.0739187297895523	2.21756406287131	3.74497825045248
-0.954105381281855	1.6048863047848	2.9784242048276
0.40643409224603	3.14155651748278	3.71792790128704
0.0314692581877124	1.7336387838471	3.56823088676848
-0.851443307765101	2.05926619391768	3.75633719768569
0.784291275051946	1.56378192204142	4.18752826959542
0.61717713142284	2.56083723128111	4.09710812276481
0.639366596301013	2.71669352720006	4.12281255783609
1.26049444726159	2.2471138970254	4.20417257380284
1.3423882428186	2.53692105892565	4.55440935580195
0.111753420399817	2.29072888978488	2.72681061748522
0.294893471175095	2.38048338768379	2.98059554910582
-0.110245075611652	2.73472405669626	2.94630066422197
-0.200958931842011	1.09189431920164	4.11806698416029
1.15385258675044	1.78206436662921	4.48212083929741
-2.92185891261963	2.75994783970287	2.99324417038802
-1.09188109614163	1.47646283125814	3.16383294392921
0.0229304228479634	2.06001710688552	3.78326359486921
-0.114722464956247	2.01651211864951	3.12232574328007
-0.106011611718244	1.76437292674212	3.42630343924959
-0.256691340944395	2.07650632372603	4.54235378131515
-0.799430820253363	2.69719296019002	4.6278223666099
-0.106044665967681	2.03924245098638	4.57483980758385
-0.00547053180455359	2.03284583846151	4.09921708577621
0.941166603875311	1.89434369536206	3.45223028862982
-0.326216405415935	1.75494661494793	2.99578344816763
0.659479091830321	2.08911157737329	3.42283212857995
1.68678294721284	2.03677567398609	4.01529921314439
0.697678205720591	1.98414388847327	3.31633828402949
0.687513375935549	2.25168277538686	3.74561048534437
0.491403890437517	2.28206263866984	3.99670331083806
-0.0615453729016731	1.54182915601013	4.00634427616609
0.26101703312332	2.58945892899258	4.3577387850434
0.525235913846908	2.04963594670633	3.69364528210671
0.525235913846908	2.04963594670633	3.69364528210671
0.525235913846908	2.04963594670633	3.69364528210671
0.101968449901026	2.0994673096994	3.49984260892215
-0.468367427344681	1.71379010581423	2.61910982891089
0.0230905601003527	2.83067981847404	2.76131364844784
0.504007305049165	2.75615734920086	3.74887824729067
0.416267824317146	1.50207376033112	3.72781532666696
-0.0133799952352353	2.49349115541943	3.8141198656044
-0.0133799952352353	2.49349115541943	3.8141198656044
-0.24995827740495	2.51802062075232	4.12371378880823
-0.416172174655606	1.50880939456607	3.92083657255388
-0.55661251486941	2.45438463510925	3.40788160625613
0.0328949406411978	1.11690018423306	4.08074084361836
-0.270488486902351	1.9446899286432	3.33601788605214
-1.54422681232468	-0.0666869789602668	3.89404496755483
-0.455358645175072	2.58776163306421	3.48779909799748
0.147041395861895	2.76227656534852	3.18978287155542
-0.966518024456669	2.33357912380647	2.64177290658497
-0.39088055542052	1.95744841944488	3.60865015775322
-0.488834993593794	2.78936195377546	3.26442338358952
0.248573495056818	3.09730907323648	3.67649154730985
-0.124026682819906	1.79762813553455	4.38049722021992
0.593425574463576	2.78829672886647	4.16485503003556
1.50228532544162	2.96472094467174	3.80602404712845
0.0586307938100278	2.83364928751474	3.91491402240363
0.557344340484545	1.59302613217705	3.09336992960054
-0.31243216892523	0.840565030395394	2.8636567545886
-0.908628382572984	3.36089579352009	3.47386430697082
-0.72808298693352	1.88089947960043	3.38897971552553
0.400589799234892	1.38814399241442	3.44456131871289
0.394449837716319	2.82910544660628	5.21540851255557
0.696350333461782	1.64559836415996	5.50241909962933
-0.231448172455722	3.38688679335653	4.37696839638621
0.428682265494135	2.58528901615168	4.23531311357564
-1.05168860082766	1.68575178932896	3.36905421575888
-1.21202606157917	2.50517427171478	3.17355509538387
-0.831242218830917	2.53400709065009	4.83259475185846
-0.25010348908087	1.68548740425099	3.66892977729666
-1.95262273278045	1.81273716810558	2.92195421396736
-0.636645685672717	0.781681457719007	3.81200798928094
0.0978912652797501	0.713423018576215	3.74991060548351
0.0978912652797501	0.713423018576215	3.74991060548351
-1.40559408428712	0.313350729553369	3.12126461535284
-1.48251262547737	2.08118806246392	3.6443229182511
0.0140835244530839	1.65828416269221	3.38621960720149
-1.12245434608914	0.951781995874282	3.33442277896284
0.0212991055182671	1.62642800231654	3.31316623614897
-2.66413383888094	1.6051338792838	2.75767243798923
-0.21431233085698	3.13001978487017	3.87862261150003
0.793912207997437	1.01007258433832	3.38488256216867
-0.413192193552651	1.50556077867118	3.90295401646351
-0.413192193552651	1.50556077867118	3.90295401646351
0.229541551374929	1.01914108950444	3.2014368083143
0.027632872427486	0.133062943736865	4.01511270183563
0.223992087094747	1.11494098518107	4.8476196602987
-0.0775001224579265	2.2890971361567	2.52184942000653
-0.0930411720714736	1.89548937680638	2.85375300935963
0.375182791306291	1.7744227740121	3.61840836730327
0.264142198967495	1.34994272683359	3.02181559509866
-2.42270262444536	1.56619098636064	2.13113157912825
-1.14509817610123	1.28911412787688	3.17346775422598
-0.432103591263659	2.41834458006347	4.14841602122326
-1.6227739296196	1.59178243911759	3.32693618989129
-2.0204675338903	1.03529930273561	2.64469230895183
-0.433357924510729	0.983424150741678	1.79806000968595
0.00515006145357883	2.65708728325308	2.83515339386887
-0.58398388540246	2.31702031529549	2.99762365550493
-0.476556349921888	0.345944138736515	2.50681509515903
-0.579510402179014	1.73492025027558	3.12086258820868
-0.252179047841936	2.04108058742482	3.41031559398728
0.26862185139875	2.35823834764526	3.91023562905611
0.139259220960581	1.91181153877189	4.20072143926447
-2.06204466899888	3.18527727796229	5.02453929502675
1.62558997266593	1.87124201523595	4.17664400999815
-0.102713410914536	2.05008889989894	5.27509018981881
1.68988678713914	2.9054185171803	4.9897981153488
-0.0535844894022919	3.11786469024379	4.83768160466269
-1.53586125074364	1.76263561574532	2.55228326887236
-0.208712831030947	1.27298355257182	1.8784332789754
0.0568401718045104	2.1339625900364	3.28302731296573
0.0571133180494124	2.19817518578493	3.35208241434963
-0.324935094583396	2.17238458665819	3.20062383599005
-0.382662732159434	1.87454743052697	2.94379639556673
-0.887585714313398	1.25931497739261	2.3212263879507
-0.0465602882034602	2.91711131690548	3.08411732435882
1.23057852036172	1.60219770893198	4.01824048082238
-0.500913367893123	2.56756399261202	2.9897096997867
0.379822169328752	2.87889680446427	2.79465892771004
0.00523017663949177	1.02049968022291	3.74423101763479
-0.269854332922685	1.89935763947535	3.74691061467959
-0.146942546527268	2.32387278693067	3.39813159119896
-0.146942546527268	2.32387278693067	3.39813159119896
-0.770421832857816	2.32116385024172	3.5085331687021
-0.446050307857472	1.72599280830386	3.32304049795064
-1.12206055522056	2.84087749265308	3.65107863517555
-0.582275546400499	2.73302150898571	3.9103229393716
-1.08553415879129	1.20768123900849	3.3815412417181
0.295162266002481	2.45627221489576	3.6550971445711
-0.429528003191903	1.55652055991954	4.03262330655997
-0.724500537871159	3.85579039007479	3.25260593916411
-1.8283329188107	2.57102737732106	3.9179072934159
-1.69126143704525	0.22297948798761	3.32312138019198
0.654130464711915	1.9292804584927	4.48135533960414
0.309274543687707	2.34769185107874	3.89878088152087
-0.020508442545876	2.09406516763513	3.16424047115038
0.0361878712343945	2.0796151583902	3.03314938271196
-1.14161370198596	0.563533422558223	3.45031172721841
-1.52389606382372	0.537862333864486	3.12538072139352
-0.687615203832468	0.797442814131074	3.29400243609674
-0.615122424296011	0.499795598378407	3.62750739171983
-0.146521702197737	1.75581380382981	3.13646921695184
-1.74359738166182	1.37366172569312	2.61957926795393
-0.231476613821177	1.77119395269059	2.94763188162396
-0.292131403887311	2.06337900890524	2.93679060519969
-0.977198584527528	1.76880848685627	3.85308428370916
0.00502881848637114	2.42943297960176	3.64148993486238
-0.091574769598515	1.94518888874334	3.36973426215621
-0.091574769598515	1.94518888874334	3.36973426215621
-0.279281189029974	1.49969501148633	3.13518225928541
-0.448035403424048	1.09028457828945	3.63820230130218
-0.711275152575	0.938979962930821	3.73827738327455
0.354581743562828	1.07170052855843	4.66552934123153
0.354581743562828	1.07170052855843	4.66552934123153
-1.42192834046951	2.91155734066337	3.22717454104656
-2.61592746388866	1.53345056910367	2.5873683224003
-1.32127067275132	1.73799550040644	3.14079951317352
-0.117150257662223	1.99552306920189	2.43165814614727
-0.211751367853556	1.7614488527665	2.3458297985664
0.532783854860652	2.741828028852	2.53442383123191
-1.5045618339014	1.98623131298626	2.16193760366193
-0.955168721477368	1.98912447261686	2.26921370316393
-0.147572554112005	1.27111846471866	3.59982056035255
-0.874862832409208	1.42260534884204	2.52958793660673
-0.236648944066678	1.81337278330402	3.23360859547588
-1.11734329140261	1.29375699942313	2.54827982986345
-0.713881707978567	1.44096714656469	4.1033857730878
0.303179028261227	1.46813350288715	4.17606482019024
-0.494898016187546	0.849053303097928	3.3468193531283
-0.582981154267901	1.21642078448674	2.80266427328316
0.0276309087692255	1.85368105678247	2.35762644499776
-1.36110003219324	0.128162979478289	2.05702782943599
-2.32005865652298	1.1198950651574	3.77642966121877
-1.11654605730351	2.11524328008458	3.68409255349436
-0.411514549530498	0.977966045527752	2.35314538110734
-0.411514549530498	0.977966045527752	2.35314538110734
-0.752513590152109	3.45576321388418	2.82040533482032
-1.30962025578776	2.01287917468022	2.74471868857166
-1.38669229027013	1.09760633495467	3.14246331044499
-0.657615228677986	0.5091443228486	3.78231374494151
0.415598829136218	0.549754670496019	4.35378158132173
-0.0683566013137425	0.835159510152544	3.93809347711183
-1.3881045102045	1.54329259054321	3.04532541580036
-0.252622858750421	2.63232951540843	3.03485899340799
-0.376139243909708	1.32503006109282	3.57226482739745
-0.349254534368744	1.26900237544325	2.46340705714409
-0.923937504386595	0.597201030085511	2.21832179949111
-0.923600362157017	0.574523920739072	2.74673950721466
-0.505084357245765	1.2038399672882	2.86365719615664
-0.678782404888531	1.92086708182925	3.01066057925817
-0.231982564956999	0.975359127480325	2.81561215042876
0.242668651729004	2.34138845798493	3.09667130470679
-0.34016114549317	1.87403588365224	3.15269272678942
-0.607299354079936	0.624255596902781	1.77468981327085
0.704903525241957	1.56637309002049	1.56563117858849
-0.132266349746526	1.99028729161186	1.58257948523414
-1.00999918445477	1.68299716318349	2.13732394618186
-1.29953556992013	0.923937055633881	1.2767378981784
-0.503836693899034	2.2891055395562	2.16364113576277
-0.378361232363711	1.00128574882865	2.58753174483006
-0.378361232363711	1.00128574882865	2.58753174483006
-0.536601127633599	2.33641391836288	2.36217546061219
-1.0075513093125	0.16119200432826	2.65673308933222
-0.265851136856706	1.52510833264723	2.30255169662218
-0.479952689493403	2.15879535765644	4.58359200824506
0.678652006426904	1.39113105213095	4.00154136913937
-2.11877043713428	1.2071345942584	3.59849176962795
-1.48406501671366	0.99579351677259	2.64465133273971
-1.35690347787441	1.77997734427359	2.25035085171335
-1.41935637820626	0.708214037286722	3.50540543011754
-1.18693075579777	0.883479514022983	3.93642379211536
-1.86303722538432	0.831521505717266	4.18413946014496
-0.528116027804489	1.54208497843162	3.12002767906025
-0.876338739475083	1.82546942820241	3.43307474135519
-0.305416254559454	1.96247753320734	3.43549596489149
0.290620723835293	2.13873338880283	3.29100367564066
-3.64687212498115	0.0722188280012097	3.36562281216899
-1.82296936349043	0.0809642103132935	3.66134985239888
-1.10280866993969	-0.334695480319306	3.11644245922592
-1.51831473311858	-1.18744017520637	3.30435768193896
-1.32907489268784	2.12738838315238	3.44303248522485
-0.638430240883066	2.34633255365055	3.84595398626438
-0.943686599569438	3.06966188049982	3.31087969366571
0.166891618922483	3.30120401338013	3.37688188992634
-0.452063449822075	3.02000396588536	3.48192208322885
-1.02683009662019	-0.459111980604686	3.21314823049273
-0.242646646136447	1.7774382139813	3.38828816163073
-0.441381174011787	1.57604717824766	3.23838936827284
0.677114884176629	1.1131274352818	4.22871444718605
-0.233031527947441	0.437186091253303	3.82346325391831
-1.22836016375899	0.195619707591211	2.84413513603379
-0.748437261779317	0.493895103418395	3.06634128241796
-0.734687495213737	0.837443958024597	3.38140745449413
-0.0123468555803562	1.40329010456901	4.01821585167887
-0.481872616791201	1.31859970057129	2.44220127547255
-0.329170476457731	1.13202452473122	2.27168626438207
-2.35846624706765	2.41135566374968	2.6392955370523
-2.00772855489743	2.04979400306835	2.9727850013334
0.0196799828518733	0.770481234698973	3.54251550814168
-1.64494776167799	1.35519911507935	3.08364556034666
-1.81164757886725	1.48949535153483	2.7930756980053
-0.492596021498774	0.992038295809215	2.42212425940703
-0.579213356086571	0.406024114557098	3.07880371640884
-0.812655224681158	-0.762468857126281	3.36115478421454
-0.78609962974902	-0.717792444134929	3.06423201395478
0.464675064005191	0.175376408688095	3.75968488271554
-1.14207997327449	-0.123220736244453	2.31865585897761
-0.720228283063016	0.591130804809062	2.92214761543127
-2.94924615243965	0.93116444132929	2.87903481968778
-2.30093061432959	0.938615459133564	2.41720451057718
-2.6522895709424	1.36767284329588	2.50650536202629
-1.5460007341551	1.03609086390895	3.62843240438607
-0.82190021069434	-0.459601282860417	3.61014973886328
-0.947474379243358	-0.175343670646011	2.47791822270175
-1.59358431414516	-0.605838873411841	2.2571886416546
-2.71224786383534	-0.377247294155071	1.97569642551068
-1.26455683767348	1.90888900278326	2.15049496103904
-1.44528154120658	0.835846941835599	2.29875385265888
-1.20468238257868	-0.0167899746356786	2.21695556226636
-0.78717234195226	0.7701641315384	2.47311316561228
-0.983604261507248	1.99661699666672	2.64180522435659
-2.57584546987862	0.013534242166954	3.40337043881803
-1.33119172038363	0.168591562554318	3.68199077825867
-3.09211794485405	-1.46594805567867	1.40845179725811
-2.82467247477693	0.273403553947188	1.24181856845906
-1.60028631118648	1.128899495308	1.75212765401371
-0.942552608740108	0.767070797645712	2.50374874429437
-0.283808494107651	0.320525715646572	2.46201905690878
-1.42622414854517	0.320163842709156	2.76437334285041
-1.03938237735531	1.09853944360253	2.42829044876426
-2.06768063959963	-0.0802077771935672	2.17082424831363
-0.626754839226502	-0.734274257399191	2.52157942299409
-0.118904868299593	-0.356277231674653	3.177741680347
-2.16302594452664	-0.88382782069968	3.54388138684492
-1.18356912438308	1.30288530457847	2.53963842580013
-1.15355037700945	1.2421079817735	2.25525997229584
-1.15355037700945	1.2421079817735	2.25525997229584
-1.57989010880549	2.27389688924371	3.33664298804782
-0.165847763975514	2.49064424121774	3.30315070418192
-1.42801433486225	-0.408806588142227	2.04648952418808
-0.710810580309282	-0.0706594196101065	2.77426107301718
-1.19492568559053	-1.6523596941289	2.74320193902727
-0.376733303866342	1.76375430498887	3.10195923282334
-0.816400540077601	-0.167472976390252	2.38547870970321
0.581778152488414	0.00251116368650939	2.04457534626383
0.908528237571236	2.55164340160324	2.67902191670217
-1.79642507647255	1.46988826651816	2.12649337051738
-1.86837677190422	1.69195169578105	3.00120987796152
-1.26170418287681	0.806702544357003	2.43263096517383
-0.65276096670811	1.4613056291779	1.96663970768522
-0.324444324925998	1.57259724688524	3.16396680737991
-0.992580274104681	1.16448865533807	2.04727159485585
-0.498343572116097	1.35200271699561	2.18426583912474
-1.39979181902473	0.967407745335829	2.40275892001694
-1.39979181902473	0.967407745335829	2.40275892001694
-1.10802000125572	-0.480222185562018	1.93831913203498
-1.59724326367288	0.833265082089612	1.8598362253198
-1.06919301846057	0.353901459388718	2.97140154886189
-0.295991467564185	1.01848505822706	3.71036535133729
-0.985258480166234	1.66545168272557	3.53815542021876
-0.49250343581682	0.93756608149816	4.53805792758007
-0.46416614229576	0.358181201411324	4.34968121469154
0.0412620408900757	-0.273083937657639	3.45740347015927
-0.669448567265834	1.48723744270112	1.88728294011794
-0.51788118288174	1.41500445586279	3.69271273603435
0.398686846101283	1.25531734650178	3.18056205837664
-2.23872052666682	0.892500384979254	2.19641819799398
-0.904505935610265	0.537771338681351	2.11340416831127
-1.46886209746558	0.647835217539225	2.43925749495324
-0.932608413840035	0.457486600973592	2.74090482656277
-1.54411119948721	0.283354988102544	2.060858479139
-2.17154483820423	-1.10595749612433	1.48304035678113
-2.16728735685798	-0.13577523757516	1.21701615808634
0.0259403618933108	0.696791927709	3.40277152617902
-0.367900057914384	0.338928769190455	2.7625022591208
-1.15155879760594	-0.115234937353943	2.34519631406585
-1.15155879760594	-0.115234937353943	2.34519631406585
-1.65800761963214	-0.0357071275537936	1.94662306237568
-2.34790488084374	-0.0906739442064115	3.43729759512706
0.0121081286421245	1.05404623853088	3.45574588759535
-1.74322635182984	-0.161484394393004	3.07443107713257
-1.44708936707492	-0.838146138623053	2.60537206633191
-0.916995146284195	-0.329248242769536	3.0088855682516
0.359497379809952	-0.214627791270721	3.30927370610996
-0.990787254465262	1.35352366862316	2.86737857563008
-1.16545189807983	-0.979995564488414	2.80708001966319
-0.383697034219758	-0.743314679702329	2.64672028909618
-2.09735088786101	-2.25041569053983	2.61060574613897
-1.0708146679984	-1.65962065790654	1.7935847726005
-1.98991310105303	0.812611529620813	1.49690391593044
-1.21531615892165	0.348404910848772	2.12363691270116
-1.6344021152533	0.448938385093985	1.63231522375819
-0.826041748109158	0.358571536773192	2.08301040417699
-1.33640905292372	0.518193961396681	2.85937490560308
-0.774574079243211	-0.043482833549412	2.42369730378026
-0.74721741346317	0.662061181451192	2.50633645287484
-0.210363695185023	0.354907383998944	3.22281534498374
-1.17347763809711	1.63877208807458	3.15784323754313
-0.702782796146399	0.801476516007677	2.66542610209989
-0.107311803581059	0.0153177072148193	1.57834780042883
-0.649347012835232	1.38908447260354	0.850134716223043
-0.76144756157466	-0.0711886377775232	3.52627466580268
-1.71799114928061	0.00298517530649284	3.29792516307255
-0.0654640396699082	1.36480330212955	3.43246892519596
-2.37355812519756	1.03981990702447	3.77236764828165
-1.51613958034291	2.21367169158941	2.7091500059601
-1.25348323445433	-0.325093299671372	2.76687307540365
-2.14401164006	0.914837140780852	3.11181527777981
-0.946087607434283	1.735983092098	2.39545622481382
-0.396450051842644	1.50822813556056	2.26552097062183
-0.893979139317469	1.84256776958934	3.20854539636163
-0.46793823003179	0.529447803169016	3.00854343994661
-1.0774227755324	-0.243445799246777	2.54432420402488
-1.62812197831183	1.59737777702879	2.98542337664857
-1.21766119354699	2.92457962314609	3.14249828349589
-0.83970104208837	1.36091832470542	2.91052841846898
-2.34693429871009	1.74176456461698	2.85825489855089
-0.963901278700376	0.164940154395074	4.125380168309
-0.92626434320006	0.988086291838693	3.73648546331113
-0.572234150234416	1.12143486739828	3.15848469446223
-1.05799651776445	1.31531099266568	2.04300496449038
-1.09063255901379	1.90385064253687	2.63851293914029
0.27950849649938	1.7380114990662	3.91475481943595
-0.409676647455864	0.826622229295036	4.12780495627687
-0.816130723248883	0.972131808908114	3.8532003282389
-0.0160906662231935	-0.178374539299872	3.28260863841285
-0.272083093171924	1.68225202433563	2.79611095620324
-1.10749956058827	0.724411807257755	3.20311035105437
0.229832429894994	1.34735587502779	3.55531013428513
0.229832429894994	1.34735587502779	3.55531013428513
0.229832429894994	1.34735587502779	3.55531013428513
-0.0874273482730517	1.24688567956037	4.20498960184438
0.118458715908597	0.626162484996344	5.22684985757937
0.580981070347372	-1.55781994479298	4.38906480615223
-0.193107337026018	0.518140594186339	3.87153887063636
0.354074769098068	0.550517297406519	4.40081278962539
0.424649023145244	0.665173940248853	3.36020583177971
0.131645827674535	0.544191607179781	3.56634869670024
0.231078815919874	0.38625771317814	3.9973723849549
0.231078815919874	0.38625771317814	3.9973723849549
0.0245119814107595	1.91302483148493	4.51596105578356
-0.219636435215389	2.63880695374959	4.66320738699712
1.0411657602706	2.42297446403564	4.51873199414452
-0.370448267801134	2.0657684425524	5.01708502788076
-0.918429127320649	0.363562975670523	3.85031574733966
0.799510541925301	1.69870916351068	4.60668292753233
0.447250283129597	0.450118496115328	3.72795936586043
0.199891381949237	0.540417881545299	3.82209743297538
-0.201788604846846	0.346932940519592	3.84894701085841
-0.0235571035130532	-0.500511864488025	4.0502403050245
-0.0235571035130532	-0.500511864488025	4.0502403050245
-1.81561272225479	-0.552455427493352	3.69846068035446
0.27801312606377	1.40583020298012	5.08104734414879
0.449953153748587	0.884696511326682	4.05356125138996
0.869730353155765	1.59952465807374	4.72166760958462
0.248611827016445	0.122607365964381	3.44437124469936
1.77774652393957	1.80531622714599	3.46670938819155
-1.81759874769526	0.743509442504996	1.42777679153654
-0.548065119838299	2.39151696479002	3.23934051386406
-0.351129548610535	1.12267881198624	3.07179604601123
-0.806552266285907	2.37471894088827	2.70364418592799
1.00173731457266	2.35306184295024	2.29302310692257
-0.546869948047654	-0.111421848951325	3.39691732056456
0.362154871580934	2.84008735660503	3.97386967861295
0.151094935285817	3.05833425949843	4.53095386062346
1.24747639878968	1.73574348526229	4.46782230796292
-0.248347263910159	1.54671402671318	4.17349430909965
0.309312579958736	1.45052724401842	4.38691493617154
0.401026960471707	2.18829003746764	4.79437475354343
0.753081107465939	-0.25601466388066	6.46731151850863
-0.35054118175659	-1.30272912506018	6.0106696213036
1.08570284676283	-1.96739103355432	6.38477302115767
0.932627208484981	3.24308992907256	7.00230688204522
-0.218361917725045	2.79171136260291	6.02129897896593
0.629083620663471	-0.277241200726032	4.61916168841641
0.196341172907962	0.960327813681621	5.19839130018391
-0.203923960072092	0.73627711455552	4.9930646284716
0.03104529477026	1.85178639239949	5.33992636128461
0.683891908499077	2.14135678308627	4.66968271316742
0.0618844335102782	1.11230430552482	3.78350984463379
-0.660220620774758	2.3724181284728	3.96358637862424
0.158396461960461	0.430682971666684	3.65891941410914
0.877057016831197	2.12080749797857	2.88453450900647
-0.878746990520809	2.03747481692826	2.10363889465464
-1.14141106148185	1.95658820550762	3.42228738072857
0.82147617380977	2.12529367945173	3.049339001613
-0.828056316920737	1.20125752749161	2.2954026066472
-1.1881980943024	1.69871609435136	2.5007046407214
-1.02011991278153	1.5853680434455	3.37840751773005
0.530659500800384	1.41848872234805	4.54087550596116
-0.449470517368483	0.523634605433552	3.35934426859422
-0.591158976974035	2.17754698519883	3.44784985892772
0.485511439517438	1.60266596610689	4.94008962738827
-0.332559946075207	1.01610384700163	3.82063986928242
-0.60378167488445	-0.363230508680506	3.16530109325878
-0.281622556572474	-0.313920119030028	3.3663504610205
-0.20462069518921	-0.273288816070798	3.5603370543704
-1.22796522747584	-0.795194336740448	3.45735498525486
0.414030102946237	0.236290743219311	4.13752631690649
-0.941152527180825	-0.476970932121472	3.17686715297062
-0.387413384564409	2.17671943839697	2.99298369121021
-0.518978480246937	2.39031388999889	3.88051340510535
-0.397221416982345	2.34632821515608	4.06735959435652
-2.67344375541767	-0.234812858732956	2.89926392246823
-2.11730959259109	-1.33127672055882	1.98756509145604
-1.63545803410792	0.516206184932746	3.52833524541652
-1.17922182708868	-0.22691449773301	2.18438908726415
-1.66525711696034	1.34242948233968	1.94236117057118
-0.0765409173447025	1.28398570597202	3.6854555024481
-0.942424416516482	0.151416730442958	3.22043301932568
-0.84804036093041	0.302230225480162	3.15836887920842
-0.780265955026245	-0.822407497845059	3.90946318014979
-1.09847591055649	-0.362249902172424	4.2462935947345
0.175424956253564	-1.80823786516816	3.12295035926074
-0.208314864955212	-2.37694585514208	3.05318795589044
-0.522589472783616	-1.68842314213448	1.99628605383704
-0.736825734572818	-1.31229377067795	2.94207745520842
-0.723003287824382	0.772929965403828	3.98096256684433
-0.516133575911784	-0.688165564899257	4.37781001899478
-0.384938080968027	-0.201343024031992	5.02911054502279
-0.318788067151489	-1.34751824470409	3.73836233223783
-1.10214891789673	-0.191939554080658	3.48438570473636
-0.31614782830978	0.405485851214416	2.78259984888958
-0.350438162445167	0.577249781023518	2.64008219025802
-0.152174782044912	-0.253736921260072	3.30796963213539
-0.612694830319806	1.60756334400376	3.98052410622386
-0.921113455442632	1.91813521223698	3.91393214327253
-0.840608756072994	2.0583328727035	3.21244451763671
0.038582100566942	0.82058999794276	4.95086383930594
0.653004647941155	1.16496197700758	4.0978120504374
-0.506290499268382	0.880640556401362	3.65243609450088
-0.00980599026832052	1.79776056816384	4.04257599330726
-0.671237987012271	1.09522947767137	3.12791406376308
-0.953637886905802	1.22296678829616	2.23252880788416
-0.708234541646257	1.1348890236648	2.82975459732831
-1.3620494957806	1.96892494602539	2.1013312105477
-1.58787004016398	-0.337011634783861	3.13995158975839
0.251863450592097	-0.578087861522941	3.58809641726444
-1.5639741528851	-0.471302063947591	1.82154479644429
-2.43702340688656	1.75390380928104	2.95584405219652
-0.852135670078126	0.445482678128909	3.88201334078505
-0.99741522075936	2.75290311280195	3.35830766310734
0.125316879742275	3.56633677404673	3.31387756062739
-0.801589382229846	3.04055043694444	3.69971202636219
-0.22795036791893	2.94217837361879	2.86382840632967
-1.02869143261016	2.11708328507169	2.78512144935756
-0.200101672351847	0.64897787776216	2.67654418289656
-0.0688974654065663	1.32869105043972	3.49848533172258
-0.647584978463328	1.2454286067607	3.54222538612418
-0.607656590234985	0.450561566515959	2.18059923135238
-0.945418602169564	0.295105867666519	3.48808587591275
-0.713228902060797	1.33877514040268	2.45910954045896
-0.887378387840938	0.316220115580528	3.75421208905306
-0.236682171003409	2.82734108575589	3.64216177253601
0.559644774265239	-0.433754004105972	4.14706693618092
0.988070739222105	-0.324931264999913	4.30862655322173
0.754237258127083	0.591943815475735	4.34469720962065
-0.30501630460663	1.72501687668759	4.99602755790687
-0.804703208620479	-0.603610744440553	4.12001811693916
0.606431817341171	1.82696858182202	4.21071020688784
0.167183823767781	1.67534645940771	3.42560616662425
0.371276996341666	-0.00927658728092218	4.02085651459269
-0.258455988407048	0.667052586613532	3.36644888338358
0.204074357535276	1.57612754688507	3.60837806062632
-0.367135899153802	1.63252436975701	3.52374565984098
-0.318666095807958	-0.187290016060738	3.13273469776317
-0.915042707953599	1.0113837590491	3.46875575292215
0.637496360495656	0.91720926775408	4.12295377011405
0.150510153173595	0.817849769044428	4.44615819079205
-0.990594734788698	0.472590460325695	3.29056687577773
0.114561886914312	0.982932818724953	3.73858640680506
-1.011527648152	0.98423891841734	4.15298045762271
-0.987022186876274	0.221559877013195	2.5730343491557
-0.57983505536041	0.557257781744948	2.74400159521361
-0.0374433308933506	1.70925823618513	4.31463417748713
-0.0374433308933506	1.70925823618513	4.31463417748713
-1.37338165887448	0.0205439666348517	3.64708557082043
-1.53499861824315	0.815537852646964	2.77760669602461
-1.133466587471	2.14226377900888	2.9354491930592
0.309021912882329	1.32081091339959	3.39956888839395
-1.32965346396961	1.67276879459201	3.00977861774521
-1.59114072766383	0.0701035571901649	3.11927638674429
-1.68520180678841	1.49025210138051	2.57209002092046
-0.597384827974621	0.811252662519181	2.99832143029874
-0.209551072469957	1.52970625965345	2.9729737255879
0.44024459467131	1.31967227912925	3.42026548975452
-0.495952682357733	2.23454182012564	2.77955562957357
-0.687799396969485	1.9155365767865	2.79083877182455
-0.687799396969485	1.9155365767865	2.79083877182455
-1.01325569025324	-0.274101802310626	1.87867429509235
-1.19734187950592	2.20675314323748	2.95975732921728
-0.785168987734205	2.11717003355998	3.03950104516678
0.242866053925638	1.82017060939941	4.89176191382606
-1.78924388248609	1.29238142302485	2.00396340386719
-1.33596896725117	1.49398282602202	2.33885760293628
-1.49013616206306	2.13597293328082	2.18239783073584
-0.976530139888304	1.29223020062912	2.12724983343618
-0.878405631573903	1.52900248358212	2.53968682791294
-0.878405631573903	1.52900248358212	2.53968682791294
0.0112850457109535	0.531422541636625	2.76342684379614
0.365727516454439	1.27561819924434	1.73253929636943
-0.195071555027919	1.59616098628494	2.65315281572529
0.22797960365276	1.95031329549704	2.7741139674846
-0.566112691061719	1.25496206197624	4.39237332935322
-0.837910039457374	1.16881583478497	3.01721647417153
-0.379967579307872	1.96418579465671	2.46427500401183
-1.03242885076955	0.733524024302816	2.39519731120016
-1.83734608234759	1.47302753021284	1.40326353982857
-1.95790100414102	1.36475464351087	2.28385999272892
-1.44979646850554	0.881969580241942	1.9184164255766
-1.64981040088835	0.616120422925632	2.08682912633392
-1.64981040088835	0.616120422925632	2.08682912633392
-1.64981040088835	0.616120422925632	2.08682912633392
-1.53179263971903	1.1801587962325	2.3967940931233
-1.27481790773719	0.605586571189303	3.07756871494886
-1.29754826675296	1.13403849049644	3.17221976432948
-1.23901138551995	1.15593632601974	4.45731006028692
-0.486870191842511	0.501142265990463	4.48004991425025
-0.102509716482276	0.790841161358164	3.63844384427185
-0.598406405887609	-0.0221005771198409	4.31925822031282
-1.6137514246155	0.693650199152228	3.30544997742594
-1.3109564574901	1.28947931674565	2.30243771184749
-1.1607768174125	0.46996989569877	1.94386347672247
-1.00948511918772	0.535256701586233	3.4504052317406
-0.988176863218077	0.879387477758558	3.6127549920714
-0.856449843916139	1.10848910905265	2.79119268751307
-1.9325439033813	1.3861283408921	2.39762403917961
-0.354750849549633	0.919393287266061	2.64271493757381
-1.63841130029982	0.83345839678861	2.25913948774094
-0.657944894721663	0.66653843743109	2.54124766397966
-2.50496589222901	-0.160775761363593	2.15120796970465
-1.63388199322655	0.980560089814266	3.02171912992784
-1.54689318536445	1.49629424367233	3.38995492175314
-4.62590091510938	1.54116496714461	2.19597502484609
-3.17324300362337	0.512878710355457	2.08367669164567
-0.736430844612237	0.873160518152303	3.22723738422413
-1.07792549013084	0.60678580312508	2.23916869711156
-1.9731825301411	0.611133012260565	2.15061707537447
-0.904454619922928	0.514985692426493	3.61037976230345
-1.43367930374689	1.14493761070758	2.18125033883864
-1.3618486008147	0.613082583712675	1.89106948987796
-2.25613808658274	-0.130674629863689	3.08675630247297
-1.13945250685175	1.34200962569643	2.85082589839987
-0.81765468910063	0.709282488076535	2.39053627806672
-1.56418931473294	1.66220738316689	2.7395259260592
-0.723130442543373	0.407783658513973	3.09824894134117
-1.31168711180325	0.506382739004732	3.70322949388229
-2.43839332572351	0.556154152630033	2.17118727393164
-1.36598795113319	0.036100571893706	2.72260788175796
-1.37277774957962	0.530601701812	3.55981262232452
-2.59025636933235	0.37314507765486	3.22484636928804
-2.36283205879748	0.912774597178464	3.84985547147541
-1.33064993263517	1.11697789262433	3.02506086271948
-0.715013435905918	0.955677193571806	3.27800957151136
-1.94740977157343	0.00339125977332407	2.22573776557703
-1.33355062465018	0.0812158013874336	2.33528364222509
-1.31669778934193	0.203657360424885	1.48192077186331
-1.5759619546989	0.124359578452166	2.5371772260081
-1.6104963860736	0.44890727023996	2.13953660052165
-1.94034043836064	-0.099176853913697	2.4683798327281
-1.44356004863377	0.107537235458471	2.32156871538945
-1.3183038795093	1.15159440017326	2.24794650152963
-1.11687331278624	0.983890067340966	2.56633211729349
-1.11687331278624	0.983890067340966	2.56633211729349
-1.01846106556518	1.46565407616535	2.41777351685035
-1.01846106556518	1.46565407616535	2.41777351685035
-1.2131239511414	0.981811904738613	2.1431217109835
-1.08631097989074	0.438152796463243	2.53713171777284
-1.67547795718645	0.719557898486103	2.62304358476835
-1.67547795718645	0.719557898486103	2.62304358476835
-1.94718403124542	1.32427701609151	2.4279605360146
-1.90131173851371	1.18084094401834	2.04844978187475
-1.86411079717079	0.431447945307537	1.04811134810421
-1.24269000141354	0.873709454982942	1.75816679113707
-1.22317038426051	-0.184846890266092	2.80365448045549
-1.39461831037027	0.195911601627677	2.90017164655568
-1.37511907270223	-0.0627085907262417	3.04521999887137
-1.11779302994257	0.366135408572643	2.80156270021395
-1.45966617978269	-0.767557139324321	3.13035546668666
-0.776014804326962	-0.576193552494298	3.6238453432874
-0.846438344099403	0.458692679445486	2.86789905295143
-1.32667214363715	0.232074065032802	2.82297803091522
-1.72810962114641	0.538582141496474	2.37490358826243
-1.40788695738188	1.5652209040057	2.02244660323656
-2.34144313820495	0.0345605165730295	1.37393922642338
-0.804589393465341	0.753606419441524	3.96328376685748
-1.1002608978892	0.0136740651661485	5.44989367977885
-0.719907179426253	-0.194986950368515	5.30169924224839
-0.959674713452579	-0.115256175687946	4.2974518876689
-1.96633466670276	0.140742354726473	4.25098709041207
-1.55869236538834	-1.10754604299365	4.88104276629396
-0.133440932374008	1.5407868418576	4.55598298508391
-0.917639477065617	-0.0819466528012169	5.30749023309528
-0.237075077448799	-0.845596907946728	3.22436805432593
-1.45131980818225	-0.560122483264069	3.40854286468019
-0.200026118420202	0.758510533220231	3.81870311996287
-2.21289740006503	-0.322705725833121	3.34353973659552
-2.2720140694452	-0.723232673902559	1.98479961259255
-1.3106056426906	-0.11978508732	2.11318517438701
-1.91656395538891	0.0306631601769435	2.48529379863886
-0.250007968276474	-0.23712126233855	2.90204545185364
-0.459307254359065	-0.305773420289081	3.67322991987178
-0.523566234271479	0.470078722532677	3.27087793673853
-1.38618128005741	-0.672325755396705	2.30556983981945
-2.06842106093351	1.37164558332509	2.54184769374764
-1.41070826593011	0.433562724235637	2.05768791831942
-2.30700337867021	0.0214907698617819	2.49454168821845
-2.50444516136802	-1.31427933394026	1.7043883164463
-2.76550484114875	0.76475406216206	2.50771297298048
-1.73129267187101	1.91512923110856	3.16296823018151
-2.29538186047813	-0.0922891092442393	2.39173538277705
-2.69702773186534	0.0682112532626609	0.844597785760023
-2.32699589645034	-0.0722802137938182	1.13664782679853
-0.94185594314128	2.20015283936643	3.07088722555134
-1.81046222366289	0.272649785508647	2.37856634232156
-1.26053705072484	-0.265935164229344	2.45155733180015
-0.565826766090032	0.900340921764291	2.67134745148569
-0.942431382925326	0.20905555964098	2.95340054104214
-1.47547803549031	1.09253148472276	2.40186483794137
-2.5635682445921	0.714197805420553	0.86009851992198
-1.74196987217966	-0.2385720666977	1.95723030645411
-2.4099901295798	1.18430090742803	2.86130010514165
-1.14549937546292	0.210099129164883	2.9102783007689
-1.14549937546292	0.210099129164883	2.9102783007689
-1.17884626250933	-0.2783385786248	2.61533516385764
-1.66959815344592	-0.749908617181484	2.56053452972201
-0.798056947670603	-1.10072502816871	2.52081871533968
-1.46631399448434	-0.0670983500953446	1.71186138031456
-3.18462550508183	-0.0927719368214776	1.67214718140625
-1.30307375912113	-1.07276421456865	2.21257592977397
-1.88991822176604	-1.13784281600868	2.08325561028712
-1.72138759130999	-0.649029982034502	2.60704374462902
-2.11669195077165	-0.740907423914524	1.98736020788811
-2.32988917245045	0.309540191969054	2.06762769084075
-1.78306361163302	2.10660160241645	2.90530070707705
-1.87501216123997	0.383165128560891	1.18675652848639
-2.06554265302265	0.112747298769421	0.707198181542824
-1.69860185659161	0.751760969785771	0.376709346239826
-2.2780195664251	1.45622697445494	0.0556523998334784
-2.86063048992843	0.772853363426971	1.86518755459249
-1.32705168233601	1.96932673028808	3.5806795705173
-1.29421077920141	-1.36319835309895	1.91914535910106
-0.894099864914196	-1.00801440837373	2.68139263424352
-0.964341676617818	0.498096260395522	3.05478392666144
-2.05199202560612	-0.681302193990082	2.07222094456387
-0.987408174520642	0.339845422527581	1.57421731161643
-1.48759379094568	0.897680011268645	1.72629775278746
-1.52960880814223	-0.313290927903496	1.86760683889172
-1.52960880814223	-0.313290927903496	1.86760683889172
-1.17047338094	-0.425119482610991	2.14316892996381
-0.843852526022786	0.0833862068108613	2.0179707467868
-1.14953760418797	1.22630259407562	1.29591202724599
-0.886329121525261	2.36640428764892	3.23201252570267
-1.80785356092052	1.07477363436926	3.35590343564626
-1.6694229870493	-0.0339168829752572	3.01860247682119
-2.41580304818712	-0.39666936565448	1.96442030306135
-2.07000714648887	-0.210990500257428	3.27400417567887
-0.73663989508094	-0.567754092344797	2.85006857227215
-0.452123411598128	0.291231400162819	2.47729236397727
-1.87847023237338	-1.88629889614718	1.36982535242005
-1.52099498755546	-0.695499981779998	2.12023395315415
-1.29976753465185	0.472355242894277	1.91651844990538
-1.45607889496522	0.524095688352033	1.99317638531522
-1.0132957582849	0.797392396800157	2.46318583063696
-1.25876232742731	1.23869735592569	2.88656495858204
-1.38408459671957	0.534055886380591	2.977253161637
-0.453015233875467	0.495975886297163	3.79009655379167
-1.47884435424945	0.843619465846535	2.14870493563503
-1.03556442945441	1.34668207475464	2.45185101864427
-2.26821438368738	2.32144001607678	2.15357787359346
-1.64433051469508	0.0780071055048699	2.1775557230378
-1.64433051469508	0.0780071055048699	2.1775557230378
-1.64433051469508	0.0780071055048699	2.1775557230378
-2.04711676901056	-0.792834833481017	1.73402565766683
-2.11085842378709	1.12368747286068	2.03157789331174
-1.43212915872342	0.177607887974744	1.80218591691918
-1.65111501949085	-0.0596948299447985	2.85785673247306
-1.10216055472294	-0.0653850331071314	3.09469855332735
-0.864455681321381	1.55588512203639	3.10159960909642
-1.40015322183188	1.03811270150655	1.8312385340597
-1.09171397806483	0.695007852754552	1.79628774717444
-1.77940114743325	0.370642148988496	1.2571495640962
-2.1522812452073	0.433795017667358	1.90711948006818
-1.3292205758446	0.926509862068475	1.92977110359878
-0.729430713979497	0.448606066426233	2.72144160924885
-2.64272915314062	-1.3665253820783	3.01167794840193
-1.5879973311475	0.332399013920951	2.46808900094097
-0.74406381652247	1.3167647431563	2.37519605167661
-2.28389911469558	0.660855253773465	2.29753168044715
-1.69485405717579	0.468965870256792	2.51457323988352
-1.87892548428962	-0.148792230619002	2.41429678147829
-1.92307748567156	-0.0329484081740574	1.98475771071164
-1.7839263806859	0.889875514949855	0.991903952799725
-1.32678453396098	1.73887125458624	0.503517148386073
-2.4050859083281	0.190828521147696	0.286879298350684
-2.18769771968836	-0.639131690909762	0.605400475046471
-0.952368541418032	1.14071109019569	2.10919733319249
-1.42889953302497	1.18241885420329	1.67721528135456
-1.06609776075791	-0.269422279331791	1.38673081607925
-2.77310909983034	-2.18555284370753	1.32430794437887
-2.56648610457545	-2.62466912335219	1.09966532293016
-1.10020884811564	0.924302546389005	2.86845947030018
-2.26741075840412	0.551837183279016	2.06354004906863
-2.39806521890027	-1.09426599846151	0.0365103542925543
-1.47373929133065	1.61141996111726	1.41711251554867
-2.64305127587814	1.08898315972447	1.29280996018365
-2.03004538063055	0.905791536820739	2.40192038816167
-0.875295624520652	1.08386927583467	3.99038110260556
-1.62587469844518	1.35933913848462	2.56178727441229
-3.15533400401738	-0.357342509043105	1.52799309964481
-0.964246879704469	-0.72835472688439	1.90219903084927
-1.64058131949673	-0.635572251100588	1.14596130702443
-2.70947340647071	-1.81926672759924	-0.137922330785458
-2.0965556000166	0.104660859673475	1.02935283010084
-2.05297703220568	-0.98446924565392	0.984231915345809
-1.76221784993426	-0.49534822525243	1.84304203118627
-1.31797811149867	0.686663727894621	1.77546234040214
-2.64020868778389	1.40745573263379	2.58355949133027
-2.33682261065541	-0.858745607586918	2.84704931638019
-2.19612115342496	0.106999019629855	1.74776213760359
-2.19612115342496	0.106999019629855	1.74776213760359
-3.54078028053743	-0.982281710524246	1.26116840531493
-2.87461995769536	-1.23948311741425	2.0234334398729
-1.52209948666399	-0.647094440943726	2.53535000271963
-1.5193166737693	0.00380671357332574	2.44913693316835
-2.50612077043352	-0.00506288195267607	1.77740566296916
-2.00909712491439	-1.38749253201977	1.6338820206877
-2.07426363969108	-0.823002243273869	1.06278014328163
-1.71716228616958	-1.64816013303106	1.68836554758209
-1.81352873624771	-0.834560218610275	2.3113938739171
-2.34002812997387	1.18102261512191	2.18577328677538
-0.825853701039729	1.49990710450112	2.38441957317917
-0.825853701039729	1.49990710450112	2.38441957317917
-2.46113143222617	0.616484141470924	1.15522914028816
-2.04952403567998	0.581585837500452	0.594731359659604
-2.78436684181539	-0.544458480762055	0.849306798771277
-2.01651224746078	-0.547105514236876	1.5700123048347
-2.01651224746078	-0.547105514236876	1.5700123048347
-2.66921279373323	-0.168017078190783	1.88235942265398
-1.87771750660302	-0.242285219955211	1.64060991098918
-1.32821308685985	-0.156273285151776	2.39397176154354
-0.70103359579406	-0.788926476877701	2.42378708058513
-1.66187671336766	0.749995214457722	2.07303587987971
-1.56906440008637	0.278575006239996	1.81348501826544
-2.51452165647706	-0.120408899228795	2.38058687701538
-0.686432023405663	0.394923012634668	2.24421860503288
-2.18630262090209	0.199190651220809	1.89361291678193
-1.67235127534478	-0.00828433605764009	2.05353876807904
-0.486571854544449	-0.0938759549679645	2.31349127261113
-1.03017378776913	1.6797203786699	2.68449956019921
-1.31160214227151	0.0383399955519973	3.66802731068708
-1.31160214227151	0.0383399955519973	3.66802731068708
-1.23844850971123	-0.92960916930312	3.16918412167148
-0.93070878691431	-0.521218041179229	2.94499620236953
-2.12224963575804	-0.500437391408639	2.8354984072397
-2.54688789838032	-0.472005781422443	3.72585802393514
-1.90628779750507	1.65705123161238	4.14696128597322
-1.65515149631365	1.81193103122657	2.14560256108465
-2.49822336628003	-2.33907702135279	1.00823100906497
-1.56590108352662	-0.993849657106488	3.12825388035568
-0.34018639890168	0.72146997461771	3.69722666262636
-0.761688196171166	-0.418245721349858	3.00045649879441
-1.68171170576395	-0.278514751453726	1.21234146019291
-2.5536300889244	-0.618156838203552	2.55028083202714
-0.812860398684396	0.687843699960391	2.85477686324966
-2.22526053647771	-0.727514196250661	1.99681862835574
-2.93451422619138	-0.26093336293959	1.22035017819161
-3.07540031965012	-0.726528396582301	0.158053310993376
-1.33425756246839	-0.247543357517359	2.01540498704465
-1.2502165506122	0.0546273023466849	2.50800189810794
-1.28524903176585	-1.60582914711865	2.7142630989353
-2.31623275887153	-1.2768854696813	3.20070027099851
-2.623329875757	-0.225092537226043	2.52155978944842
-2.2196127473684	-0.613051304241159	2.51166524992698
-1.77324492999508	-0.924725006551033	2.24095341825649
-2.22653638883251	-1.64343048690079	2.63220079402367
-1.89056180268402	-1.02992171650689	3.13716164736999
-0.339996819778557	-0.237671839812722	3.4164081905916
-1.798614002796	-1.25918059161009	2.25052155707145
-0.595537652235006	-0.467914797331194	3.10024687949692
-1.83256364407606	-1.43311890530429	2.83190362835025
