1	1	1
0.0487675518466078	-0.1617565703903	0.943021600676554
2.07610351590134	0.105872434194388	2.70749593837567
1.66325089336898	1.31766947927592	1.8764896026198
1.00973063768695	0.294915454583645	2.30635967688083
0.977385778035449	1.17438879283829	2.1231581425082
0.859071941834292	0.0709175651589065	2.589756660999
1.18030469441792	1.54795369264413	1.73182311035738
0.902767607372354	2.12365612897344	1.21949552931271
0.905653691385361	1.94310339722705	1.95351317927083
1.08009406294146	1.21376129415828	1.00274493663742
0.108186132491334	0.355000063066446	0.534125197628066
-0.803321658893922	-0.37165357909319	0.108312046988851
-0.691704205812333	0.268493090955804	0.904089326311857
0.687343503817561	1.18000153732448	2.42275937977266
0.569162580580741	0.893127487258436	1.21031618344173
1.55067776015717	2.01517913987656	2.78081264543552
0.108604338954957	0.297679481461669	1.81903947236785
-0.293248113504365	0.261453723488471	1.66936383939175
0.318942919444015	1.26808960252529	1.66668116728512
-0.0567825731383256	0.157550453690388	1.01118997522045
0.65335546931045	0.976215590198757	2.22087532834476
0.521042063402697	0.0999353093394745	1.98571155255843
0.424855826039766	0.0696249748403181	2.00081101257104
-0.366927379090558	0.520927753577403	1.9739440076906
0.528184202654675	1.19442324821186	2.49060599531513
-0.251217230396385	0.0789016912539392	0.869835619856114
-0.162166698020682	0.600176795058972	1.76080955107372
-0.0516183844932192	0.487732872517498	1.81149052534195
0.174369740986063	0.228175683126293	2.18844643605528
0.915771335306984	1.56433598291622	2.55124633286489
0.168399143905684	-0.40612008670387	1.86173720745537
1.27910687853639	1.09616231558306	1.88052445367088
0.560239840645672	0.83703821581227	1.99873871492564
-0.928018281437501	-0.0343557941188437	1.4265367376697
0.687164792189868	2.02248318179385	2.45771041905455
-0.200115325317035	0.529831350450461	1.39060399462644
0.575572853771621	0.197838951432438	1.89102335237346
-0.0693547554316232	0.505746019282138	1.15363235832524
-0.466131406086426	0.131311056040338	1.48345723806126
-0.0608143704841871	0.976301580379931	1.54250216645279
-0.402944604351064	1.08352346328529	0.399367452407399
-0.817128349317999	0.845528311589368	1.1064392483653
-1.09630075815498	0.223292968355418	0.884801118159232
-1.25707072005526	-0.761071873370065	1.03791329798425
-0.468617926997408	-0.415488566747299	1.76609183671896
-0.468617926997408	-0.415488566747299	1.76609183671896
0.135154464750552	-0.509610316034629	1.99620022979173
0.16465088747436	0.754561353231092	1.18558093578831
0.42462294866799	-0.780475216091211	2.03029187020511
0.156194282013861	-0.943735722132116	1.43906432561632
-0.545913327119506	-1.28331925489866	1.33244816460541
-1.39880693758307	-0.446102465592115	0.445946664363323
-0.368524927473346	-1.33454797353874	1.30747648687823
-0.724494161298914	-1.9681304548954	0.56655029753961
-1.57517743063036	-2.31632952185079	0.0347526590655493
-0.635709051193817	-1.54576409854474	1.53041998884156
-0.729780113504265	-1.04816177773573	1.08608804190261
0.250664667778527	-0.312347040883446	2.22242387046724
-0.025311696898126	-0.0823170570807907	1.98275345531905
-0.619151205702759	-1.39143625792266	1.88848460830192
-0.0775590011940981	0.229030392331555	0.856085854911337
-0.932427624303152	-1.00237696023832	0.982221969258129
-0.723047839758092	0.161165008582624	1.44660491275011
-0.304863321898599	1.09027245858115	1.51692468418507
-0.161514348692793	0.318818339003035	2.20098091987007
-0.873758664137685	0.62585367848763	1.38079586373991
-0.692256454624732	0.806376992041169	0.983706505332069
-0.327775168011635	0.185911934853664	1.20357653656888
-0.327775168011635	0.185911934853664	1.20357653656888
0.249937408929064	-0.431371784108583	1.54410522022398
0.835743043934723	-0.0828102686110553	1.33060310610011
0.0158663771720289	0.732457489280232	1.17124034160035
0.365094715364014	0.0797876432533042	1.8702398815986
-0.157793674994969	-0.260697375347784	2.10492222843494
-0.953852345659132	-0.263937010591335	0.943885319675324
0.00550663083086445	1.16585859272729	1.15674924811382
0.183898388686103	1.80293681125258	0.885517332859356
0.256944396088087	1.76696870780122	1.41131503177093
-0.924672587655798	-1.10016539072936	1.45400400325189
-0.788792932863222	-0.100012528911448	1.59921259868428
-1.00798473942324	-0.393800426083292	1.37619091119116
-0.332743210029347	0.113587452844756	0.616695551431396
-0.426235257160843	0.87866459064674	0.774250453374184
-0.271793080559669	-0.233571441454736	0.304465797954423
-0.393763574072556	-0.239880333338318	-0.200491279036234
-0.732404835414883	-0.893370304245843	0.291927003611302
-0.0668953950141293	-2.09720938190833	1.21931809972984
1.18652060201146	-0.982158337087635	1.69765936543968
-0.286954273129161	-2.6869784372502	1.06388113421782
-0.409743815311108	-0.278066725206117	0.622969566478598
-1.63819661366922	-1.45955919601434	0.161688340264895
-1.10610145415151	0.267438860489263	1.28014563505864
-1.70764848851225	-0.0552530003229529	0.345466237328025
-1.26994244148231	-0.378272809419294	0.618488973058959
-1.46299587611394	0.0403653884377254	-0.236609492485495
-0.570171948448321	-0.518398359054833	1.86241079944345
0.24288388712749	0.73025627451322	1.51728972083385
-1.58953713925594	-0.119010462264558	0.368676231738518
0.273246224419963	0.462474074393282	0.675878070505432
-0.534318916393696	-0.367517572918411	1.59663516931128
-0.309741732412867	0.708640189149762	1.69114431200147
-0.563078535595768	0.0355067332576096	0.94945431175789
-0.157995985792545	0.291898299449143	1.10254122756532
-0.86389091923712	-0.683393667122259	1.50024803882442
-0.144905114333567	-0.371476424739541	1.42074172818122
0.378146765951238	-1.91909521357052	1.3993806352879
0.258319953791423	-0.369325178693283	1.46736069994263
-0.526349851271447	-0.374248279816653	0.904588870649305
-0.649022285685518	-0.69136627473544	1.34380483914906
0.007332399642838	-0.360547228109877	1.80050775211428
0.007332399642838	-0.360547228109877	1.80050775211428
0.411733079066873	0.00452121339076308	1.72630207346609
-1.71667574443833	-0.386525314613998	-0.754912696429634
-1.16875080514483	-0.432362096146028	-0.240274263879062
-0.562174182966206	-0.740798871294093	1.51450094071569
-0.387047677210343	0.222679702945735	1.14620801543789
-0.637771796162516	-0.576599681650733	0.404295276618014
-0.0872852301330653	-0.0601754187452213	2.06422521206597
-1.36818866294984	0.00602073579097295	0.689370734281045
-0.0665532107568295	-1.42376282876016	1.90019786890011
0.481444333760367	-0.245608073357285	1.92416556405912
0.447904437664679	-0.486438651672886	1.87017000415303
-0.58048140390615	-0.696929762473332	1.21659183863208
0.241156789472328	-0.0100521898982466	1.38784807387304
-1.37430359221979	-0.554560818503316	0.844779418829387
-0.0977983036981705	0.262455793348047	1.5684291467968
0.131132859523368	0.171197291323145	1.8807947813652
-0.5741183951569	-0.761880386438691	2.02459626050555
-0.0120014417994612	0.0452525757940072	1.90173144166987
-0.291577476559221	0.513172362695289	1.350208465715
-0.538714024258923	-0.226856263592036	0.565289005621841
-0.302488044411946	0.876533459406415	1.58917066550682
0.267998251416699	-0.688671230044169	1.72365694481133
-0.551119071491224	0.252169214779656	1.63036220637552
-0.811288286522053	0.0407602481547572	1.04348311780309
-0.368619757779185	0.234781019504614	1.13276663606247
0.807609626217861	0.168646844818672	1.96300264038497
0.282216496743385	1.64810302391612	1.49670954904436
0.142072644543366	0.270181152784596	1.71206990818605
-0.577258885839654	-1.19664483282495	1.18024696500427
-0.427591333972142	-0.657522231551916	1.18270157781056
0.766103286951146	1.74270881951607	1.83302359446156
0.678488474481531	0.793585993854521	1.66752383100348
0.134865981732865	1.05908830696253	1.3605607641567
-0.297675994884281	-0.116208501328271	0.893998250075837
-0.394666294547093	0.829498527790473	0.357867112593066
-0.0762833926305335	0.496222548251982	1.36549688785896
0.152702308023675	0.293152149506651	1.51015787343069
-0.247804841946589	-0.814890253487431	1.54421783307708
-0.248344578810155	1.46115500525286	0.427584994485601
-0.0642062698813953	1.574605857448	0.785017527167436
1.09954061540121	1.11656523625004	1.82070564314627
0.36984938859025	1.42699700935359	1.91554919943852
-0.20976909046948	-0.637305487387892	1.16936363485531
0.717100367124731	-0.0108396105560455	2.36621112774555
0.0971721254852763	0.778751525174956	2.13734404566779
-0.555857731702944	0.971419918290682	0.316179630944424
-1.07252615213061	-0.263885948953165	0.925014006117429
0.807719481822024	1.4965203441729	1.19658657489464
-0.468270110068958	-0.33199835875268	0.318477559172062
0.043907738432805	0.82494793308788	1.37712384997917
0.145632446677361	0.586797321346102	1.2672375057711
-0.735602755750216	-0.0666913007866439	1.0055486923683
-0.681190139291338	1.00335325127193	0.838654940806885
-0.112654407808911	-0.231926550125012	1.45089356257821
-0.075913711857761	0.910678043237485	2.460041929258
-0.805268040125959	0.075219632413202	0.903146602035324
-0.756697433400868	-0.311616970564116	0.77507219123952
-0.77206068449597	1.19867498535966	0.640270469490212
0.387549735784719	0.941073719562199	0.603856864196297
-0.849158673806857	-0.573525074018916	0.664675337612577
0.136494037863819	-1.26763949383401	1.96356902314052
0.136494037863819	-1.26763949383401	1.96356902314052
1.2355427499806	1.9494353802664	2.13050566224572
1.45697487635836	1.54662039436454	2.24964959221793
0.737263619139592	0.962387960857038	2.44057051660266
-0.0726052385096718	0.586952391360957	1.99798546357643
-0.322246519058649	-1.13703673192464	1.52291792301519
-0.193137670210272	-0.387953736925402	1.62649860016901
-0.0249763564440098	-1.15980104367922	1.1018715287887
-0.39425768372957	-1.27896919512476	0.911625696791937
-0.386632482863577	-0.0667945980369975	1.67365145189378
0.531713366965111	0.515586156377612	2.07086858345812
1.33141294950719	1.13700338826044	1.56696525132249
0.64085370103814	-0.267905928641027	2.40994497610996
0.449422366620776	-1.03944757365649	1.28069965133605
-1.24344472120108	-0.34233834963109	0.557580477621298
-0.102271645175891	1.2251339505813	-0.00636063764351036
-0.605740878959024	1.40643999371114	-0.0559351001147888
-1.50118469911661	-0.234470021240945	-0.422756185286634
-1.45161020832181	0.088767762247243	0.154951633287927
-0.508824705230631	0.721474434182424	1.2251108706244
-0.481012317220553	1.15882950518352	0.91487120945821
-0.539399082315581	-0.0231543863547556	0.571044440734293
-0.427874179911527	1.81444626787828	1.44338742463825
-0.439633170583071	0.944736269860621	1.25206058065971
-0.0195247474101422	0.510390945043555	1.70936271937159
-0.0195247474101422	0.510390945043555	1.70936271937159
-0.464439115094026	0.828040520267315	1.24335263575316
-1.28436550383059	-0.38513447345375	0.696894972922412
-1.07709111056461	-0.936676207622416	1.5884305945541
-1.07110484683478	-0.374934914216099	0.665078217109156
-0.437366747339008	0.0836064155026232	1.47321553280514
-0.437366747339008	0.0836064155026232	1.47321553280514
0.140864161173004	-0.630261535300727	2.53563706432355
0.428875432460647	0.110078029531686	1.71974307402967
0.0821581073685567	0.0433152139061359	1.43056446061975
0.314594320398821	0.873412098084655	1.4109203578528
-0.303123229396338	-0.417693269766548	1.65497348949962
-1.61171811401374	0.0700785502171835	-0.343001545336253
0.023870307533815	0.14361126525543	1.43166031164508
-0.115150820959219	0.779043775650012	1.11571974364105
-0.553913250906239	0.545700612353071	1.15101572542463
-0.553913250906239	0.545700612353071	1.15101572542463
-1.02243131312063	-0.328760774403071	1.17890619525828
-0.755641766559249	-0.391008170575545	0.751931897025443
-0.849835511203934	-0.450785401039281	0.0384611052803946
-0.919278053470643	-0.871164025295171	0.86721494241942
0.1605271997162	0.141427842781298	1.21063428256053
-0.748835153439128	-0.984524694709711	1.22376877876613
-0.495323265927777	-0.88664278533924	2.1436762296308
-0.374570796463107	-0.637701028992753	1.92707136748852
-0.279264348534547	1.2445318437003	0.909582338060022
-0.583525047118439	-0.80174188217811	1.52103856866536
-0.990354923621384	-1.04948021952117	1.08791373997773
-1.53899100079417	-0.969211767210704	-0.170101703945799
0.0660172009474752	0.191571030981462	1.4177476556116
-0.0257166563660775	0.313061360009914	1.22372778575099
0.0822064853537838	-0.400049899548867	1.82448190869363
-0.624071464357184	-0.156969205116813	1.28822627219071
-0.6767503125682	-0.548406616775839	0.875579822689963
0.47282497424055	-0.947916873387831	-0.644543279146368
-0.786006882661314	-1.62208234664482	-0.171446061805312
-2.0087884481887	-0.861475252693824	-1.07548955691397
-1.50157048183844	-1.3183333427551	-0.360556079483472
-1.59963575016607	-0.430937977995514	-0.473172937530944
-1.27095567432711	-0.850106657912398	-0.0134324936357722
-1.14226748400137	-0.477154158127202	0.657008505302357
-0.131014387281997	-0.576054161827713	0.295047582532835
-1.61347308541105	-0.349967283526162	-0.894686338360583
-1.81872240465998	-2.03723514411698	-0.0964047007740738
-0.867291287346998	-1.59725294560504	-0.455859154357768
-0.982612638575111	-0.864071529840506	-0.611197232074383
-0.754714514405582	-0.3664854587951	-1.35616926076414
-0.754714514405582	-0.3664854587951	-1.35616926076414
-0.170458784518895	0.419978278246601	-0.371572029280501
-0.891591416675574	-0.000120110059209769	-1.30396018765999
-0.442614186022907	-0.589433007730492	0.145211398217476
-2.10400852472419	-1.20164702123308	-1.35265761902023
-0.548297165783854	0.317900505586153	-0.577930877109229
-1.06083315603288	0.819650891812699	-0.493494490480905
0.164350737161248	0.257229192590389	1.35331055908024
-0.577189516045704	-2.6162869450448	1.7911904492099
-0.900990597164278	-0.608824252464936	1.51303937397593
-1.15700894152647	-0.593830547558422	0.945909579395836
-1.24052920586105	-0.0414838111930604	-0.129075242509477
-0.845247917995511	0.433343943541419	-0.100219900981074
-1.33371853370207	0.28697331894351	0.0163583365124712
-0.98455702962594	-0.598733353789118	0.382460688183055
-0.393765014847012	-0.673821790921671	-0.869991551844996
-1.49284005305217	-1.78846022276109	-0.212590670868381
-0.592508158951416	0.551531161195233	0.868137100258624
-0.592508158951416	0.551531161195233	0.868137100258624
-1.02279339087502	-0.380164062370057	0.0610632201185314
-1.82979836512551	-0.662023503467928	-1.05269815606335
-1.14682186915093	0.917012992740439	-0.738259138825334
-0.96350312301661	-1.94657253578225	-1.01594011824347
-1.57956588019477	0.0759425135858995	-1.11763362915342
-1.48999382779463	-1.18236174167479	-0.599168975374581
-0.666524051395259	0.365235546707267	-0.515918594424293
-0.2425408679391	0.934079245894483	1.19731544936794
-1.48240439884134	-1.32273664286664	0.379149908811022
-1.04007392961254	-2.0702997948926	0.0766374745162456
-1.33955902728334	-0.268779158526681	-2.03311529633111
-0.99433009318618	-0.45953765901789	-0.930891578135038
-0.566936137455912	-1.42792400247636	1.21957386095372
-0.674527638346246	0.351008822553223	0.460230742670642
-0.820788632441989	-0.11980049256582	-0.151341259810033
-0.237409824470428	-0.308021084970587	0.95417938771279
-0.236224904047717	-0.679385851712703	1.79312526723576
-0.0917513849777416	-1.26140658003629	1.65578755586396
-1.0574784526336	-0.733115489314108	1.00171988594816
-0.941419889084942	-0.348512337237996	0.784045181484135
-1.26946045570881	0.171206768056978	0.568317614729706
-0.792636209404083	0.970768476689899	0.0527336947214734
-0.792636209404083	0.970768476689899	0.0527336947214734
-1.01358698413802	0.709923843014508	0.135115822735225
-0.297972632347921	1.97359105732662	0.256602725646588
-0.645256505174934	0.991949351035263	0.324185002996056
-0.280775723208472	0.578146906396982	1.02725682363858
-1.40960077502352	-0.687953120941503	-1.05629315744899
-0.884806821358709	-0.272870043068221	0.160049321286048
-0.753327457356378	-0.414751517026409	0.954215852158918
-1.01293032953405	-0.966716876491879	0.83105336224899
0.00569786606898726	0.336293461997686	0.316523729850034
-1.53867795727585	-0.932504345954723	0.0156481342556941
-0.108655486955223	0.645273258367879	1.72336901881243
-1.27345014752326	-0.059567485658485	0.975658473173821
-0.981440332280179	-1.02946097043026	1.19093551254444
-0.232269740162045	-0.156217351967035	1.58012784862261
-1.28999019099908	-1.23212935368356	1.89026306196195
-1.20786691778041	1.06376189724288	0.962583570594284
-1.04840792999408	0.0333866323530904	0.474566071079026
-0.657004224552524	-0.890472583039111	1.57384472777457
-0.401791842421084	-0.708210726299809	0.572862230436971
0.520005344451048	1.71955790451603	1.02669426954308
-0.10610276760007	1.1830283892243	1.43749218821829
0.0858789270237147	-2.17741508831581	1.56632719006942
-0.371873820465032	-0.440602094910809	0.422487002107576
-0.464472487348899	-1.80028354975823	1.6119933106621
-0.6756237598609	-1.54494348313748	1.43780848578295
-1.21097552689979	-1.05440891521134	0.35262117897893
-0.872782845436705	-1.588635810604	0.414691821874294
-1.27844838274309	-1.99994247825362	0.319890103442678
-0.193183111373882	-1.31603879005118	1.2596031796656
-0.193183111373882	-1.31603879005118	1.2596031796656
-0.539801153169433	-0.842920407518415	1.38010319884941
-0.762817912340893	-1.15150958114602	1.30086301852456
0.0733296775110186	0.699329252190457	1.5008268961318
-1.46242566093283	0.0233078165714095	0.911879293901072
-1.16666107373333	-0.201698267539761	0.0107438981316349
0.465532717535611	0.58351567128584	1.23880901463021
-0.256542666209953	-0.412932406937903	1.56906095950766
-0.172575800157681	-0.0348005837318954	2.09638273037665
-0.461548358137777	-0.147023767370664	1.89558495393992
0.0987862496063896	0.193592372817508	1.7049247916978
-0.0484399538802007	0.737295209037	2.07333134919481
-0.905009891937293	0.32714071980309	-0.616200583472636
-1.18484328225985	0.821401710316936	-1.39755181036783
-1.05616102779456	0.753189847981144	-1.52487872067314
-0.468917897304157	0.393130793695569	-1.7916565832453
-0.0685292823259065	0.85191350748134	0.218459917055765
0.155803787178735	1.45296064568374	0.995191995334607
-0.648985377195034	0.385597982746388	0.0739216308679527
-0.648985377195034	0.385597982746388	0.0739216308679527
-0.648985377195034	0.385597982746388	0.0739216308679527
-1.13883356128057	0.522694474946109	-0.296649827411554
0.270796225332136	-0.0668628773392609	0.600908854720998
-0.257505570338021	1.36668111415259	0.762916012376997
-1.15867640839683	-0.144495316288997	0.63775059173468
-1.26613363056838	-0.611224417177653	-0.05591138156689
-0.669502702769253	0.496688135602043	-0.85064150169422
-1.01641599820455	0.346319131579937	-0.67823233385481
-1.41229954384466	0.256196526365928	-0.197092865460535
-1.55011344493676	0.221130438482254	-0.719427710786148
0.0340850950079965	1.54005108258227	-0.0376504670997401
0.0843512730854299	0.717169679663787	0.351175844932506
-0.767846363123342	-0.0151845703349502	-0.104290594295727
-0.465353139849849	0.00402430385898234	0.100811461034732
-0.465353139849849	0.00402430385898234	0.100811461034732
-0.0223217330570316	0.662538061532525	0.520183168101776
0.717312497906072	0.744073052730444	2.39246486047853
0.89799853172455	1.9003479529115	1.96233229886744
0.834433243747385	1.08711905451008	2.13989434956774
-0.0825921163777298	0.0505147998221505	2.22413563276124
-0.526725399668722	0.378576014422727	1.32003902429384
1.60144143869576	2.09465232172746	3.50744338706243
1.66291916360747	1.42330803408529	3.33650547972706
0.675025300509377	-0.472362099014805	3.15966239828162
0.955330930053741	0.674642425532773	3.04838670830081
0.0195069638649572	0.0370494574792876	2.02392801324173
-0.138921296298742	-1.43573684793344	2.18218686369905
0.0318256815164106	0.452373712483468	1.67617754045695
0.0442922414012012	1.02642189432311	1.16345033851921
-0.651972170446114	1.72208743797465	0.476975984736408
-0.0834170782058308	0.246623694115227	1.60166180541539
-0.526941610786715	0.894705005921749	0.555703648446323
0.496787300613379	0.345366791411185	2.15174371615314
0.795781848025966	0.768669536100989	2.41192978980708
0.809709758303183	0.600264277375449	1.59933224571519
-0.0958969244826118	-0.566425445688846	0.0197249815134975
-1.01309413240931	-0.647193661188652	-0.406085184229239
-0.950864105238059	-0.562807771843875	0.975431546798582
-1.02741725048325	1.30609198350593	0.561143986766641
0.503939458416666	2.02113578705571	1.94867355351562
-0.828356613239904	1.31709553180083	0.436053173526527
-0.00485086066420515	1.83796292687797	0.0212932233816983
-0.926393641419938	0.713399227464045	-0.396543350402932
0.346165897010172	1.28528659460826	-0.361208953834329
0.408633284318021	2.13547691662465	-0.201815694955024
0.024133084783153	1.00326245689728	0.185088296400839
-1.57184530970683	-0.838444429495269	0.132528137010028
-0.979833464710141	0.317235636198404	0.392428313157383
-0.972954787195538	1.04409642587113	0.742220249710117
0.594769349318828	1.00998836354164	1.19296536237095
0.177211168862168	0.0128054858023712	1.80712340490579
0.177211168862168	0.0128054858023712	1.80712340490579
-0.392686782407872	0.333615911769855	1.33381962953653
-0.389537664046649	0.259162897456644	1.07427456972656
-0.288155263968325	0.255293152451726	1.65510982215287
-0.233854987316326	1.10460855013939	1.69628532708672
-0.433974800804475	0.607047060920601	1.20118593088343
-0.897962610681331	0.289954440770849	0.627432804511207
0.409589911206496	1.68651122454824	1.52966863687958
-0.0697984452466378	0.874035571245039	2.2081976028236
0.406950770404745	1.35275035764036	1.65289085082748
1.25957660647704	2.10081223664626	2.55974365730168
-0.73080262767832	-0.245457382954161	0.231522621584356
-0.4105181579073	-0.179238113606151	1.13542567068276
0.830931555872858	-0.126510009523079	0.764090629577758
0.790348011124365	0.866427897433932	0.86440491186215
0.459371681816221	-0.899312543403358	1.37630836784659
0.398439514151521	0.277069278385824	1.98747349527898
0.685178907256448	0.392745999249629	2.50086101910526
0.685178907256448	0.392745999249629	2.50086101910526
1.37589412132284	1.07369587236494	3.01043918986317
1.37589412132284	1.07369587236494	3.01043918986317
1.76298388970908	2.06717681815455	1.72127333495658
1.27189045277064	2.58772824753308	1.47197713979138
1.84804292078191	2.47496106367191	2.08759278115996
0.493862171645528	0.933989122948291	0.9064497981656
-1.11765549297843	0.733537506327213	0.928652161007994
0.623671171433606	1.17123183179718	1.69303605729456
-0.791953871036408	0.487972075163934	0.68496558083044
-1.73770564564216	0.312439370233039	0.288170725345536
-0.24761347388267	0.785946984775947	1.59785947940473
-0.0860443682377198	0.120600938023985	1.8269480205472
-0.606833985296947	-0.777612876973482	1.33009982703757
-0.606833985296947	-0.777612876973482	1.33009982703757
0.162408382600929	0.36629274069335	1.57074759898299
0.237592429109513	0.493887973483882	1.26250715402407
0.0490481144659106	-0.11649119654523	1.71495590361253
-0.75192466311789	-0.102915184233172	0.971567528300083
-1.09201863597058	-0.467612938791877	1.24856208440173
-1.15282306295889	0.623684046511592	1.09212087561714
-0.773099384304138	0.509836806699716	1.25381817992087
0.992841474790085	1.95005980822693	2.32955238138759
0.747237363996933	2.24503391500605	2.19867173360904
0.909213378371551	2.33377174008283	2.46996490389151
0.890005679049613	0.919938154927602	2.41550438739804
0.890005679049613	0.919938154927602	2.41550438739804
0.674040036047403	0.946087101651911	1.74265522206933
1.72458435369108	1.37393721735418	2.41239594543002
0.585105022161501	1.05908526500789	2.58962484628557
0.220688279024111	0.341197827588556	2.17749497890281
0.256083673293954	0.12559767407932	2.05256668535614
-0.16695464240426	-0.834624168039104	1.40717739183086
0.73480717035081	-0.740544026572784	2.3595055733247
0.647533170022426	-0.852889642737413	1.80872429819731
1.65827290249747	0.657148692189867	3.90045411338624
1.11611539046523	1.25833700741534	2.40888681854319
-0.19920536485559	-0.649782457009536	1.98407249339831
-0.499553957744328	0.553504238001865	1.71886920440182
0.711652453377959	1.36675343058154	2.38202645592212
0.756974332093654	0.0690278944524149	2.47833619467168
0.315245466313453	1.25960113078696	2.94639625739778
-0.0283816490614408	-0.194278727429297	2.53828543196903
0.449203043055683	0.585174712627414	2.32273242350707
-0.319534003513763	-0.222817518613933	2.02689781146067
0.755510073640253	1.1596994537483	1.57175092665051
0.646187219775784	0.926314405545439	1.73886128199648
0.128945902141752	1.00778181543778	1.74992379161475
0.292583672593387	1.55206192434357	1.64926621788827
0.889955150061953	1.76897948606651	2.2986765399038
0.939767220954259	2.19095806862807	0.74964603529968
-0.0847433174630745	1.17232898084753	0.563976341527762
-0.962010519277942	0.197222030112891	0.7872928069802
0.307215765002391	1.14386615914942	1.08381589876486
-0.00672457355771561	1.57273040195613	1.52194065945729
0.679008868041438	2.19945616492319	1.89502303878706
0.857162797916812	1.24683367291925	2.15736248954402
0.393081470203375	1.95230759796542	1.41613862377252
0.158652305599231	1.78154593056312	-0.0365830282442695
1.17355947000077	1.42359915377329	2.39446701157876
-0.244382039925507	0.0606679477628151	0.95402471226541
0.967853295425734	-0.0580457063294289	2.53453450481839
0.170234269628217	-0.493289163805684	1.32087220217992
0.253132249690551	2.14417492198477	1.24813700894319
-0.242918693906494	1.19265820290024	1.52649420848157
-0.371387871351061	0.798339914162792	0.621639277771471
0.464105824705819	1.41900377840916	-0.49983153193591
-0.593102355243689	0.77079494715676	-0.728368244881193
-0.56150693006188	-0.192384863812066	1.18542304845896
-0.615995629062369	0.980839575356597	0.99172765733219
1.10549643273065	2.19493910797648	0.809881144856839
-0.396182332992508	1.11220370888073	0.0732265824177705
-0.396182332992508	1.11220370888073	0.0732265824177705
0.939725173102199	0.842792673863069	1.0099520535156
0.11553318576305	-0.689652940835399	1.88867355570143
0.893200534357007	1.28442020312173	2.3456681370454
0.582767823257708	0.498117723254311	2.59864485206234
0.302028712424335	0.330976236608566	2.33159147567302
-0.0755334370333725	0.558025551625526	1.62802434888876
-0.220049697201942	1.25752370398428	1.03243797671892
-0.367979221363439	1.20077537542759	1.39423176081409
-0.403913602550214	0.77090115515164	1.24869161406974
0.387906403015931	0.512757908137943	1.52630239271284
-0.332883310511674	-0.32755212130958	0.739469726763983
0.45509368400555	0.935841401083411	2.08014345299846
-0.12108916895057	2.23942974680134	1.37027257252154
-0.931212873649626	0.952296999060318	0.118542423466873
-0.200082778258977	1.90041978253696	0.908778697441091
-0.189353003897988	0.449918961919061	0.573224706955447
-0.277443956389903	0.758435970382696	0.660529736031105
0.101860234403307	0.632321717986278	0.998463705337715
-0.958357953760124	0.157061904602619	0.522691248013281
-0.253674747720222	0.313320675099345	-0.139261184720156
0.216425311342321	0.893339537616309	-0.223584902125985
0.196712914017675	1.00935822859247	0.843325207557824
-0.160590066939284	0.944823262866525	1.04880622348334
-0.592444900819323	0.909943531678741	0.674992560459692
-0.444801717627596	0.847788969810664	0.404912822937287
0.369804342482381	2.39560502322976	0.04300351743478
-1.18104967624532	0.522333430928765	-1.11105240807279
-0.0143363596460648	0.651092725102564	1.10011381972505
0.0420286377664684	0.633165846486533	1.6000539553771
-0.931384487350372	0.778263631188263	1.50002532045677
-0.671623050520257	0.593304265440191	-0.0695977526614693
-0.0891701852399497	1.04381678447982	-0.0229904471194895
-0.504116188228811	0.94386490563782	0.748151135915227
-1.18221057027355	0.758087786804627	-0.699711069040832
-0.0185080160270107	1.53046768879038	-0.442626120393616
-0.922500961348311	0.0481680844271223	-0.640631172979826
-0.843599476922207	-0.688861296584999	-0.184303222811995
0.443679120178224	0.609169014973134	2.05917893765588
0.443679120178224	0.609169014973134	2.05917893765588
0.746796037548218	0.634875076002318	2.2390196445962
0.746796037548218	0.634875076002318	2.2390196445962
0.529176401906888	1.30313123713995	1.50430077820974
0.37088602503164	1.31952931698155	1.95782224273997
-0.300379782654055	0.951049572289306	0.332339876096524
0.67155621396002	1.57999754840863	1.38740173704432
0.610389483727572	0.519715604784032	1.25575927987178
0.817722967598588	0.710727546754064	1.82405201980533
0.833731679030867	1.38586673235722	1.72396367158679
0.168723602542462	1.33354401742573	1.73865562056416
0.613717774388338	1.24894517659906	2.92006596891439
-0.124314933991515	-0.065940533341652	2.69998948866028
-0.0429099014636889	-0.410931766826401	3.05776627938697
0.189418028626572	0.794541547059795	2.04551644512514
0.253917098306623	1.00595398378304	1.28221161229787
-0.14993323848763	0.264277195667476	1.61643429694695
-0.113260806265479	-0.0402091249185141	0.383863605650011
0.261828644766051	0.403386851818796	1.08660868387353
1.02808222485654	0.590589652615574	1.73386078523263
-0.172080369864037	0.348309307479924	1.15302514079957
1.60292246036603	3.0703995146882	1.44823924783668
0.655490667668385	1.65447872234499	-0.634783641252514
-0.0675305044577284	0.64195374255091	0.874981283331342
-0.262852038697112	1.11347620249052	0.359792047784435
0.507433844998765	2.27406567487368	0.952221200809487
1.09051053899913	2.09454095509238	2.41813416032331
1.36805755641886	1.60269401503723	3.16282293712636
1.36805755641886	1.60269401503723	3.16282293712636
-0.176615016390941	-0.0360934142141458	2.69751747232671
-0.0628049873785168	0.815066365911086	1.01796670709854
1.2419693011614	0.279493561242802	2.83474329388904
-0.0963283843543881	-0.506934628821605	2.41985124094282
0.506231230297908	-0.885111299638531	3.18850160650579
0.704464480647056	0.533453261830218	3.18463090912965
1.28535197244423	0.42449099028727	2.95739994245439
0.736794336009187	0.365487533811917	2.31705443750716
0.209423428514868	0.874612333134661	2.08870268095575
-0.441355351154156	-0.362290304597678	1.52768744846319
0.625774747773986	0.156531476501818	1.82293865359592
-0.0376292570463499	0.398186527122801	2.16565323660809
-0.160220725295984	-0.11080171363212	1.58181290607738
0.243319671134788	0.160064832883347	2.12087514956259
0.991778509840813	-0.804496713944071	2.5541896642723
1.75384751300416	0.756778290769183	2.98073650247198
0.434031102432399	0.420175429200607	1.59189512228456
0.311092478702393	0.953172199891471	2.03238169235934
1.00645621363911	1.59199768116271	2.0338242583655
-0.761348893379673	-1.32749264832546	0.838891567521429
0.24201467060515	-2.45495058677318	0.880848909897512
0.763246215192488	-1.72500989856044	1.97470024125368
1.77789000151521	-1.65877617231611	2.51850522623726
-0.616293066587565	-0.686033764151491	1.47108621771542
0.402105720308311	-0.524920781423566	1.909154010498
0.931370818292848	-0.486680645115476	1.41533862147948
1.39885622697907	-0.212388804696585	3.29698806441279
-0.467505833470058	-0.492518147402778	1.59830149690612
-0.182187403152297	-2.54347056619024	1.78571017821157
0.597760197929905	-2.47996455775627	2.12504879384507
0.516766346251863	-4.53400598311507	2.51115895863853
0.632984313470983	-3.26806808022996	1.94775757945424
-0.100698340222932	-1.11380416857564	1.30490126324726
-0.547878491338445	-1.94916985391573	1.55367178540668
0.259267287821004	-0.367821372331135	1.72013901033735
1.15857189361954	0.336803992159742	2.2415486227467
1.0676951934079	-0.215482054253533	1.75020196390397
0.693107448966701	0.0324780450837865	2.31922786556009
0.215845661037538	-3.51316698125616	1.20111072783146
-0.064766777014387	-0.715837273105588	1.84703166892999
-0.669709319110131	-1.75351927120655	1.2616852481274
-0.338887523909008	-0.773829663824991	1.81535922893446
0.339450596296142	0.867634836270856	2.38549220048359
0.545885932909069	0.32015317637665	2.23719830632818
0.688290908412414	0.324238310696238	2.12797727628824
0.472315187054743	-0.970332225183994	1.89773329935758
-0.399631290286919	-2.02368961498181	1.21440453029679
-0.0751949044298148	-1.70094234034273	1.32545328859116
0.694724085584227	0.93315595440899	1.17424280361493
0.159860412605852	0.952318296268183	0.961341448531064
-0.849113151514712	0.541511509335725	0.20006401389737
0.527742584532731	2.23474933324842	0.575181750474516
0.810949056220986	2.53578442293009	0.307926777983704
-0.844428490973002	0.321490314872082	-0.849086551092707
-0.193025860333397	1.68737027347699	0.654428625681846
0.388688569111068	1.80181984225847	0.622417535733393
0.441724908643518	1.30763959870337	1.7218785610922
-0.812356170378909	0.697516697456146	0.832821717904045
-0.998170184260221	-0.113865465734999	1.07333376995551
0.0999029357244621	0.617136062641987	1.89290113247789
0.297991157367041	-0.748603830656545	1.62857249015117
0.149480921028302	-1.05304670753795	2.35628985058048
-0.318237437148654	-1.40141663548274	1.72502282144159
-0.156320186762457	-1.04589652757561	1.92442700602316
-1.00852082315441	0.351505040729606	1.4308408096001
-1.00609809126213	0.094239100021304	1.13803425954491
-0.498301365314158	0.297042914271954	1.30033016001676
-0.369290800224165	0.242534417186842	2.14973332322233
-0.308540532453274	-0.15222185395814	1.80435469169378
-0.711863184311775	-1.79359677096686	1.76317847436037
-0.565051946764492	-2.5187818024567	1.61631171457783
0.848774051706607	-1.12262515541304	2.73994350707707
1.24729925547193	-0.284033702711643	3.00913317917389
1.31347225205014	2.2331363791498	3.30028879119709
0.668010019115696	1.45817353358966	1.42788570113587
0.152014107928568	-0.382001294888978	1.72921633976904
-0.347802164040656	-0.280768929351056	1.77500896754797
-0.138047519448301	-0.37393560206997	1.35262114657821
-0.581291238825832	0.0883173344181151	1.30268952825162
-0.492581057485566	-0.957620840575946	1.48814884410103
-0.916472904790353	-2.00236227107973	1.81427185468372
-1.08920303757318	-0.154307997867341	1.49139360706917
-1.18890967724866	-0.913943314959835	0.579491423799084
0.843476441078539	-0.976574131654088	1.64092921063452
-0.546803023794928	-0.173502674079821	0.343212505941844
0.175943520194528	0.479429114962044	0.91128533642304
0.0266947736754046	-0.976244796338479	2.12705830861267
0.317649783268658	0.0825633219997494	1.45115475814149
0.144051877737541	0.336750047959912	1.54647116810131
1.38281620645687	-0.583647373297058	2.19645698789398
0.717713480366948	-1.54438338076637	2.45786268377582
1.00403373568744	-3.05664551276172	1.53880858174895
0.630420385071604	-0.547854125129182	2.31176443810392
0.497001772318826	0.711142983110419	2.03471372501474
0.0919119987087146	0.68340834617136	1.65053871618537
-0.357104435817793	-0.242691821929148	1.51717737528181
-0.869927027595499	-0.779787798924757	1.16241720536834
-0.492849353941789	0.0762527803349675	1.11071966485446
0.686558086373299	-0.997306897919357	2.03401815028039
0.663041043461736	-0.871505200163566	2.19612769732423
0.146874060736773	-2.04162296643282	2.26387170813168
-0.54305495389359	0.0245644860594031	0.872528202758613
0.0565095877539616	1.21766530854101	0.613060247965635
-0.59346115573333	-1.05039287654441	0.714071504318772
0.138407285757081	0.802424183290782	1.60127950093188
0.200831100156283	0.64143799553672	-0.735468627158204
0.353890090345288	0.185201882474452	1.74031351213975
0.284529410751492	-0.838529543203933	2.00817047318911
0.454609472810357	-1.34673797818388	2.11090195804697
-1.44110064700316	-1.68054700153873	0.484435024969267
-0.742603455482387	-1.32550124132685	-0.0470660360326922
0.415327364278662	0.892566777834672	0.573742824116214
0.259683324781441	0.906733166110877	0.26218180282074
-0.842844634026839	-0.852328868472032	0.773720924864468
0.289464838643792	-0.767440316379083	0.871445870333197
-0.604385336099006	-2.30270885122011	1.03593724366313
-1.15124105445515	-1.28034782728522	0.546574610135489
-1.00057978890912	-0.75358895832737	0.865077856560214
-0.749316314814442	0.345184140252512	0.686406229023703
-1.03111375476825	-0.255411912593035	0.630461433413346
-0.55322439805581	-0.0915204248400357	0.400434667243358
-0.254310065973705	-0.222080841399167	1.4137631394738
0.517152507349489	-0.0394477993682443	1.82042489594646
-0.337238064506278	0.201626728928681	1.68056632837142
-0.654992605472613	-0.718153440889599	1.45951431158714
0.318046596116549	0.728984336931932	1.40244810446825
-0.9624015128985	-0.884494769976937	1.43558228599476
0.452413961605634	-0.0167957685661749	1.86274984189538
0.0169420176749646	0.749462464724044	1.70185495499393
-0.692911196938459	-0.415839565959889	0.665991221224639
-0.915351831930921	-1.02229062237916	0.500358737532385
-0.189768764474243	0.470216350851534	0.716679544336084
-0.845882466831886	0.905201590660109	0.713540773164604
0.179699912011444	1.08445799768157	1.18771720823854
0.737319209194361	0.0439039430161214	2.54960190493405
-0.1757762494994	-1.63063866129357	1.56450642595785
-0.750017189836068	-1.15144310347141	1.35017085013893
-1.23410377326026	0.375792270957811	0.881090538540814
-1.2393284978983	-0.532535061144514	0.93258416897126
-0.822384746342487	-1.08479952665381	1.0108895360376
0.215928567665715	0.128544450972842	0.941979438615541
-0.393978287206057	-0.290499937529617	1.10404449856223
-0.128809284808419	0.971891981574736	0.568173483305642
-0.483421700830461	-0.449711094283708	0.663355981129751
-0.102011851983927	-0.760142080094097	1.57617095002884
0.725359873459682	0.378219361944728	1.191034106332
0.102910321400667	0.95405860359853	0.80052889551258
0.408791612619466	1.38028245828533	1.27930629311725
-0.176847187079506	-0.19589027416723	0.173504115543505
1.43414878098462	0.338511049261218	1.35426756544986
0.767474898276564	0.359728744108622	1.12481972370235
0.334398529415167	0.87399291723839	1.92295113964073
0.410948678469061	1.03240870169505	1.17385952721642
-1.48417665575431	-1.85592681376423	0.189539372816678
-1.04760988506096	-0.727247671697713	0.190969646039697
-0.275371976958602	0.213137388061233	0.957540297528499
-1.07589818786369	-1.67727876261324	0.688374843549094
0.798184550175122	-2.05791163703424	2.66439864142833
0.826742176201666	0.15787459697082	2.84630590897121
0.0422209805352054	-0.802930805498047	1.87275000591951
-1.11268497695419	0.0366937983002157	0.846324698768813
-0.834578601647526	-0.255488519934467	1.30753503865538
-0.659817007595382	0.82391267777601	1.46557369217761
-0.136342740803723	1.99025604719523	1.24023470463315
-0.0804359233925737	-0.208587542979598	1.55731387790333
0.658959868749878	0.454828236382825	2.23702005998238
0.664432020898974	0.423422335063392	2.05391272157574
0.135735656988049	0.975541889686249	1.70738516727137
0.135735656988049	0.975541889686249	1.70738516727137
0.420819424956594	-0.661373798615177	1.79205079643879
0.112078503419914	0.475692522154423	1.36383747141727
-0.777283011627932	-1.07605649792261	0.838859647662527
-0.0849270349019279	-0.826310892406127	1.47200989266287
-0.427590168239578	0.659853501038427	1.53769172505126
-0.939347846294283	-0.946397452203861	1.10208437968698
0.0680539614018781	-0.677127569634631	2.04458259618643
0.249233093903589	0.196494863481949	1.90207717126059
-0.216695019981353	0.78781096401598	1.58325265259961
0.932552192471966	2.22036953974518	2.72804595853421
-0.304010871352484	0.620410555763532	0.542639086556256
-1.20685755010837	-2.08981055926153	0.822762051829579
-0.625788213930212	-0.444164722610163	0.108374119715262
-0.264039989167444	0.14757297129259	1.75448839506167
-0.262090892589882	0.863434138907101	1.26699792975587
-0.262090892589882	0.863434138907101	1.26699792975587
0.124100551458455	0.734404789677654	1.54282834066086
0.124100551458455	0.734404789677654	1.54282834066086
0.0359917353477307	-0.548075362633982	1.91720600993254
-1.81044935158634	-0.757021943682048	0.470460484483437
-0.573280349828065	-0.352750781416106	0.541140054937174
0.965881065524796	1.59753047343537	1.44773036745806
0.941864043587588	0.30836907514805	0.522976363193198
-0.619424142794571	-0.10898843684797	0.979324123808464
-1.6483845825276	-0.606533255307512	0.287668550239782
-1.29527475050577	0.237904036189972	-0.181556844643185
-1.07166938875897	-0.642830128287354	0.229856536873123
-0.884964351167305	-0.324872542226977	0.509605038007359
-0.0157723288094054	0.447873428122068	0.394204409943063
-0.0157723288094054	0.447873428122068	0.394204409943063
-0.0556073718984078	-0.313470652358255	1.30497157073622
-0.601251181730221	0.0606538049060232	0.591986332441639
-1.0009813850292	-0.0572839390709116	0.363540802211759
-0.717772028384367	-0.0131342871086278	0.621200009675762
-0.129182432011905	0.775559383263269	0.717492049767842
0.534438670315415	1.07566382452187	0.996332508515468
-0.584490027017863	0.304712527473333	-0.509886335114226
-0.0533043897714745	1.42521933158593	0.537383158757048
0.0592484590606381	0.86166410339896	0.868139388498792
0.170162215454101	0.941180065661378	0.172157689919081
-0.679422628646895	0.856939268685151	-0.54965830095249
-0.777808690999182	0.821377757858217	-0.434965073744448
-0.180576367083676	0.664083936992426	-0.220499681569203
-0.180576367083676	0.664083936992426	-0.220499681569203
-0.180576367083676	0.664083936992426	-0.220499681569203
-0.843215630936214	-0.0978696920572447	0.458972848654425
-0.859235463144927	0.241863531871378	1.02778841728099
-0.859235463144927	0.241863531871378	1.02778841728099
-0.588579763472682	0.798898962036177	1.30409868693059
-1.27430708088187	-0.45940194055852	0.693971886066984
-0.479361378551136	1.01816839307293	1.47412885702534
-0.971709556344761	0.818140885388478	0.773096970398154
-0.741574532145514	0.832242315286077	-0.184553867554145
-0.750477011377209	0.354155236271395	0.734917276386688
-0.750477011377209	0.354155236271395	0.734917276386688
-0.867015776956866	-0.079450476876561	1.08264296018907
-0.911004666224728	0.141135998772343	1.75233140668286
-0.767368557272768	0.429473494535475	1.354398979307
-1.05481056376353	-0.228440835523398	0.552181497736407
-0.340760473416791	0.942544299593639	0.264284345097809
-0.622557602791119	0.365531844185937	0.0613096904265408
-0.306647675447252	1.22447733359295	0.518555944895638
-0.357133884293833	1.17925658210638	1.23006459370553
-0.479413597618663	0.858546972253686	0.776822735231899
-0.541483755343304	0.780889245454352	1.17335276029736
-0.239203776827187	-0.519606635328158	1.51361870259681
-0.239203776827187	-0.519606635328158	1.51361870259681
0.0453502187405064	-0.0322865214275466	1.94405788364868
-0.479169974620967	-1.17261541209692	1.48016507354166
-0.479169974620967	-1.17261541209692	1.48016507354166
-0.356112268603777	-0.792897687377378	1.48439522960408
-0.758553149714992	-1.03365765667622	0.474928913772825
-1.02287098654924	-0.290093923493462	0.357057994699803
-0.516506132179207	1.24373971891415	0.829834666223801
-0.657250779985458	-0.707408914143874	0.997769904058678
-0.0762483928372898	-0.204725750148401	0.826911953410369
0.105625253844532	1.5767082408211	1.26438032099994
-0.0457328446404468	-0.262315470605157	1.54842162270091
-0.186784340543298	-0.112374455033451	2.24005851732066
-1.35497612225923	0.30895435423747	1.20015185737313
-0.186582957700787	0.130355435200143	2.21253324687929
0.507431127638036	1.39092663984264	2.15457659038711
-0.0740537084844455	0.891395027912937	1.41928373604707
-0.605029903865584	0.0330039171651853	1.13184135650708
-0.605029903865584	0.0330039171651853	1.13184135650708
0.235806632995481	-0.00445592024789421	1.73332993834498
0.15987453982534	0.7603444046808	1.24025269748027
0.0892068189825986	0.972375304841131	1.54857744087432
0.235715353169226	1.05430563127924	1.2566867633265
-0.16927835131681	-0.055756678445588	1.09736692224411
-0.775191391266515	0.393940946690466	0.0772636987267799
0.0358447745281657	0.232297734991171	0.596703709950885
0.148824686823749	0.860118585505037	1.59924202026441
0.710974126466433	0.632082773849879	1.06362009238355
0.373177244550147	0.0877203270620653	1.30905737802602
0.947340355914881	0.87866289675903	1.14685626076243
0.824179303775402	0.826231361229163	0.202556435087418
1.2061680252673	-0.223126146966555	0.909216652181864
-0.971310805651802	-0.594193021089095	1.32041597800167
-1.17024147812507	0.693662511031912	0.434155392048061
0.658329054770647	0.280986276743059	1.55668052881173
0.658329054770647	0.280986276743059	1.55668052881173
0.612947405415199	0.604264282757082	1.29706321841709
-1.43599258585722	-0.750351185567212	0.100287222453852
0.512720624369504	-0.732269421888817	1.34646233690421
0.127799448304588	-0.417000849947701	0.909838991296331
-0.735767803450568	0.0468188459236131	0.78449203155651
0.398362096744469	0.283830809882554	1.28685763000031
-0.514949547233121	-0.356215208861986	1.15094375015407
0.108658772123246	-1.17196141241123	1.37805017172272
-0.512341142196888	-1.02757717487176	1.31069011884275
1.02020597815568	0.747943464605538	3.37444566757982
0.674618432449755	-1.59209671179465	3.02797459513999
0.726278501146327	-0.535024233703772	2.34010278091749
1.19730364862497	0.813347982149386	2.29766887712198
0.127303001033389	0.349326970069135	2.66870513460905
1.00975750542569	1.11920501806822	2.5910298981955
0.188322110014154	0.704578634634393	1.71117470383765
-0.783057705171392	-0.431634829215898	1.08483068680742
-1.6718452184406	-1.24143274716357	0.77879076030204
0.352157250608926	-0.578565781343448	2.33169241734022
1.33081024249767	-0.510132087625161	1.77909183856889
1.59098585065421	-0.668097315578241	2.00814509914415
1.80046604908681	-0.803182334889973	2.58440880034292
1.10620616084919	0.632234507077063	2.33180227177315
0.575502001095668	1.47848017618308	2.32045633567646
0.3086134679831	1.25741108972194	1.9108578290853
-0.67961837617457	-0.999609933562914	2.07974729519214
-0.424245503889257	-0.277874894098029	1.37748061736149
-0.019663091294733	0.494307640306175	1.34140891482067
0.469471340457032	1.0984738111125	1.27875709361597
0.118923696783074	0.972157561219961	1.27353839450042
0.369352983253644	1.00984062998291	1.66404347400832
0.976015040091808	1.62000757613348	2.06920863994333
1.42926914461	-0.314954196195114	2.40679699050832
-0.678718667024607	0.149503209184474	0.765460174267807
1.36978864690037	-0.22283047508267	2.04748846498862
1.16621423086302	1.01525286167217	1.75653910302716
0.105473055428651	1.38262772072321	1.85443085350772
0.313967691455022	0.868336653190948	1.95105788719131
1.11239791658724	-0.0720388987808014	1.27972150119336
1.71630577827153	-1.65146759979618	1.43674110716678
0.304029071723687	0.542584167062675	2.34634229162248
0.063760173506248	1.06353794970782	2.22652787121091
0.885854327560205	-0.577789739703656	1.51155658220999
-0.374020442643269	-0.871501957105331	1.10378857333258
0.109479526127747	-0.18822327138839	0.982625804517389
-1.44003855364634	0.0966663804384625	-0.212689545401849
-0.766899695075871	-0.548666230993706	0.616419555376407
-0.925729179305679	-0.712640228023329	0.498374039136308
-0.690155254793695	-1.0303400499986	0.343411006143383
-0.363226723265255	-0.559160606302718	0.737154605549807
-0.135013769869378	-0.85324779713018	0.809443802380844
0.603925521279539	-0.817593817728759	1.20133801774124
0.0845456616942586	-3.50242048202431	1.57849296929214
-0.746156504826202	-3.22340087460976	0.95498005312465
-1.40524121757314	-0.60424830519608	-0.484772317291102
-1.35837217405989	0.335535281790603	0.877979915858323
-1.48690821245833	-0.685164525764476	0.571365999725027
-0.635505609842422	0.514261354378647	1.00822012130351
-0.910703492096365	-0.326571888940689	0.548451058015923
0.0921404000566635	-0.048487406300973	-0.245914573925832
0.318991428409843	-1.36150455983623	1.38906796436538
0.182952706476893	-0.910960380678438	0.521881681250826
0.0501891894823068	1.56885016047511	0.254640686118652
-0.134467416523528	1.13901300648435	0.171926088104712
0.0649591200245245	0.269998913471734	1.00956434105985
-0.189798704286275	-0.66975389838001	1.43214357179304
-0.0754424556530146	-2.7238588342061	1.82178917530705
-0.804797895519396	-0.43472609335642	1.15853456717734
0.193398669379027	-0.0232496696051538	1.35709620238908
0.654744552154693	0.579075381302011	2.15594518115975
0.00550586018553384	1.23137608843642	1.84138672320026
-1.43377241219934	0.127480301837151	0.132958637157513
-0.378401158536396	0.498972321687719	1.3437036007113
-0.659977713339692	-0.14634318548202	1.12505105921915
-0.281307679600897	0.345146576276981	1.15379187840915
0.430919097199	-0.451605547642929	1.43834156792137
0.609055248845504	1.08292178743249	1.05606855371484
2.00555153294422	0.947109841383197	2.74204197594369
1.97181292482747	-0.819566922285139	2.18257956045656
1.36446340204805	1.92284591190881	2.52627821175565
1.15645038296049	2.16581422843484	1.69200684765
0.340299363103068	1.20038738109809	1.57482990006575
0.514423042962268	1.53017159612624	2.31507667263798
0.344129658528332	0.364451412912441	1.41370315343629
0.322840950258571	0.0893488303316805	1.13839717931541
-0.397352326452154	0.406164811683026	1.10477746417713
1.05660539929769	1.65720588159957	1.20922579555545
0.948767821254505	-0.424035017270637	0.431136860501515
-0.67333403371879	0.124505748925935	1.36493817049866
-1.38310429682261	-0.542800093634232	0.255477791151716
1.59748090412989	0.900882431076403	1.30156057721146
-1.27934081990659	-0.242066508224028	0.705961282201873
-0.200166522197547	0.492890371343001	2.26280773699035
-0.564816223224314	-0.260783601908493	1.67690035228782
0.327945421327029	0.93790439906924	1.79387937808536
-0.330757465950094	-1.07854817841994	2.08122023979101
0.0986129263807772	-0.955604050557326	1.81115439071233
-0.55958679808859	-0.56277652961951	1.7002196523083
0.107827810268991	0.83548180868122	1.71819233892325
0.0651973445857224	-0.739530324961277	1.32140865986888
0.913284357437322	-0.803026264085451	2.71313433358125
0.92318245907401	-2.75481995827911	1.29579867854724
0.583573723394359	0.138355435197641	2.46923479899258
-0.29586523276933	-0.325315637490536	0.701138942696027
0.506068723422863	-0.586718501508957	0.838360242572486
-1.33190860485124	-1.19718892539906	-0.579167231268
-0.51921293620843	-1.68261595798501	0.937886712431272
-0.51921293620843	-1.68261595798501	0.937886712431272
0.100903087354225	-1.96729820313097	1.54897601269438
0.27888629049765	0.502694063777291	1.00283107463917
-0.287841933651374	-0.0202937700003987	1.6232607109072
-0.287841933651374	-0.0202937700003987	1.6232607109072
0.27880241815983	1.17488031070984	1.31140606005908
1.74237379691992	-0.131387881523962	2.04479694701292
2.6485448977706	0.791860377259577	3.51128208253219
1.62588195367144	1.27340525782066	2.59106157767285
1.62588195367144	1.27340525782066	2.59106157767285
0.843975243893183	-0.119163846673522	0.746586755945173
0.87895890391788	1.17248727522678	1.61501859536859
-0.811738810314485	-0.0186242266823825	0.573863580001641
-1.06924529431372	0.87437473044723	0.352308932666158
0.754161523668546	0.111234734549814	-0.76459369962343
-0.375234438652408	1.12465008235094	-0.199042137105923
-0.371936844423299	0.726527788051296	0.690201969599514
0.294982004847356	0.202058433676369	2.21969572936902
-0.869650204019335	0.496367769631295	1.49704852093954
0.264048041298502	0.0459056357937675	1.98954473669726
-0.436802202953655	0.443954101496204	1.28109885859233
-0.879696486131503	0.241595790467022	0.419065872149149
-0.188742866303737	-0.123210413009452	1.53866589226166
0.478048476271285	0.624465674540857	2.49922826476889
0.834803134181142	0.916311095101937	2.23188914702044
0.234269308741896	0.868625869162344	1.45643164384156
-0.522283298439764	1.22643464856496	0.572332193805615
-1.04239868857635	0.0456046674162609	1.11441940628147
-0.256823262137588	0.161572578309312	1.00320183418873
-0.0957854934735887	-0.275693994732193	0.471125564656294
-0.799533901896776	0.207959381665241	-0.600669656763351
-0.799533901896776	0.207959381665241	-0.600669656763351
-0.668128600633212	0.079263871924619	-0.180993098470182
-0.484300499200363	-0.47017512476729	0.752178124991752
0.124243766532211	0.591094860312895	1.31776669543776
1.35190635619662	-0.130097088527402	0.191160893059845
-0.344269951604757	0.767321103301319	-0.222181424224856
-0.330985012898767	0.872832339143595	0.536850893819211
0.0905541032205168	0.266895603731706	1.520767221301
0.759250299729612	1.84485093925018	1.79224301544217
-0.801828953262633	1.04157529556002	1.52985857367531
-0.699668141452565	0.448040537403536	0.0980616358485829
-1.09840275488344	-0.213351242158027	0.371753529028366
-0.767654994433321	-0.159652735374075	1.24269132425113
-0.70095759422009	-0.542103968102188	0.679083445544129
0.19874690281587	-1.11580019714885	2.46315250897983
-0.496810789783342	0.157270732710887	1.56350956978739
-1.21832990952464	0.953482748723003	0.701255783447886
-1.01874719254129	1.2404617726529	0.34219369794499
-0.406271612957649	-0.0391843974174577	0.222589902602747
0.752233384580532	-0.278648311148298	0.963172007283513
-0.0142299022284472	-0.723586156084932	1.88827853669664
-0.161143350633055	-0.328079085664074	1.90825227169744
-1.08047209246434	-0.717759371269199	0.79063686830053
0.70835129589848	2.37212032320654	1.18633521344162
-0.698685042735382	0.128091024248524	0.573861435095193
-0.106318553629896	1.23270011889538	0.527527599706375
-0.527982443343457	0.967849539982764	1.17478674780489
-0.489724612115915	-0.444492947476335	0.70138547723422
-1.4138505004591	-0.592761286527378	1.07497165224176
0.674508003500699	-0.232172385833203	0.784247746498281
-0.562832088077629	-0.0921550436760276	0.483272609769804
0.666468104816859	1.05756320720541	1.32004837677868
-0.0114928320885213	-0.313592828974146	1.82509583910896
-0.974816838130176	1.0605252690626	1.66696640223837
-0.681110792051135	0.118783108114994	0.97370232957493
0.0345632154451357	1.33887147741295	1.57339435309174
-0.835770092923114	-0.0267843770168636	1.06875836213023
-0.669950296024158	0.368818676047768	1.32829770419982
-0.0706845142558169	-0.034347879199236	2.39566008041788
0.423588788849831	-0.377574391291162	2.14368176859487
1.0954648160412	-0.548081828842854	2.5169426651905
0.653349273048705	-0.765867046437735	1.20857103556245
0.504591314724279	0.358386274288809	1.65395482043395
0.228859960226137	-0.298168924009058	2.12894094085786
1.77078405437836	0.612754161095809	2.52399926320129
1.21680195880914	0.0871612561627624	3.44542285986789
0.72079291767556	0.323974574855431	2.30846469245827
0.0898971650133926	-0.442341408460647	1.80756176606203
-1.5041883627249	-1.86131262864628	0.782348578470515
-2.10293757118781	-1.16415845874667	0.37993811390863
-0.616128706230076	-0.0291525507185614	1.10524643797843
-0.509160747773221	-0.00463530134146986	1.05921404010561
-0.625392206160257	-0.234171479230089	1.59073373508738
-0.212867001000651	0.0156659053356993	1.72599246894575
-0.163824833434402	-0.278694554556157	1.617243095663
-0.762261715087676	-0.0252961345836824	1.04048151441604
-1.11800869176781	-0.252383527737597	0.0524787332826251
0.0687977102251921	0.915685625626805	0.501049330464442
-0.547637804952066	0.41691154489153	0.243153104409183
-0.602032201378529	0.815076808996936	0.38556281219695
-0.602032201378529	0.815076808996936	0.38556281219695
-0.738726322402213	1.21381253354443	0.942584743731223
-0.1908384288043	0.942543448955135	1.82049705107444
-0.290254346839882	0.170749054965992	1.26032972951082
-0.319136525263614	1.12499645073097	1.19261832082434
-0.447712384446016	0.509319425662378	0.553272492362815
0.00780995112887828	0.219577073451089	0.710981692968515
-0.525382991335664	1.13565768378843	1.32508250169226
-0.999877098193092	1.44317286797892	1.29787107170789
0.0692275235550777	1.37178059181396	1.44038781961694
0.191121595793537	1.01653018245916	1.07010539688911
-0.780966201812372	0.79100530906359	0.900377356175699
-0.481890338073029	1.42140316829724	0.994832047576844
-0.121962538712699	1.1960863354232	0.765651089915681
-0.796393298694366	1.02507686990135	0.0671999890675593
0.141157605338908	0.219214236996962	0.373892496448859
-0.624972056759437	0.027764359717146	1.5447547649703
-0.00855609888305076	0.850077645846721	1.70212576707109
-0.392740836128401	0.835144471749639	1.38930584816503
-0.708933525976018	0.214886688537641	1.25921453681024
0.0989460776394073	1.57091439554477	0.916062823569611
-1.32222527957211	-0.306858144696866	0.468791046930372
1.00671972995739	1.22074127284386	3.09722208660879
0.939821256152663	0.816992231250625	2.16237411332026
0.239253171452905	0.567524150761725	1.32146433700267
-1.0867026329361	-0.376830571785384	-0.19885479656392
-1.54663659008541	-0.807215900045292	-0.465237090402485
-1.37497710562252	-0.290715527585264	-0.202995409995598
-0.722474804562988	0.686408044970159	0.430580002277118
-0.224041588830969	0.567224663307379	1.07775895257166
-0.161041430124724	1.31357708749086	0.384292595373627
0.168271039724565	0.615788634140746	1.21818183493338
0.687813391481034	2.46610592739118	0.784181273188122
0.828588020139766	0.411728413288239	2.71275432606176
0.299512245607019	1.64958887086299	1.93872148490653
-0.49510423617973	0.817332847532132	1.49552605890919
-0.0345263681260539	-0.34245191728223	1.18169645209771
-0.323808748083027	0.874055400806584	-0.28162311048735
0.0637413616303614	1.8691131463538	-0.33213685346127
-1.3720684455019	0.661377683542078	-0.845021497912131
-0.316750710818662	2.00649389247962	-0.667934849978832
-0.0699108762947336	0.49142783953545	-0.135819596957065
-0.443038493896885	-0.347863097698141	2.0351241738853
-0.0902159083923306	0.562570765238212	1.42156661295666
0.09944804378882	0.0215995508362881	1.27525570795211
-0.158558455447554	-0.73468987635025	0.934420789284773
0.41967650934466	1.57709857161421	1.46329770342804
-0.832511141494603	0.853963405828447	0.500762263982404
-0.289651105247667	1.44666870214842	0.741212689994318
-0.545451290381016	1.56462077789769	0.697477387239822
-0.454267931400697	1.4359595344067	0.524172601507259
-0.490813301490836	1.34289195179504	0.714666612217531
0.157216061251118	0.955646083008262	1.34033772651057
-1.04820848765896	-0.649540186078844	0.86416902562526
-0.233575855209784	0.992822507633726	1.0784741024223
0.280166589768032	1.00783802307566	2.50749987306626
0.198986806442561	0.356474738297549	1.58816069327616
-0.343082254279669	1.1292965063267	1.3010399401993
-0.765297668547528	0.233034878052046	1.14885470980017
-0.398819282802884	0.37858996933155	1.03113279881983
-0.00228873323766879	1.44806449359531	1.01226467019199
-0.794861862165908	0.161086629697626	0.554676784941344
0.388394568513745	0.449154413757365	1.38349158761766
-0.2413186085849	0.0930892064046605	1.03488940265203
-0.2413186085849	0.0930892064046605	1.03488940265203
0.203705654211004	0.00313095353660375	1.56563689513178
-1.0409639915801	-0.193648667665198	0.474537473210615
-0.618018589992859	0.068639325278045	-0.373130356622921
-1.20510033468526	-0.490885662587098	-0.459253574134972
-1.25721030859057	0.300801074699274	0.0088457568085093
-1.3386233934419	-0.980705474877592	0.640450644440703
-1.63615451575689	-0.0524661156613709	-0.483355692313926
-1.54158505593614	-0.278957327335352	0.165402136942127
-1.21752510958487	-0.0104435592840262	-0.246513143516185
-1.63472670358812	0.201922862713281	1.51908651712399
-0.201835332535734	0.116909313264699	2.4204909994396
-0.0875765098174301	-0.947931765573638	1.96313964896539
-0.780944333694566	-0.531499786854498	0.497756548212177
-0.523535405028893	0.236832180015539	-0.0697418169244495
-1.11170694433606	0.0603897833538418	0.0340718757755
-0.0561276459741152	1.13721138624522	0.429671222665134
0.526753507946192	0.194471023444469	1.87878818057505
0.111128945388333	0.426887480886073	1.53426997465157
0.12727780817783	0.65962019530001	1.31193887533377
-0.645718438637128	0.0167396583005213	0.381786130897117
-1.80511969272121	-0.625098511746389	-0.612192684980135
-0.763116876200755	0.655957718200592	-0.490335322177894
-1.46686937270988	0.0827515386719913	0.342995128452798
-0.692318260152217	-0.467499942295962	0.492728095003284
-0.869295681753667	0.705847806736774	0.558889034222886
-0.728361523895513	0.489100139966692	0.340398400203548
-0.14274169958034	0.0276544235709522	-0.309380064630639
-0.275123002055651	0.0491279763640312	1.67938111104432
-0.523677335791488	0.857850253115874	0.565619076886177
-0.357661141737522	-0.11902820164504	0.897523528887914
0.308722520079529	0.895632504249296	1.77136725205979
-0.101633811500924	0.503323505832358	1.49218699475934
-0.261510835366679	0.754903846750336	1.71234076324255
-1.20762506376029	0.840528191851881	1.28823530428929
-0.401945078681582	0.971160334128929	1.54644088925512
-0.242647922976993	0.383196207170356	1.89559130189602
-0.255229635089391	0.300406583442559	1.49924413246862
-0.120059266275251	1.00516587468817	2.33867712628135
-0.581692351745051	-0.107060265170542	2.19621398650189
-0.92132106623375	0.0776212496170506	1.84110513213629
-1.07998941052664	-0.134952829194858	1.00404346029595
-0.981715632027536	-0.494129015798803	1.03504615734447
-1.20845427769661	0.0446884732733859	0.585246768299845
-1.48031691119247	-0.0395361087297059	0.117212513504821
-0.196730715905054	0.284245380393609	0.485556904228584
0.0618929457005863	0.482428363339495	0.437286234017427
-0.460822215200466	0.401825162949062	0.742332290086359
0.403245818667125	1.18740984379308	1.16514131710317
-0.525479868335993	0.585292731139394	0.621267089911513
-0.532197444142848	1.1086354513767	1.14864838252644
-0.743323017104927	-0.0473737663935507	1.27629861718892
0.0664321944025825	0.722835278817782	1.72143740210262
-0.0975528426715954	0.257697671565635	1.43785275943657
-0.301511824568478	0.234416204335944	1.66648774156023
-0.731563455002437	0.612463055104008	0.969919695174873
-0.731563455002437	0.612463055104008	0.969919695174873
-0.917579971720707	0.719667595428779	0.787633770186292
-0.519971386722521	0.510518129801774	1.78181352369765
0.517731072653168	0.797977229452163	1.43316907238268
0.446493852121224	0.535021109558679	-0.27971337463028
0.57579735461991	0.102322014787653	1.16074240811603
0.0857251163864219	0.890817283784816	-0.35031053966421
-0.823207498232211	-0.72699884329709	0.352327167047368
-0.274740449680886	0.914504385937065	0.244109315268551
-0.253225572108585	0.516782487277464	1.67337121190196
-0.855510567284156	0.634493221314904	1.13447837325334
-1.20502326194742	0.168843466091952	-0.211073081205911
-0.557695902959036	-0.141222186698873	1.18099758724789
-0.946236858779841	0.52914146968725	-0.0719354783567842
-0.617140134037587	-0.440721682301248	0.125451801572308
-0.0134082589257556	0.310880975044826	0.450906496716853
0.0550839700086145	-0.396843496795126	-0.326705998465849
0.116110778032994	-0.272059122869671	1.21464794538842
1.26800622095033	0.215763705248724	1.45714687843729
0.759997843196839	0.58397476594497	1.5908058116796
0.0275075812589156	0.296036255904413	2.0831937446257
-0.603306250818736	-0.347315247970682	0.899283789023223
-0.13486993464669	0.216671339926748	0.988301057583776
-0.46527813236262	-0.661004915941386	0.59724193462475
-0.20977390556827	0.152330346322763	0.120062348326871
-1.26023911735852	-0.379045051258954	-0.535274603197259
-1.4139564178207	-0.0167501093592672	0.135826179720918
0.0529847103499823	1.36155748660078	0.518855566480901
-0.0352049625290765	0.26870738802359	1.42292114554537
-1.14509147733361	-0.224012366070452	0.883100028098305
-1.16014467273635	-0.631432901143925	0.424945979025041
0.0431882403740081	0.966113187759353	1.22466546620999
-0.187868974589782	-0.10235171200508	1.72293599124378
-0.679696179728668	0.245200071010064	1.13863442206324
-0.552769334763276	0.641210075816327	1.01351786660646
0.540738373519397	1.64121314067283	1.1780337252066
0.88473696970879	1.96687480386403	1.29965143924813
0.820701335062066	1.49847954453417	1.08650554203839
0.284618339489815	0.659809859407057	1.13889321653301
0.332615568580177	0.838901575138875	1.55558085021745
0.646078062762022	-1.52219125510224	2.43804143073615
0.394871410494779	-0.850797347611959	2.5648227409206
-0.197958755911928	-1.48915206599604	1.61828567511185
-1.12588983034743	-0.870465495266173	1.84419720030319
-1.19872705610507	0.0848974449752728	0.764827082795046
-0.86467261148773	1.14557134707672	0.845091450146967
-1.28584996648077	-0.0428988643768562	0.600035953366436
-0.413235496505556	1.04310398621773	0.419002993804775
0.724712547162497	1.08087762885182	1.59204883862249
-0.447450858266248	-0.537075354970906	1.00932987569119
-0.161077718414578	-1.4319558238164	1.22571787295913
-0.665835714770581	0.772714342750324	0.998139399973348
0.494473322244099	0.336987735087342	1.46865810826866
0.0167959985152655	-0.90004910467238	1.1255524585236
0.315790269040948	1.28787752453623	1.56564930021209
-0.0476651143071148	0.570264099177092	1.70223072843254
-0.507753563498952	0.0878315707925089	0.775069992534314
-1.00088858291688	0.134825423761712	0.65868802806834
-1.07181855017069	-0.947584934702457	1.43180849234787
-0.59824716790622	0.189461375516573	0.453499620394886
-0.0693218144202599	0.564104083499236	0.606606710699501
-0.263208423183958	1.04615725603731	0.931515302608103
-0.198618728573303	1.38571165109565	1.30707355832457
-0.39981509314026	0.165460886784569	1.22360773703425
-0.91783357883157	0.32770209083345	0.3462111432502
-0.0975814429501728	1.68391737355578	1.46495020573181
0.0836363434048053	0.823937411840918	1.57544451236413
-1.24187115463657	0.156310691046044	0.334302117356406
-1.24187115463657	0.156310691046044	0.334302117356406
0.1568867568444	0.756942800649066	0.744964991439106
0.0114834128794462	0.963391511777393	0.425538240319778
0.255371605071988	0.469598526379445	1.60967553667789
-0.179525387317843	0.305891532093997	2.01427172219397
-0.179525387317843	0.305891532093997	2.01427172219397
-0.676294722094394	0.460030471678861	1.32491018370266
-1.06053477454333	0.495940624345478	1.14068668318261
-0.0994664732430941	1.37791798530974	0.806987308841124
-0.604132288307328	0.439632780238907	1.42189911114176
-0.604132288307328	0.439632780238907	1.42189911114176
0.0864139690042744	0.843088244146911	2.32118991515107
-0.409771084442372	-0.0905681863440582	1.14361220511041
0.349020460439067	0.134847878473024	1.77227140490765
0.106911730701004	0.0172219236633091	1.77415789469896
0.203392084102064	0.426827434084979	1.60046851699202
0.137307946038142	1.31725048018616	1.26083633612479
0.85379739178108	0.676429012716499	1.1347149207722
-0.246899961082978	0.0298847806153839	0.771161999222544
-0.598065518559149	1.20510232320203	0.452890149955205
-0.530266755864558	-0.229342086207893	1.6591310472353
-1.08570694756963	0.712668676931366	0.0332305288757651
-0.560027310255928	0.30016323399963	0.668666429629797
-1.21894886670492	-0.030792527939471	-0.46633145253815
0.356956293399684	-0.124484813444043	1.33518153115972
0.607959953967128	-0.100038070878245	1.3640699784313
0.594610091072097	0.479865554458529	1.41902554519443
0.254084191306778	0.736600342281355	1.50474822360214
-0.555688214290373	-0.395538265543972	0.833446138762998
0.271289896860306	-0.514584781905055	1.06018015169021
0.889395022239811	0.563563142613616	1.0499283570091
0.260078028090322	-0.235856701037359	1.11465967648972
-0.67933365727131	-1.30385188410224	0.978273450256419
0.0880866242822981	0.460785225004041	0.0253540054470723
0.919554205717111	1.27007215950777	2.05305807167929
0.101127807721075	0.854108556379957	0.689219399217299
0.216537590771219	1.00109650647947	1.42472090663018
-0.143734133713596	0.0212840017705126	-0.340006812808285
-0.567548692213939	-1.13900477747017	-1.08396667432076
-0.613618517895522	-0.439141543806956	-0.703257458689653
0.851454356649607	1.05094390881755	-0.393338695787207
1.12131615226142	1.11276370921668	-0.578630564712728
-0.298387603491146	0.162699761191482	0.697470613950225
-1.16682061468708	-0.316889719989394	-0.940935777388486
-0.384860987322814	0.471699840820029	-0.30093691872289
-0.0661152368248157	1.22129760195055	0.509209332106814
-0.370912868612787	1.09105348895328	0.606403878173903
-0.524593996817288	1.0098263402116	1.09136612900712
-0.258774623392078	0.00123155368934291	-0.0187543874228773
-1.23008853623257	-1.12313599647225	0.0435572278607266
-0.18250986237037	0.558616911173054	1.29311537088902
-0.573484441134279	0.566468223314294	0.503837078743731
-0.171804205087354	1.1562585830003	-0.0278145193278556
0.559765834313265	-0.735405871635194	0.569615406454585
0.107055453324343	-0.340640717231848	0.565583274419732
-1.46003990225607	-1.43789486259159	-0.147850033974799
-0.486457804032378	-0.17947435717473	-0.858168813687245
-0.899717052806294	0.273417201405148	-0.731282522728786
-0.527684971654556	0.924416044621047	-0.561643365224084
-0.527684971654556	0.924416044621047	-0.561643365224084
-0.92791324691545	0.199814525282604	-0.291735461339148
0.00172862343672564	1.9988958274771	-0.292685779476529
1.27368528428138	0.437737006328078	0.262897149085411
0.533177000974418	0.324964242816915	0.26577199928497
-1.08564930040362	0.226732057777048	-0.226726270770086
-1.12076418919734	0.565900028880126	-0.475287919454213
-1.37867878409916	-0.885309733835893	0.141330941773051
-0.661334578945742	0.33124012448894	1.63132907199856
-0.472452133066315	0.636283528119596	1.53573317205146
-1.44892273615753	0.56684967442747	-0.119062897625121
-0.181237382614772	0.749626569059543	0.233641513869765
0.435265130823081	0.447810119725554	1.29057847405742
0.255850368763444	1.49478629713207	1.19244626928603
-0.87417909752793	0.00805041383965366	0.637269972903378
-0.250788205471873	0.681857434674834	0.494027146949629
0.0473406707451695	0.179804435400765	1.20578628421055
0.415109119612804	0.427076381751435	1.46017539376329
-0.524558577153129	0.356995355843686	1.4338938671496
-0.508481714590832	-0.143880192562263	0.640907700939823
-1.3224779850862	0.38690468898304	0.813517743986333
-0.196075307424247	0.348805323946503	0.804683593075221
-0.196075307424247	0.348805323946503	0.804683593075221
-1.40955019222383	0.155338081786422	0.145530306660959
-0.742249520097048	0.750506571679336	1.33227244614208
-0.711849584844239	0.904988193604243	1.01799890657953
-0.655060686140352	0.74294996280847	0.127645186082074
-0.437136043783091	1.11791460632876	0.689627677818644
-0.615464278871826	0.00995023266879458	0.823085360557994
-0.585846124417305	0.372125632561634	0.91614135312594
-1.09321899874604	0.762640872261333	0.516173715254981
-1.09321899874604	0.762640872261333	0.516173715254981
-0.776410339944865	0.762815284185467	0.414165109285224
-0.761654228238524	0.82749427036451	0.178538554402027
-0.903579943508055	0.667043410154922	0.442917748697102
-0.39430364861514	0.977098540042801	0.538361340911014
-1.11496677019781	0.63033531438504	0.631655340740798
-0.990132388192562	0.391888056686407	0.313915733156024
-1.1554423599485	0.0159470297778494	0.445838315444292
-0.519970956795143	0.561589307132748	-0.635548944683887
-1.06571333137748	0.831791641620552	-0.600603960790883
-0.704314329067369	-0.296049410328842	0.373958751771543
-0.389660238502338	0.900864366345878	1.2182675463383
-0.454991828926853	0.43582974281635	0.765234204593552
-0.956783882494519	-0.43010967806371	0.820581817045135
-1.29387557492373	0.483241988691582	0.580214782222208
-1.36282864329334	-0.0389757873139415	0.0451241120719931
-1.36282864329334	-0.0389757873139415	0.0451241120719931
-0.483369735068497	-0.56041127811969	1.22414645363001
-1.05808010712447	0.114073702416528	-0.227790854859136
-0.872033113577911	1.43448846582905	0.697651000260577
-0.262000425405166	1.29778435153994	0.32448836320901
-0.688182245783321	0.301917269974471	0.15103309176446
-0.833609203619406	0.267628539676826	-0.560228701476502
-0.0436301501700327	0.348695107041064	0.608476048072073
-1.07463063098194	0.38464687181888	0.251300406648714
-1.2384514810379	-0.843426235788191	0.946089618048129
0.0789696345419086	-0.142247081386579	-0.0458277464096358
-0.731109891027402	-0.0661825692592114	-0.232859589443254
-1.52685313398737	-0.879959543882285	0.494724923105846
-0.681051534792243	0.217188395988751	1.16295717861252
-1.37388971680974	-0.395927013860877	0.904348043914554
-0.936664243693317	-0.221964963906892	1.27054270113266
-0.11634666919963	-1.29322611853431	1.65387075316406
-1.0136280558599	-1.6702914442598	0.658054961602095
-0.745638091578029	0.488564038834992	0.518549032693276
-1.28671474577981	-1.05766067928847	0.0897051647071942
-1.58051043686968	-0.316915880578877	-0.260188284544152
-2.31115334472701	-2.78219328398472	-0.633257168840251
-0.308020894706198	-2.95512737866665	0.966465843607125
-0.384344259818477	-0.643374555585722	1.03467027507185
-1.47514803617725	-1.2604333306	0.56409430861762
0.0205347448079997	0.497013433881586	1.09773780335345
-0.450959324546687	-0.388733800219641	1.78781335920289
-0.115834639352515	0.340027052032392	2.07565227437246
-0.6379514310508	-0.32426125498227	1.44718588258228
-0.76456845615116	0.224948775759086	1.40234129226564
-0.423949501703496	-0.314874107666522	1.57825942692089
-1.61846850117695	-0.793858146618487	0.292782900586454
-0.879089432092407	-0.742224133108934	0.683427333093136
-1.41984972538109	-0.325135278222569	0.849921793356603
-0.834541915002046	-0.538393343678586	0.837233069628656
-0.951171813894859	-0.0241681150180639	0.447909405096403
-0.683472297936454	1.03832121984542	0.129890833008282
-0.4919819928291	-0.351844806687484	-0.87581390255837
-2.07495418124409	-0.668199078761282	-0.183651321597201
-1.36288851007727	-0.220714862189077	-0.0833304693585781
-0.0308613468275273	1.04100151897137	1.83399992986453
-0.0308613468275273	1.04100151897137	1.83399992986453
0.0579840413894217	0.105145123056812	2.083182199653
-0.935092701737551	-0.626769416256385	0.987312650385661
-0.644046797873908	0.407277478740801	1.00168287800744
-1.08205582314713	1.01460030965929	-0.336173734299097
-1.63757203067115	1.01453892520741	-2.14720655505607
-1.84385092072663	-0.167810440869944	-3.24560807093658
-1.46638259618061	-0.101809379370163	-2.95285488783624
-1.77046210386204	-0.771213031668266	-2.12130630325183
-1.94408059492127	-0.042795654169031	-1.81671455411415
-1.47896372010057	0.732051660470058	-1.43053732878497
-1.77274848455948	0.153854785606047	-2.36685257620463
-0.728670955382655	1.35329029629658	-1.90616348014417
-0.862764674031013	1.2169846091248	-0.516846689619482
-2.41586553463111	-0.735705350100638	-0.664674155516168
-2.34756541415821	0.252529117440574	-0.439290772368139
-0.109862428931932	0.713909613303013	0.90208185018304
0.409012124769182	1.45152087162005	0.151799418504413
-0.539929090951856	-0.168135533932341	0.610011529032509
-0.409059768978529	0.236665610276069	0.529519449691356
0.066126151280887	0.0904905059544731	1.13265622808804
-0.343941921557893	-0.153966756160965	0.506288565810664
-1.52998849189846	-1.11147159257769	-0.42703313926539
-0.768787817447049	-1.05844187689602	-0.0549140519894124
-1.26308105632421	-1.19280005685504	-0.0806677952559531
-1.38908353719313	0.232927047787432	0.176544829415408
-0.15205960346623	0.820688381949248	0.0854679199794496
-1.61234107689153	0.337757850461422	-0.487978175786512
-1.08018662808708	-0.46107215343697	1.39732008271017
-0.00879944260370841	0.129272955625284	1.41462047079347
-0.326607273858069	0.181702979907321	1.32479375889295
-0.977658232065064	0.263411139068801	0.505735005859468
-0.763603038898884	-0.308560353556726	1.17203933142832
-1.02625841271296	0.946980076448733	-0.42388972935041
-1.39500145922849	1.12384782516049	-0.333006296635205
-0.56020578834924	0.563251660884433	0.664014305313028
-0.895929724069755	1.10552470189641	0.216082660184534
-0.723995916159539	0.14897195255959	1.19080230725172
-1.2149973035062	-0.542617730476339	0.876198787107682
-0.56296053215148	1.25347171687037	0.441153796698937
-0.56296053215148	1.25347171687037	0.441153796698937
-1.25814751315425	1.00141290696687	0.0280734424294114
-1.37623407404636	-0.915815263283729	0.512390403263612
0.0960079201649713	-0.000143464440494373	1.38064504487405
-0.739771797025959	0.452242721168793	0.0873263073423066
-0.0750396248258667	-0.0801636213797519	1.25470432932181
-0.546990853143583	-0.769983788224253	1.20825069359407
-0.0710418807296919	-0.567475624191119	1.47874721419933
-1.06885503770528	0.808955935791186	-0.431617342717905
-1.07319456533986	0.161263090247197	0.384103238144403
-0.721285757487307	0.271387441048849	0.937295524164041
0.409025062432205	1.40375609999074	2.09300023399278
-0.444963165896464	0.789387353963338	0.639091945788473
-0.839057683182674	0.791086207380818	-0.0943965999385803
-0.345991101483668	0.342741374545117	0.0525425192204267
0.0765616192041455	0.953193296315116	0.680123773372763
-0.391861060486837	0.246569479164084	0.658491230750901
0.660943013746375	-0.030737228184349	0.83833702534934
-0.688532803626918	0.249902325295548	1.20358643066463
-0.583250942184765	-0.137563023727764	1.533055048584
-0.673199963172139	-0.204797806926968	1.12522262707024
-0.673199963172139	-0.204797806926968	1.12522262707024
-0.0682021437732578	0.163996071415006	1.50578653488138
0.911257365671679	0.396532835655119	2.63859402079601
0.506103773560278	-0.557149093169783	2.35818591861618
0.314258312251193	-0.0900281447610887	1.44979275724747
0.142106820087376	-1.17647478195142	1.60486562097464
0.293346116086282	-0.936509458940356	2.09430965231229
-0.449745835764377	0.718096332579969	1.47686859936231
0.03160163419227	1.10107623526229	2.19489134221728
0.21967760272583	0.951960308175931	2.32289530535771
-0.888824285701851	-0.55518049460805	1.56293088324347
-0.826016051501654	-1.21630900854909	0.563790221379243
0.0821017075804931	-1.0593858902074	0.481714368886979
0.0541787294717783	-0.368319521946028	1.00582909139777
-0.255513063259749	1.02412680248859	0.829378044352252
0.810375677660957	0.304786608919557	1.46920162436332
0.098154671611037	-1.3584185657481	2.09605024988266
-0.184328764956169	-0.76300719963331	1.75015885027752
0.404683932730566	-0.184403035500385	1.5849268395442
-0.495357851649405	-1.39998816819087	1.29548934159536
-0.153273250061323	-0.747621067007012	2.17711117545843
0.0833680359656495	-0.851175830564688	2.49553912719469
-0.141422997796924	0.667211221627226	-0.256197817182538
-0.79297147420311	0.684356224265584	0.0187763861371895
-1.09237835052331	-1.278776077691	0.764820599032438
1.27445606802869	0.565400984443925	2.35596718690951
0.596782379897094	0.790173839231212	1.8606495521678
0.725823934696808	0.804244639513502	2.30385033434269
1.89708452742358	1.46644858738691	2.33822853268781
0.410405257494329	1.47894469558137	1.41620117345945
0.896533506515951	2.05912770142058	1.67724023485234
0.651803109635725	0.755542533810375	2.7725887210588
0.818780804239405	-0.209915690836561	2.06074636915883
1.15864448655979	0.889434026509909	2.02036762725079
0.825938743959733	-0.368796005369617	1.83500797896864
0.484876328946812	0.369404416279258	1.90327827158088
0.712412583389625	0.697856071611881	2.05560933722663
0.734939041817852	0.409054258536634	1.42714398069955
0.734354458030777	0.993537308635601	1.8743818069177
1.87280089894353	0.681604861440173	2.06221354348913
0.12496101746054	0.429980862560694	1.79142540353366
-0.27897859069184	0.670167219003179	1.62251930516119
0.643966249019004	0.128345647566781	0.939886703604207
-0.258641849317668	0.335794717937424	1.24931602120553
-0.184868507325823	1.33214958391406	1.83542959286479
-0.311900101775868	-0.454141986621839	1.5878604684772
-0.331306428088704	-0.37323978382146	1.5868487064373
-0.295283598349507	-0.65110903228201	1.97547373777082
-0.396652653558911	-0.445212246749746	1.19907974998127
0.146635604162944	0.168264140455608	2.0980509587277
-0.0752404551331088	-0.246371967777734	1.55990961909751
-0.623951886092266	0.176856560546481	1.20261070764754
0.548574009451334	0.326196202397021	2.12396294691367
0.16102897671602	0.377164970787569	1.74358635032258
1.19756787884611	1.392955690742	2.44164243647031
0.332873557286362	-0.395751132049717	2.18806231995282
-0.207156632005763	-0.376298531622123	1.90864346800995
-0.308052230051172	-1.04186007469687	1.92043341621314
0.366532979266393	-0.514109206756925	2.42704708653375
-0.0470004127975441	-0.293402931007466	1.48202334237624
-0.376618177494853	-0.109220216920795	2.17529789966398
-0.568654993396136	-0.939791230661203	1.59237100326425
0.875587029500806	0.976670588894146	1.59573826958194
0.517990059120012	0.275482515238485	1.88569314158758
0.728224496400568	1.45356534697693	1.66746029715641
0.145006950592456	1.03895941366288	2.04064540841661
-0.602228186101439	0.117359313037482	2.12183416981099
1.72076152881674	1.9205458143345	1.93260463139602
-0.877058010547725	0.483090768150061	0.517238895951461
1.27958380420287	1.60973620295158	1.67204983696398
-0.636302714072926	1.35105248663475	1.77757479103641
-0.0188352663768409	1.28396059245289	0.989005675626347
-0.0969477661058431	-1.61117213991063	1.6229290855818
1.25550536452362	1.52984666607845	1.8034499045741
-0.57747642922681	-0.858413028413786	0.565655462951401
0.563092588508448	1.3538898233799	1.18918124059006
0.0522680160450809	0.811666415015973	0.985571485180831
1.56993608067169	0.361026553742541	2.73798820278551
0.686980061364495	1.1642982918919	1.68324889983997
0.200424934517206	1.50941141895186	1.91158549643142
-0.707879679377695	1.19031780935528	0.909795669990557
0.156267164456525	0.823037828882644	1.83200627938905
0.050984586180933	1.4124836103486	1.39704127921231
0.018210767423098	-0.0571774055544048	1.35532156435015
-0.253520113871286	-0.234726398938949	1.29395152355792
-0.202174874867628	0.951307483221891	1.69581668225498
-0.0408311773723615	0.334209032152634	0.122190952225187
-0.529069359654266	-0.0037485481565408	1.03799302499937
0.175882884719198	0.658952023919672	2.20644114018736
0.0907789239493961	1.05338463308286	2.27741033112815
-0.0869459995133024	1.51986390655648	1.48414022369368
-1.04641042862972	-0.12344634256634	0.934161977941391
0.75469664001178	1.70491327544019	2.80438900384208
-0.13888480913574	1.19405656600726	1.58077678127922
-0.458560580610347	0.707620547277321	1.99486888811605
0.302018690368711	-2.382739246069	1.6169661369311
-0.402939707014066	-1.87411535645608	1.52483101107295
-0.12749321220621	-0.413737678475031	1.13484345833745
0.244422471946651	-0.103153428443862	1.81703128689019
0.244422471946651	-0.103153428443862	1.81703128689019
0.233172404822422	0.437451229028614	2.17523854545589
-0.473870181838041	1.14696354539656	1.51275683826543
0.724085169548243	2.60901321194548	1.69181786811151
0.293577289568054	0.367313396197201	1.93179715437085
-1.24151474641423	-0.527410304701698	0.519430354259535
-0.53282615699404	0.433041236099382	0.00867188219103138
-0.154414086281369	-0.0605701265761098	1.5523821263048
-0.556521658492862	0.0133590885021081	0.965102268064949
0.648711089529302	0.91147783198219	1.19413220633904
0.557764673776011	0.817831636777552	1.33411825667623
1.7086729409079	1.42844341964348	3.20966825106467
0.849192084255101	2.71300876243849	1.86352738368921
1.08197467224619	1.86264911821883	3.05517819178808
1.14519390446873	0.783226353102559	2.04979173116002
0.223430641670852	0.730871733201405	1.33370015510852
0.77936401200572	1.65687721492871	2.11279971116367
0.183738607864445	0.862209993534752	2.36984611856648
-0.198289696354938	1.07972694931926	1.34766222130972
-0.160840730948057	0.691578982058839	1.14079313433464
1.15844712844211	0.818610589202472	2.08806006815907
-0.137715702213564	0.201825952141604	1.22572902639566
-0.137715702213564	0.201825952141604	1.22572902639566
0.437718429004905	0.908022871027685	2.51139381632827
0.277175777981845	-0.108144778091703	0.943397632686444
1.60484326488386	2.40957846343317	2.00686909822226
0.384063408581289	1.44782803702854	1.65190050269693
-0.696087602662404	0.892451265005534	1.3619267122502
0.216299811033618	0.258636037224792	2.35801503049117
0.216299811033618	0.258636037224792	2.35801503049117
-0.14646533643546	-0.00731968195530902	1.48814163393867
0.417301085757404	0.120127306739911	2.05205188773218
1.57894960707486	0.48825837587574	2.72403601349211
1.24758308827417	1.12451417265566	1.96694707530207
0.664231998573227	1.22763473099557	1.74961777563273
0.69886145585677	2.08481290927805	1.71230776012947
0.626936320238485	0.420538427441142	2.12505003586884
-0.0207744855630689	-0.404941511662177	1.31269875788649
0.518298137037861	1.28402168178673	1.15331595436573
-0.547016562209874	1.33441285002621	1.30082975930889
-0.182416054297806	1.30495182129276	1.0342668473374
0.137309843455125	1.63804683461011	0.0612062603816512
-0.693628791759969	1.46310590835452	-0.0462985274818635
-0.632023392454845	1.87130765554007	-0.356634742108303
-0.473348574121674	1.54413553632281	-0.725769077894364
-0.706194936442995	1.65957583457894	-1.32384284917565
0.0203631479615787	1.72210396620925	-0.365624921556918
-0.151516948813811	-0.365618649870881	2.67487595797594
-0.434539628285952	-1.07680001458797	2.23756526481868
-0.163543232291046	-0.1786902551627	2.09993437100593
-0.132892657843998	-0.463178372446472	1.59383261769142
0.467127116057822	0.186854643941793	1.55483805093151
0.415279356328526	-0.109781817894997	1.39085240113745
0.264805964295653	0.729723276423383	1.88793991898561
-0.474045258389106	0.463418674381858	1.10834751850808
-0.921151383033243	-0.200841324989516	1.15653645861921
-0.0303733501037445	-0.0979058538361986	1.68010035904167
-0.503897643708199	-0.851564051547559	1.45286171836042
0.38941284659101	0.823860783579366	2.3255938007175
-0.523333608319206	1.15617396742539	2.97146312584612
0.124821870220853	0.817541340734447	1.57019237239966
-0.151528880231983	0.602312929745174	1.66240641307616
-0.131952338047472	-0.272345347905074	1.37667647592332
0.0385208369816785	0.916651491157549	1.54063712019719
0.139888406311709	0.278903164557088	2.09028862286642
-0.534570378681736	-0.5891884618962	1.98901132304974
0.854329064321479	-0.534756828084147	1.82725669232042
0.112143749708969	0.306736188557482	1.9799204909672
0.298839192624484	0.0864636068171498	2.26830058158351
-0.424336839093899	-0.276391684051437	0.733344857742371
0.85342489130428	0.15110125335076	1.99309925019147
-0.0360029609708025	-0.32142114132076	1.67205928157893
0.403595076819272	0.149442077783833	2.36697893583977
0.705087134005968	0.844978247059984	2.50818647564303
-0.369523784092125	0.836943681566117	1.44151486916737
-0.362220931024708	-0.735783856673563	0.972409314079851
-0.941634487309936	-1.08805222071443	0.471840336137526
-0.902280196280413	-0.835232102310843	0.241221107239223
1.22453041167532	1.26017597714195	2.78611373952339
0.528613269772917	0.243992726845983	2.11516886560892
0.160645020518806	-0.301584972577604	1.64660717978517
-0.437763276068846	1.05504234129783	1.04183820883734
-0.0532541905964704	0.920035575302185	1.98608179429475
-0.169351418857856	0.400775722870822	1.34417490222121
-0.169351418857856	0.400775722870822	1.34417490222121
0.0346001283863898	0.516563634361619	1.24304096841147
0.179965304328084	-0.411325044352089	0.235001632543201
0.0567254029641788	1.75087602617424	0.427271448147438
0.601703011957257	0.312361397916051	1.27669967308026
0.96126497702294	-0.127220949136682	2.37209002363408
-0.135311027563349	0.339602850932763	1.68049081367141
0.833780406468254	0.764504024785387	1.07953904968243
0.976246968775147	0.822898870196254	1.5437904707955
0.405790740657451	0.952699208020612	1.82293096763552
-0.813148568400214	0.0134062398435885	0.925966889323186
0.0548425109977043	0.836130588015788	0.819676151954947
-0.376527975762291	0.689247324135289	0.472705989770506
0.614299834977209	2.20130310862921	0.738401231577912
-0.609491223325192	0.984516067175655	0.400880599939755
-0.609491223325192	0.984516067175655	0.400880599939755
-0.609491223325192	0.984516067175655	0.400880599939755
0.206695283158361	0.924856211780735	1.00812367477939
-0.336541864394895	0.550475925937221	0.811583375774964
-0.3130519507959	0.90322080220264	0.703063863406993
0.926606745557666	1.62067100259403	0.631503084792205
0.809409759144938	1.45164566750397	0.651625082526016
-0.559791977591543	0.863663345387564	-1.18638865420812
-0.404923455499391	0.602443938996499	-1.30250609729851
-1.04672282371036	-0.5087065676595	-0.884679303348618
0.261895458127484	1.03339398368927	-1.3585345214734
-0.500802052164112	1.94569975110903	0.422678476117163
-0.983463282152196	1.51747840758892	0.115348540181475
-0.317992921448356	1.56017324438231	-0.0720744727459485
0.0289795659963257	1.08155269898934	-0.137872496971995
-0.189317445144906	0.240220648343897	-0.438029481945315
-0.516386648242028	0.739681917073673	-0.347568450721447
-0.516386648242028	0.739681917073673	-0.347568450721447
0.333706898117515	0.733284760738301	1.13737520054752
-0.0545127945218051	0.572030727970288	1.02580010227169
-0.0662591840924501	1.28306421418224	0.190316265275572
2.33099871180134	1.56879808757452	1.40359318976528
1.37497737753837	1.27830670041773	2.38124296708851
0.353505888092379	1.42880726029735	1.07658153018622
0.994670114095267	0.564061082377688	3.07162825916783
0.44929886527249	1.46141349742894	2.45755257464356
1.21131277683513	1.56025106233804	1.52906501484854
0.136477368391563	1.06251071075007	1.00257395610918
0.0854110703596014	1.25856364193418	0.986830258094329
1.81693824680181	2.09693478658704	3.68120393654005
1.6223995544643	0.972961901108945	3.55836707339709
1.08859744301921	1.37092652204429	2.7900440534108
-0.645753935538947	0.815049788443725	0.762189978789845
0.123821722788078	1.86183425750058	2.36942872791537
0.166994534720939	0.955522748113376	2.04928175946469
0.0170739441444752	-0.0322468535014639	1.41475109821319
1.26470850163048	1.35681901183272	2.80367106328247
0.730822917136456	-0.666861458498424	2.26780778196211
0.740300709201954	0.585950554346721	2.35256675423426
-0.485771458783948	1.30536649457575	1.55546736646902
-0.625557562682633	1.13079220332343	1.16963565086074
-0.625557562682633	1.13079220332343	1.16963565086074
-0.171817617882939	1.65982523342712	0.613479554023643
0.699206946508061	1.0433337420828	2.02235355483911
-1.16146315679186	0.989069790190138	0.413794121300965
0.369111549835331	0.463054378192835	2.28781124335426
0.870160873716639	1.14695295878906	2.99576744703746
0.826327547882084	0.739448340325365	1.37585185240335
1.12552573569812	2.14323068037033	-0.0979975682365903
0.259116908173333	1.11362626248714	-0.266235118305262
0.101304234952321	0.893760207188093	0.780753967651186
0.704768647632103	1.26832990120614	2.53152992088834
1.08020778631592	1.02094253001789	2.3821798216987
0.890270126508062	2.16019240313357	2.31704039525833
0.106628132126132	0.671672174903719	1.60382217547151
0.0883794277675222	0.378702833907054	1.79232617931209
0.504990128267262	0.744361649905369	1.73020712839208
0.827737771365126	1.28287475973442	1.76703608633044
0.695606445910295	1.28576371122979	2.44036264911424
-0.191783222567938	1.27617083185118	1.64210244074513
-0.889601020307702	0.219437420354468	0.868235851260432
0.184323745161988	0.219116981365445	1.37620173247914
0.546792922314169	1.01897016214429	2.20097104410893
0.047093521697656	1.4749001278875	1.38159146378705
0.0820044129926425	1.10712463947991	1.48281012585052
0.880276267144117	1.75304980379713	2.10830839580286
0.654462972597011	1.16555299715861	2.59577652997338
0.00321689372363816	0.711474879489022	1.42139920830089
0.0546365430900065	0.785141018035517	1.64430505093582
1.03775184717558	1.43268542772881	2.5011335744466
0.384393827845152	0.773024437051015	0.671966545020838
1.81672593585108	0.517999336406719	2.63723018959273
1.20735760322848	0.979872934351539	2.33409987658134
0.893834373484887	0.564623496592202	2.83229569282022
1.54618685795075	1.9578466035324	2.50151618042838
1.56025402992761	0.743530844042955	2.21282716461818
0.895817019841602	-0.211775937617942	2.69822748795856
0.0524571000142264	0.570366976350273	2.55213966224947
0.891803380786861	-0.503259083975169	2.63092509653002
0.545345032263502	-0.535355643190484	2.49944901768765
1.21853443553843	1.38859716682539	2.22135399953939
0.824355203106277	1.23390398372558	2.90387367081448
-0.0826999257571515	0.444924996305892	1.88464869746023
-0.278073241335254	1.23745058244335	2.0424733630641
0.999722123767793	0.584428571851925	2.36390488305091
0.196374517797882	0.158354089693982	2.84674553180919
0.437580135688865	0.884112198145517	2.44486186232081
0.347492060089509	-0.0687784784481833	2.49034982493094
0.668964980348348	2.40128999674442	1.12013787416968
-0.219537664053096	0.861577439540931	1.36805525977977
-0.552478729553962	0.994624447353959	1.94662229128653
0.529401255163997	1.0355802079978	1.64570478858705
-0.630175111621797	0.795323978451421	1.02535978249458
1.46369231557315	1.66024654959676	2.43736952670243
-0.513519233301408	-0.771191173898	1.81516100019606
0.179614496910635	0.521740522770279	2.10396414255051
0.0965557552823814	0.992398885358108	1.63183613322991
-0.452122136900952	1.50033464074595	0.155895405306818
-0.273137621487836	1.25318397329796	2.00135670463266
-0.477411452659995	0.695526587419738	1.13829528588821
-0.0766288341423291	1.66951187817469	0.136365358622084
0.176279812485162	0.971477310126335	1.01289282865851
0.610187027464227	1.43152639646273	2.00169015100421
0.454799483007608	1.39049067622779	0.975755627438219
1.4204214434464	1.04171435117966	2.59601245919197
0.592840592387195	1.08227249014279	1.70957287091906
0.314225172058366	0.513669044554965	1.31266315701058
0.482045906837874	1.51436036921164	1.62080397668175
-0.144221384225342	1.41111056330721	1.61727894399606
-0.00062623279047927	1.04936454957505	1.20302320268433
0.559498404553829	1.14534290402796	2.07151400039445
0.871541741665753	1.7023029142735	1.5227678918457
0.311077873863886	0.573016562709235	1.49706580681251
1.01762703118371	2.40276676065606	1.97539031082059
-0.221947329463988	0.0597951230142064	0.744931907923668
-0.266387370265209	-0.368903180229153	1.27461507158111
0.895102571052059	1.75195678764438	1.61148399235698
-0.0523482350138164	1.48474785031271	1.08838766257822
0.301380538175902	1.74602564314381	1.23223165549631
-0.429343407646191	1.24417398587065	0.200511137645572
-0.531054212681547	1.30165014034616	0.956590017391251
-0.326719467899204	0.456821068279765	1.06715676062994
0.322316272987393	1.26874116298968	1.25526530031388
-0.333052965962712	1.10110356627006	0.492253905235044
-0.23512182283815	1.60321397816932	0.0769198001784731
-0.23512182283815	1.60321397816932	0.0769198001784731
-0.23512182283815	1.60321397816932	0.0769198001784731
-0.243682577186708	1.51664992579732	0.184968187019513
-0.918174631713112	0.559922829691364	0.0614816551745853
-0.935297307060364	0.478049467892419	0.868937053813945
-0.168909128753514	1.17356253427082	0.72897546463837
0.267633608937638	0.899278565421875	1.15919003078019
-0.131522487514937	0.849822297564961	2.03533493063029
0.256892710004113	0.609478325168171	2.01020489500298
0.256892710004113	0.609478325168171	2.01020489500298
0.256892710004113	0.609478325168171	2.01020489500298
1.52133029201591	1.6224822810216	2.86187191854626
1.20640383254097	1.71130795423475	2.61727519748033
0.23910661770013	0.757133293161819	1.88793722644553
0.212918303384648	-0.321667518826007	2.21595476610531
0.880154298245187	0.614116245054816	2.48479646251047
0.652336763327071	1.37406246243413	2.50933518806718
0.523540765410764	1.14346047207206	2.03389687162675
-0.318566525328135	0.434794342792102	1.29272356387383
-0.459746734532097	0.661896219140949	1.16587785627413
-0.235086138305419	1.10098366753558	1.17790437632132
0.307760466065432	0.764256365175359	2.20013129227541
0.211028485237136	1.2713402124085	2.46448205729665
0.725546994042375	0.347151579446885	1.90588145603559
0.239388438743915	0.0886756586736585	1.50953363325072
0.359592761450212	0.6108055222971	2.01949803903872
0.100409485148665	0.455262925895739	1.51100315068416
-0.396749720436586	0.668416357567325	1.46423474116372
0.357134727841796	0.260498441247917	1.34504241523779
-0.217495357913019	-0.278346163719955	1.53041130993454
-0.439074943801184	0.996034886148735	1.12255814495126
-0.490106056905812	0.286212412247651	0.188143889665848
0.347651984794588	1.00578182456746	0.54061070659913
0.157841254656673	0.652262792108482	-0.0475873675588751
0.325230258609699	0.701479290545122	0.802749961535682
-0.213037272252993	-0.0384263453196257	0.440597499041206
-1.10707225663383	-0.651293944642294	0.534095301888646
-1.10707225663383	-0.651293944642294	0.534095301888646
0.0150228740443486	-0.463264157609844	1.85262627578303
-0.456612934826	-0.113381089942285	1.30021757887351
0.551709282331701	1.25607993418984	2.11959203420829
0.143331582643693	0.336063294212663	1.39887273475397
1.47111388767926	2.10804721188912	3.34642295140861
0.727848018427718	0.166520405752133	2.71397212656019
-0.440480182543391	0.88573463608253	1.23374109341323
-0.336724638607038	0.26804914537403	1.02396093229828
0.47769618500914	0.670228285993549	2.96608897961948
-0.51020980748081	-0.224336148451207	1.92910238160738
0.234893872605413	0.250779890947465	1.93451903305286
-0.0846505589696678	-0.845894205717827	1.34368826033471
0.380336498623197	-0.281452831175324	2.07100846282642
1.24783127899821	1.01060862989504	2.7665798265932
1.21103336932989	1.57991878968935	2.10406886289487
0.479354943671714	0.764250598021673	1.63835889019688
-0.12895280156777	0.830413882864715	2.04132231432987
0.180941026132715	1.07441455491393	2.00272838071348
0.293152469953101	1.76366170022873	0.576512190337188
0.0930913489219238	1.97094051928364	0.655259426110304
-0.689012631578589	1.52599379757389	1.72272238259633
-0.509842822433241	0.338236428333966	1.64891127622087
-0.744977800213961	1.34134803692707	1.75551965204705
-0.720892843360998	-0.289635040636541	2.22012948336325
-0.720892843360998	-0.289635040636541	2.22012948336325
0.222412345673267	-0.456688729459737	1.83628811804852
0.619023628502934	0.276940405065542	2.77575112980964
1.1062149422756	1.6988860749837	1.30994387734086
1.1062149422756	1.6988860749837	1.30994387734086
0.517068809626378	0.790012495233031	3.31923087024843
1.26421442859972	1.15867257960278	2.88718212426594
0.479704105760686	1.51073456195064	1.44034459789328
0.160989790705537	0.285354544119897	0.706464698866567
-0.213601045779571	0.411779329905219	0.8441732995416
0.105741548518882	0.117349362651454	2.09905932894322
1.14155626011211	0.37897047218665	3.05319250266632
-0.218590280897251	0.351358622180839	1.56178149405522
0.749574882372937	-0.101769138762981	2.89003240463927
0.731953037041398	2.09337539159691	2.61638160263551
0.316025729311954	2.15634115549416	2.62427594594092
0.81206193301298	2.6350903100244	2.42273313149558
1.53164613204546	1.29263473133355	3.01276556615755
1.53164613204546	1.29263473133355	3.01276556615755
1.27283230556741	0.717263534607162	2.85288124909235
0.571554842204815	1.85376084686735	2.07578384114342
-0.573879632776462	0.627320214776238	1.10783466297936
0.493801213114566	0.549268998073158	1.85971147961949
0.134606968536408	0.902110748440253	2.07793284070369
0.134606968536408	0.902110748440253	2.07793284070369
-0.153481200382982	-0.0142600021796804	1.04928723682924
-0.153481200382982	-0.0142600021796804	1.04928723682924
-0.302627967012037	0.110584082936578	1.47355233153026
0.924515939796216	2.45888268125695	0.839028195599211
0.586303830778495	0.523689114787119	0.638195577217067
0.102890246852786	1.99343067844017	-0.412877708478941
-0.29724170335704	1.13750740528677	-0.0937812112051093
-0.29724170335704	1.13750740528677	-0.0937812112051093
-0.107004663521847	1.37746250680785	-0.27178509959958
-0.629382435592281	0.963776344815701	1.0196427958124
-0.234552482710643	0.767036478002605	1.53383620332805
0.549275276076698	1.55695624039885	1.46506852841434
0.334965139076244	-0.238742001974279	1.1216083921252
0.193141412767597	-0.658680889101883	1.30053958946452
0.217178721112436	0.36149559622155	1.45629902799715
-0.65249003042329	-0.0548490482005831	0.985193602765471
-0.430927096717158	0.721519792095152	1.11232047514024
-0.582500501830146	0.673183112971546	1.12194644068659
-0.154824298557209	1.33800262268992	0.308187478562477
-0.184106440026025	0.691334093643015	0.19121053777803
0.482642819088245	-0.539764438288689	1.09867814471414
-0.131753890306188	-0.780123931789294	1.69348654815595
0.6694517207275	1.59385527149622	1.69352432567857
-0.598279215932186	-0.0512399173695036	-0.258696061264096
-0.713489403140634	1.18821812985193	0.731097616600464
-0.783838267189777	0.378802561786931	0.914523310952249
-0.315477657452269	0.897661872090639	0.487203962944856
-0.315477657452269	0.897661872090639	0.487203962944856
-0.315477657452269	0.897661872090639	0.487203962944856
-0.979542799421041	0.594825584949005	1.00663071535466
-0.30822677145337	0.218400556123727	1.27857392389231
0.321967758801926	-0.065183482587964	1.41928258012936
0.564678059617958	-0.386904944534825	1.74014256423889
-0.379212950557943	0.391905103675426	1.42104814226724
-0.59454712544765	1.0111984895792	1.10696544589915
-0.375829383471452	0.482733044602671	0.924172318123645
0.738634864001486	1.14814009039123	2.20227802605928
0.738634864001486	1.14814009039123	2.20227802605928
-0.0201396415717364	0.412545068803456	1.27727861333166
-0.756124453698723	0.745945756453427	1.52875283476857
0.308861062462172	0.564130565141725	1.90497255696155
0.170359488936588	0.652839276510946	1.55593729601961
-0.844841345767637	-0.246514672411494	-0.151058488183093
0.103261593926324	0.49340106502775	0.104977178267722
0.616935144900453	0.597799797875131	1.12830742145221
0.718685960954252	2.24704806922394	1.38845959635591
-0.452119908816495	0.8964465881647	0.777426689253498
-0.176716307890977	1.22106694187313	0.914975392389144
-0.236616197631591	1.45782744845798	0.0170373592178733
-0.554052543533624	0.499016021333732	1.61278623701208
-0.554052543533624	0.499016021333732	1.61278623701208
0.229663046938544	1.8620261813729	1.64342395197766
0.398253935670233	-0.398721213694047	3.07268305702182
-0.149163970891153	-1.02782313638641	2.23450167602992
-0.0710349760726991	0.653281745584965	2.05133418059912
-0.743402487154232	0.192642455565618	0.410053388611187
-0.557043463366255	0.929568812139645	1.19518458681321
-0.548820553660837	0.704944646564621	0.942588688476292
-1.02029995765731	0.129480148556894	0.345985854642386
-0.266092531256841	-0.139331120817414	1.3367170873378
0.269381303540264	1.35312655385556	2.27338081909351
0.0379213386941099	1.56228731894354	0.940822334913526
0.132959463666095	1.39322833978492	0.887852096935413
0.315344614583695	0.656981939189927	1.33872116905942
-0.218606660394237	-0.756291253068703	0.526071956735908
-0.140198813719266	0.155950671370858	0.877370386353883
0.272167567026949	0.697741595142124	2.26297380725091
0.299117555510284	0.45761077182887	1.57132304561962
0.659286485857639	-0.0753238856083193	2.71653780089903
-0.211843165396274	-0.484944510093844	2.20593933117481
-0.325392107034916	0.189690404621264	1.91816814288191
0.147997884709203	0.0130687131065936	1.9592475422608
-0.68252183606008	0.956709199195732	1.03773369194316
-0.857186472991421	0.313560717638448	1.09150294993797
-0.595219270202689	0.764136702468943	1.03583290225915
-0.595219270202689	0.764136702468943	1.03583290225915
-0.224710606205527	0.0513585078987122	0.884885775534539
-1.26255712839106	0.0185537098888233	0.0135194379676287
-0.66364298440156	0.509368917848423	-0.493949230877588
-0.409781230223636	0.485442919513515	-0.848066171230505
-0.38727550821295	-0.227283128668044	-0.675417019964252
-0.124253551131447	0.0265927415504865	0.745324616979533
-0.976847751957407	-0.146776561794743	0.605005199232794
-0.524359309483681	0.389264063519544	0.451977774908646
-0.177674170903285	0.499500500599751	1.5281138408763
-0.177674170903285	0.499500500599751	1.5281138408763
-0.495925048659364	0.454178714195024	0.916487309641162
-0.292251139806436	1.1984360977912	0.686983347278714
-0.329150385312747	0.739600627948745	-0.581530774358631
-0.974399587403219	0.608280276896958	-1.40358609334797
-0.580382521225511	1.63075270787183	-0.600158137653505
0.0954585422580676	0.99170823293427	-0.192725109225519
-1.01425523093357	0.290531525483018	0.505896282469016
-0.46189375238556	0.939691381924731	0.966486644515032
-0.228424521993129	0.177965403995551	2.11397977109514
-0.313805532125605	-0.186094852000179	1.24673601660164
-0.42529052807174	-0.0890924634411034	1.43943423275273
-1.09215115888313	0.0663791780697109	-0.812160441346369
-0.414124434439781	0.439247459952565	-0.554324588085268
-0.562786694025456	0.131011096651536	-0.565515375641294
-0.222129746142591	0.674650258320566	-0.138290302695034
-0.853751887762743	-0.191267808438112	0.635084953129867
-0.399927969055531	0.603882002966854	1.690335594412
-0.399927969055531	0.603882002966854	1.690335594412
-0.635485286791771	0.300320317952604	0.502528961779124
-0.635485286791771	0.300320317952604	0.502528961779124
-0.748316112355546	0.505534734495056	0.310041038675544
-0.70025434218358	0.9483269569014	0.821548675189285
-0.407922669445812	0.962794779708447	0.752333169433355
-0.626154578923997	0.650194896666733	0.154961827443083
-0.309103337559816	0.372680602677363	0.710805453066057
-0.434135757211203	-0.050752804078182	1.17398573215583
0.295481997205541	0.770315112997885	1.69900814424169
-0.532614296373339	0.182124336407082	1.19050880859761
0.206233038121242	0.284479712246326	2.27758256566072
-1.04785351986741	0.807685184377408	1.38712940162847
-0.350092658891959	0.952809381313463	1.62812021215571
-0.193943663902856	0.93445304893249	0.785531512535659
-0.193943663902856	0.93445304893249	0.785531512535659
-0.512154428902032	0.314377409451317	1.02476450870876
-1.2082696839272	-0.0164582161814465	0.681060652426639
-0.072685153421659	-0.541257333718734	1.89362587748184
0.415232531163581	0.577076923487309	1.12752928674648
-0.639251652610344	0.777174951228228	0.244792688272507
0.59717982518684	1.26872639238155	1.77498457125083
-0.196661740145673	0.572602422549618	1.4410527089139
0.227758717249777	0.712886985382324	2.31078951872059
0.106114057455688	0.955817689446416	0.813344218654084
-0.767048966023705	-0.685626852472229	1.41785558651752
0.0213006663380607	0.404516539512634	1.63278269060373
-0.359633980853512	0.3102419670622	2.19283474571541
-0.474028761399667	1.33274805714543	1.16103504373519
0.125250977250515	0.00523027925481279	0.666280265086121
-0.554346102478508	1.5951764397296	0.184222930435416
-0.758317814934956	-0.229942161073505	1.51429672097743
0.134187202130393	0.397073741667067	2.1556939931797
-0.476838527119044	-0.485076856679215	0.24942416688347
0.467846508182921	1.44677995101081	1.25967602979318
-0.460019911027997	0.459545261987769	1.11549217071753
-0.665216357441542	0.491993915811348	0.84261869025052
0.0599632718262331	0.388626191799271	0.828655268594991
0.157552048136131	0.415067023386639	2.57525993913321
0.457847542988619	1.39860263629216	2.69231641422642
0.829751934499574	0.440263361850398	2.80711514925514
-0.300159811554039	-1.02143671775369	1.91141383417833
-0.179218305387557	-1.2383040587625	1.39889537277005
-0.819388223643378	0.236585424192585	1.20702903954066
-0.313773385356175	1.79583160835339	1.28584230450415
0.435679186035918	2.24911346755696	1.38150347745416
-0.60998130407044	2.11199970483298	1.90101687968749
-0.0646213033266514	0.0833176773631244	0.946425905923983
0.203236516564128	2.2423594415838	1.51176903213875
-0.683584799045408	1.2130964848957	0.557488717130252
-1.1773336100969	1.33529440008746	0.445261389975409
-0.144610300454864	0.743306144380807	2.95472894977544
-0.275061667352924	1.55456264591996	1.60737260850681
0.2836644510814	0.256230368786336	1.63600823618671
0.687418871509373	0.656878399468488	0.810998157342178
0.562018593051454	1.91910745188345	1.42401687256435
-0.153248523159444	0.847519051727931	1.40765757281313
-0.264558806187753	-0.285495211754674	1.04399835423286
1.6658317571361	-0.605566608679366	2.71102979818935
1.84971038913189	1.10041458467108	3.37097797948829
1.22101019303161	1.91808350321557	2.11669076129919
3.1053300631501	-0.292411880290662	1.17293713098493
1.01322243302498	-0.560683299834173	2.11667130425721
0.433578912957094	-0.662485701882275	2.38050542833924
1.5514875882388	-1.03289221469477	3.16790112044956
-0.591836094272462	-1.85276980294894	0.938470865569742
-0.796622360188894	-1.95369663893917	0.749642254129127
0.532986311275851	0.0167543621986745	2.55709734124266
1.20323085675319	-0.0719929290617867	3.23646630434055
0.751698319935585	-0.502409394722071	2.919569080714
1.29691142480433	0.764925098750692	3.05235726328052
0.594166240461059	-0.195794560077766	2.18289092556149
0.180530489443642	0.31414291198094	2.6328185434096
-0.411375037005843	0.629133074199066	1.42574566486648
0.496851045792711	-0.132808321368966	2.44684936257197
-0.291684742375675	0.220036417196205	2.48052748028443
0.787344688560745	2.68054375013023	1.85205764422127
-0.20903619673334	1.60981541183545	1.6012309205376
0.00250619305048427	0.768113674778007	1.7869645764807
0.325916782715882	-0.174011550193241	1.75042671251754
-0.125304081718225	-0.160527387128262	1.47203158053447
-0.603879356205077	1.11438616063979	1.10968598734227
0.634424910329928	0.412435199076185	1.94399747769343
0.476338753448641	1.17252750076114	1.28673891901921
0.463902608833939	0.551648158681102	1.04879415605204
1.11402093437874	1.2254402157026	1.52071137288412
0.858337972122312	1.62996437758867	2.01285472377598
0.813725924633477	1.71430189219728	1.29252200314366
2.23199696584109	2.27984133939881	1.87114427461072
-0.0899700436730429	0.383695235708365	1.89269140035223
0.548247452141112	0.717761206920826	1.45260873553193
0.0770387992700371	0.932595170414736	1.27273790275876
0.628139180606967	1.16977704993256	2.32753263964965
-0.435192251638219	-0.103195919827542	1.61297243323058
0.365452176137204	0.740335662018656	2.26407883161757
-0.126791969448003	0.609092636150468	0.986882780130857
0.559942295943717	1.29240750928853	1.62137177863654
-0.426997223134234	0.28961142755141	1.07244606812946
0.606467936025306	1.28355521418397	1.67240220140017
0.738027139268047	1.62496358777886	2.08216128679011
2.67207112918231	1.16151238738101	1.95785762774786
2.66225025754177	0.92428894415079	2.20336996295015
1.51564830717157	-0.233493650384816	1.26086382408434
1.47600621802521	2.34854676650739	1.53422704275165
2.08334704501946	3.07292741034686	2.4589606758472
1.47983334994869	1.71557048638627	2.52571888747874
1.47983334994869	1.71557048638627	2.52571888747874
0.521232359038529	0.908961950232744	2.14484536943786
0.434674057785362	1.17948571668626	2.29310138619585
1.33249665782731	0.109880287068172	2.94749561813444
-0.509751477086258	-0.319899751665203	1.97611412436626
0.941388460149758	1.84119928980635	2.09904528620391
1.34089000065292	-0.195097177409499	0.688590713373258
1.13509208810966	1.79378228141399	1.43734267149774
0.973843468018318	1.15643452273608	1.89079697356052
0.309238277565226	-0.926938464905063	1.40533149041653
0.202052900534874	-1.37179048972883	1.30283020602463
-0.0278314597975794	-0.149141304477011	1.62117366814147
0.310491530976802	0.767542770114388	0.387172208233212
-0.0603283654564889	-0.447815627649669	0.940908750580387
1.36071797930617	1.61322613253595	2.11171349706288
-0.0722495797624581	1.15350916446994	1.09533552019902
1.37979154617707	3.14209718291848	2.54154030610185
1.44441606097134	3.29092685721934	1.67082297815677
0.144792737673656	0.8889537237964	1.73249054324274
0.182619996839926	-0.1833139303889	1.91403062605755
0.339453680785646	0.922019095224499	1.63242150667996
0.834444016428834	1.90564599213899	1.8786369284293
-0.7549371922777	0.112060452697517	1.33179498040616
0.269501778837975	0.962302628582931	2.35479445422752
1.25099309403032	1.2891961026806	2.28972863311698
-0.105846899942871	-0.364363420344409	-0.0597949115885388
0.368543162903801	-2.09714468788652	1.14252263359135
0.276945672354534	0.695679555875525	1.24251722063558
0.0889482577875377	0.511937891697178	1.90661606803996
-0.207596745795136	0.0579469196340621	1.72951535071802
-0.345973042968637	0.611953151354902	1.6367210831087
1.10460932311645	0.240864097091444	1.94747532743505
0.668635981326422	-0.916027365894515	1.00044587346611
-0.634346183549747	-0.72515437367869	0.725277811216718
0.740580965344233	-1.53121908947827	2.14710014808782
0.608654517308676	0.497002021345434	2.34483231057827
1.07686260362808	2.47055106102811	2.97938754384519
1.42918148773673	2.94561385941949	2.46143891998254
0.238474465423643	0.769876288907858	2.31001398459469
-0.809705163202422	-0.103697399908902	1.34659100035364
1.10977309836347	0.572298110946666	1.35597006665411
-0.129319722098149	-1.58504041543022	1.66968551914099
-0.299929607124304	-0.380050342365544	2.1445404268313
0.0617034298837916	-0.928039438222526	1.58761419092875
0.0404704224012367	-0.263062879768372	2.44509049619631
-0.147572226179211	0.0019975210788053	1.6745703939924
0.24949023368031	0.531308858258859	1.37803332091473
0.716799325598458	-0.84264205527509	1.712616415636
0.5581235812948	-2.06382700652017	1.31655900579531
-0.831650849978293	-1.44441067826822	0.966224802882128
-0.93125988899982	-1.7609250499657	1.68978690367095
0.743652105851252	-1.60520723422182	2.76918176770401
1.41252591923575	-1.15026070084385	2.74517021845618
0.901995448971414	-2.04830987421735	1.88853398542207
-0.605275339626358	-2.20386376814908	2.36066506594713
0.483702626884852	-4.01604683421304	2.02431580648768
0.12989063926653	-2.50257317083934	2.16762740859761
0.289918782888651	-3.17980552182067	2.29628961342602
-0.32239265236375	-0.75523970741277	2.0669794286318
-1.30759489525928	-1.05867115652215	1.13793716828558
0.65768674605816	-0.333345865230829	2.52402544332968
0.902342330998075	0.953807776928903	2.00830326240811
-0.072761638960806	-0.555619958172881	1.21207453921941
1.17894255506517	0.355518772525019	2.59184304967582
1.24397279195209	0.225078505849123	2.62315289637813
1.31346671528487	0.504823204631381	2.38600131709964
1.27253598082896	0.464844065705253	2.70448633745336
1.27253598082896	0.464844065705253	2.70448633745336
0.81377103784673	0.959202846570241	1.98128155754658
0.661682922824736	0.0922975494863995	2.09796547857156
0.649974418400845	0.415258654151591	1.76606095242835
0.575833219111142	0.10181364522625	1.73392004828549
0.989950599564938	1.53441204315531	2.04517828609628
0.444815441185058	0.876654357575884	1.90177398636989
0.0326910067602999	1.28964212922881	1.77931433917368
-0.763657415878285	-0.819799035863418	1.14448295555568
-0.144835915930877	1.42276836690849	0.965010723621435
-0.0790162962433926	1.37747068388918	0.404641900550182
0.19974015826112	1.15861410523755	0.551596792938563
0.962527103427334	1.11711997013266	1.89185625060029
0.516780057003638	0.972840451298788	1.42894490438487
0.549698416160868	-0.0741304804390894	1.95461246414274
0.549698416160868	-0.0741304804390894	1.95461246414274
-0.30561283475307	0.155869915137636	1.04087017542947
0.256027438684308	0.581661075395795	1.7013496016412
0.950788859927307	1.94849410397071	2.34627975477277
0.950788859927307	1.94849410397071	2.34627975477277
0.0684909108685019	0.916466892609586	1.65339003848645
-1.03241128657769	-0.980006143159094	1.19046662062298
-1.27065780391053	-0.701925954379729	1.02641629406711
-0.812881405228246	-0.239850013410296	1.26974447063259
-1.19074625904423	0.488353886755339	0.292309923783396
0.529841180048878	1.09141992415379	0.703806519538118
-0.139857184560076	0.695212778341943	0.779164454796354
0.0638423910771018	-1.22283931462113	1.19846851514238
0.519965265842317	-1.24241039398662	1.76255444726195
-0.866202948502094	-0.590094071824909	1.21397131770335
-0.950353765918863	0.317715144753877	0.557749689345953
-0.738854602859746	-0.628118630225107	0.884409129405744
-0.124321323285707	-0.99758257415332	2.19465597808414
-0.0633174275723829	0.921931421115351	1.38597288982423
-1.36269918225463	-0.379983661024527	0.553749734961725
0.197431359000272	0.0638567747604045	1.69952310857286
0.079495926182629	1.19049177570817	0.757540192720353
0.0816263619517021	1.45243859632294	0.684536204528508
0.00885029240710344	0.533437622219918	1.00641761764415
-0.530666763612225	-1.02479451799925	1.63837557621564
-0.496902253203113	-0.369201676199714	1.41666255352315
0.745531369395932	-1.32273565168833	1.46927135323694
0.269606668250093	-0.98761469967994	0.737464556732882
0.13155050677704	-0.971686844482509	2.98662054595217
0.0678803578783422	-1.89343104508216	2.94777250523705
-0.0637974979347626	-2.42566812339075	2.29952637464692
-0.520575372205926	-2.46305169703027	1.76852274138503
-0.520575372205926	-2.46305169703027	1.76852274138503
-0.788866658864531	-1.83105721328636	1.60509862117651
-0.344838513995468	0.0538546855567461	0.845706591651645
-0.0272703090182631	-2.48155997953677	2.14230058209809
-0.312775351869458	-0.692594421846986	0.815096315752418
-1.64202968677992	-0.866359094088097	-0.356165854672495
-0.843205205552626	-0.314673920140196	-1.48598295230003
-0.917123926798917	-1.84841934291236	0.520006258156325
0.643741532939957	0.887048503071881	1.02806220544108
0.663432765103534	0.723595543760314	1.2142736584176
-1.11635388514624	0.00472348291386049	0.66197291136093
0.520084868912276	0.807988750956841	2.36690200896298
-0.612755496343993	0.426775733334389	0.948161935751634
-0.649411552907802	-0.597921855676364	0.491716616677774
-0.603118557463241	-0.979733619866632	1.43334979324995
0.126476843754684	-0.387558599545791	1.71345324276385
-0.507500359677806	-0.713233981508176	2.02834591545815
-0.0662465471577086	-1.07176613806884	1.60502760117974
-1.00603707567688	-0.214129807691206	0.918983053029084
0.135426438803558	-0.363501468943445	1.51633434159114
0.0496066101753157	0.220301681271295	0.963423801082462
-0.289083561072438	0.81469757274774	0.00331342590832673
0.371493491726321	0.138206225868566	1.49428911153576
0.193868793029339	0.155441739810125	1.51753310322013
-0.299686248635029	1.6019824552217	1.0054270457812
-0.406617269156079	-0.809642628560302	1.50427387805548
-0.259050351825029	-0.236669263232109	1.55722932130547
-0.290098433938238	0.457035980833498	1.45900103439562
0.641292155780999	0.729584756549836	2.15708685736635
-0.248087038725571	-0.110328028523107	1.57244640118701
0.527748894066801	0.0121055400421729	1.50253572535998
-0.618435723460116	-0.554787877797027	0.503506498478686
0.0300912323139559	-1.66693696621535	0.510875318331172
0.733384526156918	0.230172311847373	1.92391705444368
-0.0686361691382189	1.60725654792116	1.50363140834708
-0.762398679394912	0.755009140880294	0.19650904219096
0.411474642653588	2.32263196894821	0.691419227716049
0.514181992078169	0.344320996328498	1.61261201866326
0.468005067664148	0.391950067759971	1.29047492638042
0.0506301117554288	0.295048755656156	1.25954579382243
0.0506301117554288	0.295048755656156	1.25954579382243
0.0506301117554288	0.295048755656156	1.25954579382243
0.662425975426546	-0.722701690828976	1.41108553840966
0.571365470061583	1.51081083742163	2.46162976779177
-0.44325085194893	1.00196703841665	1.16625186016148
-0.968772403704249	0.476954692863637	1.19491740243214
0.356935999095878	-0.27629368963363	1.55013714922941
-0.25296016732021	-0.121632042333568	0.846001492176655
0.794998911821077	0.421242409470149	1.48015269254091
0.593824971614127	-0.260156623586677	2.69999439606732
0.593824971614127	-0.260156623586677	2.69999439606732
0.196829007687875	-1.08129735216916	2.03858220333618
0.404838434552701	1.21483707670011	2.86953256612941
1.12736505500772	0.567043808958804	3.04092753909891
0.231824840416878	-0.0192063040845283	1.68671118916639
0.144209239255138	0.236617407999316	1.33132372527066
-0.382178805251953	-0.978093615023691	0.300268536893874
0.398057213045604	-0.163007766418782	1.65881804086965
0.0170465895363982	0.230208171211189	1.61355711741908
-0.0634600058475975	-0.875492243613168	1.31836599095585
-0.163218656001098	0.253300227191165	0.604644062177396
-0.296517467371373	-0.549470950273055	1.39222642958767
0.0528499671772988	-0.561567918611553	1.11451687833763
1.61927888022912	0.733702246476405	0.256000865093814
-0.209298398409045	-0.0231079476119629	0.752815351250871
-0.395161310064535	-0.848603180053502	0.751188260869115
-1.21447962974776	-0.853126385162469	0.300432923465356
0.0770922888644082	-0.661505563561352	0.442216063070861
0.266409045701655	1.79721221498037	0.65466727400628
0.431126822836066	1.68254261033617	0.48052604668105
-0.0875629299958726	0.786065836212555	2.37865364229787
0.259544547715007	0.0484939845991808	2.48864092571748
0.340030430257851	0.441358809367372	2.02579379526947
0.300464661452639	0.726383506168041	2.13312287584367
-0.110799648158726	0.5666421820465	1.3745193599237
-0.0318561508295785	0.269332951333279	1.53373596626525
0.969574597151319	0.524308182535598	1.9528040468256
1.90068732600823	0.810710300392753	2.64848561725909
-0.020743658589984	0.635739619194638	0.872905506485618
0.219123896467775	0.720097507932778	1.36796646524175
0.112712835139394	0.225255891964377	0.885668053859627
0.420363665153037	0.289500308953545	1.84081717751064
0.771445559208234	1.53673458147099	1.89133535451309
0.0620619210158288	1.35019349620365	0.863509892432335
0.0819883787147499	0.974605172862907	1.07363074129103
0.522702251013913	1.26629447367386	1.73057122083469
0.191530266076088	-0.32445756237188	1.0331963016619
0.238493547945827	-0.519298348538358	2.48731861808322
1.2082813626042	0.476613487955676	2.16924981283802
0.195030091421929	-0.0773970468027626	2.20631811848433
0.401790261975508	-0.76024067597679	1.70468917712632
1.3601056449125	0.382282252750709	1.00383395745694
1.18355414271453	1.07821309375653	1.30739612135108
0.395814099078459	0.0823815106965171	1.72149190166882
0.927756408120335	0.648721909066586	1.9798096174511
0.547464712373368	0.699792613368049	2.6611856070312
0.349708884292593	-0.0614087479174612	1.14417138850106
0.670543606674911	0.804286387911019	1.52045255671212
0.814109578644435	0.480561054023351	2.00921972255411
0.086006535320284	0.101168138996256	2.23651341756923
1.30966081208507	0.773132376002609	1.83389173983414
0.671838592683621	1.90431567140016	0.877128421896599
0.0826094162718484	0.92174589372189	1.58241652845869
-0.457285909374048	-0.173126234194953	1.50410947280638
-0.0275004460941336	1.36481080528079	0.647956857428996
0.622534416535604	1.92083618847684	2.73136393409402
0.978972590357729	2.35287971081864	1.76057591757812
0.457367971425845	1.07214269940966	2.07747420463539
0.931357094372486	0.732526089573732	1.69603528106431
0.769218706937163	0.242265376630578	2.37223200218002
-0.236526890721012	0.782256951303069	0.454821413797611
-0.894958801099625	-0.378015461215921	1.12627121521276
-0.0667928614939393	0.297979669928447	1.33794075858857
0.36478777402202	0.472944451514683	2.18923837174414
-0.472054598103102	-0.717331010362191	1.50630625293052
0.866654711292439	-0.239340843589233	2.99557515588843
0.0316260497389946	-0.228494176530133	1.58725598505766
-0.0968139409932301	0.705619152674564	1.18236561196908
0.749404690172147	1.19099579179639	1.73710150056508
0.575460359010036	0.612151516748652	2.70461148305734
-0.022563023238377	1.57694482788154	2.2959191010259
-0.022563023238377	1.57694482788154	2.2959191010259
-0.142189154764012	-0.259427218939642	1.64475489431382
-0.00694929593308993	0.288482020173163	2.46361937970095
-0.247190888714508	0.391777515722076	1.8130601692273
-0.247190888714508	0.391777515722076	1.8130601692273
0.362112789879749	0.634650451739756	2.11191057156546
0.0737638814613507	-0.138219240224329	1.81501941816252
-0.357417977384832	0.245314238509168	1.18944592399487
-0.819689928803187	-0.44566635487956	1.09601978877772
0.735198170940549	0.967368741573054	2.12235931417569
0.743640651314025	0.339074999657627	1.57954690348772
-0.2246094649259	0.580387357949385	1.87822336250862
0.411558901777678	1.21607594204657	1.32986256709786
0.175194301023124	0.806328019172939	1.69462355790584
-0.0467784774156162	1.48551204413238	2.34576814626671
0.302313118392973	1.30224261336899	1.85052719143532
-0.644812675816631	-0.178974181481474	2.03480685839259
1.37539406353004	2.09807034453644	3.07501184536084
1.39561998239272	0.182728439891526	1.23942023692837
0.480014845020304	1.36852503740195	1.80171014333938
0.244609067967318	1.80325866682764	2.03380569482309
0.39820844162357	-0.176939291487313	2.38976557503873
-0.416594130000002	-0.62678009901172	1.21558395393434
0.495442253537171	0.124873865695855	1.35056615333831
1.01548272044733	1.77668778612116	2.05058934735295
0.773019835543625	1.46275392472724	2.07894521086365
1.35537155998933	0.685638554569508	2.48277576830427
0.267141097567902	1.61632425238619	2.82017805504095
0.319438785840461	2.63060447667347	1.06817051212045
0.621118432743321	2.54685325356644	0.986254724684489
0.633469453299216	1.90099905381229	1.72638070308196
0.963609410894323	1.0178437206038	2.34256228083117
1.00796653508637	0.175365316485704	2.64767173027008
1.19585641408212	-0.806061340100276	2.06517017225084
0.63069000167385	-0.583555970156442	3.065551730505
0.690508249754032	-1.04628282921869	2.70839499049116
0.49526091257675	-0.849478523479176	2.6857556270016
0.942918451184853	-2.01570349596445	3.03344525879717
0.137961219238738	-1.58524771302516	1.27113136182178
0.482198212235413	1.29594124973904	1.81585562549862
-0.0683777654220838	0.170955539483863	1.52251327594541
0.167651494665246	-0.00783275518722062	1.74378560189223
-0.37858269456002	0.101028385076852	1.57398249626542
-0.853162973544138	0.526224087227172	-0.405880066147472
-0.586690833192054	0.50511186487296	-0.0667390027173609
-0.831154927121659	-0.126231839602655	0.329296374798472
-0.80416913930079	-1.25869046952629	0.235521525165201
-1.39429136544505	-2.07629006416	-0.418792494017286
0.440171363004915	-1.27494329955911	1.97627463257607
0.703469575646965	-0.912719707931012	2.3478190081952
0.694062772718128	-0.476373490791048	1.63233740349321
1.14502297667662	0.665776137075695	1.40407113337793
-0.861295592087551	-1.50812871326373	0.72339689078392
0.199808455645441	0.510423105653435	1.85270683678181
0.96647894979732	-1.00463918917032	2.51098434912364
0.766609442650888	0.146655542180467	1.32020240978945
-0.771091725124386	-1.54442651714153	0.542058109866017
-0.446294867181179	-1.84598441925037	0.786767196402031
-0.283382477988881	-1.73015019443475	0.713692059081887
-0.319800222432468	-0.158471277833496	1.41926089387697
-0.673272563657682	0.10983513669668	1.15361907143293
-1.44597878238523	-0.0536319942864002	0.384073881637857
-0.432152905817499	1.10036172673533	1.32213359112084
-0.0370573649454592	0.916683495600483	1.09442115971728
0.227420651160177	0.905750688881074	1.44410062674385
-0.444977521508181	-0.370009998246567	1.43492649481371
0.263750820578254	0.143062468603442	2.07061813843406
-0.390726325339866	0.0299957834352738	1.72471195457831
1.03724070536293	0.977492714565274	0.92637699596741
0.539892075757318	0.558221752736794	2.04007963757718
-0.207773250396618	0.717382525203852	1.96309279578469
-0.71493214844722	0.401216769144863	0.237634935185492
-0.126609783537525	-0.0547343704598849	1.39631214013728
-0.505202668011435	0.516466296219713	1.33947691299527
0.0542397494577153	-0.288563662461905	0.919780355354865
0.503074356558329	0.739971926098991	1.37137372756992
-0.686783253424229	1.01416905500919	0.859901019538239
-0.595013365884022	0.68537703471276	0.175719458473902
-0.595013365884022	0.68537703471276	0.175719458473902
0.0781482637178003	1.35783237122308	0.284807578693727
0.0802546164253751	2.16100791263841	0.808420966257718
0.0970226432261341	0.876219980718886	1.22039870768492
-0.0756814966024134	0.764306772370564	1.21084505134165
0.206193736010905	-0.514880500165917	2.04304738494917
0.206193736010905	-0.514880500165917	2.04304738494917
0.565014984090923	0.111986834216758	2.77628150097915
0.623864659166701	1.0006458605103	2.2261293056221
0.229765235446747	0.6322807561325	2.29180442044443
0.483190916104664	0.865747704123447	1.28995422419751
-0.2719473601268	0.713528655744615	1.83324212112224
-0.20281159252587	1.87818934692968	-0.27936890343497
-0.20281159252587	1.87818934692968	-0.27936890343497
-0.00496895277766585	0.372921862892281	0.622934481888492
-0.174973242763392	1.1935154238983	1.31560429282462
-0.6809681590007	1.03678168919551	0.301372466914614
0.803038528902061	0.637214208993042	0.75008125778418
0.639716853159179	0.567479252356123	0.967832508762907
0.241939099010222	0.433071353280315	1.81056134854291
0.263360774408598	1.14431226105	0.773711090442129
-0.713732671713032	1.05667730683999	0.566280297396689
-0.713732671713032	1.05667730683999	0.566280297396689
-0.408858542349245	-0.170512773720176	-0.917328567044879
-0.283215073948716	1.29261513198008	-0.904566555651652
-0.355387758666351	-0.183027247643194	1.44111624902314
-0.34650075823706	-0.478941536295733	1.64482445754553
-0.285102916694236	0.108975330628232	0.890619036925897
-0.630886092934463	0.913140837927709	1.12028909702067
-0.523069571998207	0.551358980661548	1.39654265023357
-0.598894226490228	0.380252053453321	0.904863408320662
0.600948631153529	0.161310700125759	1.68003212664259
-0.424433406544441	1.10298403260449	0.477872365881284
-0.618607751611501	0.80112763828671	0.749300989110933
-0.0581929694199682	0.356387195254632	1.22143688609794
0.321722602366292	0.532515599366088	1.51800170299371
0.703129806305241	0.722157553567849	2.11104829923674
0.410209597606693	0.282978798895979	1.50712689784291
0.177129428677754	0.752053576151214	1.02169896072631
0.45278830228593	0.526372922481053	2.1618763639436
-0.214955098116714	1.4643961676828	0.667327488905948
-0.620668561666878	0.284850925589937	0.60284431572583
-0.695705433265658	0.479443234529634	1.42079938047138
0.186084639930235	-0.179702673102353	1.70528419103007
0.339657358967989	-0.660057934709294	1.48708907883327
1.58593170629685	-1.34619519473229	2.77243700886502
-0.116987669520411	-2.45814364146783	1.64778422226702
0.775516506880807	-0.946608147099558	2.55509271339011
-0.10471995284131	-0.43135330702949	0.867291438619493
-0.00385129012678148	-1.41882894076993	1.55784981084082
-0.518493564365835	-0.542120453045484	1.85922107267289
0.303929416762513	0.492416582712108	2.12621185947372
-0.749871226719709	0.331374132417826	1.34324533300498
-0.594874421683708	0.667655493653365	1.42742300540203
0.186250753929859	-1.20726182036948	1.17648323531663
-0.707339919860774	-0.361018078793227	1.46860041142149
-0.406695190276258	0.83123766658632	1.25291907405071
-0.876311718076769	-0.40463977189022	1.21911405678186
-1.13203375651536	-0.375584739381118	0.917633714451868
-0.546221972398289	-0.126920070137507	1.61573580263923
-0.566996375350364	0.491696549726666	0.910871746743994
0.110890057084102	1.2765423215522	1.28495987349136
-0.438759658784701	-1.04870868245667	1.23435532696732
-0.783149813578143	-0.462997768649049	0.904727019462425
-0.139331575509343	1.57447352499058	0.826495451619187
-0.563268249842829	1.22561285470516	0.0720052340058288
-1.07529769439606	-0.42497622714798	0.482812824870378
-0.76016755688015	-0.128498313157184	-0.156741590089162
0.789185974226658	0.253701526903125	0.224015037765072
0.0261129930205667	0.633754676116273	0.0807989583626905
-0.0579501419740279	0.786483665803523	1.27742287068508
-0.236914483922076	1.25746725312615	0.523696905648707
0.460366919797629	0.36632336261157	1.05005730995654
0.415047882804656	-0.13408771569965	1.58352861610602
-0.649233079929732	-0.61534019480688	1.16222182364045
0.0645029651042984	0.0723358954721973	1.66360479056574
-1.30025304499638	-0.376962850375801	0.529927780588567
-1.25240831414916	-1.01776447547098	0.436965860833737
-0.709948841578397	-1.08246505708443	1.56343293389563
0.370688242790407	1.01308784322667	2.04900244112079
-0.479313491035347	-1.39838451936842	1.22144271146296
-0.414041154905467	-1.32837879348779	1.76089085694736
-0.24914738765537	0.79304217986782	0.692461308617917
0.37087256653425	0.420649434644265	1.0387215779186
0.0835363519421472	-0.194371910033795	1.63582235306735
-0.467610082028671	-0.912919725875441	1.68212137646887
-0.0711884914665234	0.647201053791829	2.3348092495438
-0.0711884914665234	0.647201053791829	2.3348092495438
-0.211790213482061	0.10543214074552	1.85692047967678
-0.633000567270921	0.281651686860886	1.76579271367453
0.0739613545243602	-0.770221802052475	2.04807393067927
0.524742105632484	0.141798770330054	1.91303305842844
0.143062705127008	0.800972281368647	0.958375881717576
-0.111012518987097	0.666755627008442	0.910227811872483
-0.111012518987097	0.666755627008442	0.910227811872483
-0.494318594890254	-0.439438306358175	0.857814667805107
0.769786541429589	0.708236951529798	1.70976472162295
1.0349630801452	0.283195028277366	1.44434910797262
-0.0134157971643994	-0.619373674236189	1.29581557332248
0.803584661409498	0.227122606480835	1.55201227930482
0.0408364753478268	-0.20411041883775	0.739769166441247
-0.545919864549091	-0.329987480835393	0.13957536280693
-0.291851976723692	1.03368923732618	0.099886825801019
-0.561515181868403	0.562624188690614	0.920236746934488
0.00877537506127391	0.544861384326686	1.27730766107162
0.00877537506127391	0.544861384326686	1.27730766107162
-1.65368007453299	-0.48480886159569	-0.102489085611441
-0.686951589435648	1.52746975004087	-0.299943800366546
0.76061115149856	2.41029411385372	0.444712279820914
0.519690624652487	1.91266842516008	2.18211697861897
0.222320912507155	1.09137950479976	0.852660699847808
0.107262476182753	1.69199872476399	0.379636289709197
-0.612184896191813	-1.67233980241042	0.486201412377118
-0.178589175911825	-0.308183250625979	1.72405054188728
-0.466847556681364	-0.959669960123333	1.01304351457981
-0.473545025283467	-0.973121383298633	0.891170012529321
-0.432997030012772	-0.199740529485811	1.93444048302219
-0.286031028195116	-0.247528783700758	1.34054292372147
-0.286031028195116	-0.247528783700758	1.34054292372147
-0.686446923037459	0.143676927696012	0.996590751371523
0.000442349660477737	-0.0941564042876775	1.64050107212565
0.200861119242975	0.305939829184178	1.02236662960693
-0.131225642373804	-1.57568894591239	0.966049356260298
-0.257438274206697	-0.311024771740214	0.453010869583884
-0.185085281615152	-0.440479638790216	0.401150261459489
-0.415900520420357	0.48636899313185	0.610607147830763
-0.415900520420357	0.48636899313185	0.610607147830763
-0.528407866260831	0.46365582612173	1.21496016977383
-0.528407866260831	0.46365582612173	1.21496016977383
-0.662792520641068	0.00325424987064443	1.23264833874777
-0.658061112099367	0.460129609084921	1.23806249822837
-0.184642097597967	-0.625605346111555	1.07968207143409
-1.12007222208136	-0.670362129173617	1.01709445769863
-1.09439343833243	-1.57006336146323	0.649163550087206
-1.48655247065414	-1.54825252757653	0.731895919090211
-1.55437453936335	-2.53335891736555	0.59804773462098
-1.1275195175566	-0.121178630717949	0.270990701857753
-0.661011977719161	0.621024752630691	1.16511835884633
-0.933753355468756	0.175903361685736	1.51817094356139
-0.943949804593445	-0.150974289654412	1.72304964909382
-0.81441791781126	-0.1353623174455	0.565945173446239
-1.24795281724683	-1.24686755476365	1.09092731454458
-0.897033815052094	0.794144214143799	0.742650386858299
-1.2314996137591	-1.10329398854801	1.06296161481145
-1.40934082566266	-2.39908696846989	0.613044101298754
-1.39212769651278	-2.38631573635515	0.429879938311818
-1.32588340077687	-1.26066136956874	0.410385007659316
-1.05969880851711	-0.230554031156918	0.681156497498021
-1.19450744723183	-0.487051499222391	0.446746789716121
-0.500196311117573	0.345853639571397	1.07301588634679
-1.36754257920653	-2.59282149433615	0.884096928015518
-0.446337157961276	-1.47608870192277	1.12064947142094
-0.778763937101813	-1.26920607200864	1.32832280619846
-0.545163468136219	-0.862423659928401	0.453353865812067
0.344576076501936	-1.02530091667389	0.778254684209292
-1.0385323337214	-1.94940797271552	0.306347896080957
-1.59765989222549	-1.9726609462998	0.305117694598834
-0.941856844102544	-0.382261808855202	0.903094763725953
-0.0159438302680207	-0.590619853501484	0.896704216895843
0.747952656214959	-1.49641174421111	1.32449875571031
-0.355025383182134	-1.40455463173621	0.935120059635686
-0.937085356348583	-1.48134146624129	-0.14219417764616
0.770603199621201	0.795130039681833	1.1006951183885
-0.992420046367855	-0.167415245168287	0.0638709357189218
-1.37286919915365	0.718137576598334	-0.0491040893435404
-0.916830816806517	-0.911876356925755	0.20262000428162
-0.0696936797156883	-0.286600804466458	0.929056604047971
0.523497533093843	-0.0540725952186798	1.59950399600583
0.182595500759065	0.41582929314785	1.82169914645196
-1.70298025920594	-1.97576532822078	0.649002313514368
-1.08777971107289	0.349521337474004	0.704838567102045
-0.61368539421407	-0.101260849733927	0.849408335146133
-0.750259449007485	-1.01992215560405	0.602210919845648
-0.838912682656821	-1.22273374989069	0.703212646792526
-1.49555899157324	-2.2075903410071	-0.0590714337195676
-0.419020679886146	-0.892422749171267	0.88111868755461
-1.67394266738965	-1.49289955989261	0.5458768162871
-0.970221171605499	-1.44070597808	0.621426704435537
-1.18925655231995	-1.51015264968533	1.83242174544761
-0.997218082669248	-0.827967618769011	2.0425889273681
-0.00456842493371743	0.929150484225662	1.60803042521989
-1.08575543577407	-0.28655351735399	0.94880345230182
-0.928562491658817	-0.054169534019811	1.153890630949
-1.39780544508378	-1.42252865652394	0.469836423324973
0.227400054664098	1.83000532860302	0.0832715305657739
-0.217021825875485	0.358214121369243	0.666821128411395
0.217025031714666	-0.409532978900427	1.58043456777257
-0.421990069331381	-0.466893465985992	1.08713564420762
-0.338728971388644	0.744100678215027	0.876783005867532
-1.3530662939985	-0.338706001604639	0.258251777620813
-1.78648828470547	-0.715749778523857	-0.208033737222878
-1.52760021584125	-1.14719966389154	0.110038622778487
-2.35136408543021	-1.84112486969007	-1.39945972914366
-0.463094095295073	-1.39048453912769	1.24372649455865
-0.335747532540288	0.781246194874499	2.29121051227022
-1.55527084536263	-0.953542519306681	0.278762258305257
-1.33326244303021	-1.14545348727759	0.156700653642105
-0.311164072297394	-0.612428255981201	-0.907665976697711
-0.115574132565038	-0.995030771338344	0.64988820569045
-0.0913280274579731	-0.449024175273295	1.83790568258911
-1.19439181007146	-2.19227415603668	0.565420077065322
-0.058911080920714	-1.77591801179746	2.69674793542815
0.873308102054833	-0.814950538337935	3.14859900091718
-0.282470921154778	-2.20088158020803	2.34041090893926
-0.072378011832314	-1.8561629931998	1.44042333205193
0.143202023273123	0.0415359566981972	2.0145042480202
-1.24283737453613	-1.60811527647815	0.988413404825343
-1.37522460664804	-1.77827040118772	0.735956798066183
-0.829308901283361	-0.280084117237381	1.18882090112561
-0.0305353223254697	-1.3667703980943	1.76489104090061
-1.05683127504632	-1.75197061979895	1.95102737215356
-1.2123391276359	-1.25113742313598	0.980752703617455
-0.154642624072706	0.153851064241978	1.47000411132763
0.0760915138435094	-0.534618533956923	1.5624370552104
-0.574901671325326	-1.05736854155607	1.44040515777061
-1.00847588644056	-2.29170835112586	1.19483286849208
-0.907512449388454	-3.15107071275654	0.536971937916634
-1.14794562784932	-2.21691544448644	0.401918903978307
-0.811419445652119	-3.96678335386565	0.750238533538144
-1.02868283231759	-4.21411380864742	0.798446633346317
-0.722868866241459	-4.32250382298066	0.740013549625158
-1.60650632807011	-1.69411769159746	0.424958711878581
-1.85303508108424	-3.41301353481641	-0.421003616876817
-2.3975343734737	-2.92957939053794	-1.15479287375523
-0.694064836661005	-2.72285002027683	-0.753452982524491
-1.62697585570008	-1.58862479047777	-0.433656871997951
-0.909894139234483	-0.803000847250792	0.34562469416341
-0.688504307256522	0.769880712859214	0.627274208593835
-0.438306182307148	0.34516423584103	1.13197273934728
-0.525565420328429	-0.579163730781417	0.859371645930055
-0.923605321412549	-1.5099116137016	0.614312194352781
-0.614031146587868	-2.15133807867125	1.13706981178197
-1.1588457803757	-3.39703721098284	0.839163591270477
-0.870216376510482	-2.71956040268349	0.603669087209446
-0.159533421669834	0.642753947554913	0.963872410741981
-0.200623974893008	0.580292751952114	0.925973818623005
-0.519667181403956	-1.12246366537957	0.506894640404958
0.342274778197019	-2.6672044128634	1.85607149683515
-0.602596445797264	-1.98322565029416	1.63545362295638
-1.13058794072532	-1.06278554192432	0.205330669672336
-0.0201936853487505	0.573020872991287	1.82558724615544
-1.09908000718484	0.00403925145040759	0.81198407562988
-0.234077678690977	0.539838082191386	1.71335301223289
0.767654384994997	0.68904722417521	2.60660902734154
0.481061228024437	1.44273169342214	2.3382129042093
-0.0851633695223865	-0.166214787263448	2.28036745033505
-1.07052597489651	0.37678598583868	0.0374389042862127
-0.0820859336484516	1.05429897614582	0.368061329134548
-0.87471767868443	-0.993139309734915	1.2598876138024
-0.388841069480262	-0.802817253098245	1.83996736438997
-0.746560500335019	-1.62670625785854	1.30341687342006
-0.583993546795876	-1.45529481099235	1.20197904488516
-0.419798748280567	-0.0980115851248352	0.297535564736784
-0.256321032187683	0.372698316163205	0.804698708473295
0.313150769122913	1.36297609150427	2.0538268566072
-0.928433923538746	0.55719508625711	0.348625468214713
-0.046325023570624	0.572956632890484	1.37687702618781
-0.168678605098282	-0.239637656965385	1.33846118451494
-1.03325977326805	-1.42272968478636	0.839644094457584
0.161708401352895	-1.20718079822332	0.563406761795174
-0.0858842848656597	-0.122105317322445	0.232911528960824
0.0211262154751852	-0.629460564621986	1.38150097494518
-0.866415217090299	-0.559200236207234	0.815772963490111
-1.04212825195476	-0.690873869251491	1.21610916207765
-0.308798233387697	-0.962552164553335	0.980726187842592
-0.878886735559289	-1.55162932178516	1.33537000083382
-0.268820026473703	-1.93164164081531	0.86670010713566
-0.306089655801542	-0.476182301211063	0.131153496788064
1.41431825450733	-2.1964740897668	0.0919888767851407
-0.855570772333934	-1.71196256217478	-0.25445963569891
-0.451132287807042	-1.63927494098882	-0.0916468694038551
0.204159321449293	0.37550505881526	0.667718392940392
-0.820472506255963	-0.848896618787897	0.576526908412375
-0.73524044082642	-0.0682461047477894	-0.521501520661868
-0.104762949096886	-2.45052060951662	1.38480726461695
-0.942260028742791	-0.278110592162898	0.0548310632052831
0.581880977086773	0.0573742502322582	0.486893779501005
0.838022933482339	1.9041242073405	1.50611953933264
-0.871054100308104	1.07943281976531	-0.104093095313709
-0.588339752083031	0.340074833080008	1.01794207645694
-0.456020342981833	0.286170464396825	0.595332786484952
0.100147124733149	-0.526436792600272	-0.10010844180215
0.551909148810074	0.195080862485493	2.17840190794849
0.193404530465079	1.22479817651304	1.85704073814565
-0.3652708239228	0.0316523510522568	0.193948230042403
0.555893453165653	1.37767712382954	1.59623442765976
-0.58170346171718	0.481181509354387	0.453720597554582
-0.128527693615475	0.240643425508724	1.38054461897326
-0.486466262240459	0.867423189748019	0.968078539660557
-0.153156833957128	-0.608484024462507	1.25701904952024
-1.03224483432246	-0.661070671110325	0.771710393657987
-0.333163308517038	0.555563941822152	1.90422382153378
-0.549404426439641	0.0406281792137874	1.21925979554296
-1.29491774158688	0.0679717901497058	0.709066377927819
-0.568528850292426	1.0150891125952	-0.129743650414535
-0.763193577269663	1.89240436069833	1.08888123391711
-0.509679747107365	1.06361673602107	1.18579077365359
-0.0324556793165575	0.619034077451525	0.0738430227207561
-0.292058274319782	-1.05628121038284	0.485012671955084
-1.26353015792344	-2.012781485974	-0.840945394010855
-0.45660611058647	-2.54618540521738	0.850867052387613
-0.726670642715236	-1.49072303307733	1.29501582069106
-1.43964383630414	-0.343166837014757	-0.244581406065597
-0.35337625791223	-0.0492884694420961	0.958040289242032
-1.03976527253975	-1.96195687526218	0.832555088944039
-0.425108779887331	-2.76125724372222	1.34771334833785
-0.863239753740389	-0.386020332510051	0.810762472216695
-0.442265080877629	-0.0695010401008012	-0.0280509821421747
-1.6460716591478	-1.03384450247984	-0.560630804882125
-1.53007721758145	-3.42977357526404	-0.527500663066797
-0.796304858161698	-2.97411782739564	1.47595511696709
-1.90371481662199	-3.46696817283333	0.244056010941976
-1.38759452701899	-2.42641136903219	0.22602624629735
-0.999496470465546	-0.420802347059199	1.0480452714275
-0.429863845711858	-0.323458310501688	0.404075376291496
-1.05412112597382	-0.439139923331162	0.33080385722946
-1.1012939273734	-1.31005582439639	0.943718126013731
-0.139841457058037	-1.07745154793923	2.1608915142594
-0.202552013635622	0.933899975816115	0.39329069079584
-0.276427040319661	0.121261970198274	0.950581501358508
-1.1036012005518	-2.30428389982279	1.24452562567526
-2.31173224371028	-3.0742385516448	1.12722180723799
-1.47490112808351	-2.26817901222483	0.789068834351055
-1.05650315336657	-2.92900694588208	1.26280612391624
-0.725453387033862	-1.09091885767158	1.14587937903046
-1.25390486311555	-1.9268334731087	0.325796418205364
-1.16308025790594	-3.52836723241208	0.79183236331944
-0.273246793940319	-1.83146272159127	1.85307437147727
-0.65621330774159	-3.80272085665183	1.81764911698535
-1.7732345740365	-3.70032970473987	0.973207435215891
-0.200017272267654	-1.16176252786154	0.636537247914687
-0.705711903977259	-1.12789965063476	0.617867641106677
0.00817908817367824	0.406641236884861	-0.152329783948781
-0.318991219876434	-4.26395735700152	-0.89723496310018
-2.32782249765867	-2.57267363967833	-1.07508211966747
-1.40333197527563	-3.14026442963504	-0.236475492690743
-0.848598580287254	-2.88132080320753	0.171880565718733
-0.836630156378387	-3.30461583752552	0.312730268664245
-0.439794165354516	-1.4084604808404	0.927150189696142
-0.620081062387262	-1.20689789900872	1.16591177435983
-1.03409169154588	-1.04288959925165	1.39662718839171
0.0487389361320372	-1.26178659481376	2.70208387946477
1.07033271253168	-0.498500832291146	3.10666406489779
-0.208529754896466	-2.43171958894409	0.964540031458444
-0.989098443604545	-1.0794342874787	0.32106808161952
-0.00413554288598265	-0.0447538976305635	1.13063020147739
-0.415932029404368	0.0914250628595691	0.0791937785344645
-1.32040146593515	-0.809480786195834	-0.107842930334532
-1.57762125242219	-1.01651457801041	0.0662612982035082
0.726228689673811	-1.6985624821101	1.86521577704448
-1.1271386245497	-2.05541361017198	0.967999116341666
-0.505781043766607	-0.805243987572381	0.967344764548566
0.312409167792653	-0.520507152013579	1.55021818649901
-1.19895985618583	-4.02293443974136	1.21597697375211
-0.914403609703	-4.50944411483591	1.72886824546753
-1.72131160322946	-4.75498728503674	1.01129208205774
-1.18332710421795	-4.31187194343987	1.53570382924969
-1.37603080090421	-2.94627828679508	-0.109009775426681
-0.204933237729454	-2.05017861571851	-0.452295790244212
-1.01661022882469	-1.6086284465546	-0.158380003878457
-1.44665392032795	-1.74800635963701	0.380470788725674
-0.0411249662073467	-1.36362748430159	1.79766761083233
-0.895486774425682	-1.12210851960075	1.38729072301546
-0.893936854907913	-0.667577361901081	1.15061384481833
0.306393623104498	-0.384652078517606	3.05984174964569
0.613016400850059	1.53900752014404	2.31107793854111
0.408658622108683	1.1753433159582	2.02682514813108
-0.202192235372636	1.71778399942133	1.36479011084167
0.272121956611976	1.89865206424056	1.22042024384051
-0.352778937832657	0.0146686002129067	1.57710360857906
-0.645951439707289	-1.19219647268989	1.98160737748585
0.69745298985223	-0.633813840426872	1.31659044236621
-0.0349129949556027	-2.77320530512261	1.18983482748038
-0.21059437151734	-2.66367048674556	1.00432013798315
-0.129795632320227	-1.67727516752977	1.21679182046936
-0.369129604119274	-2.81918943543553	1.5111768423314
-0.636463728322088	-1.98327597535138	1.48809809445717
-0.860299942384633	-1.8210071221049	0.758796888163606
0.024478606835582	-0.545592727238981	1.69328605957013
-0.248700862770054	-0.278999731104351	0.880705136248731
-0.593033938300149	-1.48942936501183	0.968728626907578
-0.959442376412171	-0.584086186690276	1.26297741266882
-1.14622139130619	-1.04818599531321	1.07674196206908
-0.677148088515997	-0.931259907833413	2.02607015551595
-1.66454318823885	-2.12812542296819	0.879720846815894
-0.124562530476392	-1.41037640062954	0.743507647645224
-0.0468215047467656	-1.27964103128831	1.01108802046264
-0.639655833038109	-1.13025693085328	1.41444352857182
-1.18933986200296	-1.07767914134887	0.995790539442133
-1.42800391303619	-0.450059267845927	0.145886420963795
-0.844379270060354	-0.953585703648303	0.209273755275212
-0.290376376474302	-1.359556003729	0.433730761645638
0.298593679711918	-0.126200802154177	1.54170899495822
0.419675051212477	0.742152133937975	1.40702472564446
-0.0917546197931909	-1.20717781625513	1.11344384076991
-0.423026759678695	-1.88237409035853	0.601385863273134
-0.423707536859553	-1.42349054157533	1.48913733114067
0.243439016807231	0.484445007570472	1.48868650658833
-0.192970167451114	-0.581826273093701	0.890123516279133
0.190416155582728	-0.804554204960301	1.42564247712396
-0.641765399711693	-2.20200409927034	1.06951978824685
-0.0932939980982893	0.357931825379646	1.19016987955913
-0.182975364448701	0.429804481952953	1.22769638622215
-0.191906231092458	-0.932177926180725	1.51718622584039
0.0612851628927406	0.592205952441573	0.35775801351378
-0.527234589367104	-0.878062208436903	0.909749727410108
-1.05388604530453	-1.09268492656114	0.486108416305852
-0.518547861249721	-0.393629827528165	0.243905048121891
0.21090248313968	-0.76702831030323	1.16143317054771
0.766443501001739	0.136440483477723	1.31755615471512
0.743436215660759	0.264038252726741	2.1858174525562
0.616790325418008	0.704835868749521	2.39228019569707
0.148148431380595	-1.66547092694101	2.20231259505127
-1.25251419727394	-2.84106155505097	0.489324857404313
-0.994879541829227	-1.52784381371578	0.517686198754685
-0.778283575372927	-0.482776707212709	1.20029867946632
-0.907234048803534	-1.12837122561522	0.455542640572492
0.0949282238041716	2.05666940443084	0.363114475352297
-0.404908998404283	2.12563317811864	0.542956415335204
-0.0255758662576024	1.74007280412496	-0.132450646478537
-0.574688433058392	1.4445180129445	-0.0953180833754334
-1.05066840334798	-0.260666883589402	0.416663023884122
-1.67358241109802	-0.46120774286872	0.0115789724780668
-0.220899877347188	0.724671554330322	0.706295603346052
-1.10683400456872	0.116354281687598	-0.705915030143853
-1.51223135531124	0.152128076600365	0.636817810303996
-1.05562811657087	-0.0827319995699941	0.810315795775913
-2.08771050361449	-0.617612054206832	-0.0297644272273604
-1.02509822949204	-1.83096601503051	1.21625602298921
-0.939867382820055	-0.782300692950254	1.36289532325236
-0.217081863103316	-1.36934139129515	1.61645524777742
-0.238428915648829	-1.95715556305536	1.11763893676805
-0.726727544818203	-0.965667945709344	1.23472090190717
-0.340359520309618	-0.891704441768424	1.35981287337382
-1.07808034799436	-1.04810289690138	0.59544248464679
-0.700201407312836	-0.234317836690907	1.80692734862042
-0.984957773775829	-1.22470649328834	1.35875245557719
-0.674789919314941	-1.14306507372214	1.5122704975839
-0.700531391717713	0.545603734623754	1.71619323591932
-0.987327561511141	-0.246552073810042	1.50803499405936
-1.16963404414675	-0.692769754730822	1.13423700293152
-1.29463889014047	0.53268351998185	-0.511088752996802
-1.04072708086377	0.930616686314471	0.00971065955426731
-1.6341699320907	-0.122849594143708	0.0156350491112732
-0.882801152034095	0.035524626362334	1.16168334280054
-1.43607020243558	-0.578915263345119	0.945544746838807
-1.04943678509872	-0.48746513861301	0.848426698343503
-0.832459077727431	0.604425408783972	0.623259259985833
0.195192813234596	0.670770868766136	0.501733293361014
-0.401785934824124	0.250021585413982	-0.0309772198548152
-1.53944861727433	-1.55318308154852	-0.104745317627045
-0.416275152891935	1.24040928275423	0.280699763148902
-1.3635610340472	0.0466845411166572	0.176383932547799
-0.883530502923656	0.344711421625322	0.14051149945414
-0.939469427599465	-0.196484726791796	0.426194440884663
-0.343958894483456	-0.261464239840406	1.24663762079222
-0.475343328689201	0.38328974944411	1.88172690866625
-0.278328255760805	-0.021248117027321	1.27858507592919
-0.202449776814061	0.700886328416733	0.750908110312346
-0.0857776288791262	0.424744237178161	0.67169116596473
-0.282925983973255	0.281462216770558	0.535585671262935
-0.960145034443141	-0.16663277438612	0.737156249869005
-0.451914515720023	1.43837778625095	0.271570981377554
0.291609932706351	0.070079797164038	1.48675089800674
0.66146174608426	-0.367191030680549	1.73612640503004
0.437349870197468	-0.407837277128942	1.96157322944316
-0.698243088007255	-0.431431495909065	1.9901324681791
-0.610969773265377	1.21741469298288	1.89740463634407
-1.02130091908025	0.753279136996806	1.57987983979572
-0.726622390370892	0.626519558540458	1.27519510301033
-0.726622390370892	0.626519558540458	1.27519510301033
-0.248868259870259	0.21362039255267	1.47986538749712
-0.800207070337076	-0.472668163495915	0.796567411238436
-0.777491972909891	0.723975741135987	0.3589980462074
0.0441555390575836	0.737605331789088	0.637312668794344
-0.156157858673832	0.992748370579144	1.58905908440872
-0.797576396216231	0.781519125398843	1.01084338901555
-0.0121112326597862	1.19665495192588	0.981882807295855
-0.397092575561928	0.620085825952614	0.818169253230048
-0.401194053471585	1.11941425714238	1.22964607677648
-0.401194053471585	1.11941425714238	1.22964607677648
0.101193093834049	1.05038843288855	1.70044659914056
-0.7841859235026	0.844757440417153	1.26223351939852
-0.834675523469494	-0.214072103216795	0.267979154795606
-0.668409574811159	0.810365026657119	1.47189128952599
-0.668409574811159	0.810365026657119	1.47189128952599
-0.668409574811159	0.810365026657119	1.47189128952599
-0.968175034855573	0.158937083418551	0.759487906209796
-0.749520851968496	0.94361231301378	1.34553911324072
-0.664462171719448	1.08182248638677	0.596110904646127
-1.17397721263538	0.862040490939069	0.866974868077848
-0.0512277191081821	1.09955252925523	1.49993506207726
-0.991292078899202	-0.79884824408435	0.269733726989251
-0.741409033276888	1.00743863264542	0.0656038424285992
-0.79093951056965	1.06047514490396	1.74549727660363
-1.12939513428519	0.402470009111936	0.778261507779137
-1.12939513428519	0.402470009111936	0.778261507779137
-0.344971940303323	0.960157656092834	1.76079387573322
-0.184855672517906	-0.203450959985476	0.581508150888973
0.897809463396911	0.821817427634979	1.76630907198591
0.835821107319016	-0.255370451085679	2.62038288455436
0.350306687679608	-0.406755878673436	2.1524451914865
-0.0327451004960745	0.755519281974206	1.11244941051877
0.198052686346512	0.246426775315105	1.61770546835077
-0.665162073866088	0.441990738332905	1.09595512334223
-1.04966870346562	0.122483477387664	0.436727840271719
0.372135419719403	0.614698982424122	1.56372673160658
0.0777510361344454	1.28490869231061	2.28676222230454
-0.12353760922612	0.698989984376321	1.92363565808054
-0.602717556548737	-0.95501477308566	0.960387640563121
0.52464740009953	0.764669766046721	0.727020972112795
0.373044661326544	0.384965758447343	1.29113670222956
-0.511946812955724	0.383481881086292	0.478928347031804
-1.23386479739959	-0.313405393208483	-0.536111581055287
-0.621224367937383	0.106768607073754	-0.186178354411175
-0.682508450992286	-0.417132726437966	-1.01538493725255
-0.910745253527685	0.382650931025425	-0.776513167678379
-0.535955710297332	0.19858027612695	-0.338154106958999
-0.535955710297332	0.19858027612695	-0.338154106958999
-0.136265113041137	1.03988588608281	-0.171467746480691
0.0231696077119826	1.16091873021481	0.0305751906421484
-0.269868310328721	0.864644270954416	-0.0862663997946632
-1.24293997881642	0.443478202797824	0.295497520260586
-0.272307163249133	1.05758322988049	0.797439492706673
-0.398436849261906	0.50398198072702	1.02511828554021
0.25878631229018	0.670230784948187	1.66220813080364
-0.257637476202959	0.509872883635968	0.979434394797233
-0.340553875298405	0.414439687007084	0.751649207115628
-0.0286803667787237	0.605797803701454	1.01325953638271
0.334104310803743	0.395709511607003	1.19080958361625
-0.0281552445632315	0.47012177539603	1.25205257348614
0.0302195857107259	0.970288738256141	2.0193219731453
-1.10975004967381	-0.401214244207517	1.24839691079039
0.172917995454125	-0.968220800673785	2.33864599696346
0.897487458528069	2.01174919986879	1.99597949051574
0.190321986834898	0.598532008062286	2.03222673087081
0.331049810264406	1.37911924420574	2.4104815636356
-0.479748547550764	0.237639390248441	0.767910887562038
-0.822530486207991	0.0572653745106021	1.74878537365136
0.0681741625391065	1.68257319200585	2.03156559747093
-0.244816112726225	1.50107518414016	2.45860291053762
-1.32068307694062	1.01000776156073	1.39956094505079
0.622425115664108	0.433654358289404	1.42730899079257
-0.781127626718311	0.586726846077418	1.09299795253294
-0.695472230229498	-0.56827762363142	0.958241787923563
-0.225224289581325	0.615728338051647	0.521795966139513
-0.0625376420149839	0.494970261940289	1.74101662867611
-0.122556391931534	0.407455862370509	2.16841224487209
0.188626740004016	0.0769367317488774	1.91160792624229
-0.0034751064674452	1.10848099500198	1.28315357361714
-0.13428494732965	1.07290729261376	1.46988521214401
-0.13428494732965	1.07290729261376	1.46988521214401
-0.600965816261221	0.603438230622358	1.28720222484768
-0.916405861403673	0.283393346247631	0.732335099358307
-0.83265309580792	-1.11218758252097	1.08711057738515
-0.354483569390127	-0.0352034875544444	1.16954935131611
0.0513845976503227	0.215351877622023	1.72295111245422
-1.15827930658301	-0.840138738853152	0.534056694986596
0.77907436111823	0.883813720602427	1.78145186710719
-0.127935045237951	-0.386596258201035	0.79897532461639
0.434028083910916	0.751606715344749	1.10177934552101
0.388988658206962	0.0340136131071532	2.19628516576038
0.592118404726963	-0.499722517049043	2.4757030298396
0.802019736867747	-0.496635913447435	2.54650996722347
0.286854492970721	-0.0113864572160609	2.16098989824798
0.644704628762141	0.839669921593042	2.83318492008043
0.344782153061625	0.110627880256155	2.38571156195323
0.207880327429573	1.16927839576661	2.01320107914106
0.230001981994089	0.160851947173523	1.819776005313
0.348096599450291	1.49720465213984	1.93909856068594
0.11725240155471	1.12627125319818	2.02441394360256
0.495546331906631	-0.33000902001228	2.30426142264181
0.907324480532994	-0.400763012857521	2.57465209968317
0.907324480532994	-0.400763012857521	2.57465209968317
0.959996187437275	1.25317644951253	2.73023559159072
-0.271796206123184	1.1600022651256	0.336222854198475
-0.00482913317242806	1.34687632184855	0.0864004132497185
0.349828587967197	1.37707493662472	-0.958167974073196
1.25135378544568	0.730873881816358	0.171894166792534
1.58544043661943	1.5847293559669	0.594979249182752
1.34032980426302	1.79694367334659	0.707108201544758
0.430396387269639	-0.280220140351659	2.42293923280637
0.924666332675791	-0.60873822964859	1.9016141844595
0.314279984513403	0.544575340348705	1.68972185719902
0.0607996935689695	0.737306650373482	1.67503359209093
0.746058617996575	0.934447575753878	1.02811665609741
1.67439520820396	2.02299548933556	0.960250893533675
-0.818649713280377	1.07891486234681	-0.660129214131017
0.219457418788219	1.8226473545051	1.24557507224831
-0.930451012103012	0.431786108198481	0.992899037021783
-0.159298066708033	0.899249755829941	1.57376739175249
-0.159298066708033	0.899249755829941	1.57376739175249
-0.121480221937658	-0.0557075242813427	1.88462924966939
1.66078418532559	0.786150605071478	2.26739666037721
1.24554219734049	-0.082027098200715	2.69631305310647
0.639562123538505	0.645421126032807	1.42857687058018
1.95008350339324	1.47943059216465	2.14478711320746
0.480757296571297	1.3929208434952	1.86273753152879
0.628221507647765	0.108052826646562	2.97445366238968
0.503988548449337	0.2762564346038	2.07458633290225
0.546543758175826	1.60392568716504	2.11868422387406
0.891011906237119	-0.419393536411533	2.23742456255502
0.0288055665150301	-0.494128148618732	1.70324003503802
0.0288055665150301	-0.494128148618732	1.70324003503802
-0.882843174978156	-0.419153933235061	1.3557739296888
-0.695239348643776	-0.428036730094655	1.56251522548476
-0.015311204353418	-0.176494051666407	0.829436750267335
1.23684139289802	1.7764384154512	1.4315740536487
0.901205799266607	1.41349707146034	1.03464919295435
0.987302449264472	0.548556642625968	2.43964883616102
-0.0894113380712401	0.928031737585942	1.40859423158727
-0.246247053782891	1.35224170016872	1.16042188068252
-0.638161815140967	-0.0796995847698478	0.67374208408772
-0.638161815140967	-0.0796995847698478	0.67374208408772
0.331428831386113	0.343883648038466	1.5558111531044
0.1571500764108	0.198721127695695	1.41071380123517
0.106650293883105	-0.0699294852205702	1.55363007518348
-1.06735651886638	0.293592872586988	0.835079074331351
-0.165443453803369	-0.577715535116291	1.8578275172799
-0.403099156028708	-1.1437422594051	1.56775843812845
-0.329252071482997	0.38900361268618	0.883628514837497
-0.253135698273906	-0.278300226782919	1.94349133061577
0.0525937140628741	-0.695267945351179	1.55150758246747
0.550256568447648	1.20306615341795	1.18218781292714
-0.676424868204608	-0.118774710475647	0.987814841443846
-0.497145206433905	-0.27383219346482	1.31079977923457
0.368573245427764	0.190787325613272	1.56869381922793
-0.149283203114943	-0.0722463734638135	0.905485561896247
0.879566491440158	0.527924939441117	1.48038145082115
0.749781653320107	0.235236613133744	1.62284240216117
-0.242615912218669	-0.36343151410915	2.5256228649302
0.178222389373191	1.13596156852737	2.18368016794716
0.63871979695853	1.10176281880428	1.70596831702989
-0.368928000007874	0.334278116418413	1.19172067775906
0.330197594076077	0.709260617208435	1.16720458719591
0.330197594076077	0.709260617208435	1.16720458719591
-0.13826685577277	0.575991913933247	0.942861772351578
0.119071267845489	0.366816887431894	0.776816015831136
-0.453659771283192	0.202200141203876	1.19722525810632
-0.408899137680328	0.254637764942575	1.32476833111364
0.442876447083662	-0.883389151157898	1.93871882507035
0.455488396211716	-0.916525730367838	2.86403518207758
0.220243036260628	-1.74496258093068	1.8414774597229
0.650772826706635	1.06791477639774	2.38925893759196
0.432410530419782	0.388012555071976	1.78487727115697
-0.156735260517224	1.0374852483789	1.21348320313337
-0.164534938390048	-1.62764113198088	1.41467611794277
-0.459598517473238	-1.42766615004065	1.4052317287963
-0.451541029801652	0.609064063841848	0.981708641672811
0.321286853338366	0.351184022045856	0.870193228750565
0.0611999110641045	-1.31288094594842	1.55591255073015
0.379455649822022	0.00802202903626115	1.67184475920739
-0.260443664392532	-1.13471608494356	1.26379140917121
0.0666743559120207	-0.911057946569375	1.16306019177042
-0.313557804126592	-2.05244626876661	2.50269975990116
0.504388940472864	-3.02245857094202	2.43068220800629
-0.27266865777425	-1.18449952319211	1.8533762848888
-0.404940123314456	0.660919518238296	1.49037696683344
-0.172127475022649	0.378874256992925	1.3991377522398
-0.657980821212463	-0.598748076642495	0.892626118574047
-0.195880350847953	0.158074010288869	1.20899241429122
-0.0209196544957085	-1.21810598933454	1.68590379040128
0.0303356737061014	-1.56947906237746	1.66480363213883
1.10408439713821	0.295535260700097	1.88989221649717
-0.409641548360263	-0.00705730948160144	1.1754678472516
-0.22956803486751	-0.885035959513506	1.54295061571299
0.671353615319526	2.28694019668806	1.27450394953787
-0.473230367840881	-0.0576416213633055	2.3484336102093
1.1391120304308	2.095905457774	3.14462436324927
1.91108131900181	2.1200975652195	3.61677898511342
0.834301660255663	0.790516527367445	2.97073529578642
1.08172082166179	0.347908208591932	3.2022515625134
0.44319128790253	1.27571823718814	2.43874210257812
-0.190660090103297	1.41391077894397	1.12317199619798
0.282198168470603	0.152279163450229	2.57153486198767
0.34399920382479	0.251425084171148	2.32521541847207
0.34399920382479	0.251425084171148	2.32521541847207
-0.531603504333292	-0.120789584751885	1.16999052286228
0.514965092396087	0.732318321988398	3.15538563075931
0.210266902874884	0.31767119074245	2.100200398773
0.210266902874884	0.31767119074245	2.100200398773
0.264180597363482	1.39225697239053	1.58126548372075
0.367979975912514	1.68054425938569	1.6730548072918
0.361790805952391	0.921742612323184	1.64432389829734
0.913548878396533	1.19186547569016	2.35333000994804
0.0113390441955166	0.0152827770456472	1.81286096449076
0.656815126392309	0.434187215717831	2.57882030436862
0.553282727935628	0.83381094232034	2.3605007306618
0.74067349680603	1.83025436629046	2.0974494849493
0.939049207236247	1.19730867417625	1.58815017519022
0.228019238184011	1.38662499706499	1.91584727276294
0.483833433597159	1.91528641605837	2.07943381543075
0.318533928382333	1.88980499696868	2.05413261460269
-0.368429540143008	0.0100253084795789	1.6700454994661
0.310886289331247	1.65074107121037	1.96058180978098
-0.198553940769413	1.52824188581617	1.37498640906255
0.0535249657144355	1.74885193239985	0.907732818745898
-0.0607805860492811	1.92735925431624	0.422230079394123
-0.117425736494833	1.78119213958508	0.623339750287638
0.287186541594322	2.58392642461789	0.579526239688095
1.45245633155775	2.60493495351827	1.66534683485619
-0.355381832366184	0.942851880009728	1.40559344781253
0.935800612182976	2.05594801727793	2.52838713663522
1.04326529920777	2.79325503945157	1.70547635618526
1.52302295393817	2.84997234594732	2.82984138776012
1.62095007530512	1.29574868507917	3.34090251150027
1.21214298401456	1.24303837613205	2.81331541346875
0.613687365621664	-0.331981284651629	2.58439548234239
0.613687365621664	-0.331981284651629	2.58439548234239
0.984487857237738	-0.739566683054728	1.65164995590147
1.62684553710057	1.26391670266865	2.20742534277548
0.927919193841463	1.59803436402488	2.65480443388229
-0.00300963482119099	0.469713646752964	1.99986990818099
0.156414878145352	0.064016503407473	1.74288994719071
0.360205136533297	0.881915130159326	1.36154986835379
0.264279757455937	-0.00627319181289515	1.97217053410339
0.834027180680918	-0.0375304944511441	2.29398329394998
0.386718990106103	0.0556696855932258	2.20577849744683
-0.446370038893425	-1.44648535601442	1.41872338513414
0.0354653962947217	-1.00100543106082	1.54219339316294
1.77347681489038	-2.45982789519196	3.22814860052298
1.5964149563046	-0.501712036960402	3.65758516070946
1.38085796085826	0.0908032849065181	3.80509584878014
0.46111976291219	-0.499155507753036	2.57086192075772
0.558952854142925	0.78792026771892	2.35195070375722
0.12446608150965	0.334939297629339	1.17522382846294
-0.42124986322095	-0.680459875384803	1.86013917610077
0.338834861397149	0.302062577247095	2.19155357307809
1.35453684607483	1.35716961289986	2.89821915394683
-0.59442921715669	-0.532493189869037	0.46147391713946
-0.59442921715669	-0.532493189869037	0.46147391713946
-0.140187436345384	0.874456631077663	0.58610542690277
-0.385407414686829	0.124359836552572	1.20035515913114
0.148665810233631	-0.442136734343446	2.00221758546284
-0.00544586027652162	0.0115126998423115	1.81609531019601
-0.00544586027652162	0.0115126998423115	1.81609531019601
0.654481907624836	0.759174355129465	2.53337222274387
-0.43252405459788	-0.0147475479046538	1.39796208883903
0.410736373288953	-0.141450576763512	2.38791307149104
0.886593695763107	0.293840956181958	2.13326708353375
2.25922205603906	1.48702076718279	2.4195145181934
2.13742693937922	2.30134775897683	2.41672610360307
1.12895019414296	2.53890030975542	1.56578809358124
0.144498565484878	1.48014504454513	1.03515540955134
0.746678679157249	0.985661926819346	2.5967808002212
0.418629650701831	0.668247003161133	0.740153590512538
-0.901247977611288	0.324533157301985	-0.00719790195777026
-0.822314092361165	-1.11195736339768	0.605174402466315
-0.38144885160197	-0.739993244939322	1.73086542808929
0.196068172059025	-0.271177194307883	1.41991629551856
-0.605804633959973	-0.292573008848804	2.04026348102075
0.798867778524914	-0.0835572283831787	3.2757277606115
1.30956532509382	-0.660989547808952	3.06863476320758
-0.755213168171168	1.30346123751868	0.781643270293901
-0.855307265945043	1.34644579977688	0.0658808693547162
0.369162697544364	2.21259934834038	-0.336862275772266
-0.459561015501823	0.735024773930835	1.1496412627032
-1.03313223139233	0.836348387352992	0.995939782609874
-0.0284266122685393	1.25299656376069	1.17272602250519
-0.12246789815559	0.645511116878259	0.999764937164234
1.37005936247805	0.912402875385895	1.91571231862723
0.975518092522361	0.532728660809046	1.92066957475569
0.809999426023935	0.595817306083076	1.50560159310593
0.542190366735995	0.470122245405756	2.18890603023418
1.48613432046973	1.5244757055973	2.10536538653248
1.39445075602964	0.0605721647514717	2.80453901375967
0.480003718286186	0.671544367813669	1.19257234758982
-0.359020638272519	0.0432547685142344	1.09796772460526
-0.359020638272519	0.0432547685142344	1.09796772460526
0.239370425219593	-0.654539861617464	2.22051735358189
-1.09618979051997	-0.0278772134497185	0.747963401114255
-1.14399842322141	-0.0252807267614642	0.628056976567856
0.230096263640525	0.921483293449817	1.22569678504548
1.10553080452921	2.1878014063219	1.47757953395934
0.113699955263713	0.922700681505503	1.87164022577532
0.898262916096708	0.844055166747802	2.40466511563474
0.881357916850814	1.18427835125175	2.53972312497708
0.189267792365914	0.421526658865436	2.1329960910233
-0.329733897929069	-0.259476036558807	2.31592142387342
-0.649465450914968	0.0174465397213633	1.39925222095571
0.285227816100009	1.87448751064663	1.45623336031949
-0.772618665617331	0.478734083531275	0.584199501989188
0.310192166213972	1.84901444925957	-0.225711867983344
-0.279906385642015	1.92023675695228	-0.0305454667118735
-0.596112297126786	1.01321075024727	0.412945548623439
0.0508416323157066	1.39979370626823	1.75239514546171
-0.042318922452937	1.34341545023635	0.701367449562169
0.143396734842653	1.96244892311226	0.518284564970076
-0.546261419865606	0.825861991804853	1.64932337535762
-0.410754971210198	0.76501434795774	1.30492119308434
0.956318971958395	0.319710460160858	2.6353515776313
1.31310473279385	1.88406953501983	2.757827160748
0.420369555039822	2.12528490204807	0.790508726535568
-0.0659075524702422	1.65298930250381	0.405691648670181
-0.0623933099716996	1.6439616813223	0.573501903309531
0.333196999860526	1.70043677052627	0.746582491572973
1.14105821670387	1.98337491679298	2.25196199967054
1.36998233538529	2.08954639344649	2.63244049271732
1.46010628664147	1.41693405467227	2.78873682516526
1.64879889519734	0.744185711027669	3.63878197296916
0.696312543942673	1.36852232352756	2.47588078523155
0.00527451188362171	0.213369732738238	2.40691911783811
1.66555744131949	0.835700779293491	1.55937162757167
1.15335150923452	0.691315066066676	1.49104001411636
0.785396435785474	1.0818407190129	1.92386604543232
1.11427993191241	0.446025886906773	2.18443446327953
0.433425870303235	0.956994571032458	1.8556896361918
0.867491253141622	0.460683007127602	2.36654234683884
0.956286287934868	1.6303112236963	0.94974886982806
-0.302995128438586	1.59966284195351	0.330774346156416
0.108832201520013	1.15825615023378	1.12201929955336
0.441625858662844	2.13611307100578	1.99538549468942
0.602685054335394	1.89712631305865	2.44241040577013
0.304375697846317	1.71629738006523	1.82665040548979
-0.0201530396442008	0.753305431519317	1.61395186367221
-0.0744730319969395	0.896663720052339	1.265592170875
0.417235559280105	1.93658847861435	0.751924724418976
0.754551151489054	1.16109161132648	0.956337565698146
0.650096103592027	1.67592606241133	1.45319278797217
1.43115890386082	0.295286519983031	2.96818641849591
1.54146085321635	1.2539796837452	3.60768515839342
1.21190434001673	1.55253214270692	2.73025079313506
1.06759446236426	1.61890703322755	1.75740449894667
1.25529343246273	2.83806991013556	0.57702624272822
0.33046958114535	0.900665235024884	0.833499218210912
1.37658302069186	2.34744560629093	1.63637449881857
0.566607752312385	2.33528709736329	1.45876459618231
0.0764317723585632	1.45806486344489	1.47000152102926
0.423176508239537	2.24173268650941	1.91281569962443
1.70011600667871	2.3817332894955	3.40152920505148
1.48246426281267	2.56004572148109	2.96848748764248
1.1736492566335	1.88607428440589	3.05853080600438
1.42424619583845	1.82787469085845	3.5245776571417
1.36319140851261	0.901407700021159	3.49163934206289
1.50867552726835	3.00648675734584	2.7013924232003
1.35447514846919	2.33167893059241	2.92525580520541
1.64650159295846	1.9141997063124	2.91454584555906
0.829524732547897	1.84053332580154	2.51474201288115
1.79321604171501	2.58427967770327	3.02686380555545
1.60691544888102	2.23731574594623	3.38773082429483
1.0641340681727	2.4632476994985	2.66021499852416
2.32409381149801	3.14460917819433	2.65331192459068
1.67531004386082	2.77652334327609	3.00851728244866
1.87085532228734	2.63830064893765	3.4235847182371
1.88612734663955	1.07577873660349	3.74058206123613
0.796981047306287	1.57465404691104	2.69254801965526
1.9275363149592	2.63895217480333	4.20916515116854
1.25086327862526	2.56496889901134	3.6728182450216
1.3388325770948	1.86806200285576	3.55211368313887
1.14590551259841	2.49044349351528	2.85955842828517
1.20565159814888	2.25791836451367	2.75043898928984
2.42223244816876	2.76987398548181	2.97934835389671
1.82977731800537	2.7232943472433	3.28553453219213
0.874929090412828	1.08610748996356	2.35655535093734
0.844183913500302	1.43988356183547	3.31345727321767
1.22770555327669	2.04075466837913	3.66360325864735
1.65234667152147	2.60496157385049	2.73787434243774
0.838361778541678	1.81567081577848	2.60298734562467
0.87131694726571	0.84926338725489	2.41242032134631
1.71573659715436	1.42651414778765	2.77630437530072
1.58023338829822	0.808167528627694	3.08669256817606
1.48829240111245	1.32287999071279	2.03749774345771
1.14056986752285	0.685611942818053	2.89895461537377
1.00187961130353	1.41796361972293	2.90804495534505
1.52014007776382	2.3894950873181	3.20227805850846
0.585168837689766	2.78657365820631	2.48795506698018
0.795502712652612	1.31540750346218	2.15857888979231
0.561092705094083	1.19972485728487	3.19793954594808
2.38068511382874	1.8496209528759	4.27805302569525
2.42278978946314	3.2192166705535	3.37641657747267
2.26228093789632	2.36980282308375	2.66372953520223
1.74432542680841	2.19816403549683	1.9114138764814
2.17587991066755	3.23645491907455	3.65489158308108
1.80460470816983	2.78554230798734	2.83094010693742
1.80460470816983	2.78554230798734	2.83094010693742
1.87364419673506	1.74237181535468	3.5443143274738
1.51151533736855	1.45356339209776	3.02191878032335
1.98565777525581	2.27118737775142	2.89673890069239
0.583082425044303	0.887552328424397	2.58667005012853
1.36656969030628	1.32397619012095	2.83393095905484
2.42652407334416	3.04895369519193	3.44297921431818
2.24215499008905	2.66600122735327	2.7667366950831
1.52355570977177	0.988050074019864	2.74614409375621
0.830346671538056	0.765987971160088	2.53960543671648
1.15487174697596	1.1673228266781	3.01261647427619
1.39009200303445	1.41062486363095	2.52646356403282
2.08212145767578	1.59805494139878	4.18379085778123
0.868107693409116	1.2159033306247	3.25627456667845
1.79259534155723	1.7560527643983	4.58473021796712
1.22452887394309	1.725913624131	3.42911364581467
2.1318572700522	3.07030162468517	4.27976504566499
2.61817118388101	2.14300636285498	4.25591974978781
0.516284783975107	1.95595816198448	2.30298550845099
0.815297635830507	2.56621360150327	2.65802780779974
0.815297635830507	2.56621360150327	2.65802780779974
0.692614023066036	1.98618700499635	1.77276175356041
0.431465393822496	1.82185127351799	1.77460646171107
1.50441340908774	2.78158199517709	2.4920011477395
0.731126844690761	1.59326709355634	1.9295721323185
1.64661131212785	1.79719327696344	3.49876902807242
1.580788768991	2.03640388574235	1.90703273482629
2.57699345245128	2.65149709810271	2.44244580323191
2.28254101053792	3.12542705455947	2.29750726974581
1.51795325127979	1.69442885200346	2.36784435961671
3.06318430707165	2.34018241694885	3.57989802678643
0.614388983532424	0.290367116977617	1.60309715611909
1.49805752040196	2.50247438641531	2.47614330235732
0.292742008746532	1.55088617163742	2.83819911326639
0.813620759324771	1.75062677753873	2.1324201731748
0.813620759324771	1.75062677753873	2.1324201731748
2.3142618907378	2.88182246367494	1.73270859808525
1.07610133183255	2.0236158689927	1.58630397601686
0.548747667715523	1.42381952794157	1.8666738541371
0.548747667715523	1.42381952794157	1.8666738541371
1.77632256124044	1.66688384622367	2.79352699540236
0.601977268665542	0.539298509805726	2.20002412012848
1.50726112401517	1.27401816557983	3.078615085927
1.10292624007792	1.78372544363989	2.04895698352015
1.79742318874021	2.25028098995621	2.18087791584567
1.67347921531108	1.90364567507628	2.54911619383796
0.88847511635738	2.24113319477954	2.97336682108631
1.04168586055697	1.69223818039211	3.01062182897283
1.54320683829084	1.60987796194598	1.95017310514917
2.43144764380574	2.21476846944257	2.65237404371941
0.733880355088694	1.01111888897117	1.97044069532786
1.64677284575212	1.07051076967917	3.04220247672224
1.67944678195543	1.87275957390084	3.42791127034604
0.471116592367505	1.47315455306682	2.58039292550039
0.00222243386591181	-0.0370339992029269	1.88351278153927
0.932157084904247	2.41792213205597	1.11169535524084
1.06571031448142	2.78043820516288	1.0425992853989
1.18243038439689	2.76740822515271	2.87708191220874
1.55762976104379	1.48027840116218	3.09399435949859
1.55762976104379	1.48027840116218	3.09399435949859
1.56922716754161	1.26343671616236	3.39857407577718
0.998308392292387	0.455210307828269	3.26710579941449
1.30003364018158	1.26547046183832	2.52599947141989
0.539724170921755	1.86212028283962	0.822400416707491
0.257226516899436	0.844783179245642	0.697844946083556
1.36796966750738	2.45808833019979	1.99276622990251
0.50586587974428	1.9083935366476	1.63122309958991
-0.066062799201916	0.891877320397426	1.31120320236779
1.37575966134816	1.99308567136867	1.85072702645751
1.63651626342125	0.967246367661477	3.33332412544989
1.5178129320458	1.45994126679651	2.3684006248835
1.71639547253598	1.58883699247484	2.91082893409914
1.7831352049519	1.45065428842881	3.67154545519424
2.00083727887679	2.0760695127477	3.19994222901716
1.31957623933112	2.60201239440737	2.32311986289151
1.57612464143373	2.53832244155055	2.72742095227254
0.983983493484124	3.65277253972596	2.45835199801456
0.892902378384255	2.56268633961099	2.60489841465034
-0.13927199651197	0.636703037902551	1.32173834999517
1.32182910210652	1.44576636999174	2.37016237082615
1.70129164535693	1.97536250124451	3.0585025691917
0.99559908433334	1.38881371537913	2.5817958295434
0.846971613280604	0.608228470379961	2.48392954176573
1.39257363686795	0.695716995708457	2.81858672792761
1.3429921370488	2.24510457727637	2.52147289258563
1.40956226853673	1.08481761816383	2.58358364681799
1.59451203602651	2.50616786974843	3.56896239694434
1.70602443729105	2.10802144999217	2.73259949368715
1.6651248131578	1.52117983694691	3.74677738169537
1.67572581578243	2.29998708458046	3.1160845645945
1.59278150828174	2.42265021000575	3.69102565099037
1.49817121459739	2.58716814848706	2.79551113122218
2.3666146771763	2.54593765424764	4.19908869230561
2.36640122575329	3.51217941164817	4.19782232182049
1.83116592148066	1.41048557784807	3.22787726357999
0.216488306154331	0.816360566286302	3.06887905218401
0.8087879137232	3.06124444778921	1.66580187616601
0.918911258055039	3.20398183277333	1.61262797639529
1.07465183462031	2.84279240259256	1.86323331068348
0.20768555299713	1.56013186113332	1.9359442473788
0.600819024172165	2.08538819886732	1.7645746359914
0.297817764102622	0.894335034293166	2.01726432503789
0.612506900994069	0.603668316372677	2.57897593152637
1.71634989732572	1.62492273480629	3.63346120988493
2.15747140507262	2.13029839579367	2.70120662242988
1.1145288273264	1.0638760571373	2.12916762577207
0.743893496855329	2.1616133817893	1.53325172148965
0.926020206266276	0.881530250762402	2.02571597980794
0.125158284088492	1.57577540994204	2.3498781584078
1.18652783011845	1.12882778940105	2.58354867473027
0.618335772037225	0.63173036244176	0.890494105714653
1.37190604246944	1.24163804736286	2.13049504940412
0.342219889862319	0.644418071529694	1.40824917418777
0.912631898921924	1.77614869399931	2.51240893149795
0.437683628991489	1.5049875058684	1.86624566209792
0.473992295748681	1.49276667420658	1.97184500646468
-0.501896297890709	0.517048294166049	1.83100337481599
0.414402095758157	2.11339324670654	1.93370026494989
0.615423167870368	1.07125964639303	2.51266247202251
-0.415199232148436	1.6672295403711	1.84648896222885
0.00416920487829237	0.553528406318822	1.76900093531435
0.857052261721477	2.30504573648399	1.61653766695596
0.453992395779269	1.1839875017684	1.64546382000132
0.176301651144106	1.86667549345229	2.38548495183412
-0.295497611614719	0.787128649508554	2.30586946310536
2.19591171114938	1.94347421442155	2.43043986762546
1.9695459850026	2.74575186275524	2.40531355165451
0.357187280251882	0.638186650358636	2.07841040763277
1.51934068385465	0.917369277329538	1.01231892629363
1.13437506764179	2.4117013575503	1.82541926890661
0.797604357463192	2.08669619265642	1.75227307007788
0.746305829468123	0.901404465817858	2.45831747500849
-0.0575864999702787	1.2020550418666	1.14859067264802
0.620268440789787	1.27908814076785	1.96863070224901
2.57328636660388	1.43802075653957	2.38571732154261
1.5327664830633	1.01414763648783	2.05899584277035
1.35121161687905	0.986195779502708	2.26230246754667
1.67999508740629	0.276714526473198	1.50116941887727
0.967651030300813	-0.148982736295619	2.36623821090081
0.521515650033901	-0.0386548560564239	1.88421159048392
-0.550776351215961	-0.500856582850932	1.08063974640421
-0.330068695963861	0.217661538498494	1.57797214277556
0.085224686555747	-0.493954295778642	1.74597547485209
1.07411877446676	0.713766236892045	2.99655787556502
0.193400133623268	1.02618989183507	1.74396998840543
-0.167118638552782	1.15921671608754	1.62773314800891
0.625982060369806	1.55885569645574	2.26869633601278
0.784415069734524	0.283857442536821	2.88473194703834
0.312161194544435	0.654273047957056	1.9865808341555
0.572528759419425	0.937584097710042	2.72015135590089
0.432040562071044	0.648087822729544	2.33987569111704
0.432040562071044	0.648087822729544	2.33987569111704
0.432040562071044	0.648087822729544	2.33987569111704
-0.431747070681542	2.37713021481315	1.87968347650791
0.115888651067677	1.77076720595624	1.41345125773604
0.210278593741931	0.667233069257128	2.04161242825696
0.609184092040885	1.3147196614535	2.70660065521034
2.19509211917296	0.0116768500839	3.68859590563069
2.00552640052719	2.21218574027706	4.30804856633324
1.70332162885688	2.99251958262635	2.66598971147804
0.862244722932846	2.26691432492165	1.88856228454837
0.139567997770849	1.40474983527917	2.05801971587676
0.904616377208279	1.65661406860441	2.64009506582217
0.792083416676454	2.22525885526705	1.9935860068611
1.16222685164778	1.32963539927029	2.52567035262191
1.18567325675364	2.81454701182983	2.06755986398717
0.864821414917396	0.828106521297851	1.96273945547413
0.864821414917396	0.828106521297851	1.96273945547413
1.33665355679131	1.65002778746287	2.37965690959766
0.551150465924857	1.03700779566763	1.71338949166397
0.156420941909931	0.874565384808237	1.57142421270463
0.814488339218026	2.30588157338794	1.68798716290965
0.463949135433566	1.65952328677837	2.18636025623017
0.238472868373672	1.59689840747777	2.43055385855573
2.33881079899059	1.78860406303426	3.50738682448589
1.10543169965386	0.555663958733354	2.4339365284921
0.639360435358414	1.16491476340952	2.35109398814446
0.336849031893373	1.09936451825151	2.19589526704466
0.978376987102836	1.26578949104328	2.90437587713563
-0.679627273031154	0.567789841368897	1.39814341727711
1.38988487012244	1.84561927217545	1.61972023056891
1.10486352867352	1.51352843923973	2.43153296123248
1.47885532525296	0.393970616694569	3.01504864514469
1.27991191409808	-0.723968731378626	2.83026688469469
1.65938389328024	0.220178678669245	3.47521187877498
1.88514468844751	1.31423991222813	3.48241823500627
1.50615805670126	-1.41898444535136	3.52808054152924
1.14856966426478	1.42124697482205	1.41719019772591
1.335037653533	0.0776635054422336	2.71989061871719
-0.111273450690398	0.0159055658701943	1.31746664817567
0.850713539874413	1.12728124861732	2.56725445351224
0.369702996693318	2.59767100573227	1.94248426836218
0.932672342718087	1.50763656609373	2.64687104045885
1.31601659403837	1.19775079874039	2.76937616499549
1.25153887398176	2.01118552374558	3.00387220833509
0.637101191744288	1.21480693170052	2.26888530749623
0.349305664522437	0.893700783578344	1.98890700261874
1.25104705979834	-0.427722689923325	1.4550273632554
1.88449093508134	1.83182224579544	2.51766424293793
1.53486761511694	1.36595901306399	2.42167567415742
0.754031601879449	0.331290009660741	3.11217156036404
0.754031601879449	0.331290009660741	3.11217156036404
1.80556694506718	0.806237664984789	3.6677634511989
1.17454291558576	0.143411587554641	2.64085084589764
1.45996874579564	-0.168804646977587	2.82581041795809
1.41615837627845	0.930803639634759	3.62531946203894
0.620622991852069	0.889759643544865	2.27780854758557
0.601732799060867	0.955631837585598	2.39323821060026
0.437889129372989	-0.0484005248031161	2.27258284445313
0.428086060536318	0.226074714860799	2.12615366527487
0.339461426117428	1.08580603981764	2.01029233549864
0.43682432936715	1.63888752074953	1.57866870196205
0.391990199830896	-0.451113439362173	2.60574714349294
1.9242204900305	1.61855948904356	2.15883821909098
1.58408057864078	2.47083781574836	1.68248233740764
0.687376415757032	1.69703278534779	1.33290853460238
0.917132056687495	2.6198660402707	2.90470316489465
0.863965091628594	1.52360899314133	1.64393049182398
0.250043071508293	1.46548879096226	2.00011113587895
-0.739896529022147	-0.668354615314934	1.56515181787732
1.44099452404557	0.21397062422866	2.42632337592777
0.660740706960451	-3.98218664468756	2.48306854789818
1.3110658453471	-2.93122624741762	2.84111319411677
0.687547352161359	-2.05009384795292	2.90659829849173
0.816905487069677	0.655769522608911	2.14809993038411
0.708318403346527	0.0149074577088418	2.46477832379824
0.749877695124756	0.427885093987172	2.74840972374525
0.91958976395263	1.28692907118211	1.83284378475598
1.36254756599522	0.121696009844556	2.71017232953958
0.593274818258431	-0.228617371774229	1.40084606548189
1.01722623331544	1.08203294408572	2.8323088445574
0.702803547640707	0.884029631686785	2.6143500067548
0.526492586340411	0.262588825724399	2.24931501930295
-0.280889955912301	0.832278568224972	1.83803809433501
-0.117284522131322	-0.827232021759651	1.92434532706185
0.605212142742541	-0.254236983421393	2.15323874528288
0.389801199939263	0.31349907852636	2.14573162087252
1.57832801033339	1.32353540023685	3.28682476831111
1.37582096271931	2.05581106809557	2.29729892496057
0.126660607736321	1.6407363184508	2.7446974823497
0.48914761090302	1.11907477504753	2.31709925507501
-0.120157426074059	-0.519178766726214	2.14632796888382
0.836274155349999	0.803740068874139	2.97891950626202
0.246941429172447	0.739078188822185	2.42625274156652
0.773155191636109	0.815846296815055	2.55735543432108
1.04805929381038	2.62283914569243	1.67343924608626
1.25826785357519	1.50110649403157	2.91800301294604
1.21419663642019	2.61762970227428	2.53795138946
0.827789113001096	2.83890857190921	2.15286399133964
0.14384311977546	0.632728988892354	2.05987916175558
0.192681627741875	0.213710263620856	2.08425815505021
0.374603555524963	0.469374773228724	2.15412894211078
0.374603555524963	0.469374773228724	2.15412894211078
0.899042270655821	1.27082886919663	2.11585271736925
0.484897793829828	1.3166174395515	1.60758905649503
0.642461114189248	0.838810229205243	2.42701711656956
0.246456541294595	1.87360918668	2.42043713834011
-0.218049565003895	0.469338140355024	1.3267908028939
0.784982479135129	2.01969553156966	1.17454453503626
1.25181961726984	1.28914783863509	1.40780862835842
0.359646148099712	1.13651572332226	0.353470351060252
-1.1321348325441	0.329660487589522	-0.507631794981503
-0.662960078588866	0.658518077018069	0.80006926565092
-0.560047967060077	-0.0519475948506947	1.06576022978181
-1.66310626684201	-0.652850080446419	0.384782418285105
0.0552878806910148	-0.370484723581731	1.20849105967608
-0.458845651839663	-0.447082677166053	1.43351602942657
0.270536920536346	0.462729839269916	1.81620726638865
0.270536920536346	0.462729839269916	1.81620726638865
0.00536543131269796	1.29795779472448	1.99455616913068
1.10127224862426	1.00441655176648	2.43436836296353
0.354340587942506	-0.275624276857774	1.8480205819207
1.86687955156701	1.46729250982878	2.38535319389947
1.20904721759799	0.338029542918471	2.49831592015909
0.558298897365116	-0.225942368679979	1.80395013752653
0.97809127730618	1.44970460973917	2.13780702053559
1.13700189002368	0.960792405598809	3.21299184021746
0.110250044975877	1.11854697090605	1.45342362984812
0.289516842988996	1.28570825262495	2.17154103648278
-0.131431081503288	1.60325431066628	1.8128990348757
0.533986190379092	1.17820593272893	1.02339881546236
1.31500429266558	-1.5491692725511	1.59219545850698
0.181231772354249	0.707731928178704	0.742768043127158
-0.483862317979586	1.75852114270702	1.01476249179778
-0.357104406549738	-0.263527633004131	1.1335444070163
-0.30566414963064	0.0648455277582551	1.72512931249564
0.873268242471081	0.920684521626961	1.38535120449392
-0.202745926778491	-0.552808730847562	1.96315482188971
0.39657696177157	0.754268858384141	2.34631810603572
-0.23178438605413	-0.320067654011205	1.16033351323289
0.869295125911036	2.79469969354229	1.31169973608622
-0.272750719913758	0.985226800049781	0.717129215696705
0.394504267598249	1.64380129231887	1.20603569891864
0.696402083205162	0.559010791284557	1.73115484428105
0.175160964844219	0.603810059051535	1.33109346341645
0.350855332008511	0.21612975830806	1.53584805150992
-0.325653546998921	0.158769418286599	1.53788445580532
0.348971878300039	-0.173848971860589	2.01694247158025
0.873326612187674	1.18554101689665	2.04899224279456
-0.00497349675401526	0.551884589128459	2.20971659002467
-0.402833092039436	0.616093792384511	2.03882515166626
-0.662642121773068	-0.0774628662126837	2.09101279103244
1.35723785568901	1.18386324220672	3.46105329246915
0.298001681509095	1.63271287068616	2.13436542412308
0.192226720418002	1.53819067236592	1.61632802455982
0.638409989305431	1.33616031358443	1.91120442469691
-0.562251276110095	-0.459720854538075	0.703359432668021
0.408838932662788	0.400355580991082	1.72690665865693
0.534360185532848	0.246923827803175	2.31791154080719
0.122474411778369	-0.744059471574686	2.12806461616864
1.00459706833825	1.91988690122505	2.78567507721298
-0.51156865831128	0.254010550440801	1.85781892505218
0.0328031274774278	0.579860025489546	1.55784081084932
0.389587593770391	1.08222241509229	1.36173723349803
1.1273616604211	2.57305936126794	1.81803380868733
0.970642405708205	2.41102303036209	1.71388127096991
0.241903832888105	1.54172906105582	1.60796244348907
-0.133925383597114	0.929378393856603	2.13266881421681
0.298197743159939	1.02813338074093	1.57931594422274
-0.539504131196505	0.615778566115447	1.81051832310227
-0.429520830734332	0.129253308737627	1.11470873451097
1.28991963855539	2.3006783312196	2.67640297646702
1.78311226069408	1.2066013693407	3.61010735788706
0.476949772464675	1.11868530928665	2.28567000356563
0.759402832982292	2.16826873096737	2.03453271715125
1.33265894703637	2.54915372723987	1.9236114577487
1.05380217147386	2.3805661498331	2.435736388943
0.635416474370357	1.66987369125908	2.15584136328022
-0.0839117701340621	1.73607628524779	1.67854735319711
0.372926435848719	1.38053398625201	1.89810664410441
0.0459371211068692	0.795960823800206	2.07912782450105
-0.167643282377134	0.488781695121394	1.96291370984795
-0.522292817439955	-0.571871373394568	1.14136557145589
0.251248942786641	0.961738026170963	2.23345024853762
0.912317675711312	0.957964108552865	2.84039357209764
1.47638531605354	1.42251077688062	3.69424505651106
1.98492979343692	0.688264303479861	4.39783861795369
0.940018422944078	0.413551937130155	3.97679581999461
0.999405961753868	-0.200503329076463	2.88973694786463
0.509718181169123	0.885556360153773	1.90730218817215
0.228216352906144	1.54205461333431	2.13836970625159
0.966360968933006	-0.630808717876257	2.81692097518402
0.334613270026359	-0.624991866414386	1.40857262172932
1.29939061169104	0.164329336633471	1.4851348132774
-0.613475101170623	-2.77039518201376	1.03268483953367
1.20755716033395	-0.624024495141469	2.87396650907297
1.06373521820469	0.952478833517814	3.03579306400334
1.26142666195536	-0.347196254518274	3.42849256203833
-0.962275026748284	-2.44642744975797	0.843627441103544
0.872455835182289	1.30947397877958	2.0742012639524
0.208663929336129	-0.0680970905794846	1.53467412499555
1.5420965310193	2.20276966717031	2.57299511256636
1.63928736824346	1.59222386683761	2.63188909990755
1.91346645456282	1.64092757763178	2.30388155977919
0.302766014936045	1.11845265525421	2.10562951633724
-0.598332761020569	0.614604475048519	1.34267328782462
0.484772802398875	1.97347638200058	1.66669977092491
0.958645602141341	2.61413012787932	1.56251826255544
0.471316818096592	1.08689342217215	1.3356026506889
0.676922885333772	1.62886720645083	1.25506867092566
0.509514662389127	1.49233877112782	1.06482209579884
0.190125012344873	1.30582861688819	2.0164078028329
0.535784271808399	1.18413911184829	0.884207368406582
1.35117056006666	1.44537173879648	1.27160577690321
0.805097903744958	1.0633574406727	2.40074910584413
1.1021076060749	0.901156250253209	2.04878847681008
0.561503432259933	1.03620217057794	1.5041842404219
0.0960695632890505	-0.85265480827082	1.8297337480271
1.13827581479185	1.11620269151223	2.28735050390929
0.00919211953384846	0.499248739001489	1.44044492018872
-0.0577899530368693	-0.399990538078319	1.27406641492965
1.05897041160521	1.8245094298289	2.15457808989782
0.309111419749578	1.45253203173881	1.59373056240434
0.787978711987375	0.117149732033247	0.983967680695163
1.50705255506224	1.6473546559507	2.53574252734576
0.808355306467701	1.69458472482981	2.36841542237364
0.817233253270761	0.692630493366628	0.803981449695109
0.875471009845129	1.78968432585301	1.73058722961904
1.06863756017515	2.17304436024759	2.09768725547587
0.976146094381459	2.90564119217269	1.99633087900275
0.876773373032952	2.77381704836784	1.42039115791289
0.86448574885223	1.68856198772138	2.4524174899757
0.239692913386457	1.74989160605128	1.92452637883185
-0.508354168134446	0.507303137913581	1.79047361866562
0.567387439578637	1.5949434995725	2.25885663800046
0.815749553929724	1.46366254849501	2.35501866970567
0.598898395938365	0.531509724346433	2.65788390317269
-0.0905135088723199	0.87850370915701	3.04242634984611
0.170715302875911	0.811741185312618	2.44874123176199
0.512339921925505	0.716669483759898	2.80308771256041
0.0837088917492855	0.153607897823348	2.10406078372719
0.469342579439956	0.260755434991998	3.41247211940883
0.152980626870832	1.30519235454894	2.58120646844183
1.13735551858853	1.31864146599131	3.03398583277603
1.20181951727187	0.0797483690029512	3.27314074806819
1.40070864971889	0.391991440865526	3.03560853492956
0.680156556934072	1.3742988334012	3.07746229998616
0.963176997197158	1.5131478728373	2.81281147785534
0.835820613710855	0.953766812470628	2.59837086407266
0.519795063886526	1.34853441483255	2.03953777838782
0.865797938093308	1.98713702688342	1.53432882300875
2.28016217033273	2.33375366177269	2.88266708929672
1.53198110721354	3.53316478524499	2.51467275157529
1.15571557059718	3.13772749293042	1.80374981682429
1.74292918136799	3.65109307227144	1.39534591603674
0.629816286934663	0.410337448120494	1.55132054508198
0.610270273055667	0.884968195011063	1.54868414125728
0.621940813706986	1.1144989363201	1.78345627784708
0.424802090770573	0.921775984023856	2.09559029390971
0.863093996118851	0.417402855698654	2.08455693174269
-0.174319832842497	-1.06982837235976	1.80527923250601
0.519294011748948	-0.975827791081993	2.40537962449434
0.376630220422732	-1.04356073305605	2.57064675469271
0.495057090614451	1.22383797631705	2.6675887830475
0.808794960341054	1.69673358302899	2.26287097628307
-0.51122229638534	0.293348631647454	0.735755726161959
0.469105986674251	0.156715383408336	2.85072663632832
-0.899649795176402	-1.17568718174085	1.16961489687644
-0.141983802606341	0.531156001801206	1.83147712878592
1.2528833831397	1.23321320765432	3.26898197516323
0.550390899238252	0.767555053739049	2.3667416759273
0.22954349250409	0.822569351480519	2.12041986519352
0.831709074905268	1.88993076529012	2.50392931545638
0.970011335750627	1.44253284919222	3.48122183416398
0.906787537740111	1.66270322631233	3.48766751830559
0.604876152968558	1.37296319030555	2.59832681081031
-0.140551363514978	-0.271302131500475	2.10581070722268
0.397241757401271	-0.206980920065853	1.58428464475175
-0.29796441906115	-0.194218159667586	-0.0622576904160594
0.108442989241246	1.03937230722305	-0.622985168660028
1.44090539288119	0.514317983004641	-0.0389791500164044
-0.889588035904179	0.0338023344243474	-0.196752312942768
-0.132267375587338	0.49691855300012	0.475818351169795
0.537946578881036	1.33645471135637	1.47253955292594
0.218171943002903	0.810872166079489	1.48060877507336
0.643175113892195	0.681781340646076	2.70058852315082
-0.117740009957551	0.440161525830981	1.76209448247573
0.498305626169849	1.14800652793038	2.80052890404942
0.541811843423568	0.690910665760085	1.61314397586752
0.184076361536151	0.677967010445787	1.99705769685173
0.184076361536151	0.677967010445787	1.99705769685173
0.581705549525071	1.56469668784443	2.3772120319579
-0.407676043614825	1.21509275815594	1.76415846393535
0.615981481248157	0.73664478232137	1.53850576487114
0.391250170694582	0.849630397342475	1.80340562457772
0.494724707602995	1.75007355916825	0.761750328236075
-0.310140489496421	-1.61984317416457	1.62161956882599
-0.0663636013794905	-1.32573885046063	1.88297540546117
0.0758218909030436	0.328199929889982	1.51494834309968
-0.749712589041749	0.752354963486198	1.32770508265917
0.350200914643967	-0.043417046709552	2.20452180271686
0.337446530310495	0.567854699951108	2.1068231716093
0.570194765946359	0.722409042743813	2.66561533810409
0.8735120575688	0.273341958634401	2.26361468073589
0.950746994637523	0.260040099384352	2.06533694462586
0.831399927746358	0.364129419911109	3.01351950858057
0.932162223862307	0.472920360506406	2.87671333972232
0.861863906243905	0.550890108887936	2.51841330306567
0.970418971869934	-0.00929427703085739	2.22690528515459
-0.260285400174816	1.12057064352664	1.46625128142062
0.231700091365823	0.874811947629976	2.27196627665182
0.206863050145888	0.858942198686643	1.96053586812817
-0.415574754472831	0.45846601419837	1.28082865561564
1.40177014564853	1.14724649029903	2.07802276123407
1.03293114244531	1.29088844400281	1.93503240548074
0.316557606657348	0.123790348737611	2.40418655800694
0.63782548567241	1.99052660379787	2.35618535180448
0.356673939175878	1.45572404608744	1.33334097853701
1.29959539527597	1.66078730023454	2.55517881881319
0.741783131343643	1.85978615867175	2.17932046641429
-0.595464109168932	1.39936825967624	0.546204411585416
-0.3737865490735	0.96376787237542	1.51519941007229
0.238808010250517	0.868832424481644	1.56459217803385
0.696226188086172	1.22084683043745	2.45111327304046
1.06874518162423	1.1206896907069	2.80252602400741
1.47532927944372	0.774606999925014	3.25294732080218
-0.987258857870533	-0.695984697782305	1.35996874044449
1.32807176725338	-0.127806018360127	3.12641737330414
1.06639762547833	-0.901681186461568	2.80885135140046
1.07442870914747	-0.0791447085926221	3.19339292390078
0.527793654823414	0.695558564728152	3.1514457837584
-0.637352943300751	0.769332411639215	1.60832603359811
0.538073976928794	1.28608700452714	1.34382051862565
-0.635639497643314	0.356715780415797	1.48193189688756
0.228442062932477	0.375734509633343	0.354767212740676
-0.370398535319906	1.23672230924909	0.31145007949315
1.31923687234596	1.98391774108099	1.35842745428625
-0.0250242121988884	1.27960412238519	1.81256011458092
0.0323289038184132	0.325533058956408	0.567076511405425
0.27058813870848	1.78673306722257	1.55332689287359
0.229245413068182	1.61566804472146	1.51535340712256
0.229245413068182	1.61566804472146	1.51535340712256
-0.0374454851952333	0.834092284273323	0.92285121404249
0.00534134070559714	-0.0202574667757942	1.3642044374326
0.522226017036652	1.37051960933314	2.41079386598307
0.476901439405632	1.12203761667281	2.50054864303918
0.882834034675032	1.61274905415407	2.21702912829899
0.882834034675032	1.61274905415407	2.21702912829899
0.168705663855533	1.54733896826611	1.83658207352689
0.0286084358666078	0.978320928009423	0.785184706528797
0.413743451714116	1.74374943802776	1.32423820989761
0.068764465359257	1.9423881007559	1.09441163692274
-0.161754470351575	1.13108529046686	1.62947667059882
-0.323356502095349	0.388978915178562	1.78748417947506
0.0952977350787561	0.694781548274892	1.51278438479972
-0.255954635050493	-0.249615297541217	1.27833795120991
-0.379399903455828	0.991510339924504	1.96007219983558
0.720962663900484	0.675853254596503	2.4035284286269
0.75425736220914	0.47498682364797	0.277531463495357
-0.167361691483658	0.964634577167371	-0.147847206177271
0.0996780293931466	1.54056165319336	0.220532999069734
-0.21319641435009	1.31480819490096	0.268886027846566
-0.152240792141106	1.05888380230849	1.25388226938121
-0.50318959090551	0.566476014256331	0.784663273619569
0.812517461944036	0.850937704123045	2.45979992187045
0.066780906309407	0.788835577611409	2.07210900475038
-0.185149415372234	0.827033936846357	2.16341910654332
-0.343150737852993	0.337384578790841	1.56393434024245
0.254441804429546	1.90353083567224	1.12271798587806
0.122740445044018	1.28463862599205	1.31908179552537
-0.151551205153354	0.266006967228997	0.222296800404367
-0.0103728869069835	0.296837494316963	-0.135406301594485
0.181571851953486	1.4085172575379	-0.178396062831639
0.181571851953486	1.4085172575379	-0.178396062831639
-0.0527569432078193	1.42868884705496	-0.316219554194884
0.224282556683384	1.5695356974978	-0.960243893649693
0.430749197461618	1.40461363062374	-0.784836330200691
0.131962489305106	-0.0700291454089098	1.26735753898403
0.431093148703911	0.28722597181082	2.27990329721892
0.431093148703911	0.28722597181082	2.27990329721892
0.221152674008799	1.21105564312478	2.39850155116093
-0.426315610267702	0.966651085970906	2.27678993904636
0.184746167158554	0.30578366879783	2.21540891871584
-0.0115208854052932	0.325857399825586	2.32783303337533
0.479616852346038	0.358283135780652	2.65674727702661
-1.0008493757389	0.504799467815708	0.96167383630552
-0.853815696593283	1.17814097694235	1.1719665412024
-0.504243305185642	0.554331623462482	0.736619823628756
-0.32956157633871	0.875970268278172	0.484495248275357
-0.694570309251961	1.18451243892438	0.193047102803859
-0.965926026056616	0.15233114909431	0.0994664150255761
-0.878845120976978	0.80484000139918	-0.0191149607683679
-0.390881521660852	0.863946874081648	1.0323936152269
0.210046709316759	-0.0315985648451043	1.31330076915195
0.045531920341697	0.925246494159572	0.353638082182656
-0.399347715302898	0.446297398776692	0.515919726602782
-0.399347715302898	0.446297398776692	0.515919726602782
-0.803363319688062	0.593924562411313	0.683563778104106
-0.603485654054112	0.837405556735924	0.913599502255082
-0.603485654054112	0.837405556735924	0.913599502255082
0.612435535223248	0.635166859782667	2.59410622186566
-0.239711253179217	0.632082758193493	1.51334487669077
-0.0477362456514809	0.601208539287011	1.38013777863777
0.0128766583982528	0.514863721097715	1.74906046085726
-0.842689363312328	0.400354222605118	-0.899777148051859
-1.18461258725296	1.05228776858565	-1.07045899811288
-0.189953882639025	0.903018739550461	-0.807751632871891
-0.694287274299312	0.292603498918624	-0.790759124448464
-0.600879423304741	0.614700560090256	0.813832118804142
-0.126509146941934	0.375253125180875	1.36710778931814
-0.0505995390213792	0.441141570375051	1.02030957901608
-0.376806317981393	0.0469315573360583	0.601987362229697
-1.46763376546939	0.310381159503461	-0.442024640041499
-1.426742212071	0.877588743043454	0.786914587063543
-0.294873824065348	1.58100348706463	-0.129538472514873
-0.743068906905133	0.855560656454377	0.781718361108145
-1.54816413048914	0.441029125115583	0.273304473086852
-1.52583481010573	1.24612566401217	-0.803366634200067
-1.54444448707831	-0.0887758032307449	-0.393567666837999
-0.502473731115548	1.39063060629452	0.394731219620072
-1.73223144284399	-0.130502128729063	-0.02743158650109
-0.853479175935387	0.24468271466504	-1.18559934476415
-0.225261516350615	-1.07040447055693	0.00893518984186004
-0.609418891992768	-0.00176609583006743	1.04727901553239
-0.609418891992768	-0.00176609583006743	1.04727901553239
-0.768735215536628	0.0882299963405366	1.33031064363261
-0.837167332523957	-0.555655219204029	0.906424419080385
0.0243202607245829	-0.307333042980031	2.05462054404771
0.34126852737758	0.47618338557733	1.87658692321494
0.187368559021104	-0.942736309219458	1.58965856261512
-0.683188200489066	-0.504569423140212	0.986382974829014
0.1663915228103	-0.864060325084208	1.06402783332225
-0.140271714919626	-1.63532699572229	1.54422204106636
-0.601051062895807	-1.38596503166212	1.18753415128968
-0.517999611418132	-1.25754739034891	1.40791800802845
-0.38833085240508	-0.689091056726852	0.767323570383928
0.0342715514397878	0.551480960193645	0.478170077314038
-0.902073365429993	0.378565782017149	0.93731584866512
-1.04956157691881	-0.560872381127935	0.802900499182147
-0.461402156264031	-0.581215141383236	0.501100884649282
-1.08210999134435	-1.86678247168582	0.802877795435352
-0.0287637864465414	-1.32123894459166	1.87984514236979
0.272047265136345	-1.80183299275321	2.08622774776857
-0.446951246880245	-1.39096841553278	0.999581452183469
-0.529353600130023	-0.349422985419452	0.490500500719381
0.0754504066311326	-0.0983443866803375	2.34348707725046
-0.959339197189925	0.052397312150086	1.04464457647834
-0.279872146124624	-0.749194275680918	0.85162898835355
0.421684875648085	-1.25287065117944	0.667915767963505
0.12605596858304	-1.63049798198722	1.73737598718535
-0.562239602000906	-0.463374081250626	1.44594291350246
-0.0945767903009934	0.572922257709398	1.97650148506191
-0.262748746175779	0.00222752317910654	1.47765925025626
0.47316932878892	0.127901892325962	1.82514408174624
-0.993200612530875	-1.15148627801653	1.47947088649329
-0.118314255709599	1.41393940390459	0.897098121901783
0.528940475423454	1.3052180635832	1.88812499439487
0.99572528856619	0.564435737708249	2.39152251950101
1.279943496603	0.388080750096243	3.42841033076617
0.974911205078516	-0.00469049942602329	2.97785934163053
1.0057876337397	-0.451593744983347	2.52951970100329
-0.187604004036706	-1.0618932331314	1.15513236796838
0.773005881907122	-1.9654669027457	2.266330992621
-0.0403214241370006	0.494634823043108	0.495570166204108
0.542822148119429	0.529814769892753	0.753167281114923
-0.326748646126391	1.23987049057059	0.96373186869766
-1.01204891713365	-0.823971967867837	0.408666831418432
-1.28078947876894	-0.401427518779183	0.712911027602526
0.115792751833996	1.00941897826143	0.68671305244073
-0.953290032058517	-1.25558735314766	1.27340245244257
0.266030794747796	-2.37895199736317	1.58153368039061
0.880541258726528	-1.44777108901241	1.57576210308838
0.61368044213351	-0.420266425778231	2.48572543115408
0.778009983739003	0.410532775844248	2.19547257729285
-0.556697711215436	-1.20968790021494	0.936631853333867
-0.331545223573013	0.310839767703228	1.82856957772706
-0.973861073893878	-0.765461422255133	0.0848375863016895
-0.934351917173622	-0.297934921378859	0.29458287908012
0.0779028686430874	-0.499837349952725	0.337785206795857
-0.955759792458717	-1.72039379692766	0.832553391411897
-0.0569638156107548	-0.907287958963736	1.50072844408327
0.451590123334746	-1.2004529235623	1.57797762692682
0.631480842943704	0.400009049319146	1.98767911845254
0.380578437418904	-0.548474684318694	1.89829869401944
-0.712667187641562	-1.35285765375453	1.12126426150715
-0.0692312520922468	-0.56637565620282	1.35056495187518
0.884298588259275	-0.794484903295567	2.03248583062843
0.0769800176645212	-1.70331135337312	1.476996105092
-0.0388457309680579	-1.11826966729816	0.95387607029031
0.257841456202221	1.60180848778148	0.845177426657322
-0.822388921240004	1.01569097696709	0.177653014893437
-1.07995931844016	0.818316396453724	-0.35855681827884
-1.07995931844016	0.818316396453724	-0.35855681827884
-1.6122845785423	0.310461170271721	-0.267494080959184
-1.05475887988006	0.633659281553204	-0.331255926375268
-0.975953476183263	0.584949112072818	-0.960969769293642
-1.38036449554031	-0.287589863204006	0.380136204969155
-1.43808432934595	-0.151673135706778	0.297642531521626
-0.773071238597721	0.721282045315692	0.176920457458621
-1.15879252989656	0.38274145941738	-0.449998950541937
-0.526272501842601	0.767783964642799	0.798563262599345
-0.878373492622327	-0.390907071447175	0.553919182106533
-0.2916887825936	0.582928028016052	0.211640361172202
-0.953640139684894	-0.607127733671698	0.498158959370927
-1.31394186694243	-0.370613749492807	-0.229586180984626
-1.19037311472484	-0.928189979942509	0.716508446497849
-1.19037311472484	-0.928189979942509	0.716508446497849
-1.01502565899009	0.671969412211154	0.372853606107364
-1.54802710382957	-0.351479192622076	0.630389853056205
-1.265199689289	-1.33884979636937	0.574757793859117
-1.07567935481929	-0.879337798018119	0.187821467064927
-1.56519468581774	-1.98814514390756	0.317173690979133
-1.01995496735959	0.167698254532495	-1.2053355602633
-1.04087579730163	0.0230918818448647	-1.725376145421
-0.5844955122793	-0.910965405046619	-2.2558959579787
-1.82023708772137	-0.929524869661663	-2.68658759222615
-0.207918298956931	-2.11564971762238	0.384621410908054
-0.757730967504306	-4.30877053336843	-0.203347159845455
-1.65943674472808	-1.37697460251094	-1.78523296738628
-0.714720520128175	0.470237872391366	0.341665400755905
-0.757794146586919	-0.936001884928401	0.418576085589265
-1.84304195603702	-0.805751654541863	-0.402933386950179
-0.835208684211836	0.220184684423578	0.0222938134112306
0.0880677692641366	-0.297984819750877	-0.396507104999998
-0.827791213186859	-0.543737152095878	-0.0487296943604451
-1.28177321598742	-0.902835989553732	0.870653668546012
-0.642819869833582	-1.79656703104224	1.29894222622422
-0.386209413581966	-0.898309564520438	1.82133762891372
-0.946666498036797	-0.444085569244285	0.551451958201415
-0.866312883576835	-0.273704453635621	0.840401654181821
-0.906693205603471	-0.217143168742082	0.749030106394233
-0.687713612631809	-0.160046407200978	0.120608977796644
-0.938367225463443	-1.32827499242804	0.457516695624268
-1.60694690207492	-2.1178705838061	0.539955288226352
-0.931443083783327	-2.03692375357003	0.575354552449293
-1.07530601838234	-2.25439455177803	0.784059436750255
-1.46757054549716	-3.42614871476552	0.0451399607813471
-1.55073044505078	-3.48419037552285	-0.0277449958505907
-1.54907787137802	-2.6771807021468	-0.951796335009878
-1.54131194954675	-2.82471606559801	-0.910883998024637
-0.646640187014921	-2.42136114930965	0.195699214482093
-0.277827714993608	0.407327299290054	0.795711262854441
-0.157386992314918	1.05919021956258	-0.784772202849312
-1.57755579862563	-0.269172768315691	-0.7301705021302
-1.50655069276235	0.444160799338483	0.306970843270873
-1.60906347085319	-0.254192066137552	-0.963795090045299
-0.966597422397609	0.687021323911279	0.318630561512503
-1.22685378507677	-0.00577817111838563	0.346419907547231
-0.749608800987572	-0.776904535835614	0.0345138622291576
-0.970312312303541	0.405732140195954	0.546934067989873
-0.788214667883628	1.04972942521768	1.14817158625421
-1.15049422772619	0.870567482184899	0.483448345594651
-0.712416583450913	1.41110458979428	-0.0540617997136809
-1.36329587283982	0.957202776555413	-0.0443919400758318
-1.88456991636594	-0.238899912157981	-0.366768003985892
-1.55717039067136	-0.520149490546426	0.965051054759522
-0.852039160769531	-0.726148618825228	-0.674010785542784
-1.17549573334534	-1.59899938000377	-0.39336339332597
-0.32444371272177	-0.688817181420835	0.43781852204657
-1.44862879859898	-1.5461775594061	-1.5808650946031
-1.02114036319402	-1.1333105538907	-1.38590493983815
-0.132750422023881	0.806236622345685	-0.222723508758221
-1.0612906149312	0.434556708367254	-0.858224136156915
-1.24601103580029	-0.855581096419147	-0.836091760861394
-0.822318970313931	1.25931386186196	-0.411557105542585
-0.822318970313931	1.25931386186196	-0.411557105542585
-0.978632878250591	-0.412007687038886	1.16744340416827
-1.05053434486312	-0.277757031850936	1.15221648475423
-1.17698594879403	0.243764689355776	1.22485826844148
-0.784717191233033	0.351311562297149	1.63753133110495
-0.914512892309402	-1.22221577726789	0.74397226104199
-0.504809650582591	0.152290432699135	0.932981141872578
-0.0934652661158356	0.738653598928112	1.90648538323793
-0.402116576676154	0.305829135177735	1.94358049666779
-1.35359860543069	-0.213361893068131	0.987362738222095
-0.187936483598042	0.0403558014951186	1.67831806135842
-1.14695952455513	-0.867725745927921	1.26649900922364
-0.86852591306875	-0.367345424862462	1.73344225491516
-1.37124503591181	0.117499914839221	0.404649291318357
-2.03654424643337	-1.1736555322963	-0.41161040172053
-1.18999243562115	0.580575366503642	-0.160207756724428
-1.27578963371236	-0.482990999479536	-0.170648060707779
-1.22120813287791	-0.47589304246958	-0.44145787990865
-0.891162062576526	-0.81291230315807	0.669688376577386
-0.494907404781146	-0.477325374113666	1.77880808718365
-1.08646491868885	-1.48561253747772	0.732167911584791
-0.185056020087137	-0.900041490243049	0.606603424874916
-0.615951453923575	-0.0505366953122355	0.38339697197379
-1.2034684515989	1.0109459685047	-0.152820800178477
0.122023557199792	-0.0816069518971542	1.01151900550251
-0.273667036093694	-0.2020403786079	0.266381690081928
-0.273667036093694	-0.2020403786079	0.266381690081928
-1.20723511341559	-0.649886996928221	1.09026891702642
-0.737469514964539	0.334327076041721	1.51769645651273
-0.492882638306539	-0.3953475555795	1.27273756183057
0.250387282043665	0.835066224898178	1.09856184057271
-0.577954993049944	1.05550282852618	0.982476143850004
-0.549756564425428	-0.317726644438208	1.2876908183524
-1.19576044653821	-0.198906682022482	0.832606208294791
-0.690688138226251	0.995988691265758	0.0776399874827502
-1.01219227132232	0.774202567463636	0.884193259934488
-0.979395432505428	-0.169739276339818	0.0681150818965466
0.0206779100089166	1.12650145830823	0.670916983229916
-0.137522927331651	1.52881347636548	0.510249576518127
-1.42579850838655	-0.596120115273244	-0.114541471722984
-0.630401208026597	0.513142392786099	0.579385298981466
-0.630401208026597	0.513142392786099	0.579385298981466
-0.630401208026597	0.513142392786099	0.579385298981466
-1.62967801538468	-1.42120129121768	0.601996401659766
-1.48037058666993	-1.68951988982528	-0.103090652650931
-0.493447081542537	-1.0986336613975	0.36948215407937
-1.37143951396009	-0.513319957317931	0.37865960868405
1.15795877547959	1.30616408026514	2.01328860643242
0.93568051947817	-0.914187301649847	1.59407942482768
0.903785960683076	-1.48755070508465	1.80636088244962
0.720220817458284	0.8070319848164	1.15900542510741
0.614968726744077	-1.63859314977423	1.73226641119753
-0.77509155298491	-0.790665778966866	-1.04100188748931
-2.10099157529944	-0.068834700038316	-1.74954111818064
-1.13692728938168	-2.15738733846406	0.189388177782834
-0.525502342435286	-0.864720004613582	0.772830753226482
-0.143746115322441	0.471078026678313	0.826361657787573
-1.0999148339238	0.0316407315551682	0.456054746477128
-1.36984406756877	-0.345599843355344	0.435921187665636
-0.637007175798389	-0.758640474627695	0.763087919931858
-0.904910370645523	-0.200127756176797	0.0642181210715855
-1.24288131533269	0.68230874373315	-0.156614254038918
-0.9575274347379	-0.423790516860114	0.269126821449747
-0.309422933385872	1.09566204833732	-0.599171606412258
-1.42166361000069	0.374591120668149	-0.566965589151273
-0.53591258321378	0.00677821480821234	-0.118464637401037
-0.021896155206353	0.100472803540641	-0.215714922243385
1.2937690717356	0.840382992611177	1.13117847611765
-0.256575758037027	-0.1378963198819	-0.117885696858972
-0.943012631544639	-0.25374463627908	0.252667344610462
