1	1	1
-0.278551762957979	0.27912862564516	1.93960325138764
0.983485123962837	2.07224010329944	2.03317406897384
0.663170364354928	1.60579824803303	2.51455184452361
0.692885867631073	2.6517333135425	3.02756117963191
-0.0619052251793604	1.38398147947518	1.44211759229938
0.846983865535658	1.63902164904595	1.80199803441035
0.825977757490373	2.03712111231382	2.68827470652815
-0.375430873362205	2.54822053130835	2.10721558045269
-1.41418256484234	2.33385033762131	1.75771198399569
-2.02080224958455	0.606526801517875	0.981368047867465
-1.58500833181298	1.00818670095464	0.597964132509508
-1.88834110811465	0.798192876111572	0.330610139595467
-1.01364840955151	1.95403429322967	0.981253314792536
-1.44126190387109	1.74717390896742	1.17010397669652
-1.63704666425412	2.01081719163173	0.94123429985812
-1.2454107212415	2.03039272986368	0.560874540684828
0.105176473251268	2.0868369151926	0.931590643467172
-1.39140455451545	0.363758337542365	0.522371322572911
-0.933186404532936	1.47493933517781	0.421908174606259
-1.01447377273373	1.69858577243281	0.849013898411237
-0.945165732467924	1.66246812788841	1.60258637404591
-0.671836008605917	2.73900571879518	1.89087255904378
-0.704777489032586	3.00812940122886	2.57835353397459
-0.691651842143231	1.67779380970556	1.82320110841234
-0.409945487794187	0.964734603414989	1.24467002097955
-0.0107358019384538	1.37606322127128	1.64415712775679
-1.20256957630389	0.840608182987126	1.67052844347113
0.0157430013882197	1.70328817862854	0.629697414520448
-0.500360392980369	1.52963412300962	0.951905919535666
-1.33142057880796	1.23993160265867	0.600808059563802
-1.09950596014437	0.584761883601776	1.05862010278914
-0.658460062025846	1.29164579635384	0.631482992210387
-0.969119958494675	1.51550858264543	0.852943898770339
-0.225889892765556	1.09368705720945	0.526725699079821
-0.120870207576884	2.40539426550108	1.75350926778386
0.347223464351304	2.22576402756412	2.14325123476542
-0.717142257055131	1.96593721768167	2.09050047817537
-0.616602100048565	1.61801475034647	1.43964260824241
-1.00888417400593	1.13528148854875	0.518434159833188
-0.944521134885466	0.88745016237966	1.10148361297535
-0.949410512849549	0.789483467381935	1.77641931076569
-1.14488472370642	0.963462116141757	2.02059058418197
-0.451396178045187	2.16730539217659	2.16478128992277
-1.5299650401378	1.29162748000678	1.12388551342789
-1.31099362635818	0.914785103482557	1.05698132888783
-0.918241008683989	-0.880369192656431	0.919521031440532
-0.367006580435059	1.36006892328274	2.19198071870682
-0.773676572547634	0.0317595351621065	1.04309167135748
0.195440515516609	1.2055667149497	1.06711231022541
-0.801325338453699	0.653400735044962	1.01252635134521
-1.59626783736181	1.05385727762848	0.64672047250004
-1.26559660400826	0.53891809356833	-0.1598031821396
-1.29711752521981	1.36586938674829	0.887687600918261
-0.764507148714037	1.14862625933688	0.46070624437382
0.0133566544922929	2.48689519785937	1.61629950378642
-0.704179941350734	1.76424364998642	1.26806731506241
-0.61970244944165	1.96798578315008	1.32021794974311
-1.12842226353894	2.33232526349719	1.59342985162074
-1.58707314873196	0.963907174482559	1.06505019608339
-1.20189321913117	2.06908761277833	1.89086204910337
-1.53295646462335	1.72296344501445	2.04180933528706
-0.760084913907728	0.826261512880531	1.53990883273178
-0.555714947525492	1.60571214548803	1.93287243992238
-0.0601360646436008	1.08029398779076	1.79491097927252
-0.924408818054593	-0.291164897500472	1.16598519110194
-0.920091482002778	0.0537486295878855	1.13985211279382
-0.958245449788263	0.917384012613198	1.43578240000316
-0.864287287319035	1.33166865318446	1.79354346934082
-0.469519115320176	1.16675559761657	1.26566182472456
-0.679884060468295	0.844829123869667	0.961310432359957
-0.539319181091282	0.760611893154401	0.686027540480805
-0.337319073125034	1.80428655206202	1.1858530140262
-1.2544337126901	1.83245074144652	0.663421397733327
-1.5832944585821	1.58553890798186	1.24119772573465
-0.83429544658786	1.10764009205126	1.35484946625521
-1.5137237892157	0.41366513702177	0.382289211872926
-1.19478751011855	0.815961098572117	0.324497935906109
-2.32202812158646	0.746041702726688	1.23678770676912
-0.352951448726064	1.90866180809661	1.8910820380295
-1.09484993844513	1.33945933280969	2.1280673302715
-0.813933633262506	0.17167693062323	1.30562495912471
-2.96904683537169	-0.343728324105591	0.816115821309439
-2.87065667381905	0.348467004611524	1.09331868763752
-2.08127294868937	-0.197525392347833	-0.388106871602104
-1.62760542624441	0.910913857348394	0.359885464809208
-2.18792677827359	0.612678177417893	0.633388181160443
-2.30892729842472	0.553431529643214	0.102245969494568
-1.51316783825158	1.62924960201986	0.930260804427757
-0.708160143788361	1.76805855256854	1.5449763441114
-1.40431862718502	1.03109844166192	0.681079668274506
-1.11231666483578	0.578846561389057	0.451536553855028
-2.00305971902518	1.21868816041658	0.592511813940575
-1.07853242304866	1.83201140242346	1.60105138152448
-1.84235978099585	0.743933899720184	0.593354720079313
-2.53033707478991	0.445787918790466	-0.315682846636347
-2.40888492617763	0.821300855863495	0.200009528969287
-0.922036181999295	0.593605823652541	0.625396793394651
-1.52484708433727	-0.454112187839557	0.461316505475655
-0.359634483021382	-0.380474562489047	1.58151763250556
-0.651796609784885	-0.575319295292572	1.59457960700433
-1.33817046416284	0.46175674727579	1.31068642423013
-2.35267130050426	1.43779479181963	0.662511050123969
-1.49137174157012	1.29866756088281	0.701349465901267
-2.70541611355497	1.06359318511216	0.809477091302916
-3.00671880465911	0.0810367674880217	-0.182392947338002
-2.30341725346854	1.70592961657597	0.706820231277679
-3.31987438602079	0.698395820027096	0.794964240801861
-3.81694231583886	1.06654946690063	0.716867867555935
-3.23440201068592	0.340374956244261	0.144655010101547
-3.32144795989174	0.288103372122718	0.479086598119558
-1.81484595288221	0.865698035961615	1.5093952426132
-2.25640527518766	1.08653349633557	1.15159456394684
-2.3117746033173	0.961054205092674	1.52126646145237
-1.22252562572612	1.01060170015774	0.5866307890618
-1.62364930864708	1.29676256985068	0.645318784749599
-2.43430610450587	0.635288097073301	0.216965641064528
-1.70619457842251	0.547061347914313	0.205049380785526
-1.60849388776961	0.468274191603717	0.166714295653325
0.0273750126056587	0.952413401468296	1.13512681185624
0.652058617734062	2.09764764769061	1.78428153467328
-0.597688365977154	1.61528739304591	1.96955680525945
-2.10576303583664	0.90753963232343	1.26461256914716
-2.21024220645952	1.20257576657915	1.76659622652821
-1.4965348508165	1.5770314848223	1.47047990900208
-0.830656337973372	1.59924406135616	1.26503538189308
-0.172848266517035	0.886920409652663	1.09977608458191
-1.82407889156871	1.31772435956208	1.07111525607516
-1.65776095563547	0.851080395375961	0.75794550608929
-1.7055623397869	-0.0558933420980698	-0.12555848349319
-0.442966331396584	0.474953671691261	0.855857673843119
-1.81834710108514	0.662294502080568	0.397450693444136
-1.21606196973761	1.15893681871169	0.70758677953039
-1.38689852400557	0.660958698913793	0.119809611002859
-1.70243126286265	0.740248402675148	1.20712451606218
-0.587734722054882	0.565538976534943	0.670467613421709
-0.568107832950139	0.787870037977181	0.657845575623498
-0.984865462191923	0.4202339944704	0.579832576637128
-0.841667892959641	1.10251847013481	1.26149100972173
-0.434497355527587	0.865687906266841	0.918054492077411
0.0385473847148948	1.63083332824348	1.36879069177193
-0.489917978356053	0.799615761406375	0.864116616259015
-1.08796202919063	2.00913137336805	1.88086175563076
-2.68584180418648	0.88348839386765	0.718142991662891
-3.03149746114408	1.48567084382269	1.33013034673935
-3.22999003082054	1.11958690576458	0.604234198207222
-2.83278797972119	1.28989423841141	1.17433693419605
-1.6817004428068	1.45868617584647	0.946698749280162
-0.96729321013432	1.0292670908732	0.725925824407427
-1.37431956631157	0.873220905884077	1.36002074064894
-0.886995694737651	1.35564626672952	1.43834058193618
0.253383967462103	1.64621818392337	1.53374648764566
0.37401832222924	2.13192730828727	1.87076071750206
-0.0596671420531538	2.18948407064703	1.79290148918761
-0.633220332464826	1.38096682255048	0.987945497090309
-1.05531331891886	0.784856950681462	1.30721771152715
-1.7388203528557	1.21855619183202	1.70425238971773
-1.3892995926704	2.26577679341735	1.77272885120551
-2.22399730872074	2.21953417863952	1.72259182600931
-2.07279964701881	2.35858515259173	1.67975041493394
-2.65554564551137	1.61098520922882	1.11629501584157
-2.40943387248905	1.75402570036568	1.32269606448057
-2.38186710459504	1.63883463536223	1.06059197605975
-3.21499158848345	2.18613521223523	2.01185725577905
-2.079555297749	2.00254196780304	1.38854517438208
-2.32534949820863	1.72448576198245	1.35912835813789
-1.89092821854754	1.79075649055561	1.19907603776626
-1.24602199602523	0.948886962765269	1.21784217941529
-0.0841811867604692	1.33803341688591	1.82010966427238
-0.818056091812919	1.1621212586314	1.61683643018896
-1.87991127539274	0.305903704475464	0.774283983269592
-2.18432880929384	1.13375511564598	0.923853924031501
-1.68166516588956	1.47449620745529	1.42012417010012
-0.379329407305034	1.27973308047422	1.09912631089295
-0.901281888861715	1.79569503334799	1.24066313554185
-0.567529730903324	0.882299757107149	1.40952522509585
0.110348667276828	0.723528712109065	1.89584602924061
0.176584917342364	1.18346430221437	1.69147904947172
0.266752537666687	1.09122765798498	1.71539556736451
0.29418592320349	1.67692333739971	1.69212043777825
-0.0403723774331371	1.62995564834439	1.55940609531234
-0.438651339921701	1.63088296261158	1.78841513554715
0.257605421000877	2.14612589398496	2.26426682856514
-1.52589596377243	1.69503693095722	1.59853692204309
-1.56886684625241	1.56159225442102	0.680426992125152
0.0078842053673045	1.68422029487717	0.927029580249343
-1.04763636173471	1.62143686070827	0.524760763134138
-1.33344017804437	0.720059726509028	0.235235765044158
-1.02297295230524	1.62245410592361	1.16755043228056
-1.61944666096912	2.89696016315951	3.19592508206939
-2.14490633896442	1.99393809391651	1.41229047701236
-2.96447827328361	1.60447683101712	2.68520648671144
-3.01241022026396	1.91438745116381	2.01903111274392
-3.42604156223506	1.58312751424602	1.21362467447283
-2.02690110740062	2.1788369495247	2.37609421586409
-2.55564158339203	0.60626352695391	0.428445415142271
-2.48002258302868	0.271127077552408	-0.242385977451352
-1.8150050012383	0.194796687206767	-0.158045657970684
-2.27769117243346	0.982765895071381	1.22404399753167
-0.958296925254922	1.94708969402546	1.57220899718006
-0.928897001910387	1.27758242526876	1.40020240439564
-1.43354257481112	1.45684125332759	1.48388715952394
-1.48676470483663	1.42510265189035	1.08526394728232
-0.722548010685753	1.83478805062951	1.59414115656119
-1.06747237223917	1.48447993742821	1.45002628185183
-1.26793638163505	1.01352650546829	0.829355187427417
-0.429159348921611	1.63498254773415	1.23231363691594
-0.857162011980711	1.00994471012594	1.73102313634209
-1.96491720745237	0.125342970889065	1.08543801208713
-0.692889792836283	2.17181859478501	1.26748888466775
-1.11604143460799	1.12453129452647	0.763405828261523
-1.45724347344549	0.546014155825824	0.345773242659008
-0.936058227061002	0.949593573414632	1.20257346324994
-0.462163039958361	1.23156882137092	1.39968041690035
-1.58652520603276	-0.156133856666344	0.89302595866285
-0.654610081958004	0.150494693672054	1.38921300647613
-0.756131097841688	0.157490386797879	0.185940918864434
-1.34793415071821	-0.101309247767496	-0.301883552076676
-1.47617157751194	0.3395162263868	0.323681294338032
-0.959311886528293	1.09331414841864	1.43510841322835
-0.590801003011426	1.15022580069927	1.24187123843696
-1.09189177961356	0.205923204222636	0.412441561334233
-1.20500901055211	0.387641508629542	0.06660446363322
-2.10625425848461	1.27239829779244	0.418945521930156
-2.26040577792468	-0.558909383450967	-0.461740819416723
-1.70793933075199	0.869385916954593	0.373353070508231
-1.26717785829835	1.42266048418003	1.07179522404341
-1.6728353516411	0.61908526002546	0.604851511343493
-1.52905516433791	0.0297204090542031	0.0750028639549822
-0.317624508973926	1.62604567804563	1.21064627696072
-0.883979731107079	1.30997322354603	1.36990748684171
-0.598238522641181	0.864887345330832	0.873748397204891
-1.36513778358475	0.324559923102928	0.119060399380663
-1.33744110932564	-0.164311376397522	0.233264396220846
-1.52642286761351	0.60797072019938	0.0415318116246319
-2.23434270070976	-0.417369980240925	-0.194320093863154
-0.961513225261313	0.424543624160263	0.91679748113716
-1.24953305140137	-0.344556709520262	0.641972064754121
-0.762633332301023	0.233925238085137	1.06277354655205
-1.14164304563716	1.13877164403653	0.912783760524816
-1.67112113035875	0.928003228658166	0.15413434680735
-1.58038364907701	0.353966478279004	-0.113992099339525
-1.76880395891788	0.098410962321451	-0.287575636921757
-2.50761102279538	-0.622945693854599	-0.520133049557424
-1.61386943474629	0.35877264032894	0.0813031181604152
-1.06531656576865	-0.0865654830153122	0.288446525562423
-1.18940288789425	-0.709717563548031	0.496805178570772
-1.31631825406254	-0.251269440449178	0.752743873745708
-0.48555303924598	0.15178776199269	0.90311926447379
-1.24503041159234	0.194937487469365	1.17943351602468
-0.882666504011368	2.0533102767697	1.43777267221409
-1.99669323519674	1.18111677941946	1.65802010031934
-2.84286244021583	-0.169542779820719	2.31785237346164
-0.587009348478069	0.576422938993756	1.4671155652604
-1.53675226839069	-0.706922626069874	0.725185183083809
-1.37466062887481	-1.09826994027248	0.795658627008983
-1.62223768838191	-0.590631754343085	1.88462203588751
-1.63205097108285	-0.338119619481091	0.415103327231886
-0.861347291626382	0.381239548118085	0.760046986163457
-0.353609685824677	0.7870209063742	1.17520808261314
-0.353609685824677	0.7870209063742	1.17520808261314
-0.804598960191308	0.47325424012053	0.439773975992794
-1.08432030281533	0.248879022795282	0.586508610603892
-1.24339767073189	0.677118496325814	0.315847275882651
-1.48842062939057	0.687210919688958	0.897599805943317
-1.6421717517498	-0.155050552714812	-0.0876582777964641
-0.987494009557751	0.679785733940456	0.558611369233594
-1.24454227964728	0.330761517030679	0.619889058001465
-1.08119861771814	1.64249863657489	1.80118740159088
-1.48471326283369	2.53120673880361	1.97830264912377
-1.26277554035892	1.93823203108473	2.90281404113727
-0.666467338099815	1.2609784561776	2.01692565629943
-2.11898870088265	1.55406811477806	0.874191802264251
-1.60994138701094	1.51720001016634	1.61011045146369
-1.08923594268219	0.628740705869195	0.337158562530911
-0.510998452094863	0.615396454588205	0.41097513444133
-1.28821888136034	0.305548013882855	0.190460522032287
-1.20339588404748	-0.14545266118067	0.125651277159103
-1.3300789631972	-0.314630112146692	0.0717222454870848
-1.63824501696555	-0.616065777781352	0.0403387158148867
-1.30432101635236	0.647318611962875	1.10791610308222
-0.863597032419419	1.74139842342075	1.17755811518533
-1.46127261043846	1.45545675098594	1.5455194877764
-2.07663836429986	1.07924196634939	0.906909720202407
-2.61014641636423	1.52201797369738	0.584881118809668
-2.68416250469836	2.01376511374481	1.24833831142878
-1.63866158139151	2.05786183547334	2.09045892095529
-1.48923758599461	0.731529667196864	1.46934258205039
-1.30648311376967	0.937594324178589	1.23745358597647
-0.81895145861051	0.841765773120508	1.65661553568557
-1.65447639299745	0.567164471760417	0.12800952243159
-0.744674617645792	0.459685456678501	0.242714028582948
-0.958941895979625	0.388139517267691	0.971682185931134
0.442493607792456	1.87314160323933	1.13135918893756
-0.686294941897643	1.86601781180373	2.08332484152853
-0.905592055802187	2.06516827216963	1.47705284531321
-1.65826347346986	0.939956102332486	1.20495792516851
-2.55210645566415	0.845222054597335	0.54661210939945
-3.16092861942031	0.397500210762662	0.242622665267114
-2.82476261773028	0.901343161584336	0.693960555848814
-2.46718224325559	0.997410657020451	0.310787253916615
-2.03326572133395	0.0326826669455577	-0.30824308215901
-0.668188910843848	0.603723431978322	1.30513854388504
-1.04944159606928	0.699683745945944	1.69073026486033
-0.417271882636486	0.780293178071194	1.42433113340334
-1.10152580961207	0.362109206261979	0.95165080026076
-0.897053570009813	0.377033109068156	0.31005043698617
-1.07202133852245	0.0517259703278167	0.426217029184096
-1.07202133852245	0.0517259703278167	0.426217029184096
-1.07139207536616	0.0573928454855067	0.168652244522697
-1.89242586898679	-0.308881342175125	-0.101550435936156
-3.09821743899685	-0.160294566814177	-0.229044200130021
-3.11783754198653	1.66748022046624	1.08534376635508
-1.64584625897022	0.186109102490406	0.0734819212909769
-1.37911405793992	0.595025785062853	0.287412013565608
-1.99872341363945	0.886611913436603	0.197644705084127
-1.9811409558944	1.41896865963095	0.103031177233224
-2.19343624774064	-0.532053324326367	0.0129165128432452
-1.73622797560186	0.518162781679201	-0.587306418912057
-1.97481996310041	0.703025665888507	0.454736375847088
-1.87443811862311	-0.257233573883104	0.74407417237983
-1.30141643266148	0.779757572396237	1.56696274907085
-1.41103353890337	0.995879423572039	0.935594976393892
-1.40430806368146	-0.119051362300553	-0.00273375345007489
-1.56221210367036	0.358180517036485	0.368704841901383
-1.06302950326961	1.04360365953182	0.856844109765508
-1.33999035579334	0.256089937123716	0.655164922857233
-1.17298460024014	0.0919179629180556	-0.124569454091534
-0.388457189413846	0.84196618412429	1.3093166979122
-0.898374380660665	0.706592906481614	0.945645382081208
-1.58466639718579	0.122511853422167	0.579567780691047
-1.58503384896269	0.347650260162127	0.519704522266134
-1.3424826794577	0.966552444018855	0.71740211727377
-0.651327288687741	1.78601047329299	2.10555960297321
-1.52418581032047	0.786893616922492	0.829124833945354
-1.38089069973684	0.86135530857592	0.523510855149224
-2.24169484548912	1.00536751548365	0.473285244659389
-1.8046363234893	0.653732702750535	-0.243941603662766
-1.107028933068	0.992517999603214	1.13860706825038
-1.15087077402136	1.03577820771968	0.508608226503219
-1.13982910623733	1.48166290311244	0.765120529780342
-1.13182597202036	0.352653538202818	0.331409386132478
-0.882796279264123	0.908674641124963	0.852332737864551
-2.58435088985516	1.01240127401386	0.689886766011866
-1.41387803981219	0.886059278537986	0.0561297508940725
-1.61975788257295	0.744722364409764	0.469666933326857
-1.76528651435122	0.43150337370429	-0.5218538524373
-1.02431182838719	1.25730053019947	1.03010761151214
-1.07081839239199	0.66086023977988	0.447782442649687
-1.98100057403397	0.789672407555985	0.101252391843165
-2.7100474507553	0.97069089154086	0.53036298826657
-2.63091125125358	1.55656586852597	1.3700919797163
-2.84445798092383	1.15146333568239	0.411669628051153
-2.69647397966215	1.25076079286474	0.209275466567467
-3.88407896028173	0.590309753851996	0.321230029565842
-2.29353167358013	0.248652971506437	0.396133037876616
-2.82010417828373	0.230148030242725	-0.692323532804195
-2.22538217609597	0.151395524731949	0.216547761044509
-1.69730423805197	0.324019746051624	0.413176134271084
-1.48541571233204	0.375268030337263	0.234735503166233
-1.91415887821843	1.15116676212953	0.779229501691986
-1.37751018657244	0.456357982858912	0.0639644866105274
-1.53305690817075	1.66788671416038	1.57850449437917
-1.31855887954792	1.1447670257918	1.48783938334279
-2.03526414090577	1.4074800200358	0.872932655227721
-1.56197803204496	0.97861756057972	0.569825478178082
-1.23086529336616	1.32821353483093	0.772802536821146
-1.53586789906905	-0.173986848103886	-0.193585841140809
-0.375991862157851	0.872194614300928	0.81356192064661
-0.125183901348787	0.774442156338495	0.874510929673568
-0.677628874625751	0.0834952465489944	0.697488914522968
-1.30290932354699	0.32194618832274	-0.116681059727322
-1.09898759034997	0.827891517644765	1.57982546031879
-0.275245062839014	1.18061638403346	1.83910960332891
0.240140146705231	1.330109304509	1.61787772126122
-0.370140804250651	2.51406659586553	1.82403202221621
-1.85472894883178	2.70092548988435	2.60945313101892
-1.19322912921653	2.11739065473495	1.00109852122441
-1.42255954176278	1.37837477604416	0.997225604903426
-0.630051866151272	3.2711965852198	2.71102238843694
-0.0978243384987235	3.30592311148182	3.25248210230598
-0.490174569475601	4.08729709428372	3.71196846697286
0.151544508326573	3.06417969755782	3.01284883059786
-0.126855241785266	1.96504050485273	2.19198131991472
-0.958805687634951	1.62789913517678	1.65683937275473
-0.36669231448127	0.828871371718013	1.21099508634364
-0.668049633617376	0.792234835524643	0.372173666152758
-0.299939594934757	1.7158200405391	1.50763045303178
-0.805316163268997	1.0036593367358	0.32695071342948
-1.2341159627674	0.609133617120761	0.903247796584371
-2.29239468236211	1.19020929951272	1.26091269782958
-1.69102473137829	1.21033573772891	1.1259790816374
-1.32315032364901	1.05675448070798	0.658560056731928
-1.16753431689442	0.998487335719203	1.25972681202905
-0.720218737882017	1.32921851623703	1.78921769058996
-0.47325974324964	1.17734750208365	0.896409373982592
-0.234772872560744	1.43594673876859	1.31677632056873
-0.011417941147828	1.08523232703145	1.91746596552649
-0.857186317608482	-0.74610668596982	0.930450630898585
-0.620846279750437	0.136851912372536	0.563717954783105
-0.305869425778304	0.883168978243345	1.038777543843
-1.14269365729017	0.705883175802093	0.785282140226247
-0.986390123375977	1.40081473871231	1.30676555614204
-0.988218362284382	1.81611396968225	2.02754456395704
-0.437694984029065	0.540924393954588	1.33507965225845
-0.574315771990872	0.968147718949222	0.564051086521645
-0.325220911577546	1.08466809114626	0.812519268393349
0.0777188998637565	1.9107402627567	1.67678784256355
-1.21822243412358	2.86274033609812	2.81318468450552
-0.679233299177403	1.94962067586513	1.95252432566482
-0.707239864308007	1.47620521089857	2.01774591878156
-0.768677954178342	2.37641774101036	2.25664843074101
-0.356206619119729	2.61505205086411	2.22780230338981
0.331864994862108	2.98382636745186	2.96800066887673
1.19441269008841	3.07252991856627	2.54394178010626
-0.418919023402149	0.726388375008511	0.936303639706904
-1.12327531378044	0.710073161290101	0.141081356296171
-1.50233032172497	0.850159035495579	0.929997972131512
-0.215551041351795	2.59812435740918	2.05501963535207
-0.486954643358651	2.34898669100062	2.35897891884765
-0.630081520606194	1.47992358689169	1.60335309178747
-0.590013947461232	1.31336776880193	0.726027182384161
0.123832488599025	1.9780458376481	1.65033600133323
-2.08688370765787	2.31880445416811	2.21194297163759
-1.1175268192618	2.99335787359024	2.69617335268133
-1.04897757146505	0.852955893028181	1.23170952163145
0.102907137128501	2.3985910412614	2.21531466254715
-0.72182466194251	2.08919653389787	2.66294227950861
0.230987368225808	2.59664851393169	2.27162504436082
-0.939412275517859	2.20339875386792	1.78011994675228
-0.390505331913689	1.99390193988738	2.49784092613372
0.195285493943863	1.88644208821196	2.28112931330712
0.235976084320118	2.29228472195903	2.02744262316463
-0.417266755162605	2.10282553898448	1.9948522726418
-1.06310639925861	1.68903764098368	1.1410260697839
-1.19451155526502	1.67159493496456	1.75728862044264
-0.831437814706171	1.94858852904081	1.88298197607808
-1.28168734175568	2.38397926490604	2.63382408917741
-0.790690363524359	1.73687814161662	1.73885779141205
0.738513808673797	1.258650605311	2.07417152931378
0.567928747534699	0.927880196126356	1.98472868353283
0.244786022531881	0.808850149113058	1.84448314250084
-0.36867295690144	0.626887641092204	1.18374626197041
-1.03291671682045	1.0058722049602	1.62580628382538
-0.427974793542354	1.07866804623234	2.0065587264842
0.141570266618337	1.06449134129426	1.85881385296361
-0.444894983474498	0.624092592429025	1.61990828056198
0.274057567252712	0.311480732214928	1.91878634961857
0.782119398499924	1.91332441633095	2.0917911237021
0.541155944433625	1.75647277956497	2.25924912888429
-0.359351794046002	1.72893865486078	2.71664047422165
-0.0473512538803789	1.06696710632006	1.73035943164981
-0.643147849981614	0.519349919165706	1.98772860993854
0.843984225391792	1.39724201033764	2.27936319744137
0.441218949369011	1.813506707845	2.26040656099687
0.459694335010824	2.92147566523873	2.15539502158015
0.4183889126027	2.46770280517089	2.0401847872303
-0.694768502731387	2.42750185401861	1.96245009837824
-1.88958631221133	2.02301139976917	2.33411736356157
-0.767864725747426	2.40006245171813	1.91459828553756
-0.0375349894096928	1.58880230114175	1.64027045602761
-0.73535142278386	2.23054195811217	1.7210753837509
-0.236741349719522	2.07513594588005	1.62356904946704
0.077140177847218	1.72126129089986	2.13222283567549
-0.584858267533211	1.69936570526787	0.924408024817821
-1.58942465033537	1.1754284828388	0.939038543007088
-1.34037940069166	1.6453487823729	1.3997444885802
-1.61552334387748	0.672233795097737	0.978872380255174
-1.90413229510663	1.85923801074797	1.70844819941703
-0.868566161434362	2.16239058712551	1.72734375863325
-2.5189213347098	2.31958855791292	1.99682626391969
-2.4859113361177	1.55198445543234	1.92421893027242
-0.80518903976921	0.566803132554552	0.0550210537166258
-0.549246398125959	0.957887909835608	0.116143192040673
-1.59814463242296	1.40454172439542	0.922522539217871
-3.21121375477683	1.90306352563725	1.71435589272332
-2.78422516408394	3.00110099412591	2.61055131635747
-2.69127525602917	1.74908918151884	1.67047188553663
0.0428916647438291	2.8225483193023	2.63657244269709
-1.67155206963031	2.01365544486423	2.40680434853301
-2.30463854226162	1.89594017850941	2.09744005619917
-0.800045902507375	1.77454459445963	1.54830221681171
-0.809725590680054	2.28533794898333	1.91593520550246
-1.09312578657299	2.32393563481889	1.88558801158689
-1.20423513842159	2.43157973703908	2.14420028738656
-1.54670652485281	1.64430226393716	1.97487126373276
-1.65468159952963	1.88057800502097	1.18659092740631
-1.10263272085363	2.22101268918816	1.63715860566644
-1.10263272085363	2.22101268918816	1.63715860566644
-0.308214393671502	1.61340040625054	0.803364518703892
-0.518952924372359	1.28677558108597	1.22203834688233
-0.518952924372359	1.28677558108597	1.22203834688233
0.0803260234780044	2.11557822800021	2.42096520275266
-0.42087268822801	2.43922777990547	2.65672986811317
-0.748840792991972	1.66690300457916	0.975733235192604
-1.96920018701371	1.18519369141218	0.64332247748894
-2.17094616728582	1.35014765196604	1.00042794025785
-1.5812577092045	2.03604526061317	1.98204448902499
-1.34544960931755	2.23047511558636	1.49803187263434
-0.0316000645275679	1.93360190093969	1.30836607593848
-0.57478418955302	1.44153450029219	1.65779839561302
-0.670593981521533	1.26374901703097	0.89438342499598
-0.128830809798799	1.65476790601372	1.26786571015325
-0.429049673247213	1.86794996819668	2.56842492467346
-0.151336875833876	1.83139324512397	2.9095503381809
-1.02766063429219	1.64099449409651	2.13220428025166
-0.0417598026622325	1.28542357439004	1.99868720860389
0.00818868323127055	1.15343792712689	1.69292940094209
-0.561652840676919	0.40255396695602	0.968600562304268
-0.876909937596333	1.19954024042922	1.30155143937579
-1.03842010209263	1.38519046498589	0.913726995565707
-1.56151769236748	0.943030119968813	1.36659888244217
-1.47566507299033	1.60000741602458	1.73150256007867
-0.935248831377781	1.36393372417348	0.679348644174186
-1.05384375558921	1.78777360146083	1.39062867971043
-0.0469514634315059	1.42809170545832	1.25710759211337
-0.272044649733235	1.3360990673074	1.09572336708118
-1.07994745095136	1.623732471992	1.71646694816923
-1.085404774009	1.90846281477881	1.63272016732345
-0.330798432686298	1.91963967636055	1.33284510401719
-0.0742002628911038	1.7237374715627	1.58417944281235
-0.69559332871279	0.896826413593724	1.2222874861484
-0.46767697943638	1.36943065719901	1.45446518790386
-0.40370353306053	1.38097558343768	1.28129915392153
-1.09986417325713	1.49200507876025	1.01587593406315
-0.81480535830227	1.44890871280693	0.72737246684749
-1.27354096366876	1.12733099024467	1.3390568021459
-0.826758666964389	2.0016696776648	1.54156572116739
-0.527539280597674	1.23207368326451	1.54292055971376
-1.32705066084994	1.89667238475851	1.22615762461664
-0.953293291682544	0.550812949610573	0.177154165731509
-2.17750040069613	1.41368388243259	0.812130456001163
-1.41725599047507	0.652309810360935	0.193452474809567
-0.407017739601125	2.11119761866619	1.97526108929056
0.602301813890627	1.88130908178732	2.2601901564602
0.458982309273912	1.52719260673724	2.45334374816445
0.481452323776242	1.65181002335747	2.32016480420972
-0.323508456872552	2.47754708967254	2.43506491261241
0.283533234643317	1.92602143255094	1.96333822232049
-0.198695225585071	1.0737351495827	1.56664523365297
0.0677623871711927	0.957887855185609	2.07739745260196
-0.25146967567255	1.32660694249353	1.53678910947107
-0.271120700051703	1.35529390659452	1.72955379096723
-0.880335754238968	0.097903798569565	0.646587876654317
-0.880335754238968	0.097903798569565	0.646587876654317
-0.857531375282485	0.522934102239761	0.881713194806541
-1.55440649114789	1.03439320241627	0.479200050008345
-1.33403391214379	1.81274872413796	1.39671955128302
-0.749202877272988	2.52674006656192	1.9038643144696
-1.75685017592571	1.9021743092172	2.42482437250177
-1.88691115549214	2.69299317273456	2.77319925259715
-2.89918380839729	2.46970942790577	2.34652205116574
-2.70953621380788	2.43896350948851	1.99677832490118
-2.894239315149	2.53961171346293	2.33576662777195
-2.62856807232489	2.60656736278983	2.03966304299145
-2.60338108286964	2.9910506902135	2.29824228991225
-2.49124463994774	4.25060034107824	3.2771265352316
-2.40638574328052	4.75501412347543	3.76151089860713
-3.2306816306849	4.13665141543873	4.34768068426265
-3.42859514128093	2.51417543754198	2.16881443307166
-3.25835338988981	2.6948627400879	2.39352579182547
-2.65073051708802	1.8662752029359	1.67326302916696
-0.262586261395127	2.39184937496055	2.30794673392351
0.612745777033705	2.47817633151155	1.83535167276723
-0.0758254882288242	3.30356627795329	2.55224931858292
-1.19411058058556	3.11042302144065	2.52731186077995
-2.90298011781284	1.72911738847495	2.16410439960857
-1.78620218497623	1.54423842156913	1.73336744789957
-0.912388901505522	2.21622792357703	1.6277177552224
0.176261112789844	2.83565153961679	2.24996888748367
0.470756645191984	2.42883464083656	1.93638323302839
0.244267955726085	0.998883384904873	1.27820678938087
0.0565727195126103	0.621894846242242	1.37455923988698
0.624694105761289	1.38292894036389	2.14564660891936
-0.172545423351534	1.36744347977178	1.70930875701655
-1.15755646493394	2.48581491306307	3.10496602223157
0.343816816897999	3.93140617202583	3.58525623656766
-1.78093697645905	2.58459326621798	2.38237516536183
-1.01563611260132	2.36986255334528	1.90952724216048
-0.853493742891162	2.4186242465681	1.91394671158799
-0.0805948526596635	3.26700726801038	3.17711907650138
-2.51589964394826	1.93008716839577	1.71493301675956
-2.87074572134639	1.32331308362527	0.997685683724006
-1.75032789321264	1.67120742947666	1.0395236821563
-0.530486845148574	3.70083575151924	3.01125681690871
-1.54923970660276	2.50322102360901	2.32406961401087
-2.07648431999799	2.34585160586489	1.88157231017936
-0.602334189930258	1.01987102816368	0.721038998791947
-0.671681003900686	1.0265021096758	0.628459347302646
-2.07281473649991	0.334426361362739	0.166185410421935
-0.596651104287787	1.31014781334927	1.43060642868067
-2.28585883390597	1.44148281040055	0.981063947115168
-1.46063440661438	1.41072993281083	0.561863225870272
-0.924894480687622	2.89965108265214	1.25734669491366
0.124755944426371	0.936002056970199	0.923776085163012
-1.12459204625293	0.510657232969631	1.08262821491528
-0.300418503147355	0.702767872322384	0.916900628002724
-1.30763945952411	0.706968015409775	0.833487371477442
-1.35875563015685	0.304906427021853	0.726590497568153
-0.568096751096588	1.02667536343642	0.667302010925417
-0.304915028647285	1.18374458548694	1.38881599204988
-0.304915028647285	1.18374458548694	1.38881599204988
-0.599964268705855	0.411641684580782	0.66019858935637
0.142111377862782	0.35694832658154	1.81011396213662
0.766671856331454	1.6920237093157	2.40062062196486
0.823575082875567	1.44693952747415	2.45750141268455
0.666576488001772	1.69255939682695	2.10788482874588
-0.0191068942570856	1.26263797496175	1.26777413877182
-0.543049875813863	1.4812451014702	1.4408460301481
0.486200866300036	2.16281210692117	1.57701232174517
-0.391178417224198	0.432744663714886	1.3356115496916
-0.975613122978914	1.19200246994778	1.80428999358545
-1.28466330201753	0.493917691021493	0.287719743709684
-2.40234403370843	0.788302570298154	0.961473369014327
-1.07379824998658	1.04987933637875	1.45012001808732
-0.634118327551082	1.97822712768628	2.07223537974602
-0.274121260939511	1.40206668619314	2.06425146695212
-1.91895945466515	1.85569662200234	1.34253365973995
-2.02365437224022	1.39210914869119	0.951223942208175
-2.03656657549623	2.70848235714662	2.09045931233099
-2.46153279783942	1.66928377490238	1.64482712544069
-2.64253486861134	1.75743721027854	1.68327370281333
-2.56112819846694	1.30863834842984	0.529489532811084
-2.39209573489402	1.20560405532048	0.942259805602324
-2.62904067000609	1.93185694640094	2.02474487732657
-2.34387722354621	1.78631314553548	1.38529790532816
-2.25424648402566	2.0405737540157	1.34462569441182
-2.24463832290623	1.93671107736546	1.12840607154002
-1.82025832103442	2.03112705100701	1.35181900834494
-1.83995900725232	2.14186658287022	1.13126712070612
-1.98419630859781	1.90159983548179	1.52995901505111
-1.72854293274224	2.32738621139947	1.07351712029736
-2.41285838263505	1.19595188399628	-0.0281638554419713
-1.19349775924569	0.855114852506391	-0.0710714467824015
-1.35336939922485	2.01522053325628	1.9716249646292
-1.3229165944208	1.90028295829716	1.52672928530759
-1.1773705639022	2.83536281161545	2.3747366519926
-0.880354535608326	1.88794937688382	1.08876130416333
-1.22834874604918	0.664130683305563	0.397101513418618
-0.469847266816086	2.34891862450472	1.46765430489871
-0.614725799088388	2.82409529627504	2.61969433978512
-0.00592812491384154	2.925712704646	2.51994708477683
-1.16851039648986	1.46441243410624	1.05870791081143
-0.641364793580801	0.614316453574771	0.32370430520275
-0.723221836966918	1.42825720486581	0.911979333005021
0.400488768724987	1.32676347129468	1.95455729609379
0.425148072061043	1.43001763623854	1.43341633676818
0.0628885141635456	1.46528439139829	1.50133269470866
-0.271664558526097	1.59074167781137	1.73688992255835
-1.43748344189039	0.223904298215064	0.181500601075102
-0.972164779772807	0.284153994205832	0.430618596578543
0.0180329953806418	1.4927632039611	1.56830538719614
0.291473987899803	2.14582359203599	2.00094204482454
0.411288712316646	1.47966304188714	1.90575877627786
-0.292955668083442	1.70025228461388	2.598425811043
-0.860332810429128	-0.711566164431321	1.19349076819614
-0.205498705531103	1.87760082404808	2.50928572387335
-1.28760818088577	1.52437576084546	2.08371425203517
-0.430121900151177	2.43074131521058	2.57657152543431
-0.960977153971344	1.12505310002763	1.48269614962718
-0.289711100028142	1.1049031155391	0.769090074480962
-0.0736596746820266	1.26566353212439	1.13052496806442
-0.0684620678203854	1.23710466173413	0.639961012786427
-1.34048861424647	0.351155175268904	0.518613406838448
-0.825475259019282	0.0656525580548213	0.386773488590301
-0.362450216508279	1.20033691688724	1.18667161537882
-0.889824149772504	1.02351325770217	1.0867312354906
-0.159884807068741	2.15302290018907	2.14270362554449
-2.01825771129189	0.617763496398266	2.09962960134324
-1.75357949549803	1.08570579432526	0.98590972451783
0.4588320988326	1.63151544873048	1.6870698619822
0.266620689814848	1.57666048089762	1.40290826686208
0.178189543070944	1.79524662982443	1.33069840696239
-1.36972366637024	0.546677762753047	1.2411818308805
-1.04723993964282	1.048053765559	0.671069717756971
-1.8315594738913	1.35355468046034	0.600163102485402
-1.10687636570411	0.975054311090025	0.778395815860514
-1.17667454790216	1.06460950900598	0.478878754763689
-1.80680935187829	0.771460859850861	0.564279191874659
-2.0761574275021	0.875725928229241	0.755577383558412
-1.68794527047343	1.29536683231985	1.19494697895384
-1.66139662517396	1.72185506183256	1.31572209680745
-2.01337283437223	2.45751731196961	1.32887869405441
-1.73673201793312	0.550558883321824	0.460775835312097
-1.95790526952418	0.670127188977769	0.146810445141493
-0.491897955983958	1.81868381951931	0.374797205507821
-0.785871526891604	2.05361649443077	1.78168755206357
-0.565807737576202	1.45080935146406	1.46693794238176
-0.592297899801303	2.08409459001173	1.76591225562488
0.368597704516022	2.2991455075708	1.40484741804539
-0.732486690189399	1.00442829432384	1.0067668537684
-2.16753104751093	1.03942230467065	0.131170706936643
-3.13528377071515	0.56056162329078	-0.155696988709366
-2.50276721430212	1.13521802589992	-0.144357056598766
-2.21285002815113	1.29305097831534	0.39733589831759
-2.34350524784573	0.202852084322824	-0.26287161910556
-1.92650538468368	1.19812310714411	0.75080999142894
-1.53565533271092	0.90553981958525	0.383566757709813
-1.68116695073435	1.78952060312247	0.73447742797453
-1.60697978451648	0.234014412351419	0.948605403435031
-1.28835472324708	0.821219326793564	0.868379562593928
-1.21990929693189	0.7316254191955	1.12080748359345
-1.43036598154607	0.944773076971276	1.00014872471679
-0.791093875768371	2.93801773941462	2.24028715353232
-2.45838182665295	1.36700443674789	1.76830077555605
-1.45256450238585	1.28361681198741	0.839287786120715
-0.614743464977782	1.40045274426782	1.72034836738378
-0.417749663849652	1.06999891789306	1.06202962592186
-0.55098363226841	0.18293339516438	1.23494415817067
-0.861148416931169	1.473131168698	0.677157883462326
-1.42569710522945	1.2900305316252	0.767475584551282
-1.38374146644617	2.13862570802533	1.49345891161393
-2.24620112791147	1.22600300292604	1.04709949316818
-1.87957356260821	1.31129679897061	1.01362988760728
-0.424808369157559	1.18156214228005	1.08787035686133
-0.44065775014401	1.63516002674441	1.90025797282097
-0.593822344585626	0.943735590997437	1.42705458691237
-0.458470404393151	0.484659077295783	1.62425397760962
-0.229577406385987	1.34335597997042	1.0651092816592
-0.686575294059151	2.19523687273949	1.5931536497422
-2.21326278979222	1.63130726750748	0.982168292831964
-1.61150103647149	2.79890002554653	1.53203386811788
-1.67157113873765	1.9396448837898	2.26198303949807
-0.669659196863015	1.8975378885059	1.37631221894237
-0.865697534573522	1.87530572400626	2.73345368379926
-2.71132172928553	0.497684164597667	0.850437175247762
-2.42305173733853	-0.11378230380974	0.0580126050106734
-0.944049441915927	1.00667394480055	1.33913946039837
-1.58349472750418	0.867048452468947	1.71040785942018
-1.17470187106302	1.92325931027786	1.87940164957758
-0.763271523217258	1.47540189526869	1.83532442272391
-1.50948872576332	2.56366556003984	1.43830822416356
-1.61011986020788	1.24037495626522	1.29740266507015
-0.669353329686647	2.37486694021475	1.81053433427967
-2.38344415398637	1.66603662721484	0.455710123308908
-3.68783613646716	1.24843498085886	-0.186371445569972
-2.16072846921221	1.28436500898399	0.670798708301853
-1.57909556887202	1.88654872378013	1.12617582076435
-1.52050361116402	1.56429616435808	1.73441883532504
-1.34275194709833	2.19073009524777	2.38606588530575
-2.10066568618243	1.9767670363038	1.51777868513375
-1.67575906395136	2.17586869000139	2.32909659158093
-0.90507905345512	2.74731677481449	1.73956012732664
-0.651630382095961	2.22551699257463	1.86483789758129
-0.698813468480257	1.39628888021529	1.28040700273629
-0.48451941821814	0.624163236362391	0.660735258977432
-0.944634561839731	0.467970257230438	0.455559116040968
-0.643953763679838	0.500128828508547	0.827476567896016
-0.521041569757169	1.06757222200138	0.596935232615374
-0.823021153116129	1.60415317504402	0.658119750776857
-1.26233904084026	1.21969941878626	0.377190510776108
-1.54796375975595	1.02864938073757	0.64746935371264
-1.96341944374129	0.979940366182314	0.53195713759016
-1.45410803836937	0.580852667931957	0.355867003758036
-0.803065639335381	0.492426619605765	1.05553931290333
-1.631836131118	0.604892547392474	0.809786806640928
-0.842569380813751	0.763867196488092	0.492384900110762
-0.993852927178868	1.45607492165615	1.19736765692356
-0.975675444952578	1.25038712396068	1.33687904404392
-0.825954935838857	1.10888709734116	1.38288394612467
-1.69525145624631	0.636597675496011	0.0921097119344161
-0.341678516507095	1.77604151581997	1.42001670016394
-0.672392676693329	1.5341672416924	0.89105898157311
-0.800947427315725	1.47176008311496	1.13462082349504
-1.18470706053772	0.375376864795361	0.238740426509653
-0.776914714709717	1.42356522904875	0.729563009680647
-0.838078911137989	1.92311842731734	1.3495325892733
-1.1918764789315	0.744587318216608	0.866836770910515
-0.964516296059105	1.4466420484127	0.869105929593156
-0.906147206326852	0.72146017671113	0.442920605229994
-0.906147206326852	0.72146017671113	0.442920605229994
-1.16940539154484	1.52174357339811	1.09824533648713
-0.799755426383653	1.9281396671478	1.80410436856521
-0.792631720745043	-0.0525371257920663	0.80516422125574
-0.775293807775766	0.379982910183955	0.182869795822012
-0.52084747693806	1.50250853896188	1.0680241015308
-0.682969234302566	1.84453950598408	1.08070136556752
-0.205910063888398	1.33402962249398	1.59409479962785
-0.984214560468019	0.867456184761165	0.939549171610247
-0.50712761454741	0.813361428528231	0.912678705328689
-0.930505758839212	0.858062290294855	1.27061141330112
-1.50926815956981	2.0654463211662	0.981345012301746
-1.59644681718609	2.17410466981478	1.16699514377522
-1.29582385936262	2.14996247330679	1.2878737349322
-0.737612545431505	1.94068135808693	1.497006967771
-1.39290491466089	1.50645892503003	1.45866645655922
-0.929062681216229	0.0152450993171168	0.267537697067423
-0.520796356022897	0.573451574647174	0.815230913099058
-0.520796356022897	0.573451574647174	0.815230913099058
-0.598880386989677	-0.0100467140943032	0.815456368998229
-0.598880386989677	-0.0100467140943032	0.815456368998229
-0.561746756552576	-0.274071365469916	1.13854840293683
-0.892194241166465	-0.178353762839053	0.906507288988773
-1.10360074753937	1.33880855227289	1.80434536117662
-0.905023333508533	1.34043920268549	1.09803819620725
-1.12690869064975	0.937970139257953	1.81514743924032
-1.45534281492509	1.71753356569306	1.36986545174804
-0.444987053784534	1.63482653979895	1.49675182540527
-0.549532503104742	0.934421132367083	0.833063500176639
-1.36583770658031	0.541015169199942	1.41387754048975
-1.12365547554241	0.464633457195115	1.10367043494153
-1.38395758537645	0.904401770301049	0.528231871100947
-1.85496279399173	0.379713218997225	-0.178051769689972
-0.668824217199956	0.937003178355061	0.932133374000199
-0.625769899818032	1.28548906890504	1.14444225312923
-1.41959972759138	0.469591451584397	0.189328812658417
-0.719314362467541	0.883011653775587	0.347510061988959
-1.1952416701514	0.512458048757692	0.173607088011094
-1.1952416701514	0.512458048757692	0.173607088011094
-0.441207002067027	0.656940883019509	0.749666115640508
-0.957296066748876	0.98631593683191	1.24899934057652
-0.939953810364054	0.610392923905257	0.63840206574684
-1.58149875562228	0.10010514927775	-0.765495388297248
-1.73030564752988	0.737005758142017	0.452139534767301
-0.620894793829745	0.910886991108085	1.21176665222501
-1.00341112024637	2.03102878720618	1.93507043164341
-0.933772515607847	1.21396190339706	1.09809120114516
-1.17455870196034	0.682054651095242	0.457249446189721
-1.17455870196034	0.682054651095242	0.457249446189721
-1.13217316926269	0.367297158691308	0.363849803812948
-0.669601963555489	-0.0218319599363926	0.907996296564083
-0.624811345430528	0.279783593957061	1.36319798327193
0.159189959660578	1.40259940210001	1.63648481407918
-0.315752676314506	0.731752191188474	1.40525669622038
-0.549260174555252	1.24149556350094	1.62031925483404
-1.11232152645263	0.858163426009195	0.531494975287675
-2.18598654720209	0.399141988236689	0.415567984687443
-2.43636355143967	1.08531077802996	1.0482420778617
-3.4218126327543	1.33753384000311	0.889980247560937
-1.91196773373976	3.14267362429119	2.65347374830629
-2.2026122177625	2.85628786165631	2.0940158682927
-3.4930997202934	2.3844845154795	2.47339577861553
-2.14426072041791	2.02234483146388	1.41053637038576
-3.22297428687007	2.78359011143894	2.45325507174148
-2.22216806375821	2.27747767087819	1.69660252934896
-1.31821564654113	3.38852969527942	3.24021840086718
-1.39206126600703	2.67016816897687	2.15922450852064
-2.58549054639037	2.62877434606364	2.87724812375337
-2.39365109646062	2.06642493483236	1.68151747390258
-2.50826788117008	1.28588805954924	1.25045587102116
-2.81612599317845	1.16268017038053	1.27458700865896
-1.36320199428027	2.45784547743944	1.90441742238299
-1.59792469204576	2.52877501078601	2.05328617009068
-1.98752277861504	3.00718385719832	2.37730490875498
-2.08306083985817	2.45422775978616	1.77857756481667
-2.60326136433429	1.99664213232232	1.20063252466935
-1.89030026381463	2.78958762318844	2.05978062928947
-0.866018610131743	1.63432498391119	0.890849784011721
-2.93853106602356	-0.00517620604948749	0.644231935806428
-0.997789919584149	0.930144061840243	1.11767777329967
-1.03669623243118	1.62657303147625	1.5460559335896
-1.05916565126848	1.02753285956561	0.550226547525284
-1.23934927724721	1.33564543460291	1.00355154108246
-1.93160754104915	1.56821735297088	1.21439179828367
-1.85474379190389	2.0077171815647	1.58596134675809
-0.236994848295239	1.36571514100455	1.27735878663774
-1.44078296408862	1.49833620737119	1.1941762597912
-2.18677823110309	1.0980870750857	1.31138611953857
-2.46758204379078	1.37626255829336	0.843614758755745
-2.03184591537112	1.58283946930344	1.39911388712822
-0.311957322224393	2.01356830031577	0.959203669501832
-2.40812549355543	1.46210880343432	1.38287755093424
-1.86712965708603	0.594591324035565	0.537584543095332
-1.89769654976257	0.0767961099516544	0.927779854612442
-1.98658768674335	1.46588488124606	1.82575887064521
-1.13231501112118	1.22683039077823	0.836804578434506
-0.785959463461852	0.995030623025694	1.55592239174025
-0.472326794429648	0.801606937463309	0.741263821213498
-0.27080048546296	0.753131293676598	0.873464167103137
-0.144765243122144	0.490362665224478	1.11731813359646
-0.912748122475863	0.705044387315846	0.967329791001125
-2.12260310210813	-0.466827411780063	-0.179157123752905
-0.880103734789263	0.82342055327058	0.912886365816498
-1.59002454277049	0.0216443693436067	0.623776889610431
-0.756461749814151	1.21398835167305	1.67369289430643
-0.924691379753749	0.0510934394281958	0.788241860979051
-0.65833317191853	0.189198587974974	0.768124140851439
-0.523194815421473	1.33574183045858	1.25580968309427
-1.24098390183877	1.40055476876996	1.29295558667066
-0.626973851314051	2.08815597090199	1.85364340067041
-0.834335771214233	0.683814738095692	0.59699351736458
-1.20047429405603	1.25530887601215	0.814238405851417
-1.75043071045803	1.35460710088652	0.411617876478163
-1.58716668765743	0.783693524603801	0.734549008609732
-1.15669122750123	0.826288105682558	0.669262656914879
-1.64780752062185	1.60277279769176	1.53540311800822
-0.0991736768182725	1.48424234827859	0.923099601424026
-0.0245965681105856	1.60786955611088	1.23775343075834
-1.44704414262246	0.080235390967163	0.237548524364567
-0.645380578388858	1.06827919036845	0.401563096947565
-1.33742262897872	0.789985419341294	0.847523377309444
-0.755113182510843	2.05806503695042	2.23554098029044
-0.0455708620642311	2.80209271217379	2.20392845379835
-0.706114970032741	2.1815117092679	1.69318529809673
-1.4153685787217	2.23118627864894	2.17026303505871
-3.60296829017407	0.782868648830699	0.864986192804381
-3.04322241658274	0.821559791804273	0.460541748904267
-1.72519502812476	2.59544087000092	1.83101889898259
-0.750824826264861	3.15216293944681	2.55166738989699
-2.2673266036295	2.41919331180229	2.1360492479098
-2.40286889222678	2.41759827635504	2.12105596539286
-1.44616365117492	2.57672474628329	1.59895750687265
-2.38345101440377	1.84400811007287	1.50268191574679
-2.28185978918917	0.799080928603918	0.326968045811026
-0.792193900633064	2.02007322595628	1.95806864085712
-1.05049009834321	0.938167072203345	0.954814382478721
-1.10935987124698	1.60776438146904	1.86330372067452
0.212418242807194	1.34971431951967	1.27693116489008
-0.692266534383662	1.432855461026	1.50137531782596
-0.692266534383662	1.432855461026	1.50137531782596
-1.03950887749537	1.76306731288609	1.86390805593541
-1.30651116468288	0.850452343763448	1.23349257722442
-1.49074492143294	2.08177770178043	1.96762850279192
-0.968328403681403	2.73134839741528	2.65850568358573
-0.622739477114462	0.787122021498179	0.936503699985371
-1.48433771603032	0.531514954029673	1.14248540202749
-1.44916673751282	0.57867814306686	0.885337942027446
-0.451688321769174	2.86808801504984	2.56821646228468
-0.632836918026535	2.8388916872119	2.24131143137033
0.140584921334409	2.45528622058222	2.27729752119795
0.546992927398041	2.46279594119221	2.51836197363708
-0.554272000924888	2.54200471327782	1.88413768906966
-0.623680519734166	1.9244158627731	1.51051429120118
-0.640512535102255	1.50308473156249	1.56167142623241
-0.151976855640248	1.073539412037	0.869030934878802
-1.19003033196513	0.442473756378927	0.19300830373301
-2.11907407961007	0.698630331357454	0.651739350152564
-1.96607015306096	0.170127362601518	0.837287254116126
-1.3492458927874	2.00944744894438	1.73070534305242
-0.943019131984952	1.12662997319653	1.05247100146273
-1.46709666128836	0.171274882257967	0.10592412109969
-1.19999044067474	1.45833377619671	0.485706012269167
-0.925118978616579	1.25087852202791	1.29626556872881
-1.7245724348048	0.525578867457071	0.57558198633097
-0.761523840344918	1.22808015232316	0.591422796247741
-0.3459026021538	1.26093084348258	0.68351273430675
-0.539819750742042	1.46035592538457	0.955074774777474
-0.406138243853269	2.15629507629621	1.7133689572172
-0.352480269153726	1.95378118543003	1.51528023863445
-0.904410802222898	1.30526406201106	0.79309953785621
-1.53544929878553	1.47245322282123	1.13692298061211
-2.09132743356161	1.46866797168027	1.0085836593876
-1.87713126888886	0.477816831807489	0.490550384152104
-1.57761000488603	1.01360506869825	0.549913594418667
-0.43777953861033	2.41863208502666	1.56984281919941
-0.436080023728219	1.26894048955359	1.60686548832265
-1.21124026794721	0.573866326316406	1.58415361817955
-0.403085079250486	0.882862497225185	0.357816662360396
-1.16316568677507	-0.0188396571404276	0.0456834760155047
-0.909270188921579	0.44069372922875	0.598008185332075
-1.13951047696213	0.242354793057794	1.12294809817041
-1.06172126434336	0.468879746289457	0.265777995511329
-1.034746455938	1.13617693671065	0.0445837516099645
-2.34265619080425	-0.685836000871876	-1.22497632711647
-2.1380574675197	0.367210890404677	-0.411801890700812
-1.71010288230534	1.3760058705401	0.346343236719605
-1.18459043269932	0.19597543886374	0.077049994835639
-1.88272111603709	0.20304436648754	1.03118938975834
-2.40546097903175	0.739402357641302	1.41617024760997
-2.57302507400012	1.00707728650372	0.562916474437319
-1.80082421527965	1.53704300440216	1.63905149004758
-2.88698383358625	1.11196003769842	0.678313106921352
-3.48431531935068	0.689908347736447	1.53515914413233
-2.46071594762189	2.45014554422922	1.69602685650056
-2.82352030643198	2.16195601851142	2.17310039104181
-1.50243874161696	1.68729703312374	1.36473436711807
-3.15783933487421	0.51732945805657	1.27302964703646
-2.7837462573303	2.11131525468108	1.86070286974187
-3.1477465600536	1.67536338236254	1.80241000385659
-2.11131690512417	1.39485172780239	0.929741476827114
-1.24226926795219	0.977744900702162	0.89416139893965
-0.758159891306379	1.52528159625854	1.18039070076628
-1.06141387230451	0.542224046204894	0.583841599373445
-0.406460717531571	1.45775960392713	1.1001051945877
-1.25509517467854	1.19927854387223	0.72333194429085
-1.67172034636685	1.11473009249822	1.02214964105442
-1.82155996632118	1.03919013650197	1.47685659320944
-1.67776373258834	0.836739909832945	0.592636460627761
-1.06919408404666	1.79080935345765	1.13012915282055
-1.11723538228367	0.349983817470194	0.769272272701738
-1.39096548352877	0.0436300847591215	0.602042993869737
-1.4324727828094	0.873396263334292	0.720911459160424
-1.21118990332567	1.36589622259013	1.40075108514362
-1.52450882741635	0.86470687541085	0.716509035403079
-1.20289601079969	0.965758227037617	0.750787198839702
-1.64999045100001	0.596296670485956	1.16194330627616
-0.701447745545358	1.88880149364741	1.34684263678675
-2.58555107379367	1.12763199210927	0.825020146592528
-1.5839149684887	1.57735551941904	1.18782903250507
-1.50933539826513	1.10084786249108	1.97896485800829
-0.0497258559844236	1.28159234559046	0.777030779520256
-2.07302417147838	-0.0284326494366622	0.141540631015786
-3.18446036567886	1.51357781238976	1.02817328430526
-3.05432593689089	1.73276540030443	1.50149917432865
-3.03366914136552	1.20512387925029	2.10960289229425
-0.543130863678879	2.48278387776417	1.99524985153393
-0.547587263635977	1.47757228111489	0.949728077881748
-1.64308837772309	1.3674980014496	1.27686704051034
-2.09798149028937	1.0211852418702	1.01203563232101
-2.51142159479976	0.806938362326041	0.81020046168123
-1.23741887310037	0.873677664900102	0.493734412399381
-0.601359375782903	0.863230152499039	0.67238396308293
-0.366978583349909	1.26234664170357	1.77736580785301
-2.0721956830326	-0.317914600143089	0.8279912379391
-1.91252229349164	1.05278986438035	1.29053778110669
-2.81389589736803	-0.259344955675767	-0.298254348917467
-2.41266807159735	0.23269891832323	1.02073676307729
-1.94760797164755	0.434598426606469	0.740257123777616
-1.8841338374654	0.522204163195717	0.514571117918636
-2.09146160778282	0.668575704065342	1.91631885350784
-1.32722375525395	2.05293903429776	1.29612879791112
-1.36815680315746	1.60475804317422	-0.0097659882933967
-0.919622728097877	0.641047934836376	-0.0586169719070618
-0.596755038531398	0.917884065878722	0.667984405834147
-0.376798664331576	1.59856179543203	1.0302873253702
-0.988636723752796	1.23374877973347	0.850901586582859
-0.652039982684831	0.906081935397157	0.71830014646272
-1.61930957442767	1.26762706977211	1.04587562238954
-0.659833820182575	1.77670392330655	1.54093628612565
-1.13442761734615	0.63721762902612	0.35148246183496
-0.999683095530636	0.81878844841423	0.65482142060799
-1.26625200012446	0.963705602372769	0.610984380899743
-1.26625200012446	0.963705602372769	0.610984380899743
-0.766942113335265	1.65311122633143	1.35576555582796
-0.44449012265568	2.52093053059932	2.31407555735971
-1.31070136120575	1.47451670222694	1.41606869286477
-0.893106924849517	1.2740092888904	1.9715540634344
0.736203971340619	1.17335886067201	2.28655356933941
-1.65165270065616	0.902355133712688	2.65194718715582
-1.50687965116769	0.704968716541411	2.30822968525287
-0.3144597634365	0.830080973429985	1.37016870599541
-0.751293105550407	0.877830101571829	1.57185657796967
-1.34640874675055	0.0962684249734562	0.780043678826056
-0.192596737393463	0.99752192353603	1.18084701533157
-0.587135879134348	1.06302617544862	0.806736350253102
0.0188112709382334	1.24463263572045	1.64216205742379
-0.362722082017243	0.860176193147122	1.10156138110354
-0.362722082017243	0.860176193147122	1.10156138110354
-0.471805684043933	0.333452275441399	0.800586029111403
0.388552866128198	1.74201749035143	1.57621862385036
-0.613347367074139	2.21874497335114	1.44419080270853
-2.0572926755803	1.3105674845295	0.912753538532799
-1.65405654670082	0.668929612951643	0.835726172082001
-0.660456459165882	1.78119535922394	1.20809230312774
-0.961041509429974	1.67509044016597	1.5827936845335
-1.09479556751008	1.41275045676223	1.28700152908241
-0.476371446505143	1.69284765479168	1.76301506564404
-0.744913777025504	1.49703983924524	1.93688595422009
-1.52950351563698	0.801153562949243	0.438961515078864
-0.780098345279377	1.05771193542804	0.705476668329296
-0.96031137031728	1.45937259123435	1.17780035393969
-0.972970594922024	1.25169838032625	0.760073123574699
-2.15985567317129	2.38814295386719	2.70122478346123
0.0762402915293616	3.3976738305796	2.644787770776
-1.03618609589723	2.23757374369842	2.69543424533162
-2.05167248595995	2.73978874800997	2.43241468066914
-0.582772961404664	2.57870252860382	2.04568916512386
-0.901436507979745	1.9282594548967	1.56797271125939
-1.1830967333291	1.91667376147958	1.02418591010622
-0.808092655422846	1.69806819530027	0.948939444767053
-0.595875129703711	1.38886258940553	1.10610869420394
-1.20046977884864	-0.0655280401952551	0.178653251806382
-0.846937259310647	1.3931203069051	0.804332356034445
-0.158190027823813	1.27847722565488	0.668680315498513
0.0170319514599687	0.712369924460786	0.818790036464874
0.00696694312199508	0.990679022905725	1.57015585545974
0.396768025024657	1.61820055750627	1.59211449189929
-0.631220186047377	1.0408017154955	1.73599780848115
-0.555440095390528	0.791767964433989	1.87525001160205
-0.472686868412158	0.0469276913568787	0.804902420372664
-0.636997839197586	0.496935394224056	0.574586914698791
-1.03904010655762	0.747716804692158	1.14214917093503
-1.36957989305805	1.41630690408421	1.13647706111719
-0.87565098551498	1.5323190715709	1.58574304351732
-0.687953836985599	0.22680452389474	0.189856598702117
-0.636082470359734	0.64599273233287	0.489727230219836
-2.0760604645181	0.802987724539229	0.999953466886995
-0.892299908039566	0.161544807162463	1.09972031879492
-0.544696037563872	1.4718081798507	1.20671527559141
-1.42320150979928	1.92355466149369	0.784828631987443
-1.44136383161209	1.50557076240302	1.25331674114048
-1.4642737382642	1.6220405616766	1.25656696908764
-1.88922228698681	0.574647561606813	0.711667478829807
-2.00438219634248	1.36281457364891	1.13372834544853
-1.46627889567829	1.07392215138037	1.44770228615749
-1.5685284152004	0.0603262176939946	-0.0175868644667962
-0.921247614659339	0.658888058599796	0.117722161024038
-0.399917447394771	1.38810878599939	1.4608608356244
-1.00511131673616	0.81370764325595	1.19277406062027
0.130654651525187	1.85915380603126	1.61388229123783
-1.59417751505173	1.1355739430549	0.965871174157574
-2.05804910549865	1.41110335311754	1.39079478650066
-2.40101275693	1.5096278318511	1.27796012408601
-2.12165523554343	2.62803382001122	1.85104099550075
-1.85392508348492	1.81179422466813	1.83751654319151
-1.28308569171589	1.0219297995746	0.789129222206027
-1.66872026407881	0.500961430768925	0.680102214563987
-1.91698209260467	0.13746037228606	0.697376729265174
-1.24547752142578	0.400241550657465	0.325513560346464
-0.840590273783313	0.740770044975793	0.525143290162396
-0.87318109932152	0.602343149948946	0.514858332758206
-0.576393679322214	0.473437395803034	1.23487175997018
-1.1826371288848	1.32421723469804	1.72710674144783
-2.00500003358914	1.24144323074641	0.667571578802849
-1.59555529770529	0.827186080604144	0.306222474251623
-1.68254518115129	0.533574228312958	0.251285514566563
-0.509263559783319	0.719680995547972	1.0676220071231
-0.450761498614154	0.681765720785957	1.05807095439874
-1.71132254356956	1.17446934102076	1.37630303811727
-1.05463953460542	1.33042478247702	1.30118959754744
-0.978616935974887	0.737046524729104	0.99431684764293
-1.33873490811309	1.20917339751009	0.30871631382541
-1.54342155115237	1.80322241837999	1.10919997288191
-2.61283062662915	1.55734994603331	0.853860068189373
-0.790176425876299	0.410515754568029	0.335957882394338
-1.02635278345206	0.139628488803939	0.691621212546017
-0.682674442226785	0.80285412627832	1.15983263120702
-1.1808976119008	-0.0288002815228073	0.0976064395930539
-1.4146958941504	0.220727891540832	0.819509091228991
-1.15881932439634	1.2466889150235	0.4942149538183
-1.324212264679	-0.48599732821436	0.12138860186
-1.43602520053542	-0.409927863799009	0.0444002441489497
-1.17492414046421	0.195538623043276	-0.368113348917066
-1.9039876153893	0.40170423711589	-0.197117881227529
-1.77060561250159	0.0371374379593502	-0.361649499230176
-1.13805756192917	0.988078288164557	0.576592823887696
-0.852251886676043	0.879702474445107	0.697876942236275
-1.46514368659763	0.675221480881178	0.955605748925641
-1.16409341917811	1.13093937353847	0.62444702634025
-1.79605034443885	1.15182600213596	0.37574809649226
-1.7738473833916	1.13097221450506	0.205507665233467
-1.82383986948356	1.23196863975388	0.959545996085501
-1.68707519826517	0.92413734286386	0.767813956124941
-1.61357183570167	1.54987616163008	1.09521471880345
-1.49106881137959	2.08564911625358	2.24220096512474
-1.41177494029472	0.950812413078055	1.05245708247261
-1.76961942244849	1.22379651506224	1.42571881540447
-0.966669124196459	1.09064487143298	0.588196816375839
-0.85743113185235	1.62261624514651	1.79675297840526
-1.48354970498394	0.367967387596835	0.993689019289002
-0.224413321830703	1.73116368839334	1.29450899021114
-0.791133463775531	0.841564130823513	1.24227998043847
0.211272351410825	2.21936985754587	1.86475480578941
-1.45332798588977	1.13076501001061	0.681856814219297
-2.2434519839286	0.281189055873194	1.02327696552375
-2.24405769927541	0.0185142685236035	-0.483184372908481
-1.9554430273422	0.735280619755215	-0.205193604297773
-1.92447782385337	0.17183723173816	0.0903301912086286
-0.57464848595779	2.82784179711984	2.46845103038305
-0.992084248297937	0.718094519204751	0.874266151780381
-1.00864203136107	0.755081868311218	0.247561163458908
-1.62095713102981	0.404003790051139	0.266440269621163
-2.10987295493738	0.530709711313836	1.79986053250743
-1.72642174848842	1.58232281559372	1.25721938334361
-2.08350748684948	1.01002587487504	1.20631120963674
-0.169201549230664	2.42058393337653	1.85042820189259
-2.23679764655753	1.27236913709239	0.814008418397957
-2.40653774507747	0.804307026797435	0.98534609275025
-2.98691060838207	0.354407423076868	0.272160333420502
-2.32273007012219	0.47200830703917	-0.0668212684423305
-2.0733221900309	1.02796332597937	0.523360037159902
-2.25387772542545	1.66051771031479	1.5197587157303
-2.11829736399286	1.71455793018	1.39600510555135
-2.2902517542618	2.19490129816561	2.02899904351165
-1.5369984785907	2.35489112285285	1.79515513164808
-2.24682230155679	1.60210548710711	1.01822101687841
-0.499353687251686	0.775367470850307	1.39555194555225
-2.1597192260503	0.949952746894223	1.5764805584719
-0.424328081050696	0.622077675030225	0.971656467093788
-0.915367413424932	0.902751076887694	1.36260696481519
-1.35648518640236	1.90605663533241	2.15813507199796
-0.739216177746966	0.891395209648636	1.04747450497359
-1.46082138942349	0.302887355496514	0.225963451479538
-1.37817694618983	0.642524986251807	0.34225678487068
-2.10310115450542	1.15702435515437	0.454410137294207
-1.36975430415492	0.882404620570985	-0.279761578517951
-1.68397119417206	0.634237122334951	0.0568982780288196
-0.257726718679352	1.25569772580508	1.39457475983468
-1.97423156367032	1.4330530816137	1.3988527351836
-2.24539621915039	1.86863381104988	0.754891226071948
-1.58319901403587	0.299436999906192	1.0192998384622
-1.06275660466961	1.02436874399357	-0.256482111124765
-0.804967068133599	1.78582321392002	0.987782201432324
-2.12241772614311	1.81714367833216	1.05226911392095
-1.97542237508571	0.332169108412928	0.458519180988426
-0.476839677046847	1.70541761306537	1.63773813726353
-1.47070955791088	1.42236156204165	1.21934832456753
-0.533601934041334	1.36923170607136	0.569083772985855
-0.985686426016408	0.984841265434803	0.811251080587472
-0.750968976980928	1.22137150828094	1.44045823240716
-1.4665368739359	1.34163735263499	2.09024301396486
-1.71158460649696	0.948922358190466	0.77837312409549
-0.707618659350692	2.27965022727976	1.24785791540471
-2.38866187754095	1.79303664040926	1.86615778439762
-1.88716101629917	1.30606722317162	0.910731615520309
-0.764488364368589	1.67793619411566	0.923149670972783
-1.13439896828071	0.73117242506585	0.411681246860365
-0.587333740315027	1.13490244056698	0.866039947374864
-1.62515959233127	1.30491962683409	0.563847860071963
-1.75370248658631	1.20771323471716	1.19274107925396
-2.11957434982865	1.43642349346224	0.846085851935847
-1.80999052317491	1.8378550223525	1.40822618351564
-1.10249491029605	1.37965258448335	0.940385871199952
-1.57536241346375	0.844233890142623	1.43783884600706
-0.637436243815321	1.46177781063187	1.12691108841113
-0.752053793978745	0.562198955317062	1.15926428426693
-0.897315153204139	1.22962714279213	1.48435446508642
-1.83323075236019	1.97464780717545	1.28393407270003
-1.21675949780187	0.941730479910841	0.841448769911834
-0.793915333634256	0.360800273320583	1.33899320236393
-0.736493794469862	0.586909652190171	0.882019236101854
-0.319110890463772	1.206419689136	0.639031174638598
-0.1016147669171	1.42541154133647	1.05817680817725
-0.645745523755684	1.16018346442858	1.20506612406423
-0.0582877909700094	2.11992309820966	2.32159448636212
-0.667644737831614	1.94879100107987	2.09319688534495
-0.345946607423345	1.41355080639199	2.01849066207558
0.163155045375933	1.99727989992711	1.77304038025173
-0.470044331352422	0.428360378219127	0.52038829143606
-0.581899996459298	1.81882945033442	1.41224427731612
-1.65186058029079	1.797735102831	1.81566513159354
-1.77415193566209	2.47186211597826	2.31040213816077
-1.61857265519212	0.690650979252485	0.432258548756795
-0.809571624258519	0.736750926568782	0.628944952748418
-0.632609083870975	-0.0996838099341454	0.450611067079795
-0.809891330986494	-0.0119110646849662	0.147797426064649
-1.7123855744588	-0.230736117234017	-0.0452001230702384
-0.870994869079788	1.34550980150244	1.41762301570965
-0.288561502518563	1.24402603142076	0.940446646808455
-0.551307288510516	1.51321993205526	1.35307185340041
-0.773754484043917	1.69947209636566	1.36434179750783
-0.718833060431266	1.27778951005879	1.3249886642006
-0.619210027468919	1.41882286745075	1.23355766051139
-0.250802687602244	1.08634479749594	0.463087364437079
-1.03300776422797	0.59870074210795	0.193098469597896
-0.329801413640126	1.83469346040251	1.48489734967074
-0.991189069372814	0.612912510325097	2.18397719055483
-0.833000369194031	0.32211559789734	1.57075658984143
-2.07268096613101	-0.00100365404353653	3.06119111954132
-1.60504581709356	0.240792770770885	3.0417225288196
-2.04976349757433	0.536985114135924	0.782039680917679
-1.967470539137	0.0452088059050653	0.0970418301210323
-1.59305531955489	0.298886110345734	0.316943846056327
-1.18148211917329	1.06001995520066	0.441811777947147
-1.53174015526464	0.59058614636515	0.755551381638153
-1.74371174202801	0.556819959215315	0.176439001383715
-2.77305922640914	0.090091026212242	-0.234028837990201
-2.37477962975472	0.187424025606543	-0.440743412654027
-3.15887267157187	0.289460630854146	0.196151272507304
-1.5480108061893	1.65494811266684	1.25145756892206
-0.794022957706468	1.79285938675681	1.76544180309145
-0.533930628165508	1.32163138556612	1.34432270296379
-1.56529357552611	1.79897524366215	2.5630852475237
-1.4078543057138	0.475802272181352	1.29421976571507
-1.58398519006865	0.922507905255609	0.90400310901645
-1.84442369916066	2.03425191507266	1.45545617021545
-3.71670129640615	0.762369772584664	0.703683912911891
-3.18160438478711	-0.105050797651217	0.31876187121056
-2.13294436733747	0.855058738983851	1.40574641660448
-2.86872500319005	0.159048004917322	-0.406676365271951
-1.85144193510389	0.135991611506455	0.39619991490221
-0.534160474664767	2.47226450552256	3.20648213924932
-2.48529666281557	1.63987136151997	2.94261978887055
-2.12498063314791	1.83648248601468	2.39807432973808
-0.775923576881989	1.05241530323603	0.215440915361319
-1.24656690858449	0.746175222195697	0.414491179760729
-1.44387670569762	0.651347680665813	0.11631608792072
-1.31469686110415	0.90678226219665	0.54037717826955
-1.27954479576339	1.35529544738425	0.779908446398029
-1.52406916950995	1.04640374012725	1.09358118642878
-0.855418020087328	1.29787032132149	1.15113635822607
-1.60600541736642	0.7006560924387	0.572899771863445
-1.14758236210911	1.47463934798437	0.768256033685245
-1.17335438280419	0.447206963248449	0.57597111722448
-0.864704927983619	0.494169278462178	0.141348603427999
-1.16556647699488	0.467340403284947	0.375517717550035
-1.55682134177597	0.407762866571643	0.142663120185734
-1.56328364398278	-0.167153800879521	-0.171380171762941
-1.53882779361206	0.684424075129313	-0.161367592417642
-2.1270202158505	0.00770654891546289	-0.148256570950487
-1.43071292677459	0.454508251599778	0.337101708923976
-1.63494078377659	1.17128190015886	0.559325816947004
-3.13901833632877	0.747403606333737	0.187446528659971
-3.7224793189272	0.10154770297932	-0.00576935926272232
-2.44067830448116	0.326959446395338	0.951634810172464
-2.7126017349184	1.15312909925939	1.14288901156634
-1.92259521939196	0.555296548826381	0.931186688198166
-1.7931397640171	0.90608464781429	1.46903681700641
-1.61619466803791	1.33105424817724	1.17662663247598
-2.40734117269693	0.589138077613667	0.424085554330996
-1.73990357341892	1.06245016469205	0.3381795244705
-1.60525269399973	1.11179141670001	0.497478651969958
-1.05486901236409	1.39977031308518	0.794846208601378
-1.10645756320404	1.16945971291132	1.08526140098633
-1.19882967063505	1.11603880567785	1.23357690949828
-0.830710302700647	0.558386738529875	0.332108147782749
-0.886810323968753	1.41075633663714	1.62193908095726
-1.8812496460584	0.813468298392384	0.112134082531468
-2.04957779001949	0.607932646090448	0.286695026981799
-2.10020113470959	0.255755738304753	0.295742300966448
-1.51725385191231	0.882662788357474	0.0485979077695303
-1.61084108453652	0.448434890776827	0.0694675212660766
-0.863276680225575	0.810556121382102	0.719473232828118
-1.25876048134327	0.692811764684939	1.20567510298176
-0.963291090105039	-0.0028286277149407	0.472905899841091
-1.23839406861562	0.156402207560455	0.529292016875472
-1.33765365907773	0.262866589540996	0.338411179648654
-1.00248190354778	0.973242648821523	0.416014918974679
-1.76178224895571	1.032223932165	0.421821452776007
-3.07222903245051	1.2495329003405	0.44307526009855
-2.15545428077942	1.04208349241074	0.630090585149118
-1.88994009843275	0.728655958268673	0.192285175479176
-1.57505418184345	1.75585841927814	1.29728162830728
-1.91564999330836	0.973616648852847	0.703060426742034
-1.01193243339531	1.47722473586077	-0.217095760871121
-2.63417323557459	0.565944189760166	0.104479072201903
-1.85063543571246	1.07068246312192	1.55657134474423
-1.19441561953797	1.15400103338142	1.23478406061386
-2.08960818560476	0.0325132640904536	1.18838608029927
-2.01862766382697	0.613920833357689	0.298623122045199
-2.02006498948219	0.572572314501801	0.892444828912465
-0.986613507270731	1.57015308615336	0.88573271503202
-0.993646220077835	1.86164000350338	1.70220223585455
-1.99821161778703	1.22129158809888	0.840594229870395
-0.971116727663497	1.48471226985945	0.801938236332761
-1.16529893777047	1.07116712535541	0.120798671253512
-1.56198107940462	1.19550999432521	0.815661751676971
-1.49841367054339	0.351363718996994	0.376987335383411
-1.25923109247602	-0.528182048073898	-0.0936064773153721
-0.95691243487886	-0.137679491758966	0.299067050478037
-1.90696335026943	0.394130932848993	-0.0329964915560172
-0.986349839532354	0.42741422068593	-0.528281791533012
-0.823632750044222	1.12067396306744	0.906869434050174
-0.511689932378129	1.54936005764371	1.74116752812798
-1.00512552203174	1.03565819103149	1.68356215168573
-1.81754707238367	0.245168604528775	-0.11035287791983
-1.74797085742441	0.707797422404531	0.740787087860183
-1.09941761460222	0.64841135373104	0.1310526303778
-1.15330618251364	0.631133153718207	0.777778825773912
-0.922028309822588	0.786022778475921	1.27255564114059
-1.04908586918856	0.259712964536834	0.336320947047664
-1.30902414641074	0.823258638027158	0.760887303947029
-1.2158009835128	0.704683942104231	0.898689876073817
-2.24575602145645	0.447281791084444	0.0166443254234159
-2.09671521555179	1.23325424221276	1.12422443779986
-1.37005486368182	0.544590644420247	0.658285517925385
-1.00784192588171	0.261343904950799	-0.0463507996151576
-1.09493813173107	-0.475010055131058	0.077882732823934
-1.14400673881377	-0.300080192798491	-0.215810136643313
-2.08660062551034	0.410003423475162	0.266393517169113
-2.01608044357274	-0.105741755333157	0.98486738622659
-1.72039465252579	0.640244913248066	0.876878549496312
-1.34985119926907	1.59964433842483	0.680993253046905
-1.05091536683052	1.84648941282707	0.641073337314665
-1.79829751460501	0.833094747325544	0.931190180139999
-1.40568713123738	0.834816248934336	0.426803644377732
-1.54370811794125	0.567086083086591	0.135416303134599
-2.08291232761611	0.816931970509555	0.311343721816282
-1.87561194992397	1.21627435802599	0.340062270028142
-1.8845455067652	0.718393384365396	-0.0843288239210859
-0.964597292082689	0.65481588125896	0.529833891525986
-0.84111523902284	0.711788302543292	0.261689335945394
-1.52752649668861	0.239980914242242	0.155945477879944
-2.14435571018862	0.0632762436550623	0.0445971885624092
-1.50873848341895	0.512254815001668	0.208450356145447
-0.104372997123063	1.12347517877149	1.1981575513745
-0.226523842760042	0.949227377712737	0.981790377489595
-0.740324350656474	0.461808976352521	0.222881282947955
-1.29351070915956	-0.371565867590531	0.825513870431111
-1.56591092872884	0.566175609465522	0.216555690965883
-0.613237960725912	1.23190437355331	0.638303205311355
-1.82579641628692	0.347550136118932	0.564168422333301
-1.51381730850588	0.99760241981027	0.0614289467992056
-2.16799329103924	1.2746788768222	0.0723242627931361
-2.42329715839121	1.07718588355605	0.680562160362305
-1.31775052321568	1.46669445299481	0.912367513367911
-1.16591139464545	0.668080832919196	0.159239489285248
-1.38389711274533	0.742263053569222	0.175928356815639
-0.511012355443153	1.36216676268386	1.00920588285471
-1.11081532979604	0.258964759573699	1.28314723872305
-1.0418630102068	-0.398994488492675	0.331018239490205
-2.06197787767543	0.205887686836009	0.163351580292264
-1.86022262134992	0.727574014576627	-0.327010610870484
-1.89038980068433	0.953548239125144	-0.190408815492475
-1.04600838319914	1.38782491067082	-0.154408466052225
-0.149310891897613	1.46107629388874	1.44634307025947
-1.36885480772982	0.797918469675477	0.123533830644691
-0.503088584913823	1.70077635642813	1.01077328920799
-1.11905824211234	2.22616516419794	1.15534470525358
-2.66275305412837	0.423187537723161	-0.336702982316991
-1.48803798551931	0.356253207784001	0.650416245732461
-1.62009630380958	0.88787837048198	0.94066617756096
-0.589117864305989	1.47940394493203	0.95186485859517
-1.35148382616213	1.26590632401179	1.47829725570068
-1.81101319931572	0.863303717015875	-0.064807528209349
-1.09038832760908	1.96060035487332	1.85073241494344
-1.99692651231301	1.05616524202965	1.18291167464565
-0.293790347531298	1.76488169147917	1.56131428097744
-0.914511440582131	1.61965796976356	1.82307911605759
-1.64269054077601	0.0240017669411226	-0.0181342936584112
-0.837240951735924	0.300180616461596	1.17409832902064
-0.839477184460375	0.872341189640281	1.27830509057927
-1.17285130234041	0.464948652305324	0.980071017639172
-0.876823719943247	0.23415150651438	0.127283390556897
-1.76135869543569	1.01348410228706	-0.0102053529845249
-1.07364256170372	0.90925257497022	0.411054848037325
-0.882138757704967	1.30636200813224	0.524692782164458
-1.06608263984175	0.757922726372283	0.99194038575583
-1.21844631125637	1.25056137639022	1.61858401020705
-1.69877498579939	1.57822825970502	1.2542826652823
-2.13230641944963	1.87825686054993	1.92715717090293
-1.25018440264471	2.01412240495878	1.87065504398672
-2.30808797298712	1.73202497401453	1.07117484186668
-1.65434740003198	1.46075837741357	0.487690813368204
-2.05655443299354	1.62973698159032	0.895028216228358
-1.36158850138262	1.96401691172223	2.29976773381842
-0.681672400954747	0.256982821923182	1.4168048235813
-1.32489163273762	0.182432479352126	2.30484327349985
0.18921820327377	1.79905945324117	1.95080236079527
-0.451094863531781	0.478712415268083	0.726458797760391
-1.33942938305028	0.550721218113175	0.839109760505995
-0.600078338621998	1.34731137960982	1.17171329135579
-0.194961562668689	1.97464955249597	1.35120164013254
-0.222286971265707	2.90305927328011	2.15614921686417
-0.975783777179027	1.54139841660147	1.3385212889139
-0.513031609955295	1.87322992871707	1.22869906937274
-1.11890526760069	1.82413067355587	0.981555155866968
-1.89983961936815	1.6693879640243	0.996380641174185
-2.01628447880574	1.76871770550289	1.77863981244551
-2.22886029425182	2.36641121507958	2.07796624605481
-0.542120985082244	1.16773338015114	0.890041598866688
-1.71727288058582	0.896420182277004	0.215125779617291
-2.18119976599231	1.67683864168104	1.41697358831627
-1.27599393352034	0.382969040130556	0.556538251527953
-0.264665573535841	0.506655751278015	1.80102699836321
-0.125314535844872	1.3612277969034	1.69880220146448
-0.310727866628908	0.646829845929374	0.621690874206022
-1.26192330815287	0.741071873585233	1.00731904117327
-1.585899560295	1.16317735380433	1.2398129191597
-1.59964364108999	1.94633186084502	1.79890350404622
-1.61954544389066	1.58956441901126	0.91084407054238
0.101134769387197	1.80312548743814	1.64310616705617
0.402604279256979	1.76453762420958	1.57789220382814
-0.27917513727656	2.36523364504361	2.12320111873241
-1.2340294185846	1.86136242516322	1.82771663440167
-1.60994011089149	1.2066632362005	0.536329803232711
-1.49334126494728	2.50581988136588	1.77041697616353
-1.75156431216211	1.45166057847368	1.17909055896358
-0.528091545665854	1.62674335296222	1.02849215499446
-0.758088232812362	1.933745416274	1.86725673015939
0.077806343624457	1.50134035604169	1.30987219038787
-0.0370127417946858	1.77280366027447	1.60871338435471
-0.285264164717109	1.84663349915106	2.16734733214121
-0.29113746771054	1.24514840845526	1.22136152453918
-0.742294600066336	1.12276658031608	0.742465667511982
-1.03213804902778	0.763495172175211	0.646872158242199
-0.636943498789018	0.11761430244877	0.475790984206309
0.235684962524	2.01240626759922	2.09646347713199
0.286365996803603	2.48595172777805	2.09629024762408
0.703526067032527	3.19674721363182	2.56036821076528
-1.15413944561546	0.511064944182754	1.520455566848
-1.50899613217299	1.00477268079189	0.935258241676306
-0.350969433602297	1.50540823076242	1.45287020535031
0.860725119808605	2.61531559738972	2.28011533969904
-0.52672959813297	1.1408825923141	1.44913045061808
-0.390742507932396	1.78872001153575	1.60761855662702
-1.07609804813216	2.05154509460644	1.20607008356129
-1.74998330252127	2.16081921051609	1.47552402702874
-0.846662743168616	1.88518893713371	0.987525635869759
-1.55873976909299	2.34886342798653	1.53279044673224
-1.85768637613707	2.37487986266707	1.21519056483319
-2.58655766677152	0.86436309052518	0.6057097553372
-2.48068399064036	1.83469203119639	1.73526362935306
-1.47653786793474	2.71896965882216	2.07669418802992
-1.28082111973086	3.55969104614833	0.995017431906613
-3.26498503131514	1.6821344077562	0.885104225321488
-2.78900365219262	2.57933043928415	2.11187259015851
-1.50363882155095	2.62046102309864	2.03931989493378
-1.61734377404145	1.89829901333099	2.12092549994452
-1.27165173880705	1.26530207708329	1.20078365215165
-1.70025449895612	1.92209963794632	1.75160056754319
-1.59534425236565	1.95854686650879	1.58168828464496
-2.82389153003113	1.53665283426387	1.21233905360603
-2.57190364389194	0.794816438431043	1.35931355409873
-3.03558552907401	0.38762494222019	0.832967821015405
-2.54889973533013	1.58894056910868	0.784201970644091
-2.43313427185372	1.78024790176581	0.989253374811081
-1.85529712903376	1.07005108139482	1.69865321039198
-1.61038216080889	2.0900496143087	2.21755590663814
-1.56685232747788	1.61361819290376	1.5515056872127
-1.74479057843357	1.71388519802526	1.07183074709276
-0.749837585069819	2.383035149096	1.54752448491973
-2.29358450766915	1.85082052125204	1.23750948744778
0.0920028351350308	1.12540049185604	1.27536861234422
0.0802303718355742	2.18579988366191	1.83891135408663
-0.862798325948106	1.87711942891359	0.968735887887826
-0.790450315937164	1.60235986229338	0.582842627684681
-1.17700395579673	0.835889780100215	0.765485986076252
-0.188573420998931	1.97976929406307	1.57271821928919
-0.43298840654871	1.73289497723188	1.2783324459551
-1.09831375121828	1.74234218017443	2.0715332358141
0.0485674546711654	2.08336941246416	1.85365296891336
-0.519094169339408	2.15585649701811	2.01253291884279
0.608848286799434	2.01332979558917	1.8916496489649
-0.504162399382746	2.12007285362572	2.03163690272568
-0.52308315559346	1.33620673906979	1.3049643711476
-0.597857576279145	1.98548552053823	1.91725423370723
-0.332011815979623	1.7707473028298	1.41145010150364
-1.25581209224177	2.1985094478326	1.35448265158816
-1.24095385365219	2.11613602126876	1.10681770422893
-0.53210185863738	2.69558618198331	2.5602814101998
-0.665335423492572	2.43677312639668	2.67238360333006
-0.488432260131008	2.03030284344651	2.21078395847248
-1.24886756971317	1.66885591515164	1.59469331291153
-0.480658112161012	1.00604909816563	1.68586100111368
-0.235677559193768	0.996246959429076	1.63824580850202
-0.511868903904358	-0.0485430043404528	1.3330420926079
0.189928419868714	1.3398250543444	1.76241576269261
0.0958453035636295	0.920983547355081	2.34005727346292
0.0542756904235877	1.00221633075728	2.67153454692957
-0.728078153905629	1.28152386064076	2.84810191194545
-0.771280543143	1.1876190941324	1.3039948989758
-0.432505246538933	2.92859980688537	3.22330216032075
-0.0041199917989026	2.51383413916442	2.34057620248853
0.348812548880436	0.872214935407417	1.53220881513887
-0.617834949313674	0.309695330755965	0.775471017764111
0.229177612101128	1.53619922258164	2.27424980831616
0.110828714641079	0.991135445245406	1.13669372008955
0.2554530110737	1.25471468593488	1.76503137004312
0.145493967285332	0.862620381362807	1.46809987060198
-0.194118034872349	0.332209712825821	1.21304830482857
-0.657986509538673	-0.452987336867493	0.672127479900337
-0.657986509538673	-0.452987336867493	0.672127479900337
-0.756933424644137	-0.458357793986531	1.26081722932389
-0.625197820722703	0.0808592779209199	0.640752867802061
-0.599827488579679	-0.359706383276048	0.798942306992646
-0.858989535963124	0.329973128285878	0.905373463147775
-0.25646981543261	1.82125494028799	0.865587724608377
-0.434694216834888	1.19765611318484	0.809814989286123
-2.3989979569938	0.938347302723366	1.0666296439026
-1.99050788196018	1.36625241426111	2.29148177474412
-0.923907830805314	1.00862419052013	1.61187914060666
-1.75120276345049	1.5717631609691	1.67102598551252
-1.51835777691651	1.75699810260985	1.81666355542781
-0.849905419711269	1.81583896930059	1.63700319584161
-1.04629965911888	1.50748043756027	1.3138690722059
0.653886677061862	1.64415119653829	1.51794122098746
-1.49765933028454	0.0987641571889742	0.387685652697203
-1.60195810793445	0.721938587226569	1.41287906477674
-0.925518155513043	1.10775567772721	1.30515517876773
-0.0964071464670765	1.17220185629054	1.12270746657842
-0.0494138173426198	1.33039084115652	2.35213649703606
0.0879034953451663	0.987708323917147	1.52039025293227
-0.451538844950112	0.385992233856089	1.62515164506609
-0.737990242919531	-0.197885880018614	0.883666286207726
-0.129092394935558	-0.397635898453597	2.16230487226658
-0.159574260919065	0.127836569380016	1.40278195056614
0.328156758555076	1.11077073688547	2.15481605138459
0.328156758555076	1.11077073688547	2.15481605138459
0.96325126802865	2.3433127081923	3.0098773847167
0.699043322774858	1.74496435140749	2.24921628334992
-0.839238852309446	-0.670477064921891	0.538032607733762
-0.420894657783007	-0.212450809975752	1.25017300406899
-0.734583134468478	0.150787883339438	0.422542190420308
-0.58960474789637	0.902287647654047	0.706814773652973
-0.188470991972854	1.24034771541507	0.760770090115981
-0.186620104453248	1.40521684156726	1.39773052031981
-0.914867107219338	2.20963252251721	2.34135922678037
-1.69644516999803	0.670391966926571	1.53216797773098
-1.68200149775641	-0.100012382683934	-0.0262314180187545
-2.04665257809041	1.58925193668741	2.05231789822811
-0.678784978933597	1.87054096727041	1.86813366033278
-0.266836445852622	1.03101121477178	1.16226563654221
-0.859068331540647	0.975072472409357	1.26257601146039
-1.31815008508473	-0.0344304549607091	0.950895283509757
-1.31112913982723	0.91319155814149	0.387857938968337
-1.29142197458451	1.93857715271428	1.73319800599855
-1.82028071545798	1.7769664105002	1.38318770526955
-2.54136338649426	1.91452367139634	1.96178122278144
-2.27388477925018	2.18787700650452	1.67997364124772
-0.811052349149298	0.446568970891341	1.46792019519372
-0.0918656612757717	1.48826637445107	1.14032416188393
-0.786205225725724	0.96661998873483	0.74751051469055
-0.543539914681343	1.32127069547841	1.24389446517331
-0.588803614057431	0.784190034774613	0.970029106692273
-0.365967877750151	1.3691247140337	0.866051692693299
-1.64096377151819	0.862317891027743	1.80737787777041
-0.903094447999383	0.989833759355253	0.960299356125705
-0.692814626945178	1.30136765187391	0.970625680577311
-0.932444238301378	0.773213077167162	0.556285276560208
-1.10517581253988	1.14625157100544	1.58878271575324
-0.369698995198633	1.78727253393858	1.43304618819632
-1.48836943493194	0.696058625522019	1.04372255622233
-0.260358495328731	0.900936120162179	1.64025330945942
-0.872809103629085	0.853586947749474	1.93464734601264
-0.826980865067515	1.0723539820899	1.43712890010769
-1.10774363689016	0.0385110765264139	0.309530518852672
-0.778698633813449	0.325322881398012	0.723178546151083
-0.294312549812927	0.998819138567896	1.09203095121536
-0.358634399896946	1.19431912873588	0.289987703244629
-0.878629977640279	1.25021059687069	0.742191631658277
-0.961822986774355	0.660941756379801	1.12264927096497
-0.591687201204145	1.37648732838833	1.21999110963574
-0.518595473779475	1.94632320430575	1.63512762942355
-0.30388084244597	2.36228710570763	0.768022556320035
-0.944796922998226	1.15430210533593	0.263615607358488
-0.547900399329537	1.97006183139042	2.27372834408926
0.128597239244003	1.69372138029622	1.48482799862829
-1.24368281648612	0.163755939339845	0.570575405236192
-0.366058463069637	0.279490483337776	1.05271513764842
0.27923179410575	0.59636843958921	2.28887486639878
-0.338282443216115	1.52307194841619	3.05829866497485
-1.33901674760672	1.94724271993204	2.15944439714882
0.0204924215249235	2.41922252955905	2.41144177906015
-0.724724521087206	1.70538396060019	1.24031949451465
-0.906682097807727	1.84680452822962	0.706088077462155
-0.0891223073290296	1.88636144334698	0.986977097960054
-0.957380535092594	1.50304388959338	1.28702751437116
0.0794849039911528	1.60314866058248	1.06826624498732
-0.181889347817735	1.62198183771305	1.12495520100393
-0.505404005090914	1.79979631049178	1.17448579134984
-0.391688520780093	1.74355115322512	1.08670987856986
-0.581085237662906	1.81554913602168	1.4654103635879
-0.373522506726661	0.667331630164734	0.986562871551453
-0.835161469947732	0.898770704863752	1.16915536521882
-0.707865188246189	1.33088833061503	1.16244227914199
-0.513765827086509	1.05355312470584	1.07367511614517
-0.599350758260803	1.88247610028761	1.59816601385901
0.17535147870405	1.22791116471949	1.57077693176476
-0.241572976898221	0.624707091081601	0.91824819391784
-0.929285372734703	0.211863343143145	0.0495145089736617
-0.37362347993729	1.00318663690002	0.699087680520744
0.184931285466638	2.07611816726363	1.91663100697969
0.369961943939434	2.11494325038748	1.23579516289436
-0.223832760478409	1.98603808908508	1.15918405436957
0.233586645603829	1.29172471480938	1.48575997020307
0.602773925932501	2.12204613322916	2.12052693669521
0.219564732953815	2.29015995213311	2.72529107719377
-0.368613449618932	2.11119945071988	2.03469921274228
-1.1149674323507	1.10824349213962	1.66243874191447
-1.61219771423144	1.91749437346723	1.51079884986838
-1.01310533756392	2.4293039697518	2.30863607030927
-1.68816093934488	2.66976470519537	2.45255691083596
-1.48243793080129	1.34523337225491	0.573666440092136
-1.13348947054731	1.12553548468195	0.983010321388553
-0.225342901626329	2.09737243914766	1.64755071122871
-1.12664472987463	2.06174731347707	1.58330588275958
-2.1836292735485	2.45356053120265	2.22418132648526
-1.52610955281974	2.73188267710017	1.63369129341801
-1.41963236992879	1.4061599389242	1.4584403370437
-0.302004692535311	2.54029853887317	2.08879634831844
-0.545843818922625	2.1658418699911	2.12660669938973
-1.18641486281834	1.75073911299419	1.51657262242944
-1.30551499161598	1.2499526176533	1.38482265610344
-0.123603313908144	2.02144337584648	1.84375300205206
0.386430135445423	2.79802416203467	2.75224200909994
-1.6721719981981	1.59849892802109	2.51142475568706
-0.333340186456022	2.2766987355112	1.57115958546755
-0.618072697715244	1.09242382339141	1.14013226754306
-1.13074482506802	1.28468454170968	0.962244744302189
-1.41809967777052	1.0241762410052	0.757507941826849
-0.232636454934411	1.2098452884002	1.34435956072489
-0.00386302492725876	1.56848390215195	1.87414717981766
-0.468413907192625	2.16498863275913	2.46398061924083
-0.701051902306566	1.36315625972999	1.11869968127723
-0.251505638471612	1.09253009312121	0.71958548780028
0.273930868801761	1.89731973091103	1.4706636841464
-0.0845581029656582	2.28867252810032	1.99150717525481
0.0532120259995207	2.11353807325381	2.08021759020781
0.260611822750371	1.16269126573644	1.73886438060831
0.260611822750371	1.16269126573644	1.73886438060831
-0.131078803480627	1.64686031042134	2.07806820410698
-0.60871333405659	1.41633394515914	1.54024939593611
-1.1627795235464	2.09469603090348	2.21533657411949
0.294928113618491	2.03296265258504	1.48339725144618
0.739466786821081	2.15498208541571	1.73514326058472
0.933976704026309	2.4648698838788	2.27296962593525
0.694573054118764	2.46462206971878	3.07631246239337
-0.78984837837541	1.59947567741208	1.6407823711794
-0.802590128922201	1.50505250557628	1.42067757459698
-1.48421185474309	1.55636952282915	1.88182354910196
-0.753252597141682	1.7440767092382	1.52054393321058
-0.00615889492245131	2.34806690589358	1.71723513151943
1.27845213106392	2.69640684709694	2.19168026820276
0.890510840337717	1.9755528028419	1.86976552594331
-0.0697474263718497	0.856281391976541	1.26272304333137
0.670834911842584	0.690095576088664	1.92409797358661
0.516423450027413	1.36388904507849	1.86056168434562
0.433060728946211	1.78693730571255	1.72152246711566
0.451630131305458	1.30288006689638	1.91567124889639
-0.203004376913637	0.725547584274319	1.85458860792551
-0.0818107001267343	1.7266611200981	2.25259304012862
0.498406562710203	1.25474349431322	1.79432142517599
-0.312862714964532	1.18877241193266	1.89832938384806
0.518682425724579	2.04321830606681	1.53985433129441
-0.340016064396562	0.810623974244221	1.30871736253759
-0.636687101482836	1.85049507452533	1.3899156033588
0.12704906819488	1.90129338834337	1.35137951749135
0.684924705732656	1.91387536553059	1.70564942999607
-0.0906412667687384	2.23202830428	1.63342576616452
-1.18113845370465	1.87677054579729	2.20430410432821
-1.5608301919556	1.51791185020761	1.92393102328075
-1.30571041823495	2.16484371381679	1.25564289725631
-0.509134718595354	2.03433759771596	1.31848879321571
-0.491141240578138	0.926451590300438	1.09804444130356
-0.0470460505859817	1.11521165437621	1.5344555615919
-0.840150779116002	2.1241768289742	1.80753596122313
-1.18820755983929	1.7575589332411	1.71869347314827
-1.38361299882156	1.40335276008812	0.598175519586995
-1.41366865953879	2.17857525978398	1.16870606355739
-1.30901075689548	2.16425549202988	2.62818007208668
-1.28773654348891	2.55035854259969	2.4037763127357
-0.883967991395114	1.68946195728946	1.56208432902916
0.00098558125623574	1.91905144667923	2.13140688856894
-0.251213861054849	0.930755449942343	1.49148209752376
-0.613937290506056	0.946667662278349	1.7140139223575
0.113467869867025	1.94778710756162	1.39130995296301
-0.615544608457558	0.731457309710288	0.851655555397077
-0.497776695580683	1.74485109269459	1.56206432849816
0.0390486654418331	0.982832087413992	1.87841739473207
-0.332077947940694	1.88382120235064	2.23190911560481
-1.20599667073798	1.97925877665897	1.87507192041724
-0.880964073427004	2.48192343292139	1.82555896363223
-0.813557018689135	2.20978670794662	2.27972697194337
-0.0845374869658007	1.54247432218457	1.33338392256004
-0.298476160976485	1.6519318078608	1.66774265215562
-0.415776818174485	1.6120132887558	1.95257237566296
-0.83790761345166	1.72036063164987	1.77057142714079
0.0064960774652787	1.76648956136618	1.59607382136315
-0.078573433817332	2.3144708628697	1.75050679831275
-0.793329488597446	1.6463359317208	1.52209191251715
-0.167025864702442	2.15566870141727	1.81909598218209
-0.68792373988806	2.29108705162613	2.29947278653162
-0.877109204315321	1.18160717708107	0.828527859945982
-0.962700069586203	1.98034923391562	1.67489308620502
-0.6074960555538	1.962595136155	1.19756729355205
0.412023737531899	1.41639577906639	1.19624709646368
-0.929538127160301	0.813121026295956	0.948653073132009
-1.01154389973997	0.440436855774427	0.228120706513269
-1.35441175430429	0.126688699408451	0.149950768272309
-0.439985307274952	1.00700519060302	0.844543515852162
-1.76533355266818	0.983342658605952	0.658781051212671
-1.89805919050386	1.0968521325698	1.33465024369832
-1.66184913175753	1.10763886654565	0.706260002126453
-1.22294279233257	0.657645157718454	0.518745042723044
-0.486375468650864	1.82962484500684	1.70555388965381
0.262452474858751	1.22513613488366	1.98254741161076
-0.24302203402081	0.980290398712073	1.76696076724578
-0.777452789591038	0.818580469748074	2.30018231164249
-0.427300320490043	0.840010964810672	0.999228747868236
-0.831224214269684	1.69366797030132	1.096507683544
-0.492871315868046	1.30109951332124	1.15919392779366
0.0336579267616079	1.52884015865054	1.39346958104976
-0.0784216849927436	1.69797689857284	1.04114437948713
-0.460835892384242	1.24354550006647	0.75952151761777
-0.561663739308729	1.81438446294666	0.944717522628157
-1.07434511754998	2.08457003068074	1.54848865675825
-1.12619528880988	1.57758885517322	1.31563618995597
-0.500843976244697	1.4578172322678	0.673208797553113
-0.224004235015185	1.11728582823824	0.635934191809982
-0.994077175283799	0.226432602596596	1.1366331554417
-0.702886405770408	0.534772700019082	0.967895465629552
-1.8664079751001	1.14061042003908	1.33738142617922
0.127396345161058	1.35980669535819	1.70655013378402
-0.754184072983832	0.926777065532718	1.29389520191486
-0.455536769444247	1.78125114304107	1.96658077575624
-0.454405237677984	0.960889682656527	0.871752518036755
0.4478069259609	1.85256409304829	1.74503985585563
0.185440174753541	1.58861807519618	1.97341788326265
-0.309045084836235	0.884080419949417	0.946831579725288
0.0451253215200953	0.718534954081822	1.17295198217246
-0.968615447449137	-0.145907616330333	0.511396621582923
-1.69339541675308	1.06895823681116	2.13135579191989
-0.511526931903608	1.74189824643001	1.84922043280805
-0.39719058015256	1.11720774244756	0.736198992099871
-0.667170322674597	0.680992837407069	0.452341798951752
-0.717688618595686	0.958440207438979	0.687125464301754
-0.817646251647217	0.898805295823232	0.208396917397689
-0.954260165195961	1.39605069432223	0.797577225113099
-0.831424007422746	0.968513405652325	0.470514729071212
0.0559278932084196	1.82222084633009	2.02717366274134
-0.200430075453748	2.82199286127995	2.54057650254862
0.496600312211901	2.31575592867656	2.22408495331983
0.251163139613077	2.42255496897302	1.67950177923137
0.583590601045644	1.46836900883721	1.71998212707277
0.364499880712474	2.31924788112086	2.2124994797979
-0.44293061626033	3.36340192389763	3.7638392527474
-0.914851388277855	3.2944204676813	3.18519259378012
-1.68487428249653	2.53985708968314	1.61700296811437
-0.7869047978263	2.20475638553987	1.74511244024083
-0.547951479287382	2.29738986403222	2.05232532481588
-0.293384982241665	1.67503644136906	1.56097913173388
-0.276132825040346	1.29115378319188	1.14342470364623
0.123835473741147	1.70522645074493	1.53161448546357
-0.633255608341164	2.73500309023496	2.45413739917069
-1.11941402283014	2.5977115809186	1.84168350988298
0.425530494429098	1.89102107530244	1.48470825455523
0.180045430460148	1.15947671378928	1.1663451931435
-0.179270175922046	1.06646808254868	1.67354614115072
0.717554168497412	2.93228397818871	2.34250562635753
0.13249415207319	1.00176032620215	1.83429277430279
-0.629073793640701	0.270131505354472	0.89357775977076
-0.374111213289474	2.22300615827897	1.98126913242502
0.930546153712963	2.9462182481353	2.43982422990054
1.0121447056257	1.74081662930888	2.6555067064887
-0.652405610738338	0.323515192786654	0.795123030284962
-0.365779167739507	0.857212296546164	0.613829293521816
-0.982764828967644	0.933861171467501	0.977559826809117
-0.478865190615568	1.9115496545848	1.39056603057657
0.0849639071695281	2.13409089438728	1.63494462649044
-1.02891690666451	1.39105285531634	1.20380340277766
-0.423090185116274	1.43158007843426	0.404787592037212
-0.82383706727583	1.51505979720753	1.13593891036183
-0.273749001532816	1.44606844100361	1.25319619386205
-0.273749001532816	1.44606844100361	1.25319619386205
-0.993107243355114	1.62434074105871	1.76724539758799
-1.55320218878766	1.94987172370352	2.13579167118842
-1.20556340782184	1.68724962092817	2.33727539938303
-0.063337591239308	2.40032158730301	1.8622092451927
-0.94687700451521	2.39036583605767	2.92065042746916
-0.56068200149433	2.76549079633556	2.45582189454206
0.222804854603074	2.6813467703181	2.13172432702409
-0.115047861569885	1.70136899101819	1.25869056735849
-0.392991506898613	1.74383341260099	1.61408345861629
-0.249836000942494	1.35190243728939	1.62655859113165
-0.0178946890913105	1.02677809823855	1.57193615379027
0.140105252699746	1.22535240996563	1.69679169689639
0.478825773190001	1.51260560495097	2.07936555195874
-0.396070561369742	1.99787020935025	2.2114693073174
-0.930746110611602	1.99459371679149	1.72292135357673
-1.08827850910405	2.31525354478569	2.07446087521133
-0.360963135935116	1.28177838143276	1.9059833483041
-0.109965618515309	1.37403602170221	2.17928767963161
0.200957681002466	1.39502034452528	1.7027955032345
0.237837676389247	1.35657414642982	1.37294206473603
-0.80475251822239	0.270443723159319	1.2776871758627
-0.367711622656801	1.03683907061988	1.23339192427815
0.144085835677427	1.43888779545642	1.76080245967444
-0.586229822064788	1.7487446870086	2.01535953717197
-0.457056439573892	0.944774150334986	1.37483448229334
-0.830738258433581	1.46013792723981	1.91357727831552
0.168172862453349	2.35772968953992	2.41174173139795
-0.729515138700845	1.34258318406627	1.45636989686533
-0.03990196710883	1.48329284382703	1.64081820470428
0.355291612263123	1.46844991031979	1.48978284821188
-0.0198054387839469	0.583917779837301	1.21428823703084
0.0727109901705335	1.18889497049139	1.09525629558771
-1.03985095831187	1.42024684255763	1.13158729274663
-1.43683224178105	2.27152187638097	1.58441905224415
-2.58987409414537	1.18277625539264	1.3986598719173
-1.30189528401611	0.73233569519572	0.680272495669264
-0.97656409859249	0.890784157766955	0.0102068427097374
-1.58649582551597	0.750764383706808	0.419678679465653
-0.37090465104216	1.31717240606025	1.37595252974424
-0.428041070699803	1.41439593201307	0.933331889398148
-0.428041070699803	1.41439593201307	0.933331889398148
-2.2641440414542	1.4837722614702	1.22905395045707
-2.30404531418249	1.31112659676585	0.664390472339103
-1.41517061541817	1.33209717725302	0.365034013185422
-1.38819532254569	0.237644081050638	0.145382516802491
-1.64955081734721	1.12968429212629	1.01513201024908
-0.733317587188364	1.1402607775551	0.541849604102054
-0.694487004657347	1.39934888527272	0.980776007175766
-0.80455337467314	1.37085712985473	1.33484533519584
0.100207444444753	0.939329774267534	1.08755280818513
-0.0759902634936772	1.35315585824762	1.37143784183949
-0.268557837936051	1.26158783765693	1.27969443670159
0.0251138715539005	1.38161159152166	1.35168925341135
0.258199079232212	1.20546285471566	1.52671335524943
0.0777476819182831	0.772154078500917	1.63036853721156
-0.768584785506029	2.09349171681915	1.2361626005102
-0.501288050425993	2.59344098630964	2.24496015552125
-0.184843084248221	2.5758413266024	1.80977664635787
-0.0876357204866247	1.54923509522636	1.4935804222364
-0.711181589987147	0.676218640708479	1.4708314565455
-1.06908265314388	-0.119584914509605	0.175834932546171
-0.959434835317147	0.453944534261337	0.381857806431499
-0.907980451379912	0.103813225637137	0.80724681071868
-0.768088711007321	0.56447069771415	0.933664789057195
-0.0594274399297058	1.50531001220162	1.54687872582706
0.249656072591127	2.00179417628757	0.880134430490384
-0.584869042442394	1.61552224493989	1.1234679376332
-0.983088097178334	0.969384935123302	1.22265530402245
-0.882527911092258	2.01237716469802	1.54575465133848
-1.11433569329141	1.42193273748363	0.615257984772522
-1.26274080775575	1.57754605233166	1.13532323568113
-0.70611792232275	0.958510875536349	0.881117706895642
-0.170649701659503	1.77849409392659	1.65026920211335
-0.883573956787274	1.14963337186279	0.380160662594433
-0.531006829946438	2.42290266767295	1.95578412398552
-0.478600331523434	1.22047144046553	0.506408009820862
-1.50462640861488	1.34664149753503	0.708097846722408
-1.34378199401416	1.94263591233537	1.56435829969961
-0.782170608772472	0.961361297058143	0.966399206484064
-0.607287353533951	0.478539914329209	0.513660050195281
-0.717532090060418	0.958425670720217	0.15111726230009
-1.04779758816898	1.40427821352221	0.368689541687383
-0.482124481922357	2.11654293670195	1.47955178827335
-1.34210060391652	0.48213664506211	0.150321697270006
-1.03086503074554	1.85718398185036	0.25391983046722
-1.91445561869005	0.316874218090001	-0.0532686879529906
-1.06863132963798	-0.265321149716969	-0.0446584239618711
-1.37105406390429	1.46795742684448	1.67172128751693
-0.048591532847896	1.77422009076197	1.30077393296135
-0.812489921974491	1.52683789955457	1.23047943105442
-0.735889487972099	0.739081982410993	0.794594250948388
-0.293259177748881	0.862617360795065	1.20488292129591
0.447499405878664	1.72426507898264	1.22533602187415
-0.115973566502339	1.50374452869226	1.17289426420591
-0.512053825478452	1.37952760797533	1.05604708284002
-0.716681683023546	2.14230060597485	1.68887687811838
-0.954554998634038	0.725270339925042	0.871499695191007
-0.690404455837706	0.187819706577352	1.14545390752912
-1.24833702460982	0.325408466334736	0.0727309783809758
-1.04365624785933	0.821146316721759	0.605259212055585
-0.366010507369058	1.22268794201653	0.963017278417314
-0.373968736130361	1.22933559260237	1.24011022348451
-1.70614175745634	-0.382843903223349	0.700328763151987
-0.252817993070314	1.35625175299933	1.3482467564368
-0.935000038853955	0.944018202663432	1.25891723914797
-1.22500902719095	1.11314259309299	1.13056490850177
-2.14907704222684	1.02916228813022	1.26118978487244
-0.76925158333806	0.705168969893006	0.366733578644895
-1.05840510639002	0.852218787789355	0.539490968962011
-1.16610702759419	1.20595119865642	0.893690650367554
-0.14836388745924	1.84515879752485	1.85485814154494
-0.612516362599002	1.96286845936671	1.75405415058553
0.00247532381828619	1.26382007065792	0.726434676674906
-2.02561794537149	0.219784428805983	-0.106349313236241
-2.51854013839343	0.476175924256458	0.325994328872922
-0.976276687965617	0.527717412956591	0.217170993167658
-1.05405740758393	-0.170845197293099	0.347764891364823
-1.47953925447149	0.666234849500065	-0.30189139254325
-1.04880093978048	1.26497227133108	1.39420975750631
-0.863804529660581	0.975635797102467	1.30935005160186
-0.718020964881864	1.95035408775185	1.99601829013607
-1.3637500216308	1.54007647991177	1.98530973461781
-0.742135977692158	1.65324423686355	1.53449553643813
-1.55243724470279	1.45580936508332	1.50038493204141
-0.728613210012611	1.05838386426373	1.28220488811866
-1.38762360003316	0.41532613388375	0.542169566605731
-1.38714274911528	1.32944300750054	0.84865671331091
-1.60580142999969	1.59451813083489	1.1963382309105
-0.359275455251404	1.29916171569385	1.63182095993473
-0.576612569726132	1.35737154957333	1.68423280055717
-1.48701414219731	1.62058036194989	1.74676575523586
-1.22227685133627	3.26815367520113	3.07767120333216
-1.81424608993265	2.74992037671217	2.08316192760881
-0.564005387829629	1.9740018766632	0.842144225291102
0.204691847609461	1.73758167292633	1.73835181001503
0.350726222902119	1.77524035208573	2.2941275981295
-1.13972862247269	1.13050547110394	0.816459644143624
-1.11130021705747	1.90532763351614	1.70982193311188
-1.63247864983308	2.3143715979748	1.66810596980982
-0.843136330780399	2.68853600499331	2.2831472017994
-0.100460367666905	2.53289002181119	1.51798906528364
-0.259543609503738	1.15843376866563	0.836314747242438
-0.958629292008586	1.03981740972776	1.33850406030082
-0.64475645993315	2.2288944330778	2.10811640834215
-1.18613823098283	1.29658241861567	0.834334905513603
-0.543295085961825	0.791534254384549	0.682700008532879
-0.63908990492977	0.971839261351585	0.131353475896097
-0.761091997125979	0.857235958166023	0.225377038193996
-0.761091997125979	0.857235958166023	0.225377038193996
-0.740550996412005	1.03287904939232	0.50097551467085
-0.0973570547532915	2.89193618263042	2.79533015101181
-0.777380343355919	2.054340380973	2.22749903960903
-0.595918547682113	1.61139491395109	1.26018858688467
-0.135628522186092	1.55666915317798	0.958860503730062
-0.883882438143136	1.2077389623912	0.968401519812078
-1.07541366155338	1.37300751862395	1.1942002045269
-0.39181138205838	1.00342398858923	0.779007285011468
-0.176500066473593	1.42539349464028	1.67005932690462
0.220042983040118	1.56040998920739	1.63119465350843
-0.318705576413695	1.52622258017503	1.876744487697
-0.437221495240595	2.73723989428511	2.00635956352418
-0.258484371787171	1.95575051936158	0.794716824144347
-1.91752357998459	1.52625583486377	0.94429793055452
-1.89283774011815	0.57489913937342	0.20348044653514
-1.79753652430494	0.927911484400665	0.916897017886792
-1.94043115242802	1.95751611158137	2.25123974996456
-1.73971045086612	1.3399475660642	1.4235561527543
-2.01602085931873	2.49389744930405	2.31222828913438
-1.70657582964505	1.38614090334155	1.21270185954522
-1.31965492710336	1.40575949414401	1.32835413061162
-0.820873554756869	1.03303140152916	1.57484466485948
-0.580798681543818	0.747472456502887	1.38809220132381
-0.752703658635447	0.806310231077008	0.407224201768829
-0.986693446439171	1.53333621039899	1.1178066650468
-1.00578713305987	2.75692717957105	2.45448647538613
-3.17319252680666	2.64860890863504	3.40335619848739
-2.84026870449277	2.26591272157653	2.22909397605522
-2.56844889538672	2.07335929948898	1.55476621532547
-2.8615008794804	1.50043680448897	1.69895768062634
-2.68002914385752	2.54828366234621	2.40557576308282
-1.30409795730968	2.47558304080882	1.98110596462862
-0.907173360754483	1.8581384302095	2.4694209005059
-0.36986301150345	1.43012972652795	1.96967801937946
-2.03463822717253	0.5241160168638	0.861967303772337
0.057383880886112	1.3599547568143	1.02261974216481
0.314598053501966	2.09929353515249	1.69715276833627
-0.121045729303997	2.41353504681484	2.09266584563846
0.74440753316947	2.0204515295721	1.89175545914837
0.139184259699453	2.60997385510103	2.69817559505471
-0.80060461700987	1.96785881232241	2.67482591492327
-1.37687434216498	3.39775645614273	2.64375362181654
-1.70579449343424	3.40809618210559	2.32858845390419
-1.33876865123448	2.75243167401759	2.57762985065802
-1.01907527766867	2.54061386563859	2.33256692135245
-0.713536176702199	1.63505673502095	1.85708141620363
-0.663176116258321	1.67204273743966	2.66486490732744
-0.914491850348724	2.16917025517799	1.62360172315645
-0.521464351619365	1.3467219356182	1.21709876253657
-0.0675501693254228	1.47897529859883	1.39556039442705
0.156960646897317	1.36134903782072	1.89708719264901
0.0182155027885828	1.11932605859081	1.46064818949872
-0.195895997661075	1.15422751448381	1.73579314590868
1.29817720548173	2.60177361126436	2.37714085079733
-0.177529405318865	2.49693373429801	1.61409458732324
-1.06435021883926	0.99951718508504	1.48006499782865
-0.0624250693786054	1.37687593460172	1.78962909492608
-0.549745621925097	0.889959193343995	0.67190804922587
-0.00657030303490133	2.17100615281647	1.91079768304291
-0.148627858559985	2.19966025916158	1.50364076916879
-0.39169492581552	1.47967219891301	1.170669718099
-0.122057018902159	3.3107594275134	2.28806184393373
-0.89631611426655	3.26829767785343	1.93961034229773
-1.77337441104791	1.88399452224145	2.79681025994423
-2.29333012682869	2.77453312695713	2.5328527074336
-2.40582742910866	1.47768034398493	2.73383798089281
-0.727569104300427	3.68241961969297	3.80207034656216
-0.815247860773579	3.01471781107858	2.82317339829107
0.207144751225551	1.95755248884868	1.13701261911879
-0.210507163145509	1.86687983248754	1.81684114540337
-0.478434508219863	1.79157894355316	1.52089074527677
0.158393110113994	2.26741920003814	2.53596517655022
-0.816205446292722	2.03674481087237	1.50673549040182
-0.840493708426617	1.33375671926487	1.46947031842621
-0.851062050275864	2.17889576176549	1.4830328404042
0.0972524404605339	1.51169796616535	1.48745524484839
0.0172087017161694	1.63513002757278	1.25802596981613
-0.638132322515013	2.22531290005406	1.94503156692959
-0.289155026180858	3.27340660673422	2.55325424629737
-0.805587071410166	3.25844436722868	2.72931617536983
-2.21676775294325	1.75850501110159	0.978421440192939
-2.22902395610129	0.771595240948831	0.941442825761804
-2.17304504538577	0.595798830147341	0.442566018751255
-0.572418224656116	2.16264513823187	1.56720502705556
-0.81623345276701	1.65536095896815	0.990839397689172
-0.195258097642241	1.671871626427	1.36203446756109
-0.216446638624716	0.991468255804496	1.45065944561893
-0.123715076387272	0.94299654362715	1.3244293939511
-0.10293114558846	1.79257374057531	1.72948946130898
0.0439832230925076	0.962595381904037	1.45726410901867
-0.942175063758776	0.413551058529925	0.70753061195851
-0.311212190148851	1.43545110484185	1.37828040356976
0.526160044216476	3.49173363585249	2.3577324308568
1.52462497403693	3.2578783580901	3.49925767288958
1.71393634245186	3.50047535366584	3.51067139028062
0.10434041150263	1.17396107789476	2.28160330182287
-1.77272676894569	1.11237909831035	1.42357751795553
-0.52766673517282	2.29036914582073	3.26655291619737
-0.687100517273317	3.88009326272703	3.83427591872976
-2.22596074732649	3.06775786065177	3.36809921220995
-2.23883155156311	3.15230939488946	3.16738282653562
-1.01026598939407	2.89933897358217	2.68915881178577
-1.29944439064512	2.58454260802419	2.59003138239956
-0.504476266364174	1.4541967381607	2.09860978596167
-0.126810679705687	2.3000142565855	2.36070949882812
-0.349222911119715	1.33116678449701	1.74477070347623
-0.494429541025471	1.49207660206218	1.3038987268791
0.753446237440724	1.92600024233106	1.43857320728192
0.113140643309852	2.78842113692786	2.26061229070279
0.0130908063190821	1.64513805251635	1.72906110987856
-0.0713972547024162	1.87755492391166	1.70695170355351
0.3682379518693	1.74499283226278	1.42242579690975
-0.30590526460993	1.9743746972793	2.14843675637623
0.497467870334872	1.64403742960037	2.58911234070576
-0.691611692812088	0.958632191192763	2.52421112521362
0.566892597681169	1.25022449850434	1.94407463032643
0.41978661905915	2.00422480420469	1.73687241681901
0.41978661905915	2.00422480420469	1.73687241681901
0.41978661905915	2.00422480420469	1.73687241681901
0.621494331871666	2.42923794461409	2.32119323436722
0.799751179906602	2.07462689821759	2.09573515380471
-0.332570313645536	2.57835620542395	2.34449753205184
-0.879169011009518	2.14980266763398	2.10465347026941
-0.464193545180004	1.9264749210835	1.69929013571341
-0.459827011148808	1.4880453619866	1.4468215886673
0.0436038856390426	1.38598467079753	1.94974514039245
0.145554625748412	1.89531345789172	1.83016881272895
0.137091503588668	1.94333048370379	1.84057122578647
-0.660979563238902	1.86174731455049	1.91215983019077
-1.38030765879753	2.0288899327594	1.55665862038645
-0.622253695391885	2.44676485675332	2.05504530387558
-0.622253695391885	2.44676485675332	2.05504530387558
0.376033073869026	2.54908844288258	1.93490932146873
-0.184609353099123	1.51934009008447	1.58420208168088
-0.176462031148803	1.20871253160232	0.822154057425997
-0.63717722994915	2.41742313865426	1.89841772834895
0.208762408267304	2.31436202569198	1.67858907404742
-0.26598062149839	1.55643222879002	1.03265899594395
-0.242826440260956	1.22406039999739	1.20083898157314
-0.320821643634685	1.88845652940509	1.8430372883435
-1.12952830203459	1.74712376532466	1.87111338982922
-1.64966817636714	1.12828277982355	0.503255290283042
-1.04016104525658	3.04339868312679	2.31295034165902
-1.99319055225144	2.70719636381771	1.95727681891465
-0.855238570565845	3.02941406316161	2.21900053396776
-0.297961128456699	1.64729773816497	1.51838263042761
0.0947917512355367	1.74972130468737	1.46434167893746
-0.412074069856332	2.5575110910447	2.22758855891519
-0.0418406399122248	2.3951092068374	2.07641854475246
0.13615702996927	2.71345807230219	0.916882600914482
-0.167381000917936	2.46161385848037	0.677852485556585
-0.359192432331025	1.38274130721179	1.16346665194489
-0.476333636505744	2.2776282137067	1.44759539456802
-1.17133242311502	2.34069084513066	1.78641205619074
-1.57349054577047	1.33971203426788	1.66126125440234
-1.56224651404313	2.25757636898814	1.82013705401422
0.537937721690382	3.66475264720041	2.83023674086723
-1.91607800293311	2.47926032637067	2.14447161035109
-1.0239923168267	2.43471962878468	2.13157112709114
-0.51751450107862	2.33801038555986	1.27577367040274
-1.31964000515263	1.28474520306498	1.18008032669011
-1.11090366400742	0.41544067412617	1.3270002578487
0.00684462541916654	0.335475804440439	1.51685100948073
0.373651660005357	0.794997560456447	1.61849206190493
-0.579436893918659	0.403915853057174	2.57300158461841
0.10447685363152	1.46303284856179	1.59042413060618
0.318061008127481	1.48563260280748	2.37680625001536
-1.01968458834055	0.308480994014738	2.61848735984578
-0.2280013976839	0.0218838917255265	1.57763789556422
-0.748482917586057	0.609951715631639	0.4538703394129
-1.03976015532359	0.892963708502292	0.655660094458982
-1.64568047601043	0.350680731222053	0.171835365110007
-0.538129083692808	2.12480904119317	2.27336990084651
-0.844512570798701	3.42046983703787	2.96606258070776
-1.92437720698783	1.77377774118936	1.79919848233536
-1.68050735914159	2.30857546828278	2.15430346397488
-1.39014790369703	2.06868590331077	1.26685777589688
-1.9895391108494	1.21222630919137	1.0566343508791
-0.734379573430863	2.89794031063192	1.79081716322711
-0.416168375089333	2.69673240207187	1.39839171164548
-2.11532579453822	1.6562801297796	1.50627977857085
-0.676387809130071	2.53451653814253	1.87901421990938
-1.03746685199401	2.56380009206729	1.73048195698137
-0.548304992796262	2.15427747882193	1.26862188822642
-0.898921106909933	1.80081501616528	1.48885237915934
-0.025041207681455	1.46807427573313	0.967221959027444
-1.07704540280276	0.402201090768981	0.330632492489976
-1.11047815132479	1.40342131642392	1.17271179556848
-0.789622751566609	0.728784911127509	0.700808687714029
-2.06748420638612	1.40893258729881	0.7087507541457
-1.29094441564325	2.03535806223434	0.929933376053589
-1.19224349917121	1.82191927288672	1.23393400814504
-0.440560798316856	1.99100605222643	2.64399178672145
-1.99524502658373	1.08194877701968	2.29236675380932
-1.89293994021091	1.92361141174408	2.59149751980846
-2.46071184367682	2.69574114000083	2.27256891003685
-1.40970439967491	2.81157838148303	1.40131741210763
-0.736514143546561	1.08863418027842	0.503891782746153
-0.788539116448432	0.611268202870877	0.773253336803608
-0.572089509432957	0.262369403759271	1.1229145236418
-0.523705691843667	0.628647118047242	1.40265409731055
-0.244261626770198	0.266076222968897	1.55932836899689
-0.482256920475456	-0.351191105898328	1.21425783647609
-0.399219820826358	0.170440406256044	1.46665750017566
-0.362642680028192	0.677070934665095	0.744103059615268
-0.207260227490793	0.743989231537888	0.886255241765879
0.576787293587845	1.47762832964587	1.61582790466065
-0.189991055935969	0.532379536751042	0.905895734040124
-0.63390063400745	1.56242009496908	0.593720329218666
-0.860142452847999	0.940960637323108	0.608003802058066
-0.924314285938743	1.13360349710072	0.689958900328674
-2.14214520063044	1.15786697688488	0.368307951554326
-2.51519966587916	1.35339119627886	0.5839825316162
-1.08557344385167	1.31388593660442	1.01139975449084
-1.06922702804724	1.31460929604717	1.62621482481841
0.169536660475104	2.26432250525512	1.57268236270609
-0.608763562709805	0.712557581669183	1.45736963242894
-0.868536890845615	1.08362298457467	1.84635440051236
-1.53746916016961	-0.573107529047347	1.32833186202918
-0.0209148213626069	1.19073709030697	2.09255857015616
-0.355615339844724	1.70672419606345	2.20204970775062
-0.2855156073188	1.37704083279892	1.43552753984944
-0.651316430489753	0.211461721533666	1.02850381602374
-1.23389831628738	0.0478820782550264	0.868418446517073
-0.975167911973281	-0.221305810752173	0.426777625065315
-0.247921153703077	0.0610841706920696	1.19505478555215
0.186486704785376	0.218691746250682	1.7667443400783
-0.229977663840894	0.133145321393141	1.614671244306
-1.2744703459303	0.216546835803062	0.985548220368647
-0.616261393044793	0.87642143513618	1.17236538533288
-1.93797859199288	0.515101900323284	1.42214088267793
-1.60997862287628	-0.802097544722385	0.434267557609938
-0.833453082567889	1.89647690466164	1.65090681417227
-1.62063107346412	-0.0423377952252906	0.302222646749746
0.0582223454585222	1.95399674589998	0.931013982040899
-1.39045039309919	1.53825914113601	1.69847873027776
-1.29485537502735	1.5455994125265	1.00070167678715
-1.63010906291021	0.982741858794485	0.360631454272236
-0.827061964746319	1.16108055090927	0.502723930695287
-1.7647143724866	1.67617044836977	0.290447243098254
-2.59732994274783	2.13224692351758	1.12401200081533
-2.28999269770494	2.00838250117489	0.959658906555144
-1.17941059329922	0.987850382984194	1.05957963716375
-1.17941059329922	0.987850382984194	1.05957963716375
-1.72390884817313	1.0222377530028	0.697727277928931
-1.36237593290127	1.54111566245213	1.03567938377373
-0.98582211313987	2.30943790172809	1.9069355226638
-1.35865690743101	1.37909566297237	0.900562650254711
-1.34304399451481	1.08550445923121	0.971959483272098
-0.921534568682672	1.60582465575628	0.919565878645768
-2.01988481811023	1.30182120483966	1.27017318972378
-1.8812093511296	0.972353905236557	0.419167396858126
-1.84526612269942	0.646078274417685	-0.052166787321485
-2.2774156079937	0.824923042872439	0.429212268558314
-1.76455440870132	0.449615916721299	0.710122486972468
0.20100855556106	1.63707125727726	0.517953630400976
0.101679150512359	1.79539525619132	0.994375151484353
-0.638522845891718	1.73873293713434	1.55215544770547
-0.622060062980092	0.388062813064001	1.06955364814154
-0.0365836851811155	1.7334594576939	2.13936887215557
-0.505776799873625	0.595136877540238	1.33400199357811
-0.634823349598913	1.67338169170797	1.46745778064531
-1.03666438037755	1.34123686449509	1.24758349114704
-1.22021220254225	1.10131350626903	0.524507441312908
-1.24242612856184	1.25817051679754	1.1636729079886
-0.501352576745905	0.430136121678077	0.681691901138038
0.0412400062820444	1.41833154629544	1.56599730012101
-1.63294961491129	0.338996347141527	0.88353172977849
-1.75304436070977	1.41867898385424	1.8562692548644
-1.3280386317462	0.837197033375275	0.71489803853967
-1.28913953634587	0.40372738945768	0.14126101661055
-0.0494849756568507	1.29137314302896	1.51470037593951
-0.614745936170757	1.90669229217961	1.87203167723371
-0.0868545935233959	2.50358341753466	2.27165057773153
-0.767720517126826	2.47051084362578	1.74204882192606
-0.250799930610945	1.83390962695389	1.42587040264752
0.0458216157307734	1.51382256313317	0.988919686958345
-0.358256361213574	1.74647566738657	1.67462789404905
-0.616574310072013	1.27462720800494	1.50945986534217
-1.17350001489644	1.25322904732999	1.36938581442442
-0.271145219468643	1.31969920910205	1.41517101203134
0.68546115185465	2.49317178070051	2.15602806523913
-0.120428335274243	2.85130706020933	1.95624001950314
-0.373168521271397	2.69401456991134	2.20674716320252
-1.26512532003652	1.74338675954812	1.1904915035217
-1.00324151895748	2.00566395216497	1.31749177104195
-0.835728061592094	2.50781745325173	1.89503167709193
0.131596969290694	1.77563074238396	1.07517881768972
-0.296821943515433	0.960225567148933	0.881659725822332
-0.673887024526289	2.10840546000399	2.02048519541638
-1.1321624332625	0.93846065144154	1.33836589403753
-1.40241357415556	1.901286612943	1.31126955351601
-0.607824861848751	2.36085682514247	1.89926704143855
-0.340602397451444	2.64494342864037	2.05563661080035
-1.08978564106016	1.42486508258373	3.06325650490885
-0.204192487322214	1.11820547302361	1.19615675589082
0.0604024837012075	1.07119142060332	1.70645998976706
-0.426871238653812	2.24052881022972	1.2771696591497
-0.831527717389766	2.67067044356325	2.60564081982219
-2.07451988432259	1.17491704599684	1.2086042266902
-1.09419774737145	1.80386381181737	2.06703007894018
0.686542053951011	2.29991286491369	2.33898511102674
-0.423148360449003	0.568873705765468	1.51453319841728
-0.155289844322632	1.60525441987055	1.86128571794797
0.0792823568386996	1.86829639309092	2.22609709413684
0.324651382368758	2.03721993811585	2.00211414629789
-0.283120006067626	0.899438778751013	1.67170321354099
-0.593915620732848	0.750734202838137	1.01519692024802
0.0732467195701148	2.01836813069076	1.98862028707903
-0.102616542859862	2.06033237963756	1.37605717489325
-1.10885017110041	1.50128448183303	0.924969792138434
-1.64037211530777	1.46760211794988	1.28103893224077
-1.38407468558595	2.05289759148794	1.24400881613388
-2.11931949030211	1.10917627462693	1.03636199808048
-2.78804414533301	1.09033520089879	0.694651182763188
-1.93909997494838	3.21361667188334	2.82281564387142
-1.25936703841069	1.93956039536735	1.47821879048483
-2.3848707504087	2.05766329679613	2.16622466874763
-0.613987199406115	3.33643490485695	3.27689839842847
-1.0866139001815	3.33620880038799	2.95349325237618
-0.280649325082118	4.73711725513703	2.81970384846513
-2.04399021068769	4.2185701537897	2.24719753771046
-1.78666357278252	3.19974929833168	1.53566711675405
-2.85520068570672	1.60115536487382	1.19151741140836
-2.31126042877971	2.3112229748488	2.09139003854688
-2.89654676442532	2.64174341611363	2.74825143608601
-0.959266105211928	1.71762415283702	1.70118529607332
-0.566159724162836	2.18200240930419	2.47346104146472
-0.347946372918882	1.6801856306287	1.78572275968433
-0.681091130572478	2.78767938794151	2.25962888817937
0.0326191945325006	3.44725092551489	2.82910428643636
-0.733808286069443	2.63815045587783	2.18089486267043
-1.28460933453284	2.52243837287273	1.0193853746201
-1.35134771905046	2.18438195004348	1.71866312467693
-0.70222151566537	2.27673709947604	0.848381052267751
0.0497761628368242	1.99855276226994	1.43549094849952
-0.480676696998411	0.507284735045183	0.8715157328364
-0.0141435963200844	1.63720752900536	1.08390663357129
-0.197287031143495	1.37502330202747	1.48088640789859
0.258498235487023	1.0713245350779	1.69192324584719
0.0171919857593411	0.936960973507757	1.34926130975061
-0.235149968062656	1.43436137223494	2.19786050060904
0.356661684752001	1.42714125466869	1.94290568381095
0.415793089941068	0.909092643880972	1.71004981971732
-0.0120797356950428	1.08917771360546	1.61003576716979
0.138310932675191	1.7245751970684	1.30216136492417
0.00388306211764931	1.44362033857071	1.40642070393315
-0.894852480283358	1.25574993881289	1.91229800720804
-1.74951881763148	0.179242992975336	0.148720088740881
-1.67552181575801	1.81280464265703	2.23502048480907
-1.13693111683937	1.27348552134759	0.955441534013433
-0.257115185464323	2.2246065619777	0.698990484658161
-1.40982536591633	1.26300686248766	0.165511263104141
-1.47218042755216	0.871414654388163	-0.260586096795621
-0.826407709471965	-0.638518756016884	0.715344321883857
-1.60688090460705	-0.0255804280570618	0.676505233122971
-1.6066953839875	-0.0160120123007794	0.372381978466887
0.019523874212938	1.37354462523466	0.747204384117623
-1.28978274070502	1.08571618123046	1.45830119673018
-1.1530747292055	1.56707396924583	1.6433233429587
-2.96337571283311	1.5058150493388	1.59487008198325
-1.68106482996324	1.57100650496705	1.66235264728733
-1.74765442945123	1.39607935310923	2.20151917001951
-2.21159402288105	1.94639896251403	2.04422739196638
-0.649310172594624	1.4482641910652	1.12913273452493
-0.220127658056561	2.81102645019637	2.46253744505366
-0.810049067688482	1.94552495689051	2.01629396307292
-1.18411683541679	2.06017684302725	1.72886993256145
-0.7292690252533	3.00563972372277	0.726273597419221
-0.281704526857752	1.52155032018614	1.45862552425638
-1.04448794290388	2.35475031228008	1.68475493722366
0.81784391519531	2.63951748658292	1.99486334506345
0.0251621365261859	2.24661994601611	1.67534855533557
-0.881441726378126	2.2447367804099	1.38488743747736
-0.929026484389646	0.568397408670586	0.468898219830034
-0.547181602726783	1.32909151326316	1.53492329743394
-1.0843876892339	0.794932855366684	0.782140933647449
-0.745777644021026	0.988706482120427	1.42493899097195
-0.624758278721768	1.17494417219984	1.36696817237594
-0.694488202567263	0.737132220803038	0.665664993610334
-0.471793614971509	0.861020478213454	0.60308758213588
-0.916758455911523	0.360789205089526	1.42701188438517
0.391907142726505	1.12858063163211	1.85000911368617
-1.14861154659512	1.3401393812863	2.20413926355301
-0.229965978220028	1.93079631727055	1.70737462026716
-0.0949053563439214	1.32504271494376	1.19743464529376
-1.74681214051255	0.324193158551945	0.719691130958772
-1.28622253938042	0.939893348732334	0.441452892494591
-0.802791353776682	1.08164869063727	0.441943546949954
0.191750749718884	1.62046984611433	1.24814173061122
0.0337790433403544	1.91650069822915	1.34505615826879
-0.777623298401281	1.17650536296255	0.130908704986533
-0.844020357862066	2.00359532497884	1.80940237939896
-1.24900475259256	1.62722497700268	0.991773390648568
-1.4401625005762	0.806283817725145	0.0167197665918463
-1.72415595926614	-0.0415952111679379	0.290518540442672
-0.288149445476301	1.28039258903048	0.816679508655948
0.055838852960149	1.03649571647821	1.27286093726575
-0.3172745728157	1.1508381443003	0.767699552965722
-0.67365648289655	1.44307609009812	1.66733479986671
-0.843832929581295	1.25289238262309	1.27064106482735
-2.51318855414397	1.34791582347481	1.1045014648312
-1.32785464879831	0.594902668758514	0.449621340697109
-0.0826977404997882	1.26584327961374	1.30143658185234
-0.0488488767427197	1.44653315017188	1.03928655369637
-0.242155267339316	0.935502996277612	1.50604526491901
-0.242155267339316	0.935502996277612	1.50604526491901
-0.300945088047517	0.668106733500082	1.32956906308101
-1.29485509882474	0.000794394296129958	0.707313385238058
-0.249505203484555	0.799601488274217	0.904235049205103
-0.41824385775075	0.685098088410056	1.2574142948281
-0.098237638028191	1.60804637886597	1.65622830710754
-0.340205166584031	0.793248472412674	1.32777921899471
-0.398285353705132	1.48480621899854	1.20650956046331
-1.08182373313568	0.699958541187002	0.817655017658589
-0.762396129291938	1.35954108856799	0.669271271116445
-0.150974532817625	1.60144670558107	1.71111533683845
-0.414337326775831	0.209443890549663	1.5125582839281
-1.41422182838207	0.185687027200498	0.93746085938966
-0.401822725946485	1.04594945688608	1.64235177133461
-0.996928245037134	0.439790966858253	0.578993335774622
-1.66685302780779	0.951376774096304	0.824781391195511
-1.92748789781748	1.09099191420639	1.34291628530757
-1.48772412111257	1.98789659097965	2.52911176756851
-3.16761854946672	1.55512790892874	1.95656321424309
-2.53617742589178	0.792187031382233	0.962662827835535
-1.12631198479212	0.50070088266133	0.495379208369096
-0.170670168081452	1.29245102903853	0.987252351424199
0.695168728291132	1.45999794255092	1.54354326785083
0.365351643673899	2.09634073932379	1.27146617018137
-1.04896564308466	1.06737958727942	0.772755774534709
-0.991221311725812	0.854193468231001	0.589353913810442
-0.275001406672529	1.29864799689066	2.24393951416101
-0.38681170980177	0.0340338190979765	0.906382519155801
-0.649172323772081	1.10750466498366	1.46740103098425
0.0385302363115592	2.26198622845033	2.00642574134787
0.677022251837668	2.42735005067246	2.56075567781005
1.06328315100582	1.75098202419881	3.07730127509244
-0.21909912388062	1.26110475375122	2.24100717277454
0.94996942984773	2.20414727515197	2.32372486008161
-0.0629684983234126	2.0428224042693	2.55989791134339
-1.4408269294761	0.900454392319954	1.8247870332522
0.0108392444531772	1.10657337893261	1.3474508944727
-0.276772659090157	1.68985333559602	1.29603260687902
-0.782911943676844	0.838314710111779	0.501507250233289
-0.96946693664895	1.26852214709399	0.788035647164621
-0.0766885260704433	0.747931760406832	0.484560131539238
-0.471121506650207	1.86894715265592	1.90350372668304
-0.0587673097470311	1.32438700116034	1.49676164463567
-0.0519037260146473	1.37015516971582	1.42853355570983
-0.636860747991924	0.391233381207146	1.19619251121579
-1.04010868578718	0.927659148722931	1.61996041862465
-1.10491591950824	1.253279030338	0.971314996661018
-1.8092805539293	1.76047430745646	1.35798482379668
-1.37747113673169	2.0236748915965	1.13963737137863
-0.291947815832109	1.67719825100877	2.21481445336776
-1.21499392850014	0.922329508553056	0.73555850086569
-1.42461836717841	1.34839953526638	1.18377614377273
0.556536527380481	2.01219260637112	1.65931225839647
-0.245758123108836	1.26179208908311	1.73883513497947
-1.52206104203436	0.699326139914925	0.790737959163964
0.604431302396442	1.58460107089139	2.35634636879558
-1.10997399645297	1.02470087729031	2.23336625813933
-1.99744796367135	1.16728952068911	1.41584102779934
-1.00454407302674	2.28992559133934	1.51260743686395
-1.11013870391595	0.678778558369174	0.456898909111557
-0.754288098621603	1.17081850917384	1.65832367712548
-0.37709466486229	1.0167778550776	1.22425448230521
-0.171667710064774	0.856896608155936	1.23536218421359
-1.34909319700887	0.526584964985194	1.3460040392595
-2.74066597736642	0.505496174209225	0.350633125860479
-2.06519907064936	0.835231684687095	0.478993243489639
-0.872925365811787	0.374904980229097	0.684109768369136
-1.17277016813482	0.690865098150939	0.233140777585032
-1.83322586707595	-0.10530101633431	0.559119160810457
-1.70575860596979	-1.0151964466382	-0.0245341148083714
-1.31155653291106	0.0990682573747665	0.618719268793665
-1.9581814311894	1.26276544590625	1.01655957776332
-0.316360185754572	2.17412266195277	1.92869867059439
-1.73489262436257	1.52548943858222	1.70307225888415
-1.64218039182521	0.427190266986594	1.06045112032656
-0.58919269472862	1.35489253524639	1.26228841014263
-0.351378879105652	2.95352051489248	2.53175493774784
-0.0719280064209477	2.26112303287156	1.50494134243391
-0.680549345376272	2.09959105238245	1.95505235503947
-0.920646958847626	0.668137692398905	0.00588035500547157
-0.948259091666602	1.44482617776631	1.10068872288559
-0.616375453824399	2.74633394711356	2.94162880864914
-1.35479581380045	1.30080654743126	1.52246184716428
-2.06867916812702	0.690741413318107	0.341999186559407
-1.03134164008916	1.43102724352754	0.88043943086323
-1.69850777368459	0.376233106903193	0.871132842987664
-1.05418981128763	0.282480689609698	1.44152891242612
-1.05418981128763	0.282480689609698	1.44152891242612
-1.27963808684147	-0.303131787060328	0.842880138606292
-0.087596153896625	1.23932702266517	1.06619442332775
-0.802165766083012	0.445192307360585	0.772880732297285
-0.631349856869861	0.78625470147353	1.01864328299804
-0.621558262828617	0.604683220296236	0.90687339404737
-0.648670493149508	0.938511614126297	1.33765490620124
-1.07089385774813	1.22786043619117	1.4181131250112
-1.1601742093308	0.195278513683111	0.51206244929729
-0.984473904150514	0.491312222033001	0.60891959662108
-0.89500852294213	0.0233203785911932	0.596544936537987
-1.07333173689009	0.126294634200405	1.02961782126871
-0.814525088549565	0.862302428845777	0.956033152569656
-0.858869565471472	0.346852975382932	1.09418476603683
-1.13431979138023	2.28430528550157	2.05460165370776
-1.0176645447038	0.609102530864792	0.0502450487028875
-0.636569222868015	-0.210951937756314	1.39827552761777
-1.01286195951039	0.796957785639881	1.6350290520791
-1.89692555687827	0.968447021249565	1.3039477792101
-0.66020315126462	0.434876889936792	1.06106161582275
-0.359433618161723	1.26237059388428	0.567450561422415
-0.313011702391085	0.468333532182205	0.618774414038948
-0.158401208382422	0.821113835143154	0.924300565884986
-1.0699227015692	0.87054300281871	1.44249622292747
-0.606705258624416	0.66251301308022	1.13079956576003
-0.675190251236101	1.56811491700092	1.19863474029771
-0.771531208932348	2.04247790092111	1.11988206553079
-1.69533672616245	0.687233004304494	0.583385428697731
-1.60715733147711	0.504355155950689	0.726773883989291
-2.02911433967497	0.672012583148606	0.711544285329212
-2.24895996907372	-0.107102763246327	-0.102879523700367
-2.1345875678078	-0.278101346684948	-0.105098174502877
-2.90169545309967	-0.180228524434613	0.334375388946302
-2.07140500977909	-0.0675033209693664	-0.160540450400581
-1.00272672016752	1.40891888849329	0.889268004341108
-0.91046198439168	0.731906371012974	0.676477158330758
-1.45779713891676	-0.625114491902937	-0.0720469316540731
-1.08008898985787	-0.373686409275295	0.216056823207466
-1.34453772004873	0.408306231757045	0.0218962177530489
-3.51006671017228	1.24598846699246	1.19869538973984
-2.97418829439789	0.82148945058238	0.553865612814333
-2.83063823307285	0.148894278232224	0.67660637439572
-2.44298115162907	-0.145646446204973	0.821672443947337
-1.19779736883508	-0.345204268669641	-0.034532735544061
-0.971421427111657	0.623571990398886	0.899009829131362
-1.6827362561465	1.75105714032236	1.50359254911503
-1.22367912074303	0.250579960196918	1.00478575915699
-2.5554060013102	0.467149653651636	0.659675110886448
-3.00862672883785	-1.00005834799918	-0.0864662340552218
-3.83663338188725	0.710743670280933	0.372127117745115
-4.11552301979924	-0.252792825756556	-0.228523601840758
-4.39183339071197	0.183459253780391	0.278715184426752
-4.643532163785	1.17294110970191	1.47273526528211
-3.36384035237782	1.92667160972472	1.98013775209316
-3.57332594265951	0.938316176010395	0.0836276745427855
-1.71024434371911	0.727362198112899	0.331344592414385
-1.20745604289376	1.05563059414169	1.26513913468519
-0.0298887937751606	1.423325375834	0.67942200874386
-0.937295272928896	1.07265902467979	0.83364135879056
-2.10781953959356	0.76566012520051	0.3915205567409
-2.60432572295587	1.41729770781718	0.771140965657189
-1.80392035443824	1.49251629381812	0.853123313764506
-0.884199362880046	0.973569337801152	0.539086660799251
-1.49405104790292	0.801734746290544	0.516842985168061
-1.61082764090158	0.936023761622512	0.307830904405327
-1.32258326568751	0.939041478543529	0.732115075926387
-1.80871776294542	1.97860941956073	1.09452862480679
-1.13194774042138	0.970210266110497	0.477259668200764
-1.98084368649469	0.540792520449565	0.762647857954246
-0.638754850844375	2.36024685406784	1.57317185463922
-0.450889891000667	2.19148932479685	0.574201200610716
-1.78497566184288	1.04775197500457	0.760444688333078
-2.57406485781972	0.985872665138333	0.907444392604912
-0.831450384265072	3.13338203605907	3.18433733864114
-1.4084833110688	3.00312062460897	2.55336763552248
-1.19250298644066	3.4093336858116	2.90774917245134
-0.28955418386662	2.00362902795665	2.2920573269899
-0.90297379420579	2.04524359502849	2.18541774196597
-1.44539816743703	0.15781470170929	0.831181195522572
-0.333210022627417	1.27091573545682	1.08548668362231
-1.59500341556218	0.162101721919098	0.880214262873188
-1.26654695564148	0.308685970894904	1.50552980693761
-1.31088540015544	0.59363639378115	0.92417163738648
-1.89317149825292	0.631528995348682	1.77758755137292
-2.1174920504454	1.50785367039009	0.855238537675775
-1.29414717217181	2.2597628796608	2.43232698163908
-1.2466808865754	1.04134361041853	0.612564510095925
-1.2589861720619	1.26298764371979	0.844807901390125
-1.16322666809501	-0.653379618399486	0.567589637659305
-1.4833678454146	-0.14240624631599	-0.346290370457561
-0.640826225164151	0.00958877972572358	0.976904279640787
-0.635483611002441	0.875011530079869	0.626951922281019
-0.936310883284738	1.38106766101606	1.43629067417249
-1.49324844976349	0.819142217888991	1.56477622112384
-1.42925159571375	0.88714906959045	0.668925260629051
-1.03781765832148	0.892157749791748	0.6833187584516
-1.5908548831093	-0.655953513834491	-0.513139332956028
-1.71020417918099	-0.35159973623028	-0.633721455846797
-1.61327047037186	0.210959429501334	-0.0706243893629849
-1.68076348319555	1.23937966181729	0.505179385650876
-1.78433870279156	-0.0942883414746949	-0.120946510503769
-1.31473607546587	0.300419255066587	-0.233523310408315
-1.6296599787472	1.09706404492153	1.10239349953816
-1.56149181817447	0.00147619693061651	-0.467082857788692
-1.10057228321304	1.37693495305128	-0.509594001833433
-0.635233212861769	2.00399930339394	1.66383956884223
-1.85988785347029	1.60392896108066	1.66589056029263
-2.59541307093627	1.58849270635728	2.0444195461191
-1.38440672234855	2.65915059663404	2.23571419007641
-1.32657410530659	2.25370345502725	1.56431863050749
-1.65222088580043	1.46523475530649	1.34034881447177
-1.45297207804216	0.66025946096047	0.47674831425981
-1.44661413594031	0.580199478668492	0.864012785905651
-1.71647953756164	1.11867809741524	1.46745891430366
-0.869343963718657	0.723664369393385	0.52727115192785
-1.43560766744699	0.801001956529528	1.05182103022128
0.000622949695834985	0.616686701528022	1.75100788578284
-0.635371937470555	-0.539344448236291	1.20135158663821
-0.4504901910894	-0.916648838259058	1.02343926627444
-1.44790460683479	-1.87072182325034	1.27883905224785
-0.486462632064059	-1.38907990577766	1.51178590406937
-0.993987189250092	-0.940383663769435	0.647658458099121
-0.525013888037507	-0.4836743413774	1.10609111602835
-0.280682447125732	0.280257048426105	1.06065975187871
-0.824179665537758	0.430770558092353	0.916870512169014
-2.30529427390661	0.855275049323041	0.641825981752267
-2.35077165922628	2.20726337024256	1.98638384646704
-1.6879953991989	2.51000472493808	1.91846169915789
-1.51914310128865	2.50797384512188	1.46771942616082
-2.48885246698656	1.59032161787532	1.03169457887112
-1.68928819837973	1.8367762957024	1.16354647807363
-2.02894494513891	1.44439024864337	1.57264086125689
-2.40791700084284	1.72489695055498	1.05846803893179
-2.27712730210688	0.444980292731045	0.647985892278468
-0.695587897963702	1.64719694127512	1.09015558913977
-1.36564613875204	0.049753614755108	0.570765030405986
-1.5781357668149	0.685025821619625	0.747275538725609
-0.248799503937317	1.69011830163404	1.20558937292034
-0.698345320312523	1.25146884806436	1.30680545575957
-0.353520877737197	1.12245364419256	0.930415492174753
-0.564230561629131	1.1230644082272	0.509989014021753
-1.96626458491514	0.401159519878175	0.221466793632614
-0.647407969686137	0.856008581456163	1.02463820148829
-1.53811896842313	1.93602392316563	1.52638368507691
-1.60279372284361	1.7810864818437	1.49878661918685
-1.88743949452203	0.666924242530554	1.49111418496252
-0.777347429053166	0.356223916560003	0.452702753370853
-0.570483838098432	1.11207955287059	1.25836906391998
-1.26431575899207	0.963087665876686	0.569907746717203
-1.74761788198417	0.49615083647934	0.744704798145102
-0.954992084907922	1.22095476005305	0.85554697972364
-0.604322396190803	0.892607751503338	0.163376216362242
-2.8346797590302	0.498089351820903	0.552699826468579
-1.69902411636294	0.440533282283467	-0.0132445264504119
-2.05938175426737	0.370213268425444	0.101986964486985
-0.681894582027513	0.863167643951364	0.586189082601693
-1.81844278701793	1.13567652920419	0.690159434438291
-1.64905536490893	1.22704012744298	0.689540901428591
0.178701860845835	2.22647965020893	1.64663619727151
-0.537017380897785	2.02985114465172	1.66630288814538
-0.348846346852677	1.8207851569457	1.47280192951118
-0.0975697002946807	2.68987270773343	0.647658238571521
-0.243718397215639	1.22303440712275	0.114158328522909
-1.1476590897417	1.56086304875519	0.938789849028968
-1.92194223298931	0.976586049074623	0.210341522545407
-0.923229029193474	0.617714654690897	-0.0392665733805871
-1.97610968039803	-0.277122850802189	-0.384458198629773
-1.03455222266628	1.01814967295593	0.884442697635012
-0.762248880164693	0.873609087172249	0.769300867609224
-1.48609280051185	0.0804076018642457	-0.441431990506779
-2.15511583309089	0.663013843920998	0.767710144330073
-0.327301456697213	1.12526436880972	0.661903007959125
-0.567117701792356	0.791682145417602	0.781648300146845
-0.333949204827055	1.66296122040766	1.43963764906188
-1.21907198620563	2.22604568369294	2.0758598722367
-1.37325062584888	0.415208520157476	0.357366136050783
-1.33074040447963	-0.0605529613263032	0.219218689285076
-2.23030199183286	0.49552861021098	0.359511922080833
-3.1980290869743	0.547515637241385	0.586561927437866
-3.43360725302113	1.03191919367949	0.739801341732552
-3.32701398105397	0.731111732033715	0.0368387657456285
-2.52317480001334	0.282152179312553	0.0380209568583672
-1.32468405954314	0.0600448096632526	-0.125903270300088
-1.3100444530008	0.242219958138526	0.435513499456907
-1.60571590908942	0.664249091258311	0.201440453641516
-1.06541662671504	0.792818018768365	0.575382220855509
-1.27131623300264	0.570823496050043	0.394106328828827
-0.856065325250449	0.932748876860946	0.552049516745618
-1.51505359130268	0.314521150142917	-0.236968908161168
-1.70695719027908	0.0339757161909297	-0.456153270375023
-2.69710282908665	0.869376648327043	1.24611085143449
-3.04573045321461	0.200571000912091	0.565232747658978
-1.42036565754903	0.0402786389318926	-0.156226459526134
-2.62646952752249	-0.0882848387278225	-0.560661251210442
-1.93187477189365	-0.331808429851785	-0.293729170748179
-2.0811347668247	0.825020810621116	0.525091675734993
-2.66735228192996	1.63171746389627	0.863219072552377
-2.43385283501708	1.3935995113894	1.42731904419927
-1.11458006269156	0.565771440540853	0.496980534455575
-0.902994261171363	0.651499441771602	0.713001537495824
-0.763770474038576	0.497678840853063	0.641385857284127
-1.13761648650486	0.841786000932554	0.149678322693707
-1.63623141308997	0.979673754102042	0.5543278947392
-1.51948859859656	1.61944429109177	0.8094428871764
-0.521008349177874	2.28589915535633	1.75906401823226
-1.60931550498933	1.62745211452084	1.24299647746623
-0.56685667284626	0.965488608955179	0.886534563628502
-0.250409598625582	1.3568819322308	1.2000658179486
-0.424678626186979	0.514738362834905	1.32997724381055
-0.619979439620823	0.187876209046375	0.934665947213116
-0.619979439620823	0.187876209046375	0.934665947213116
0.253221610166093	1.1647976183403	1.81425059128229
-0.177627242836812	0.557921702094541	0.892000417481776
-0.428228532404439	0.102049913780144	0.615622878746301
-1.01182775199483	-1.41058410282044	1.44348201970288
-0.637886749231655	-2.2147901409848	1.65505400336626
-0.242562221443308	-1.48873265922541	1.28368004320502
-0.821818531178705	-2.3700750253559	0.966660771941289
-0.755595820550222	-1.88313256210168	0.876968667099438
-1.09257648891244	-1.92103662510779	0.805027820440247
-0.725343711989509	-1.03669584762373	1.04592047171463
-0.701922808435435	0.153134450649711	0.413664818748205
-1.42333696702978	1.34620081817832	0.614450968557215
-1.12843604621042	0.82297763499829	0.496070092967219
-0.652676698333249	1.04767204905599	1.05447334623589
0.246130024798782	1.38140554244861	1.38879425932625
-0.227676452246402	1.88788237738775	1.34558435944276
0.623162749438014	2.2303482508684	1.47945471997789
0.320744207220668	1.04416560169661	1.85930769801037
-0.247979959233836	1.20925192252781	2.48792038098541
0.76943585796217	1.11020807832145	2.52431402924718
-0.620332723538442	0.844710314285296	0.849386145089629
-1.48432098193496	0.850979344771995	0.547734425090237
-1.35826411696192	0.167277983228132	0.566732835471964
-1.17454208324768	0.813641322994185	0.525879625201295
-2.40380556766081	-0.305280424864447	1.58840662810712
-1.30216217960615	-0.52778533490078	1.66867949835763
-1.97740927573391	-0.453121190199026	0.294117992817234
-1.38370778833913	-0.367357578641867	0.577915280335303
-0.583439010084644	0.575949624993662	1.74748432421149
-1.59433092833359	-0.142360672816497	0.736151677218786
-1.59031158019028	-0.383333288987731	-0.724410840252563
-1.22941163648139	0.219743674124724	0.699270765480969
-1.66810073094779	0.998536298112947	0.920269122924949
-1.02683499319189	1.90679662737192	1.42051926048539
-1.97677141185357	1.86335847622458	1.4353354678085
-2.15357192695646	0.509880896325484	1.54565168062623
-1.09446452571895	-1.21834409737432	0.194381457189102
-0.943890159892338	1.12702820417208	1.2829996182995
-1.29082305924356	0.730130555949099	1.10658123804292
-0.922008876603382	1.05518812650256	1.24449913277569
-0.670197845979707	-0.0138050782623267	0.967618712481076
-0.494928505078194	0.612046709960015	1.50158768678467
-1.41296416642602	0.73124121064369	0.431277478421538
-0.703394565403102	1.82764989444174	1.30778308453548
-1.729508783929	0.444679927195489	0.443873761996739
-0.607076846265951	1.2513490434794	0.0305634004448337
-0.973767240048372	1.63217551151106	1.54613015273555
-0.636778776812165	1.57412000084699	1.53873928246936
-0.636778776812165	1.57412000084699	1.53873928246936
-1.58953035044886	1.07026763081324	0.573085076631196
-2.20037137931106	0.886208069982578	1.31590324134244
-1.38116425292459	1.37463903759255	1.13192067422465
-1.95531471301961	1.43934613530642	0.955888885971038
-1.65872666166862	1.97851562878632	1.93768224339952
-0.707807294183656	1.33310653026143	0.815913661775717
-1.54560330182176	0.342798944418627	0.621665171493534
-1.17699626896054	1.39905368064098	1.42125589389242
-1.2963551219916	0.339459726871499	0.302385240720108
-1.45873227189908	0.0481380032989047	0.191044127903235
-1.90489303476191	0.743059466525462	1.25603425074997
-0.692055633270705	1.17907338704484	1.03466348581775
-1.82809827130824	0.87831684933311	1.14000002069047
-1.59684713163918	0.875689253792397	0.829878289955838
-0.874374732331236	0.507042870724847	1.0504527898247
-0.938978065942292	0.141286827337683	0.569368464914405
-1.1685611843486	0.16559165577865	0.815630524009561
-1.12152991549939	0.246584422350001	1.66388816957693
-1.07367887275409	-0.358801692884528	0.310697781155925
-0.54471091214507	0.767438284490518	0.680090778241913
-1.00870264417289	0.59357759300199	1.19151725605864
-0.749157598754298	-0.0715258627449196	1.46646224470282
0.00840651921853541	0.114998654502786	1.39356076037868
-0.660239769479561	0.740038021001689	0.80334376907949
-1.86195457457048	0.728843681353314	0.373093546820895
-2.12818398206935	2.04922905130834	1.55213810585635
-1.90614218009834	1.44508297453837	0.860738909297856
-1.74989062114998	1.79989815047584	1.21097007930407
-1.90296879274882	1.5152999676962	1.31719167257722
-1.28965401768806	1.50827260531401	1.17805655957526
-1.6983560108592	1.24185477309669	1.00728623492512
-0.892428172667242	1.9597644377682	1.35821289543085
-1.16813822849781	0.817035914867667	0.524370239941198
-1.36059485411964	0.455754553181545	0.760644026364806
-0.839420552030047	1.60031097298393	1.51029832508747
-0.566151910360116	0.863622378572193	0.685764435079511
-0.06000352099772	0.379400811561811	1.14937389952837
-0.458894780033301	-0.36680741849825	1.16942252425144
-0.807841940208561	0.147839707903612	-0.0222215648437492
-0.935454960708308	1.69321425455992	0.902976688953252
-0.39726365115981	0.736780137434247	0.661923067004955
-0.39726365115981	0.736780137434247	0.661923067004955
-1.84979241826011	-0.56682685007714	-0.291296844659433
-2.01387443779945	0.177612940821997	-0.641923602102019
-2.15933169613071	1.48729970223928	0.514076692156045
-1.22504846594825	2.81878955041051	2.60411995750043
-2.50177503273888	0.455102997223177	0.589993226460301
-1.3353621596723	1.56319376838092	0.89166224867073
-0.320618592505605	1.70690507082969	0.810324664551349
-1.69622470223979	-0.224493575180185	-0.316254411112804
-1.51492914219018	-0.548361445137922	0.0206041066573368
-1.6023124239342	0.717890795263055	0.582431490937239
-0.316837974004867	1.54773516946054	1.23092703474639
-0.316837974004867	1.54773516946054	1.23092703474639
-0.54074382369381	1.48522293050522	0.306649278751932
-0.574376255302613	1.43968974219557	0.913821336534278
-1.15782958080785	0.0665191200557108	0.760618612033786
-1.74171452361631	-0.650739482066278	0.0314944197438627
-1.39073642818799	-0.331636746403981	0.304567702261386
-1.58672786704136	-1.10865640397984	-0.177669780549884
-0.403278623678436	-0.180837180210038	1.24846545568797
0.126188150154167	0.53055882017139	1.65237000165791
-0.141561421215846	0.630632628934676	1.34361546846423
-1.84893879361902	0.717302349563761	1.34041571229209
-3.01276166763951	0.629785812121876	0.408080881576212
-2.43877012713821	0.700864596849012	-0.0713223424610958
-2.7134722426212	1.22522169373919	0.836159437844268
-1.27483238045378	1.03148995908092	0.7927048469388
-1.24669915322339	1.04237642583189	1.04921529706952
-1.68200055797547	0.542984913411129	0.646993595920139
-0.112231213174649	1.04244910210089	0.7648451726437
-1.84629976759397	1.16997644031435	0.785465878471889
-1.43651866538931	0.578540888104132	0.84434976092732
-0.174990864123713	1.37241163427607	1.41273599937981
-1.07833629348459	1.19024410146189	1.36269765102461
-1.92462658136518	0.340227329620427	-0.0252748287961951
-2.01478106036705	0.750645548240018	0.132733265722487
-1.96845044453066	0.445053415433516	0.290028934577726
-1.34435793973239	0.179192075949466	0.40056911495818
-0.915496248009631	0.243172459599842	0.590715812290491
-0.278791937897858	0.477000538929083	1.23351225933563
-1.32296495198399	-0.504908584618985	0.415697919909155
0.0284920620487701	1.84466219392752	1.54545584188838
-1.29101067885092	0.738638241854541	0.436350455570245
-2.29798746881691	1.02321234110663	0.563877881964145
-0.931239198325479	1.37880285148866	0.572135988845874
-1.03349509957791	0.815151923566738	0.582376845302778
-0.825146745132258	0.41787293317255	0.437262530795918
-1.49931868705314	0.801495342266725	0.982885063202525
-2.58865438491529	1.29532665632468	0.56794202273182
-2.3067438057285	0.506118159766464	0.410293593163883
-2.36884995204871	0.54905287215881	0.293137678185319
-1.88598893847164	0.687528602777503	0.898201517834519
-2.32774064789418	0.738319788354741	1.27784306525845
-2.15055095561282	1.26967130563078	0.780720454308105
-1.33176645914426	2.04846842273978	1.7095106047365
-1.23440235789329	2.30302273290193	2.00526010546413
-1.57006416773099	2.26773156613013	1.69002316400055
-1.70641831665915	1.56233045157141	0.87051749507379
-1.91762108492158	1.10963250283868	0.912697288568415
-2.12441388168671	1.30042926584248	1.15792811912968
-1.05418514238661	1.68972882032578	1.55268481355195
-0.752153844890996	1.08558498533105	0.757508341565821
-1.59810812925733	0.755807447499159	1.61339858519079
-1.89938401693195	0.723617254021089	1.37935893219126
-2.03053954821056	0.350437176720758	0.895108440839635
-1.34295597064368	1.79495356555173	1.08059607358802
-1.97989075017806	1.54121608123455	0.813600633114346
-1.57309071376603	1.98294935745387	1.86449898488328
-0.982139299700502	1.43706087004245	2.06375831584079
-0.756006464718425	0.709874740638064	0.403859581388519
-0.861542910378938	1.06373669873215	0.316815410682364
-0.436402586710212	1.45201360969677	1.36987622239587
-0.971766484273239	0.557265129922367	0.00226299177583569
-1.16152106043083	1.74307695258094	1.67147361501879
-1.26234805176493	0.929721746223796	1.56594631963922
-1.0423318065538	1.01933815635838	0.32353773238557
-1.01810635491287	1.13827691630639	0.869717918015352
-1.28865140179667	-0.127646062955864	0.745296687454423
-0.947514896950376	2.76498721771555	3.25087471158254
-1.64770269964331	1.63693157545166	1.75747548607059
-2.5946154998859	0.70022016450255	0.996143411360302
-1.80997828514599	0.69289485941286	0.771574523652854
-1.21405889459906	1.00015138065137	0.54164526466084
-1.14947355445413	1.04951822328067	0.257037507441693
-0.547886118325425	0.761531055279519	0.477185631250294
-1.50936862759762	0.673796507169642	0.801103331756963
-1.06952626235351	0.321133892381229	0.729256008724724
-0.491655833089539	1.20945984792419	0.895738711621388
-0.616616305076915	0.884282435590839	0.798494270290261
-1.2225358125095	1.31842874626446	1.7167427870654
-2.21270586102011	0.777504062901816	1.02386294305974
-1.03930221648537	0.127320660858222	1.26698837094211
-0.63093256169601	0.350336643838315	1.14874401863598
-1.12727552017699	0.611295909472372	1.12399485532512
-0.6205724810091	1.3570423897997	1.85439059107819
-0.741591975952766	0.64792356112542	0.901914336327538
-1.13262430422687	0.872369978412791	0.882152072930695
-1.90315971872529	0.747782855071515	0.535721165917511
-1.90315971872529	0.747782855071515	0.535721165917511
-1.98686588106812	-0.483620760917774	-0.204749045515743
-1.61270850912675	0.61959926317835	-0.0221515998233831
-1.22256996444107	0.477040927358762	-0.00207776477151611
-0.315973807836395	0.410559524181967	1.3725990040035
-1.03235772551682	0.926970832056211	1.83562883323835
-1.46321365242972	0.915271109485247	0.537299052422121
-0.945247705955195	0.0159176363687664	0.451395044370574
-0.781078112156463	0.677331787349878	1.19312385710542
-0.645354259214598	0.806751354525943	1.11661625989632
-1.3051288179343	1.24343727533577	1.25149424110926
-1.02973501894702	1.35898447787308	0.97720123335694
-1.18694245997003	-0.0309527229845613	1.60671911363016
-1.50902019300061	1.08829981628116	1.10204853907461
-0.618324370039014	1.31823724737116	0.788773693430494
-1.64796808395749	1.12112290413026	0.577949382002478
-1.99146767459858	0.701963770800914	0.590962654017517
-1.6338325875663	1.33893222768217	1.58835960124652
-1.95182774726906	1.72939693338316	0.903616372827778
-1.527411804585	2.30304701051124	1.55216391873957
-0.777958590675202	1.28769195361354	1.15405918111408
-0.777958590675202	1.28769195361354	1.15405918111408
-0.393485003281569	0.93073563591883	0.579462479015615
0.00083390192581705	1.4725477387968	2.00509959692635
-0.917056699075113	1.56317668114768	1.40034752496951
-0.757541743589966	0.824425481474004	0.890243956073002
-0.447774430208116	1.47393911650324	1.49968914612116
-0.521742070072804	0.592514837809093	1.4310895423524
0.0484192933960804	0.447451137978809	1.52985873589537
-0.0637859234597935	0.600135478780459	1.76806626549856
-0.129183295462929	0.610790515099221	1.19822299191972
-0.129868837807827	0.56778575704197	1.56791508799555
-0.129868837807827	0.56778575704197	1.56791508799555
-0.692675683298793	0.115555028730478	0.688903087294712
-2.26556761054095	1.42709958572343	1.60040183830585
-2.14163578773327	1.84513281566007	2.2377791808004
-1.56317628706744	2.42650140243357	1.68844134379205
-0.868048723482481	1.6463524353844	1.76386509043548
-1.23556604323617	1.68794507963334	1.65322091754616
-0.441943902319497	1.43014778617764	1.09198440899911
-1.57762536341971	2.96680409953993	2.26114315233908
-1.85019737518754	1.60534413712719	1.98490858178521
-0.967808828267715	2.09903136806054	1.65637153430724
-1.35667646545069	0.749110629006188	0.337616688930078
-1.52722946815677	0.733693911813404	0.559942344543767
-0.968403645766044	0.915341111942241	1.13002900494949
-0.74255566479783	0.992097684754224	0.857678236291358
-0.499946503339802	1.38364870521906	0.87250526828274
-1.43276465516192	1.06690483590634	0.771974352130313
-0.332466680308712	0.718396623660187	1.28188982624465
-0.597550045975609	1.32007174525504	1.19835842858554
-0.915722436058836	0.356311440478821	0.677190611715656
0.165316554862285	0.776741800952178	1.25089424528543
0.251784946457604	1.77351244423684	2.03691321037715
-0.0643008370209718	0.985589719888235	1.47904929466734
-0.130361680205668	1.5036433596188	0.800882093159674
-0.00574738927672791	1.61033100288624	1.0112139861118
-0.674973489582753	0.328617485811971	0.811357688490505
-1.2550197671288	-0.565898804875603	-0.22016282618881
-0.691041137394897	0.368532673201081	0.185557833070588
-1.25894181939262	1.55135179111734	1.45676559018574
-0.0935136944145319	2.58327603881031	2.21023688420809
-0.554863451920195	1.08924865713806	0.690144161809812
-0.43261007320872	1.75600791664721	0.823373090789105
-0.273861685842137	0.998554270508209	1.90322090448851
-0.866572485595718	1.48830612718457	0.959426120374436
-0.922303919621862	1.40000665457826	0.716589334297464
-1.09380917181356	1.20338376780128	1.15788836764227
-1.39554638822288	0.92953709112744	0.799870167552768
-0.871624251026831	0.746663052044859	0.449600853332512
-0.645757416518955	0.819748637751448	1.68172909548862
-1.29932242974696	1.12841447920602	0.76874741397802
-0.634354484792442	0.916588184284617	1.00237268867231
-0.438783012888882	1.15640253751028	1.51232442824654
-2.66463449860255	1.26286082090778	0.866161679253384
-1.96310608983563	1.21024817163116	1.27858809257685
-0.632227576671591	1.01697679432124	0.411879955064819
-0.477481769490778	1.80365485144763	1.50029581867533
-1.71102630530693	0.815447225136173	-0.0297039336397856
-1.15658672019601	0.489927826693377	0.243532293861057
-0.356204720334475	0.675410064512039	0.363698055414022
-0.492116396450218	1.64729216757404	1.6450816009592
-0.754299731483097	2.11553656405739	1.30187154674687
-1.15143148690549	1.72355346908949	1.45500057884216
-0.412315277472992	2.35401035810595	1.96033404754085
-0.102156715120676	1.90639671792463	1.50199115797149
-0.175675567133706	1.51351415752834	1.953332925975
-0.911926192755886	1.91670826052255	2.63313589613197
-0.88876740553729	0.817293400548029	1.27729350654563
-2.26035791952783	0.227948858207905	0.937820850143298
-1.20925647291844	0.82260145858731	1.02957064827898
-0.683612248749117	0.642540768467198	0.47440135341369
-2.05741263374322	2.10856606543829	2.55390136921483
-0.599032947978597	1.47094858120866	1.58373876749915
-1.57799452221627	2.53126212505701	2.40039289626328
-1.04314319043553	1.37456376073179	1.47526460750721
-1.32901199637695	1.474628423156	0.737773461454995
-0.236019607103915	1.35783037948981	0.60280141266339
-1.69158095872639	-0.580582575212613	-0.15557250217012
-1.57113857901175	-0.144051662894004	-0.038601903421473
-0.385040838578219	1.29629828323727	0.826674287424457
0.0617076037261115	1.21006129797209	1.20869503300453
-0.225174486036216	0.847534788105981	0.780708226093709
-0.467239759204132	0.632333493201365	1.0306524887424
-0.544372330321451	1.57004458053312	1.97892956014221
-0.109523331592616	1.71402484221257	1.393782319319
-0.363582429502126	1.90587863173009	1.41504962112295
-1.25163435222197	1.78632368153253	1.42872125454876
-0.519817674769505	2.05782295195033	1.47548362414182
-0.186395512423633	2.77912559940022	2.73872800775149
0.0477904367484508	2.00674319774283	1.25397356147008
-0.229419134698464	1.47822042763756	0.908768386900667
-0.852126128451906	1.44531089799266	1.32732737321138
-0.545992276855713	0.782222686755808	1.20255031562347
-0.389714784588158	1.62443566441993	1.37179966825327
-0.686451915527217	2.22485183875397	1.87180090590901
0.748831099738878	3.02682199486079	2.15374720509507
-0.445240792294474	1.84560710221033	1.63581045877944
0.0609485296401689	2.26110617482906	2.02500964014655
-0.143519206394736	1.73995265211691	1.53746013568511
0.152772189305852	2.00227943980355	2.09918609964413
0.200888486717274	1.28449289774631	1.94968387933811
-0.220812539050384	0.782409974129134	2.05627985958052
-1.31272767368587	1.14405016749998	1.09222697783127
-1.15078141259079	0.752458091757762	0.891038765772115
-0.361451896733063	1.75160614068264	2.41003131232494
-0.336321065465556	1.93873438347601	1.59126465747402
-0.657476835122075	2.62219869359128	2.24372116600903
0.0951140694563513	2.97573633775563	3.3444413745934
-0.267797076209202	3.41965584073674	3.38535263784227
-0.426580996701133	3.60677083896138	3.19300745001249
-0.120514626776624	3.90596658812863	3.09530538820209
-0.30900437244403	3.54948076305098	2.6876974748277
-2.08303005002844	2.11577373059643	1.58894909464931
0.214904759265053	2.18796622318713	2.10446412952281
0.0601315147678346	2.37211823175132	2.08471965020311
-0.55107467722875	0.0624696738152748	1.22185527527741
-0.122704381819123	2.11360018376428	2.88713361737571
-0.650021105968423	2.48251077456026	2.0717258179757
-0.650021105968423	2.48251077456026	2.0717258179757
-0.619964735834641	3.03169292516796	2.58375402951598
-0.369470916848891	4.55252263467566	4.24224297577981
0.230047969029706	3.6999118437617	3.54280720084249
-0.516671934059154	2.10670257291117	2.475191333713
-0.877128545120758	2.46139926189243	2.21616021467224
-0.947803624360355	2.08972262086054	1.93221473750256
-0.387495254012022	1.97999713209269	1.79766120615632
0.767555655114083	1.93722366289809	1.73922157691672
0.0600121331230496	2.74551175382485	2.23112299933241
0.508520685992597	2.8214120936494	2.38763460458349
0.056009519673128	1.09557148307533	1.81414232763452
-0.70466773627007	2.86811948843129	2.82730470808119
0.208923050608116	2.76418241101755	2.88126508266986
1.1207718894675	2.99499799742889	3.38919380033617
0.797059467159314	2.52416929968116	2.63986908756052
0.124712801413694	2.69631744253166	2.73681588331025
0.248078339051988	2.5039984147166	1.97939357244844
-0.230531421593234	3.15780501584496	2.43820686681474
0.540001732979336	3.82286024290358	3.83045866493447
-0.638544274293547	1.47102828255584	0.740402875969426
-0.222852866228537	1.5443778112307	1.60548153792217
0.114555934849385	1.9628688519502	1.48119437492357
0.623965963658631	2.43901960674799	2.22210627763331
-0.573509047409741	1.26972172961527	1.08239916747654
0.0752843662267385	3.04352616404823	3.49949264349686
-0.777000472044	1.76976233362553	1.90992315465811
-0.863461078043004	2.90705637277168	2.84562007303361
-0.243704158381571	2.4381513813599	2.26975093672166
-0.661233326105012	2.91145329320518	3.56958687499695
-0.573412943543127	2.21869876554995	2.10276405516147
-0.194474144975572	1.88782170151312	1.58584021404065
0.129394304866995	2.69748522658934	2.40468392863351
0.0354106771321892	2.11921246161896	1.44515334219965
0.182331293134664	2.44762596457555	2.02724616087643
0.182331293134664	2.44762596457555	2.02724616087643
0.99960072685866	2.66312474173776	2.62966774904591
-0.00720266980054796	1.47299784398811	1.50338357440939
0.174629456162525	3.73693076037372	3.19918407491324
-0.385913843699509	2.64776476346938	2.45442731070143
-0.447155787911381	2.41508651710269	2.90527698789634
-0.367894449302276	2.30157596262269	2.21698437118389
0.307817263806811	3.05906121971398	2.16838946231967
0.284037230441152	3.11390709816305	2.18476573278053
0.696051064442424	2.35131923842307	2.47589187019002
0.695243323502776	2.28598053030567	2.72711568343363
1.14396372702295	3.67255938759549	2.40210087898753
1.22550522564399	2.6889011679409	2.84526333374028
1.33324526118909	4.59375412844165	4.33030783667527
1.33225635653003	3.15628416814692	2.58655049587589
-0.232024318894442	1.5577077364581	1.61304313093055
-0.556238193528461	0.487961591625942	2.2805810568584
0.411021151234134	1.54642451364734	2.26515766816149
-0.0118419048303325	1.81939618737967	1.75578546918193
-0.17394285153961	1.43206488288658	1.17690279770639
-0.378179371316435	2.22790734564062	1.97679936709436
0.22984412696111	2.03882446922021	1.60156803894442
-0.497335291713324	2.01850750913713	3.07691006345864
1.08053877417704	0.891085296189725	4.06971788488122
-0.812279372232132	0.318468157307078	2.17704198655377
-0.766493196608873	-0.0720815823983697	0.56240045163049
-0.474394384202187	0.603710477611581	0.941757006917536
0.176306792280589	1.62830612980879	1.63960191150775
-0.199082187290043	0.776037461549994	0.997436528100762
0.0217079882091225	1.00554300891062	1.19045175909534
0.440295178664738	1.24915282827277	2.44729652584125
0.558178408710059	1.79644790832704	1.97301238418636
1.03527345888195	2.09471880784716	2.06422249741253
-0.957678134728338	1.31090983699036	2.15852482129461
-0.627093942603592	1.63069537363334	1.64395514642491
-0.849162036157767	1.72898138927337	2.11640853864382
-0.584448100367785	1.43507250625928	0.479609403005917
-1.23475079450177	1.18364561422376	1.28453525891202
-1.74224482453538	2.11231770019852	1.72144606778864
-0.327790838548814	2.94329437766392	2.36956314023952
0.310831852086502	4.04997336939027	2.26443153397079
-0.525681116958124	2.285705678264	1.75882328228916
-0.617969469936069	2.18912646528551	1.79187454714056
-1.17256400020631	0.81949864435421	1.47298787052185
-1.2230723201647	0.926203514959075	1.48570598089952
0.344526982969482	2.37345942245519	3.61244470828459
0.122390689120014	2.42358136957764	3.45285874551095
-1.69275490292314	1.84690340521321	2.21145103554598
-1.4837837978235	1.97320362559715	1.9971141389304
-1.61395205469701	1.30115587591423	1.97055880816538
-1.53982614682826	1.13570162521641	1.41372906663673
-0.631866798894093	1.7943723880601	1.06923771450892
-2.46714272924069	1.37715597067554	2.60772626243964
-1.52099511194804	1.42981713288982	1.92379232044048
-2.00609052564725	1.12905075163033	2.05428717791023
-2.79336649210679	1.68338602784019	2.41891823190353
-1.17447976750433	2.61984252622832	2.68199941010807
-0.42328467623289	3.10523687502675	2.66500557042813
-0.977973809848417	1.74730574272697	1.9213996694463
-1.32632576909044	1.61427642074989	1.95506357739732
-0.547939709211863	1.91514256233641	1.52764906810007
-0.701379552047684	2.13148333874275	1.9268757459287
-0.714719976581327	1.1638682343062	1.49199357261859
-0.361562254288213	0.906397501874586	0.888884789277882
-0.128772436162856	1.1985261405717	1.21454097910991
-0.203716765263707	1.30892622547751	0.484916248037778
0.389969744250379	2.05710010996535	0.771325287796833
-0.648240760323369	1.68573442548936	0.732151572717974
-1.18830879755147	0.230441840842278	0.855252492796604
-0.974575243198378	2.09066057997519	2.55905905489432
-1.54047948170975	0.494482983016538	1.55535705398325
-0.657957294487684	1.18874803611728	1.95261900686159
-0.83981085280473	1.56465783766015	2.02107388396265
-0.823157313359559	1.10888467356794	0.791697099526803
-0.891310105928444	0.883431827668723	0.883100642505081
-1.35027693393243	1.14170372088297	1.36609754612999
-1.64282564351611	0.731455797292088	0.752511425766752
-1.6558627566444	1.0718442893473	0.842731793741928
-1.21486259486112	1.36628428357521	1.42540245822087
-1.38831908916592	0.935299294693895	0.413168580322331
-0.9719921914231	0.857795682837102	0.39976769298785
-1.12178271120683	1.75663561794952	1.61529075432916
-1.28362411431694	1.94480464046026	1.17897671383392
-1.41771085934262	0.982181695763157	1.08983476968209
-1.01499381201313	0.917485704586609	0.636414122803777
-0.262659430304143	1.81011843489476	1.16110586672788
-0.29672144348589	1.75238205045755	1.70092626071481
-0.323768955631544	1.71350969437042	1.78826235760736
0.367869221950118	2.19710678011587	2.00882577726702
-0.617000880665446	0.665142380390821	1.20567073434131
0.0630601964383722	2.05590175794307	2.6344674784484
-0.79789095870308	2.84227864158129	2.37974042651262
-0.306745807649963	1.87967698448921	1.40625670242903
-0.718173808476387	1.41172834655647	1.02121408976977
-0.296769487035622	1.55652801447031	1.16328218033548
-0.663619906913067	1.16489651225712	0.933768330218951
-0.663619906913067	1.16489651225712	0.933768330218951
-0.526776722925067	2.03822464202117	1.83376286917218
-0.454794365712875	3.31642665639845	3.17312837444761
0.739268517588689	1.7677977525457	3.21663802280271
1.09428157374884	2.47004214092168	2.87182161577395
0.982852858346524	2.79461922906248	3.94343759312094
1.85074507230782	2.43898682634039	3.5094205431345
1.32035417851254	1.68336622510719	2.49002458083843
0.819028764708855	2.03838447641852	2.70332177888673
0.915294501225282	1.5705802097432	2.34902930935471
0.915294501225282	1.5705802097432	2.34902930935471
-0.451291514952331	1.26160540555548	2.12580775694875
-0.812190582334881	2.18441587837985	2.58867120355254
-1.66352144503299	2.11591862011678	1.37813404972173
-1.40524850600475	2.19644797556285	2.00053661665833
-1.35179418325945	2.0998391764187	1.75148170217488
-0.855664841442265	2.20341090486702	2.15662379110539
-0.384189135001712	2.47116113246233	1.68177895298262
-0.127313645196853	2.0678284264661	1.13739654187821
-1.00334696213776	1.67048513321581	1.66305061589883
1.13010896642675	2.40801901037757	2.4061708742807
-0.505295352369214	2.70210666082204	2.83692947354068
0.531661484751284	2.05773335525568	1.71737246272136
0.0387802913164154	2.43855233808172	2.20981300301807
-0.232649748874462	2.85044734203601	2.89311223046856
-0.824041051196534	1.36135117124684	1.78519476386596
0.020936027588203	1.58826778375641	0.960645529884932
0.702239728378017	2.12862337781978	2.04612107681591
-0.0148740053666187	1.27560504754799	1.52237479805055
0.140603283369496	1.42239970289702	1.76724653411558
-0.794207409567771	1.99898898201107	1.54673798455006
0.201491955835498	1.77470994638981	1.72247708322001
-0.355803264797597	1.73315516411033	2.33946707048776
-1.19662722495822	1.01064394499315	1.42075382571975
-0.343268534379241	1.10281229545024	1.74471734517114
0.373685981960003	1.36538023686122	1.63232634259032
-0.220057154918923	1.81471626296865	0.828302209955678
-1.30818039394708	1.2985310437892	0.867452337752287
-1.0477369263683	2.10712843024064	1.88745947704711
-1.09742880452444	1.66136615866908	1.82700745822574
-1.63765513338469	1.83053719195415	2.39696608025555
-1.27755303048874	1.4304244847292	0.979317623463457
-1.4249470436629	2.40745715545852	2.03575343795353
-2.05909322877124	2.52000142860465	1.86530737697324
-2.36266166043818	2.08035263893176	1.61327444160742
-1.65849148663309	2.07101818938472	2.07802523415113
-0.735244860443306	1.9508082490294	1.8887200004195
-0.392215242424426	2.41935825383326	2.29490108893157
0.500467417449923	2.05793760822557	1.50519525336458
-0.0662230414988324	1.90584826419854	1.69547761382313
0.642441626889024	2.48543973192248	2.48697568377583
1.8466239822903	3.16439328049816	3.16482093242449
1.2805090237373	3.74963539651932	3.88166180100571
0.0331729002409561	2.74478401392809	2.91679899410859
0.253175409654731	1.74348745419062	1.18731747095416
0.79486216801331	2.17906591793212	1.44953021236204
1.04094124373708	3.05654537269113	2.36471309009603
0.147312302638051	2.87555094530727	2.21961674126533
0.886089445652508	2.72265695964288	2.18231761916423
-0.0436329563978876	1.96806616362725	1.56150996045913
0.768648092404873	2.62805536070347	1.776601798982
1.15712479231079	2.4911146368807	2.5649628169522
1.08144873842154	2.09347602968829	2.54534009688421
0.922119495360013	3.27577940920322	2.68999818106178
0.239322204101433	2.77715423604532	2.55486454397826
0.524681667341222	2.29025062935423	2.33561792913539
0.240089957116268	2.72079100778203	2.25379863977811
-0.355458372685029	2.56859252196947	2.56899047307019
-0.0137597838654988	2.57358166244219	2.28731181524788
0.09587888808256	1.76601596167252	2.23837884136865
0.282477599006136	2.78752216430721	2.4608782785333
-0.185986673906855	2.09571394498325	1.6335988725219
0.204236546444141	2.29209137121136	3.34001720581093
0.109898705448432	2.89256484786218	3.05517854024233
0.265981973585254	2.53329639890317	2.7223431992525
0.0897690940917975	2.76800870849747	2.72857285030025
0.0283222668166855	1.46260648010872	3.00190117159199
0.427692356554357	2.67849723829187	2.67081282207715
0.218233701087156	2.28656806001734	2.39748815430165
0.31082852886726	1.92713300149356	1.85957632563171
0.288117547273565	1.80705100211796	2.99495180700675
-0.25871439775966	1.86832795185679	2.04252737935638
0.924563921224371	2.61016845665615	2.81132241634507
0.927438548177731	3.00584444484252	2.63516752766311
1.00389642385661	2.70030952361125	2.84636809451094
0.54716513989663	2.21043598322825	2.47644262916987
0.224744883409869	3.73839497875344	3.58471881976664
-0.39561572518908	3.43754777339108	3.31856169780392
-0.484808556042121	3.08665289878033	2.79462332717358
2.33391716288452	4.36388863797227	3.92738477911836
1.98249766863404	2.6680040427635	3.56523402996921
2.13344298902297	2.86398935975951	3.62260930565707
2.46946735810922	3.48185012811171	3.87292594990559
2.23436638637507	3.71320472030364	3.80575352580286
0.774605371794606	2.38939858676904	3.12837584508283
1.60675941879239	2.72581093677949	3.0957482115493
1.75587386666483	3.14049579194381	3.22710321437635
0.849301837075124	2.85907329641315	3.34386124105603
0.599085216688784	2.45982763128075	3.09687951198617
1.34133594325583	3.26281664831959	3.48377872889375
1.94175294947086	3.66274688251249	4.10286764665166
0.784222114066068	1.96581024534296	2.04448425993617
1.60638438435951	3.52983848330821	3.32226556791178
1.81998403936749	3.54462453879011	3.29226944008232
0.610050285032553	2.17000975112324	2.70838465905084
0.331801180447064	1.90859237234221	2.10872953877039
-0.768186390559952	3.09230324303876	3.42197251824117
-0.225217742005666	3.05216872997023	3.25779158252214
-0.201563983081863	2.95706253799874	2.58525722541756
-0.340073162313155	2.59891308064448	2.29424910115444
0.314714738804414	3.20212181347485	3.47504481150031
1.0426480759934	3.26378272021882	2.94582712678392
1.3681630559936	2.32271245885909	2.9010512091788
0.735469655060107	3.15197872885149	3.43956495106274
-0.0885561029243352	2.78550227941591	3.0184600407444
0.665095633550115	1.66817284427295	2.46022574212206
-0.305605561207443	1.38027885036222	1.73099266769755
0.471544060031327	2.51534164277787	2.16144317347673
-0.681167303177373	2.2073268861752	1.82975517996365
-0.981177625451849	3.25979481576711	3.21787716764984
-0.279862314029014	3.53728525515666	2.82518798023031
0.669815934359908	1.81771526804979	2.01643513145281
0.851216215743901	2.0360486876672	2.31103795115988
0.726644537233889	2.19884995724748	2.90519861610172
0.251228651873851	1.98004439241028	2.04374976689113
0.446339556822289	2.62296142930888	1.84513695186807
0.280794818678954	2.91818688212886	2.91844524474371
0.347894639995937	2.83077505190965	3.61052405511688
-0.790438310233466	2.30144018496033	2.67682032665646
-1.22166807570048	1.97331982791784	2.69947671122057
-0.548079083335417	2.11013668168887	2.4018877198188
-1.20369190270644	2.42206202956004	2.37214620998014
-1.20369190270644	2.42206202956004	2.37214620998014
-0.830730082865346	2.44671834794352	2.23470952599606
-0.708382045206308	2.75958369106254	2.40721321267686
-0.953795652257239	1.6134265387642	2.45848950401525
-0.134656521886175	2.50487982873092	2.40676838732161
0.634786909056427	1.91536315565037	2.20646182899422
0.52853766026632	1.93358878913333	2.20458047057691
-1.33202264367663	1.97466881227043	2.0753363405872
0.482547454563833	2.27507621690322	1.52739017145642
-0.0366558199036172	3.29808162077317	2.68144594507212
-0.659511568786136	2.23498282567922	1.85209835048829
-0.229323509175407	1.95696839751369	2.11622880306644
-1.11963098519414	2.63024705251054	2.13390709813198
-1.15258689879435	2.54387921891886	1.81593200820808
-0.491431754056624	2.69089842668241	2.34397867994911
0.271784319261118	2.71290679615315	2.38058621565118
0.661244191614087	2.48169713679476	1.57351007772371
0.353732252446274	1.72520025504559	1.93954827505638
0.873531216152403	2.1091111064195	1.9577753638081
0.605312506218913	3.02497746352356	2.56564814017239
-0.0730878383473202	2.5800753326787	2.41588138648629
0.657214178721077	2.18911777082606	2.10632528365607
0.956129644452491	2.71001135078712	3.372664270264
1.18282479545225	3.8902633530499	2.89869363598352
-0.203552740592625	2.50060480168193	2.07005491794484
-0.278555745165729	2.02086860166544	0.829619394154414
-0.886277063882996	1.56011248749143	1.88225811944492
0.0426256057419411	2.00852443833431	2.30475580603581
0.738289595398041	2.88811419917046	2.69811173812483
0.348111586266253	2.8486182626541	2.81868058238556
0.649576877640857	2.95967459634645	3.03480313108013
0.949350174040196	3.55502931783569	2.7660232615554
0.24612969073376	2.30371281210986	1.38494646973009
0.423650615039814	1.74028315514352	1.16471368538241
0.489440353412164	2.43391250927831	1.88740194644529
0.961234279405046	2.70878359220149	2.32024484074264
1.22462823348685	2.89405156298449	2.75166134892828
0.819663778823101	2.76939177490414	2.57942066295167
0.905409055025137	3.0396059668545	3.06139413259234
0.902548681107655	1.80310239573502	1.98045634699754
0.304942338053092	2.38746153058648	2.64031156465984
0.386951197379598	2.78286784603684	1.95326165801411
0.492002269932966	2.80737054747765	2.22656643262843
0.837159589974452	2.712371650205	2.4992427690542
1.32137871312609	1.96296705550582	2.67229167879545
1.39732848156021	2.43795379208165	2.87123705066074
0.543758504764631	2.19851343256758	2.06155228411158
-0.0110555925368615	2.36508674390427	2.0707681606938
-0.345842052916656	2.71712188935064	3.62299276885733
2.08752689042118	2.99744914419265	3.69244090701106
1.97919569511012	3.03795331619012	3.07472499444859
1.61781853918141	3.22657848981346	3.2164585640031
0.3379800702821	2.69770229993311	2.75384386620773
-0.216144598664266	3.81038532257911	2.92016156030737
0.960206446771153	3.77561945068489	3.0165315298719
0.329483028187351	2.36810723256822	1.65285549567827
1.65174103312094	3.39937043790003	2.73614368655986
0.312466695911736	2.33497060554079	2.85396368936288
0.60307684773158	3.20345496862136	3.32938447435492
-0.246440569451834	2.76611843101702	2.54889168423649
-0.519935768840156	2.96717828074472	3.29527841238944
-1.19596022580635	2.1573438142757	2.05854670756869
-0.887581073480544	2.59349129924558	2.57998844648303
-1.58612497178038	2.69238126705281	3.00774806551382
-0.249836641926149	3.24784276305968	3.54220535782627
0.00093286943047749	1.8081291870721	2.78475116622968
0.58439830057891	2.2454596252739	2.981900870653
1.40667796120241	2.49127621813267	2.32685627343795
0.462202398356208	2.09469527408519	2.14443833893683
0.259419510385053	2.20466828328064	1.72004823558011
0.765794010355309	2.04251303903575	2.60574056798628
1.08745062799258	2.05646436056826	3.06867330711705
-0.423994678799533	2.4744059718761	3.09360733890342
0.0175382107666769	2.39281968924339	1.61056749571136
-1.30094441196012	1.13966467335947	1.50107085291372
0.152589691103847	2.33415376753647	1.60744433099176
-0.828149220521819	2.65404260226654	2.73163493258582
-1.71063557752612	1.33950556208746	2.1312375098889
-0.426557951798862	1.72497952925955	1.21422569066889
-1.0179312473188	2.74401993809279	2.11704923730803
-0.0208849199307031	2.37256537956606	1.90526949644115
-0.885385332802675	2.31574214347794	2.25310029707953
-1.24490671645723	1.95371704964663	1.93486030765987
-0.435623047477944	2.05146355588987	1.46496813839951
0.232046229844185	2.80706355812491	3.33100002345222
0.49289374816068	2.19444312764316	1.85452711788029
-0.00973925737029835	2.62279478990076	2.61708331284207
-1.45778255860564	1.94111986892862	1.58285338798875
-2.18961502534592	1.89206922963741	1.3603776521755
-1.53280266136424	2.96914727384659	2.21919164485046
-0.0218232426728655	2.15967671131828	1.53680291501268
-1.521185702078	2.5113111961248	3.04764827604107
-1.10626166928527	2.08654863083091	0.930319263084692
-1.51877377270417	1.86611804838587	1.48170208582522
-1.27723204927677	3.11088877079115	2.70473790673577
0.713556107010927	3.38999118995338	2.33219269092492
0.628536471712962	2.12684893547843	2.444314155071
0.517304652298537	1.92259617720869	2.36552147686999
0.157629685272019	1.56654516986136	2.43795853108501
0.541678116429472	1.67757614425399	2.39181128784096
0.00442493169959107	2.11739281404156	2.22561362643845
0.0780480171700579	2.33569967624399	1.7123902333107
-0.188320082302216	1.6421233189367	1.89246979981494
1.44203403608656	3.48893043135384	3.05437932733027
0.526969568343818	2.04489436047925	2.23768741311059
1.18092615454484	2.30672924105329	2.58445939790917
1.08251537577816	2.56678367673845	1.59044217238993
-0.614193155392369	2.1508989817484	2.27278973666056
-0.0285339401258719	1.92569923206298	1.73394259636793
-0.79755836594854	2.54368678291826	2.654153951262
0.549591707477366	3.37558193845713	2.87827134265806
-0.753731709017751	1.71758524285098	1.34298075474787
0.420894626925283	2.47459118906075	1.58035692861444
-0.355953323180082	1.67840901005732	1.01722273485069
0.0691751454869249	0.880080901153581	1.60556018056013
0.52257180025246	1.58643444654127	1.70320897189487
-0.511834700013213	1.86966892441591	2.03395387206723
-0.522424440599043	1.63586558118321	1.9928290284008
0.665213384957718	2.44206036810995	2.13165234564054
0.720218198133236	2.38471757197094	2.52606557344683
0.630547188153178	2.62281577512501	2.30672032196295
1.22536442227642	1.88735147310103	2.2173354890161
0.0233649256822853	2.21085657368254	1.93170041497961
0.166880977798828	2.64634761966369	2.74786909759435
0.0485566842186737	1.98750149557755	2.2643140263233
-0.292334477876334	2.1732956600777	2.45788935037224
-1.70038590251474	2.46735100802435	2.21963317834517
0.134845945870377	3.2884670205163	2.71553720920645
-0.439876674374775	2.43621171210437	2.41183903914448
0.727419117871839	2.86136140398418	2.36461904495672
0.90364744416789	2.52143749105581	2.04129439656571
-1.1723095980308	1.27945529830052	1.22158147460128
-0.500094551533629	1.70492566575423	1.02165985723078
-0.348559414777607	2.18458016818315	2.00792509154409
1.23908188407009	3.20878207042439	4.34844998720734
1.6609719895886	1.9671059814236	3.13308475388978
1.98528431886425	2.46731239279167	3.48156252427788
1.19905576774783	2.23661228311718	3.3729042980253
-0.0711854050824833	1.09711685868687	3.02224809020259
0.285741522245601	3.58781092574525	4.1315169343265
-0.907398718002536	1.48017236502444	3.39266149498171
-1.09596475231309	2.35662534582254	3.16796713445979
0.10003448271435	3.81789238871253	3.23906171055327
-1.21725050335532	2.89642703642207	2.98731119725611
-2.29860630465342	3.35739786358076	3.25554487462256
-1.02641253815823	3.05616720337671	1.80399249714414
-1.14220516099944	4.00651086816473	2.95502763072234
-2.24579161605214	2.62720311872122	1.9122004268134
-1.40584539271886	4.39915047217931	3.30892402426261
-2.01785029435098	3.17976242957466	2.29942652523263
-0.828633653726914	2.69970786946618	2.08708337281351
-0.9349693059366	2.46124335179512	2.31643223818223
0.022976377051832	3.29141328347973	3.01838267339097
-0.394798408475746	3.23361890477626	3.40990203470464
-1.38263404373758	3.52400796451606	3.59467317361956
-0.75009725921212	3.94744115055394	2.65414940445478
-2.07603375847196	3.31949426572961	3.21510966827315
-1.45267037533522	3.72942336734813	2.81517740008236
-1.36083726141355	2.65215344716793	2.42186052986728
-0.548594719566941	3.30488846804724	2.38754115820149
0.838505810347081	1.7497861705576	2.3301364812727
-0.132914702973536	1.96550995263718	2.47948635683167
0.559048469931155	2.92138143890379	3.12612540553938
0.520730569909345	2.52945226299696	2.42267001035805
-0.238862899197338	2.43337238019046	2.05431008123964
0.260098706708216	2.8502254560148	2.41539002237545
0.58625509603731	3.72223543869073	2.91229570955709
0.179611568981534	3.51339599098369	2.45657640049676
0.218609805497243	2.09665276163921	1.46367423545256
0.349947601128397	2.61288629936993	2.47880888216124
0.283822279631219	3.25165722971319	2.90327378830212
-0.921735348113374	1.96552591041483	2.47386362888294
-1.16354093961394	3.14129125566564	2.50935654448594
-1.3610361304959	3.24029963058605	2.66256414180336
-1.15612048926097	3.5758994711701	2.63770312155552
-0.872058363461903	3.3833048388972	2.53404653269765
-1.68368356657473	3.57688483757147	2.83668940220395
-2.12116404468039	3.1648889055359	2.33885847238136
-1.02545349456467	2.721128495948	2.89652938081932
-0.528456634307106	2.9542259220735	2.04999436165901
-1.08345254000266	3.17357298949243	2.47734447752514
-0.422405846316711	3.0935038313827	2.89800504873013
-0.785308161288045	3.19269507304734	3.66212107199978
-0.900905727622236	2.90256155861066	2.75935248155215
-0.617542907046784	2.77949645186365	2.88860172397134
-0.503581466899248	2.34522357655101	2.77054139858678
-0.348757091016755	2.12142982313392	1.69708805065728
-0.506046170685909	1.45317558535999	1.33947428355445
-0.17225017193168	0.784605641512397	1.56196981804698
0.230797356193194	0.434462118858147	1.64936625958369
-0.935338061732453	0.0766358419447009	1.99953351197943
-0.190053293541395	1.54727931063522	1.44027915553789
0.650781544494725	1.91324844448804	1.98201740707308
0.640620161320357	3.02580363517569	3.02382479297506
1.25042303962646	2.61878658303567	2.61217284957163
1.91309267237334	3.06147960011514	3.24886247731239
1.01284771230715	2.39372370758303	2.40769592534974
0.127852802980091	2.69381595616074	2.58384944451121
-0.627959056000111	2.42226037479107	2.2245919401384
-1.20033176779615	2.36499912179232	3.08131918564635
0.624681329015415	4.31000933616376	3.75672741445484
0.353735263986316	3.30514269400835	2.84207111984721
0.101934287843774	2.51991860233057	3.20683633340983
-0.793931131261983	2.23415858412985	2.40469635560455
-0.0979178987680011	1.30375992337607	1.11353634489998
0.122009817417719	2.41903311582625	2.07216348924426
1.68698720230649	3.64372095098248	2.53172310279234
0.577969492455303	3.26801624056577	2.76034619452693
0.61861472261929	3.18140450720525	2.23253777992039
0.817822562262183	1.87289500084643	2.32427860376326
0.863108974477493	2.22417415360284	2.07105522951193
0.863108974477493	2.22417415360284	2.07105522951193
0.0690355786880709	1.40354779364343	1.29429014631703
0.556316082897321	1.9824016225077	2.45266277226025
-0.39313261083166	1.86043231837861	2.51074336780952
-0.518798446467331	2.51672724325676	1.86621570112945
-0.896671228973306	1.14719412581286	1.22450996999013
-2.06755701642776	0.833851348648422	1.25496625083351
-1.63887426403803	1.35994654963236	1.2873129556741
0.0219222122846623	2.8070935217377	1.92512932951701
-0.829799723574246	2.00366620412225	1.92619811171028
-0.30509935695024	2.31127241732745	1.48366795137519
-0.453731184495879	2.42843828849641	1.66904434939691
0.189512327929776	1.16290081873412	1.06015381638009
-0.117446436236451	0.672755392188728	1.10135469393939
-1.05083803769904	1.4575017489273	1.33950021859802
-1.18091879286945	1.69250782990812	1.70956050366972
-0.760642419709757	0.525317718009278	1.01654086688207
0.468646878931833	1.83211268264094	1.68533435278997
0.02610656929829	1.79448336621233	1.56278979058252
-0.249067888030122	1.11139079784641	1.92578389770188
-1.11331263051773	1.0654223132282	1.14467861748339
-1.92340752785025	1.95614454433515	1.98935416235562
-2.09588699952947	2.28526933960761	1.94964375065782
-1.80413806292381	3.10682900086441	2.90368430652316
-0.932552927703234	2.86109858727562	1.85548513065682
-1.48219141414324	3.04177801042153	1.88574025325551
-1.0926622349622	1.7372104594442	0.939956778031181
-0.712617865583725	2.76194906383153	2.30528923328555
-2.10344140860163	1.94019153351537	1.44940833198663
-1.97590447220688	2.34083172677075	1.88981033309015
-0.346112173242442	2.09554655914363	2.70559323265496
-0.765821440033324	1.80046131877742	1.528165128163
-1.41025671021316	1.19219388883642	1.82883620684187
-0.836459488162614	0.70405319848389	1.54689787678442
-0.070741008665593	0.50440618013714	1.52111645477663
1.00738292634936	1.97038333432575	2.12751783141186
0.221940232552976	1.37965257707126	1.59786768896812
-0.135475809037604	1.43180805341726	1.20246980647283
-0.842399501995579	1.41064946897057	1.50041747407107
-0.173921343130732	3.19839774795531	1.85106327502031
-0.470566323598887	2.08474929954492	1.93809034760428
-0.721652723919227	1.63813278905564	1.63023174940281
-1.41134113993916	2.02801897456207	2.00722459451659
-0.266432634785335	1.54113552544802	2.08195464197547
0.317701449204598	0.154612465759455	1.77689926098187
0.0552048758899358	0.621551542759269	2.17726224496454
-0.0306384332634283	0.341952648062596	1.26154193481012
0.640779579886382	1.56035656089869	1.94856185584359
0.641636705309896	1.94786287998541	2.21244005742811
-0.125292412641463	1.10775150732616	1.44078903747779
-0.160550419612006	0.781046251156953	1.13992141744246
-0.238572081072227	1.52857628276691	1.55906566156595
-1.82298833509793	1.36586216259473	1.12365933819427
-2.70479505236859	2.91495598839129	1.19658975585548
-2.12987542276898	2.91551057020153	1.32139364014042
-1.75864742670903	1.52478231001948	0.644378122666532
-1.57382616464118	3.38560874040305	2.45783367718043
-1.83218877006501	3.26163679016979	3.19576450426639
-0.79814508280051	2.55878003210875	2.09001400606895
-1.12987266448297	1.81250743956829	1.79374631176912
-0.764135268444255	2.28524121364025	2.18169834359808
-0.282796357415766	1.62446921442258	1.10625374876327
-0.357702358537684	1.06603446703476	1.18401283603902
-0.673624308369563	1.34131458286962	1.20746119204359
0.0545705060667942	1.76231199979254	1.54380374818024
-0.113153043029923	1.38069669713879	1.94084449861599
-0.319399403134762	0.523804551636729	1.80801184597454
-0.394487011255415	2.38832977941471	2.44220853087553
-1.90490146379957	1.65431979893511	1.37693845069193
-1.33506470072941	3.00924894908704	2.20488450227693
-1.75282682343745	1.60265308680265	1.69674706347589
-0.770202509889317	2.35005017938791	1.78553430669857
-1.33042532421317	3.0708499595975	2.52023852398104
-0.577056115763826	3.88591849917949	3.18343629067607
-0.355684263390278	1.77579274108423	2.72492782972271
0.213617251090277	1.59211926001477	1.83930396616652
-0.261359588483859	1.96615959276898	1.33780486465292
0.3026781192182	2.46486380708067	1.68586903207926
-0.482347083174799	2.74167843490783	2.10572139606284
-0.0940780932961363	1.43277007433658	1.47000676549254
-0.390372316612295	1.32782295211697	1.17745388641983
-0.36613459711697	1.38330758647378	1.3872749539308
0.556249296225615	1.84209155985098	1.96417488114374
0.359366613733366	1.8674617274223	1.76829033529499
0.472414023705087	2.72412514225775	2.2863017498388
-0.694931820913464	2.02050749903195	2.15103568892489
0.131633081418345	2.23973371338548	1.28930442629882
-0.641569994119761	1.09769265222581	0.999912071867931
0.775856848726391	3.0063849053896	2.78700402795248
0.19686542982547	2.58321811098923	2.14388662460203
-0.0573948620517538	1.27003633321459	1.01302974412476
0.593574097173274	3.08010556717887	2.70755085904785
0.653591944620754	3.04985524681088	2.94553464616493
0.287953227150685	3.53233007513784	3.85413440028518
1.27515298695556	4.47070450843751	3.91482437775721
0.783647627220475	2.92604918099326	2.36417880791805
0.162290375164981	2.18005604312341	2.36821310592824
0.366084263993035	1.64844259120387	1.92777131487203
-0.240674283668371	2.0530310848879	2.07730785037791
0.42257086959248	1.47870043741477	1.68538457660923
0.069894210231488	2.53185673249696	2.43494744517249
-0.627860225200491	2.04210133841116	1.98290610530539
-0.902392315851588	1.86648213060431	1.8500648081997
-0.724263030421359	2.57960270901793	2.21162092598475
-0.669022473597897	2.16291773231391	1.7762935113567
-1.23947274032905	3.34611270093858	2.79143868708382
0.641874789439575	2.5345953987278	2.9388229254588
0.262928228633195	1.83602165976372	2.22138606728216
0.185685977762357	2.40706708770108	1.45825595296989
-0.728494972076749	1.81969716241787	2.39706029582901
-0.027814824099717	2.0849363350277	2.00360170782082
0.127604094309798	2.68030119863461	2.09091881472217
-0.693066838021488	1.20293819115023	1.32525879230576
0.567217779064716	1.67729668923308	1.85157073054136
-0.23657359723655	1.40152270241238	2.15823109808159
0.371011076933279	2.2583948555233	3.90869821986181
1.1773756471869	3.04819921631925	3.99065205398924
1.31314593611181	2.40950791486608	2.91573552572752
1.55128108880804	3.23168399884546	3.30087004628286
0.954463136307952	2.31053340028632	2.62904838559698
1.69131529347456	2.83831504468287	2.6793696319534
0.876224213333976	3.23024273305509	2.56067543691317
1.55134497086797	2.8487750725456	2.46303763112258
0.574617390979375	2.89442508675189	2.46685268959334
-0.566822074549951	2.98304052540757	2.70893162473824
-0.662121497351259	3.45470047207446	2.78459074578317
-0.256292777093236	4.03786584272251	3.36376310174122
-0.344852249289694	3.16128634989682	3.83274128413641
1.13800439534275	2.50522100293029	2.64819958876648
0.84448102662372	2.55083129549233	2.21884603919783
0.099522224550033	2.08244005434178	1.60245920414016
0.0128019206617853	1.73435908323585	1.24099858394486
-0.0587559816969331	1.76954456938632	2.17562926730354
0.191751883717148	1.33505274352787	1.08005441432398
0.434845991635209	1.88189944825862	1.48471235140695
-0.6174793219628	2.54143877186543	1.74446831078083
-0.71351595856093	2.34540990074877	1.6805761010236
-0.0796826915665726	2.97949711541957	2.65725713314264
0.628945364127248	2.50564528184185	2.62209094583129
0.492581956288265	1.73981003603596	1.42625951614745
0.231009797308924	2.26180126137403	1.99980941511605
0.148100500503371	1.95711542035524	1.83488281016286
0.494521647085588	1.86870949186278	1.56007885146519
0.371277099764989	3.12337591162524	2.79381281192524
0.60574360643	2.87907504991152	2.51040927849797
0.318422682585373	1.61231229926782	1.59626730855585
0.340107713105322	2.8714037390304	2.33760338378861
0.0804841248192879	1.4683597870316	2.07649923328453
-0.291213569272223	2.09497672301607	1.86370990393887
-0.895713396031525	2.1101360117268	2.15051082100562
0.18256171224891	3.89727045865323	3.81291497666516
0.820766178787626	2.24517793682741	3.60193755008185
0.127200507431257	0.289495512499429	2.00215328203732
-0.14332767683391	0.159680949581043	1.84656332275218
-0.96310652916134	0.784055201576064	1.00316384012549
-0.0441637936934045	2.44619999206948	1.48872634230914
-0.863721568916603	0.850659152390873	0.664762127454644
-0.750290062670197	1.10108270447275	0.509256506061643
-0.594230271626611	1.1820724729822	0.440442425391212
0.852036729695563	2.67642798165648	2.9427065550908
1.01851569007447	3.19983330689224	2.99909432571234
-0.418268889612348	1.78845189756157	1.89369391009236
-1.06263736570349	1.28754935339182	0.965439250878932
-0.189776920166486	1.07075804521749	0.655999065018452
0.0674410381153388	1.36144658766301	1.23000136225183
-0.385636594297729	2.16136742251471	1.6526112685086
-0.831654303978583	2.6972657238056	2.86255977948199
-1.17697900558304	1.88053184613593	1.437852496404
-0.245434717146966	1.23574499805012	1.12959318939656
-0.545776706298329	1.30513264765238	1.21611902635385
0.530177975592275	1.26042261084689	1.84814896848767
-0.0333296532289795	1.01915424066809	1.75314285606288
-0.0730643329159081	2.16658617097327	1.60573535439228
0.149380695202342	2.13248508661936	1.15371045303
-0.803989047368266	1.81329404650868	0.985062390402292
-0.731637777861237	0.829531950384709	0.770361652767816
-0.550926728321074	0.808382405117093	1.22223125631913
-0.560143681963615	0.670478404206499	0.0678633806258586
-0.941802145029574	0.462379225588052	0.625561680556108
-0.565572063826407	0.207956684905873	1.07484534225696
-0.179989570789883	1.5751146302368	2.02515988757388
-0.676398555588005	0.874629343554523	0.43969048857678
-0.175297582578901	1.51335338636964	1.78253118439709
0.371321489177991	1.39986578439393	1.3344480850946
-0.634455198854746	0.661399846296313	0.469983551939131
-1.31771255123017	0.993777885073919	0.922767643526322
-1.72298011677172	1.58951372497169	0.947734452225177
-0.619842374042688	1.57679974176621	1.48697977785666
0.125475282951542	0.764698320314037	1.71690893975936
0.0642623402357708	0.580852679181336	1.48173334076175
0.5849428249842	1.56087397519395	1.74331886134942
0.161352425521235	1.65257044151983	1.90984051723821
0.587624559900952	1.8043419179221	1.85027115526112
1.01386797141807	2.16606043271801	2.51913675801228
0.113179755495886	2.25124013775441	2.28762747189648
-1.12186743976117	2.58995878884639	1.65975613780799
0.52198017448696	2.4454141364793	2.04173052084187
-0.238645735930474	2.46893801139515	2.12793087224401
-0.817001005439124	1.40582676329891	1.58458021098864
0.156331734013973	2.30252529123029	1.64951099620025
-0.53851827616498	0.706548744422656	0.287906550385937
0.260592014945287	2.18183626031169	2.33897376368982
-0.0352016068674112	1.20819742319349	2.36314661647921
0.213078988574016	2.38015234729933	2.51600723599972
-0.439201857007273	2.58982315898011	2.11166997353622
-0.730455479228493	2.04559779205775	1.79770207896436
-0.778640221653493	1.61408271674823	1.74710476144437
-0.716799031095501	1.2832173438952	1.05311432513506
-0.561042369733014	1.5912465687558	1.00606533030982
-0.866022801783801	1.23632558149964	0.547506694617808
-0.345421140329771	2.56768833447784	2.06526103517469
0.476964645401774	2.58726222207002	2.14300464277579
0.854408609727919	2.16834991834251	2.40679004224847
-1.0335335419403	1.77246466781713	1.96260092611854
-0.800269786238263	0.896159651920018	1.49336456423943
-0.894538560541025	1.92646651378206	1.61954277095245
-0.767004509798146	1.26504653921374	0.6422924506672
0.0114687848038684	2.7269852457073	1.60174706582479
-0.879433528945643	2.01030737702274	0.632431647168736
-0.653146275342459	1.30226406018037	0.405605078302193
-0.527995906875656	0.561628175056757	0.948527006895771
-0.477240588200107	1.65553732556286	0.383329200613362
-1.22521187491685	1.34367655328305	1.30018336991369
-1.78348110385613	2.13620072721657	2.50095576233216
-2.248474039886	2.01529741820752	1.47263684843726
-0.943934995386404	1.85419990652484	2.16411838790448
-0.33187263633866	2.68326943089784	3.26649995380608
-0.302836173103937	2.9970426563798	2.42194131865177
-1.07401596184282	2.33331623687611	2.16990793925656
0.338019254983769	2.95704497649966	2.19465638712425
0.223880535352476	2.40846574395186	2.37064143998919
-0.117420410230937	2.44263478410912	2.13048291810743
0.146728358811237	2.95476848906545	2.29338852011008
-0.538483081225058	2.53754513720434	1.85397782233766
-0.289979892394484	1.25164452529379	0.860103798850728
-0.854074903344363	0.850961980575937	0.965379168482272
-0.996125160674107	1.57200480798775	1.67897228391897
-0.793298121509032	2.11666397322014	1.8351042278618
-0.539231348283469	2.35643099098385	1.71799878886135
-0.274603462994225	2.20186593364189	1.45545183462249
-0.167951010247331	2.58635054732524	2.70191110063308
-1.19047054172458	2.12370910043901	1.93097901683382
-1.44304127546293	0.791644445289395	0.949734291291802
0.15087146959528	2.58139901208268	2.09774619662287
-1.06041928797889	1.19059147153503	1.68910020381224
-1.52737241802138	1.15923782601844	0.829792691534983
-1.10221948388359	1.53034502852659	1.64939333944632
0.384822826392899	1.89502959294227	2.09035284783617
0.420233845448811	1.27494926586385	2.47171479097537
-0.51782734052588	2.77474665491252	2.32335276145717
-0.188433130028955	2.56428956955193	2.13538672311423
-0.474793692613923	2.42168626897966	3.00471335519071
-1.2413481298341	2.72679098425876	2.29978569777832
-1.34665590565045	0.621191758099034	0.514096882939442
-0.892640192996618	1.22622349106633	0.60371360682834
-1.5483655347608	1.61060447185421	1.13846962695147
-0.677871253399053	2.24053471798998	1.90631429562794
-1.12686661798299	2.36451065712512	2.50419282165229
-1.86556771408712	2.10085054323166	1.95214771605373
-3.36761456972394	1.03841427350791	0.916061667853488
-1.3648423726333	2.02727740175264	1.40332211236577
-1.95778950911081	0.794057642615928	0.244639821969615
-0.123099948262912	1.88518934794923	1.22914469005118
-1.09040417799792	0.937756313683339	0.526791009015209
-1.60722402648882	1.04743565318394	0.0825518545044396
-1.55314260911222	1.37678646793667	0.413147697771546
-1.67490886104926	1.23832463857504	0.0420581034154903
-1.56939701881628	0.994818420374371	1.33262500198821
-0.665894793749938	0.300889407024511	0.294147076395862
-1.26651213311259	2.08020072409328	1.7185014932882
-0.81168680578442	1.87389280369025	1.5201479378965
0.157133039917003	1.65056518931671	0.744876755718135
-0.178819998618912	1.03546516804387	1.85477430619093
-0.184951311127007	1.39993196497709	1.94908099496563
-0.397051443556591	1.1342504710951	1.5801625539304
-1.13797221462369	0.70511171377881	1.08825730193173
-0.850736636195951	0.510996943175594	1.18144312878374
-0.908615478561086	0.0862023948718054	1.30086494884328
1.17722449488717	0.308942657771558	3.1125488230883
0.309509589171327	0.57296244479803	3.53617873418384
-0.494849820373215	0.317854015204921	1.27400368047873
-0.498642360834347	0.382146221542959	0.888919794370834
0.306590789557538	1.13786689715751	2.02024859559664
-0.812791495305924	0.367093723752775	0.89992750291752
-0.735753351428827	0.730594816093067	1.13096329639325
-0.728756324091017	1.14488961690316	0.582374022402819
-0.787710689070295	1.20974228083863	1.26924755262267
-1.54082830708502	0.587664751596259	0.797143802822292
-1.42130742281242	0.946852977706993	1.16646587000299
-0.963466705852202	1.79942088400464	1.83563150720856
-1.79005086541476	0.904779464568671	0.66355186144268
-1.66528905487659	0.459639054884748	0.435200254469141
-2.72201336390616	0.905012216876954	1.08036460336914
-1.18091963730884	2.38654249242058	1.98403613711151
-0.955844934581247	1.19329367146929	2.15052152621894
-0.185369814509708	1.25640982354785	1.42167504373568
-1.19760601208915	1.0683629279662	0.778343542025428
-0.251359180867787	0.506584696310485	0.63424136909918
-2.22390416132854	0.284613944642	-0.324201838302003
-1.75241260625624	0.474263881164524	-0.0119093807055281
-2.50346849914002	0.685243215753078	0.256530473124215
-1.50752853113447	1.26856639268237	0.385785665303844
-2.02237514504342	1.93701195541619	1.13846423307412
-2.89333608271769	1.0252637083897	1.15334229543717
-1.26134477327177	0.86820840315884	0.466822944844711
-0.963272867971183	1.22677394342013	0.99162049504882
-1.24920798435703	0.826473593845316	1.0809969009182
-0.434932633715489	0.945410347195514	1.50643483407952
-0.225038640240857	1.3000661058253	1.83212106123746
-0.145067865546204	1.58639908655151	1.72850374387088
-0.773309620268956	0.454947007340822	0.936879640861117
-0.7607584687998	1.50867953224895	1.42552586751591
-0.553566336854428	1.05745010427521	1.23182143944407
-0.502999501373341	1.60391538610606	1.6391781162168
-0.652553391246591	1.30948449846916	1.01980162530846
-0.668411146143295	0.684319705176914	1.86202862254645
-0.863916984213383	0.542808811816136	0.445630193278572
-0.7554238813257	-0.100860338304145	0.674055954474801
-0.819787660835983	0.634490871902049	1.20423663688878
-1.20901523249727	1.29541881571875	1.26057027271349
0.125833932919774	1.51153718584533	1.64735340490733
-0.365735876469175	0.531369866640092	0.887693678474592
-0.771945155137599	0.555063102842645	0.677237546991923
-0.581318411205689	0.71236461988463	1.21145670430722
-0.643951710481978	0.595108173475335	1.5653393671591
-0.796642004523332	0.136022846826454	0.0696603458513078
-1.43941537955874	0.729206768714067	0.688523068632172
-1.57079265474145	0.860052459791057	0.744854852403977
-2.38911752496548	0.560895099624867	0.475974051811308
-0.700041185474494	0.620472793511801	1.44903939810762
-0.690289299679629	0.615190207213117	0.880569166100676
-0.800846247238097	1.00431957813296	2.01825619178658
-1.67024090986557	1.06788588476829	0.837360761579459
-1.46168607277016	0.993541864561814	1.00882947368834
-0.755816082362993	1.20801460576962	0.84001558670978
-1.78772753313873	0.899135632153837	0.519153746105323
-1.44601096285293	0.644914500653521	0.597593245397433
-0.950175651460084	0.897320589050602	1.14634611708653
-1.11822672500665	0.441434857487172	1.01143698851558
-1.53711095585107	-0.0185773608025313	0.385197874487535
-1.24905888559777	0.840834350608092	1.20902276057871
-1.64947349982878	-0.0101692148826797	0.198955815830559
-0.51149289921372	0.752644316782758	1.56816875965717
-0.929856856183936	1.04589282730181	0.621395201858881
-0.277007833708324	1.40877407604348	1.28890987846459
-0.506440833149095	1.20478540919146	1.64546844420172
-1.81630178652449	0.812874741900754	0.63245630663765
-1.26152577527551	0.786909876767753	0.854986079537776
-1.88156699986949	0.199658732306298	-0.183788266660351
-1.36784572024407	0.977605188778428	1.04580952986448
-2.45618609042065	0.185556393216984	0.185034379955014
-1.72339828145909	-0.126262291387262	0.162621960181157
-1.58958991484662	-0.094983443481356	0.414987516558855
-1.31365044694053	0.849819957399255	0.693570056227544
-0.325494225639722	1.6427855148924	1.15531514021039
-0.866835722085653	1.6926369696569	1.42074607708596
0.208357196215206	1.62001179362514	1.24526344043245
-1.42072729745876	-0.940714653237615	0.721812923014267
-0.941424776548849	0.957154688778824	0.841960927200078
-0.25660675902983	1.30548633731854	0.650597083319764
-1.0935896983686	0.921144151803442	0.662563362674062
-1.12504253649342	1.4347283255565	0.875350481191903
-2.04872927914336	0.182925235838881	0.246071684020314
-2.50303013062263	0.0700080297050851	1.10147831103827
-1.20876644204345	0.438854247714748	0.455800760688645
-2.18545891230968	0.538817655641903	1.06279607561724
-1.25155809705118	1.83147142294755	1.33742627538711
0.0925125460175248	0.905518613844309	1.95250972626856
-0.26632295461695	0.771160996996731	1.29335691182186
-0.531686975996807	0.601173131611742	1.07174074165246
0.221372210426179	1.4835543927408	1.35577078995017
0.300045977046729	2.30481495320817	2.01467595487555
-0.795370178859715	1.77763892731883	1.45360385487179
-1.80484387140925	1.17011696990852	1.31441463420869
-2.32396891079287	2.33153586712296	1.69982434797576
-2.75526551265279	1.9027296309099	1.83594338535754
-2.67220289584636	2.03332931435765	2.20444151799298
-3.44149416964763	0.641531899914815	0.734010064029417
-2.58891837798768	1.03480903963023	0.769025233083278
-1.89762351884012	0.676657986237016	0.457001409330193
-1.63072640268145	0.361149063646977	0.436701457857563
-2.18084627263616	0.869193300506799	0.843354533894476
-2.21255060935082	-0.170728015101499	0.0200280041911802
-2.88348538242621	-0.409400460534191	0.418407838982453
-2.53631166587001	1.75420984952322	1.34635756075949
-3.29796397143876	2.05048761629053	1.46012326413562
-1.97565601501904	1.81168729617223	1.28402411867144
-1.51565552725764	2.19087095917922	1.66248742268794
-0.479056776805859	1.9922325639956	1.46511231494464
-1.77668979349643	0.867032579691656	0.561873717467929
-2.41493378958441	0.848809403276347	0.20879483122697
-2.53964154795591	0.284185636739734	0.271991311283053
-1.94148380737806	0.237645859669674	0.0583824569496568
-1.77278941222453	0.576256057356044	0.054277215323648
-1.64822509462544	0.810164609878475	0.054949781826
-1.54009308114196	0.223198219235067	-0.52322357879465
-1.78658077558157	0.265346968674628	0.0944202048826651
-0.719957814512439	1.80771514523075	0.858153922061659
-1.60882307877861	1.12868603024706	0.80644312049469
-1.16004287507443	1.40316480701394	1.00058531048091
-1.67564818598472	1.47704569042189	1.56212922455327
-1.09026401113081	1.85356372722216	0.95533931740874
-1.11044952255433	1.44241907234351	1.3381407217724
-1.85653543905815	2.02808405809021	1.84532064362077
-2.25021666664487	1.4651352514609	0.963597301127565
-1.18925637418675	2.36901084121099	1.68142368430102
-2.20673058355964	1.5853750461516	1.66687996510966
-1.50697392044022	1.55937157883393	0.511300277324876
-1.74351893722859	1.80572800958716	1.88333505422931
-1.30164718524407	1.93710120430131	1.49213645248199
-0.299249950273663	1.8276235354897	1.67357515928513
-1.29978662569254	1.29412302517584	1.42934937839186
-1.18480989946125	1.8158602632566	1.97724926297267
-1.49808582256353	2.20275580944743	2.49203162387633
-2.14326166863681	0.980937566026001	1.0239666820394
-1.52272924865328	0.695772600378693	0.25623590072314
-2.00509051850614	1.89438427056594	1.09250199591988
-2.10828748417743	2.17696075553032	1.16114303276169
-1.54121323662262	2.21941549996118	1.69265699699455
-1.6452966597953	1.68686061681193	2.11545459444774
-1.32705425911898	2.10447906610644	1.54133277063202
-0.122402661057453	1.05076001926065	1.34429633265408
-0.502312336127035	1.07054304088219	1.19777777911636
-1.12441624123196	0.0783319910655341	0.128761045838556
-0.502439880353288	0.458979734844845	0.822399247019178
-0.456706079904883	0.967335281067648	1.59359014439313
-0.756422658174936	0.625905081617898	-0.0420204212657548
-0.556869191393786	1.30578077229872	0.513365466405716
-0.611840209059141	1.43067389140167	0.797401445521877
-0.982958705861018	1.47889745814052	1.45228108771473
-2.11643680492983	2.13997783275019	1.65200449488115
-1.43063741618937	3.15109767496152	2.40889098043379
-2.38390818668969	1.35838368413437	0.628646105502101
-1.27487160879008	1.07709435066569	0.599561630312074
-1.206875282368	2.59147500602456	1.74140207053156
-0.910052497381184	1.82735312452035	1.33207614616149
-1.34785902734211	1.26237447405307	0.73200866574722
-2.0536364102948	0.998926227637183	-0.2779092145085
-2.57407808429271	0.396966642602385	-0.298667649110274
-1.72351408353763	-0.435217736330649	-0.438010207385553
-1.48793436378161	-0.272011220608234	-0.382884433488669
-1.57270647867917	1.13588837383137	0.83784668506471
-1.52687693932619	2.43645187750422	1.91503567367234
-1.14370750805218	2.27899196170533	2.2024624113805
-0.750995932238667	1.5026831403311	0.759409983454537
-1.26171512944212	0.544854694905519	-0.0305431821754495
-1.78312291293866	1.49233993521412	0.752907659098805
-1.13551645939078	0.665124248698472	0.725735039795254
-1.014890113789	1.12980471150906	0.768185114922808
-0.676094448182381	1.34590645800715	1.04034223984703
-1.20836733628866	1.67097471322591	0.346080953603239
-1.15119735513466	2.08001398281456	1.60386712317851
-0.80750372304887	1.31428611057716	1.41861353279645
-1.19108389057028	0.424587054426458	0.996299183461638
-0.948651446498684	0.494403134767896	0.803825907347968
-1.20979926926926	1.62905789974647	1.19396489934058
-1.52956510379589	1.29618381743853	-0.108979200102944
-1.94008070507943	1.57632531052881	1.41715094979959
-2.62707752738208	1.40373594939299	1.51924800419582
-2.60305769678054	1.30711451544504	0.570919168009278
-3.4336415839956	0.0387716479296986	-1.15686185269589
-2.12272191542656	1.35484899887901	0.863096734577155
-1.82876965259174	1.3584256383622	0.710576142476252
-2.03261628252767	1.6964757246047	0.266339150961051
-2.23742555261701	0.290435578646714	-0.330534284891898
-1.52596048789568	0.737223820303534	0.261098466843095
-1.82713545078904	0.485235039820964	-0.0699823820996116
-1.30390630134315	-0.0161243535672099	-0.102448245259073
-0.0720877678059178	1.3329485862336	1.1927909378349
-2.03030878321582	0.570109162007433	0.253321000887801
-2.37737074334269	0.169950444148908	-0.39087671725809
-1.79607619262286	-0.172258339966579	-0.482548366621105
-1.4900453920086	0.124830634533779	0.274413023149897
-0.70423446577945	1.59077832547954	2.09843900790827
-1.08727267740887	0.12281128144081	0.252876468120881
-1.22847636263817	-0.264577423544749	-0.300950897396842
-1.0272361819665	-0.0692620585145469	-0.341138291356333
-0.716006373330865	0.813785878057857	0.332256074025684
-1.64604598518788	0.969822971183987	0.995908953701921
-1.33899326443765	-0.046256482747691	-0.729249673200473
-1.41072126977019	-0.227870984577102	-0.277885510290612
-1.18154421835116	-0.207141416636662	0.0696495421660301
-1.38380425610513	-0.284638003333938	0.00790163653870127
-1.04414994627756	0.846208125470311	0.390955668152221
-1.04993790133299	0.594461760885579	0.445017365798793
-1.62208575450867	-0.677527152957367	-0.268925223900426
-1.10963150569241	1.68393076377317	1.44442249450698
-0.62342730736506	1.79704465269028	2.21310151225639
-0.551255576337355	1.50800465716273	2.11910847405448
-0.475495352088549	0.706150948948896	0.367490241488229
-1.00931078134523	0.385083737008629	0.492618810470953
-1.83324892857126	0.336449028384668	0.298133855880812
-1.54771024568994	0.192393684946462	-0.677002572851623
-3.23055290152108	0.270507914774239	-0.417351391005078
-1.37091015710914	0.691838312339656	-0.446130906397772
-2.11548826385101	-0.491652780107582	-0.765631794401978
-1.35612850842724	-0.182006041943982	0.10785463309035
-2.19456336390632	-0.215079581285384	-0.25973377494702
-1.41840162691507	0.0319377594822561	-0.165574693615469
-1.26073538030563	0.231911834189415	-0.277043343075357
-1.43323241486323	0.653053684210217	0.546705095215795
-1.74490463921528	0.248359358235154	-0.0404189593211705
-0.779537120020332	1.03915177007769	0.96619011060169
-1.33998174409034	0.65480327729993	0.547937798445725
-2.05248712484851	0.80641014377352	0.549165953129552
-1.4410690598016	0.710134040013558	0.547637452359104
-2.56593298853981	-0.056573113497314	-0.386058648011984
-3.35133881933592	1.19505537331784	0.868640005037348
-2.93006071017301	1.46000502543859	0.58019084284474
-2.20458419003427	2.66017185072731	1.56535739057302
-2.77876575629944	1.5047995751587	1.03449402797884
-2.79044383085803	0.490143066572616	-0.214182878979346
-1.27780698773643	0.635519871611532	-0.0983549319291061
-1.02471396300907	0.780814618852095	-0.0288150505298029
-0.447528480842903	1.40654731470861	1.06548240234104
-0.744433392646373	0.489805714179398	0.410457134635307
-1.73905051709394	0.756741868405655	0.823597727226249
-2.01526583616623	1.66418704602159	0.725439952763073
-2.18756111049789	2.07608347203332	0.987093483057844
-1.37287787849174	1.91930878811199	1.37311845990708
-1.37287787849174	1.91930878811199	1.37311845990708
-0.563306127307616	1.43182890271616	0.572286720786343
-2.69738567867861	0.938569788627227	0.402657007625758
-2.83883846119175	0.443136789918381	-0.2929154552396
-1.75068748245848	0.456949077560371	-0.295630524700163
-0.873154458686003	1.06454254136127	0.553504502163774
-0.685122037598275	1.13996842904994	1.19614933466823
-1.70204125990601	0.532960008836551	0.158418878219167
-0.973432256224464	0.686383123069443	0.620389166580524
-1.64155228576529	0.305444128074184	-0.00746953238090925
-1.9003405083849	-0.081285777378739	-0.39142607992583
-1.52827156173183	-0.264544842936998	-0.277668178799201
