1	1	1
0.797106696994525	1.84450192176825	0.0511726747114769
0.835189864929012	0.63668348471095	1.67179235846201
3.29540759607975	1.75258326455686	2.57805858028367
2.87310319210994	1.81678921552326	2.38002353328225
2.18289957846403	1.07538893387935	-0.116672505755459
2.20960208707974	1.33390117852009	0.824634892555916
0.493210144798213	1.36269386415918	0.0814442626204344
-0.225181496873043	1.36532013586977	0.27850839908135
-0.0716208190621825	1.73749717497086	0.562879236166226
-0.612527081339319	1.85276953289436	2.73133932426212
1.02729215744246	0.105848900111901	0.600250167252486
-0.994518467033831	1.60188704269012	1.91078830885228
-3.34658040411268	1.76984702871461	1.62172520729951
-1.62068950172533	1.53200530801531	0.566763057856583
-2.50348359092702	1.02290962741687	1.95944107485613
2.73175419833691	2.19693736708288	0.884175037588339
0.670298449314994	2.47122700086863	0.15748338138245
1.27672375451802	1.78162137299247	0.132024619353704
-0.0504502513884534	-0.943071901086844	2.64115194644508
-1.35586650257216	1.32814389992934	2.23776180584244
-1.72460924866245	-0.0580174252420567	1.9633513298807
-0.585012319947156	1.66616431884859	1.63454295090515
0.191805760445661	0.964913191750598	1.68155370527819
1.08734657636802	1.30957972572603	1.86848829996127
0.0193360453347025	1.21947667658827	1.44875019777397
-0.912281499464694	-0.37850206839868	2.35481907370006
-0.401516958488456	-0.484711796184831	0.784528797321222
0.108766368135368	-0.956946570624208	2.04580021012271
-2.30921042653822	-0.0277508712895623	3.93822280388828
-2.17620115263889	0.727541748240389	2.79921018894188
0.573736620025354	-0.110470202747261	2.7198641686061
-0.247752468202126	0.985942018647421	2.89918333113832
-2.17933491319774	0.0219936585827841	1.32280318693779
-1.63353512660088	-1.13888061678298	1.9005359823107
-1.58783369008789	0.876221478671024	2.35128122192617
-0.232895100728757	0.486392643298775	1.94891389671589
0.174017312790483	1.15364035945356	0.994307128537733
-1.26230851687178	0.106998876680374	0.560631556583642
-1.92114800022689	-0.808983882031055	2.06209267752251
-1.42799733822472	0.61421251460957	1.72285041802989
-0.766787960056519	0.792666010121683	0.85204966721311
-0.748553930807583	-0.0695474989855008	-0.148241702531266
0.0105792813503569	0.175132355004538	1.10823097740183
-1.13480007330294	-0.956049758457454	0.797062869407547
-1.57196310074108	-0.766687176959728	0.0431048360689048
-0.34321916344717	0.440105634404128	2.30225128571525
-0.916681153188835	0.709928161095633	2.20085535479483
-1.46727836863667	-0.25983832064865	2.32372506018945
-0.792636567247852	1.08176658139473	0.764084063309172
-0.767257148414008	-0.342414921684836	-1.11374338864828
-0.559244998012378	0.702974119077079	0.897832528261592
-1.85055694843401	0.00943057214577037	1.22662803397624
-1.8545213041119	-0.399593399953458	0.83126478256171
-1.96515726024434	1.12490335038658	2.21206354603433
-1.31797827328992	-0.736203202362312	1.24925475092726
-0.625238425842328	-1.4080280499504	0.400928808105862
-3.09919646751531	-0.785525885222309	2.88512566908018
-0.765917361859659	-1.75862787064886	1.61676952126492
-1.6779410619603	0.592478860884808	1.8528969766118
-1.25978382698018	0.97267451173785	1.37382592858172
-1.55397781967673	0.229681510555931	1.34102874080468
-1.39803989750125	0.199692991835378	1.05196110049393
-1.2289721946148	0.0176636801950124	0.529575442248817
-1.48268207169383	1.49229025510853	0.559085701441865
-0.848664884869981	0.421668253502315	1.73233627276201
-1.37729043440575	-0.497624493565888	1.4342363651023
-0.460302051826754	0.707140741345018	0.821775261322006
-2.80348845378835	1.35523002184962	0.23934041572849
-2.83089141820521	0.112298705465044	1.43473167099469
-0.498610658456188	2.01315575898592	2.00958605302623
-1.59345220121544	1.43935781661855	1.58563630869123
-1.21209965106434	2.10463078286287	2.03155527546144
-0.931486308526594	1.83282742195634	1.79813649135949
0.301693512624335	0.987478322366718	1.268995632258
-0.547822752894977	1.44184005707691	0.620820852931721
-1.48933138392687	-0.655111792550262	2.02774555214057
-2.50552650252507	-0.248220465484581	1.39783403529494
0.0164886973462435	-0.57682812415812	1.75546446014712
-1.8329798841935	-0.891072306316758	2.46671944638861
-2.03709136493523	-2.83746961982024	1.66907919654925
-2.09139024222091	-2.48976041723035	1.64994096373074
-2.15842501050442	-1.26155125166984	1.77951515514719
-2.27819621966058	-0.864908628548626	1.27425497994145
-1.77267473674188	2.59214009884887	-0.214124040558101
-1.2887426212511	1.33159221568206	0.0435338779943362
-0.820825752123538	3.14563434707522	1.07823262969977
-0.885227217473875	2.87012725442867	1.1962555724777
-2.59619364193479	1.59905487319267	0.991994970980502
-1.31998283115698	0.0182074288564175	0.828935682673167
-2.05610453961061	0.202501607918081	0.730816052534738
-1.77250066530066	0.50665438744264	0.443147657238326
-0.881786825827132	0.160854590859848	1.89923843984441
-1.34746471828519	0.36414180664369	1.37789175605631
-0.831118085005063	0.666217959153675	1.30818653489128
-1.36115373993411	-0.0254936411340869	0.749737707092447
0.274848042922102	0.186296203103055	0.274022988108777
-1.68309669241561	-1.24597915207518	1.21739459373993
-0.778119137051087	0.389057552990554	1.19123133515789
-1.73943434046598	-0.289520467327431	-1.56285760466516
-1.20169893839128	0.526911987079246	1.49492938411447
-1.20169893839128	0.526911987079246	1.49492938411447
-0.0195505694239551	1.91599626393419	0.907950123205959
-1.31738041377386	0.443157258191134	2.22712488648492
-0.789362551506016	0.332629296511727	1.75479892981237
-1.35641093842341	1.22238800271464	-0.727912163760387
-2.30785892332264	0.507727190494525	-0.652479210871151
-1.9519586887199	2.31523212100622	0.316826462618286
-2.59985589662444	2.27094303737253	1.13356612004026
-2.60068980635092	0.637821261567171	1.4222640366074
-3.61077471255166	-0.223326469357485	1.22410345383263
-0.489753592946009	2.91754863899889	-0.0847527156608825
-0.914787996381721	2.11375891909196	1.65246279012309
-3.30655326462112	1.72944619787213	1.29141150109448
-3.46832373603304	1.53437120097396	1.19603291271125
-0.684378713457571	1.63192356222353	1.15258646337557
-1.49901035014853	0.0400901891775878	2.72904629101999
0.382346803904858	-0.108156615130154	1.28002534146628
-2.11004526093098	-0.497573266899399	1.54824148766877
-1.22710901905094	2.02482586005935	1.07801094947364
-1.87405830774407	0.893138249238965	2.24293973135346
-0.757085991057473	0.381967114260815	0.0221795283956474
0.193707492512106	-0.0330054598846259	1.89696831633796
-1.96635318353043	0.343075778947751	1.7962450885838
-2.10770925182822	0.627278827972845	1.19439538795267
-1.8779999687958	0.451693127578028	-1.09698601164696
-0.696709931848912	1.07492576606044	-0.904769967917139
-0.783866793580627	0.307225031301124	-0.154843175743552
-1.4707324624474	0.617413018898605	0.680556908853639
-0.379974787660157	0.5027061971168	1.33655169569692
-2.14630737869685	0.282823049963432	1.3939042116806
-3.54338635440758	1.37237765056023	0.655295472887794
-1.90405923899907	0.875501168076421	0.444573653618231
-0.461732644739784	1.98991808750829	1.34919972812475
-0.952788803143893	0.423396237404055	2.5130337264519
-1.7375801535178	-0.546728037749654	1.94833290379518
-2.72010240234845	-0.0244280762173599	1.40666587761391
-2.90747996588925	-1.1811479674741	1.16690483948546
-1.68010251426978	-1.84870432507455	1.24326700639063
-0.768305387855416	-0.785871880508324	1.6538234658306
0.776201023415003	1.78132127657029	2.14525233866189
-0.46583349496997	0.869578844376679	2.63263247686758
-2.4826733349217	1.29319971960139	2.28520755224991
-2.00196237194643	0.0759308120866857	1.71161265824774
-2.16509062780036	-0.237536102056748	1.11347560689955
-1.7216194142819	1.35173225013672	0.325018024561849
-1.48820782093476	-0.369288638798957	1.30316767266499
-1.11622767401867	0.364437156952846	2.26140342117551
-1.03317784600889	0.552523691633524	1.70705039333692
-0.314311855816871	1.90717912279589	1.60814291754463
1.21126517507988	2.33526135509924	1.89327153392479
-0.695085206773053	2.89658669346971	2.84825360380242
-1.40435045579336	1.47806026033824	0.628923442597233
-2.96872959669371	0.121057588788319	2.68266854597953
-1.96443100915978	1.27629804383698	2.18476952791041
-1.92055523567135	0.415815423566896	1.68192911171486
-0.117857099902304	0.35495546624951	1.68087485927573
-1.5077831975753	1.18503850211497	2.49770476031387
0.0400945863127829	1.63839793678506	2.00066934236316
-0.930592314520054	0.313814049948168	2.48308640466014
-1.72648693491208	0.132916540527232	0.983681782406313
-2.38390241941214	0.247098319187156	0.267192927293557
-1.85003218560803	0.950818027174087	1.27745923268422
-0.804790990265254	1.41224906713332	1.58237933106538
-0.368306344913388	0.497301676106685	2.97827655781785
-0.371073976863924	1.57342546391695	3.01429249354818
-2.33850416174794	0.63311084522853	-0.000249363599878649
-2.78123202398515	0.799815689240103	1.00732123587575
-0.62205290662394	0.956304242220483	1.40542797020834
-1.09011821752906	1.87692976614415	1.58329178011968
-2.81359066639886	0.537702815403511	1.831774299976
-2.44590092988715	1.27951749436209	1.74684372595424
-0.586302175015075	2.04040634802003	0.936256904530399
-1.3468677645044	2.00696923474227	1.43688006398166
-1.64558745684751	-0.402131359550297	1.700010435426
0.295433007679161	-0.819627297304496	1.72477873016942
0.901017418700509	0.926747778852349	1.33890037896343
-0.229071289493002	0.0601005063521227	1.65088953382804
-2.59534315481279	2.10674073802699	0.831653686773951
-2.65452697408578	0.447293369982825	1.23824437670017
-0.962475292830659	2.87272944384045	1.62207461495993
-0.935518544431531	2.67306678666227	1.22569323447223
-2.04529909188566	1.71405692567129	1.23796905354076
0.51820179057513	3.16571242147051	1.11771643756148
-0.377109552686323	0.0209232874216977	0.759986089064584
-1.67945445202719	0.899112055463197	1.81159022209262
-1.25372135440405	-0.873960001859164	2.74686792182732
-2.32390210372615	1.14517289518886	2.71683974426918
-3.06611654270718	0.11367749301215	2.31976541664519
-1.84916064664418	0.0247928322030291	1.50572224220987
-2.95003392129253	0.72022935224983	2.18578136690083
-2.46307394626589	1.04461307185678	2.1530551299555
-0.939431924808795	0.844784721500729	-0.567158101671801
-2.19506375887907	1.49172477832125	0.904783359371919
-1.3516205272064	-0.197765715803903	2.17853368129248
-1.90393349362302	0.350497491602234	0.824547175246083
-0.400302211282114	1.2961566711382	1.15712006372979
-4.12762492256613	-0.517135056099403	2.49476814565341
-2.50668770895808	1.56327361512402	1.86397140677588
-2.93192398929616	0.570520971384406	1.94585315627343
0.611149268097435	0.511487584749145	-0.391626176231073
-0.61509471901909	0.729539353281852	1.43252208477778
-0.528252989755201	2.15598667633839	1.61385597996387
-0.292207944460916	1.61113024108103	0.874542431631839
-0.608367959802164	0.0543232655047239	0.556747329738566
-0.840606181396066	0.336292991333527	-0.0858041741234636
-0.992633586895696	1.90337721385561	0.554367783714021
-0.745883688474549	2.18001622415141	1.05080399974328
-2.23131473527696	1.0233735234507	1.68343681810324
-0.693341927292099	-0.961670831850253	2.082814853916
-1.10450029724653	-1.50985801449313	2.49874051985821
-0.843165022969272	-0.585060218487775	0.237241407922924
-1.80228340806091	0.345702290354027	3.21106251913527
-0.941964862843318	0.737163259576916	2.49884045962965
0.0373549352080589	-0.0624713494359028	0.911796619636846
-0.854042384125599	0.509873852652517	1.60670786296473
-0.428899145566829	1.45814011275017	2.08209514835783
-0.424523923638186	1.17244423453204	0.215693146178884
-0.889633213376823	-0.153046790158463	0.707157036548129
-0.167740027092124	1.93390259021702	1.49925373458854
0.086851927201637	0.357019131659577	1.72087980663474
-1.34864161735704	1.59509976262925	0.882247430869485
-0.266733979065182	1.95507591470882	2.14907335262773
-0.902867318085439	1.87360774292411	2.45883978105113
-0.0749400506390719	0.856643370633834	2.49238568553623
-3.47292773323132	-0.71408803375387	1.57316045099341
-0.119071390693072	-0.139654154739423	0.784239104207462
-2.08316977534856	1.48340979217723	2.50124948281032
-0.438702983225967	0.99268584766023	1.31598803936842
0.0167617892281621	0.111850136286129	2.41898926303058
-1.74193736078476	2.20972850526894	3.20910388291277
-0.836866999349575	0.148015170736965	-0.299456417764905
-0.1963156439512	-1.2519399093618	1.92879106558273
-1.94800531925718	-2.27555268803427	1.7981260625365
-1.75394506605822	-0.403798244101784	3.43172643932023
-1.00489383833009	1.4568478577774	2.34515281377226
-1.78858094294224	1.37804807875304	-0.170828537467357
-1.25286235631789	0.540097886943072	2.29425788429444
-1.98745303209985	1.42788217234589	2.68067687648721
-2.56999583622764	1.17041607821998	1.97356963894192
-0.752623299174443	1.01852959489805	0.891794353135189
-1.24001548196836	1.80856334106503	2.21738514353236
-1.5151386396739	0.314658616059945	1.53368939067629
-1.45692481338727	-1.36117476298107	0.677714908755005
-1.54674819880603	-0.974864996691593	-0.303120230678132
-1.31193617433589	-0.925003434870452	1.4470581307491
-1.09807759145447	0.427744359055265	-0.190906365179854
-0.825733838583741	-1.42625024089318	0.704483058072147
-1.45522933582712	-0.715265656386043	0.194272569730054
-0.828165395923947	0.0568162204534499	1.10952166655219
-1.35906697259339	0.918501651132082	0.815062228059639
-1.02692306125994	-1.57365963329776	3.11360060997845
-1.56422902007101	-0.161458425659006	2.60942793599659
-0.955439286305434	1.08892554896878	1.60388873756361
1.52550967469188	-1.8608503064296	0.180338845040764
-1.76673065593756	-2.0770497616632	0.515476096402654
-1.7674376253878	-1.58644276867734	1.30974823265234
-1.12930401628492	-0.789700262886781	1.02868752423395
-2.03746138089606	-0.931581946232552	0.524445452437523
-1.45799467619284	-0.354729828256104	1.12802297849433
-1.0637993325597	0.685984517940458	1.78518944319493
-1.81729093096872	-0.626481964679631	1.69296473253825
-1.08012974595728	-1.26861498994395	1.35172082759441
-1.08012974595728	-1.26861498994395	1.35172082759441
-0.63774726240513	0.749105397206185	2.37028395057872
-0.955814538092401	1.48293250639197	0.857070261013252
-0.786644509249731	0.177563816142319	1.65801407779707
-0.965097080304069	0.77750887656503	2.4081830599173
-0.876597478318608	1.50473586235683	0.8108985596804
-0.817368664029509	0.367691017987631	2.00385569882626
-1.66592563646901	-0.41900858322196	1.61787519033435
-0.39346299121624	1.57603523237245	-0.424275728794514
-0.61265126565274	1.62269199800037	0.391153802106145
-1.13651457062451	0.406916155683778	0.453365091703387
-1.65966351857992	0.771177619010538	2.81366160506842
-1.06991899847608	0.841611921737409	2.8458511379023
-1.04482695731069	0.555087502582896	1.13611965383864
-1.78734401467919	1.57086085527391	0.711920756855367
0.366883668595318	-0.416031946502108	-1.02538234554742
-0.0801227339527586	-0.460828822544751	-1.05274722109135
-1.0734748697451	-0.155813000995855	1.03462159987832
-1.16896499347857	0.725917612387374	1.27229161383847
-0.221148385204798	-0.426074530516539	0.984832615172613
-0.956413832972595	-2.53890126081265	-0.0592097660122521
-2.33028443270153	-1.55225303912979	1.60509354839124
-1.33692993266684	-0.263649385096762	1.49421397485174
-1.73340950941721	0.641408384987612	0.775008787602527
-2.05870526696785	-0.419761225730933	-0.0862748132826004
-1.29241287571002	1.71883099688671	1.87965040532676
-0.0750143231062048	-0.155415300339139	1.06240583081944
-1.40686383283086	-0.771896999360271	0.685143433159487
-1.65126434902432	0.0107756233421271	2.16180115025551
-1.1420412312269	-0.00690836940354186	0.993552142120562
-0.790101013439539	0.764949460526667	0.0351625892562948
-0.941037927465785	1.05990555956958	-0.165332088363119
-1.5158060693274	0.34424224225132	1.40719692746701
-0.953963967841418	-0.0358479941882981	1.30269901098358
-2.68048220162703	-0.312711753405369	0.745584172538708
-3.06318156649075	1.25489079832561	2.59859659588432
-1.55114429680804	1.14940626945319	2.85277325572157
-0.971679651099438	1.24668942800019	3.00115620327224
-1.16787585229236	0.0847349672679533	2.87471071240062
-2.20630541771424	-1.91564812888001	0.765503272930339
-1.35747713896937	-0.171355431248347	2.033864501741
-0.766441632414963	1.59988941994103	0.994133673330757
-0.517482049324199	2.41342400364772	1.95763962164976
0.495380939010131	1.86571893965843	0.764590694070809
-0.644698924924738	0.798700617046063	-0.2558650133426
-0.0330816161892822	1.24868156760917	0.51381185848669
-0.886715065780888	0.747400631334301	0.553688567010821
-0.468928356695122	-0.0718210838920558	1.62629653740935
-2.38935555523686	-1.10029104754431	2.58668326216782
-1.61965575558722	0.48525817757627	0.886449457670968
-0.653819916908798	0.0345705235083699	1.46588226392232
-2.01016433217654	0.844472620026492	1.12799136694924
-0.71110995194024	-0.679068249674765	0.223611529807803
-1.81053102107469	1.79846410069	0.419695280453547
-0.0173150097738231	1.47526587936803	-0.659231275571545
-1.91714864888909	1.24177098909547	0.330419586378653
-1.9302479221207	-0.0571638696497457	1.84878169722435
-0.497508665180243	0.826755165382017	1.13518562427853
-1.29486474984055	0.498306393172844	2.12522701623997
-1.37786073236794	-0.561818766402005	1.71232585402512
-0.959478241264284	1.4378072734283	0.58615063025762
-0.30475800574762	1.43334783872252	-0.0699468250944976
-1.10511034830617	0.343443892218923	0.945578332341431
-2.14378824971344	0.306142287288418	0.952304995676068
-1.41739592196051	0.615172184872161	-0.265123784395414
-1.74391780359046	-0.333188641428982	-0.0304741763736721
-1.55833128119989	-0.148890156996796	-0.671366543797591
-0.545936781496406	-0.65555619984356	-0.125175108700766
-0.940779487711979	0.903875471206587	-0.707289330182759
-0.940779487711979	0.903875471206587	-0.707289330182759
-0.969550764301622	-0.0769817722391863	1.13512473277565
-1.39092899654226	1.26194212797291	1.67561004680016
-1.65599175550293	0.91853216358891	0.932355558381456
-1.57260773015999	0.437022980561547	1.14467605780423
-0.835103474022867	1.27476877164874	1.15937261826787
-1.69739126126265	1.56632301547798	0.228076983068454
-1.35855078278885	0.267143066078913	-1.23876430889152
-1.68665189465156	-0.305159614482416	1.33790916210171
-1.86703770962201	-0.307538557553708	1.27695325868575
-1.22222665872944	0.672584065354723	1.07104549950861
-1.93828612714748	0.548516425629049	-0.827536421233922
-0.863526718565862	0.885155642476921	-0.820585861539864
-2.58042754259723	0.865527308763944	0.178073202156764
-1.56804026480943	0.224073324415436	4.05917018915183
-2.09595724692506	0.990644914082957	2.49910175294785
-0.991680401947589	1.20843573536106	1.69016108495238
-0.400813195029985	0.347978413796981	4.29226241654254
-2.44919989223787	-0.653140895654977	5.26889188500628
-2.60657294100158	0.635040186218188	6.71152059997285
-2.87460254896371	2.15089212282366	3.79890209911791
-1.0037989154289	0.612332283423128	3.46157378027333
-1.31033723368098	1.11516335433036	0.81422827140764
-0.808566324349593	2.53792484797732	1.66698883348595
0.509331142936181	2.34643245481727	1.5352417974338
0.503705013967951	-0.00534557901261568	-0.532046580818674
-1.35117327450452	1.01736957204056	0.412952944980459
-1.19414889102969	-1.03225950611491	0.597341133115015
-2.56075020527545	-0.630372618706963	1.23564132510976
0.592323407472046	-0.288764524105525	-0.708845651132986
-0.697871592443441	0.564253943783898	-0.507481255738755
-0.297311150541662	1.31857566296434	-0.127924910002959
-0.106765185279292	-0.319751260920063	3.05639186167012
-0.139195503079489	0.623427731814226	3.89606628038109
-1.03325783016046	-0.106854621877203	1.54932780048373
-0.358161883596521	0.57294175191856	3.31022159522302
0.0995960761432693	1.47218767666075	3.01584710062183
-1.70856842387977	0.949421249797984	2.64528815310331
-1.58060534545607	0.889227498120726	0.651767929931925
-0.449004735683235	0.388688388856533	1.42727584724232
-1.05710506906605	1.38499396507541	2.16869123787256
-0.361365949934122	0.323559529890592	2.672763454057
-1.31557120937119	1.34380434393668	2.98540540234707
-1.17939215120223	2.35771797028347	2.3053109219347
-0.213786859004243	1.7069828826704	2.94525679051575
-0.789614232745251	2.22511304505943	3.07733233398806
-0.89199359919871	-0.409815849685868	1.49795411287838
-0.573366059676438	-0.173058919027636	0.590898044357189
-0.169777878063859	-0.555839955766728	2.07828350108953
0.175857859576609	0.29257426255188	2.90716332804719
-0.903007733589937	0.618056495344053	0.986901625830642
0.356796628048476	1.1083214073152	-0.0556752431547819
-0.817019796932454	-0.347979322701506	-1.45859303688654
1.22812273887134	1.12823372604095	0.0487032155488941
1.35298180725484	-0.566834856296302	0.988810031773604
-0.0552476513959879	-0.330956812313219	1.85876625195273
-0.196175761897434	1.37604689150898	1.72657767254524
-1.82961398948237	1.43538936657507	1.784395174899
-1.6175761494587	1.96365581634329	1.79183691825219
-0.426061042365355	1.00810351524226	1.43714902638604
-0.129428405142132	0.596544250320525	1.28285935166736
-0.539025615736992	0.437628793408614	3.99015555871545
-1.21447781590788	2.12651544348915	2.0534047432796
-0.760649519083077	0.872228605263756	0.747395354033404
0.588308187602194	1.19404742456529	-0.204762371206456
0.130701855312515	2.10912108568881	1.81298247063374
0.327961719518303	-0.22618232616205	2.61249146697997
-1.62173485161072	1.39736691080433	1.44326302711911
-0.166676495153815	1.14797757381663	1.51909856718517
-1.301905629151	1.28459520827614	1.79160566946412
0.783491689583652	1.47229432241244	2.56205370064162
0.990794609509454	0.364395838531117	2.80347989057816
-0.538999289474679	2.97839314136687	1.8775597152693
-0.0716904714138162	2.99868895254967	3.24200900714453
-1.28730457237696	0.47937011018533	2.67027501758341
-1.8086430688573	0.950720744789533	2.76816145569822
-1.63183805520379	-0.13816026558243	2.3779024183288
-1.03331324195486	1.82457326751513	2.77322656881696
-0.0619585360087573	-0.437759237646001	3.81951772794413
-1.61363020559967	-0.670848237746723	3.59188611264823
-0.575814168190768	-0.824942322801105	0.772670522083586
0.493967229939192	-0.997546388759118	-0.0737289096399971
1.35795993904252	-2.66639308527875	0.820958354152231
1.65960969538732	-1.23042575513306	0.0697779435610133
-0.54915244182847	1.81330689653656	0.228698911854513
-0.956250204908025	0.449427487764069	2.99110244193855
-1.6057839831263	1.43919161429786	3.58011863280861
-1.24715403490981	0.322656842428153	2.64303715356625
-0.225191797721088	1.85345991998655	2.02178178116777
-0.928721005632048	1.28123920985386	0.263485771208683
-2.02622896315324	0.775598071050949	2.7269150625593
0.406099359273981	0.752685879415361	2.7745006536957
0.36564734977663	1.3413994501381	2.25441757216367
-1.82821993036923	0.712879357865597	0.672448334031558
-1.09818241590328	-0.222675509556942	3.15017255545805
-1.34606939479267	0.488253769940266	2.02937465195138
-0.28015354370556	0.835768677128427	1.83075503020102
-0.244590105108197	2.61911579553762	1.25257749801711
-1.60327380293578	1.23591997767085	1.40582043814105
-1.10825779307541	1.55844028920684	0.655337437949681
-1.84210722284188	1.01852600725452	0.503532545505045
-2.28344734061353	0.830904477618384	4.11271645958923
-0.959826197956451	0.470931909180245	3.74172755462409
-0.0837223493509967	0.577894272442502	3.42861655366721
1.1205060021728	0.294243216400356	2.52276334553608
0.396380269660821	-0.2225095179019	2.86831762209636
-0.707155380177021	1.89414613413566	2.00731816540576
0.345646726173603	2.34162243710263	2.31237544088471
-1.00514518536775	0.991658161134493	0.351365287957115
-1.03733471963613	1.68330545741855	-0.213894487948097
0.266218618263954	1.14412017420218	0.496017706835678
0.349696489958752	1.879526329386	1.71963929389211
-1.17098144423875	1.51100392034747	2.1316942422634
0.610698795156531	0.0651356557241799	0.368219005296721
1.31453891597298	1.1703776755791	1.62158508510505
-0.189953462920813	2.72967454823806	2.47862717242367
0.723270986305637	1.79665786272506	2.98902174200392
-1.08850020878106	1.57843979092467	3.53091312706341
-1.48735380798162	2.94661544157438	4.50894539649677
0.490794420457574	1.68800942862854	4.37600773312077
-0.158870051216765	3.34630458920227	3.23590969847206
-0.887400924699569	3.31757907365708	2.05777572756772
-0.38429862595603	3.10705203824867	2.44373452878745
0.900269765870318	0.153740008512854	1.90007241520742
-0.659536255351852	1.51708630830014	2.10624814563631
-0.457093561267997	1.22651141256318	1.44925259664968
-1.24725593669565	2.48266848206426	3.2691644115564
-1.35881135632037	1.74588170327746	3.56107433666217
-1.07782561737151	1.51892107413927	0.834585303872629
1.03941541840049	0.632275779158867	0.87833773430845
3.14695163863156	0.544473802752503	1.28139515612429
2.41268010341463	-0.365197342151322	1.63737846627065
2.99720117529237	0.917047569903932	1.03773537444803
2.87157182390564	2.31880571577282	1.48894806329466
0.506544885052157	1.67469289214226	2.14957324982956
-1.64109774134281	1.51794265180028	3.98184362626454
-0.00501773234489766	-0.1049516918731	1.39625738115645
-2.55519789507212	-0.610676869789102	0.47498645529895
0.134801522697077	-0.825589648141932	1.58829379750609
-2.12411611743781	0.543270309666224	2.1345295458114
-2.59641402232438	0.801654500669032	3.6783384265299
-1.24375209942503	0.0957404343370224	2.5885152570105
-1.2991306995779	1.8732126043157	2.13712033848516
-1.84950265931041	-0.124916510967573	1.04187177865254
-0.545355951176541	1.42677633939361	1.5100851236055
-1.03993981358512	1.1125763393909	1.07107049371429
-0.0881546907139776	1.54518794194578	1.48398584650361
-1.13613932155483	2.92514660816602	2.80166690436665
-0.0483159299643341	0.908368761685413	2.56772100903336
1.99080548706441	0.870115977740315	2.43857933967245
-0.390749788448889	0.643217674912259	3.31836258044024
-1.03743750498192	0.64872248586366	3.41585080745948
-2.29174588931668	-0.178171535909834	4.00474941823436
-1.15906902925168	1.49824440242484	2.1272851402363
-0.578122840966548	2.65868883185794	0.335974869472694
-1.39289484114786	1.89622080394018	1.45791855525085
-0.656173644925033	1.70927352551894	0.70126179773369
-0.66422650893096	1.36165256406529	1.7692045330231
-0.242856316100075	3.42822189759854	2.36803733104055
0.00337020928787105	2.4546983183173	0.666008045574553
0.109982415341126	1.45959867105914	0.647468730330866
-1.4358099548713	1.18043943586146	1.90790476066164
-0.321287728230985	2.08950272961806	0.699642931207769
-1.04606733691088	2.18330618469654	2.38145535944596
1.11084383978675	0.920508229891083	2.90945904401757
-0.918901517423401	0.439258754944395	2.41908520070316
-0.652047213648097	1.17873184154445	2.50003191993525
0.162197209818485	1.64994019417216	2.03850209827664
-2.0668012099646	1.65667997403584	1.43883090220616
0.0643010843010843	1.04134501355981	0.885122797171959
-0.790229986594867	0.965910131555382	1.80355177652951
-0.752382184513073	1.31088082053755	2.56206207329332
-1.34197771597333	0.255393551574042	3.46798616740033
-0.131424290188206	2.53516657412144	4.04847291930806
0.0831466543723167	0.936222595346256	5.5770211338191
0.133493036954852	-0.235950513566906	3.25857169437183
0.580465299080439	0.334054238614019	1.47265933802171
-0.466798010008045	1.12107260931474	3.46633222251893
-1.15183027860578	0.265472748946509	3.037267470383
-0.513041269931571	0.55672993330114	3.83614064836614
0.722302632333187	0.216473074356586	4.28367046085562
-1.06386220956435	1.92956512857034	0.587241969055672
-0.992480035777337	1.23609410332353	-0.548416313690988
-0.870425672131816	1.61590601606419	0.702953463885728
-0.41338230403107	2.45255492424152	1.34839792988249
-0.0721338773360241	2.05266780049443	1.0986203589859
-0.0291022519321573	0.475257928993648	3.91111969382854
-0.411447141375024	1.26825706175717	3.26751165453922
0.0180617398669352	0.964447802251077	2.04341042798452
-0.776152836812237	1.22314660390672	2.33132421618167
-0.685508672320771	1.04983927694579	0.946418640477502
0.511984170872855	1.38699169645547	0.813234495109199
0.594852915624447	0.940089277496267	3.0061083388463
-0.397869591852885	2.05005330127401	1.372528357665
-0.765825031893583	-0.0200906967327017	1.87459410280203
-0.272123231476444	0.302878982764706	3.05867660331704
-0.87829825944391	1.95369159559645	3.5032714834835
-0.676623505173623	1.4418957296322	1.76885731377671
0.375770445598452	0.455123316989291	1.47664701363681
-1.0450900525599	2.5124860889238	0.68436438813682
0.107038772728241	1.0590872672924	2.2903791470139
-0.542208256268076	1.36143885017097	-0.0997956136226404
-0.534129285841988	1.36513294875695	1.04419409860458
-0.443161503011394	0.686163466824553	0.358751180224274
0.933514762721868	0.586528613283974	1.45017674631105
-1.86204046667227	1.39498057248053	1.93866646999123
-2.63949749532424	1.66582020851821	1.45980599910771
-1.2717489258169	-0.0463532235247889	2.15802657463643
-1.7085349060379	0.198307715743301	1.94273235066263
0.869196897517226	0.0449454508401796	0.875503729110606
-0.792249482083336	0.681116899561773	2.16285017200408
0.309081478543094	2.50578456446899	1.26448652387514
-1.06879960169034	0.749208264847377	0.738541204332618
-2.17147339882625	0.82232594315719	0.710286234094424
-0.426582052122865	0.342083487863021	2.54979940678663
-1.95942174402499	-0.0883908131390131	3.04664617501845
0.434933942419816	1.45878819139059	3.91607853043991
0.698428486536155	0.855561098633797	2.83426625499742
-0.615784670436201	0.893012955654336	3.27652372206575
-1.43756331147053	0.689100772729561	1.28139322846797
-1.23001773856379	1.25007955441289	2.27936519706393
-0.141983610025791	-0.0494819457967526	1.31427716684737
1.05478768778773	-0.33041871676576	0.397795215816094
2.7738339660806	0.0347790710828974	1.66080179140266
2.27064373183582	-0.180794163795359	1.87666745137081
-1.34667531625862	1.58936504583717	2.25144443299405
0.523584609526963	2.85261884519671	2.39351970044048
-0.498182610368158	2.37002131648138	0.768428761400321
-0.970205091322062	2.23135527658539	1.85898332696864
-1.18968825649635	2.51305573470842	3.01877656555567
0.875671611468316	3.48921608442618	1.9685917040559
0.365692489178264	1.89787684185029	2.37495084379999
-0.0062015095366314	2.80723923471404	1.1054613570011
-0.70106716007014	2.41037055864744	0.612978634027485
0.29944912961045	2.81995483075919	1.28465083789779
-1.03397509713473	-0.382656927369088	2.1459443264283
0.0543266296977827	1.90112410961882	1.56538504975114
-0.348874140833932	3.18994641304764	2.2512386146364
-0.473653098257605	1.87031489457418	1.69955237674439
-0.690156020992484	3.14486484174366	1.29140542753788
-2.65444672437566	4.09122497783257	1.57952350492804
-2.33237687990592	3.65453217247164	2.3670302242389
-1.44861511967524	4.53437427505705	2.42308402209104
-0.282453394830011	3.28283459331099	3.48743679658617
0.247508109515444	3.21688432970128	1.68112949688931
-0.219799485491497	0.65361872617565	2.77756074541574
-1.63607722814789	1.65905288149989	2.62528771551641
0.552701953151497	0.92031001460365	1.40221173321169
-2.81976556554652	-0.413647672749003	2.32831368442446
0.698245798580892	1.76922518544718	2.07077262793255
-0.271770398310562	4.79809559123773	2.65578490312312
-3.8728569283343	-1.00989113071042	0.51019702103929
-3.13857081720032	-2.18251259957902	2.52087613170738
-1.02665054765943	2.45327815945277	3.32416489817037
-1.02082495026756	1.56445388663083	1.88858734301411
-0.321466244823444	-0.384481039806045	2.57734928996718
-1.09556577316497	-0.891448057102051	1.25342528740903
-0.923722255205316	0.445316430797323	0.321825225344058
0.872768889448223	-0.447078533910847	0.0106220841299352
0.315218992798685	-2.43776212677686	2.14711920663155
-2.24391472556409	-0.633001872266195	3.03134888247178
-1.10109410988584	1.23648119556613	2.68884828473965
-2.15386716025593	1.63340920353303	1.48747683378913
-1.40904969622017	0.577603200080852	2.91954187216912
-1.35271018417064	0.425801537850499	1.32357057965897
-1.31734459737323	-0.621976053412177	2.08915072486896
0.292852444890004	0.647251972003783	0.203829815486423
-0.903927182720987	0.415111576346424	2.28551887975272
0.373947366749175	0.957443822702095	2.44471750005719
-2.15495797536715	-0.282721671027919	0.709406616099148
-1.70205737688367	0.768048123257589	2.6277673494899
-1.68010087523214	-0.681510196416615	2.42018690208481
-0.846936630069035	0.572520816806473	3.07661062187126
-2.32527799439036	1.8711695261115	2.42075359992666
0.438723876906226	-0.0143574406933315	1.66601151074452
-0.851392513290051	1.12866159328806	1.83605345621854
-1.01823322640896	-1.05923135692696	1.99270364774114
-1.8505483705282	-0.792928262419092	2.0102641544549
0.648215361600986	0.265559515767901	0.636235225718482
-2.12271140099549	1.22312327165106	-0.186654505452382
-0.872989629536902	1.83199268288227	0.719209780063664
-0.887921276856545	0.381037085004284	1.87422300916391
-1.07243867770743	-1.19489700735862	1.49734609393826
-0.726273134037191	1.0164459100935	2.31517350775403
-1.71660830636146	0.0264150165313699	0.52958359255173
0.108601711488548	-0.193817071645408	2.31224701522152
-1.35882406125256	1.95763918220905	2.21721395375293
-1.68036002718204	-0.113973282050893	0.574725564539596
-0.14733396705172	1.84985920652444	1.11622506242956
-1.33730810342318	2.06220319365421	0.776435937395353
-0.0565977558940783	1.41391832726459	-0.520221991210134
1.50098219946304	0.50386558287984	0.679468863768302
-0.635731210199718	1.38605691372815	-0.56027865543667
-1.73878780538668	2.44539459184299	0.0655336443109962
-0.352177021649548	1.60134330863193	0.717663262774005
-0.572673123580766	2.82935567688327	1.1350130639226
-0.734497061510294	2.68160199304456	1.45105804695076
-0.864921031035543	2.2367633220175	0.284431016753734
0.164087294048122	-0.385560682148267	1.20833678515327
-1.35545680092974	3.19921857751795	1.15486583026931
-1.3848515405995	3.79738538057422	2.11549819156677
-2.70628886355318	1.93242797842557	3.21500837073484
-0.0965951708922743	2.62755831288189	2.60023099323491
-0.826829885039354	0.690683841332443	3.36788423285516
-0.174314268981048	-0.297381132914763	0.970805682882252
-0.159179957779652	0.628338337465802	2.14813860272749
-1.27056119841539	2.20383741799441	1.30571764002842
-1.30132629232798	1.39864253596945	1.01512181065892
-1.99325244860351	0.641628691138321	1.0034175364019
-2.13670011814765	-2.61659968549081	2.43032630421715
-2.49548092421352	-2.1424969297734	2.26996326388495
0.119113511246346	0.254115373008745	1.28130461069604
1.69950091819358	-1.29009830858293	-0.780451519707483
1.25394425598408	-0.737442790339607	1.3050717229523
-0.366147169881835	-0.507685525080319	1.96434427148463
0.0859947301471991	-0.607186070648971	2.97544572035488
-0.630604707126824	-1.33406349160725	2.33410236112076
-1.98611634986974	0.105799339224116	2.21697196282744
-1.96246961362567	-0.335884239163647	1.20797808062529
0.861861734389158	-0.733315039939859	0.467729817388879
0.684074985148022	-0.0575879297071973	0.0421589333434824
-0.684936440401294	-0.11518531300743	1.6671972380579
-0.518915294823404	-0.425851578198938	2.43212963697967
-1.2397175300284	1.04717802564722	3.28404302634811
-0.788734979353517	2.78494815665654	1.4424961854529
-2.0407555501222	1.74602932140008	0.762022395200321
-1.09276171227976	0.57369993663594	-0.0246790035714397
0.596931115443934	1.71810568926462	1.6365121671085
-2.44781463383244	0.795763758294119	1.81382869491515
0.0363014325627208	2.160414069099	2.37211548278381
-0.990538717333457	0.666887473438001	2.64554526851029
-0.711683631336628	0.203802843732325	3.06420768967574
-1.35876091074261	-1.77112903448273	1.0418888764913
-0.570915491636956	-0.314430786108893	0.576046501929016
-0.785293901018796	-0.184150948897934	1.50655878444033
-2.06366644207413	-0.813029430432918	2.24655411209547
-1.7761513641371	-0.424548352600936	0.915213905586574
-0.773337232219415	-1.21743770046355	1.13070172802359
-3.96278654351759	-1.28102341058327	1.34693918714629
-2.97851080379957	1.47427810257659	2.68722433817932
-0.669329637984699	1.47589417652628	0.253302928691552
-0.578144869596375	-0.580459072653686	2.12284946225058
-0.846259671139174	0.0831179337230982	1.98889874809671
-1.99168764624448	-1.40739731402499	1.93835697252424
-0.589850375213891	-0.526037286807812	2.15559960605315
-1.89282400738625	-1.62452906032293	2.86912724850008
-1.74561813555021	-0.331928602290401	1.5820570728949
-0.0924106196301984	1.13858829019015	1.12509882514611
-0.937720985218197	2.30382161752732	0.562008778524673
-0.137440957978448	2.68330026364262	0.0733348723065798
-1.51927129158459	0.952186651650722	2.04532793536471
1.01970162106703	0.219503063197045	0.461796828685938
-1.83236632030495	-1.58587249242882	-0.456205828450695
0.436289401690543	-0.856980238297533	2.57900558398518
-0.912828087392509	-1.9522474713953	3.10864556754949
-0.0106416060098513	-2.53368842674701	1.74017006769539
-0.862893775785312	-2.33488188425701	3.22924740007682
0.505779645862322	-1.43254898692121	0.128059251499315
-2.20118000841668	-0.336242252564546	0.241771309902109
-0.496781174584239	0.946955563468559	1.34047181850299
-1.91508039369119	1.4974692802304	0.574344996678519
-0.464250067231055	2.32292844262862	2.16855959351084
1.30391930549329	2.01139086208574	0.0337018767007553
-1.85445102257599	-0.241109059222193	1.6579505072624
-0.617082169368303	0.266838686035897	0.237302710752694
-1.44520114994768	-1.0966499177275	1.72606613618315
-0.672750635064189	-1.54527782716697	1.79228632934735
-0.264574281867414	-0.591608368290385	1.67529253296779
-0.762888123351637	-0.325455795261689	2.05061321002824
-0.177215231529016	-3.43935489283584	3.07065232293695
0.689584526182167	-1.40832912962182	3.41826740072547
-2.44439001067388	1.27031859999041	1.07773628902479
-2.75598073218206	0.87364726945956	0.762613081194587
-0.485591526591925	0.727312649798659	2.130644542023
-0.422333846064965	-1.25550254109984	2.72599882016999
0.0388870953502431	-0.808608978901155	1.70231551904736
-0.773920262276168	-0.0910572076506022	1.34493051037488
-1.98583379357309	-0.180681059648986	0.59412725531446
-0.489254083070605	0.0140073564195073	1.85999212296942
-0.73904894200007	-0.156492098573382	1.82910798539958
-0.353524860934493	1.81385929277825	1.1519106136855
0.49671077875986	0.970911588475199	0.495629353351454
-2.32137600845906	0.797265249242928	2.24277285696638
-1.16361883604109	-0.525909074781067	2.20454693911681
-1.06004701581178	-0.855213657095086	1.9766009644167
-2.07033991516492	-0.70250378466752	1.52704568081722
1.2109893446904	-1.51788820970575	0.350612942515649
-2.46725653062139	-0.267087101695124	1.79157504033444
-2.23612823092496	3.04646117731647	1.37172136716198
-0.913808023166481	2.9612487086272	-0.207176420398072
-0.381628755555143	1.87747888426924	1.63593017413351
1.31117295490755	1.5852307839029	2.76859970930453
0.186294771007857	1.41271552616217	1.99350877351022
-2.4779286126994	1.63118019218211	1.2454838284237
-0.231439715857976	0.878732708777379	0.235452603735896
-0.908956762216209	1.91290427065769	0.536434720706742
-0.485883042570181	1.72324846047359	0.773969351155442
-0.966145144914354	1.62958297211863	1.33770150606042
0.827344683925967	-0.0870885130280074	1.38750007045145
-0.625431057071106	0.457361125314666	-0.0421680048230469
-2.89449174827818	1.26283825023951	-0.763046080214171
-3.0751548252609	2.52587347733991	0.215233856526671
-3.03272503157783	0.999844082890603	0.614219178528047
0.142848174294107	0.316243703085894	0.786745738628941
-0.496286058669928	-0.41625014600134	1.91570946808326
-0.00792555443990994	1.21567344412261	3.59460618798236
-0.666562775557404	0.842678045931316	5.20237834582257
0.277540141914615	0.607874030007799	2.83670696294773
-1.11488651928847	0.566806569561381	1.809428067331
-0.852346717794584	0.16670488529612	1.95475149873396
-0.32639388422482	0.507417612009321	1.20809416991682
-0.795909690190157	1.60854535343762	2.21194106726991
-0.122137533118706	1.50650475272529	1.38176382225218
-1.41483170149478	-0.0361947423383774	1.12518950387155
-1.01618778656463	0.0861059123108888	2.7780074349637
-1.10489246945581	2.38565284836871	1.38971145295929
-0.427920498136985	1.44143306990241	1.82323082247878
0.214473664737183	0.318844769317478	-0.0130611726515098
-2.28331158965776	0.609725509007761	-0.168488382410148
-1.65835059932314	1.00261084890802	-0.853299619192122
-1.69823255691771	0.197905410723668	-0.189246155210499
-1.82309986280872	0.572244731047775	-0.245444418707446
-0.826407871337769	0.158988522287907	1.54590842018476
0.0665893549337232	1.02194038105671	1.32143335856257
-0.254754406703904	1.01884175868155	0.0122831672027071
-1.61741344707596	0.247538651037805	-0.741507440692369
-0.833240290004118	0.203333449707982	0.181663090586522
-0.702251410150151	-0.443519562923739	1.50212272414102
-1.21731198649928	1.77078312968879	2.81555426755554
-0.460302649142447	1.66034931134507	1.28012445579793
-1.71264795020609	1.85434576212672	1.73462202475361
-0.687726668573785	1.03042711722991	2.5786013857772
-0.412378604345569	1.2929832636405	3.27501854896983
-0.302322258191607	1.69089773113628	2.4255973813777
-1.26325348140121	1.39847974803915	1.62374117826503
-0.777784063029702	2.2812617322387	1.80572836891202
-1.08074647486788	1.21558949867097	2.84628296044792
-0.459273551744381	1.60330931636946	1.46221951735705
-1.01116534871019	0.923754573438386	2.56562091117762
-1.37201144617096	0.26432975183816	1.80451930890757
-0.582605737522431	1.54503444266313	0.450457861610226
-0.96924111349764	0.37352626696805	0.562550676276311
-1.1258311965989	0.426204377290354	1.4884160006986
-1.31812517618053	1.15243152087242	0.959965589530434
-1.21997493718575	0.584796663781246	3.11044060172502
-0.801061451684146	-0.239538869154488	1.45994548262195
-0.521140578232729	1.1692170059018	0.57591615221553
-0.763521757661651	1.75024001686924	0.436193032508886
-0.456121330033123	0.815770658873236	3.04649435458144
-1.19686308505767	0.130484987572565	2.16328362250719
-0.00583439406081476	1.23683474323014	3.08806958141155
-0.198700951678604	2.46958982261703	1.13037434656432
-0.628668728407681	1.37041601769329	1.22734429140056
0.288717962923725	2.31202426530589	2.55709770758561
-1.96735810635801	1.2181958814678	0.748477754492685
-1.48434170303331	-0.145060300838568	0.444034234259014
-1.0258050087864	1.28475688495996	1.9341908953868
-0.40609320241837	0.862618992107111	2.25917801420153
-0.58729383043617	-0.324418146513461	0.553246340091001
-1.05185821141541	2.29109017148063	0.328319457586013
-0.295598541736534	1.97733125010924	-0.450677275477462
-2.36112467336401	0.367636490915183	1.9749223827044
-2.1122380163549	0.367236255664059	1.60114064572486
-1.89448255422228	1.03197992966199	1.79509982394245
-1.21649705462564	-1.01072251943311	0.25192228716019
-0.120155185590303	0.579803648614052	-0.982583731625654
-0.343453195074158	0.331548680826575	-1.70632731917497
0.279255497659936	0.220531533511977	-1.65465661908913
0.624259968441852	-0.0120832647740618	-0.682395398365406
-0.526863280392545	0.681223650211672	1.62467919399778
-1.0233329329173	0.507886385865474	-0.96416537837397
-0.423707228206757	-0.319200569026567	-1.1656347791457
-0.417548853928427	1.26039903343969	-1.04982322590841
-0.815806848002039	0.125626284476643	-0.584834731711949
0.148642478791495	0.636150385426402	0.499809980150329
0.133214700965983	0.422978095693428	1.21335357210235
-0.147429640824772	-0.0819050427070698	1.32039657686992
-0.536178609071637	0.0875046443804146	3.88775764983592
1.20927637817583	0.534867393100976	2.34858891810862
-0.0422655485459844	0.0951817137091588	3.09986696930801
0.218010682219783	0.415449706042561	1.80787743895673
0.00660762658270842	1.40294986730197	1.80796997371071
-0.440722911166841	1.19217577984138	1.99785483085596
-0.331426363630954	0.997264871672545	0.584862287632199
-1.23539980491844	-0.414331941447768	2.15338077165618
-1.71880543972639	-0.187216272364084	3.02679330377843
-1.08666399155385	-1.06071816704347	1.9231025626365
0.728516399948574	-0.630903768732958	1.89105370341512
-0.639979297509808	-0.225724131091291	3.47773264635947
-1.68224624078542	0.211660871937715	2.90810946333039
-1.59785949320031	2.00022022693241	-0.92629283857815
-1.19243584087527	0.263956195346098	1.37741169228702
-0.577312891916808	0.26201296293433	0.867597532392728
-1.72344572365175	1.28673682615869	2.98510640751459
-0.233037696829816	1.68512106380628	0.315541129513057
-0.790557818007766	2.30464998230902	0.584563966919559
-0.414129373224652	-0.0762022658140733	1.54154373847392
-0.525270831770435	-0.663232122550473	1.07034482434853
-2.12470412418933	-2.66932903742478	1.83745627718953
-2.05406319228642	-3.287014143679	1.553780864952
-0.929562009021988	-0.678419112084059	1.24958374561862
-0.605804312806358	0.783038161715885	1.8549568314899
-0.0518812972926133	0.0136456008768843	2.33923621208696
-0.505996823104298	-0.727198505332275	1.84631827677968
0.71814595974748	-0.902510288868689	1.99755523055706
1.65618758804686	-0.103221017978244	0.597395694174334
1.37363256250572	0.572195498528767	1.60563869007109
-0.518797721323298	-0.325545655309078	2.61801060970378
-0.037262160798052	1.66568735261274	3.1114540946967
0.153538224501301	2.17118056322219	1.65126323539625
-2.04450267220075	2.64799589145318	0.843914558415109
-2.26638707626843	2.10841963072771	0.175282424643917
-0.499578296178702	1.32257141521442	2.29540089261149
0.203996888811276	1.85574327948642	0.166504135076078
-0.0975797828054612	1.45396055743267	1.57756798119222
0.345324877127545	0.395168738079198	0.90975177971552
-0.0806663133850525	1.31872892544938	0.0559044971252072
-0.378869759682818	2.50053300671179	1.81582766886463
-1.23784906138261	0.891281467912897	2.69158319162679
-0.150452727725257	0.837915844912067	1.86758898263738
0.62703954378859	1.65593648685129	0.965688902408159
-0.547852818562257	1.30214867985109	1.43883033363997
-1.14482460907368	0.515625793987973	2.33299532905455
-0.798121884627399	2.02469220507912	0.905305349291194
-1.40942227140535	0.44931066681172	0.404188176271306
-0.227505177754978	0.672389463554312	-0.126055463880996
0.850040987963233	0.521832507724842	1.99201143520568
0.249560198022709	0.498024713659997	2.19057669750326
-1.84425450240637	0.00311474515349508	0.423527073610392
-0.545278207023134	-1.19942918080479	-0.395647596554378
-2.29704732499067	-0.698514954286207	0.603862177447769
-1.33650124296598	0.162249479140424	-1.1044591297506
-0.454284368620352	-0.351267874674977	-0.408194945624675
-0.680095027590009	0.121182627115692	0.254445624828499
-0.383995420401399	0.861176550830388	1.27455776249015
-2.53364087052924	0.685411468858939	1.24378484824708
-0.650763349581252	-1.02088880256745	1.96762914213323
-1.15605421021872	-0.93765730749562	0.721877870684093
-2.36816821529334	0.218510194506173	1.43632643570895
-0.403137421578303	0.734100088581908	0.756005315804836
0.565037258903752	-1.29847592969813	-0.591351131942828
-0.948758697824629	1.88369213599329	1.48867338619767
-2.34099809833928	0.420200883139173	0.837534372814161
-2.40966836196362	-1.68170666189398	0.549288201173161
-1.82776150289159	-0.076061481094331	1.76390908301774
-0.968017558751035	-0.132373637845083	1.64455163613583
-0.25923557034102	-2.03037933612709	2.43763269077563
-0.212956554390886	0.478974494789915	1.48382673998551
-3.11193658326347	1.76146309173726	1.60517256997666
-4.11428057384001	0.0683289822595552	1.18897661799118
-1.41778308124872	-2.84469788424547	2.06605733404482
-0.456810428334135	-2.26392353995487	0.404534822918794
-2.32243134205247	0.621443167451314	0.719112005684147
-0.81699506338919	1.66821886002319	1.60430249882601
0.504122507717038	0.619093103634467	1.18055205576766
-0.738703858882308	0.315145587927757	1.4286291986065
-0.688233067097546	0.614247386371519	1.25504198207234
0.0286477745207682	-0.0435771173985173	0.175500802533037
-0.271935523058302	0.0913328669224567	1.75837755128392
-0.861547731671904	1.89340068571926	0.625182034741115
-2.48448042044653	2.45355898605127	1.63690901545327
0.814220244940868	2.9268092742665	0.526683294982509
-0.264058932333402	2.32323693257324	0.566070433762378
-0.153066143658329	1.57662662696454	0.146540947218012
-0.132031504951716	1.60586935939765	-0.639742813502742
-2.29633984971282	-0.000540931610470863	0.904663874150359
-2.81294646429206	-0.404392399647139	1.41181824673746
-0.423357087419402	0.231794810762817	2.36090258294512
1.50557646053717	-2.21466211905064	0.638512265965956
1.25502297796121	-0.982128727897978	1.47621225921418
-2.10116518582646	-0.50557170601941	1.88925758740257
-1.13809482252105	-0.0497958482747651	2.456249238974
-3.27268078804761	0.719610208364261	1.86359116096998
1.94585180385395	-0.371164976314619	1.36123498599845
1.85428277194863	-0.779623412347775	1.07365939772201
2.43323756459888	0.175483738440116	2.0253113486666
1.67913834277476	-3.55191361132165	2.5729668329752
-0.235098038145627	-1.18801617096155	1.44422143596404
1.87105871044561	0.40772655115745	2.6547976107022
0.174409665935321	1.97520700635511	2.88337797723705
-1.60404821799524	0.612351056992181	3.30716196398489
-0.0638652989085413	1.09662241032923	1.80208078677617
0.997077136117125	0.964277680556927	0.475396787286166
0.150059353625839	0.677256790291878	1.05782761425262
-0.24430156950602	-0.283110274754422	0.909073802059174
-1.32829718338961	-0.556352357131475	1.64664379477461
-0.630692850699827	1.01405727251681	2.02099451850643
-1.43419277901993	0.943500964350714	3.27327083558601
-2.39310029571896	2.0862094258345	2.10180115059588
-0.910798710050152	0.658372466010622	2.28028848864
-0.322721420715745	1.578431612572	2.06220020744565
-0.756191382857596	1.5937044986289	1.37877186574254
-0.964930498553019	-0.0655168725600713	2.92916072674619
0.464665894047702	1.08509039849877	2.59655258300533
-1.70341185739276	0.907332252057187	1.92155844873576
-0.622402177016296	0.61178809186069	1.80510572302858
-0.441377496131012	0.550559131314913	2.1471748428959
0.435468345976999	2.28305395374858	0.93189079304346
1.21124792419777	1.7223859089844	1.29826497340445
-0.153904947021732	0.725934589942145	1.59316372248094
0.824642415832335	0.200434917175371	2.56205319642957
0.381677861310602	0.89547139568761	0.783763532640237
1.8201632133897	0.460707366354055	3.30798503704183
-1.27765798667905	0.801586368542002	3.44400985812615
-0.635554627798836	-0.22958945965397	1.92109049478068
-1.05975085194217	0.112806853206779	1.26361945482158
-0.207923062630969	1.83191280589351	1.70073573559046
-1.21775254704039	0.369233378088987	0.403967976769363
-0.702344699938103	-0.0379272768315112	1.90979868003799
-0.247942268956989	1.92477219869663	2.33467731454494
-0.0575133942159738	-1.09671292038958	1.85373642600084
-2.27892418158744	1.19154888519018	-0.433894503912043
-1.79879783910831	0.711664187813362	1.14401172358487
-2.10411471249087	0.824568460099755	2.10750156081714
-2.00468032112433	1.3887138919851	1.6846060426408
-0.164224603189401	1.5686828463456	1.34567330085599
0.499719416992638	0.683149514578476	0.391154299430162
-0.250447893621404	0.395077401838013	1.20071329838977
-0.980257390502208	-0.128578365176225	2.51863811355213
0.0334898551570138	-0.10321412418205	2.57305128517717
-0.954846970664178	-0.060891217200571	1.7682882244874
-1.49029518740672	0.909223180158204	2.87281455594079
-1.35282079760635	1.88465665482311	0.140093344944013
-0.753971004410428	0.774412533347769	-0.666337546409398
-1.50491504519839	1.74390153285999	-0.547717751011784
-0.835713061076043	0.294625071886831	-0.226051364350489
1.31773860315278	0.403693963453481	-0.393696382548557
0.223228470161024	-0.501271033964309	-0.0743745957137682
-1.05497319921567	-0.806414040090854	-1.2683428655803
-0.611883144563396	0.785819774813874	-0.422222239477156
0.405118891195174	0.315582760348445	1.82573265417717
-0.50747574316532	1.3480819195002	0.940236807362714
-2.22213877004488	3.01846309139358	1.41231067393357
1.57410497298235	-0.649310579728271	0.28316632292589
0.463729864787139	2.19866352166345	1.64982072719944
1.33738627649557	1.09236940054041	2.31498646630684
0.0350095435963835	0.918340540419747	1.79004155431332
-1.82842832449201	0.312267788086265	0.836040580346737
-0.917459872765658	-1.12302724697299	2.56808061299074
-1.79548912405937	0.993047493952693	0.812119836467476
0.162769655705087	1.40081960293236	2.19635800639006
-1.60929091111558	2.29928333440245	2.65432179119799
-0.628650185851006	-0.630370809041238	1.63031818906363
-1.3200055743747	1.39098673652819	2.84021369273
-2.05015225999322	1.84117426204423	1.11022705493208
-2.05472541133821	0.799062182572014	1.08685132567073
-1.345247994051	0.285005540403527	2.20656104906394
-1.0145442885781	1.51458972979071	1.44444796614747
-1.90503678726675	0.136557850840372	2.61154157678069
-0.191934369195275	1.5573262784372	0.489932508963917
0.501372186189339	0.928001897585987	0.850316272208461
-2.04708141463586	1.08380003354016	1.35496913420889
0.160012741762214	-0.444091374660715	1.1782235220342
-0.416746466201101	-0.204223936492808	0.221843334208168
-0.182009965119111	0.630914503252824	1.13026900395024
-1.07782292772626	-0.0169112744945593	0.689125589018054
-2.05958364568392	0.887135111039693	0.435751962633828
-0.863027315845741	1.26680012009893	0.394711648337087
-1.75132756095134	0.51142653448729	1.62330160314402
-2.53134016151219	1.10050165446988	2.34412871178975
-0.713497589835281	2.53327643708883	1.10393912721065
-0.792972220959074	1.57554294925633	1.30465682320899
-1.44831852927783	1.04890304265914	1.59112136327923
-1.488898540069	0.807429927487829	0.623387688659515
-2.08431252296942	-0.12294534615182	1.38372221460849
0.233214417677333	0.755366832119966	2.91422853999541
1.11455660345597	0.93420651197841	1.05111572329461
-0.307972469965585	1.93098537998859	0.563562478811116
-0.26554492301917	1.01649304240053	-0.354599230868269
-1.37128732249514	1.07687072311635	-0.398714261062717
-0.71325059069674	1.9959179585834	-0.357744118780042
-0.182053498606291	1.56184835050998	-0.2424234956285
-1.18024039344996	1.03325955212902	-0.79538796643494
-0.323357228931578	-0.228179075155763	-0.531215485064443
-0.336333308217813	0.546408007704989	1.73248532031709
0.0691549466986713	0.752508043904929	3.26731466694035
-0.894759419138492	0.931727717360363	2.80929061143512
0.13066332392597	0.92699917154076	2.28096760230148
-1.34237699589878	1.55917557549745	2.24342913901068
-0.395804627909499	1.50023091963591	1.81020362618287
-1.24225888936448	0.180114040502025	2.33213391932272
-1.4486431082433	-0.138178284234379	1.93976551879103
-0.964775397302114	1.25379356314676	2.37757424650884
-0.964775397302114	1.25379356314676	2.37757424650884
-0.107908618150432	1.21182719835765	2.67829473062325
-0.776978767070481	0.446175719303571	1.49922115319136
-1.52999049838567	2.12289120568295	1.38814187091818
-0.845485510690788	1.29444657132735	0.395213600765791
-1.75625692215099	0.0496398322894637	-0.722579339613216
-0.415257462662737	-0.058816688578439	-1.23696495139044
0.281198286406834	-0.210576227636386	-0.555066957774345
-1.05123401858869	0.126402416211459	0.227475662359104
-1.30377954188109	0.0222422539945298	1.9529204891884
-0.464786818599577	-0.581203078776816	2.05019126383105
-0.158577265577329	0.103699904981605	1.73794699716782
-0.288525161316265	0.228103380487422	1.38754479347416
-0.787977638147253	1.646238165657	0.0462683840598561
-1.35644816172772	2.90711536051407	0.323679646034183
-0.293035002660713	0.93434977850437	-0.561504926207397
-0.484140215696638	0.969483452154532	1.91745979913994
-1.26382060571028	-1.10128658423138	2.89113194657625
-0.835083346906434	-0.797229125377829	3.33550282392321
-0.769182145790947	0.456110938741934	3.62441814661531
-1.19242182011212	-0.105888309599189	3.69419379181037
-1.81675581513181	0.673486933055749	1.45212192930793
-0.673181052363284	1.22561029338983	0.116129886923088
-0.864766178350031	1.39099168372695	1.17188291132395
-1.33315412948573	1.40370946878171	0.226213146544555
0.0405346974428116	1.98916246870637	0.825127774410932
-0.430255433972777	3.10544170941911	0.305226187123362
-0.381190083985127	0.247533407361928	-0.264100900903132
-0.917812869331688	1.1247000765251	1.38038165788443
0.08881084034988	0.248221453852213	1.40502681522244
0.820218280088821	2.49104596789518	2.24055359346963
1.70419885508962	1.44063113987965	2.02058397166853
-0.555960082340123	0.407912089163574	0.789229425515087
0.815044351618332	1.48752978554764	1.4741472717253
0.665342408887318	1.11750944942574	4.36623466779365
-0.446821143923469	0.830792600066318	4.14696090197722
-0.296750988266204	0.619023176313248	3.20242739234156
-0.754362495196723	0.758908987956844	3.42217886269059
-0.175215913963347	1.153106980274	4.23864665073641
-0.939470708416186	0.769446225060772	4.35240856997995
-0.89980241425878	0.167272449973349	1.62709759358416
0.0804249779807251	0.251495948122857	1.62360186967944
-0.893433540596359	1.50101527227558	3.66079094777349
-0.893433540596359	1.50101527227558	3.66079094777349
-0.919948584473915	2.1489321059112	3.1582092402268
-1.21829548438934	2.82265665983031	2.22459626001774
-1.33843221426953	1.3824971046432	0.728190113283095
0.0875916333967664	1.67461622522281	0.342144957913116
0.330421967267136	1.54778938535327	-0.142652179627369
-0.357785532960669	2.09101018728036	-0.456630609425176
-0.231177887439126	1.07207643444463	1.46482930016206
-0.770885339487716	1.46936341378745	2.03688969138413
-0.237339188243398	0.655308607353106	2.211780474369
-0.46541512297899	-0.541869273093736	0.780315277711984
-0.521653885805643	1.64965227055088	2.35635325011422
-0.240178596751156	0.915899734859619	2.13715186926287
-1.25441908848642	2.34155342568788	1.56665911860671
0.0219079413280335	1.34585563522342	2.18888795761878
-1.56710584982689	2.65863613031822	1.21231472248167
-0.485316294983756	2.33877697588521	2.39622492212943
-0.485316294983756	2.33877697588521	2.39622492212943
-0.374720458130694	1.57029978929722	1.42282956906201
-0.737257429044971	0.275247121210565	-0.777950042292175
0.958775626094367	-0.199615397946675	-0.584885129832739
-0.111981868904437	1.52686850284086	0.131126897686976
0.130157385903702	1.10980359345117	-0.600215303178669
-0.228948201770987	0.414345607045437	-0.139021568325549
-1.71749897671854	0.685927028072493	1.12054842270503
-1.20523630001315	-0.272473629012683	1.28435216766496
-0.699170068939429	-0.61206134224734	1.95108739362298
-0.947940557653881	-0.0123435793847244	3.07416098838508
-0.956589391823568	-1.044550356858	1.07196413656278
-0.734044850484711	0.512361043569034	-0.399204427062291
-1.24962572927302	0.169153794319691	-0.16030093010912
0.94531568884598	0.568981586174848	1.31079573856068
0.721807296106274	1.60833525587018	-0.249423076044915
0.0800154938846442	2.02525216640137	2.45698865725245
-1.58130946899986	1.74939539659993	4.61165089736494
0.172513372534201	-0.428778766385517	3.37994483659035
-0.149119763529365	-0.957627788741721	1.79451596952281
-0.48383857374522	0.854466988527164	-0.31474855245189
-0.429144457428236	-0.0229994731716916	-0.452347836328289
-1.48930390741525	-0.627982205588546	1.76219071728612
-0.516936459865885	-0.163151549667681	1.14352785725691
-1.08883404364233	1.14498175606756	2.86075124481526
-0.570260900393958	0.701764428736281	0.233402166414697
-1.72254046809453	0.411960933682364	-0.220387919854125
-1.93928801833155	0.374367948804192	0.17694780172968
-0.553337331842855	-0.394965371407627	0.643696659886207
-0.0446780498917775	0.0724424987525218	2.88110894266444
-1.29727449019507	0.836622751477255	1.81067302482027
-1.15677172190536	2.05423617443774	0.97920144085271
-1.56823232618621	1.61947964619884	-0.340832058893868
-0.255880117118666	1.26155200161602	2.32571305007968
-0.704451155307383	0.837923947566333	3.13879099024607
-2.09405157104658	0.841553092961054	1.92313003718866
-0.918963992724056	0.638222883246511	0.181139926507539
-1.83541358912394	0.399623316357004	0.601643905480871
-2.39924927930104	0.0593343580909644	-0.0152220168984245
-1.8014038677284	0.0171458737815475	0.301178031424767
-0.883962732415738	-0.205829436744556	-0.269352408182614
-0.727100702028336	0.82385616209359	0.335767808844609
-1.14588439823957	0.707411782904903	-0.649400316041246
-0.950061037947265	-3.10846373921536e-05	0.412002737404195
-1.3203896145428	1.25253967152563	0.858481949221635
-1.10970670313599	0.665262921577309	1.21479847493359
-0.730961468141317	0.0251435134658699	1.62949109340238
-0.921607520916545	0.94566005366808	0.935195623688984
-1.33827704364196	-0.395756466702415	2.58285309228133
-0.43242115159593	-0.259087083899824	-0.014051058709474
0.599211859249758	0.735690460962631	0.788378195064634
-0.613312220449678	0.225839415763739	0.575252098953836
-1.26958855698192	1.21866844414809	-0.660428770772661
-0.711286800840124	0.759183132286345	0.274181664172426
-1.35450271356027	0.235860747674792	1.80006112007874
-0.538347160350524	0.539881960920905	1.75089224084093
-2.36550411506281	0.623176567524819	1.66543544582918
-0.97597159255372	-0.0932332937248318	0.540043650219558
-2.31125122586625	-0.474487347021237	2.46500124617204
-0.427454753713263	-0.0681954723341514	0.252805077928541
-0.784318749670808	0.860410350065375	0.499289269783322
-0.35618165782061	-0.0217606046090778	2.0559446219472
-0.463177542599126	0.239883621825203	0.862017348786893
-0.15424408526786	0.531877997468557	2.97573167151434
-0.339323694690933	0.996271078021589	2.28404103425382
-2.08900685070621	1.1525874151463	2.45587291748939
-1.51543559981114	0.100398815652376	1.17149175993793
0.526549386554487	0.54912448543472	1.59661389521433
-2.29397392705995	-0.481616650814211	1.38795894804279
-2.1635498447275	0.843370191972174	0.196307642230604
-1.64139594130209	0.472760720648523	-0.225588841186109
-2.17951127813201	0.315851348346872	0.535282331273071
0.0187648812928649	0.594648272122183	0.728507233453511
-0.632276656324837	1.3214364716203	2.09945167709396
-1.08017934199356	0.70012388725146	2.70021191647917
-0.936936911265954	-0.567203597439586	0.857173162608403
-1.73748300965161	0.262325728309702	2.00546538456404
0.0272307189843898	0.434309457867792	2.14026884534624
-0.842939981984401	1.00017251851707	2.21442692266896
-1.54835828177781	-0.277242433341466	2.31895532730293
-1.41603371454183	0.905269053545718	1.13674655002606
-0.115834879470459	1.18050646864443	-0.593834992319486
-2.62349494036464	1.30611733167065	0.183894358074369
-2.54245943126958	0.579368446747204	0.530682920551133
0.213504689375132	0.589469390482743	1.91081535753832
-1.92575404551193	-0.461286916301358	2.47148914403064
-2.6033705124056	-0.555458465376157	1.05071352135596
-1.97891876017971	0.633737734809812	1.37148496045153
-2.05358900290939	0.591847091303646	1.26479898590419
-1.29436010605159	1.72266119855823	2.11643229714016
-2.00209645653619	1.48719526326441	0.952246394874618
-1.17136196901913	0.873500594449725	-0.182511044644832
-2.66445827758195	0.327956144586983	-0.247957595474824
0.306852601819672	1.09519596027628	-0.0311669080658674
-1.96481632178847	1.56254235614068	1.07778406386066
-0.795497083206009	1.30522084397478	0.813630718242245
-1.27972214520917	0.826227333170355	1.07115882567564
-1.9839553365727	1.11894515323641	0.850077280712779
-0.311592663541573	1.05687765355757	0.5632287976189
-0.551884810847688	1.78660351420854	1.10099288025073
-1.20822664372906	0.0787775340855114	0.611966897661987
-0.53529162753174	1.14691787760246	0.562776082120292
-1.77512068118568	1.52288129049252	1.62779143927354
-1.89433424661138	1.95624147298146	0.491998907743616
-0.891967101764509	1.45239921271953	-0.1911845443974
-1.40878701544036	0.839511018975101	0.403366903093608
-0.885337064100013	-0.0869685094243057	0.747311170297059
-0.262890854156875	0.582681641065543	2.07372804936352
-2.31946307381408	0.964969436407622	1.29399264552727
-2.47229772949357	0.398749912160983	1.69449386766234
-1.67089322738967	0.889193154317721	2.20919769978626
-1.9437620106223	1.75094471299955	0.432865746694228
-1.58008459821215	1.66835300961204	1.31889087647825
-0.374802293303643	1.11647836787793	1.84539104039147
0.749228131554996	1.22457507090992	2.56186150281883
0.451218459439674	0.194794928167916	1.68421395982401
-3.07219443380358	0.505419324512808	1.44227448132787
-0.92655302763639	1.46108116303099	1.26251143686575
-2.40241395582466	0.883270073571518	0.604937086683984
-2.34513521086835	-0.0394744437025182	0.721767102234854
-1.52437924405126	0.0331854606000199	1.18200630055186
-2.07166570564277	0.222425070171616	0.850620706948313
-1.3212570955326	0.615243621135074	-0.107694881474894
-1.11937345396872	0.30120212093504	0.76609840220437
-0.298009838949371	0.649787369126473	1.36639191927875
0.932923157764756	0.592408483621286	0.40365072928631
-1.27318919130825	0.618017811011678	2.31808059450279
-0.723628957830213	0.548021332015001	1.68826255887424
-0.542255234401572	0.427335468511853	1.97509752274426
-0.107909182696442	-0.110078318702904	2.22096278785985
-0.407950614407988	0.623649935332867	2.19503459405793
-0.297651870476309	1.21316376745066	1.17107985861485
-1.43157166385599	0.0293425653908898	1.44421848217919
-1.43550031100596	0.759212071164117	1.21944977655223
-1.28406095177733	1.14857402754973	2.08269744112868
-1.38199900630162	0.381775108228115	2.03533602740486
-0.9842299430676	1.27975202322191	2.08224811283832
-1.13789943591028	0.742929850109796	1.99608738963211
-0.077986533985992	0.501520260124091	2.07377055219428
-1.58117938996184	-0.0623466145908163	1.30455511517362
-0.962262027420256	0.545270138380888	-0.0912567272386018
-1.51622591709352	1.65346696858594	1.17597568296759
-0.832877420831037	1.06721352965184	-0.508045076455615
-1.49105653606609	1.46488399300348	1.14962094532573
-1.42881241798031	0.383301270392883	2.63054025652142
-0.9065432669068	0.00491310465740991	1.21599845167735
-2.11769904049543	0.577843362480317	1.21396675527186
0.907936353243082	0.197246760787196	1.03210870329245
-0.103474196953242	1.75016951550767	-0.0633129239636983
-1.60051512068236	0.671929565819708	2.2721911100588
-0.420557999026888	-0.546444166861623	2.26947324308601
-1.53606993312228	0.852840051986565	-0.519303756353544
-1.53606993312228	0.852840051986565	-0.519303756353544
-2.5430112956294	1.90972197683965	0.129346438050609
-0.728433370940953	0.509209714978682	-0.906678997119358
0.123034202916731	1.31103707723694	-1.7317214311847
-1.42397111900975	1.15436415557848	1.22359755741982
-3.35014309613515	0.261547430464949	1.69951706219139
-3.42347685390046	1.21237466095043	1.27724624108965
-3.74879946722874	1.29976063819803	0.851308025777568
-1.59904290492126	0.782050871188923	-0.366567467123553
0.995306314439445	0.232559441465903	-0.749771308791384
-0.406589435147316	1.8895888137462	1.21331172637655
0.690335821264946	1.3664884740675	2.64281416093736
0.0044600627028178	1.08503949862629	1.64455485519679
1.67762141368755	1.67230080101793	0.286381143368316
0.43542926114294	-1.40398582699429	2.33983779557861
-0.0829256896462331	0.574218006650337	-0.262771519591295
-0.783072655957557	0.341495777133937	0.255474584243803
-0.250534798388702	0.689160214490777	1.90010750584935
-1.95962345166316	1.48694886671082	0.888585266956929
0.270053272965535	2.1030266349925	0.610480667764871
-0.801496451797994	-0.587383197602598	-1.18252779230492
0.243160078413293	-0.512857676760221	1.19677774776815
-0.726190445328482	1.20280194944757	0.836741301945024
-1.32132456347883	-0.400558424284439	0.246555603871836
-0.881461693013193	-0.0684144683829265	2.52411053201682
0.355108506460096	-1.30865587863127	1.00043019035032
-1.14979736218081	-0.366517899174595	1.82709573666081
0.0366630731962053	0.906579387011349	2.40808912723965
0.315272233733139	0.919422369856096	1.13293848908336
-1.10839180006392	2.05196341855663	1.19172918529744
-2.28929912096962	1.53155776533574	0.691452979952226
-1.97392760014274	0.244134783679806	0.851597712775503
-1.78929448006043	0.643395024797942	-0.634988727225243
-1.27315730691824	0.391491100481308	-0.450423130543793
-1.27020798013793	0.0596185847996256	1.18633014718579
-1.70810207995651	0.78035934739727	1.77847135130501
-1.75431616727146	0.626672514483218	-0.0815598938713696
-0.551638779840141	1.63156761073448	1.8965168561579
-1.33791343205287	2.50594013391207	1.8414242612233
-0.845356603431727	1.04055076222831	2.02544649992019
-1.45884764806794	-0.279030345290468	3.70083345221008
-0.994716189818194	0.582994112211186	2.04399042353971
-1.94293768693089	1.64739016715047	-0.393757934301563
-1.86200454262513	0.774189748370289	-1.69130228187099
-2.50963858069605	0.581220611057901	-0.194371058288045
-2.1000319402241	0.66470506533509	-0.123748139758425
-1.42532188596949	0.412527071237941	1.04098732321331
-0.13897680651413	1.24581533035506	0.438736652886362
-0.917884808073867	0.401266446571706	1.55023221438342
-0.821107461014848	0.555039702959786	2.8504544509403
-1.75159545670098	0.300391365360385	1.32894871765256
-1.26896454671044	0.165914530030471	1.81932640065138
-0.168819288894319	1.17999824679884	-0.0805415570455345
-1.59059760001657	0.236962972530566	1.62379819660064
-0.514335830917516	0.184201411622723	0.352425366321083
-1.79199839251883	0.0749280443930047	0.699487662075755
-1.79199839251883	0.0749280443930047	0.699487662075755
-0.898359220386437	0.598479239685826	1.60402643694963
-0.849827222567716	0.100832720182274	1.38427016513088
-1.35181221990728	-0.176664892608312	1.19314017164229
-0.827075709724392	0.258297680630017	2.63988222122889
-1.24155477115828	1.12121358873022	1.90574169500726
-0.95824292502699	-0.149924385272598	2.07103806971621
-1.39642457146861	-0.338406030431694	2.53350602769161
-0.907013403953296	0.871672789852091	2.74179353657127
-1.10909688798403	-0.602630409984676	1.86978135051475
-1.84357993811907	-0.0821050205614378	1.75831929743083
-0.128422720046173	0.477465030301329	1.78264796112254
-0.605905585399633	0.756845885335141	1.60069674754212
-0.716865580976086	1.1570185430271	-0.131154429320172
-1.25237241850818	1.26201963521749	0.471046343738961
-1.32878022149369	-0.16635979766605	0.517883970957969
-1.0394775027509	0.685687971771682	2.15861558364526
-1.11529331827044	0.159381679623188	1.90670563978211
-1.34334851187861	0.163071422454227	1.12569249692579
-1.53314419194064	0.896675962767995	1.82820284021271
-2.09831734338493	0.222925180380847	0.31744938123641
-2.24251449181454	0.414087666984054	0.178665863296826
-0.328568994249556	0.958473657015644	-0.0877742981813168
-0.982992099843861	0.50760348908932	-1.26898643465945
-1.4787405497095	1.57023300136355	-0.550178554419404
-1.59038109527886	-0.0630507181823876	0.21389403804835
-1.30671312149285	1.4150564851668	1.14259486914409
-1.66562932738408	0.55077647269109	1.90438857021656
-1.95580011974214	0.716365564246522	1.02578053295847
-1.23760837357901	0.721183023019557	2.11537914163823
-1.94806514476321	0.779781551404953	1.76953623997038
-0.00478269601175502	0.930537254890124	0.940642857239126
-3.59234377602247	-0.0683958460025116	0.227696123004139
-1.07074567823251	0.13818582091709	-0.252235800655646
-1.48972455128407	1.31870724288932	-1.27623013388557
-2.66055300216856	0.441116343463016	-0.648938291345295
-0.857587311942178	0.605719332181069	-0.670162320033616
-1.29251853473535	0.567639637807306	2.60343956551611
-1.81042072611149	0.0444308454500797	0.673000735504803
-1.05981312945752	0.304972020776977	-0.252216763939928
-2.28927611670537	-0.00752591859117091	-0.206617148046213
-1.57258154307993	0.0510752537134761	0.444227975466758
-1.63819867428551	0.0961355669643589	-1.32549348791726
-1.27507271627212	-1.00353960200033	-1.85260847884183
-0.878783265371001	-1.10370287858557	1.27179552992326
-1.28211384181452	-0.590714382697204	-0.877474470048792
-0.0543934880857226	-0.583951478204919	-0.337054523996727
-1.42708533693061	0.148748012923331	-1.55661450455334
-0.473457391729533	0.121974624085456	-0.646415446366939
-1.31764531931175	-1.39225837778503	-0.428906885451335
-2.35193538856163	-0.195060687254796	0.276418840154218
-0.19825734444513	-0.553553296489712	2.05870129035603
-0.869271569545541	-0.0748214180501496	0.777841374686926
-1.09073728853359	-0.155165134489074	1.57379605254709
-1.72428804749802	-0.00843927531455779	1.90386300560425
-1.01148695830677	1.99900899889034	0.283251498354148
-0.49425779268176	-0.240212703845062	-0.420917624079497
-1.38069902445286	0.325587670125659	0.929131369717891
-1.96579073390272	0.368700658564907	1.62309991646877
-1.55479963984436	-0.232130823923978	0.74395909921369
-1.78948686622511	0.25297262325677	0.164075045839141
-1.43649903584135	-0.314158718498068	0.96333082621992
-0.957294441185628	-0.382894174418625	1.05274526846546
-1.79242431005053	1.15089920063285	-0.388838314092838
-2.18943140582486	1.67152942565212	0.561431819030156
-1.67069434185673	1.0140843043506	-0.797818139309259
-1.82815054005457	1.31453751968665	-0.627387245932449
-0.889114891068885	0.526025882947052	-0.120952586679289
-1.41838556532655	0.2161892408434	-0.00059278347472258
-2.39556139519964	-0.703908987784117	1.30265308526956
-1.84893402125673	0.817008032264877	0.121212636550787
-1.52437145853966	1.3325816938844	0.886855028398625
-1.04896270699977	1.0480012726791	0.486444396382865
-1.48786090220032	0.665687741367351	-0.78007152024718
-1.28275016784787	0.316610886617546	-0.589361462271009
-1.28275016784787	0.316610886617546	-0.589361462271009
-0.693790085874857	0.135058880952859	2.27144068976844
-1.41088722826664	0.875876842095174	2.30649405981873
-1.94367149509387	0.355665952344402	-0.23312156999943
-1.4187284057351	1.26000299651986	-0.0573973654301077
-1.99650000035248	0.762773275079334	-0.974222253666053
-1.19245902620329	1.05427376511615	0.472268578564316
-2.54176402036488	-0.687992953891761	0.41026180889324
-1.82444219390352	0.176130090738221	-0.902631739666394
-3.71612587733334	1.31360404015816	-0.178258320028219
-1.37307376624093	0.751236937623964	-0.372619603093907
-1.40747563965073	0.694005577821326	-0.342562091611598
-1.09343359395245	0.467202271246046	0.233088251247543
-0.58136093672746	1.51519873350065	-0.120821590545872
-0.935506352990333	0.046367289904588	-0.755859774067713
-2.26572126403523	0.571173747449377	-0.110287241317233
-2.0223008417367	0.042021757853856	0.881448610263811
-1.49739376360401	0.556060963728128	2.20208685075796
-1.92087570979393	0.453521667541327	-0.374711882646467
-2.40331071196143	1.43947782942347	-0.0363908158789162
-2.53126965227543	0.950284115332446	-1.35293549016965
-0.91490582819618	0.86323200027648	0.060982580447283
-0.683359903152041	0.729244654012233	0.136466782654481
-2.53461054145428	-0.159439177583418	-0.0240172296375146
-1.95450117079819	0.616005318811839	-0.278088731657438
-2.39989049784431	1.5888097282584	1.59258392842163
-0.235610285654702	0.298474110450199	1.54562190102875
-1.33513342971515	0.283476989649881	3.11330151429178
-0.321561328927467	0.630059451074743	3.64210521407095
-1.44709540391643	-0.749258668973206	3.14743179488931
-1.24447482742948	0.390405183651647	2.48654263718284
-0.633765241787243	1.52397824179559	1.92964014124426
-0.00120794312956263	0.842846921744626	2.52071263908483
1.02998586651108	0.663114832504237	1.79795238466944
0.483452090066188	1.11920828442627	-0.883325156386623
0.48351275244389	1.10232778900205	0.571339782156366
-0.700002735755815	0.117009949268903	1.33891802618623
-2.29163386565078	1.18310710035891	2.2216317971475
-1.6474697155101	1.39885534763362	1.3889354564677
-0.488671247995611	0.435771758619979	-0.147372365515146
-1.6636721084672	1.26808278826846	-0.031394217452005
-1.23447160677176	1.18004280816452	-0.595028905937507
-2.02435223831475	0.624727945371702	2.07735547417327
-1.20346882796304	0.851473794777278	1.99772980571672
-1.44448372795252	1.32887191701624	2.57251748848566
-0.220794330272763	0.890150843303386	0.29813475816255
-0.502324867175631	0.0798283501888772	1.50405067279626
-2.00200694337833	1.14670879203854	-0.342183455320825
-1.92089822677855	-0.160681806422343	0.541745552339977
-0.12990735441814	0.601319220701339	1.09089073931405
-0.992885578360867	1.63498430342028	1.26225002703623
-1.49716484387913	1.39285851292936	2.25597894205699
-0.290827179700462	0.0819317643622986	3.06346101018371
0.249381806655644	0.400500528504897	3.00852568966296
-0.804272208477585	-0.456991987232869	2.17079625558025
-1.40315848230808	0.71315104600664	1.4947578164475
-1.23277539998708	-1.31121902650522	0.704718834297459
-0.316476363984309	-0.393351680734289	1.08446200465232
-0.540307341904029	-0.0415061175910322	1.86913737196443
-1.24058496972746	0.755781228926681	1.96715239829722
-2.8622605057771	2.10385662162842	1.90394274966679
-1.07150173430622	0.692765734708491	0.750151098867683
-1.75663987353757	0.853059373055725	1.56293927371444
0.117002667201653	1.14660873251533	0.96978042225153
-0.973037920977432	0.973488621598158	0.470197731268292
1.57327695322624	0.209565868540777	0.626731627947142
-0.249056531224603	0.839346486359936	1.962072747675
-1.08260137340696	-1.46498076612171	1.81596145749802
-1.51349137401278	0.178581878038166	0.274477805318241
-0.826047772439958	0.391139527434642	2.72265717388383
-1.68321236608734	0.091682892954914	2.46045578016711
-0.804370167514126	-2.12105132010769	1.88583727428811
-0.361677152433932	-0.326652664489167	4.85888850119256
-1.25533186851113	-0.519354228146262	3.20140620015893
0.343120537339865	1.44377989385886	1.86250335896096
-1.62006828007052	2.58708501043149	0.10316799411797
0.250257560256791	1.90775834862124	2.38758337717413
0.251049301568072	0.55390031903309	0.180588334814046
-1.40116067277531	0.0967308990823402	2.54393853885438
-1.23823076873165	1.61084847909739	1.54259161450336
-1.72115423879652	-0.085577216881212	0.987755081347013
-0.843114667859431	3.25580578201332	1.70498430471017
-1.21843211062823	3.62774186594851	1.3892230994978
-0.980833668397665	2.1905679588654	1.53600483733146
-0.980636092132867	2.22650744210135	1.0493751520153
0.178948914832232	2.8039919218397	0.686184293178241
0.441152059608399	2.85925002365688	1.63058010892351
-0.674827587580372	1.5836812935165	2.27095282551397
-1.39409166511408	0.949635791369816	2.21474772479874
-1.84653884645088	0.749045410370251	2.44159814600372
-2.35357533773035	-0.285196130492085	1.75435641048384
-2.53084125840013	0.439935744186331	3.38051032395922
-0.705542702624884	-0.914643720607106	1.52413851239034
-0.844915892125888	-0.963265287287678	2.78216064115139
-1.40458634951116	2.55921034604109	1.39871780351449
0.232071663289129	3.97492573807255	2.48614813956263
0.111460006572339	1.67596930050893	2.56932709682793
1.21455205828278	2.1972771963277	1.44265363375826
-0.0576043767607107	0.340880309336795	2.26354112046717
1.70378568823455	3.48778819941691	2.62539040736608
-0.618053288805592	0.113604135292574	3.47813878105159
0.768817152753173	1.99151883821519	2.1001648305397
-0.161424605667635	2.65323570119332	2.16998525115924
-1.65345703044639	0.598088799129777	1.44475816053833
-1.87403314944081	1.50496768345746	2.80134122746447
-0.74403295868135	2.34157882357895	1.48374574161702
-1.56636505785167	2.2781354993524	2.45054281716244
-0.770211490564649	0.516084900081975	2.28182361915633
-0.593786357033746	1.90963284431561	1.1569896504237
-1.00441628788438	4.0052430819418	2.04725618390932
0.260777269207209	1.76578625830155	1.65398002408805
-1.97881030274883	2.71248458616825	1.49967207722879
1.29316666615614	0.648836391377401	0.904532597304747
-1.26353645345762	0.490951298747496	1.399277442687
0.591124265834358	1.94357811246735	2.21389503360764
-0.843525989863793	0.986624052485056	2.37994371245281
0.265910327717799	0.846284129969927	1.24947759162911
-0.776141725563449	1.12071948038366	2.27645416749921
-0.651542474443827	1.81161518472598	2.18724545514737
2.06042361195491	0.600100569585284	2.34977703840362
0.870940038835805	1.42034051215782	2.71593072640184
0.203759793643208	0.941089477904277	1.21527185989364
-0.689724247115832	-0.573844203770458	0.905577491999231
-0.9431103501652	-0.335150057278593	2.45055694315557
-1.15588764153687	0.453756134419553	3.17152581947054
-1.06594174313261	-1.28653731497634	3.49012240132665
-0.167847097615202	-0.261816718951464	2.65675746221418
-2.16992623166443	1.17835159963693	3.09918690167136
-2.62777649017497	0.866727689041122	2.17381796163003
-2.55492300522745	0.596380297630851	2.16533176862817
-2.4737570494531	0.749080492574015	2.29188670036775
-1.1393696915782	0.907930851205055	3.28611658964777
-0.806929860966447	1.54964404519081	1.36142096469476
-0.383071925767624	0.417734315569032	0.0296214199467689
-0.325989129568106	0.792177343517667	0.26998429536715
-0.243277988523986	0.138933131374295	0.876417895723429
-0.215372910463315	0.507243030970761	2.56729631377636
-0.470698195886874	0.175398422470352	1.64001094486938
-2.64027736370465	1.12779828791416	3.00391747933778
-1.45038676691402	0.706472099377358	2.68460457517656
-0.109489213874088	0.261330127685609	1.41915749398578
-1.55757140395062	0.680518025921255	-0.412837775208901
-1.30915383203539	1.57701565756516	0.386570144235316
-1.31894111911429	2.35641918887265	0.842802069139625
-0.676739392807375	1.4018565164865	-0.211687305655826
0.283676809837081	1.70531540909602	1.85651605618158
-0.507247539895286	1.99274269689039	1.32420312543016
-1.71291856270476	1.21083768669663	1.47970441981269
-0.474073234273082	3.13831849189163	2.02457725815304
-0.552239630302743	1.61188338511226	2.56468673089581
-0.209015810809764	0.70897202755423	2.46897798652837
-2.13512372455953	1.55205793838638	2.4586337701623
-0.100535204177399	1.06335290949878	2.6656300509643
0.0499701648045079	0.138762283587783	2.16032332090257
-1.59452439662318	1.91657097505799	1.5776287771636
-0.0412665241929927	1.65358435464753	0.950916385008235
-1.2844434953229	1.11858689845884	3.29736946673644
-0.977191229756041	0.617779331269461	2.62177579487097
-3.21677232636794	1.77550903712779	2.44486008142169
-1.35578858352168	0.00871614263268994	2.79863173032632
-1.31639896464787	0.72819462549331	2.6274426619135
-1.53002155626354	1.15102366003131	2.37907518981324
0.844059103012673	1.94413834766551	2.20503460934064
1.16200503512106	0.852937213709946	2.47752214214
-0.875547594922014	1.47702881687135	2.67611974543241
0.730796151105363	1.19946002209832	1.08667890374143
0.383570905115696	0.0528758002112785	1.38554104523649
-0.230037345726369	0.265805254988665	1.63171870152531
-0.137345782237061	-0.290221874551267	2.13925071547541
-1.83305232143767	-0.523199794615868	2.8952130685266
0.0198535061987931	-0.868481528516933	2.42868690382669
-0.0340210081645702	-0.299703662363131	2.75689698333892
-0.155748762598712	1.20242076367242	1.24183585859701
-0.516594095677028	-0.219402085999182	2.81931413133508
-0.753343983814707	-0.26162298193982	2.80156761753582
-0.704109042399393	0.557682222150519	2.29028599879304
-0.801832918199736	0.351583036775362	1.85721698645616
-0.721310750891673	0.0997887918357741	2.65065761949448
-0.021644006339698	1.58778890730967	2.79080188454022
0.257764256721282	2.11497100528491	2.64347575487425
-2.23173252932601	0.611868269378953	2.60770460101823
-1.16183990419342	0.505031302025162	1.87919507857396
1.03515771239952	0.429769914039254	0.296460805468978
-0.145258974227599	1.43016136359006	2.15647021159028
-1.80441437029631	-0.0791916680848317	1.71300134529716
-1.34778276358436	1.73704173900092	1.90913599996698
-2.58090684794425	2.53098075648325	1.41295924474905
-1.11551689418916	1.3373942717205	1.40934730575794
-0.0570740710137276	0.142719871798403	2.18486874646196
1.09281615946174	1.50649528488933	0.796140300799006
-0.543150276845877	0.783643924986267	2.41341320910652
-0.860972825360791	0.355053551874085	2.70833981268129
-0.97141218368527	1.49006411044822	2.90378602621961
0.707228433895992	1.29433474063561	1.2068876260425
-0.452476421709723	1.32855844887821	1.34324389850103
-0.360308967045995	1.62784151138919	1.48641266202964
-1.12580685733728	1.21052448525229	1.29741469538297
-1.47031309037819	-0.342645144522685	2.38767634439344
-0.173045179186374	1.26908871009056	2.85567426282951
-1.80176309059366	2.10858939861905	2.04527328005313
0.0532527986131599	0.115012209368904	2.15808231661442
-0.202871960793993	0.879511426302762	2.94912942892373
-0.454179571759037	0.758895304030337	2.9188848597853
0.65027821233665	2.17063578398849	2.02964839340033
-1.05751948631655	1.55946902185986	3.23017473418507
0.819776675347837	0.958045451820187	0.529981403984624
-1.26901054656019	2.51782342888603	-0.12502849259141
-0.409916339510725	0.632196192652055	0.938632744050943
-1.61361848233816	-0.250770122680939	0.408027576007321
-2.45795495394467	0.443169963102749	2.19538521208468
-1.44474706895308	2.59869978484399	1.37515977763947
-1.76947590225294	0.538616805958456	1.58772954918434
-0.550701345359322	1.08673667408309	1.75746785738759
-0.099216544176608	1.33519187550332	0.475250874096588
0.236076785169522	0.440935316115145	1.31875389714336
1.37172272532589	0.703626127979671	1.96840113087233
-1.70196756090913	1.00988729270244	1.05157820423491
-1.30193831992884	0.296250930193485	1.78693125338808
0.151555559849003	1.03199663143688	0.631843011023778
-2.17382348238612	1.33871947058147	0.81678209609199
0.211202045628727	0.871670196825108	1.22320137396946
-1.76766183332249	1.3527131904232	1.04620188436859
0.0973495285546442	-0.314491544236488	1.41626091708416
1.83035120982992	0.325982876370359	1.51150655215332
-0.696425050875514	-0.0912443267183363	2.13034448445043
1.03871354975177	0.287790032544085	1.5755407496699
-0.133609498274091	0.515529860299392	2.88071177744098
-0.699621877408131	0.36246352619837	1.32663999787472
0.0816084061306069	0.707930669587826	2.04844892905955
0.908953461888958	0.803255878859255	0.657621711871643
-0.0313149064005631	0.191203005523347	0.906818633796236
-0.124469845339184	1.5693413558274	0.324257092858704
-1.10744984366558	0.493283537345444	2.06405836572421
-0.0102634391180434	1.41865442485005	2.53600639307321
-0.747825033716603	-0.122349681960223	2.91813626371523
1.03467296575247	0.0774202858919461	1.76569944366886
-2.22946847022349	0.894413747869076	3.5544914638673
-0.646202546319215	0.144794709168048	2.2622223465855
-0.94001017998904	1.13165557713547	1.71119000010616
0.721279790684691	0.423517425677071	2.1088656588809
-1.70412755957162	1.27850954642564	-0.0926705857112009
-1.08442149583086	-0.41291197749908	1.00002893450217
-1.44455561473931	-0.376615907325294	0.210885507897599
-0.432697116099731	-0.601222878626295	-0.53360898950559
-1.61725031869705	-0.515625106148299	0.149917226634599
-1.0406663145165	1.10267315726592	0.523225011992594
-0.546495226474258	-0.0763041639826319	1.00682903446739
0.468912034391103	2.04980403680954	2.03073754919441
0.958630412022054	1.41322001392606	2.1697454162558
-0.313094580478834	1.6006236117301	0.449140510838718
-0.978592661932847	1.7837940763061	0.56965403035823
-0.561430080788392	2.18167278122551	-0.623613780052139
-1.21564553084048	1.76103902518028	0.368361080143321
-0.84824592523763	1.3706664663878	0.545730901119531
0.718127097316616	2.40354654455059	0.878153589273946
0.0520757403986096	2.45372769276696	2.11347309096121
0.589097243740927	2.28860580111375	1.96244417948648
-0.3923260127303	0.426908274796413	1.24535501992766
-0.831476322528822	1.37723222489505	-0.972653865597327
-0.565755308455246	0.569338783939724	0.293561035547029
0.538698116795945	1.40213222754116	-0.122959599478768
-0.548147816783498	2.45257614457027	1.2503744003049
0.0594705528102916	1.22178179407374	2.06318793126737
0.72666835591726	1.04065835757472	0.566440083508157
-0.81736201177583	0.795789543244646	1.89402481503157
-0.346190986821381	1.15087574435057	3.07919429394072
-0.857656425578958	0.435933465199509	2.20124941942827
-0.277673600883404	0.309874563202336	1.84511077637981
0.572775440614886	2.21242333934377	1.49587775327518
-0.816531726056966	2.70240507416644	2.37054767618719
-0.485979579600238	1.89074140630687	1.98555575577779
1.30457440428374	1.9484642428473	2.82630222238296
1.20761872332691	1.69903215128383	2.73087715170065
0.146107727381561	1.09466442297239	3.61987875239498
-0.584533244692559	-0.187891897393037	3.31904668318246
0.0898055456684644	1.59115762636062	2.55117518103102
0.786205484713828	1.49183094500676	4.26033416199733
0.297525839530331	2.48932324395887	3.18692976756374
-2.53188445682586	2.22268099247105	3.64178974079325
1.61910817444267	1.16880933453925	3.50012429042699
-0.452093899135974	1.81574442986118	3.87900127049393
-0.452093899135974	1.81574442986118	3.87900127049393
-1.02082166799227	1.68322730762475	3.21772091505224
-1.57621383422794	1.3210278380513	2.17414000659278
-0.939418639198255	0.894947148251047	2.60391862103507
-1.58435042625799	1.73962543489976	2.56808058374377
-0.299598412431362	1.15866284537532	4.54830290308009
-0.564280205453712	0.933008736660942	2.75096988384485
1.10747698119013	1.27555610643118	2.75148508487516
0.127187456180456	-0.615853523151978	3.14262968764527
0.0803191791221224	0.801355126979316	3.27104101907095
-1.08976309200861	1.34133920978136	3.02681078730555
0.0934554063065285	1.13760571902758	2.92779131173532
-1.12418629324782	1.73212559517789	3.05814771302524
-1.31259794569093	1.17640022848604	4.34233665571219
0.59087474157395	2.05140632523916	1.9689632925017
1.58232505166993	1.24933852995572	2.77969224373786
-0.0969832802764746	1.90086056053157	2.74454574229445
-0.669837605120512	0.578881096658795	2.93214205075671
-3.34295224329004	0.170000022919365	1.42606974296459
-1.71938660633145	-0.330143712227993	0.884306812142605
0.570672497677828	2.08711478052939	0.763543993488216
-0.60232417511003	0.68824918816911	0.470968438402403
0.468263309348452	1.76703003744918	3.57057087635989
-0.155121890741024	1.21703717871301	2.91732718103943
0.86781862453369	0.744308960712782	3.65711738974789
0.466688387691523	1.99269742712147	2.69049327899101
0.0653262470866745	1.79618586767041	1.83381072099524
0.387598402053594	1.06047073943497	1.30745924974126
-2.19461755674765	1.66162696189646	1.33376388109981
-0.547233916784804	1.75222032851068	2.77629357086502
-0.657273177588382	1.42658448448909	2.69637816376598
1.04990778473544	1.89261080494713	2.70585154761841
0.049359887734332	1.7632694497103	1.1954324086393
0.326899413314939	-0.0877352070710555	1.64043125769245
0.151957042528654	1.94966877038733	1.83873579568797
-1.33038574723951	0.993415568923198	2.35959539463162
0.638929085985889	2.20674960370644	2.36120522694202
0.122187572673906	2.03631404475509	2.42941910306753
0.478569717849723	2.1317823702639	2.54483486838502
-0.257426433299014	0.45378590549464	3.49337556555781
0.731589427561032	1.71636284742397	2.83546079605011
-1.07430949224876	2.5915412183106	2.38319301144099
-2.11619185813999	3.49534145944745	2.27731151960905
0.460615190499605	1.42389336694351	2.58299454580517
-1.03659421832997	0.529919749631824	1.7894889647462
-1.51576361982883	1.17717687903886	2.29003811297944
-1.00707982726724	0.519263875439132	2.19826576819269
0.38490151344089	0.49616587244851	3.32977547504618
-0.108866012565308	2.26326920875461	2.95373012016605
-0.325071960381358	0.95365767031926	2.08239352356067
-2.83744805204468	1.86988701310553	3.38126996649301
-3.40979235025583	0.480610741234363	2.14422622663032
-3.66972440339329	0.619656097830819	2.85693866716337
-2.17894643992434	-0.524370456703145	1.80129492816251
0.885456523596489	1.29836683898691	1.51588442782842
-0.150281192003105	0.591468914618729	2.00050452051109
-0.974677398673639	0.235553474586995	1.62268688145598
-0.794402544759614	1.89056520832428	1.45551955256521
-1.69400429691831	2.82007067235514	1.6236352717178
0.177411747447993	1.96075683909273	2.55635773788668
-0.81657661537988	1.22656760886217	1.37374906684557
-1.55615634397293	0.431785652664677	2.27714159415884
0.0360369843700011	1.50544593934834	1.70781165639715
-1.05300731229995	1.37717338570425	2.95371974969222
-1.31023487694656	0.126371342527646	2.40600396276608
-0.981552437112326	2.04557073912153	3.03689454070851
-0.963125361656135	0.331400876373847	1.92045143055586
-0.554424690229033	1.1364237592819	2.42012620302767
1.90194530537823	0.498691812229317	0.98599250001648
-0.436549816494628	1.43332632239833	0.336551640592204
-1.68579547558307	1.58784308928215	2.58154147690998
0.401588626675641	1.72261139668569	1.91948912840467
-0.300585910824131	1.75776592689755	1.09071427828579
-0.843829215051079	0.897224719937266	1.12447516828444
-0.31874650485862	0.372656366153496	1.22808333685096
-1.56460389193292	0.89261046109678	1.35018548724945
0.286108489196522	1.3744057287287	2.35526961122418
0.381474049132951	0.673532857923527	1.04171863262917
0.663178838494102	0.680941288722474	1.43950331010284
-0.869135479051563	1.48339744634768	-0.0309450181814274
-1.61820802541141	1.72038457460332	1.62414343744533
0.0705740015313307	-0.859096623652793	2.78442222148006
-0.0137770940378767	-0.615851788434654	2.95030357817766
0.496411246319488	0.614078596245259	2.03794376292852
-0.489135762765154	1.15947349421541	2.7700712809092
-0.045082690877315	1.64350283832063	1.80776910330742
-0.950637983489528	1.84797316150056	3.26446369514691
-1.2674810088309	2.06498869479758	2.99480126909044
-0.081898520542138	1.30600920926194	2.04981781481556
-0.851070443610253	1.1787334945382	3.01089815859683
-1.48196014941552	1.91364945689483	2.8914820032484
-1.07367286357258	0.0694628704214998	2.25782715651329
-1.43021558794054	0.567878690268433	3.69877325472074
-0.261367538441086	1.96156023694385	3.54796721060307
-1.33047127415578	0.232334271420785	3.13015768957729
-0.30816915826911	0.566207648486428	1.02875525790755
0.670968166442475	2.08225576924634	1.40375215079849
-0.166224226348028	0.933958002114143	2.69754810743683
0.355761696612872	0.990796516807353	2.26513311023111
-1.30728710626456	1.30336585476769	0.397958511907905
-1.02282650321698	1.26880118856409	0.457380901739029
-1.24746960645707	0.876889253802114	1.25264988578555
-1.01766406442799	0.754520927818423	3.04361788721395
-0.289834337223412	0.184118006377204	1.95048382191755
1.05118658857269	0.277658762705954	4.03791615569805
0.00893795044697177	1.33990610460946	1.33315671144986
0.195189401198667	1.95134433896385	1.26264404855459
-2.51661293866172	0.809860234580609	2.62772282573607
-1.22228513462334	2.37279086402553	0.440826127920249
-1.28773514060294	1.87680145602886	2.2824596687822
-1.27935408072114	1.46294208613527	1.286134106592
-0.175183190638267	0.958101393225418	2.47949484795635
-0.0965724616939813	-0.125244704904132	2.65227885729962
0.740601002934288	0.304486808856431	1.43505893559611
-0.601535927927163	0.387138095105918	2.26921737859541
-0.865430387626723	1.45169146779531	2.13710484227283
-0.865430387626723	1.45169146779531	2.13710484227283
-0.773784487893832	1.67597171776306	3.68424503608964
-0.333175670668786	-0.484113966505053	3.36218517929391
-1.13577171817721	0.438899300034369	3.3028141239461
0.00357706135204144	0.347444804247622	2.82268959395612
-0.752142669267811	0.706668011184965	1.46545576872411
-0.595276348854881	0.768814671982441	0.778820953100026
0.391169883820806	1.06460013240134	1.2579358771727
0.111677454457987	0.510658853709778	1.75252599138869
-0.906756502344163	0.669308396577405	2.13454081462168
0.109914938429847	1.77976120176906	1.37948203034897
0.906763396016428	2.74103904793492	0.313872649728676
0.925365572196848	-0.939654464568538	-0.163513483239572
-1.16103761742839	0.69343950598137	1.28620144966802
0.377418745624685	0.000431525594109305	1.94688540275611
0.354957873698141	-0.368487894106105	2.11156589443499
-1.04327506471582	0.691037864023348	1.87102744106609
-0.0357202909321258	0.880394044129356	2.57386419125884
1.18712859545844	0.0671920282743264	1.98920919172236
-0.933292658142671	1.63955860686369	1.51362940172381
-0.988230146152512	1.7174426819739	1.33430213949308
-0.0719008269771835	2.09440338693148	0.978708653649082
0.777666047773186	1.64072897332791	1.65131322856674
0.00647234904377281	1.45591104032982	0.865806157132626
0.625513295685859	-0.978479141384308	1.40111103817314
-0.462289073648685	0.478615265637555	0.295948106901871
-0.451111695903616	1.68061872464376	1.29286409108101
0.614224198890195	0.864391338702676	0.84600268931713
0.733734093261166	1.88462342089772	2.28589711916317
-0.158511272349329	-0.0625002919868527	0.993163505141895
0.160570247598365	1.51919766613088	1.63836102826313
-0.877749565288359	0.588057005325893	2.28955746754215
-1.15293208290902	2.43981354612222	1.70646487261828
0.21301892848494	2.81414166109006	1.51497507755867
0.253930002237644	0.74767633888727	3.0732333185635
-0.956505417515344	1.70066384284023	0.765715337959647
-1.63888301692776	1.19211566084929	-0.489147628392447
-0.474431962159668	0.795336137616317	1.85880818079514
-1.1534636958233	-0.781996081151522	0.464976336727614
-1.4313304818936	-0.545776595168133	1.19243614621504
1.36746746063377	0.54036631137873	-0.0219683482690267
0.501959844862688	0.468657693788634	-0.501076859110102
0.378394873895177	-0.812294019952865	1.72501447417994
-1.59723008220898	0.434774818574558	2.68203207888098
0.508333381193648	1.11927709343088	1.64133555073267
-0.736258243507753	1.56229808530942	3.09148558860239
0.787527568913674	2.95034961863447	2.20842058546227
-0.541605426177524	3.94542399344988	2.71693335428751
-1.10553981715913	2.8361113121441	2.08287974007075
-0.833444752559034	2.67612230344301	1.82381598783551
-0.359040879191233	2.47475309752097	2.72810944528066
-0.879285807415294	2.17232753823102	2.13746185588412
-1.08943354612247	1.16069412886483	2.02722237001239
1.03213867109082	1.02294535296918	1.94872343714116
0.48769179070218	2.11129066057056	2.83100949469147
0.208119735855849	1.08218807543644	1.21803684281177
-0.388651328538218	1.27369956855416	2.10615749956869
-0.776441854783354	0.94105062966183	0.123183213764386
0.742004917759861	0.704175308068897	0.628730664801739
0.802794797502964	0.939297410593417	0.627062870324183
0.374910831946371	2.37761986845746	0.577443014782693
-0.0788980415918668	2.57809221414478	2.02978002305782
-1.93580838458715	1.42863069093372	1.85759045557546
-1.43759231613416	1.16771141551744	0.383720897137673
-1.01894868929009	1.07650137281225	1.36552894195087
0.170229297499888	1.22915499206525	1.85101382944268
-0.941829680814114	-0.756485441466781	2.3668680153908
-0.974809869997279	1.19265942597763	3.32836804258963
-0.434007746966133	2.53526487766101	2.45642829954393
0.317898697019723	3.1502785884163	2.6451136768862
0.174152421001655	-0.337216876681181	1.65280328138946
-1.39958795226847	2.10074707142838	0.884085166383902
0.795402908451094	1.09654965331166	0.49984674951758
-1.18709046399975	1.75509709273711	1.55217567016551
-0.484097521034027	0.582367147712738	2.89243847052813
0.533939630997552	2.27420805405157	2.85652433919128
-0.798276589701419	1.70343696689635	2.23251904814154
-1.24820046475029	1.58842966496445	1.33802411413573
-1.05863887586417	-0.113268941307139	1.51537120353187
-0.243509390289889	0.364115408149872	-0.525530114414313
-1.22271121991855	1.16027163927849	0.873204063034538
-0.805630387492071	1.7464604085522	1.340228626583
-0.805630387492071	1.7464604085522	1.340228626583
0.496828849158053	1.69833366073527	1.63434054015216
-0.520063994342124	2.43852155757847	0.775185983831659
-0.743307499017985	-0.122526915822905	2.09833923924073
-0.861773038302559	0.457529838702864	2.45317950989139
-1.45952913540477	1.06990420608855	0.685456230323955
-0.6737567886343	1.26507396463342	-0.438407097731459
-1.80418501032468	0.953347641002484	0.336341729925642
-1.35678488814219	0.594076999600542	0.982650873736125
-0.584395872747833	1.72438029509315	1.56670941648089
0.492918183678823	0.0509485673211464	-0.423218372443077
-1.46756050881762	1.41026681787654	-1.43907188269086
-0.88613807829125	0.752734772912915	-0.735040223418572
-1.5654767680644	0.421188831134994	1.55005523962037
-1.31762665922763	3.11275341387185	0.888812039317583
-0.141278220226341	0.903711903314794	1.15589124089107
-1.19934857723794	0.837839455871025	1.48049135461619
-1.43377223915946	0.770423437995668	1.83579960760333
-1.05165802643544	0.215239137824031	0.707870228780947
-0.950363791018188	0.0638618039220072	-0.771269149453039
-1.11690952663441	1.14813391276961	0.419432556407559
-0.804290286967317	1.02396510793096	0.385911011621244
0.917823328154735	0.877437921291157	0.909562614564275
-0.531498559578471	1.210373117033	-0.321774783022987
-0.215508174604637	1.30029961387924	1.78978888614659
-0.979214717967856	0.430719557447218	2.39640054772974
-1.02639817602895	-0.598707755734431	2.62855672082143
-1.2671605809453	0.49388029314594	2.99780684923908
-0.838215467543864	1.73107432640789	1.17711923502251
0.90163654849267	0.728409387401213	0.898239929126397
0.538241933213166	-0.0515271024371424	1.84950275868566
-0.127169836911834	1.58136466348401	1.59956863718753
0.741990327896176	1.28999121605202	1.34062302226132
0.379365838249688	0.628248464321015	1.03942522926406
0.553829698444237	1.19790003244926	1.34084744677604
-0.828117629917139	1.09329030046974	0.962590113688844
0.500194162795013	2.34646577419051	1.65449419662001
-0.583036381574155	1.65378992182717	2.10715385110116
-1.25490340943954	1.36483019829318	0.678198968658771
-0.180271144522486	1.55879294573638	0.0976508280501178
-0.0567653707931403	2.22514309629749	1.265546503838
-0.0725144579027025	1.08370833806168	2.38218293393708
-0.869550584208474	-0.71830678312088	2.3861754327818
-0.966752182298715	0.0397042425442407	1.67162434336585
-0.401511107206287	0.0638058798048	1.15634056591642
0.286431395731826	-0.786686221946739	0.967583467351041
-0.368421255781521	0.578894700918209	1.38735680332438
-1.14395244824065	1.45244717429157	1.81008512184181
-1.13598390052319	0.520111119704201	3.3089995367465
-1.35875771243479	1.28114655019727	0.488547402269742
-0.761204216803313	-0.343109468002123	1.69791819296258
-0.348413408713772	1.62760368365436	1.5748616894284
-0.50491934411222	1.6184736565561	0.515543515431973
-0.839221998859738	1.54313432241271	1.03468191526825
-1.28275371273038	1.51899785349438	0.0878350404664957
-0.720894472946122	1.80377077787177	-0.506692707163172
-1.08563908961501	2.15841524738851	0.972456675769034
-0.816885118327271	1.23629182410116	1.76440837480835
-0.282259863996735	0.87363392028557	2.18971422075068
-1.04177165760241	0.795828580495025	1.61385161991947
-1.19033650388873	0.372143329791241	0.80182343812841
-0.755995220919365	1.81164580910245	1.9238533489138
-0.691924686670877	0.867605570018564	2.19016203847114
-0.857395038135083	-0.227308380774565	0.517842965909147
0.254534400709813	0.488450486893086	0.726864163807557
-0.366387498545474	-0.0422482421619907	1.15117064270355
-0.994832189891133	1.07226717604999	1.66941101309393
-1.25568050134415	2.62141408902248	1.53958014401131
-0.0609525052550377	1.4353631970869	1.11884541479023
-0.628826749355155	1.24851438922833	2.0547882123147
-0.648048144209604	0.0765857656677733	3.19796869478381
-0.756523284588341	1.26041268179774	2.64161014344776
0.345799155499602	0.30256314637032	3.7761850693887
-1.25912095087022	1.0049678389577	3.79588521872821
-0.708718725147241	1.56590662222174	3.45641245815383
-0.708718725147241	1.56590662222174	3.45641245815383
0.0141497546416524	0.195531164225838	3.79715924061412
-2.36598570288909	0.852621308576625	3.09240093160848
0.126091328834433	-0.114061164452556	3.53266964151064
-0.177980338569378	0.975639658574292	3.34159422943909
-1.58755375382624	0.889559031669666	1.83884465650178
-0.224998665279308	1.38287742680925	2.0530516175772
-0.372674810345736	0.285928866606778	0.853805453166216
-1.60614267587359	0.841469572366522	0.209070297066599
-0.763432853892248	0.124045785301714	0.964488632657007
-0.635333718830946	0.312590937474882	0.82732994289632
-0.995617942706651	-0.62963624906934	-1.31369617688223
-1.49630749077381	1.0415635150179	-0.0832722536563386
-1.64120588728259	1.01706975274129	-0.66009082103294
0.123269938296821	0.528401242527161	0.322399229957414
-1.39520376646454	0.0932669548644167	0.78502810149433
0.474154846961887	-0.062894804589267	-0.0458192978434048
0.650452659105115	0.963530970519924	1.28433520664289
-0.729304842176207	0.847857165709789	2.13619737471259
-1.70187939841488	0.182866051986767	1.58934271249287
-0.875456261185839	0.46491840013492	2.39245419840492
-1.58911410303094	0.824972308481989	2.54990536266155
-0.516558563029098	1.42716346645643	2.81508564267591
-1.16763221677591	0.309524893371276	2.72723528852498
-0.122904959573208	0.371088000226346	1.43074477198351
-0.554974963272816	0.104685186902992	1.37686820261485
-1.7286030394766	0.368645381771679	1.75156423570658
-0.535947125197155	1.89291578587319	1.39062224548346
0.79927774102427	2.55008354731437	-0.192655663416364
1.64410282603008	1.63735516381504	0.263905306848431
0.298253393154245	1.51830849399851	0.423363206109267
-1.33545116499424	0.619294098150663	1.57298662205343
-0.21995810034206	1.97537235475344	1.30076263155848
-0.740882928647843	0.386264331057124	2.18838596108886
-0.486730217091722	1.06255941156946	2.07921874172354
-0.511776760402288	2.64748562377955	1.69864286930086
-2.1394876380204	2.2885878147326	2.68305597576895
-1.23109007480443	1.10010502728538	2.61115835192389
-1.25609739770616	1.20636203842019	1.81818847471232
-1.03524091680034	2.05119070254963	0.5040532928038
-0.551746956703332	3.5055000516223	1.06951020440733
-0.33233610429366	0.582963666246859	0.13800971581724
-1.43325823833483	2.272143266751	1.48313415735882
-0.107076845503429	1.33293890112566	0.822576155339397
-0.107076845503429	1.33293890112566	0.822576155339397
-0.756642492549116	-0.173072039586541	3.22210467597436
-0.246803960709875	2.79051024238839	2.26728468073786
-0.864708968474899	2.09855261202068	1.925865365795
-0.37276583236927	1.07602716314055	0.636381083555895
-0.130906286494818	1.20380498618744	1.77124285715638
-0.828300103188953	2.91888608119686	1.47255809214204
-1.55459566037188	0.320352887809028	1.28401132223445
-0.730884244965015	1.03244175893884	2.6241206360818
-0.300046586395698	2.25290859544724	1.98442646699192
-0.705691178272822	1.41197606738124	2.52717380798357
-0.571636862306419	2.68867248206888	1.58035684247195
0.423806460894323	2.85786381642776	1.8530268142557
-0.410213261826371	0.509738879772371	2.75340085622142
-0.410213261826371	0.509738879772371	2.75340085622142
-0.118096126079475	0.311881737320529	2.3907748971736
-0.740713252716999	0.302780275573233	1.380354078383
-0.075682352556655	0.961078908172103	-0.0345146247318663
0.347439966247005	1.41522038688889	0.205370620099091
-2.38905533299671	0.859963817882861	2.4247733696397
-2.28591788787669	0.572079566798967	1.65946769198357
-1.13972554947324	0.475646344849988	2.27654809574438
-1.18341555845662	2.12144498834586	1.76001754849677
-1.2613951343713	1.31535059291167	0.296927707836629
0.0842783022314916	0.145940095446147	3.32143620049293
-0.543583641611456	-0.111277062333895	0.696189212097231
0.121116016404934	-1.00361351569781	1.25268285648426
-2.05401552593438	-0.84391979761705	1.55819045121388
-1.50117094565896	0.683930483988799	2.6390025938819
-0.942049313217637	0.14157942897677	2.16190419287784
-0.202035840831978	-0.0367512111834274	1.35795188301298
-2.28144385038223	0.179306536328802	1.51277842640107
-4.28056767875388	2.17230408156844	1.23586356758051
-2.33235092570426	1.61876783696806	0.177870497517752
-2.54380467856724	1.58546298952469	1.14625009066149
-0.732328789431819	2.01166893569917	1.87954446270233
-0.350863401495092	1.07512239146194	1.96118265986824
-0.749743221081923	0.101283288587624	2.16699976693228
0.538728975383212	-0.292823896474236	2.10975462025896
1.07791327128252	0.532900474561273	-0.257553829089038
-1.49938300080396	2.07841572441703	0.658540292532704
-0.837504459162406	0.506272595716629	1.00681205117359
-1.0408126620058	0.767718207206436	1.39684513596878
-0.0122901416308411	1.23092265217767	-0.305541677684887
0.405019862801518	0.96755801593159	1.68648293044294
-0.832682809335464	1.67098298229006	2.27141906611476
0.163815401074757	1.24256485989092	1.74611101846531
0.462320524715673	-0.00760546279751584	2.0493125584377
1.06212756949226	0.603831866730157	0.613485854714523
-0.575383734745135	0.676261930595945	2.30070209686944
0.0217603616472283	0.837301372768848	2.45564203577848
-1.1230181979452	0.609236385152471	3.50258125849596
-1.29040947936642	1.18064523773357	3.31480804460986
-2.17841963595884	-0.0211417231204935	1.14358008128507
-1.19581385880499	-0.273192028003671	1.23896324785608
-1.70401958492474	1.93120041216089	1.68207515436517
0.409549407075175	3.12804781724577	1.78336834853776
-0.552064027055595	0.0341843224825872	1.88079018805939
0.796859608004959	0.210477900782566	1.52422830616622
-2.17454108290304	1.06516658999013	4.29477218474588
1.3447370730648	0.900147003810652	2.56760701059715
-0.606453627791102	-0.80448503027313	2.64884397963107
-0.716242619071155	1.20066129605199	1.91315918127682
-1.99735343220551	1.56362289831841	0.509089687058735
-1.25691208953333	2.42859271227771	0.863083003821939
-0.255052162524378	1.54486477972515	2.56971264257132
-1.49928770558282	2.88801085688705	1.50147227339544
0.0360435900611706	-0.0282205778911442	0.973715350179331
-2.66632453475428	-0.787858567693465	1.70002758183291
-2.69320288935854	-1.65219287237704	1.86444097261319
-1.03611565206538	2.06629522079386	1.5398574342292
-0.528706599459461	2.40921670988462	1.61560520426044
-0.992106383132996	4.05361819201792	2.51713714659473
-0.864591167035769	2.39117784446447	2.47125682430991
-2.46777000768938	1.22377310765024	3.50590758920918
1.03249266051778	-0.00882553587245766	2.33751701414739
-1.04792753636487	-0.653479911849836	2.98274821107005
-0.166697241211773	-0.511630983183504	0.893747239687958
-1.81262515156924	2.84487322178159	1.44614919806769
-2.42928797189998	1.32742502405334	1.96021153791796
-0.505758439981753	0.945027543506242	3.64193249886972
-2.89396647169732	-1.1913614046212	2.60904168128028
-1.21051635149769	-0.823043638674799	2.71319799615148
0.21424150074198	-0.336997834650434	2.86557568934487
-1.79818460214603	0.375515942653391	1.18267009686898
-1.67097320499244	-0.846546941568585	1.40442314065221
-0.4741679034489	-0.749312666062898	2.68382096902609
-0.675317208401271	-1.37349140869214	2.00898036835872
0.902782088923538	0.160561884546573	-0.0818848833981569
-0.852226149017107	1.78262732982572	0.334287520407495
-0.878457246369438	0.846042032235453	1.48528134135941
0.355470618949743	0.0853718571461219	4.58416323783751
-0.952958971343157	2.96337283444345	0.420090578837848
1.31494157206549	1.84579585207558	0.548911017468051
0.0140168233022725	-0.51068167323663	1.24384568828355
-0.212055993315792	2.14206548682593	3.13012498667605
0.629343951069018	3.88737511671314	2.59045426235382
-0.0830809463074709	0.914097566755285	2.18585683514027
-1.71620809566581	0.0862697855668897	2.49822107544812
-1.81334860245533	0.149801850029558	2.67519538258521
-0.316251097388596	-1.56282292766299	1.87357232492698
-0.34278935253212	-0.373956527930722	3.67873327047104
-3.08235545724072	0.841397910851433	2.37108152767932
0.370498973789806	-0.208474379886982	2.42356971410758
0.462448818885721	-0.0582560762727679	2.40033734609661
-0.16559126705261	0.228617825984039	1.98399952271086
-2.21134066587453	0.329094783663507	2.02637184484364
-0.0269269992359771	-0.295422548236957	3.25278667487658
0.729108820283458	2.86428403344082	2.404873535356
0.0480315362751481	3.20200830724402	2.71359761163274
-1.03363149525009	2.29693166424545	2.40238279767197
-1.13716282410254	1.98858239085932	2.85261086104807
-0.631573358275096	1.22940679860064	2.22652153487959
-0.988279079223897	1.75946495606188	2.50691874700694
-1.63221827208049	3.76080830046551	2.11920223556779
-2.45634333263749	2.99919739906732	2.37288067722474
-1.83887762074188	1.58444427964111	1.88226472239088
-1.89331965011882	0.561122324988512	3.43563587506341
-1.53245936122543	-1.13909003695747	1.05981668745527
-1.42871188918582	1.82323903116256	1.08210393239329
-1.73957297161629	2.16763320181514	2.17194924478552
-0.85833602032227	2.4636386506239	1.67574780189966
-0.556249328118976	1.49031320712418	1.18748990232939
0.362618491865382	1.38754452206441	1.53494498646889
0.324945015294838	2.36571377844986	1.78480104193738
-1.2180024012943	2.84934622704595	1.5575992275179
-0.897186791217301	2.32236880035124	1.46818383738154
-1.25916542590494	1.77497474032863	2.73017338624014
1.43217178623122	1.97071411152369	1.82502771440166
0.543998400041673	0.11218624683722	2.04947494711917
0.160241255295936	0.540611709633825	1.66971178720803
1.84685509100323	-0.824351332416186	1.70003238695237
-0.233451126876973	-0.421765088926909	2.09175091772492
-1.12036414292092	-0.389215312800203	3.32366892190209
0.260211530870488	1.40942107013207	2.72115594058402
-0.890210987577475	1.43916500065238	2.3168740686131
-1.72232165908729	-0.0840395947380488	2.97147746187108
0.777567052544807	1.46984442997686	1.94941208485174
-0.44739288756914	-0.112424136285864	2.23143933342574
-1.20468706557074	0.541189951205277	2.2464125940137
0.761266585218954	1.14105940850144	2.45262446266684
-0.761483566488889	1.39714355134488	3.56596972808102
-2.3310447640366	1.91855198101273	2.96202193704581
-2.38023193062965	1.5596463686221	1.84094033300553
-2.11284097374478	1.17018536525408	2.67946582362838
-2.82230254921647	1.79805909756398	1.00525556075799
-2.08522722581678	0.724508074443096	1.68789161518265
0.934243506177757	-0.392303405399315	0.0472677291132579
-1.80585060701227	0.294807460242324	0.67924099578376
0.527979908984025	0.262194818349854	-0.320309852276031
-1.76065338109021	1.03202508159487	1.78262835286615
0.410596137979517	0.502772196662666	2.40976622049925
0.361865447132367	1.17945175486909	1.72445891894912
-0.486388722651788	1.46322129115345	2.70140814399588
0.960821889238769	-0.937166181385783	2.84947375566608
-0.0565020007463577	-1.04204312178851	1.82037050140904
-0.019427008786026	-0.142475165011989	2.95821161466679
0.307815018497244	1.42944265469776	3.04042216399694
0.753422456640948	0.183848424734828	3.53486222422778
-0.0749854076731864	1.28448219405825	3.48441464196485
-0.444044711116454	2.67784958148507	2.35365144677206
-0.414472416630028	3.16874743991843	1.69668015042919
-0.14290420173905	2.91110352314722	1.49485329788552
-0.481682995605935	1.71388685818249	2.54914920399157
-1.02046294446197	0.756177228955089	2.19105930609456
-1.80528094554772	0.317650526468964	2.92019477967103
-1.22475318066764	0.849660760050458	2.0918315626762
-0.494593744076919	0.68308257211043	1.41704447636395
-0.161376744733411	1.56666979136361	1.67049919899916
-1.86706523000692	-0.270296815295458	2.50415862269215
-0.855450387989425	1.05539891366496	1.41123004391165
-0.517298517144133	0.142493707865043	2.03328925443912
-1.39102054952368	2.21090542571031	2.7478471804207
-0.380357913013335	3.78978990263432	1.2535287046978
-0.391804640047452	4.53543880439042	2.29383340427293
-0.322792548520608	4.45441225689886	3.90141176725913
-0.4882057598418	5.2964734424625	1.02403297213794
-1.12428074316135	3.99623401365067	0.103436921046478
-1.62101381682904	2.51061319872237	1.38315797126278
-1.50261658541361	2.27228141778736	1.2472864484612
-1.66503195571178	3.4924628968292	1.20348809448327
-1.19955218696088	2.8462913979016	1.98169357298382
-0.11699618857745	2.36268667345122	1.76911937186889
-0.772429613947154	3.76967859431156	0.841683635652322
-1.72379714599987	1.42246924559907	1.01245648244808
-2.03044538629791	0.0575070762820118	-1.05022772876708
0.362672054472564	-2.29444317562347	0.180364858832092
-1.84692918886799	1.31896273436069	1.20642086220388
-2.17941749959029	0.965539396621151	1.76764357392281
1.05127346156373	0.421383766837076	1.88904027084931
-1.53385157823622	-0.224529341306442	1.11914544391179
-0.669210285976736	1.40598528385502	0.138621126302671
-0.0385463046314544	0.679989883511001	0.528180049886932
-1.78658255461952	0.998464341321227	0.99443877753858
-0.637925363673715	0.00592121155576059	-0.597898307431014
-1.05476067627052	-0.349296269831267	0.634012511541685
-1.95026909073847	3.07865981697804	1.84219078627437
-0.287067559131788	0.517123814849053	2.3282189123309
-0.345695925415348	1.26129303809007	1.57279699689049
-1.40454100673541	0.814459845413637	2.08636913294525
-0.736848871829824	0.524748177229149	1.44174746048089
-1.17410650879303	0.443526517289458	1.93529193711386
-0.546854593237012	0.368296818771735	1.74732477467883
-0.0163625868119388	-0.306607737518106	0.66240607851286
-0.502214482482236	1.66173820683562	2.53656554800146
-0.468177774505129	3.28339009113534	2.14172311885049
-0.785814231111342	0.802211784617213	3.09722475325101
0.212781471234432	0.440132221722285	1.23162977232227
-1.34054676671331	-0.144369813882337	1.94144217599782
-1.89181298345094	-0.967624332971692	2.54299040295957
0.474938463841069	0.142692253410381	2.53658936079741
-0.113439686117149	1.57176144397319	1.94348221283084
-0.197160262320653	0.540617618088268	2.02106690271691
-1.64326637687303	2.91969439075534	3.94312326144477
-0.344765675237737	2.3815663535797	1.53676679769419
-0.803921835778927	0.937503535532751	0.167933441017288
0.525321217717534	-0.336033524603513	2.33539413862146
-0.615636263087966	0.521791058135315	1.71124928865217
-0.910141207579218	-0.0291800470304677	1.73358527578129
-0.567315507530139	-1.67792797654612	1.76369006920318
-0.630585994397737	-2.03051502034735	2.2906599349772
-0.988468358593332	-1.66773577981253	1.920043440493
-0.401029046283775	-1.53409430373175	1.82385084886123
-0.396358638754052	-1.16186465338415	2.52392764061807
-1.5031916717198	-0.569349624413973	1.87580833501144
-1.12133628193287	0.365936076290796	2.31500830442273
-1.03964207015075	-1.58072409715133	1.60493754107992
0.38000383073481	-0.373783748105059	0.695251556552632
-0.543231061040479	0.920981566121671	-0.0134813630721071
-1.59204669416538	-0.492794220169	1.19736044584458
1.04174588645671	0.675302512367377	1.29959390490217
-0.538791041705791	1.1935429393145	1.51474932948664
-1.36321418472297	-0.363681793495271	1.04253661442252
0.273373027610127	1.21554628108541	0.99295054198578
-0.520738106935623	2.2717214081694	1.22290061238183
-0.983973812629016	1.01370645423149	0.526739087369357
-0.283701515468954	0.804212952478145	1.23003393445905
-1.5614618830156	0.251966219099528	1.32908794566659
-2.64843290763293	2.00637294573456	1.62615563485238
-0.398807015080605	0.851188596458299	2.64074157972929
-1.04043946602607	0.91876618226254	1.19776184667333
-1.03089939249122	0.976557043358622	2.44383983475744
-2.46322907542559	1.28011522239703	2.11784134984532
-2.8402402366416	0.293155858218001	-0.413886559149006
-0.469778766049552	-2.26908835501721	0.0405061521402479
-0.0173758968908455	0.728748306842881	1.29291012279566
-0.999236605363871	0.975549995566111	1.52293486697101
-1.61374237161863	-0.572641091605137	2.51528481404323
-1.20832800189756	1.00009539645073	2.58661699279829
-1.31370280667485	1.17344837225807	3.19037805659849
-2.99325836883098	0.767367653396778	2.47656849712579
-2.55417484906348	2.20053656220023	2.76247934513454
-0.357588515013011	1.27453660596189	0.730781856498658
-1.61464764903002	1.70496216342481	1.51199044418765
-1.80848466797257	-1.40011081156478	0.704758702725278
-2.33913426848467	-0.744592723620884	2.27645863393451
-1.24632524185172	-0.0223640082846616	0.876490855178873
-2.5377541174703	-0.016855601523749	1.80258582564058
-0.955961129578913	0.369141768554716	2.4594659893632
-1.57881198810859	0.523880648647135	1.59022757638404
-1.7669447048124	0.784662228232182	1.99483654378677
-0.0867038475322608	-0.241029952989377	2.26233240599158
-2.7509877739558	-0.862432143835056	2.12017368002651
1.31621492583524	-0.050446168291395	2.01862785712982
0.933164385489203	-0.438450326107177	1.99218617706459
-1.61615180291988	-1.03434409610008	0.694231682880687
-0.374873930055154	1.07202396204587	1.91124777342784
1.22465832372393	0.107653995156563	2.58870138554125
-0.367584892448846	-0.698211609047614	0.386307439764457
-1.21573710702967	-0.437911616471538	0.43207523924629
0.0181545863257119	-0.376411153754353	2.16147054329288
1.40162912633925	-1.0457495761835	2.60666624401004
2.17998585434443	1.56150471113799	1.34611329833176
1.45459263857968	0.799193836136689	1.19362471458716
2.2717513010974	2.23048138805991	1.8234854165295
0.409965439047054	1.29655882981032	1.28821796295887
-1.01638709399531	1.09196657612736	1.75400054036735
-1.30749622340324	1.21733223963202	1.92696293818571
-0.288151385775197	2.1425282278966	1.27500791703223
0.684208110270328	-0.318615804211235	1.16574713257384
1.08965816223292	0.166958413027531	2.06377262230758
-0.528906572027912	0.746191436160703	0.8630108506369
-0.818190215328342	1.64991184688881	1.55126998614215
-0.257761550750387	2.35334204026608	1.80785443539605
0.00235545813197191	1.54236632991164	2.39649637288816
-0.953346086478679	2.10511500382382	1.06323262879144
-2.5763563810372	2.78231134530457	0.989339761558232
-2.47581534942783	1.68373608948759	1.85876014441085
-1.04850364735529	1.32776234751023	1.59016121874341
-1.18705777992784	0.82200374127719	1.62077391529856
-1.57570450019198	0.992974415337601	1.99977194078089
-1.31969108940628	0.993461798374386	2.36079661997531
-0.346001695185895	-0.0785750105634368	1.66909554037316
-0.981209490416377	-0.382537531675211	1.79136474325515
-0.00332378158346569	0.0567477191145392	1.8110945236497
-0.674000817990468	-0.599109429100473	2.94950193907893
2.0878734439264	0.326539410843723	0.751563678228517
0.867066112452287	0.897973722049825	2.90525062794953
-1.67164329790931	-0.597495388106571	1.87066400555645
0.130704985689444	-0.166837630416385	1.93820559284183
-0.222618775168998	1.30812617401346	2.10928104664712
-1.25015237077697	-0.268145267167712	1.992122046363
1.21145645131577	1.71801267197595	1.98926746734823
-0.571064953483606	2.52302282205488	1.00223394971535
0.108280346216077	-0.965559348457208	2.13243251763871
-0.97820302403991	1.63170096313159	1.90464899364533
0.45853448691635	-0.594828438437924	1.28913338019382
-0.982678931521634	2.01505440700236	1.53040179886639
0.0581164182825987	1.50221775063351	1.64537857521078
-1.03915190783677	0.238634024422148	2.11914721670486
-1.00007579782761	1.64356473011268	1.77003490329294
-0.84881976924844	0.0698244400291879	1.56850862569292
-0.0478318612682215	1.97802612391037	1.38429473571986
-1.06121758182143	1.97102159039011	0.884707079437803
-0.0355780257496866	1.45000530587839	0.814233050363802
0.0543081310255879	1.77403605473708	2.54389703815711
-1.07632499649021	1.72829493654717	1.16106413383395
-2.31510123606361	1.41118160792419	1.10190808045688
-2.92191645119735	2.70350502853045	1.58991524895053
-0.413300382823761	0.707383751354257	1.51868602746806
-1.2825195845436	1.37924304904505	1.01538693702923
-1.95225202983695	2.49617601707964	1.54314658286434
-1.71200823048674	0.642823804644402	2.81945627850522
-1.68307801770449	0.573697432987217	2.03512817281168
-3.62567258492189	0.318879557626691	1.40320374398587
-2.12899947297957	1.55829297218044	2.32109227690128
-0.679393618520912	1.93260406276097	2.78177468433937
-1.50671855484981	2.51560649534517	1.62701073040619
-1.26512661567346	1.61632646785796	1.68766756293583
-0.379287366907733	1.20006799970667	1.72229830720038
-1.64341004654972	1.63386988077715	1.25944864889127
1.24821466742146	1.21046600834311	2.17890581475729
-0.129415549072676	1.51522164379189	0.536772284118559
-0.431509199545864	1.23339881947692	0.612649883532045
1.79173475783983	0.0332387499264595	0.748919284673295
1.93241921406308	0.917244637974502	1.4700951434815
-0.279765869135075	-0.512588105246142	1.74419861224364
-0.411116205840681	-0.147100224286149	2.53297319723229
-0.724132360994883	0.0638935285086436	2.24701796912058
0.18812787472076	0.465378450883339	2.02491462773296
0.25592286157793	0.162861305028003	1.13507891548019
-0.00144441831066124	1.0738450026978	2.28906578589225
-1.90178325458637	0.197979594993257	3.45137308776456
-0.0585099706294132	-0.840080126775154	3.59435188269716
-1.31990569423773	-1.27394371571704	1.86215033238438
0.842930568975313	-0.813622143457268	2.92618797641856
-0.781199208294186	-0.012362715932565	1.52238022155924
1.07499976976494	1.3203168027749	0.55709834737122
-1.16259975698172	2.65507517913357	0.585698459893744
-0.447123713664166	2.45318115237645	1.39855082451444
-1.40979824434168	2.67993203885741	1.38872313488613
-0.617927735929832	2.03015171242245	-0.0102999733812424
-1.12469179902931	1.95687008943474	1.29419688689201
-0.73870935535212	0.415058313890508	1.68138156231589
1.06923197315734	0.379509478866098	1.18420101868629
0.575186221592437	0.29081583797563	-0.366381764563675
0.285675293389299	1.52434318058661	-0.275611885015072
0.620124406290641	2.82803480300449	-0.372514310402301
-1.23393800233803	1.06383536949106	0.761330382098763
-0.879878360186082	-0.158729311395344	-0.424593623866998
-1.50092107797963	2.54933680992612	0.247875311259678
-0.220594939404308	1.55492643693782	1.09956363527143
0.597376108578313	0.828167677933494	0.784259612308711
-1.64474558905465	2.2393482340815	2.15848369162792
-2.17353233908249	0.249335639752729	1.59334607842239
0.161088541523524	2.83895682873315	2.38379062596249
-0.616599626173263	-0.0422116972570188	1.75404889824868
1.92240009476863	1.11251496810178	1.10361490055421
1.40045515115962	0.850563633389652	0.555887977402995
-0.263086018462867	2.59912867842911	3.7950357823093
-1.93874733053107	2.04241382369865	2.75909339645806
-1.12658869736394	0.64761291693953	1.46571261860235
-1.56997154137829	2.71217093229981	2.22622457656447
-0.696667278671104	1.84586349560408	-0.0948213804310957
0.0764001313724352	3.37089866861598	0.293943861044469
-0.282416849560671	1.82374258326031	2.52525069725785
-1.28556671524494	-0.171072020826748	2.74414479827811
-1.82361205975848	0.491269011123037	3.40272298850884
0.887994024689412	2.10271379710448	1.21698459519512
0.300306207018962	1.32590709795374	1.82310974649899
0.0624619799599793	0.656208472546213	2.50830812512233
0.258483348721365	0.540994915118545	2.13908934593766
-0.161999044610327	0.48940935804175	2.62432898967866
-0.660053545906413	0.340878495080641	2.38788251580873
0.117153601171339	0.573339911271681	2.35448644753647
-0.727503463559353	1.47961685578524	2.80036753627724
0.304094234602352	0.336372660796834	1.78840427112898
0.318613219787657	0.218432051364531	2.6013632262842
0.0872351949193058	0.128583218956959	2.44078767802454
-1.34527450986442	0.561112962307044	2.26537181514487
0.037462909713248	1.60566407182615	0.643239502942275
0.199052162500762	0.283372062902403	3.19429901971542
-0.977918592796851	1.38362026216873	2.86727311806686
-0.909836192693014	0.576375565139301	2.23358451086395
-0.946635383226729	0.777743675241262	2.13523475953181
-1.0530155891851	0.458985618440481	1.79780146783054
-0.230332089668385	1.35793035112415	1.03695863085592
0.416403567724391	2.11288173392822	0.397058090960358
-0.427094969956904	2.80115402641603	0.168590659775439
-0.565682977536932	1.23687926297811	0.204956917768705
-0.567522684844518	0.480220595334468	1.39159777639996
-0.492450305902958	0.529911755754054	2.37983091263598
-1.14310989749355	0.603944582471111	2.3066268895818
-0.949147373028742	1.0378412018661	2.73960441916768
-0.583294208002623	0.934358379311299	3.14307255548492
-0.381964043151379	0.27430306671032	2.12059951925358
0.262568628318321	0.900375637392521	1.16686490045829
-0.51945465028356	0.37444810393982	0.315780473019035
-1.96992886905711	0.643608991888887	0.646544800844005
0.496815162007932	0.0442282497631995	-0.143769743517022
-1.77078039330969	1.16538145265347	0.555807335900502
-3.05930220317491	0.67141073467244	0.743176685931352
-0.666908127781762	-0.262185758620511	-0.910396614998904
-1.48460085078179	0.38025799778588	0.877320366757023
-0.442106828118169	1.24966872032895	0.39768075243625
-0.583635018555787	0.331937698395404	1.11430850322335
-0.524150931223074	0.797905795907434	1.48094982523605
-0.524150931223074	0.797905795907434	1.48094982523605
-1.49930419322358	0.420803037538979	1.50316721131034
-1.79994922326261	1.24948410386524	2.94741557086014
-1.48986670958709	0.49564740089452	0.843522502434073
-0.665978269674775	0.653779460401311	-0.0825382550399251
-0.701060806393677	0.608203186776238	0.11211153198788
-0.0828019898238974	0.491728453851738	1.56054118468782
-2.92979973074263	1.00192085059062	1.47596079411958
-3.35819608190016	1.97135856507511	1.11852980001934
0.272837697744704	2.36336219805823	1.98213164296806
-0.245131988489992	1.06497503927452	0.904008317993777
-2.19260965274295	0.544085987137469	1.51613032568383
-0.615577696767635	1.12736498396512	3.96375219015354
0.0677257162378309	-0.0470834083765277	0.441303488954859
-2.59472985968365	2.13515936876294	1.38253038613222
-0.206808691859712	0.514227751449405	1.03844805531194
-0.572840934235755	0.150392775352228	2.22876192401759
-0.935955629254273	0.448785267577239	2.03788843512535
-1.95114376827301	2.80877549480292	2.29958531673299
-1.18949175441727	-0.595813775382532	1.02283401586298
2.08987320467386	0.240669339142834	0.931751360418392
1.94384298778089	-0.0390097941741108	0.800186479258983
-0.867107125382747	0.93371943851412	1.79542890855314
0.0536097271210732	-2.4922824689628	1.69465607671876
-1.70896863230826	-1.79098940157733	1.76946685919148
-1.93622025066701	-0.204039498747118	1.73044326493407
-1.9686533301677	-1.56561116924268	1.54762602840657
-0.450773921160362	-0.823316775540289	2.06047814672713
-0.794206213946525	-1.72514716911064	3.35032992024108
-1.9876958997508	-0.497087654358631	2.15800717119979
-1.06441549031194	0.310290797749117	1.52170830259037
-1.09733839333323	0.212700870187612	2.22782710758136
-0.258690016361772	0.701321423033121	3.28179332925169
-0.362813803979193	-0.135251601825706	2.4815560038969
0.387760893018759	-0.831323432185335	0.0196447961399597
-1.65994613191782	-1.37039626810351	1.92189865024686
-0.810036108802795	-0.196884405101134	1.32603234249941
-1.33457667964743	-0.172873508060247	2.46034331096934
-0.598105347693195	1.71624783891415	1.63948755410994
0.852856978203729	0.0697291264800869	2.59519682717091
-1.10100337097215	-1.56071653215569	2.28272503315495
-1.29555783445314	1.28770245125486	0.334273000761929
0.662387087302877	0.43918979790917	1.54341333636015
-2.30432489809651	-0.1423587560508	2.00724959971238
-1.53801060433157	-0.929599289140418	2.49644600397325
0.735122841853778	-0.569485245147998	2.07446011733601
-0.76033447497028	0.637043394171513	0.634716376180783
0.318911101355944	0.580891210570314	1.01086967143705
-1.15562005841502	1.4182889269014	0.971971198107812
0.259755065337631	-0.147085579927838	1.48702844450166
-1.46672903714602	-0.74013436024613	1.55930788006508
-0.420267099814513	2.39984722495955	2.85915955783551
-2.08399651380342	1.64646037087905	1.44297398640281
0.0926149861750026	1.04144855822725	1.24730467615031
-0.331653328013791	0.944980500667721	1.80432018240219
-0.737478279837646	0.885481440739861	1.89469243481005
-2.3291715415063	-0.432886585059621	2.7457388139855
-0.580990245964813	-0.0976428593405453	0.866820969385103
0.898441405586229	1.55298662226421	1.10524305964611
-0.0801079558778665	1.67791480574394	3.42087881801537
1.30661317996319	1.5069711657468	3.12058468629201
0.756103262949831	1.30413689401324	2.24567992152034
1.52476675680088	-0.228396923149626	1.00910888614299
-1.40810865156319	0.331777330546962	1.15446943655027
-0.72233712275092	0.124988840810537	2.40590170381367
-2.18793200748214	1.76519518123463	1.8645961990882
-0.73304009894585	0.291823937273265	0.833077798926765
-0.966900111952839	0.506146830680185	-0.56259651635435
-2.221480235413	2.35054324056568	0.271044027652067
-3.50334711986525	1.04753380035204	-0.334313225702656
-1.52307352905686	0.705298862841296	-1.04227695028559
-1.04860348730601	-0.0691608993798394	0.579317780133944
-0.850374859788398	0.946129093796953	1.04886084342993
0.228174619258286	0.887881820159278	0.738791510787164
-0.51479197526243	0.439316630042988	1.75977707082814
0.148319648611666	1.09027266273202	2.20422790079944
-0.796779163240404	1.14083721624782	1.84498453725538
-0.746732979525635	2.2036976834672	1.13989129711167
-0.81389668960043	0.950372772409994	2.18583266962719
-0.266098442058232	0.0796146786298373	0.751427973906706
-2.09277636245804	-0.230105460473441	0.169356194681914
-1.57057925825375	1.69082036612456	0.383306293538662
-2.4976678774264	1.70304977433597	0.346486651419662
-1.4968681879562	0.0560596440531251	0.684379490669071
-0.980937738557795	-2.85358981282876	0.340265544990196
0.767812387535929	-0.371013942193272	0.29002491312393
0.240907567422834	1.3830176534179	0.383183857820179
0.178132550364174	-1.5217004126512	0.612437383826448
-0.843731069701704	-0.658576692819331	1.30685671383723
-1.55799587913125	0.494585927165066	0.728635177380154
0.282287024149639	1.30909203594439	1.13845473182755
-1.46237536089229	0.660565274479884	1.6991973995498
-0.728302485415084	0.763941156350543	0.0657186864296402
0.347628104798147	-0.331698800138586	0.468315163695287
-1.47755718930153	0.731666784430963	0.546207815265921
-1.01895879556751	0.378658437195923	-0.0105326294851842
-1.85245715772624	0.264327925511936	1.20972548631782
-1.09108294705486	0.417307002612863	1.01602411844554
-1.45740576500412	0.187683287389356	1.37918559785995
-2.00872033288527	0.451468425910013	1.47667923364224
-2.91686411631166	0.123586461965214	1.94907997320355
-4.59724965111895	0.0264641152581314	1.24768853289432
-1.86688530248027	1.74051122622967	1.24506389121277
-0.106190954775503	-1.12079103497768	0.644446073399314
-0.649181909919777	-0.582622662477467	0.695421798986377
-0.635399950750552	-0.870090787289033	0.696531574772069
-1.49285589539242	-1.0418016552673	1.9624284331936
-1.28055059449617	0.488442508986946	1.66986622929166
-2.50019996426098	0.321361668241637	0.716693394427902
-3.01063265059799	0.603976290001679	0.496228742087902
-2.69538617014158	1.35206359961954	1.05535230913357
-2.17068335720988	0.343179063265484	0.69835257954393
-2.10307519614506	-0.252795880485259	0.872194947083838
-2.20366801738146	1.34104158510969	1.06491615687884
-1.2176082314347	1.9855270355218	1.11080436698933
-1.28031490917049	-0.828066034064151	1.02825611718254
-1.61969171998586	-0.763882613806117	0.811214420979281
-1.69733728138607	-0.317032490538905	1.14296213485159
-1.89136604444514	-4.33999042644274	0.822620984184115
-3.87598443406179	-1.65810188930782	0.397386596473428
-2.24277587679774	-0.851835971776991	-0.590426654070475
-4.01180869653733	0.460657740670266	0.729186904018134
-1.18796786794182	-0.213538505496783	0.395458271689568
-0.11845767718634	2.16850359870021	0.817541853220252
-1.61209268988053	1.63042070137124	0.0613224608687619
-1.93044832482117	0.257380435663579	-0.315857973754421
-3.01875177289697	0.374162944619052	1.1171450065572
-2.00230779071057	-2.04057028660785	1.34944999298339
-1.46107807422205	-2.66822834229248	0.551435782951853
-1.27640927827682	-0.697744370187346	0.746991028774705
-2.11707290172783	-0.823225925909343	1.27703148885308
-1.86149295799409	0.449430682587628	1.78112189163115
-2.35115175742168	-0.507257617739711	1.6988423092205
-2.74643100796093	-0.532643885675746	0.170589637417637
-2.48903152312231	-0.391344003427593	0.0631416159510128
-0.607506080656529	-0.630065533283104	1.9007517067628
0.564752883909183	1.05160254779277	0.700232284427592
-1.0456838174567	1.49727957889504	0.226453776676936
-1.9836838148636	2.5016978313722	0.38433067036953
-2.45288516877913	0.33835677448083	0.256221199845977
-2.1940617070295	0.166207771748963	1.65977864281321
-3.13105718923541	0.0340025860502204	1.56364201068721
-3.75966998044029	-0.260333992239657	0.746218997025261
-2.86194223729999	1.95578783442008	1.63088749873124
-2.21634377350917	0.577954226757964	1.03208192721927
-1.28741634244126	1.66830405316424	0.392324137924374
-2.0060644499058	-0.948493326081259	0.537987088391765
-0.35959722356214	0.815696801415203	0.860864463476361
-2.42836194905523	0.328425203812081	1.42061598141883
-2.62111845696603	-1.10393566345344	0.187194780795296
-0.713352970069984	0.465261583106411	0.638159007142255
0.273730344955786	-0.735722928744806	1.83698830101175
-1.06232283080296	0.440497288980071	1.44054399848609
-1.39761918943783	1.8635880619095	0.581823854932718
-2.25812529817694	-0.801315194602593	0.824469361175213
-1.22392682929248	-0.00898917824836604	2.89132335004952
-0.790897150860382	-0.285418148913741	2.54023625106064
-1.76664361743392	-0.197184949511256	2.70920633534595
-1.07666354233422	-0.397439373890812	0.633087066843255
-0.0315527874119096	-1.07106773778229	1.30284014407548
-1.73056965625742	0.103953505579546	0.369045893502576
-1.22254095379625	0.54208557686379	-0.191038958426094
-0.545576996013367	0.28992334957127	1.24005492456638
-1.25924748791261	2.25805176974461	0.0256278014215988
-0.0725829365744561	0.746597426489406	0.364056201457504
-1.51106790193472	2.5508858953653	0.915000498544618
-0.862866706429707	1.43617516401622	1.15217553728819
-2.44349242349892	1.8916596734863	0.615209866991498
-1.51208740167836	1.61377380901191	0.113085023131253
-1.52755770486605	-0.187123879110632	1.51427516951627
-0.977952434479579	2.80850287591892	2.08838906946873
-1.63203579401593	1.62925136580941	1.23852656649758
-1.81539249959074	-0.724766303225982	0.466655020483441
-1.54741483559901	-0.125903487156881	0.318554778507406
-1.75829698211601	1.11294724332238	0.580507361299285
-1.33161460007429	-0.205074754280071	1.70144164528495
-2.14380098106065	-0.641677149532248	1.60441339208014
-0.342730677034991	1.34846381350318	1.6292758353751
-0.714686220078631	0.16059812085752	0.800361592667007
-1.5271392523663	0.592938262614556	-0.0647807196498472
-2.38151544322907	-0.867353576215851	-0.742042029050602
-0.771471898540843	0.863525139979012	-0.742994214041133
-1.93502084935409	0.980970989070751	0.35159583704055
-1.35668623783337	-0.485109740228166	0.262038098441071
-0.181691681042898	-0.230587862289113	1.87461549589465
-2.8646167107779	-0.163151332086277	2.04545595383781
-1.81134451515335	-1.36416349678046	2.21928934749475
-1.24737850429489	-0.214343608783249	1.94526675770716
-1.1901228212959	0.519341777318642	2.09687903334309
-0.261080267351641	-1.29658968977181	1.25728195741021
-0.496040485858858	-0.634284892566432	3.0065367577259
-2.08704987137158	-1.13060202551731	1.80601432607677
-0.489682066527795	-1.46336839615806	3.22098104994505
-0.534511867229361	-1.8811869221018	3.89162822746139
-0.639754104614725	-1.161839236902	3.42823969810681
-1.0912724751881	-1.62086436143898	1.69919954563467
-0.653947247772202	-0.810978441046558	1.82501360501048
-1.69820884977488	-0.419557127198065	1.83159285089138
-1.38325382875072	0.95262969270104	1.91959859677212
-1.56499076038534	1.77930380895233	0.918566376111565
-1.5968228174698	2.37207670262912	1.17311801111116
-0.404243921431992	1.09143605140125	0.15847355864611
0.246962214830415	2.79418090733716	0.174750338614322
-1.37050745644473	2.73090919447237	-0.522107448680951
-0.076072835080768	0.888979740613938	-0.303999389286808
-0.0629513061365664	-1.76488154175974	-0.100806301677249
1.10097682462221	-0.991998128385367	0.0416645101826769
-0.0176883464774374	-1.57128114372849	-0.754908910176757
-0.700396650701052	-0.948825051283533	1.52647100684542
-1.8906225260253	0.60496755522206	1.08182769079947
-1.288078831733	0.614580894750026	3.10180584776185
-0.89890008714744	0.889348916798557	-0.209654646936918
-0.312392168078393	0.102948341024288	1.8425805040339
0.62741910896256	2.08549778489085	3.06901745632299
-2.62172398801921	-1.2159110630687	1.87696536727484
-1.76931269806333	-3.64814561155597	1.29978722373817
-1.09237991239499	-1.36461109257024	1.17594550661669
-1.66171846988704	-0.781445083076565	1.43799192187228
-1.14808354276035	-1.69613570790936	1.99088144192446
-0.983298101913805	-1.19489046264251	0.626726435386629
1.16727369859454	-1.2932274246984	3.14118279941728
2.00311152526155	-2.36127410018457	1.85762198432235
1.21136878100054	-0.484894021205918	2.13004305242458
-0.470536524980081	2.41851552233157	1.43838906177355
-0.446510685210673	2.28198186740014	0.633696471093151
-0.236940157535714	2.32537157676393	1.31389997957852
-0.795417529639467	2.83146216019346	1.02265230841594
-2.21517623723124	1.17290299228252	0.135113351439003
-1.51655796889452	0.168021477714433	1.20717290770796
-1.56920995111377	2.00596840016064	2.0430176082788
-1.08969585037927	0.145676338980865	1.89530376081284
-2.08019380385094	-0.858977625792278	1.82126000930868
-1.00711111264812	0.810352812894709	1.72673651159409
-1.53421155575267	-0.659858701989238	1.08133852690003
-1.51499040248421	-1.07994643481724	1.12940395183607
-0.686555678513863	-1.02417523751788	1.31843872766517
0.666927501804949	-0.756800406577328	0.429273019379407
-0.66023566235139	1.24777383415643	0.436816592162514
-1.39038107795564	1.29111409513755	2.13410481491137
-3.38914428362298	-1.83787502456954	0.244984791527401
-1.46804831396931	-1.0476956206313	0.416695258390425
-1.83519778744005	-1.21272856088646	1.09517517005115
-1.6964462308397	-1.39644727785545	-0.663402096099366
1.40254659090737	0.531067602027151	1.62167900997786
0.355795143090851	1.83560661860307	1.29981023273884
-0.262983024992007	3.59273495522345	-0.248090578368538
0.265471289734188	4.01050121558564	-0.28701708611395
0.231546737836137	5.31627869265634	0.206661674437275
-0.865448745143037	3.11254315637941	0.4032902472254
-2.69054512541895	2.92409408965802	0.556349537905523
-1.99955226157198	1.69127034933549	0.591983601496573
0.0803827413990858	4.06322411733615	1.59779138186065
-0.610046365368895	3.83731401878641	1.14647951693305
0.246007200378854	1.45449366246123	0.773465757402258
-1.94799737498628	2.76678505518256	1.28680373115797
-1.94381240414135	1.86445605106441	0.933174452853252
-3.53370023259743	0.000398743912031985	0.630285860300339
0.307351066201993	0.0150249376095058	1.90486002167338
-0.84483321120043	-0.514636783312347	1.02097539291038
-0.95956276038533	-0.591732663018529	2.13657146300265
-1.36076555060165	0.143014113980613	1.22956349557933
-1.64501096679513	0.363496911522454	2.58552239363859
-2.23118363095492	2.17721183507539	1.22515775391806
-2.03500911189487	2.41223324864988	1.75595571557677
-0.696942804073498	1.58757555830362	1.4676485637744
-1.11342306885002	-1.14091235814384	1.61701115878358
-0.991204507824568	-2.26716920747638	0.0721413218646725
-1.97060754231278	-2.18882832094882	0.391319883568753
-1.61128887792189	-0.568641485921439	2.17179569149269
-1.11776136212289	0.0237601638133811	1.53291144003476
-1.95744532679548	-0.866802897368492	1.48958630294045
-1.44841876651168	-1.41712730917479	1.07738370789615
-2.06945101503447	-1.2000663430778	2.20511848881571
-1.4900297241437	-0.691159723410453	1.65644098746572
-1.12500463021522	-0.0287005706967495	2.34108141001959
-1.55241888551671	-0.305097716362769	1.91074026296692
-1.31553166745651	-0.0338729669162834	-0.819173499088052
-1.1440905352222	-2.18014736789029	2.60057656484519
-1.67238465678474	-1.92890359262842	0.65763894638133
-1.49149386900826	-1.56245810737108	2.09844492296227
-1.02848863079217	0.125154198865474	2.02527432611909
-0.38158709032237	-0.732099511274374	1.05304792507724
-1.66970887509808	-1.00305561450581	1.92978971607534
-0.981485551918251	-0.714602134232991	2.24576380059134
0.387053232846198	-2.3521215141923	3.0318208754329
-2.32436646015249	-1.39892950654465	2.70874705036041
-1.55230323336764	-2.70221496936006	2.41008877521164
-0.979369749140212	-2.69568495748064	0.653984689610434
-0.17221507522094	-2.42350921938213	-0.109751102569378
-1.83817865079984	-2.38144101166347	0.322090428345908
-2.02749331683552	0.539139511012175	2.88265376431693
-0.503803473133599	1.23752346467622	0.903937310677645
0.419304934091032	-0.181412549598397	2.25817476107737
-0.529293313025128	-0.692022682576847	2.19156103894917
0.72771687814323	-1.75075754044578	1.25778764842213
-0.579364643970583	-0.769212413128761	2.42133568835669
0.184030941241041	3.81003948185716	1.60504820853165
-0.274345964085703	3.85064748142202	0.712427770867058
-1.61892114660016	4.29282072342955	2.09265774466561
-0.812230158415843	2.1968861240719	1.06866121542317
-3.05081306755097	-0.0317083919810132	2.90364620856077
-2.21501199006817	0.0519540634442739	1.87591006095378
-1.897973413475	-1.67056742311113	0.320991412494154
-1.91755556526691	-0.231246866267886	1.04103041202951
-1.75351880436171	0.412236689757715	1.8312159273645
0.82000443367799	-1.28798396159332	1.66555959439959
1.19237973498128	-0.829993206607051	0.852895302401402
1.16411375900942	-0.617339420943605	2.04734982007739
-0.203742569653473	1.03118757578038	1.49791864603484
-1.36917560378571	-1.04128756954451	0.772261183181118
-0.709605542886296	-1.59250584678535	0.651100543233069
-1.67207306581037	-3.60759163975949	2.90162301614783
-0.529495004019527	-0.169865539652143	2.22012517700636
-0.74990974268653	0.788716199333005	2.3851754732399
-0.408170776502337	1.89082774082544	2.52714485343962
-0.984497757501361	1.83023780324859	4.68986995924163
0.14714071027881	1.5102132763295	3.37119546003005
-1.0493556571578	-0.716503175271401	1.87703268141976
-1.15980280823483	-2.53520888293723	1.88846373059076
-3.19615744414594	-3.47981493270779	1.8225362822482
-3.57752783444696	-0.205932805792333	-0.871914041607698
-1.90805320110601	0.535254830392397	0.291035365521975
-2.19390564235989	0.85741899526306	-0.873439778429217
-0.211508958217913	-0.281440283603614	0.682718424147567
-0.805768409331883	-0.233005813051162	0.905936974041298
-3.9636498977432	1.96579243633279	1.0133324466594
-2.60622230849204	2.83786424894575	1.28387459871262
-4.98195288714317	2.58640848736509	0.714128287729019
-3.20316073413335	3.97438454326342	1.26826769065187
-4.86062980591602	2.30163291927307	2.99307243757388
-3.46224205490401	-0.253901719933767	1.97703111101828
-3.24922962800566	1.34992790324456	0.63904736670551
-0.354479657197946	-1.79384555934211	0.715298360000317
-0.478175962228164	-1.74959369604386	1.11000031068978
-0.485203227432946	-2.81288399647024	3.22846427631325
-1.2091747338699	-3.25803722333414	1.60674521033855
-0.628373218011036	-2.07832440158857	0.796462625267417
-1.73260321271202	1.59933675625876	2.04806586369521
-0.480917896899953	-0.946606629660291	3.11914869993622
-0.0404859598345298	-1.77694144158308	1.68921999343369
0.23016427627935	-2.10898713181501	2.60065337880358
-2.59878763383613	-2.34007344124117	0.00417484132436075
0.0671008021560108	-0.887423691793488	1.84960961521445
-1.82628816604603	-0.69202562442407	-0.488802597315967
-2.60206375560121	0.763213036716013	1.66977707439642
1.31289616407733	-0.413696289664211	1.35444223306098
-0.95812613866225	-1.21182479018534	2.63928657152552
-2.75569392810917	-2.49147197167122	2.06211390047869
-1.76865066301854	1.78974727038453	0.621162782196467
-0.742325639509229	-0.725594137034921	0.245915950292697
-2.46182916511752	-0.203260474077072	2.04025364449019
-3.70129399517101	0.594686682231406	2.0726313426675
-3.01502379764595	-2.09400667304408	1.27450192458724
-2.02615271637173	-1.9874029438402	1.74280403368131
-3.11487050231942	0.343317788755822	1.60106870714527
-4.19504207083843	-0.885142362377496	1.10027196679144
-2.61252276817456	0.668212834049103	0.534359451073708
-2.0338206513635	-0.154669924727283	1.26865551224651
-2.44308769765165	3.30550177399824	1.73145702972072
-2.14573958986578	2.27819469689094	2.40248144701462
-1.49467633925965	1.40582174762387	2.04144408900734
-2.49118397738615	-0.215595301994482	1.398215069804
-1.0556575267457	1.07655012726623	1.50674549267527
-1.28643137073744	1.93494379367996	0.859152392996178
-1.72620506191794	2.56223424844985	1.06224701006602
-0.692119418016686	-1.30752371754713	0.750777330623599
-2.82891674008722	1.09344104278912	1.43313143483447
-0.38740696739197	1.53996279763031	2.01611266672676
0.537343300331231	-0.22865756035329	0.778906340433929
-1.19928701205778	-1.21617459445487	3.06782286150252
0.0930375825875687	1.56658054768459	2.27148480991678
-1.55640075817824	0.351884523339966	1.82233684117053
-2.56192303278755	-1.00653980133835	2.34188061986004
-0.683994200773478	-1.47512473797816	2.1483215604441
0.695514187098341	-2.25402766110628	0.0243851676555793
-3.00147147489147	-0.798696997012464	0.916958731889918
-2.11168887395457	0.0120470562420215	1.06121878809627
-3.36099320849572	0.718425757990231	0.24183420975416
-0.108844545044194	0.186071301864509	1.80971410017017
-0.360304528203664	2.07607798072423	1.09128785807408
-1.40116404978206	1.31613226114251	1.77796958098962
-1.63795795237063	1.33381134247531	0.84616721683564
-0.868443870773585	0.527546990100707	0.443024324005435
1.19152724557696	0.317277526693321	0.764786361200771
0.397855649826619	-0.624210706206099	0.381004016104558
-0.0482690961768657	-1.77004740298819	2.27851723973936
-1.80726869593679	-2.00015059152246	1.60133698378654
-1.29989233026315	-1.83436278620881	1.12465510945297
-0.70152228967992	0.701419503675215	-0.951704514708756
-0.259663547311976	1.84880489507746	0.71546100126152
-0.828613156181234	-1.3301962123661	0.467865734595362
-1.31153897681933	-1.59997862233009	2.03285660993785
-0.319777435498485	0.75315673335814	0.158944190224217
-2.06581134290101	-0.158844299253577	0.856330459291427
-1.78142858618599	0.92679380611481	-0.0571835156058157
-2.10397515266251	0.582450240083414	0.341068173554914
-1.47750426321097	1.56158343767621	1.0735832297093
-2.12908253315802	0.403890491785296	0.244763614454627
-0.906775077649544	0.985979171239151	0.336650080545839
-0.583416589930258	1.82673292990336	-1.3333131599092
-2.00213518539977	2.73039421220157	0.390913497137267
-0.37618579072573	2.75607408270664	1.70403226009335
-1.71654188012052	2.24709283987002	0.374797905905669
-1.41961236351838	1.36538432114547	-0.532691181746082
-1.30861116983466	-0.215130759649113	-1.18171796824801
-2.50239717092842	1.51648636120659	0.353280318389809
-1.01888376733034	-0.4729851809765	0.0180272657370486
-0.831513132516959	0.309176728360863	1.35096539457348
-0.781833771098592	0.243306415150554	0.917437736561643
-3.04940819270325	1.02094706490255	-0.00480600013097671
-1.88553556390466	0.154285297080147	0.119972336709534
-0.893479176202025	0.385347299372686	0.0033845463730308
-0.503701217758045	1.10009614880771	1.50326011289457
-2.00377061133335	1.61680805465416	0.2386644124626
-1.56761485646757	0.37006535626857	1.95818342904303
-1.06199511009912	1.27274294727087	-0.230424395624419
-2.41714495090913	2.18169644071566	0.599498798293174
-3.27014010357273	1.42799641215921	-0.0129971902173049
-3.27014010357273	1.42799641215921	-0.0129971902173049
-1.36260260924625	1.74297810118111	0.782103824547803
-1.35568058895061	1.63751957707308	2.41606052753196
-0.745847587319083	1.31051778172761	1.03098963325245
-0.770563588084166	0.333235140401753	1.86788523877587
-0.197413385781601	1.37777535812736	0.954656377151034
-1.08730601780103	2.37387166535469	1.51265897347236
-3.25891110438151	0.354033508636413	2.04655054624541
-1.02806952230211	0.498645759270601	0.584165088517234
0.710990872060135	0.970072838737278	0.548050669032127
-1.73216830797487	0.0129952072189771	0.669640121129818
-0.636921229890304	0.632651488963595	2.64061085965171
-1.47023302159594	1.17133798268603	0.596638254773679
-3.44759128802562	1.33493023822157	0.320267028508839
-1.28531298570415	0.22913653915062	-0.665656067841281
-0.87922596694619	0.882112919106335	-1.10845236912485
-0.780356058216872	0.741099589627994	-0.0358981965978693
0.493619426633214	0.847687738765727	1.27677038971664
0.150585486479895	0.884974465565519	2.55714677546202
-2.0253309094604	1.1680219346706	0.817782318538247
-1.95831780007938	0.781099108738841	1.54281940024468
-3.02367577938164	0.210431484211988	1.64303466404698
-1.68062921519542	0.939333127096542	-0.0883026889242331
-0.483044791411211	0.647991405149065	1.94860344212232
-0.928185521489439	0.498275598864218	0.530307480125455
-1.44094261301933	1.59835618289238	1.14995598522416
-0.731178795146019	-0.124112417397089	1.13346307629236
-1.17096269509226	0.96820716904827	2.08176408193252
-1.36075436528981	0.00372894478912034	1.70770041750937
-0.600386227021523	0.427697274557514	-0.262789655178964
-0.713904529526625	1.26165568509814	1.59781163610229
-0.698955623100496	0.0996096167408986	2.47983545775584
-1.84332212048496	-0.449317719039774	1.62748358587034
-0.107811945006744	-0.0458689091425331	2.53923126167884
-0.537510895226657	0.325367521406771	2.08219173068944
-0.572613953998714	1.31677864506686	0.992926596654495
-2.21031694919323	0.433660205132049	1.22616133473993
-2.14145439716672	0.950301371895082	0.863255983422317
-0.935826349211041	0.339299942867477	0.785938119231366
-1.38861625053784	1.81307189684322	1.45775814209964
-1.09706956837049	2.23531088733783	1.20782676423503
-1.4820465877116	2.48565635487804	0.770529907782815
-0.330783661555483	2.60185119099083	0.522099075627333
-1.42051856075247	0.934264686665962	0.765648840533558
-1.05770794194862	0.81800968306461	-0.0915769492919536
-0.502174237874287	0.266659622611612	1.6489937128838
-2.05053547048143	0.415782772782493	1.62057314948914
-0.994703413631871	0.814585766995524	0.881402962227598
-1.03678299345108	0.128973709891104	1.37867110923906
-0.394390671273388	0.614929111916228	2.55352110633572
-1.57500006966626	0.125369864839293	3.65345421481297
-1.65347748483422	0.505264390077696	2.41022599357365
-0.221413310257655	1.28343519375105	1.13582703764114
0.714520630613944	0.940606372472978	0.607175838244598
-0.546870133362734	-0.150012039194129	2.19164621552674
0.20816502461293	-0.475361962837578	1.46785893485064
-1.85383337694819	0.289076669737485	2.03614657806717
-1.09756799609183	0.859240068216132	1.05439197356817
-1.31682118232006	0.865239243378541	3.25576090023949
-0.945025418963394	0.639082170973407	3.1826505556155
-0.945025418963394	0.639082170973407	3.1826505556155
-0.921981719961017	-0.432722463219649	2.20703955310129
-1.59149290626715	-0.00695282475907366	1.60591447400489
-0.0362553787935007	-0.211090013954108	2.61787845781675
-1.06768040666119	-0.113825405284651	1.92267722127053
-0.362594355024176	0.970077562600201	0.998869901614215
-1.56109797984116	1.96004705152359	0.591618390018482
-1.14663917160894	0.65244374890997	1.99081882877792
-1.00442604749499	-0.221423816337125	2.41209912297162
0.474215958526219	-0.855936138041675	2.9389257581902
-0.595050796704995	3.57917279801306	3.78056382965824
-1.57387017897678	2.29482822587918	4.34853303083421
-1.2919345134193	-0.312957424865119	3.89746066595252
-1.68138031106112	1.36025211304626	1.88521327693281
-1.23094746036297	0.534271878201459	1.71682818895642
-0.0841725512969189	1.36847740812038	1.27968057018713
0.138973864514917	0.20949643103936	0.402298310293359
-2.57238713596531	1.16142754685273	0.715333977879158
-2.72908867001454	1.72332658848449	0.600831384917806
-1.46703013493608	1.93258905770093	0.83276305301499
-0.460851306753014	1.30397289776087	0.580869645344587
-1.00122496084562	0.724954816254963	1.40310914117706
0.316999561387643	0.374734248734944	0.703816301441852
0.721481798440819	0.842470119049418	0.675832775464244
-1.29278235045839	0.803784856899108	-0.508189968178431
-0.0517061286932462	1.78918957736102	0.673487958526758
-1.78429070189776	1.60835577037838	1.2376964883963
-1.44220760894842	1.32849126475248	0.907658619410318
-0.800299333176007	1.93643735046913	1.65415346175791
-1.64813725112124	0.652140258878331	0.742373476356903
0.0792604493509707	0.485526066512461	0.894367844828462
-0.125573146019599	1.70212409503024	-0.248244897826373
-1.04026905070304	1.10011813020227	1.20553155942379
-0.483640871014916	2.20726311027286	1.24175315825163
-1.17028137205524	0.82129781320376	0.870772487364548
-1.2070036955716	2.00276822573614	1.31401120241747
0.341342273055411	1.33367437913678	1.59077483547417
-1.44791196681497	0.248922772955808	1.21120745639731
-2.00292482252312	0.391948118431431	1.59346773082374
-0.93133450787733	1.82726860298662	2.13146356873593
-0.124982860275938	0.692417351469179	3.46320987019843
0.274337444928326	-0.229797685780668	4.57398692350217
-0.433814224366517	1.15009408410969	4.48874613798089
0.461054199256062	0.423467433765935	2.37776744884994
1.29583229477647	0.0992139755532537	1.5851663758013
0.768684150358633	0.463257409610099	2.72483167646212
-0.295017574816849	1.31497904271466	3.14656629476714
0.271576882818531	0.587879037124751	2.91898063610537
-1.03239503820884	0.78712009399416	2.04063573166062
-1.30978008905118	0.968967811563552	3.03559328764126
-1.20316927837817	-0.454372424247949	2.73436213767699
-0.607229935018101	-0.435152179679589	3.1187369281421
-0.866361682781707	0.251233465011057	3.20840831560424
1.13339174714375	0.21262228637115	3.60504007889197
1.64072592052133	-0.738867461689437	2.47023153630484
1.89419194233827	0.12650202164933	1.19414345145527
-0.357048102491879	1.50533315008574	1.63055641469995
-2.06568689406176	0.439623146446493	1.50189425124709
-1.27426866996829	0.432450680961727	3.86802467414578
0.236558125160822	0.435549580675066	3.34294442938342
-0.742246346337795	0.741820685702322	2.58194262283367
-0.366542806688573	0.537969605384461	2.65732662930271
0.156249757139229	1.62875147248789	1.46924383671882
-0.898033781643812	1.5234433982506	0.311400495969669
-1.10990333479198	2.31150509679753	0.686811807504302
-2.40311645375448	3.02806053709009	0.676072940953846
-1.8592760880419	1.25309468569346	0.769002279329435
-0.561712942172106	2.04288551979281	0.317495649568834
-1.07082110829706	2.89524458830919	2.83132115217643
0.3562045540237	2.40220714572375	2.61068336379794
-1.28353060180835	2.09860791410711	2.56694060135318
-0.722612280270985	1.4087430021832	3.15465528972884
-0.67698914705936	0.615901820843214	2.9424339934689
-1.30248252164365	0.718905486731532	2.55249032943107
-0.988382502361193	0.379462413744904	2.92419743196121
-1.48473237666806	1.01586185996793	2.73790821516931
-1.26091394603794	1.2396806487539	3.43138339983639
-0.337805779352128	-0.328341772139087	2.51604893385109
1.53972594478821	0.882198460284757	1.8271532465093
-1.54219078327281	0.159630452854554	2.10048429780382
-0.24581315814995	1.52525298043364	3.81893994456659
-2.16646701397883	1.08366304682671	2.75139009033317
-1.18045582693883	1.75999320233957	0.916888321027232
-0.172275902001804	1.29255027365115	-0.366123127876187
0.448168552600865	0.389475784992233	-0.0319914321395393
1.52533954167339	0.291379986561125	-0.376453897808285
0.637810495286725	0.782489314826336	1.49254030347597
-1.4255810013345	-0.109942864592649	1.75170703735845
0.527550795548993	1.42426198730895	2.21805485820352
-0.348080936743555	0.549955847066531	-0.240737843549624
0.308747910939847	0.162733991033486	2.20710157110616
-0.785615766608481	1.79145792812956	2.00707915069
1.01799888357701	-0.658809751398575	1.36208585830688
-0.461765095942182	0.168976831565468	2.81835876897614
-0.546394152898412	0.304027624467399	2.89891545483064
-3.00090132011068	1.51616094555701	2.79639879634897
-1.87608797514904	0.885527084568397	2.46242597952287
-1.42218338141536	0.885640108492487	3.07119118483045
-1.6160679995483	-0.631340131818074	2.82152323660677
0.419438203748677	0.0560812929048721	3.70608592681269
-0.628262633722892	1.72095014910478	2.86958529845466
0.115066481839995	0.991557677558392	2.35775672593157
-0.65744957930666	0.558750579223074	3.58448088245061
-0.679673319118711	0.412610120672339	4.34677973130693
-0.632117020164999	1.02461886555977	1.22453596583727
-2.12735542698671	-0.82448899903387	3.05696467957738
-0.678382355528675	1.0401856599835	1.99235987078063
-0.0933988307520769	0.608959814121769	2.14678120510341
-0.502746954755462	0.382460204133998	2.28823857116665
-1.68691913504461	-1.00963465229005	1.42672210498837
-0.143685690831909	0.976482381413724	-0.175963854246079
-0.912618264073924	1.06659022209757	0.933311129587558
-1.0410874726713	1.52419578090675	0.67324129253671
0.623372103326666	1.63882978492707	0.860013296063478
-0.72122740097964	1.49362121683864	0.785546741646791
-1.25004730870908	1.08583358135926	3.03216615317568
-0.597979796121265	0.90748735286385	2.50159838536333
-0.783139816015651	-0.195767867505202	2.16204397137181
-0.321523084792335	1.55686759358659	0.394768031057533
0.295312439180892	1.1568447066748	0.0606594822285748
0.375638578468681	1.38682095596425	1.17971772360334
-1.54000492641207	2.26902000306054	-0.35393074237203
-0.608053337340107	1.17024183221426	0.146817344822907
-0.668468237586159	2.5140710146096	4.07788348184322
-0.143245066421069	1.04973658794475	3.88992609327555
-0.672771048093006	0.309598988178368	2.65835704664825
0.0206866601326576	0.422055589816435	2.8125149185403
-0.608325308436159	1.59525110438011	1.67882218318411
0.108635796315469	0.554164933694467	0.836013509264187
-0.459904487859957	0.841813964060396	1.74718540355382
0.184097705586465	-0.441573677246883	3.38174544071448
0.757964230707558	0.809337071403858	2.3401556685797
-0.295501438254034	0.801511459745993	1.66039513411037
0.233818551751456	1.2458298189624	1.34206814931363
1.05859968948169	-0.485619790511514	2.79384195294689
-0.96795833216963	1.26245536143342	2.14959060986762
-0.947109697939493	0.377760863439848	-0.160197479849224
0.205916674849811	0.548701954966244	0.148566970357671
-0.029697081792181	0.896604791323849	-0.411018107328189
-1.33257030662934	1.31810747672433	1.20005079617384
-0.369237652147086	1.08381478948177	-0.117213192309158
0.129836709110588	1.29199922292824	0.0613814812812823
-1.07147131681495	0.528350839057965	0.916921983405124
0.434724063024883	0.791030764662319	0.262551795558567
-0.642240175695907	2.43985928553531	0.751562042920194
-0.430857652775625	-0.0802909460564167	0.922206107673916
0.305017173816117	3.0924834052512	1.59193089620154
-0.0951682084161673	4.01872857791548	2.26138366379927
-0.136490646061546	1.895744776163	0.774526846147813
-1.50380254414541	2.32260267637207	0.340074431328811
-1.10948476086916	1.85710838211649	1.3923066549488
0.228560101498133	1.53853009389862	1.79232314802559
-0.37401450590742	0.944157007293268	0.585756327498968
-0.160981308373539	2.29266899913682	1.0068423473356
-1.39136440989434	2.23966481658065	2.22662260502226
-0.705026469041333	2.78872745441691	3.02948749362222
-0.567639948383306	1.2848049523209	4.02343637047667
-0.210772825615204	2.02983785469386	4.30258674963493
0.562557912763534	2.22101142940341	2.03162196409047
-0.12647797905564	3.13242435613526	2.64311385753949
-0.658018667090442	4.13284964512219	1.23512057278908
0.0173967527638859	2.13368727928301	0.613355423233905
-0.583617581743804	2.90854352539041	1.74638749695686
-0.716278315144369	3.43285977559277	0.8986388035826
-0.490914501301456	2.12028427874668	2.74211735563195
0.0702939034120009	2.03749200395092	3.24928335836532
-0.0474225319102594	0.574293021653271	2.46872376374362
-0.4208044312168	0.177729982558998	1.82477693545181
-0.415775014517468	0.907661246585342	0.82705257113526
-0.452712053402297	0.865211653398447	3.68505934789936
-1.00968211969497	0.589116121325711	3.52962856897005
0.923084645647799	-0.761655769661868	3.19193581727177
-1.60342194967923	1.32178632090392	2.71565956160225
0.0226093412508226	2.08494365511159	4.41916791493875
-0.456462767301168	2.14682306240137	3.81288050809385
0.775792699707448	1.49782609512412	3.57521452380986
0.909704548217474	0.900769144796691	4.07300082305373
1.40226493707066	1.77943266585748	2.87792736699296
0.100821336183002	1.22658989130285	3.13507213895863
0.100821336183002	1.22658989130285	3.13507213895863
0.868413463731511	2.53687148219685	3.58503735171916
-0.717284194751421	0.53559249807091	3.26500719543216
-0.439571482193118	-0.227524148643926	3.35036277194238
0.0223369193994519	0.185415851628906	3.56853163420079
0.192958731611942	2.04110769937175	1.75818039740662
0.624067573017653	-0.839404883424144	2.52452699124669
-0.549424826260639	0.509799828597113	2.85150776624202
-0.467294639200115	-0.152723066124582	3.69755621106962
-1.2332872533771	0.598333937243847	3.31683038454165
-0.565586012380372	-0.037968038290692	2.89301661555019
-1.04037717726498	-0.257794979584674	2.65599637969704
0.763439519385324	1.22935422837217	2.7447665468798
-0.289520633586664	1.41320592121348	1.67029914545465
-0.624332507122143	2.38488968470765	1.72509514877894
0.94780356806976	-0.151919186357172	1.59950764999009
-0.388124676950094	0.407577484771485	1.22456871687012
1.35221168176902	-0.859178303310527	1.28372535537863
-0.0762510827411052	0.988633421244628	3.95446250934202
-0.114270635889425	1.80965246105326	2.73526762460851
-0.194422064230874	0.519362005012647	2.62768236353595
-1.55100088525858	1.44607164773781	3.02093140508311
-0.253019615711928	1.53705581937316	1.78561484235158
-0.0758607297514988	1.59497943783243	1.25633095088989
0.0442113410607632	-1.0346067816615	2.00821504982428
-0.0111454030341615	1.95627554616364	1.74128049468334
-0.612301030098756	2.35153781639914	1.59421380418485
0.0969562873788978	1.0698374515805	0.310118025246716
-0.442952200439028	1.32567180343352	1.08073423764374
1.67828422254272	1.42397134066912	-0.0388646035858267
-0.29434584296679	2.60043653307946	1.2136252995457
0.648364400384435	0.409806684622637	1.67289407025405
-1.12011025854915	0.963356559025947	0.551617710400797
-0.694231673107348	1.02699185867289	1.28176372243486
-0.255974615821264	0.817758228570097	1.80127514964051
-1.11177028584072	1.41782972156353	2.91316263507759
1.16431276796118	-0.453674011983233	2.45261549256715
-0.335515509364688	-0.904529571551664	2.41589774116624
0.95758195950324	1.25528886769184	3.03615226089288
-0.0584486692488657	1.12615365820262	3.36397941219912
0.754356923811429	2.74908085888507	2.10446592376326
1.44969779779358	0.801435880202083	-0.11529046705988
1.51595545452841	0.208042203020055	2.33855131428979
-1.0769612026165	2.1714028972778	3.0727703874284
-1.08186841735603	1.48582488089787	1.31010718672945
0.552357575694214	1.29462221694243	1.31029691823125
0.834054206336851	2.25757475444215	1.14045683959586
0.908063217226664	0.731160552213041	1.62327045030287
-1.16309309949587	0.648419268598805	2.24316280471643
-1.77172558535497	4.04898605347276	2.22430039067595
-1.03668675420132	3.54006608570469	2.08293578389837
-1.11594997167147	1.9580502944508	3.28025259679308
-1.36112426592174	0.495583524666006	2.84184040276362
-2.85921067315415	2.25110748546338	2.68897525918401
-2.66241500350202	2.4495491374218	3.77196893819646
-0.909704085698472	2.8518890725087	2.68928690167316
-0.712574753421924	2.20599538363439	3.66893546092469
0.245715328156908	2.49486766861667	2.19073946963666
-0.932118101152142	0.487952697132909	2.19944460777469
-0.902422532531207	1.4934354678743	2.34399321806089
-0.892306204674117	-0.412534189495201	0.113383909330862
-0.187966032192584	0.127374593692019	2.07362045434065
1.42729496746167	-0.393986872179228	1.03353355673287
1.10186087002613	0.830087575854795	0.632973322878231
1.20423297687202	0.993972797689212	1.55677649821706
0.2926769785863	0.525755497464032	2.40529189234481
-0.378310393881598	-0.106970703983191	2.20762578186205
-0.703581161347157	1.29549530846474	1.77953334460163
0.647334375260234	2.73514712637357	1.28836732860792
-0.107083807458229	1.95739588346175	2.1191580965134
-0.232145522962147	0.47299866773305	3.63408548277088
-0.209260736198855	0.657224775909823	2.80517667902796
0.644914971687331	1.0001958083208	2.94111422899645
1.1651006584726	0.667135534227164	1.24937046611264
2.23100485904865	0.0187805395340341	2.91496525759227
-0.407268439535924	0.78380639095446	4.21456231365152
-2.71279024567617	0.876408777346646	3.87404358710457
-0.9587097112162	0.0714048045563678	1.87729998425234
0.0892822972925822	0.445295873893698	2.16050591163766
-0.395025163290438	2.15693019898952	2.66069911624016
-0.0406869923699752	-0.218536442297782	2.50967918293919
0.350366116563399	1.38291906643622	2.61011165824255
0.695595932784295	2.387625888325	1.5698745000101
-0.0985229184699674	2.74957380822317	1.91872398700278
0.429694891440202	1.66281855035599	3.81926969377013
-0.698576416058069	1.24648572514551	3.63475102914624
-0.605724183442695	1.5950639748673	3.49034700362403
-1.09337197630067	1.01805931233639	2.0233943114038
0.899746272388054	1.38002686177138	0.636295841860345
-1.0445716014139	2.09567082051517	2.07735743955571
-0.472853202994339	2.28288249042405	0.502741932264367
-1.32218086909944	2.66927434277926	0.785123944241819
-1.20418126063307	2.10138786315776	0.633715730454378
-0.836361705183363	1.44200289427927	2.43096506571395
0.196413293298378	1.7075988849986	1.01886075531067
-0.472669817266242	1.28327407279201	3.90673523097617
-0.0550838049664257	0.687516427395755	1.66370688533766
-1.86085580112535	0.784255691217099	1.72376107732244
-1.52949400607751	0.501884206828256	2.4543960855765
-0.139689941963708	1.06365010730181	2.68585036883519
-0.0657630039330709	1.3818466887077	1.50870217441822
-0.349126990226904	2.12977652458486	2.30834423168973
-0.893529021714798	2.68561684247544	2.7819956857073
1.29687113847608	0.98127478551709	3.23510253047505
-0.160039920603992	2.2334693962778	4.55004479967814
-0.597402532570714	1.83968423225745	3.28440085165991
2.70791803066082	1.13316916124437	1.59827142043313
-1.73990750299092	-0.566260146042383	3.08064411054234
-0.687250776110854	-0.339115992191938	3.00649437786178
-1.34527655244075	0.402874589275012	1.85550875238356
0.304420023526875	2.80345911330184	1.01657218145782
-2.79372773444235	2.64505920644333	2.22289100501288
-1.64116604132833	2.15710163867289	2.23633062750009
-0.421618005691246	2.01460044348258	2.37777920153857
-0.683823281900674	2.0013417826245	1.94965294704445
-0.253461786563107	0.819222342389422	1.88688826592054
-0.323781020731105	1.76011182398869	2.9380877257863
0.652031144421133	3.37658439196243	2.26179892080808
0.249893647158055	2.57534718724998	2.52434239504046
-0.0405418504356123	1.74254805461848	2.13731539614945
-0.571750201976638	0.877161524035447	0.984430601752343
0.942084815419885	2.12308695429791	0.0151778112524542
0.363026966501303	2.11636583003162	2.06902970518261
-0.489518638590956	1.93154006031305	2.01743135359343
-0.0948443349469481	2.01053060829752	2.23443758131019
-0.784084149291655	2.10588722870809	2.82982619438278
-0.946827901440237	1.83849791153248	2.88944621991809
-0.98701322637276	2.38853745645311	2.06142905715125
-1.1296562630818	2.4343722285381	2.0493963765666
0.251281155606649	2.54695080613029	1.0562357497659
-1.1237491249079	2.62941691359158	0.966772992237811
-0.921628569165773	1.39356747062654	0.426058545441937
-0.31803113914798	1.9131289916332	1.69569248562568
0.0134516903328943	2.27496387860522	4.17502270254641
1.50498899246168	1.45702283519964	3.73228304207298
-2.11289020910321	0.914192024267921	3.40992865970318
-1.22813551033849	2.64514732395678	3.26957077750877
0.322817678633535	1.27797462343921	2.66706949073534
0.322817678633535	1.27797462343921	2.66706949073534
1.36201034200709	1.37685659456395	0.166295205029874
-0.0851568720406494	0.726163185716504	1.92026915188931
-1.03223939845013	2.99938316334529	1.5208454202955
-1.18740354067959	0.785511271916824	1.19725520433316
1.34316975247158	2.29223203937813	4.07249367511511
0.268194055259463	1.38255515296029	4.89844365097001
-0.966652447235881	2.47985574866935	6.5802053264043
0.465212853180064	2.61138091744805	4.52733246874108
0.961037265219251	3.4029515098725	5.1548322168053
2.21659776272839	2.68441741490643	4.50474508936632
-0.31763779352903	1.78355609848213	2.30324193888053
0.962347398193785	2.5821614823921	1.25352649173718
1.29464897596074	2.25972951234842	1.3047165067087
1.60772475257751	1.75680580935435	2.964688972036
1.98687121164778	2.39575416170636	2.02391845133213
1.41776853781505	0.794941144461725	2.85385043716897
2.45922695959442	2.16116187631417	1.40802523960928
2.23129531922611	2.86215238206154	2.2480307335808
1.01027368026764	2.98954613472093	4.18493558622574
1.87458227972102	3.1941192435756	2.50970295571042
0.909367849156814	2.63636234717888	3.50660495669526
-0.540481751017381	2.83469377237435	1.69532472850466
1.36270827830231	2.68730693367417	2.22963187184399
1.8665365967971	2.8990168559264	0.955428680746896
-0.397954650935182	1.73018031441837	1.54374335424748
-1.23208524880464	2.19761111451112	1.56210278407817
-0.549777775380679	3.15758013269399	2.73008336347181
-0.549777775380679	3.15758013269399	2.73008336347181
-0.108618049778707	3.26424246632684	2.19986228141938
-1.5805955171195	2.26215613419369	3.15864907198382
0.0109141629982969	3.82227438285077	2.27991149193026
-1.19048341664293	1.54544581530327	3.10007962603652
-0.530166786034734	1.56834680121935	2.81758133456964
-1.13223348891529	2.52548968670973	3.41142314646049
1.7238597270003	1.90829092445704	2.08710477622699
0.436173536771541	3.27138477922604	2.35704558646869
0.630366960509976	1.34543907195982	3.12187010035875
0.0705148681277668	2.35396547390381	2.72812196158839
-0.346755951610358	3.38243111942117	2.59999602774633
0.865909224001369	1.6794852952365	4.11593745857202
1.0794965973826	2.24923819099055	4.03131132445876
-0.236319997658305	2.37099684852831	3.70116403977057
0.0253874526289571	2.90006430263722	3.5486930811716
-0.828367739453234	2.91942781103945	3.53843390067182
1.45746885227744	2.28581216411125	3.76710437274702
0.640288294734841	2.22713026729706	2.79571281424313
1.25745169986707	3.42088023349479	2.71145834478475
1.08607904696032	3.04011782961735	1.94472352541636
0.47647047530882	2.56626843512986	2.60318935506182
-1.16318398826238	1.61237385422726	3.31151811256424
-0.481832357699498	1.55586426816507	2.81825713674283
0.559406113613006	2.4063434566698	3.21791100550295
3.86907824542505	3.81721770188109	2.48738865716279
3.52544801535407	1.8563348651943	2.52446587587622
3.62769942955865	2.16412548880744	2.88659691091069
2.69033388639113	1.04930389266032	3.25881365821221
-0.153752932131934	2.33276763338392	3.66982807624585
1.64575946921839	2.73475010109104	2.1498959748373
0.916457557553606	2.39608604327795	4.00098022411998
1.11948339527264	2.06726688152517	2.89951722299085
-0.0397262006169967	2.63801392773095	3.83538107447531
-0.471268664356071	2.5010017061059	4.26340454485525
-1.58928388016891	1.68265624447922	3.80557760095347
1.12230327704996	1.6418635011272	3.65190260742265
0.697017668222604	3.29067048187779	3.58244011250057
-0.0840397275555453	0.55605099986007	3.81642424548833
-0.00160259666223683	2.41022566464964	3.25089796102334
1.63917090562192	2.44925449050295	3.98193213899997
-0.326829401975167	2.77888260242417	2.75847880064459
0.73385673444727	2.58539582113404	3.42940478934129
0.391672055397193	2.90988326340403	2.75319139778198
0.491490328850137	2.56004475352593	1.66539157266952
2.03364997453571	2.0802483067138	1.14441996992088
1.03969341277541	2.36319418863435	1.64887287093545
1.71809795230967	2.56674483319052	1.39625491600284
1.79571667728451	2.15093549425297	1.73717696522747
0.546256025279966	1.04569321192412	3.10615053101353
0.0726515896471351	2.35257372384957	3.3265328402822
2.0915418069556	2.16991378025141	3.74098791450556
0.673883902835891	0.860949107233439	3.43548943073087
-0.338863130809312	1.02366760035239	2.97647073780602
2.03497149733928	2.5370598306608	4.35028768290897
2.30944844290181	1.57170514637429	2.53357896922098
2.48849746056181	2.00798373410444	2.47090428867427
3.50597960947073	1.65641499358045	1.67098360577705
3.46233494819088	1.99230537414405	1.9035445744008
1.27479542159695	1.70181629168218	2.39934733968309
-0.412495850559997	1.18376163178476	2.16677073544925
-1.12439458341881	2.06367112798463	3.33812193463412
-0.782560498790012	2.07186231144006	2.18259262890032
2.97596146158981	2.42687529827352	2.21375116107122
1.00251902459843	1.77377519252407	2.22662128953189
0.294829274368933	1.95732936171645	3.0515066616088
0.115381784184606	1.8002238091603	4.06489748686311
1.89151142586354	1.7556591351785	2.04693062304387
2.68152425666116	3.36112806002056	2.49563748423156
-0.45355756995698	2.14331313621146	2.39812574923836
-3.21174612424807	1.93834422930892	3.36931532259005
-2.80702088539231	0.269339967517379	2.27524107257245
-0.454760346723607	1.92305762048063	2.11513157402217
0.54679675071383	2.65382015729062	1.55161066837017
-0.090708707979615	1.83361193852983	2.91633641446346
-0.34359900514048	2.99542352509316	2.76792839407952
-1.42445602724583	2.10701607308171	2.65375535964333
0.0501971750626007	1.41290998511638	2.79317809386834
0.743433989277963	3.3744049785321	2.18011882570714
0.728526148583301	1.9534901540131	1.78873718478833
-0.0788304772971164	1.66388978998345	2.94030755833098
-1.2592196934676	2.6772243323235	2.35095377094994
0.400835779544116	2.6524764784025	3.35855921189543
1.25690513391473	0.333457193752251	2.18101849702441
-0.639293946810216	1.52337739042435	2.09520536261824
-0.0331709382916398	2.84788834403469	4.24439745031152
-2.0432786983826	3.22764254829991	3.48785929098416
1.4394275089737	3.11785555215982	3.87024994698715
0.484590008413892	2.366155354314	3.81586137036537
1.21715735841707	2.22197393041641	3.78440779301688
1.13415030142148	3.52590049206356	1.14473438173293
-1.59166952707813	2.57739413226034	1.52072799638109
-0.621264014529022	1.97659166516881	3.34963463173084
1.52814781636294	2.28834323150928	3.93220202299396
-0.735559025073659	1.75093501200751	4.33293861852151
0.288270370999514	0.730509864546356	4.42183383554497
0.993262383519231	3.04404890307544	2.98789142866386
1.89830772067454	0.679999607994809	3.68277370658243
1.53345887571442	1.74768862467232	4.27003159070321
0.38975923780364	1.8254208235661	3.21779683503419
-0.439252763840942	2.40064645702428	2.28527100172843
-0.0300473629819446	2.97094746845446	2.46458116310336
0.996742165657856	2.56406560123487	2.1340513806365
-1.23637296078107	1.31091930052831	1.1071928815985
1.11891521128864	1.10640120186341	1.37124865219187
0.484251711228793	3.9846418798932	3.46048063133673
-0.703111846636975	2.11594968421368	3.96517521909846
-1.60672734435045	2.11439646919023	2.93134658123523
0.605514010579869	2.69652335647215	1.68445561585237
0.0381577512552025	2.67492680725551	3.99672632459303
-0.949804954877115	1.27071567105212	2.27794026696378
0.651429778512471	0.622856059571209	2.53032325443891
-1.07131536882357	2.73115824403693	2.0971201910084
0.130306084975096	1.53122121311698	4.51711992336596
-0.246798935084112	2.6218342378023	3.51122671009943
-1.12996090174579	2.13316675913602	1.89305372036041
0.0590406351049915	1.77325545593504	3.2719914012734
1.30871183666157	2.26434071644668	2.48042864325982
0.659278734237682	0.741463700643663	2.64989464489522
1.86617305765683	0.177394638563002	0.587294304018659
1.72970311978615	2.40829078593787	3.74284419173294
1.08894145983341	1.16428256268734	2.82774536383095
1.52294445254762	0.976497991655435	3.71195946280692
0.26546137135382	1.70355792194738	2.73246922535078
1.77623688685126	3.41716094797441	2.30457808235217
3.28149322233693	1.83787687455091	2.10466942769187
2.67746950584465	1.26567633935071	1.76087680905583
-0.0100923976075844	0.985867181604483	1.32702545349497
0.114523084397252	2.25308791817319	2.72527267579665
-1.67970657201966	2.92876490998626	3.11342897171823
-0.143407013818858	1.81044376066502	1.40391742221925
-0.498525638998982	2.0746107721164	1.4291872718067
0.593810767394561	1.55113791331182	2.84841711091357
-0.16701726476571	1.08486617130409	2.80274406106445
-1.06030283367242	0.158402613261432	2.55568801802304
-0.960284672536778	1.49908683178539	2.68511109425384
1.24733436256362	1.99629356078756	1.89293575334793
0.530588423392932	1.84692588944956	2.91970125090741
1.30908684534258	1.16949416558221	2.40228061353839
-0.0384612973082489	2.09208080601068	1.63837441441913
-0.465482686497373	2.68552301699491	0.990079876100851
-0.00526399105582337	1.04287184181862	1.49966368674564
-0.0959947366709882	2.14635548699283	1.19252058300036
1.0154702611883	1.0678867521463	0.5677895331391
0.0623052626495671	1.57021275259886	2.76764892144574
-0.974743097475027	1.34763787503493	3.64501926207823
-1.28776799568388	2.06724712325012	4.16727915011634
-0.752863183490431	1.86833520153376	2.9581707893225
-1.8756969962771	2.32298089467634	3.69595713256098
0.151779329497791	2.68451737428658	0.996563292035304
-1.24329887116901	2.74363411830792	1.42412633083263
-0.168355678989389	1.59462130151411	3.13472689931483
0.408279500621695	1.23365898817245	3.56026187708023
0.151267774850532	3.58772611781216	2.64199282288214
-1.34535708433956	2.20561813604503	2.40487024106704
-1.96207681085181	1.61584193987139	1.89026353186555
0.618870525759044	2.23495770382966	2.07443155201235
-0.886166455881879	2.21989047647291	2.36945087984108
-0.489603833768967	0.996268264029114	2.1684312370992
0.435272033899477	3.30515491958131	2.56253357975279
-1.54232367830488	1.96515293287767	1.95325638633907
-2.51484962833908	1.83647055918657	2.06441301764846
-0.1786954480605	2.82513563312403	4.21434169226333
0.212462101115806	1.72906907117886	3.37674353083772
-1.87918484912316	3.25594907940614	3.02783183313639
-0.796326429941995	1.7764492714101	3.34924668992979
-0.174538539516498	1.13712026673944	1.57136095653746
-0.851404581755777	2.21469377597928	1.28130957507971
0.983607367375404	1.66825295343301	2.55304229087187
-0.907503394235721	1.04301851224514	1.91893185831148
-0.306756205421594	2.44815938563387	1.91221391937803
-0.171045095946977	0.740353328753547	3.31484258585602
0.191657504538941	0.146338991325994	2.25829158409398
0.43524027398764	0.363967629192582	2.19796058632454
0.667783957158253	1.40442324030286	4.31806140230147
1.73298602873762	1.68719346689493	3.78079142308025
0.407026205272554	2.04928044948242	1.23236720683346
0.749090021852527	2.58692612110365	1.36872104339844
0.312992768258963	1.19878420223544	2.66834504545759
0.454901912440388	1.57380673603954	2.48566682588205
0.477685914425525	0.114119740686503	2.3590097435239
1.00473917329899	1.90116008604036	1.39214465564871
0.904346097346535	1.98460979488038	2.29798899182054
1.16098293014944	-0.675846858675774	1.72882524003083
-1.1016985653935	1.39776407992868	2.45373771588607
0.591233684841431	0.58810558826921	1.75505878545305
2.65374646660604	0.790934063401009	3.14824663369515
-1.13265266828836	0.91031575581567	3.17489615742927
-1.22517936690818	0.91056088079952	2.90550917518795
-0.741528636411586	2.09671882461172	3.04462360005666
0.156198526782387	2.62591563522159	4.07112416332347
0.622573384492465	0.182061745675575	2.94504456581608
-0.606629588673013	1.32673623829231	2.85959630233651
1.16592501012681	1.13603982499296	3.5911798326372
-0.0232778162338509	0.358217517901561	3.58090981042119
1.54380889552886	1.37373249628595	2.92414969817734
0.805650894888382	3.15336555888673	1.97057438894718
-0.574563429592269	1.77062795674393	3.72095966959161
0.278922874686059	0.930323306770072	1.81456663799536
2.37245770294385	0.661061569792872	1.94994000628362
-1.35143378344699	0.44596574439106	3.49870508041936
-0.521090339157113	2.22350259178867	3.06619083948054
0.0523637247109852	0.101160558057158	2.69592881965569
-1.45723549452274	0.154933326006384	3.31353404098823
-0.140897780192838	-0.341790037926837	3.56445753906977
2.57012901666196	1.64822810170482	4.28407593884262
1.42760766467406	1.48983707442102	2.70143247420869
-1.28756379006965	-0.0323946517320838	2.35337198392618
-0.572255663992201	2.10422919392434	3.07329734989076
-1.87393675815188	3.66025535143577	2.76776091330316
-0.265565493759459	1.80970427880261	1.68201959757436
0.222767536526418	1.5347315671772	1.31348651708842
-1.24928905171312	0.897606076151572	2.12955285774408
0.987602041249852	-1.95828778384892	3.08058333638091
-0.654776846527648	-1.72363375744716	3.79745163845472
2.04819571638573	-0.377346090482163	2.98118538101323
2.93019636877029	1.52602302251082	2.88059192871332
0.706537285137643	-0.608299062377792	4.20013918958414
0.556472509887925	-0.701487578881121	2.1099239784809
-0.548804807386305	2.41557068685027	4.44330903755523
0.16000104815278	1.05033361963168	3.19260036568489
-1.07019108667736	2.21397826021098	2.38677692200944
-1.45700610880463	3.08126551648596	2.62744400827672
-0.0725223713983987	0.170566799854548	2.45723494525609
1.15125118464144	-0.655009661034645	2.4399273666906
0.541091246036921	2.93374499734337	2.13456303219562
-0.976637096093515	4.30776558825084	2.44365522495571
-1.09440502976621	1.923689254534	2.33249507627167
1.26466786083471	2.2718448605404	3.15200202828946
1.05014859411012	2.00036872631778	1.873620920741
1.17764517833487	0.89854784305614	2.17079751724989
2.54561331562526	1.00004381241298	2.13399781144232
0.511214237247172	0.380880325248665	1.87439743963552
1.20273145213475	1.83217273865982	1.92073515891547
2.07976400258105	3.12678048988246	2.30630764498339
-0.251063238043395	1.70750060360298	2.46951837027483
0.0126227693932344	0.65432814237535	3.86522880061596
-0.431172017235743	-0.114744196122766	2.90227850003617
1.11553564746862	0.571280973568599	2.96380614762847
-1.0414145884541	-1.36612570536578	2.74669669409574
-1.71666796841761	1.2682588717593	2.67996620508234
-1.80347213804041	-0.400011764418455	2.12581283695002
-1.70817321905431	0.484343648575941	2.86906820995343
0.0978074299603101	1.19217878015822	1.95610793329861
-0.574742328923139	2.60929320786593	1.08722971557193
2.10934760515224	1.12411605060692	1.05394712911218
-0.480034740162633	1.51718106938671	1.26568339126363
-0.204810085977182	1.58182008741348	2.00389520964996
2.31984545867981	2.45726745882901	2.02293417768058
2.10803802623191	1.51785804715089	2.35010048694483
-0.0393234007109062	0.523482341801749	2.81926133431282
-0.933210933514705	2.36221754135803	2.43829463075814
0.696469632633543	2.98910623457545	2.31250191567767
-1.21528685786862	2.19059625369805	2.24530107077915
-1.0489765244557	4.18714981949796	1.82685583223289
-1.70347255323041	0.359821713160505	2.60131938416562
0.968169135800005	3.41258249487506	2.2566623849348
-1.31190852024062	1.58427341692201	3.16595269469382
-0.280220440696934	4.35271566343046	3.0979444732332
0.248679263837577	3.68942644154305	2.99758158445299
0.0618082195154225	3.5838681288693	2.94405572109147
-0.706140818170266	1.53156454790976	3.08204206938476
0.184262472249488	0.625160158681483	1.2971321152797
-0.0646993205267442	1.66228605599392	1.30459133920444
-0.541048704925591	2.13069199782382	1.31386191032871
-0.631854507714695	3.46256962682889	1.84010964603531
-0.29656052211316	0.92628607434326	1.63014176082868
0.282055510972986	1.69879959172833	1.42457444104371
0.361287126439763	2.82448536119303	1.46201389524891
-1.05697914997275	-0.800308265828321	3.45136604259594
0.102079388482712	-0.416204969120787	2.18893273452629
0.464536701856954	0.698556818813169	2.57153842143186
-0.880595385945374	1.64159321618479	3.6830432874333
-0.235485025483611	0.922961516800755	1.439951726766
-0.000668553339052913	1.00134737738758	2.07599768752844
-1.68040939956408	1.12894013553609	1.30343788832773
-0.262699274559358	0.401496779648187	2.01588625092913
-0.389361987033779	1.38167611662731	3.19013940794649
0.0495979379735962	1.90621163824221	3.35251030591494
0.246426093516097	0.6172476891657	1.2747248936713
-0.588772599389466	1.09096555439456	3.11028250121964
0.568549057965834	1.18093589913543	3.33080938675195
-0.33463415186659	0.96145459678775	3.45505728921827
-0.157837101998514	0.892876103687014	2.32712502637497
-0.146229595663817	1.35212270659029	3.43338550594263
-2.44253369717423	0.90397546475498	1.17814920737583
0.258080229894547	1.25744571928746	1.92009731535159
0.884982134513049	1.03891148332333	4.10869046030076
-0.448461372569626	0.850877263754635	2.18305408680782
-0.448461372569626	0.850877263754635	2.18305408680782
-0.725055573583671	0.629593603290413	2.22581666813908
-0.161809269240406	1.44258707734744	2.38505495917154
-1.79315979301098	0.585147087266075	2.58416589078457
-1.33086336652407	0.698425424146915	3.07964576171037
-0.89641736295353	1.31782211582028	2.57573003613078
0.869112561214093	0.589497276237097	1.90389388363982
0.106231361490329	0.518540180102267	1.15669596506705
0.457526797981214	-0.151705409220016	1.23389824250417
-0.0477936911944066	2.80801439573321	2.66063506884783
-1.67799491906773	1.81111843868285	2.55978166025017
0.344682001464526	2.21671995569724	0.646294492644434
-0.167286681594066	2.0683059735583	0.952663848390919
0.110371461366951	1.45782166584158	1.15875132757936
-1.4276349869306	0.25125158661584	1.93283888767021
-1.50934539809523	2.04705349413864	3.52461359931741
0.399257246517738	1.45705113413774	2.21470290517259
0.387114081073134	1.37569427308909	1.62818590171403
0.621333642762389	0.366477887609967	2.28904316831562
-0.678306340051561	-1.65036674738099	1.59664868666156
1.42319618986375	-0.367786251825916	0.982542046122138
0.260279129130849	-0.220430740615496	1.64182362899492
0.593968500805808	0.802730280012664	3.03360484560394
0.932635893169971	3.11310824910282	2.02178085430044
-0.441776028996122	0.563171084601105	1.55205639484653
0.133507424879016	1.59939769031893	2.20633896000174
0.0939143605217659	-0.552340426164864	1.54765785546476
-1.70961053335617	1.10599697470197	2.27795710021125
-1.13582932244186	0.0804218612100285	1.31094948172481
-0.286522871367585	1.3967552427256	1.68229622839119
-1.14318329931837	-0.228667813596958	2.74378147493645
-0.290219146056765	1.46666211762547	2.65691726907274
0.503710197871	0.873401008264528	1.63458372123829
-1.18579608101656	-0.922002305626535	3.63082156432035
0.0300155574622569	0.893230118787757	4.05574939689312
-0.703485594338061	1.2548254284416	2.31376584793837
-1.73234831850558	0.196074841436838	2.36149907301006
-0.5048943530725	0.549192234224813	2.30510888214547
-0.92169730863763	1.05002226079686	3.17165169740128
-1.03466639245309	0.908351124803239	3.30148517919599
-0.612834822210338	1.27326444199562	3.78552564447511
-0.361356527260815	0.461849231397879	2.51804208299646
-0.390281573073175	1.83983199224348	3.39126407248958
-2.34049828284568	1.59696499709292	0.710391374499757
-0.867761920071658	1.94759947053415	1.92228218098122
-0.962472492426784	2.0353915149193	2.07570356987204
-2.01708032490306	1.6620792140563	2.05258277481514
-0.841770916458076	0.0415884366060546	2.84114437415541
0.328108956932875	1.46623804625522	2.20613391655973
-0.479610149907348	2.28714213289329	4.36124118873706
0.361294682995165	0.897566300576331	3.73207521211617
-1.02262239317048	2.39758877111606	3.39786453800529
0.506555296272986	0.964895367083105	2.00834530685682
-0.552040948095145	0.298694697258483	0.891674046313487
1.21813565965147	-0.0686014471816874	1.0916456470647
-1.64691148436024	1.20572570272475	1.51196896904136
0.394806189217693	1.51414363411589	2.2750512589445
0.240490403877577	1.28366216163119	2.20231208276774
-0.517049420106683	2.07385142379824	2.00260695793012
0.119870697370289	1.66646891866173	4.38563119015407
0.0258911771248223	2.33340657326387	2.9983281266379
0.772446976625974	1.72777965849305	2.3292829177229
0.269675120824568	1.23202291245401	1.86359798887599
-0.166990762082498	2.01353380574192	2.78977388689197
0.88523275926052	1.95775962434703	1.40785166475114
0.957756080451629	1.36525731069828	2.0973560801231
-0.239598790734521	2.53196980659208	2.37116798172919
-0.16159461305016	1.74325173802071	1.71557789676702
1.37538886652533	1.74655788584876	0.778228788852086
-0.513880812581375	1.40721739842802	2.59150101852231
0.546524076649246	-1.01937465864044	3.66110053813179
1.64251931872342	-1.506272507098	2.4971079716124
1.42666274571118	1.34382191187588	3.52164734414545
0.75597163186397	2.78705125113756	2.28643752106889
-0.343268937944585	1.98018297857046	2.30917414847183
-0.225833103412598	0.750347961848083	1.4157869530829
0.049246416994715	0.268949520300717	3.96313303136073
1.67689879693004	1.08240925285193	1.15096171590962
1.10765664203491	2.13830064953233	1.48110730566633
1.34432307461956	0.949119180934525	-0.0176868645955217
0.189501472629991	0.514702161717136	-0.332617015202125
0.529603337628768	2.00527913756681	3.54569388318742
-0.399116730253323	1.01088100628391	2.7369991718876
0.420861005715275	2.95604574015696	4.93183496000467
-0.698721361750927	2.04927339888369	3.3447279979861
0.238709105277186	1.08395079528405	2.95305166450709
0.611656127973595	0.101761431864828	1.04706927371473
0.560073749068912	1.29607718819887	1.19087381698174
0.547002285492262	2.8986572522785	2.92534771318119
0.798014610501546	1.74005348333614	2.27216936039923
0.62038993276983	0.868806086228966	2.28451822768787
0.652865353070833	0.813639186855918	1.94367831059056
-0.752075606700724	1.53230896013583	1.7409470951119
0.925478026345138	0.224359290935769	3.14312553665645
0.8258354732193	2.91877376185373	2.17723697906128
0.872533038562232	2.22005519657555	2.07372054643575
1.85596161213859	2.23930504031842	2.76507026764242
1.4521445153804	2.20779248165426	3.8195457081233
0.327677791233467	2.03903245907093	1.9103798534051
1.61027242672656	2.37353339107929	3.23086893571378
0.786908487032382	1.67523207059657	4.88948208695899
0.640196834851584	-0.248782723158184	1.71175620206915
1.18128417140767	-1.39755692432043	1.19264620406999
1.38989927639175	0.370501291095858	-0.724499516259226
1.80233178150837	2.34146105711081	2.60846317533559
-0.0585501149098633	0.858405402392694	4.56196803579523
-0.090577061548105	2.46585223201735	3.0914561021809
0.423244165738666	2.26071247903159	3.72802336807983
0.550438931863136	4.07208715390122	2.24500739860351
-0.0146537372642698	2.59034717063466	1.80690555649602
0.78956803839169	3.18899419354737	1.36804433055333
0.0387102626225445	3.53326465381032	3.23868589092059
-0.0894177096304601	1.09803515890627	3.06681812648895
0.372172742945401	0.245535624955901	2.7374153551617
-0.192801783114958	0.805293384863214	1.51317858196634
1.25167778784019	2.64955281750766	0.963944155911179
0.0456331116966071	1.48379212596278	2.8124256591301
-0.0427134959760399	1.48453914737997	1.29081298201098
0.780398628187073	2.32977724392662	2.27333172558471
-0.0487219846730599	1.28667858459665	2.34388776319156
0.0697100042277959	1.88967831054403	2.33950826811775
0.855390455192724	2.34528080419204	1.47463465477445
1.02157484578273	0.880116292366773	1.44251555092088
0.583276677246376	1.82154485305799	0.768489357952813
0.129835238140543	2.40594921640806	3.64735326946213
0.434189433001795	1.0997735993864	1.89080091560044
0.177249277116914	1.54178399022397	4.03927924710145
-0.341280632603841	1.21112555214238	4.13615203425379
1.35545488244838	0.233564632308233	3.27110053216197
1.63292411781123	0.483719805479053	3.46865705166386
0.341722415714972	-0.0480128839117496	2.62664548333821
1.36629070421657	1.73947338483732	2.2986502043195
0.717356058296415	2.83822081837225	0.989966590330015
-0.67780897072292	2.18949597243574	1.43279340339147
0.628989026327622	2.10797188057521	1.10483512120635
0.701104407563105	3.32478798601242	1.80831698527061
-1.42563104799436	2.9129905154176	2.38466188491827
-1.16423309695674	2.72133618982658	2.61357706284916
0.624049836258365	2.98201416974083	-0.160318924169807
-0.954883394775242	2.78455381213493	1.71174705740641
0.304615882318136	1.18625543101027	1.64626522849181
0.930067646912506	-0.57871172376265	3.97348653525476
0.290980120403499	3.16006310593404	3.176991837391
0.0769187469173385	-0.622462786455964	3.34262137373552
0.0916260019689329	-0.252472264029883	2.69227249218924
-0.521308456356751	-0.10680097068475	2.96696147304598
-0.456005234670177	-1.53953779562266	2.62768531483176
-0.957070237177897	1.22213574912983	1.93763801397334
1.10660427096391	1.24848164897189	1.9792261005636
-1.52527647241449	1.24648602394647	2.30674189733433
-1.06850734572896	-0.266176753742199	2.21636927449937
0.10853182840765	-1.08176853837008	1.94893149018197
-2.11707251532872	0.0213473229235057	2.58966105308218
0.369959746789187	-0.888462579622787	2.18992523462752
-0.763715664619764	0.0677520361462476	1.82110461593779
-0.799346968153189	1.54863511831174	0.894933221055364
-0.426207833621711	1.65929418276791	1.19191434719973
-0.534860613582473	0.861998542639141	2.94000573248982
0.596000676348253	0.700543570169591	2.7308028271017
-0.487511128065329	0.378620111456833	3.22685611392365
-0.283223715895615	0.612599585735582	3.4043626735841
-1.37383692694895	0.609687727319234	2.95913584549098
-0.153747960514812	1.77367125844071	1.8712271440982
0.0595141819758432	0.943862891632348	1.94436362361384
0.0595141819758432	0.943862891632348	1.94436362361384
-1.05405097882902	1.32526221925247	1.14588163715695
0.0553698614505989	1.15288090126503	1.24128448381675
-1.18424042541028	1.60532859605716	1.78497722399702
-0.392788645089491	0.782870003550016	1.60726152806401
0.805984204106394	0.797724431820235	1.27641872345846
-1.21411367844025	1.84793969335168	2.91980291579134
0.000426112805590351	1.63141308874276	1.56114810804493
-0.246173117390589	0.209633867768276	2.85251313258223
-0.166819953189664	0.260368261832625	2.85679482414027
-0.929481205578466	2.16103985416009	1.29150799244995
0.70169381092391	-0.0771280459400358	0.760030180219729
-0.750863701639159	0.565907279593586	1.94932922724359
0.0776008102315986	-0.667235559185021	1.22457350581838
0.410005760091044	2.78238806815592	3.30422663063681
-0.301613538189002	0.83874653973935	3.10999106669216
0.386391111956993	1.62921035774399	2.77604892548005
-0.230296924318636	2.33635667651505	3.31463417366673
-1.04800571512274	2.57410615626418	2.21524711512911
0.524004812014127	3.36233286599493	0.614291881419923
-1.30829169924635	2.82138797434165	0.117741191759164
0.60691375997083	3.48522493348732	1.60946314113667
0.510878665409794	4.04380269183686	2.38371334885921
-0.115020811111111	3.91095517828116	2.41976403173054
-2.02679401267245	2.43957160226671	2.32168194739841
-1.25461286180618	2.17239352548038	1.49581448121778
0.560061067567656	1.51777226710111	1.23832283705931
0.347241651657669	1.6789047921476	2.41347762358195
-1.20826820182367	0.733931772078407	2.66856719719725
-2.07236242407064	2.36197595214021	3.87645262781995
-0.731892597798703	2.30566793788141	3.54368673839797
-0.443430164768523	0.763050474414583	0.903240811234102
0.308600661342584	0.619526212305277	1.10753821697898
-1.365401918658	2.11803498609003	3.80271253453976
1.41678635049743	1.95046070938369	2.60548754898249
0.87248674672608	1.77710193520256	3.73572153001058
0.159054349458042	1.52427571416702	3.30777568629865
-0.122352323615341	1.06178640101181	2.5754422825958
-0.363840081984431	0.0244724124452898	2.90257261314834
-0.534739338191842	0.499961450749564	2.71478625463396
0.584612661215996	1.95127513594527	2.33691506743072
-0.0925462212466037	2.23628084581243	3.21864833707607
-2.2865330248323	1.22405880521969	2.86428112552189
0.521101674936627	2.57851607112933	2.01755601575717
1.20937049591377	1.73714233572582	1.58804732086113
-1.19846049370678	0.958470984033813	2.23646552984492
-0.219670978246608	0.233256421394321	3.77088119747895
-1.20022528244584	1.06939849581924	2.10512064419446
1.06339644708844	1.14177837308451	1.46503526856926
-0.453057819831283	0.948213437079682	2.38049342842061
-0.392076258541415	2.73080902073954	3.14410957659652
-0.238769606777741	1.17992054262388	2.1408386304928
-0.386637926162945	1.71865513381688	2.24454713343561
-0.256268564511351	1.72240977194213	2.78859954398212
0.181124561248084	0.159615896613929	2.40490215604031
0.277590501702262	2.45018010746924	3.93396253370185
-2.11920258426985	3.17612126051956	2.3188714512133
0.517751502165545	1.79800504314396	2.39031203015813
0.451126067644794	2.06454972766432	3.53077932669126
-0.820899404378485	1.4127323070473	2.1941507387251
1.83460842925476	0.481506013224928	1.39271724852239
-0.636700608148833	1.05500193539962	0.874106517851691
-0.387772169242728	0.0317850463444711	2.56245617403265
-0.283391007234748	1.79946661740651	3.198503418249
-1.33996548440087	2.17211579746958	1.53262380898324
-0.539733281996816	3.04700868804705	3.08505452513971
-0.278652812710077	2.25077223472539	3.40900083070307
-0.173265306029395	1.55507358984644	3.23339506433278
-0.536167218510104	0.522349536159603	3.4740576219618
0.153741988619927	1.31331662098445	5.65333996781639
0.153741988619927	1.31331662098445	5.65333996781639
0.153741988619927	1.31331662098445	5.65333996781639
-0.698115170214237	2.20130699118483	3.09250465580708
-0.130162224764311	2.54149301281879	4.82930582861447
0.012608800657699	1.71316415084558	3.67065209607917
-1.06808863258691	1.59520190808816	1.34760094181977
-1.02871671741292	1.65369396789299	2.68474599812516
-0.118901425075287	2.27508272553905	1.5390184751163
-0.246302349518026	0.933008323928453	1.06117155492391
-0.132673258904606	0.867341685129996	2.06010292885056
-1.25378024941648	1.16270391226911	1.07749748893395
0.233149577065812	2.29233765796062	2.4636600713983
-0.250248186559084	0.567446026629863	1.26369429565645
-0.637359787299678	1.02962418480384	0.971727992152092
-0.983621605297237	1.10542963773971	0.844195897748993
-0.877837448807575	0.699761751349316	1.9559935767839
0.333428652205058	1.69984294289491	0.50564397417919
-0.736924794517506	1.57499869891662	1.27705007446077
-0.915613361883127	1.41265221368366	1.68663443909614
-1.111859780724	1.61631298955404	2.05873551229641
-1.58664098614241	0.985162238467721	0.190531303154612
-0.607986355044555	1.06038360024951	3.16728802501134
-0.11105528955717	0.477988609509749	2.36418374733136
-0.3584128718763	0.586440399788432	1.772479711259
-1.9741979209391	1.82715676116677	3.16501712643783
-1.24826030568974	0.819353422931165	1.85694994350578
-1.26432534768317	1.63246409673048	2.94500508489382
0.707901369983248	1.08018547754086	2.01669191002642
-1.30897887323384	0.609872984740784	2.83019665299557
0.335003629095031	1.75144611161778	1.69084016164216
-0.151529446688979	0.283115032923997	2.9825850313711
-2.30002066690783	1.48618375136633	2.74393173640434
-1.45007905839423	1.00710633066339	3.56079297438623
0.347516683443164	0.629232634981424	2.47242561776053
-1.01866000117605	0.133525175228419	3.00346955271713
-1.59962421349085	-0.23468326320593	2.29013563366998
-1.57728080148686	0.357522793010444	2.68852200376023
0.273521458009333	0.804734551240118	1.7752517690091
-1.79959105119851	0.961134104427742	1.89951492607901
-2.34271432935298	1.55929687060578	2.49933709090036
-1.72989561841844	1.34159085311983	3.10120421170369
0.207897791648102	0.955017210312635	1.90968151111577
-1.10731387594055	0.354304097069039	3.93442307485065
-0.0415793640902217	0.886660735761786	2.80194742294926
0.0693815961090162	0.243518057610616	2.35778520856216
-0.972038598918433	1.43063389076451	0.160745172868601
-0.686657904844887	0.662128495651128	1.44813988533921
-1.24926187521005	0.642133734123828	1.66373082055484
-1.46869478404888	0.695567232469989	1.74889231613867
-1.74922837451647	1.16677792095398	1.86763075844981
-0.141681576914117	0.420869488927523	1.58507375960121
0.322424841172189	0.797082816633344	-0.2293225499355
-1.40712577270703	0.632079743731883	0.17254719992989
-1.62587269010805	0.720356572662355	-0.878398030739174
-2.25429304218283	0.966701273089959	0.779815527252444
-2.07230099905292	0.449475790549562	2.54609892547683
-2.85817575926411	1.34777467741601	2.57230010426641
-1.34656220166928	0.00614939006259174	3.41110178580257
-0.870403483780229	0.892300559343699	2.03096118107966
-0.400522563559012	1.63859293109167	-0.00846504801224629
-0.951482782751378	0.355998841092463	0.628284204793283
-1.04312588204183	0.495675262742574	0.184029333893416
-1.70192731798042	0.0199933744408946	1.37624445150546
-1.63024807570624	0.197803591506436	1.06100354423643
-0.96802367182967	1.21065473984331	1.92814364183142
-1.29271876910208	0.87452484287016	1.01115837935922
-2.77481436188983	0.61812498528074	0.806441443432343
-1.5419244480139	-0.133509295513814	-1.21425333851014
-0.204455400777377	0.408865394550927	-0.783313256482321
-1.19449304100225	1.1149643980203	0.856891636601992
-1.35324961873982	0.874166548379488	0.549598339806359
-1.15499656237195	-0.111680446363574	-0.0491442900301919
-0.830002977233838	0.324124011519684	0.382781551611901
-0.0723510010053978	-0.148892006343807	2.1431535430879
-0.997486179225296	-0.101150121940119	2.46887778494033
-1.08480854551763	-1.29277191805949	1.73791070436798
0.659360401876793	0.261314998431266	1.66036251048573
-0.350881734135122	2.90231401501013	0.0774952350981338
1.04537308559286	0.0493411793643158	-0.436159225639635
0.0208980064952036	-0.278079442633199	-0.434038822503623
-0.493236409508514	1.66264583755305	2.04464068684671
-1.67843186278548	0.511427160021655	2.11872518515475
-1.14493493441806	1.36329184852228	4.89762641247538
-1.71614657914727	0.414280451433329	2.90734122882065
-0.21122754107387	0.794537003205064	0.395323629039236
0.660276329900081	-0.260149795576259	0.134510451223551
-2.51472004195043	-0.436984171963687	0.571320217990305
-0.0230234457210659	0.0680111487048415	0.257571243093041
-0.402543307627837	-0.59246277021565	-0.652922091647034
0.701371087260177	0.0949431521761043	-0.649333567108641
-0.841440330894554	-0.334183386598556	1.9499933248404
-0.788163293759295	-0.296443220488474	3.10354543869911
-1.67457031681797	-0.245531885025884	2.38750812111085
-0.151688499377045	1.79375495916021	2.21180104291149
-1.07058903867797	-1.39326855112356	3.1215959981659
-0.232461117238805	0.00123981618321935	3.4052925880171
-0.933640490325043	0.904735513209326	3.53238512012729
-0.940152090438477	0.350954957134172	1.95230541423743
-0.990364971810976	0.00592433965202888	2.74241059618314
-0.255777528958342	-1.1368066892936	2.38421294898867
-0.360015499378377	-0.875722795728829	3.98303791828693
0.1741630623155	-0.837029293608336	1.59009801697783
1.3025091875108	0.124741850235049	1.12081987530605
-0.0395458562179638	1.13039582143884	1.99395389741095
-1.56989098360495	-0.692796363172571	2.36683667322625
-0.488639500429926	1.30117679354712	2.02200015184478
-0.498066912972615	1.54276577372511	2.19469406856592
-0.143142138605742	2.26035917751549	3.61775888081721
0.241056887731288	1.54699052515892	1.81477489550598
-1.87717553687742	0.787161022089232	1.86533992258983
-0.300325506638581	0.948581135001213	1.05063179830064
0.365395354484155	2.11117396022681	0.925631337870805
0.335411973235623	1.09149320046799	0.674877041764952
-1.49036679186275	0.938278442642708	0.431926865875522
-2.86829699635611	2.44088145240382	3.21747836585658
-0.831330967508004	2.91323989376435	1.52829390246808
1.11876765302674	1.22197293467309	0.573333948693642
-0.291040019089394	-0.0709649424514678	0.0116513980470102
-0.611744851141849	1.06844107341067	1.52743482263426
-0.710296500072294	2.43425438870123	2.16861789961824
-2.34520037383253	2.86363456259348	1.37514329066161
-2.48939137369174	3.40967303101859	3.23466068337206
-1.74046986265842	2.21487141307411	0.815091541981322
-1.41501137381185	1.47005508631008	1.30199657406812
-2.06077427118328	1.74424862680137	0.780101362529226
0.127474553021704	1.36625065195737	0.176902076172928
0.768016304258077	1.99298025188311	0.875169158365608
1.17284487861701	1.7158299841587	1.1366328025673
0.203381197115519	3.30572176189059	2.23920151984274
0.294167630228226	-0.334681123561283	-0.107844170117347
-1.86462027031609	1.32326036508329	1.78559627802558
-0.171105369912488	-0.913452328141009	-0.0362534104306556
-0.169583166470634	-0.216742569879247	0.515991736705716
-2.24743506224448	0.126830689558278	0.241033968848964
-1.45784424380669	-0.261800661262124	0.266314761164896
-0.94500105037657	1.52658625239749	0.598040884673217
-1.02791280941528	-0.033115755131454	0.536560648528362
-0.641919262098805	0.143560609891051	-0.34559154415672
0.216035833305127	0.940747327308046	0.253169203218902
-1.24833280192157	2.07345068694097	1.34221902959908
-1.08043386716702	0.174521502720178	0.811703318879036
-1.30388722292451	0.554007038745765	0.571518979795543
-1.81405750892376	1.63269089691885	-0.443490972720052
-1.48134066002795	1.32220767773752	0.54244382762959
-0.802207112525368	-0.594045321419569	1.54099404239767
-1.13064446818346	-1.219842985062	0.677007390547538
-0.0149622406725037	0.388824504879412	0.063077062768491
-1.2345235331145	2.54859028921456	1.81088880905184
-0.343078905540319	1.02942178709349	0.112494654754464
-1.36777534213799	-1.10273447451329	1.08754113720844
-0.617906142278228	-0.454789969577978	1.58824261360793
-1.56866733829997	-0.718389911603786	1.65745463591844
-1.49583145046994	0.104524810366876	1.21299088627211
-0.924006410124851	2.66496006721146	2.28190227132806
-0.689652478482632	2.98114272021863	1.13635429636055
-0.884836279085045	1.45911096554969	0.0286975720173931
-1.1104906586365	0.884371086192008	-0.1745280387774
-1.47351526206019	0.337115960398483	-0.126032449286853
-1.63693150389178	0.411071427317838	0.852403570859827
-1.22682463984895	-0.377927121219485	-0.0158827843131508
-1.09316468195244	1.42631652846472	0.0670893270166353
-0.498024072097533	0.0411412763977619	0.773070215276546
-0.747270730398569	0.76191770810887	-1.41186451540759
-0.333894712182694	0.121782839825376	-1.03756820069845
-0.805404109537308	-0.704197974133948	-0.823352975390572
-1.20906033427202	-0.0042703904469637	0.183328679515499
-2.23730351772326	-0.310023267980935	1.22452695248312
-1.35731433074478	-0.905975146274885	1.83119758552342
-1.30370979802958	0.365763172825669	-0.299739696641274
-0.823019393891209	1.73442358602052	-0.436492062976236
-1.26028620439235	1.31607393247562	-0.177497419248542
-0.930673516767492	1.32137985363502	0.527994446872449
-1.68291546655195	0.955847738824238	-0.213630033283704
-1.60575062717369	1.26331383574443	-0.0259632636809982
-1.11618358961307	-0.419377591122081	0.62419640357118
-1.38611918414922	-0.429101253468442	1.15997046236068
-1.48222153824354	1.69226018198418	0.80551265023938
-0.0482592379345038	0.850699176484116	-1.14893512206433
-0.954214244209475	2.0064272404069	0.498683669515818
-0.582559530408816	2.36281719787403	1.19316598604356
-0.695053684089967	3.13294333354555	0.983299440909935
-0.786726894007903	1.33177244879557	0.363465132868411
-0.999775075092235	0.760365180046806	-0.925582411085541
-0.986591628480159	1.85920705856196	-0.453635802852475
-0.769645714069461	0.99284234154541	-1.11070329974829
-0.523980920154221	0.29482210928828	-0.618852934906803
-1.8029231527776	1.12956084703826	-0.210301331581043
-1.69555197579991	0.553066818536995	-0.940835281750287
0.0271143126392622	2.82818387683852	0.146897323861095
-2.6404441601094	0.467863255008878	-0.649597651842842
-1.33844859015895	0.974681845901948	-0.0910297698350518
-1.8656260470938	0.179927877917535	-1.20809653856563
-1.15028557147545	0.0712466509273724	-0.674445142924543
-0.965509444313046	-0.0892573604593436	-0.599323887840647
-0.896025059592112	0.948396873665239	-0.345585156969468
-0.916025828025972	1.29504502122264	-0.302638589618065
-1.68537226033344	1.49273655579308	2.59926997647416
-2.23415582117332	-0.875670256294426	0.756408203000923
-0.514869546978447	-1.62924826858934	-1.526077747309
-0.733124882263016	1.33860365771282	-0.506562575335631
-0.429685242800997	1.38284412230331	0.109744452364896
-2.64628708948008	0.355874208852544	0.634749770202399
-2.25494836489205	-0.276196923586202	2.90172898679872
-0.057618156863161	-2.71907830627993	3.28317916517996
-1.53031923325603	0.67010093495842	2.14157699481908
-1.83455421454167	-1.10839352239788	2.46961446398006
-0.312537012762405	1.48492634122612	1.59849925904278
-1.84583427105676	2.02435116943291	1.94137128923066
-1.0717599942784	1.91658090257722	0.716025647079162
-1.80858617276193	1.19059577726658	-0.597169693698865
-1.00932248779677	0.192230200711791	-0.64436276661587
0.0503473729103209	0.652514165267961	-2.1397758776783
-0.614286236591628	-0.954367550787296	-2.14972766081752
-1.97570835475467	-0.216320307363283	1.71637882763623
-2.47513605307457	0.0730006228680531	1.88976096799916
-1.10578301738439	1.0028575173287	0.588646740641196
-1.82126643848855	0.39162990511046	1.40196275223332
-1.03065202004213	0.913812442716172	2.50252067946136
0.0647214371182018	0.719862462535465	0.988645870534878
-1.80031598156247	1.61708384569473	1.43816504534293
-4.06218084288711	1.48375727989278	0.800688457622778
-2.76180606198796	0.671076356501901	1.35387675235388
-1.42724765304864	0.47324443777714	2.03761562040727
-2.19889953763753	-0.0270708194064528	1.36751533653043
-1.67134098320269	0.530569250882719	0.00129991586165251
-1.46820974970389	-0.129371747365568	0.644735395230739
-2.27829758654691	0.152468791384368	1.02032928902687
-1.80888943375607	-0.0121972971318376	1.90610392526783
-0.871688836812443	0.123652529684339	0.297110754965747
-1.74107577903354	-0.169015840294161	0.286055339560894
-2.15332468180391	0.5194293423033	-0.10034428583831
-1.56560385838556	-0.0620675085283671	-0.63617906059108
-0.867232817735308	-1.06883752697233	1.14950844874241
-0.974444403211876	-0.0883684496880651	0.356508956919318
-0.974444403211876	-0.0883684496880651	0.356508956919318
-0.985468942259849	-0.384852015033187	1.0067030868259
-0.760814485618291	0.34583169931139	-1.04884877133547
-1.06721785250223	-0.210440910866101	-0.808137556886299
-1.08224387384308	-0.429431434326754	0.371920374526681
-0.232371756896098	1.23806016155302	0.392742746563503
-0.980823573472557	-0.525533154345809	-0.0965648279072286
-0.712692474836278	0.410594605125436	0.375606487776491
-1.09359705399233	0.539228189422908	2.45584155250937
-0.66733974494936	-0.819789860441045	0.131100643623388
-2.15554598255622	-0.0955593704629164	0.703107234519524
-0.753426670297691	-2.09557322840786	-0.526620490596152
-0.558862590707924	0.201619896968324	0.34350115018471
-1.74628723860244	1.09577737318901	0.566772949348964
-1.96281847443161	1.59365158064901	-1.9962329024998
-2.57313262729794	0.527709995212935	-1.52214488536092
-0.629094169977388	0.334130761202013	-0.810180345140496
0.909045965531071	0.233263114665449	-1.4336832776443
1.35945375146581	0.0297131102785612	1.02302875742162
-1.36439531806342	0.84448822595714	0.98355231211527
-1.92941119635487	-0.00140121212492481	1.74018011084316
1.22665600498493	0.332503818447695	0.224604759383498
-1.33111832499475	-0.188839587250266	1.1468859793002
-1.37432257204057	0.496194498009412	0.448711489511727
-1.52936175177356	2.47759052449451	1.71547488326259
-3.08352714696643	1.20452693608173	2.48696090307574
-2.68376072122327	1.89487706836812	0.958882198954115
-1.6211820815749	0.596597988189228	3.22643120319493
-0.867888101135078	2.31212792986318	1.21120945151605
-1.03000253385713	0.884739822035226	0.554682867053708
-1.18011340890706	1.96140980629011	3.63980878781364
0.200471628308797	1.37496413229224	1.85316526155723
0.305050183647135	0.129711880001605	2.05127912873429
1.62236289754538	0.355097988938143	1.69479737962409
-1.12901789540672	0.237625660399589	1.77273921316921
-1.50640672647979	-0.982734193446025	2.16484479610276
-0.596184381225173	0.130121629787129	2.18369132298057
-0.658516161904604	-0.155684042953281	0.996541129450672
-0.583011395196979	0.538570350356248	2.63066718126664
-0.0677646982380185	-0.143312829844838	1.76869978418176
-1.89559580346457	-0.606016499189115	-0.295412053376776
-0.32162561376194	-1.34393736060619	0.878156541762158
-0.77852550253018	-1.02795147617376	2.28515076142639
-1.38618802821992	-1.17597258764639	1.06958839497125
-0.182949004111938	-0.0857098916216633	3.31299566436143
0.126797240778068	-0.855690574292281	2.89963423408314
0.295853975539103	0.63167968081013	2.08536927442658
-1.57090927303427	-0.370594313606097	2.79704272749186
