1	1	1
0.21130022905298	0.431500370722374	1.39566336610938
2.32773926108231	1.55368374313382	1.74062399399231
1.43072008696343	0.284409325494531	0.749350711532688
1.26272221681779	0.207860578553276	1.94970111390572
0.569330949206364	0.490147697509656	1.67786178723491
0.151366000842534	0.402274166242094	1.9384637589616
0.451494403910783	0.413037991683262	2.5528355356077
1.56465647337993	2.09927806984165	2.06732670995532
0.893052096115248	0.872161476373299	2.39681647155365
1.1639175882681	2.34365163889001	3.70119113277449
0.871910876753807	1.21642143754501	2.20549688095035
-0.924368690424729	1.43727623387438	3.30226951942655
-0.666398074164078	0.438764752835462	2.05396255983628
-0.593592228882252	0.633846399318421	2.99393612973708
-0.831597106838116	0.95402068556167	3.06808722149195
0.35549445426939	-0.49593857022399	3.3589299188296
0.783388132393115	0.196960737448709	2.59093811415159
0.928992775273678	0.104614173738413	2.44068221296013
0.0893329051813501	1.31775782743762	2.9674978406949
-1.11659786368448	0.607408030692588	3.05512167323662
-0.128839388735259	0.64179347371285	3.07672766069527
-1.47235627514836	-0.0800825360214015	2.20000716701473
-0.928143317504713	-0.295386260823141	0.848507727029616
-1.72126872449219	2.12909731186037	2.68957289200455
-0.740512467634102	0.501343642867802	2.58469978253465
0.620946371903037	0.742281423458897	2.36010995892356
-1.11695477770219	0.830279341696904	1.98957011044014
-2.1147055928555	0.929699359275279	1.93000166293126
0.0734803386088703	1.65753633835966	2.74733448091883
-0.74978760961724	2.02076432301428	2.56824454267101
-1.51049349691361	1.1674607877345	1.02995552597301
0.00524236126602021	0.25602029107432	2.49735563984633
0.740873102199586	0.884134573805829	3.22844965923687
-1.62163952987741	0.40088429459928	2.53912624363759
0.280445056538826	0.257998688188898	1.11130223600103
-0.358593450961532	1.30770148146378	2.74594108306431
-1.32089602191668	0.813583963692955	2.45080821818864
0.187736386202137	0.661248623356068	2.83340742604783
-0.12276954307521	0.169759610684614	2.75187255139064
-0.359529042777445	0.645572464018044	1.99459176953241
-0.724906090204897	1.96322911663353	2.65873652229455
-0.195718613014052	0.964249816291714	2.19060881019227
-1.14432832127014	0.558960211948834	1.67216325770868
-1.30415683459745	0.823540299332594	0.467568422538364
-1.7285028112331	-1.33972845914827	2.27405759288037
-0.862405727968527	0.901881714298357	1.92654420508897
-0.547684842336117	0.148982560669751	1.66456156956319
-0.698602230239288	0.529701292796515	2.22963612556346
-1.07033596249774	0.432832244819169	2.53553552387665
-0.22414076213622	1.25890357333586	2.49860308415716
-1.06126008966796	1.08538015758722	2.53397681309727
-1.04879888994097	0.959443771866648	3.2967809013056
-1.26772799481139	0.965125099247768	2.66410844060083
-2.73231368283637	1.29482697594648	2.53042501116156
-0.612820847117788	1.81855728965275	2.46423528473288
-1.52155233037413	0.500239548841472	2.61059845293544
-0.674633111953311	0.325910699687658	2.03361987751133
-2.23748252575849	-0.837442572494161	1.70180105019002
-2.04498208944051	0.693309395932651	1.82767880123871
-1.28044440660468	0.549809669010995	1.51610565613276
-2.14995313778002	-0.501890915404823	1.65795803689808
-0.429028542944656	0.776509379050237	3.32157383773641
-0.46494560757178	1.18979019343797	1.57197878393765
-1.63377868743018	0.928259552120794	1.01153144701973
-0.259586440625657	1.56724323207124	1.13780130754237
-2.04048100572954	0.408652155890878	0.494939751337539
0.191671324800414	1.26259274561056	2.03951721468491
-0.532656965036417	0.272039573529038	0.462823428723374
-1.67830410972503	0.598877094957634	2.77453863300105
-2.19950044886357	1.1065708728265	1.94511877008174
-1.83829921927364	-1.25508356704781	0.654254473320653
-0.399967620991998	0.833780009444822	0.943326885167471
-1.21625917627615	1.19265075484087	0.996708025387753
-1.8796913065607	0.234998100933215	0.396553675270324
-2.12414721438691	0.13780269268826	1.30232772618332
-1.72732115717263	0.483406763281889	2.13249318236186
-1.53115706345737	0.146820211321888	2.20877908076611
-0.943182249145893	1.7413628816609	1.79107150658158
-1.14008710169783	1.95910177504137	1.36288704327134
-1.7630862822082	1.04089504369885	1.9021173548781
-2.58484357414523	-0.236392928281356	1.95374803056652
-1.41166239422491	1.06562518425956	0.797493153227907
-1.09190262353239	1.45469811039272	0.878880116938284
-1.43391589906107	0.389075105595296	1.28055654475301
-2.08741241506486	-0.304943237003298	1.63148442278717
-2.14478633734861	-0.19494007019608	0.0935447050004997
-1.61060420394527	0.0239815317838111	1.86056748076105
-2.90112639586974	-1.99277242079061	1.5173533218179
-2.09074080974804	0.0309708442679199	1.58146992077327
-2.58347920660539	-0.330871847782742	1.34547076913895
-0.588744177628275	-0.258751797642709	2.18482863853563
-1.13097891784418	-0.730508189351874	1.34138826001687
-3.8136687941671	-1.38584876725683	1.04498237333149
-3.0692995935547	-0.806121780326809	2.42684769214476
-2.30555457702531	-1.55315835637198	1.44518239103687
-2.51908817140183	-0.841847646463448	0.650288000453257
-1.39911944513226	-0.307223255947879	0.390498831410499
-2.4757417957069	-0.768985400034348	2.53978662338015
-2.04144253718408	-0.299491937409323	2.57828992147798
-0.868619771095657	-1.28064180078029	1.34552783997588
-2.00163015758076	0.00850242372889759	2.2050231119429
-1.35244357644752	0.439024883737701	3.08645421447781
-1.14048811615772	1.41847294745838	2.57640633531342
-0.876788842752699	0.641257466087751	0.0991135126936902
-1.33266858219069	0.683354747563703	0.77575900013517
-0.630151777996064	1.31838337789401	0.980588320819189
-2.08882135812351	0.415663365736298	1.82519049839045
-1.18200131652036	0.448884506871692	2.45674966113418
-0.570593580549675	-0.0134110932507456	0.937356511216723
-2.60959742980173	-0.721569681614144	2.24229555175691
-1.52338940932274	0.199512700949208	1.52779056092497
-1.81929626988489	1.05456632925175	0.900798446298228
-1.56077983327226	0.446281108186104	1.96436034140723
-2.25102222542191	0.281121165848997	2.58151262298538
-1.84386316397992	-0.476377787272107	3.03350024754644
-2.42023531317078	-0.676526456881507	1.35772915034064
-1.67301479869408	-0.00133909115331449	1.64960253137991
-1.08129089718638	-0.822109929127124	1.35557491307709
-0.192285643899276	0.972451341935762	2.47893608323691
-0.308350950846557	0.874053778169447	1.04366742487097
-2.23577668542357	-0.0199932293572428	2.73384152509991
-1.77805421933315	0.716331692549571	2.51303586644258
-0.690293833774243	0.696874548867247	1.40180893266068
-1.02895763734591	-0.244676720435295	1.3558090707527
-0.474853607921774	-0.258876497790238	2.23075103731717
0.268178931084254	-0.103963868862255	2.00274387115831
-1.26893793205201	-0.49055909695009	1.54152597979444
-2.11168661773826	-0.889450797605451	0.735243759890989
-1.84724684799203	-0.873685462113317	1.16365456373705
-1.53030042361845	-0.0338449815044841	1.49398621230602
-4.30204100960644	-0.767967101664542	1.38711176260948
-3.31132197850043	-0.014443189818772	2.07726826454431
-2.85015691792527	0.0924432854120603	1.4478267078746
-1.61224303658366	0.961415432787954	2.43406684365594
-1.61706460054013	0.385275965148396	1.52501378870682
-1.0252450026605	0.79696053307672	2.36688204429548
-0.47217667813979	0.479556590149019	2.22586233519065
-1.09851654504481	2.06018744983452	1.47551839472626
-1.16343302323893	1.22884465864203	1.35387264872611
-1.03220778275421	0.581447837614547	1.50768018683634
-1.96319424929174	-0.378843891271696	1.01383500412863
-0.619568230553208	0.323799473715233	1.00662274186095
-1.10253961415699	0.158365587385756	2.18669419052638
-0.688275989688397	0.90744677641161	1.09279926445691
-1.91318534974764	0.798634995229319	1.21735859923638
-2.36156834937266	0.390668713771051	2.76402521523919
-2.01605568603039	0.495369417416071	2.01318251503314
-0.196542473495908	0.456686173141628	2.59515922816519
-0.152925578152567	0.860545582098468	2.47987075588647
0.630736540255403	0.54632933890709	2.21838565135919
0.170252292560786	0.116897967837742	2.22141171584022
-1.18897562662308	0.734000468838743	1.76238669741325
-1.77531409493634	0.911299225314163	1.5202036874151
-0.97037914985351	2.40944434407124	0.990250077517826
-0.769652643750679	0.963395289615809	1.43899808561273
-1.03334632235325	0.0782476077612143	0.941481364012161
-0.894881487818714	0.2570579208651	1.00105019889613
0.674646664366317	2.63912363990558	1.02106504425208
-2.40642642556629	0.142469659102046	0.0417172665504925
0.104948826338405	1.97548512219752	0.99129821931782
-1.0174048688161	1.59959369342473	2.74709238195684
-1.019986590946	0.315783385559323	0.797873668556149
-1.41076923361976	-0.146827445611616	2.1645756686677
-1.75956351934365	-1.50617647608449	1.06876241693282
-1.08545527511854	1.3511503668984	1.3812330010389
-1.86744897662496	0.134399031305561	1.28925940155262
-1.17784408432103	0.589669085800961	2.8869917150215
0.145676890356165	0.78400569176837	1.94549454379026
-2.49603524680528	0.835371043267498	1.6065847320902
-0.838264013158133	1.02936843969187	2.16771614292555
0.134164323005767	0.117542806889687	2.0595988030592
-0.941396306745153	-1.14750056301624	1.84003559642727
-0.286264114563554	-1.25062074995528	2.56579098299555
-0.744292716222284	-1.83010739814653	2.00594804312423
-2.66628064812678	-2.63912415916772	1.52347016135073
-0.764300674699629	-0.579211479489089	2.17836112658132
-0.209463467152079	-1.31613920550497	1.49532776690202
-0.458359159999633	-2.06966318914577	1.79634319357477
-1.01224067622854	-1.4060616037214	2.06239383925534
-1.79925512641866	0.231098261611045	1.34372708449633
-2.12287928429558	-0.347073065616331	1.32030199913173
-1.11345546194977	-1.14999017259813	2.45687903953282
-2.12513881785257	-0.955644887828438	1.97109614839688
-1.37770866116049	0.479244741595347	2.37776288392808
-2.15744022623518	2.47937221310371	1.11572773220098
-1.88713603909272	0.699779242856507	0.63158981754202
-0.579261652689737	1.32171495109941	1.90803787984918
-0.743589170183983	1.20897538834965	1.26947562592162
-1.33142772290571	1.11951113421936	1.40050458787911
-2.52199781817053	0.207481781442044	1.30858493835522
-1.52284283723057	0.0307557604567296	0.931868528880829
-1.88766909644686	1.14189696204552	0.431574302706825
-1.00400275243511	-0.43104852540297	0.767960725037949
-0.996483007206742	-0.537369156164265	0.499163926324698
-0.925637722276029	1.79285142987322	1.06447812324353
-1.71450241879214	0.316448071612807	1.16217091950476
-1.72464136238281	0.227798225122645	1.1630183142232
-0.539638632233816	0.144842066478402	1.7156232274334
-1.54237842824026	-0.418057067630955	1.17509567929595
-3.07052422398227	0.0571873679125117	0.967113490690021
-1.62752798923376	0.809469829808498	1.2459125255548
-1.41207211969358	0.474361635799197	-0.152397672049178
-1.14960348309784	0.9347001796098	1.35524549848432
-1.43649456801794	0.654235198841163	2.08398083255184
-0.753462883728985	-1.36882089620787	2.25363989210975
-0.153764467978546	0.724791500825354	2.0248848656366
-0.870920792703423	-0.361345094056899	2.14403769288414
0.0354271170983682	-1.44048121994041	2.35255723638356
-0.870232800954347	-0.819324958407218	2.32608629776406
-1.3188361778127	-0.181349711442284	2.11800049290972
-1.11637173807344	-0.746972750419826	1.91368820789648
-0.987251181881954	-0.751969304094644	2.2683079077515
-2.02873352598448	-0.317414473762552	2.70819690893707
-0.899077675544113	-0.751817150585833	3.80325033177469
-0.18755779999302	0.813279798367968	2.27902496204653
-1.5596884835649	0.636476375435831	1.46349785675188
-0.751750691759233	0.0782599135973774	2.26465037488391
-1.50851256651536	-0.501211742966803	1.95027227847401
-1.69880519264695	-0.104751029708741	0.887634434153891
-2.35368618067372	-0.116588572499971	1.29627902718308
-1.94660953394006	-0.26412237789322	2.76426689900808
-1.16076543669319	-0.292333756822196	3.06750852587998
-1.7311877975029	-1.03761008472299	2.79460547302109
-0.991036241781906	-0.560424661556635	1.47110511545244
-2.65141681197958	-0.0635769119448789	1.67648534287278
-2.41226477490773	-0.396687403157645	1.88211727344868
-1.57959538711234	-1.13520797746923	1.34624682514235
-2.60932538306121	-0.237002476952477	0.999413766729565
-2.45824550428629	-0.46661357121364	1.08592330324751
-2.93899897843269	-1.01579482186055	1.12759936148414
-1.92966197487322	-0.830101671871073	0.226811338722272
-0.578437521223999	0.882599923990763	1.82925339036056
-1.44400779269014	-0.308647086020768	2.36735925324466
-1.00907437386807	-0.426969942766373	2.08097194328744
-0.96822697518394	-1.43908042958571	1.95415376370126
-2.04379602473133	-0.00571087750997185	2.00329749856785
-0.949405546474926	0.738692118891718	0.758288165058911
-1.45115515379542	-1.65086433648076	1.15305848174285
-1.56227066267093	-0.237661072855461	1.08406991943751
-1.49616347718026	1.02965424774913	1.09237760869276
-1.29347015373922	-1.27250654593269	1.0668223896286
-1.85550989062695	0.0801851087480496	1.45408494714133
-0.889129885379062	0.0647214109281689	3.67763276260593
-0.555996484719071	-0.464197608047999	3.86257728636669
-0.632319481274339	-1.00737797524891	3.41500846249144
-0.788303704529387	-0.951742671440635	1.97732463295851
-0.947979447498965	-0.788343380965141	3.44504474184155
-0.696260374343113	-0.335696572081048	3.99292416667672
-1.28402640102407	-0.50821970315962	3.13322404253454
-1.30112503572693	-0.150146088800639	6.94770651298345
-1.0086874973956	-1.88537390921743	4.00751438393501
-2.0332398621092	-1.52926211011852	3.52076017348894
-1.72610138834145	-0.639078680082873	2.99153544868021
-1.5155069286576	0.103893833719625	0.235461341434207
-1.58212005426632	-0.601978414314354	0.464099646024173
-0.904368855067742	-0.924763541235073	1.1845594566418
-1.35515553356305	-0.320017056433805	1.7175637957622
-1.43657988830425	0.0236275643700767	1.31992506732927
-0.362332279666842	1.31182605489806	2.4443310013014
-1.52598885636921	-0.559012002837194	1.77145115126517
-1.25332152525448	-1.15255352362854	2.29535362151186
-1.49869597061214	-1.78910758547657	2.27668009300946
-1.47506282432792	-1.75253281475161	0.489191610314024
-1.72886705596338	-0.263910499168768	1.12512044724385
-1.20991101292943	-0.471040152958722	1.06603380353554
-1.43455710662102	0.0355769607900687	0.880809773960197
-1.39459864928672	-0.371968497738209	1.03725218753703
-0.417880174973283	0.0242279987679958	2.48025807475244
-0.856815605897745	-0.469773025789724	1.3437380445588
-1.17970394755006	-1.49516281262018	1.01015747996075
-0.978996943966741	-2.65027087295944	1.49478514448799
-1.23195824320206	-0.800768556367326	3.85012723979044
-0.293012196898805	-0.202180744417844	1.90509233971905
-1.34351912032439	0.268342725194503	1.62641423908182
-0.924166179778523	-0.387251676937628	2.22551023103415
-1.67655377040901	-0.39036191750206	2.80240593227536
-0.978777434350563	0.298274247475421	3.00261334520084
-1.89877631337798	1.26406601570706	4.19795439924378
-1.17283600167508	2.4076933480606	3.75237762854142
-0.0537654490018217	0.535306574557921	1.93789479919351
-0.955703861702832	-0.228655750561828	2.015080533248
-0.874894761539271	0.0614470371460621	2.70829591997453
-1.09829643704533	0.824896004177708	3.06015871555524
-1.73802009966399	-0.388839178156872	2.10161812398246
-1.81547662501294	-0.941250097731336	3.60358241534339
-1.40706875437023	-0.656095811830907	1.77146721969384
-0.527215651264553	-1.3193993782826	2.12643786444364
-1.13858628171468	-0.853560391320622	1.48793730582414
-2.64763929947937	0.540731732881616	3.33904133394164
-2.62179827394247	-0.0423987921936828	2.81960506099636
-2.60667584759044	0.844034301000208	2.54258296106097
-2.06657041520217	-0.0209588913209462	2.22730371270184
-0.614292888259966	-0.723575571107043	3.29763039729875
-1.32835995731052	-2.06885601922866	0.884542757597468
-1.55448314000283	-0.333211861902986	1.26716947620939
-1.34787179125411	0.12282541363884	1.77850947733142
-2.06501270542992	-0.234874913005739	1.43387120944565
-1.8007879583112	-0.411031148874509	0.452431619043971
-0.618662715423132	0.969002629423999	2.52699214866542
-0.223549152640667	-0.319331117015666	2.81626743672915
-0.291894015924806	-0.812704409166798	2.46303924582804
-0.291096448548209	-1.83090595162341	2.11175334172925
0.503228773547267	-1.46604489363011	2.1365304574405
-1.14976157173432	-1.790758463445	2.14671830629853
-0.162660998512352	-0.0700462881863964	2.7231280876877
-2.03463536211118	-1.49207422425966	2.57645743041712
-0.922303208925696	-1.69348104135789	1.42158694995996
-0.527426970356907	-0.789242824161157	2.48744206115064
-1.014704315152	0.32396083501135	2.45663211275557
-0.957924571104498	-0.157302454039463	1.7298019905491
-0.761774425335341	-0.340667924120048	1.93740300872603
-1.9938529512527	-1.12301207852161	1.765711243145
-1.08211008748921	0.267564712273383	2.13823256005367
-0.245617410752215	-0.26552832980555	2.90345185052158
-1.49665097051045	-1.41285839640014	1.40798006771042
-1.96996375314662	0.0761407173579652	2.22059086577982
-1.57732410940358	-1.69740223448034	2.61384799448077
-1.98844112257607	-0.584139230541796	4.62437602348166
-1.45024009485049	1.11819023163552	3.77226311795719
-1.02090354322882	-0.0898802226832336	2.24801182794607
-0.209079865396435	-0.584878424057537	2.33562174509059
0.266583623369226	-0.614358724732483	2.13953358843475
-0.397264107601344	-0.825599202179891	2.22799923747748
-1.36606619614174	-0.604511957521257	2.58551209487569
-1.29587717358308	0.139897973842376	1.99570802245816
-1.49049719514693	0.344139710535206	3.21667234643058
-1.43866537595298	-0.453672172163771	2.54509237708893
-0.78915557972732	-0.134732196017018	2.72999786401787
-0.0855362773619109	0.446771711404912	4.03815981945712
-1.43052002140014	0.0785347501301923	2.56324007446916
-1.13460961654969	0.694574335765345	2.08496342652531
-1.30293524661105	0.633033597628832	1.52378064335989
-0.84039279023664	-0.00748339387450514	0.749717483766272
-0.242101767714922	1.38758320572405	1.18412939262907
-0.554629853283041	0.918750960736326	0.854350262345162
-1.20094824608007	0.630188885767897	0.939829018067793
-2.42761239304198	0.375720798832157	3.41629135623367
-1.21462330707773	0.0102258704577895	1.53999952985779
-0.885817370328095	0.909555587249858	2.26993747855266
-0.685495730357856	1.35171315420151	2.6762212568961
-1.12147261706272	-0.284277836278593	2.4615124950589
-2.08172729355727	0.17321949354847	2.35418901963785
-2.19402318567938	-0.0157126688631229	2.35943720736564
-3.03027835427494	0.812376935374048	3.77875314714777
-2.00896792710924	2.02860853429931	3.83905498842252
-1.64000939366133	0.512687908212582	4.68518270021688
-3.61522549751567	-0.0467559037769232	4.00294037007358
-3.10268424733786	1.08099611059841	4.42626188380435
-2.37652555791749	0.136783911365095	3.86429737878325
-1.9398953904194	-0.262900868958843	3.18937995411658
0.37566585417708	0.581603472920047	3.55902326143459
-1.33553070771158	-0.638862782098457	4.46109624572751
0.99331511798696	0.751026466746626	5.17205541829987
-0.0562695669850521	-0.287397548816783	4.06930489748832
0.477481814252437	0.770854832930398	5.85578171178244
0.0214427199967094	-0.123282217751238	4.95690391332617
-0.017311965151338	1.54692766616234	5.56832485312545
0.359453913517389	1.43833262906493	5.53332730525014
-0.1507266565545	-1.14784665646004	2.18717289330533
-0.348017960642556	1.2252554845713	2.37622389479164
0.180042007052641	1.286920170116	1.76951907544732
-1.83749990450795	0.909129345617925	2.05288497316181
-0.721831563823752	0.686579464691093	2.13905237431091
-0.32378961396187	1.68525419026266	1.08537886649406
-0.935162774692069	0.0765929273551536	1.56183327324918
-0.89505932677189	1.30051805427439	0.902457775274139
-1.43100742732208	0.378218345349471	0.247384231687837
-0.137640596389613	0.835786018571662	2.21911558990216
-1.34111391075955	-0.753055614229268	1.25059404239618
-1.63810261917845	-1.53767085439026	0.730226800071141
-1.17272303912282	0.879170355312145	2.56819963497373
-1.17930072604876	1.27247952411361	2.54097313509533
-0.530462766157556	1.03788333754403	1.29978667353151
-0.824091200536673	0.00809750992919805	2.46341912645732
-1.02436423941978	0.273106259248757	2.56668474226717
-1.63655811525983	0.0932665373252231	2.38219785663457
-1.66824477343278	0.497699269513401	0.255008981216679
-1.30044866104322	-0.47746994749632	1.60901528083735
-1.48612751525484	-0.266869753319343	1.89210256129523
-0.800518014197629	0.54410651223139	2.48715227998005
-0.989584645177474	0.266785788074313	3.08550375445256
-1.70112215536129	1.52983528595857	2.39155037305401
-2.04743764212719	-0.11675043382847	1.54163299607066
-2.2423006399436	0.735278534765817	3.63492089015598
-2.40114806187952	0.128476801573488	3.21804186839963
-0.705639995916537	-0.0927450717747197	1.48480879289903
-0.496454465477754	-0.204898624006296	1.59704930431718
-0.979006246666482	1.13850457692763	1.98547152623989
-0.680889316213531	0.872065702287326	3.1986786124664
-0.0409399351034843	1.19273601454416	2.04666673622062
-0.44859588990749	0.978088692425404	2.72761704019667
-0.623014498351871	1.27960935854933	1.96868577809218
-0.524619460418625	0.934587993444875	2.5497052042612
-0.809703802019922	-0.0564670408718722	2.02118671724049
-1.59147209598038	-0.309347183249622	1.35706451347345
-1.47435571503075	0.240646907684375	2.18675753434526
-2.19301735182237	0.128513225750917	1.65588212947735
-2.20016153727163	0.155802636778488	2.91879070117611
-2.08733900504964	0.0290862683610827	3.26561553407656
-2.18837018442289	1.60627355783191	2.93789234786916
-2.12311510914776	0.557126109759971	2.45644294654099
0.523576023227556	1.21667174954497	2.24958162243475
0.0364449466165379	1.14000581712094	1.74466180997993
1.16768764627921	1.17776984924675	2.67676166544319
-0.708368137424815	-0.0447712454499933	1.94593052423748
0.192317281530785	0.0813687878920964	2.97862273233418
0.0753001969521418	1.3652632358258	3.45640800893052
0.563369440594055	1.09587053115197	2.54459269246743
-1.20161254132471	0.789542985115145	2.20418533914763
-1.13055328759095	0.460656897892226	2.55279520750144
-1.32405775170376	0.529088569395045	2.26758121178901
-0.966740761480765	0.10015537182619	2.60296365968475
-0.472782705548163	-0.887075001846906	4.24892384482463
-0.838639270992709	-0.186559594961596	2.49993251343815
-1.17175825618197	0.904907736394058	2.58686229351703
-1.3661037865167	0.917884456850193	2.19248776456077
-0.645142317933979	-1.2576678809045	2.34390629696531
-2.33135052651449	0.639898377435509	2.91195842210832
-0.187765028804115	0.316096435394867	2.01814751498568
-0.983281790191139	0.391105127623377	2.59687521943467
-0.491335463518688	1.32018025901787	2.54100926994779
-2.13959536017573	-0.139941950987122	2.25989088915001
-0.565554632193088	1.01769338919706	1.65299479507507
-0.837307097971951	1.06454646943229	2.68439456622837
-0.993387676326904	2.28436764591839	3.07359483252005
-0.763515824574931	1.10397020831845	1.06452015720807
-0.46883575330018	0.844712591938757	1.50755632524385
-0.289485180072929	1.94384720974886	3.18285884724163
-0.661467503873626	0.496258286217406	1.87229431785432
0.813994084776527	1.44380358635508	3.34078633024363
1.77613359596146	0.423925057365098	4.14821348457314
-1.1391811694149	0.832255577691704	3.29310140052219
-2.16875660528465	1.75832413957384	4.35349592082895
-3.04539683440686	0.779663673350662	3.23656086291514
-2.8342352880095	0.0876355820704127	4.03426362358666
-0.00871940982201214	0.91818136972148	4.46843010865332
-0.703684272881171	0.411016563595008	5.12673045633813
-1.43943327389385	-1.36714540639427	4.89764813986958
-0.616203776870615	0.756330675145651	4.299100014481
-2.44122900740372	1.15562832896729	1.16519758485739
-1.0916141860292	-0.548921518866697	1.13159275798794
0.56066920699227	2.49898592742081	3.16700803780917
-0.0255530323228381	-0.336087803060187	3.3745660838261
1.08661336615032	-0.365413874844961	1.72285615046114
-0.27834109839008	-0.721416714965759	3.26691385301515
-0.842652439871319	1.46187504212653	2.44231098463004
0.593205495176304	2.3617190653705	5.43798251721765
-0.439041892308051	-0.212995735626502	4.66943371878756
0.402168727078817	1.41078741160995	4.15338171474515
0.694185939548296	0.1128051758995	2.61493398952351
-0.400925202767712	-0.527804167460914	3.9668190247245
-0.35101508973168	-0.290420401701328	3.52419708946698
-2.19982851554339	0.0484337749308192	2.92013665199775
-0.911131252923506	0.761855761392373	3.98432782384909
-1.04600535623763	0.593473532903377	2.42810373315985
-0.378384954974884	0.210648111028435	2.32372860293718
-1.66405524936557	-0.0407733035917431	0.626368536902872
-0.117160199348622	0.884286293686743	1.83161539897352
-2.00652607878536	0.625435443377537	3.10375283643625
-1.4651800132308	-0.0893568600829099	2.43504970866898
-1.66027279437937	-0.563053207124337	2.27528063350216
1.27040837888086	-0.198620310815674	3.7751134859082
-0.66216881473162	-0.37611679870594	3.19227336356843
0.740425880049965	1.4749900147076	2.67701819739169
-0.836532410365817	1.67488218901548	2.52117303882782
0.470042776546606	0.954320875568414	2.24539414083861
-0.28934617862437	-0.0161215884716257	3.0760943537955
-0.797697637193042	0.722216309260163	3.49274775475058
-0.518082844760817	-1.13826207595855	2.67892575153988
0.0176371959124642	-0.188934146334445	2.40600246560681
-0.797604247253291	1.27426650126776	2.95504044386589
-0.579403190207015	0.353340795979686	2.71330964379265
-1.1392955398561	0.576471220704899	2.67946437368043
-1.11354118479606	1.00919983219928	2.6011386265387
-0.98425023742204	-1.00910821394001	2.38714048086669
-1.4370008457187	1.08708287498565	2.39009887797348
-1.51908505562013	2.45342020216014	3.47383102250303
-1.55333110996646	0.69884255211973	3.28324816112836
-0.695389408087453	0.939995555519201	3.90942115240533
-0.788538047665499	1.01057130982625	3.39589262914647
0.442440353584747	0.158195720139833	4.3636419867954
-1.12113792432147	0.843128165217486	2.88200133772452
-0.913319413844476	2.59681942679862	3.60085298373286
0.0474473098419465	0.907864291982391	3.05293882900423
0.610534790342984	1.19930478643192	3.31959899368105
-0.886447616479616	1.20504866131838	3.27052689207073
-0.970052998770993	0.589008393393642	3.53055766456159
-2.89430858574851	0.927080726732621	2.518676738312
-0.362016370643938	1.20852100545719	2.83158148245112
0.0574926809832015	0.850813993229962	2.90841553364305
-0.531497090854502	1.51779831688725	2.73096005736559
0.0948182623438957	1.95235899145035	2.72856720515299
-0.680656274889165	0.131267443277142	3.56047762357634
-1.21563853540313	0.00199785617620107	3.99102306442853
-0.118954928080644	1.19691288370539	2.75364945816635
-0.374235997898149	0.822770295227954	2.88000704445712
0.0680447979189036	1.29695902274295	2.68494283177547
-0.750606778568187	1.8554897386355	4.98899213588666
-0.962094150586148	0.119090447607074	2.04321813011423
-2.18509512534979	0.695974421200025	1.89206687631458
-1.24521323697216	0.580329978154784	-0.708266965882823
-0.926281398836946	1.3731222536826	-1.21286161343841
0.0592932242956947	2.0421507253696	-0.673428191538704
-1.81797648080924	1.08565578268523	-0.065860853005531
-1.44144267205902	1.08960102529639	1.97302418939832
-0.865846142943401	1.26625901839882	2.51415966651329
-0.625193985056324	1.23655072961836	2.29304568140763
-1.24920235856111	0.52110315340443	4.70281920379498
-0.190679609231774	-0.265880969104192	3.16584412660365
-0.668596896345723	1.61495594507607	3.16940703386483
-0.525199689849797	0.609485367429953	3.0532764406822
-0.212227637451456	0.857887585095704	1.89733700070152
-0.62089751523602	0.71107104289359	1.78300976171256
-0.472974015528986	0.58246792888907	1.82344258903248
-0.756942332039732	2.52217541758453	1.24377125417549
-1.32158494283551	-0.708733618383433	0.789610544350542
0.0246358448443085	2.13195559817456	1.63590472957095
-1.28881724296722	0.966963975446641	0.561753656167662
-1.62752760641322	0.827051802228085	-0.268656431058077
-1.506147649213	-0.38560572056865	0.369529187386634
-1.0132588016269	0.321986493964827	2.98387139986796
0.201092256234433	-0.39642595395149	2.24786037748969
0.535702120520527	1.76742003557751	1.6489318211175
0.223797258413155	1.82523343438379	0.663137297552297
-1.45845250930281	1.24009560424563	-0.234980928806894
-0.304190953263729	0.609767119882324	0.210377903699885
-0.786876367527465	1.61392038177876	1.66045114343414
-1.00433718250045	1.56343006035132	2.29989963759794
-0.451352605414938	0.408015784628526	0.620879066083217
0.206530612824028	1.00653626008629	2.01442199129012
0.944911238726877	2.06533290293457	3.69181820784158
0.208613904989461	0.46330534944865	3.68224777133044
-0.436169755018278	0.841277115832056	3.6203232265187
-1.76078369843517	-1.01615870099083	2.4254586346407
-3.28242346873209	0.28522567140489	2.97170966221654
-3.24906623815317	1.02347215727776	2.14888029768816
-1.99008116603906	0.489058630586407	2.67480963566306
-2.15632314944773	0.90909961395873	3.60559845237492
-1.066574761903	0.716823824463074	3.28938040886106
0.189513688980783	1.40646264737778	2.99119428271617
0.348615018031461	0.649143650657563	3.39565879125962
-0.145727533134322	0.596484420584718	2.16505602901678
-0.764314940941705	-0.982372632657703	1.44807472285649
-0.307226287312492	1.28830005060779	3.43941824939708
0.21917478380543	0.958841131090918	3.66142544892679
-0.783976788980999	0.560282552217831	3.46215800481842
-1.17662562410007	-1.0761272159479	2.98409881297208
-0.31076025225746	1.17693023156647	3.48393795341236
-0.692176140302247	1.01931540187175	2.84627157039158
-0.670315429344279	1.71868171449611	3.4344344333911
0.160491950545151	-0.117341812157471	2.43802237803747
-1.6335385301037	0.251808566367553	3.10663144212716
-0.65876430527079	1.00810250677509	3.26647998536842
-2.12491809591407	0.923081144848593	3.50872044414478
-2.06251652347318	2.33024186506142	3.88157681390565
-0.696613874685526	1.28392537979777	2.18484008408448
0.107006047496568	1.40688098152192	4.33354032086047
-0.230813471761638	-0.276663559387475	2.18453147567734
0.413057791039159	0.534123224009332	2.43808518491479
-0.161034743982581	2.93328191811533	2.01225888096878
-0.0547151264214285	1.07972142042771	3.03264002054998
0.0253950814658709	1.28054217870244	1.97722291574141
0.0419353226636714	1.10402994202773	2.78865176320483
-0.42217947143362	0.845825915333775	3.03285315108408
-0.430342130944957	0.923254724154337	2.76812880203287
-1.08629238593745	0.434717900637381	2.19105100643253
-0.263324855102254	0.13458577014316	2.49416663363789
-0.259137249427897	-1.3746108866799	2.87365134765313
0.0444259964133093	-1.54399549800453	2.02445830052977
0.0481777749383231	-0.46927725076931	2.58783102966068
-0.379633370470625	1.73982556258421	4.45544127365232
-2.12928386030749	0.624586354995379	3.29212790530157
-1.83416613934759	-0.675861280796175	3.44828065019899
-0.402322383114986	0.454448972114275	3.43655146659225
-0.269722444266818	0.163446908369358	3.35568382561789
-0.533742808786729	1.25759161713342	3.78929224709183
-1.22159873628566	-0.476751302878515	2.93530574520704
-1.15860088920886	-2.43601330779322	3.18864207188403
-0.472873412412283	-1.16371281954968	3.11201309586502
-2.22516340990243	0.686741162442111	2.64528305409879
-1.77186246503131	-0.768256723916724	0.613822805958858
-1.86886874312831	-0.774995611623086	0.769298897553135
0.165345108875498	0.865675700052491	3.36180698364362
-0.592800427309191	-0.667127183607594	2.24042522076261
-0.160868510281279	-0.801417332986371	2.52305858359702
-0.464991289021475	0.500783069691063	2.31252865010765
-0.888201675261414	-0.37330733530974	0.90734669755939
-2.0777360420153	-1.89934939853537	1.21958933762513
-1.26342199005024	-1.12143872450194	1.39977821499172
-0.413562696507187	0.979379986422022	2.6745625168585
-1.41685645292216	-0.837850894018471	1.75049859540089
-1.2383145038092	-1.34941210782228	1.71873905225914
-2.10848418636381	-1.64211040910298	1.61823342527328
-0.676219924551262	0.496206599252508	2.7144692057536
0.494958578258281	-0.219767517263386	2.22039012824326
-0.307145367597827	-0.469061389393502	2.92535667917839
-1.40496691965403	-1.21274973189133	3.21791955541237
-0.176391347181893	-0.815645189194033	1.70909038531981
-0.497533225717237	-2.16165832369003	3.17914128347794
-1.4037740950757	-3.07097490765811	3.28108871995449
-1.1237919371036	-1.8432383812411	3.60196855237537
-0.460264383313952	0.0870429950244891	2.90818146535821
-0.482513884377499	-2.28265325554881	2.33583928337734
-0.783563485564179	-1.89949875882079	2.2683090794304
-0.77174429382093	-1.56217227423765	2.62481720696345
-0.186891267568682	0.189942581415998	2.13646698572694
-2.32967695748081	0.40412653740781	1.8345273354642
-1.36583528318193	-1.83920904911633	1.10644855604208
-0.172962134136064	-1.54177922471578	2.81122989730525
-1.61566913303396	-1.73550059398531	0.805262139530824
-0.496843146441721	0.730975101856943	2.15462024914936
-0.821501653631855	0.41112493155558	2.42708239502959
0.347151416906535	0.992714324364379	2.80491740098999
0.1766346729494	0.855680705876702	2.22236207188277
-1.69298572879544	-0.669471524222181	1.76654971707143
-2.2594321765916	-0.839286570606872	1.67521786596441
-0.685686369182643	0.87857285252274	2.23875301684462
-0.39363353541873	-0.0890441461507913	2.61645798814353
-0.242139388541495	-0.878239584414052	2.73022810945676
0.00710475277865652	-0.494951445577876	2.5200446157597
-0.713774267613445	0.735961999127485	2.31553095090465
0.0619952828982308	0.573661386343541	3.64249983175607
0.176568205149018	0.112426292786436	2.66006359004433
-0.193857727465652	-0.818662082763565	2.36794369672784
0.0759431659876186	-0.31247940530088	2.10828822777084
-0.0388225487568704	-0.0726634469100186	3.70533273999657
0.470714455896714	-0.418405729551617	2.87884864789099
-0.394562997369586	-0.542341354721729	2.78411367521661
0.0720375388030362	-0.876094696780366	2.1446956793054
-1.01892264581226	0.3583793915104	2.52025590947572
0.730425697925722	0.215582277416858	2.10286450650432
-0.22656584656044	0.0373772241885493	3.10262842510434
-0.406101982747753	0.239708893914832	1.14258688486989
-0.966991262039893	-1.00394369071286	1.45218421468577
0.044855774486416	0.236312533087388	2.43400988913121
0.284019523077398	1.21920281730171	2.51348044329939
-0.035036957367205	-1.58154110649466	1.16142198382503
-1.21430034039724	-0.960844615185314	2.26570025416621
-1.76672813937815	-1.63351710277186	1.47689946156756
-1.66973008968327	-1.3280473288701	1.59774964212172
-0.893091992717758	-0.945714401211088	1.94474220134575
-0.261761033847148	-2.03420283176571	2.13689690759762
-0.535685381519295	0.0758994131132375	1.70115240983926
-1.4107963721107	-0.698173727114265	2.83290652223316
-3.14477445670146	-2.16591127994011	1.25014153803733
-1.69346165964261	-2.72991587177597	1.0867576120243
-0.205416150051012	-0.932202459386073	2.86481244475534
0.18984843260526	-1.45735084920864	1.77173755104632
-0.246842331238888	-1.35845197711638	2.0488028174318
0.439082684760395	-2.26983448654722	3.43458783337984
0.0299163106556905	0.152380815113517	3.78505815016472
-0.630646500047572	0.211657701084108	3.85872096125868
-0.993126903361349	-0.728368412825393	2.27746305407841
-2.05392026368143	-0.768507127245316	1.38730791225668
-2.61475785813472	-0.455568377887631	2.32034539079285
-1.82691496054538	-0.889906821954774	0.675711555008784
-1.51685544734779	-1.65530415406504	0.39478014417292
-2.30682179445315	-2.06750391894096	0.834450595840497
-1.54485163853189	-1.79225954430795	1.85272452160708
-0.746976561194938	0.0873375105367827	1.69645252249073
-1.13141756388145	1.47125231356998	3.24878105444688
-1.63907426816748	0.765899802950029	1.92385311869721
-0.62290116535904	0.506358090004585	2.64145784340645
-2.4659894545814	0.298423024673756	2.97966691692501
-1.37768971727055	0.37808403152232	1.79510063263989
-1.9234729820254	-0.533258588769237	1.37661774515794
-1.33841582476615	-0.0213553039781478	1.21934846925692
-3.18884877672244	-2.22154326287406	-0.25213718523479
-3.50539151809192	-1.65110461286964	2.13334081943027
-3.00747367723697	-0.440226892171662	4.01466611241113
-0.525680137570566	0.0637852714529931	2.24944696335739
-1.05160461925036	0.0860310496774531	2.22556112899134
-0.808524917024755	-0.42054265158925	3.11454872437138
-0.528488308377022	-2.31288078175705	2.2398369721636
0.359547814521554	-1.21177550882238	2.34400401698534
-0.256113225668066	-1.31984380476878	1.27846963003117
-1.15230321922252	0.334845060060193	0.604453663968067
-0.433680170476416	0.308552804356185	1.75988017183199
-0.0411612434130703	0.577206367895136	1.70005717167629
-0.47356480093022	-1.25608196846397	1.81482833802025
-1.18899975868712	-1.20240015294661	2.38486474434967
-0.761046816992952	-0.948593069008285	1.76668435353535
-0.74143325854359	0.69095977780445	2.86054233442576
0.259929901630749	0.9258519139488	3.78861496923808
0.398329548517737	0.825972515418482	3.22188499244296
-0.297576731706643	1.06479718450155	1.78971309172254
-1.45488202708791	1.46669209540113	2.44282381179279
-2.11747939727489	0.10479890888797	1.87191662863093
-2.16549695960113	0.284177282648555	1.31336383134977
-2.60258166226511	0.287062733443054	2.63762305500181
-0.444054139553912	-0.0186155722366602	1.95148823471422
-0.152764484829868	-0.00591048525314958	0.911494886183214
-0.242822932957304	2.00446921561774	1.82734848951698
-1.07152101908246	-0.399934587573595	1.34433114148648
-0.0749124462936156	0.728690233941208	2.05229331764931
-1.53083280304187	2.36835605279488	2.28756153254215
-1.00059395909365	0.173964683552955	3.23713153380776
-1.73639901476652	0.880031111150294	2.21491984494215
-1.78454801652554	0.491564691563219	0.634669352618417
-0.551376200865009	0.892656783937122	0.457640031747624
-1.74558942639213	0.627600019487835	2.32618509733168
-1.1095963793699	0.461084734655013	2.3969104613985
-1.11680533021988	-0.522463702137077	0.290702651836609
-3.28366228270765	-0.143960221620018	1.07858085643503
-0.150218411574511	0.240478113519668	1.51828035830664
-0.851450494136885	1.78160342077048	2.6583028676634
-1.75142064021475	1.61315402114915	2.18732053148277
-1.52273970566425	0.252842300307762	1.98329782181362
-0.313336648677075	-0.549314967651209	2.2159138943874
-0.408920698807456	0.0282497599003408	1.52407151843082
-1.24384501239362	-0.573600688581286	2.13881756797375
-0.490520024145814	-0.797072639038548	1.29541408598161
-1.1801735687243	-0.230807171514541	2.25157767800635
-0.936446477369367	0.103047533791895	1.42944096578587
-1.55484079729588	0.456238911105382	1.75760157959443
-0.826195400245947	-0.304600257753349	1.1311075409834
-0.53769501313756	0.30025997641333	2.0698656131962
-0.36014300995256	1.15081942775426	2.4069283691874
-0.563926039366812	-0.189520185662909	2.52398933861531
-0.40380722164407	0.48524842676985	2.13113649817547
0.606778666862008	1.34175784842763	2.53913909253158
-0.0585946818894204	-0.547232774402673	2.12276927976345
-1.28114945272447	-0.330323865725123	2.49180305637132
-0.29979366802255	-0.0959535703465548	2.07145279152361
-1.86918303845245	-1.50206694482126	1.45411549138958
-1.95505813170178	-1.55675081459511	2.68167456024562
-0.825625369691734	-1.11470858650734	3.19576102759652
-2.39379810219802	-2.34752244349047	2.34615702763337
-1.53837129289806	0.738514178342883	3.78398998935999
-2.59649082261125	1.63580391476081	2.95603371785334
-0.108862565224211	-0.542040980986647	1.8087379470821
-0.32700508151942	-0.924436946042848	2.72414022279331
-1.80720371475195	-0.983747365269993	3.62562407786115
-1.08910986838384	-0.579326816658831	2.24864641426674
-0.431319313662042	-0.410001404439704	0.652028501234742
-1.37932974896062	-2.2858127980471	0.919029393530578
-1.97803552045504	-1.78338194705513	1.12152662628353
-1.07941422569345	-0.133018204271134	2.21897671059123
-0.775203553815465	-0.13321554789221	2.82754779388354
-1.93350069212945	0.00604053096163604	3.3342431277307
-1.426352426558	0.599435725049352	2.5988997663061
-1.43431170174373	-0.38866476814865	2.74859066706933
0.338529788686282	1.17187580724092	1.81407122879318
-1.21928536558939	0.0771484360785355	1.60343154782873
-1.12308658441887	0.533053876051044	2.63661031880632
-1.50478189374288	0.983490069396961	1.4872387873447
-1.05916841620747	0.66539225259171	1.6480723242885
-0.698452420028175	0.833907439036111	1.81701494244988
-1.21027701118135	0.371340105283076	2.79476626300865
-1.78526755149724	1.8023969793286	2.94768946677032
-1.21370721722537	0.567782423961025	2.87823492201049
-0.704692717628883	0.778137697654356	3.31342410933876
-1.51751161575547	0.907344889478937	3.28149012266807
-1.29828646153995	0.147215302725155	2.59736445145974
-0.89215360210475	0.883041978219475	3.25684401739654
-0.817861846624217	0.971221375042475	1.1253516136993
-0.822854810082952	0.830903657472244	1.96150550637066
-1.66114721011283	0.890737046081715	1.78496340917187
-2.15773271237201	0.187636900236841	1.24729274479735
-1.11067660608878	1.04782585816265	3.02897125589421
-0.83361060368475	1.30958949818429	2.35184714350915
-0.412562515110574	0.808064484654684	2.70614261700426
-1.10059565609759	0.699996116521677	2.06765574151111
-0.899919848240119	0.448163848794668	2.38862808871344
-0.736415609741828	-0.0750756735654501	2.07255478020232
-0.791606057993181	0.407765737915843	2.84682832769793
-0.683216938536688	-0.80276971303505	2.04365537519164
-0.917361476369884	0.723588033861943	3.02946933551821
-1.29558484618568	0.352142736687373	3.405347948349
-0.792170909012479	0.434081997608886	2.51619934219432
-0.378401045096688	1.12674284101712	2.89034178530078
-0.870992709243494	1.53813900950215	2.35800927406042
-0.0373135182322675	1.07340242474929	2.41037178923986
-0.800583839834473	0.769287398195642	3.32966549669373
-1.21173530620602	0.262812701480544	1.84022244807373
-0.82543323300216	0.332068045628982	2.90681244070014
-0.721959275748895	0.956731090394587	1.55665581337824
-0.723260764665553	-0.221486741077316	0.528859945237469
-1.00550037597949	1.41148715974304	0.785359966491523
-0.618773986602937	2.38182524462055	1.20446134175074
-0.647685344288601	1.64532725731466	2.3778177465875
-1.61214241216417	0.644039718982946	-0.273918335842007
-0.856668050484936	0.412098110167363	0.00357915103745166
-1.25648909495104	0.950223065431218	0.175561279276403
-1.59039889949753	0.31571577036947	1.06433510980052
-1.00060929089074	0.860302792425869	0.955140757826753
-1.17104169883461	0.673648426953054	0.917823330028088
-0.0748991419305843	0.741310012181574	1.7591544587334
-1.16329077191631	1.28814748884819	1.17452976111006
-1.25359268987848	1.8012949868513	2.43557807679078
-1.58282552135642	0.88705426637386	0.452568048280778
-1.24781494868157	0.630399149816979	-0.16412346608496
-0.818469237555665	0.74984748346783	-0.212962791007686
-1.46191495074533	0.510489382107967	0.263763494886223
-0.1983917158311	0.533456300010275	2.8219799869556
-1.71712196376321	-0.878670522359009	2.54514973415191
-1.0311314620782	1.14903209111381	4.54959493594177
-1.27981860063417	0.698332665129645	4.8673293118958
0.0984112628512307	1.91030890852025	4.30166360749767
-0.330729351406406	1.35758787741686	2.41972327122159
-1.47220195181182	1.4848371556395	2.80667677840346
-0.552215439379971	0.13278592679768	1.93862326944488
-1.29647896804553	1.29933613560753	3.22259017433354
-0.856554611816376	1.00712661643419	1.49250200519367
-1.20378593191256	0.505423915271824	2.02254468927261
-0.617261797750273	-0.378432362637906	2.37801961311163
-1.2538619452872	0.285799914250438	2.87344442803355
-0.720547919289118	0.355693697581446	3.62561654270896
-1.28963937282894	1.07425130980775	3.19366024263991
-0.98522606895816	-0.781309416863165	2.94765937210394
0.875102983660622	0.109384464145577	3.57438527591193
1.38799525126249	0.341913476910791	4.83901024360735
1.28535048064432	1.38438204597943	4.87346526367542
1.32982056165612	0.494528467677405	4.42793954559625
-1.01975255115657	0.174947767689883	3.01221496304353
-1.06172046971157	0.633016486012485	1.91215925656828
-1.62188660751336	0.985086615889669	2.28221408707545
-0.648604413642253	0.220857580518425	2.42447761243707
-1.84246390532964	-0.418420156116526	1.95307234431347
-1.31454833520112	1.35090203385095	4.09351744392932
-0.753533976639489	-0.317556445722418	1.56930598758189
-0.138448405776001	-1.02370921093075	1.8182622016149
-0.75114810516889	1.30042266437355	1.38772128452141
-0.193962294450904	0.330216523488606	1.63831587505507
-0.411663866264673	-1.98548245628966	1.47831918033229
0.602441356240388	-0.11365044783993	3.87577082358616
-0.375630767930835	1.1334938928049	3.74936875639625
-0.121320959013674	0.400384032786006	2.63663050621243
0.155017231020873	-0.0462453600443966	1.38593314425424
-0.798738791333954	-0.557219683837177	2.0089260734124
-0.453506713558374	0.199633693172685	2.59442270784834
-1.10486057498013	-0.486127948031639	2.42434725423225
-0.812437465593918	-0.833902714253083	2.49279110004308
-1.73948352742844	-1.36259012589823	3.10631398169471
-1.56247618384989	-2.34617163581463	2.33491131940051
-0.338532481313724	-2.38026672670209	2.829399494685
0.207585890186926	-3.44776855034441	2.32354776525942
0.341764890779613	-2.02947385495911	2.62590533839716
-0.153602320664381	-2.0294191916353	4.39868250913285
0.593096400039009	-0.318877115948706	3.93155893237171
-1.21321056314627	-0.0511151595275388	3.35337689547671
-1.01745367272172	0.450613798066068	2.04955560847965
0.464660358070817	0.406598972378041	2.82537049837695
-1.32786937732784	0.154313860943088	2.75695915141415
-1.47702765164022	-1.96171465499957	2.42627577997508
-0.695911703174872	-0.103707155643873	2.17546117402588
-1.65429313918446	-0.150666390319991	2.47933511205375
-1.12821914341227	-1.4012553635455	1.64051729622334
-1.43081358876074	-1.70150590767078	2.67989777703719
-1.41972469192699	-1.81935358143836	2.10338474544475
-1.29502119018431	-1.02380176688617	2.5441165652899
-1.77416252934752	-0.746267172174435	2.50818103965141
-0.754591674009399	-2.47945078954233	1.8517451778339
-0.507706223535784	-1.86723123924773	1.9606812657389
-0.671476634365157	-1.00613936109315	2.10779431809776
-0.492438765219709	2.72913587545145	1.09189499869219
-1.42990265618565	2.34450746742518	-0.108021332001442
-2.05972696499554	2.40193732151701	1.25603123138144
-1.20176699129807	0.95708189305622	0.198182674100846
-0.625037710951826	-0.871613344618354	2.00531743933371
-1.212367709661	0.0379195192248496	1.95133309770571
-1.75128095522795	-1.241020961719	2.39519368138318
-1.32028271852368	0.51575067505511	1.91187765999798
-0.718458972476787	-0.230880197707431	1.89490082289738
-1.30839315560323	-0.0735960844035795	1.31377306522951
-1.25330521711319	0.615038931122415	1.73986780398966
-1.07890391641925	1.39553703172142	2.49702010779819
-1.07152044225898	0.340722772172453	2.09101808328548
-0.928400363338853	0.32695311673993	2.4602157224234
-1.34644861441681	-0.917886439635071	0.199941739173942
-1.54745006800225	-0.0323760300851664	1.9520602560966
-1.78153733203457	-0.470560886995623	1.29543207652146
-1.9567604545626	1.0008714278803	0.919482712509003
-1.02804443707058	1.02693628826677	1.53561246333163
-1.68848464796336	0.703897810445624	1.89684223010365
-1.78453393826195	-1.52303808576196	1.34886864795406
-2.76195582674744	0.312303308721732	1.70746959590724
-1.55729976847895	-0.417753114368788	0.602759979271099
-1.91347010824187	-1.68905343438303	1.59164206857665
-1.5861803564433	-1.20445437028238	1.85225368543655
-0.0709670659026707	-0.935431705085166	2.50597946108038
-2.02762543587034	-1.31486665710712	2.07364174785075
-0.319733518087718	-0.011479517984994	2.49894714454391
-1.87263245879444	0.453034961866579	1.59101354009468
-1.81605788724357	0.381112570622267	1.84229706624609
-1.15993043056329	0.106926706373734	1.90348992429657
-1.3842886943519	-1.11213331374081	1.66392728888109
-2.29429198445053	-0.348609769926953	2.1996866995889
-1.96904680834812	-0.0792878429012129	2.85723234903296
-1.29028310949283	0.311159056572126	2.3716139762519
-1.6683518657457	1.24899632115795	1.90601465743636
-1.3645884793614	0.703224240273044	1.56600136169105
-0.719436044537915	0.620811071469222	0.964613590950725
0.628995639685802	2.49738911140156	1.44805553864552
-1.99979714319191	3.08737512494638	2.49189457900056
-3.12127926009755	0.622435803842879	2.43802790795443
-3.96788014205678	1.3852733595361	2.05547407754193
-1.16273950185969	0.608797609313302	2.54785521744277
-0.188591623360388	-0.280893805513099	3.14329203509102
-2.18541397927403	-0.337565298528486	2.95688050149437
-0.72914578812806	-0.469145020860525	1.69716002902659
-0.45820222061712	-0.749526365842655	1.09506640887038
0.0739315047558046	1.83523704672885	2.8643560599372
-0.879474795729865	2.3191769879636	4.65330924425536
0.496458561495123	-0.940763385853445	3.02815172959519
-0.656665675317966	-1.47200262285853	3.00570484078395
1.51751996177926	-0.876131491743297	2.48594107441986
-1.6716313159941	-0.394460922423668	2.59192798005592
0.0442680513241697	0.627812853297321	3.12907758388916
-0.206637248811912	1.21303654380725	2.95234723777141
-2.05233263807026	1.11305656787917	1.9029821836878
-0.0806616643633844	-0.143406268388937	2.0043139312286
-1.73027147124707	-0.496347398342386	2.22882372463514
-1.03211981087153	-0.972844491012608	1.09384837596716
-0.0987183786163592	-0.0487866378167068	2.02324352807067
-0.495203422941135	0.817178141491908	0.742153563093885
-2.31323566200577	0.787913266157251	2.23466974363414
-1.5395425700272	1.83419311078623	1.49292007863353
-3.253462972241	0.106202463155677	2.3192251620872
-1.36196238387302	0.424973148226933	1.882805599583
-1.50178294151357	0.98540419280494	1.64720734289605
-1.67768514495883	-0.346149988092859	0.868937029175324
-1.07133339792672	0.424998804555935	1.23535154077265
-1.15870300341398	0.777651307347737	1.15949320280789
-0.150630244106317	1.07059717453059	2.08365429629667
-1.45552366325143	0.95763528854148	0.776061699841182
-0.132471920865795	1.41998705695096	1.92686894352614
-0.947798289137181	0.648309793372987	1.99433447797367
-1.11641077377089	1.42199239465864	2.42833259765002
-1.25193433569319	1.30981991690402	1.465351641727
-0.20941612346739	0.804074859016439	2.12064837947991
-0.219404885820787	-0.605691230638663	3.38539257636625
0.0609541611686064	0.423592065299066	2.87060719937695
0.039404555317089	0.638850863040564	3.93892844690241
-0.317057225353522	1.03927304779031	4.41555024489024
0.276668667596211	-0.41923034402775	2.28269753442124
-0.699399403935187	0.583680363049441	1.19697596958165
-1.95438565699888	0.550592882866215	1.46261017449073
-1.353265377339	0.0388741190464921	0.803494730135045
-0.933669076328044	-0.0870746545598982	1.06681470935686
-0.67492182700985	1.17360916671336	1.0810065397032
-1.75791760767991	0.56237197066878	0.51523212573631
-0.216846130266896	0.531532115486342	1.68242280773281
-1.28925493194707	0.718056540011781	2.31032054153161
-1.0137121383633	0.35419442849032	1.02250686645708
-1.84354107899222	0.642494110107452	1.51809670879438
-1.37262573219588	-0.258638772575827	1.77584263020579
-2.31140582104031	0.225956931831504	1.9468896329843
-1.39903955924931	0.292375017119847	0.799272108135073
-1.03358231964884	0.144107925880819	2.25750543170128
-2.29037390000701	0.0575582478132563	2.29577109332369
-1.59108862315006	0.859099944680352	2.15053502689481
-0.384525160423309	1.47980321693491	3.33110384051378
-2.15497958239977	-0.724955566441723	0.256033838798598
-3.24821230653627	0.923311842172676	1.17935194775913
-1.76212670913654	-0.294405366428142	2.79219765185235
-3.19145292566553	0.22457449717835	2.34606802873167
-2.51760354696272	1.52318892922265	2.97808630561478
-1.60355906158123	0.106717208680232	1.37852005165857
-1.09814898676955	1.30236813656558	0.620019130598876
0.027999847063052	1.4089237601049	1.40276237948613
-0.755179307866628	1.79151322387561	0.843638034931898
-0.645072598449692	1.27114499459992	0.920530281446569
-0.0681421138191326	2.00511723486934	1.72984232902856
-0.357767917649423	2.89544867605658	1.5903262341198
-0.475305440067475	0.714767380271406	2.51787491752194
0.767359005916423	0.142594966700021	1.95358981993027
-1.57680526571294	0.240102218545328	2.70169074114214
-1.73617039612519	-0.137764323927208	2.32034418424974
-0.147619117965548	-0.869885873274621	1.325712519435
-0.725627626881619	0.433346625593661	2.74107426727189
-0.448480500787638	0.200323383509341	2.5769083755839
-0.95982318274413	-0.942944716971885	0.637816539691954
-1.00370115892539	0.477712793307222	1.80860718634294
-0.370544291467785	-0.188906422666774	3.09698996631829
-1.22104042446356	-0.353664847056953	2.28085560449917
-0.911375449852485	0.40153179109863	1.62919284998456
-1.34837394973414	0.48736044345944	1.34011906092137
-2.3716838780992	-0.331809158890403	1.16856867999022
-1.49383505381328	-0.816475823174289	1.2917663886991
-1.73151208153199	0.79246787080706	2.31843253615342
-1.09449713520731	0.915783104567261	2.68235864655221
-2.70466622476139	-0.800290805990832	2.23875375569577
-1.99998725517329	0.1474507875336	2.0615597184254
-1.89161187638787	-0.334273593782823	2.68677547119019
-1.01371589256243	-0.479814722375585	1.83108824503789
-1.66636586809821	-0.459144025343009	2.1191416661184
-2.78219968362977	0.264546601507709	1.62062699531584
-0.343334628478158	-0.482326366477025	1.86915715259063
-0.771610156158086	-0.655820152413769	1.86053428907496
0.297261209555644	0.871859498979796	0.873924335041925
-1.14714011784932	-0.873369461983802	1.36498328161523
-1.3093772986184	-1.21477398446623	2.46447842594713
-0.130314315012088	1.77083299745004	2.52634897307414
-2.48790984528903	0.188433776933043	0.836445941083033
-1.43607572394773	0.104969465350349	1.00636249364172
-0.370772411094227	1.04813817071731	2.08971562553782
-2.05667402617718	1.20400918544157	2.07410573666094
-2.11967245143479	2.72531597738593	1.32816500896344
0.146218693871851	3.02180055258622	0.351984165592453
-1.50420108031347	0.408795265662797	1.13915572984406
-1.25585718623948	1.28844669118245	2.06864784369278
-1.20888835202551	1.18531754434374	3.7079565384841
0.934211165864634	0.811442391517587	2.42567970727007
-1.14015258954364	0.538768288331314	3.41520868431084
-1.57391701377336	-0.0162961962632875	2.33691163917764
-0.115601996546276	1.12069078618528	2.71709515517134
-0.239659611297052	-0.132567897845316	1.63152961513788
-1.47259265325678	0.151860041438616	1.87199920467203
-1.43486300610605	1.01092634556698	2.65752998498438
-2.10520210196046	0.534644130370328	1.40757468710661
-0.941202451707901	1.65198206139806	2.29699216198366
-1.652907779316	0.536758211424978	2.31693372589018
-1.70970821576602	0.629709215616931	2.48636896419447
-0.676357816289398	0.97804581453867	2.68028928858569
-0.9429409618238	0.0370834281590018	1.66007321458244
-1.34666287475837	0.0320264210275947	1.20946098443656
-0.878669102441011	0.54447887766261	1.4491324454321
-1.52009696069827	-0.492328573106666	1.76090370801754
-0.786244798860117	0.548434855317092	1.26100528943471
-0.189788797875995	2.10777503332291	3.27872990578384
-0.652547343100775	-0.172436195091338	2.69245882612553
-0.641058728551913	-0.511215049269414	3.27929913006373
-0.717413088414377	1.78002379284223	2.17583115416323
-0.653447389676792	1.52843318690726	2.90204654094774
-1.59446735651113	1.14906289379844	0.376737944685112
-0.709324892034865	0.916716467308556	1.67765013253429
-1.0389958199048	1.06921058907151	2.48555841893499
-1.65625111243835	1.24380257147255	1.24548710485143
-1.68741780343899	0.559274395705085	2.20098190704775
-0.608150974063216	0.862112800887489	2.18221702498747
-1.43896479055547	-0.132650949987923	2.10373157055283
0.252335181184728	0.54606108297688	1.72445885386477
-1.24537478785587	0.139146697257291	3.38098935732605
-1.25309126543754	0.456039252342298	5.02394254586872
-1.5726009061045	0.0230156028678856	3.82537579817114
-1.10652663194148	0.143392846968218	4.65189026091139
-0.350457102281108	0.736829889747209	3.25249598819455
0.154644036666545	0.322202998033937	3.37128955798096
-1.04901745973519	0.0493584526049254	4.43501291326464
-0.439008600540067	0.888251114792169	3.28338365370849
-1.47719880716656	0.11674430021976	2.61409564963723
-0.162302537796303	-1.03417719796493	2.66289950475133
1.284737071713	2.02585702579209	3.45469276096288
1.39454084066926	1.74209898234751	2.53811051379052
1.5505854431741	0.558034033972927	3.53024323776036
0.46963754863681	0.983674083944332	3.16138406645235
-1.22812223146976	0.529911251695752	1.98173710231549
-0.416319610507031	1.7315415332025	3.28957422427477
-0.375987014436122	-0.128751100926046	3.05802130121408
-0.47260235210316	1.06563565067169	3.52569513995271
-0.0951606516490764	1.82752665584387	2.49134811984709
-1.7927908028199	0.347760486478336	1.469677650148
-0.253610760024492	1.52492423067045	1.71142742971411
-0.330241974565957	0.81647250171709	1.98714230117219
-1.16864134364973	1.13521869787841	1.38758000258042
-1.59563783601238	0.772490557930469	1.10069102448722
-1.34772833774383	1.16257338822795	1.41018598853091
0.203793440707389	2.45909648901557	1.16737270817935
-0.417183092145002	1.45193842795281	-0.118375527005589
-0.835652204634308	1.81248524153308	0.883823344838149
0.321473889078651	0.857164208058434	1.49283513337623
-0.2504598923282	0.541739513124791	1.94405541241482
-0.376398361579706	2.14320046126187	1.95501763870466
-0.209806677131184	1.20785157363103	1.96769487184341
-0.0218543604902678	0.855025610901512	1.71857923833537
-0.927292804914651	0.315283664711472	2.70854420262212
-0.639076976717294	0.142762552852835	2.85587344078597
-0.81932799726278	0.76667692069739	3.65352834409214
-1.66872159392766	-0.369741850318422	2.77056037288994
-0.985921816778923	0.844700908835732	1.30580720888014
-0.882939589360359	-0.166828440328504	1.87793242944603
-0.890837819264097	0.985071101826845	2.61063642813393
-1.05243369546134	1.17950451566311	2.92767303183291
-1.07909391889288	1.92561040786619	2.59789579903469
-0.43320526229004	1.0685025010027	1.66893110299204
-0.618899759044418	-0.746389942545596	0.508911129440806
-0.0370916430279898	1.49698510248308	2.38449525600278
-0.830619703861909	0.159213029607272	1.837680736896
-1.12186720625556	1.22821086106612	1.89106799590809
-0.909929111802289	1.22198314513077	2.56213467240465
-0.488049100690248	0.501902174942892	1.95765286702194
-0.715678398515466	-0.042997675506993	2.61089491260704
-1.73102533097332	0.58474645994187	2.67664279163072
-0.844854704247475	-0.751360988057716	0.944703859568357
-0.735563310144931	0.282971955693178	2.21437314774011
-1.20638282420429	0.429355086236844	2.08721205404215
-1.23110580754921	1.21615161301846	1.81278299801755
-1.36269192868481	-0.465890762831727	1.70920210185253
-1.98468365301532	0.471152558470314	1.33982698862998
-1.21256159351154	1.2507676997599	0.644632806306723
-1.37908130633735	-0.0330968581683153	-0.613054573101779
-1.28846137412871	1.12584033471504	-0.150357632402862
-1.0363254229163	1.92023892156021	0.772180474862583
-0.95118406191258	1.29129467748762	1.05417690021557
-2.29879907488513	-0.0846580219317343	0.869081889563207
-1.97464614543979	0.564196608920263	2.13527798536363
-1.00023774473555	0.133899334426986	2.3532366654329
-1.02249457149757	-0.247787443965057	1.8607209910678
-1.21804150621176	-1.11880387078303	1.37418535009722
-1.37188554285133	0.593043467065732	1.69483556433587
-1.46449986161133	0.479059404364905	1.85022661204377
-0.55750331347088	0.97998222230536	2.22047311025903
-0.133915101515902	0.752889904872262	2.53666321184658
-1.09795378539229	-0.203355804233541	2.19912069563446
-0.716967504321065	-0.189328674677344	1.18408757672369
-1.00769390031364	0.580489918542486	2.36121913381542
-0.896913098417159	0.577624036957434	1.71845284846424
-0.37496001823818	0.411210468580566	3.147459518208
-1.42431231929005	-0.13001714266961	3.43274234131494
-1.33526227658958	0.778340020331416	2.68658873118529
-1.98995709822867	0.521706470042763	2.54230866670928
-0.919483835089097	0.529298082724685	2.52940814840001
-1.12976939820892	0.788031308169246	3.11405141575185
-0.753907921866121	0.185270934263996	1.90376734318379
-0.744292495988841	0.740889862776907	2.7694832671371
-1.21764147448533	0.140489693452953	1.51620168097691
-1.25437568192402	-0.708072545773103	2.03248820533466
-0.232170584012572	0.636525602218755	2.70947586215039
-0.985843113930887	0.708481959844713	1.76176951012836
-1.0793687421425	0.457973226564907	2.56902266958317
-1.59262564372868	1.13664385293155	2.29263471027751
-1.06213779197868	0.465341232826817	2.4719164055972
-1.88880660910936	-0.165134836479051	2.12032024416227
-0.36474559336539	1.0270434295717	0.892827702529958
-1.89707765169937	0.926223168458596	1.41767403156358
-1.24791172577368	0.905692506732838	1.72454308035299
-1.42841343360067	1.18948414502906	1.94774300483304
-1.59281200106221	0.956212239335114	1.62107525025829
-1.55955095527229	1.54821515082661	0.179969027764548
-0.649136993994265	1.5062340321675	0.637816634306546
-1.91680255247569	0.965989141491994	1.81452438418283
-1.10970955720665	-0.123281724195763	2.26085698361931
-1.10059260322269	0.917140036170981	3.22369825235643
-1.03625965157351	-0.121921834796505	1.63584662962477
-1.3270045626172	0.816037589862852	1.61310004082725
-1.70433039614814	1.20428434015759	2.82840001647101
-2.26999821322446	0.222852847738738	1.64342136497811
-1.01974997901843	1.089252262329	1.33803072238551
-0.380815802690242	0.831464408038509	1.14598924186083
-0.117203101216508	1.72885153331023	1.74138752088198
-0.392912919016301	-0.318054075665431	1.76301604749732
-0.867324277624766	-0.524524019159447	0.596215962620928
-1.08472336402985	0.47871961568562	0.489160788262879
-0.537022512959311	0.580406816710922	0.235759520572909
-1.47640967488203	-0.537752549614999	1.50564685769373
-2.31714812163091	-0.0329785074275257	1.25326940966114
-1.2324067525697	0.843022541002935	1.17456125502217
-0.898676706702283	-0.379985436304832	0.434824826937107
-1.34275141204966	0.919145619182694	0.91556743502122
-2.80723353455247	0.171020259836777	1.30709962730208
-0.984159594261538	1.38171837829263	1.71243513570951
-1.61899522396523	0.771565695116511	2.55178314269746
-1.10249409476601	-0.145101389694068	2.01085857816403
-1.32625739061879	1.01608482716669	3.55764963351051
-0.968109358155613	0.171679825469075	1.12286289299722
-3.74656302799432	0.0167626941818861	1.63708061838806
-0.997355947890427	-0.612447086115427	1.1991097324395
-2.18220468994521	0.490596710985938	1.73736575821388
-1.8987818809811	0.147686414541384	1.66031945995719
-0.680470943596659	0.660534337599454	1.33490664005688
-2.17361868360444	-0.652807007496541	1.1086941380626
-1.82447780899811	-0.45369144632291	2.55666954158846
-1.95545005903706	0.000345277887541018	1.08169854672826
-1.60487344646639	0.922305262194103	2.34400714657494
-2.03778715944771	0.831437098805868	1.11704420286859
-2.05404896965934	1.41739092624844	1.97573448523867
-2.37605340617128	0.248499063731651	1.50618120835848
-0.477083507348634	0.800409082748823	1.71131547178912
-0.568425501983827	0.151152485281564	1.76553281043729
-0.0514944932633661	0.388571123109861	2.82758410558462
-1.54846114795224	0.540086386076979	1.81031092731433
-2.20830800369572	-1.3895275171903	1.84758550409307
-1.07333234582568	-0.0288297081152573	2.6781300113577
-1.61979322366033	1.12117983029439	3.34745118213766
-1.15832200569928	-0.0717074117939364	1.11663701801683
-1.55827316834781	0.614384917883169	1.823439770524
-0.945517312275426	0.138616514616217	1.29354500517143
-0.255030983160726	1.88872127486113	2.71636552291827
-1.04498981382154	-0.296731172786954	2.47328005744964
-0.369310705670098	-0.414098430147794	1.18986732234146
-0.914276239175636	1.29414467448997	2.59499767420071
-1.74284179758027	0.333487621403325	2.08283383240733
-0.30845451267627	1.0489487737983	2.23371371324899
-0.41259015872777	0.56015902088284	2.38661367359526
0.122542427236643	1.18240765427638	0.716224516087209
-1.03119966969344	-0.551308436628512	1.09640404383019
-0.839208509950079	1.02693980803769	1.13071357193675
-1.07459594568213	1.49230624750108	0.94820615127632
-1.45596339181703	0.451950278627245	2.12797710801955
-1.94552473108675	0.596121472593253	2.67462716431687
-1.19472144238484	0.451850100400337	2.99164972881223
-0.696072133960933	-0.0787182399727014	1.89581729191612
-1.30107605410391	1.26856448867858	2.2709131375689
-2.04958362033145	0.140364991232803	3.39344276343156
-0.601144155835645	0.592356706701448	1.48732396622248
-1.66282233263181	0.99280165072634	2.31298724280215
-1.33580413167114	0.193260209701433	1.40168091783334
-0.282947723492904	1.78217210998883	1.86206999974469
0.399976756887988	0.760784541161509	1.57245331302527
-1.47512255364267	0.205628712903932	1.64309955070961
-0.0956188839706213	0.451980328398223	1.56730166888535
-1.05193642185911	0.762967203823034	2.49225762916769
-1.32103895220734	0.324725023946572	2.99386605293161
-3.09717013479546	0.802455132260838	2.0770225930839
-1.96809054767842	1.22777885387305	2.24106430392232
-1.64329368223765	0.208473703229096	2.50127995342134
-0.318946100781666	0.0515312210715166	1.698571235397
-0.457244518840754	0.444848883616884	1.73198977489965
-0.989615757497056	0.066418398837284	2.07979583108713
-0.706987111380974	0.584478932898855	3.09764935978907
-1.12644322421092	0.310064808816786	2.57690478873677
-0.525935900420497	-0.0119428362027996	2.43900961644362
-1.01948711955623	0.610394657801265	1.8843191090316
-1.62788936737088	0.576709680796774	3.34551056892989
-2.69964970927175	1.25639385269438	1.64483366064006
-1.30509935615979	2.74717226240513	1.45780618932586
-1.55227609676651	0.321669554202927	0.638894323952031
-0.539542397221364	-0.0558684433753247	1.51410294481155
-0.272431392680882	0.432300735095718	2.03469253590739
-1.96295834778703	0.145066408456699	1.02102622857927
-2.00318430770928	-0.039302600043121	2.83912835070784
-1.0890163740222	-0.637719630394944	3.08501054911439
-1.5920049664844	0.108379129170528	2.47851726795192
-0.168766505868909	0.738628693929706	3.89800717480388
-1.26374761032094	-0.0747710042811064	2.89446838550002
-0.527321067331098	0.89523874107276	1.69480556539872
-0.431874445739231	2.09300142711154	0.822021004098944
0.0691405280772016	0.809859736310756	2.49887244539596
-0.816735294000569	0.967811191300133	0.911151559978582
-2.85481354113401	-0.0890855340146898	1.22802561518178
-2.5025938197278	-0.228915797257515	2.67903721319711
-2.79598168176312	0.10662384445931	2.67986809896466
-2.94371209216664	-1.26943727016909	1.89504007073603
-1.31215182159666	1.3023859630622	2.22417370084796
-0.707491530589997	-0.0634501226194235	2.6754027637697
-1.91138795233091	-0.815517033276611	2.00852284235883
-2.0106958007954	0.672674526768553	1.87243165636678
-2.42259164062497	0.128150747892057	2.39350442094554
-3.25083027201886	-0.376994641486313	1.73014163897189
-2.51479078226885	0.636053316855745	1.98641375894423
-2.58225361410144	-1.18846994670425	1.41574364884792
-0.994304528353688	0.70488941177837	3.52070828965227
-0.815631520527269	1.32606549044166	3.63231621446399
-2.54345502569141	-1.08288591546084	1.79544981583615
-2.78673053094162	0.335793948227387	2.91790364730784
-1.10518274913756	0.58066161133988	2.42173690441352
-1.57619839855079	1.00723209809131	1.21180846359078
-1.39635138205227	0.825702946873705	0.0485560760483858
-0.288693508022779	1.26763121443076	2.50543026371849
-0.684591168464662	-0.759266629911573	2.07557394795418
-0.662191019541086	0.392643212707864	3.7264135307806
-0.922169509852053	-0.125961032940405	3.06473834892024
-0.471988041576171	-0.138842237391008	3.13894050339308
0.190656847501508	-0.770367052963087	1.96784381090972
0.0528025475783214	-0.641433053962131	2.21277160203799
-1.02162852401239	0.496461500072687	1.18735774601406
-2.14206132315037	-0.00780843542778337	0.854030836470498
-1.82227750871646	-0.47701739631911	0.183736685527467
-0.603579698767944	0.281776268911607	1.35461813883274
-0.726320691574558	-0.730290982936803	2.72299192203723
-1.3838872550571	0.582770654106361	1.45825203137688
-1.3810614296672	1.08297528995735	1.98200301025195
-1.55217527100433	0.325138985053793	1.9872067075592
-1.22682587727188	1.17810665932876	3.40558488870265
-1.21076393507706	0.479979152168822	1.52229335477036
-1.09802044326169	0.111297729065554	2.26577135112172
-1.88050459835586	1.11819936660782	2.51810209621421
-0.487457707130223	1.5290575340151	2.42866812516448
-0.964852567439215	1.09144412294702	2.34172793837453
-0.609578871945728	1.28939507963517	1.93695645919715
-1.26644329196102	1.00840343610926	2.15387817414823
-1.50981135474423	0.427535473064112	0.385792767534972
-1.85307916317899	0.716260798396058	0.304665356389668
-2.57202842830869	0.705634887355879	1.66220652035128
-1.91605906306398	0.672389071599338	2.66222325285597
-2.11431034368491	-0.159206988009358	1.34790982678618
-1.91903897423356	0.860526566181266	2.97561263187817
-0.0880547014976364	0.00634274892869957	2.83166569228664
-1.32064639193574	0.572911923352	2.40537918843211
-0.557269648419741	0.271052969022124	0.852345809601395
-1.64625484102249	0.0290253099977693	1.27775842887144
-1.11668696583278	-0.264157256554453	0.637851442720732
-0.701885104955024	0.301736661919687	1.84349198956671
-3.17704159401903	-1.0766693661556	0.874591241806074
-1.67043237716416	0.215555706247575	0.533057889851785
-2.10803866024438	0.983015324816992	1.95199164845863
-1.07458846961506	0.374043178688989	1.71480080287115
-1.78372841486544	0.777723965430436	-0.309114702275813
-1.92284395476284	0.651593077930488	1.07379337514168
-0.726423323512437	1.15767399609096	0.764494324742512
-0.754438834602191	0.52216008710517	2.13254829589032
-1.03530577515031	1.0856603972776	1.84317790358156
-0.631106800794917	0.826275615730123	1.59055668783916
-1.3358399844573	0.762531170594152	1.52184274131589
-0.296150648951244	1.81242933323064	1.03800838148805
-2.15757159812374	1.01175070660156	0.632563922111757
-1.44718338424789	0.802640387360435	0.181883758654643
-1.47844567445295	1.06002006439588	1.00434187032439
-1.84850791312047	1.12162762307824	1.67101346050431
-1.45924402113454	-0.267931797004482	2.08535451832585
-0.906298775028756	0.112452299619329	1.3904176497974
-1.05075295142343	0.83596983551496	1.57927346463431
-1.48352747249103	1.33992682771237	1.7970994904808
-1.80182207456936	0.276474341739508	0.437480703782736
-1.26516754874937	0.132028490451397	0.505820307916094
-1.4493561281608	0.805997647892844	1.71617257832272
-1.06891802807558	0.699702561616874	1.43593662726446
-0.873872153618618	0.315816216730834	1.41942322757046
-2.07104750670009	0.330520503284832	1.86103083637078
-1.03752516399006	0.646240935914283	1.25961044896333
-0.831982311698322	-0.228555573303424	0.785332655234832
-0.381221058858044	0.363100049662911	0.94110383012378
-0.682526616599234	-0.194889574798959	0.291941418872269
-1.18319599220301	0.0881292847969807	0.568993467659035
-1.1277877289737	0.0886397579628789	1.20897753045436
-2.58128597990332	0.310303905279821	1.25700977051359
-1.30844639243807	0.564002269558732	-0.952758876395101
-1.30844639243807	0.564002269558732	-0.952758876395101
-0.541866571029378	0.279611742215443	-0.861862506496039
-1.64428490125981	0.932573711771307	-1.76111971114897
-1.64975400069153	2.11126699953519	0.30397979689165
-1.25644060180273	-0.107964238419229	1.09897253283122
-2.61113678436658	-0.524313270132012	0.885313068609868
-2.33935759415252	-0.27282615613441	1.71920904197672
-2.15674509204806	0.69919950344823	-0.858733391867774
-2.51399127082148	1.74713349728617	-0.236116282441119
-3.36209077046104	1.36678817326689	0.021908537094857
-2.29938718771179	1.0435098511449	0.942238591653096
-2.77181161649109	1.53422612682314	-0.562734044411583
-1.4964722153807	0.478093817832292	1.02021811885257
-1.16262015424723	1.60503214169236	3.03179925361899
-2.24094817714221	-0.698744407836078	2.61073542590424
-1.22841226726202	-1.34564327585953	1.75204354505204
-1.07903270163806	-0.00683656244353714	1.65064211304772
-0.97552377446532	-0.537134248769307	1.55946977348307
-1.01705975389312	-0.414785511911398	3.51047774014921
-0.927079033899226	-0.374111490705791	4.16817717735279
-0.658283645375716	1.72257015638422	2.33313131458083
-2.01606222584356	-0.147051983378287	1.55198995609963
-2.1290081887125	-0.292887102184863	1.48515695380735
-1.53009069699319	0.222563377620841	1.58508717362589
-2.020774614597	0.240555590362703	1.94110208671455
-1.0850827622955	0.297081628468993	1.66876041752643
-0.673976539229222	0.433460666136229	1.35761449438258
-1.65783976358055	-1.56383109265793	-0.0221656420460792
-2.26466937684394	-0.67718061113375	0.596221326092802
-2.30583117762366	-0.453437997083692	3.03790815255733
-3.03646058303752	-0.788842301397732	1.42368966478086
-1.74442219305022	-0.986991070824558	1.02957917347237
-2.12761574538492	-0.758196830171308	1.12134598979067
-1.51094271777198	-0.693308130280955	1.33344242174242
-2.2053728569828	1.02259410355689	2.83759865085427
-2.4181498647576	-0.251791175768325	2.38915340324128
-1.2382964174217	0.208410154961427	1.78954611206945
-1.6769248822965	-0.562980768378775	1.38110318137884
-2.81807598099352	1.011296038975	1.904130460117
-2.31684541418204	-0.105620862751934	0.237114503781689
-2.31495779427609	0.502184392577903	0.960714561482514
-1.7921637690028	-0.383053916014449	1.85360456091446
-0.317338207543315	0.664045773989094	1.92393361021942
-1.80670207996913	0.678331185979792	1.16095974628475
-1.00261488734654	0.419762258631413	1.99674716665246
-3.21351379149596	0.0613153821853465	0.733669888759466
-1.68452802476107	-0.342677351128841	0.708440188332795
-2.22071531255436	0.0195443744011068	0.919176081577717
-1.66666255055902	0.0126556782675266	1.57128636921453
-1.88178417759002	0.718500368752314	0.838741413617145
-0.408367146039872	0.642584931903191	1.64836836294973
-0.619873234802021	-0.36837182621769	2.58749430930431
-2.15211636502567	1.01853647439326	3.48660422702011
-1.8482340880071	0.114893185680051	3.19472924805358
-0.994736882218406	0.396547408653927	2.8738850571103
-1.21874423237424	0.498240697718167	3.80312949324854
-1.87344762818968	0.332604292134934	2.16180831592389
-1.96035259096281	-0.108345236375614	4.06482600024291
-1.35744440058284	-0.284452659257454	5.32119684579098
-1.77368558015531	1.59073154860873	5.04532870455141
-2.00228263994561	0.992389781836742	3.66945921194753
-1.48967639938768	-0.288441445945027	1.60532438293975
-1.59311834019338	0.872286206894536	3.15918706056055
-3.19224266831329	-0.338311155082059	1.00480863240282
-0.300461385284749	-0.293042104338738	1.82607070644454
-1.1824857395348	0.424717044480847	2.22660862215162
-0.00939062753036279	0.364304949315976	1.70823849472598
-0.257291742472589	0.189969057500304	1.89821495936925
-1.97599050916027	1.11296569785742	1.4487752225484
-1.95981946832891	0.330106515893058	1.14306090297849
-3.47213744910062	1.3966081882044	1.70035395730739
-2.44731937309795	0.961165374737381	2.23703012262983
-1.93812541122015	0.287173727302418	0.97660674120713
-0.894028937878802	-0.567801124170948	0.706422274859971
-1.66362929335666	-0.00786453288860811	1.48535427877806
-1.35552745330224	1.21086561556926	2.5474162411735
1.01808335866792	-0.315815669261927	1.41090189617867
0.553900233976915	-0.406086233454398	2.95507795417087
0.659558816775639	-0.0256100536857469	2.39807807110457
-1.00750692195998	0.821454675708457	2.6600106638079
-1.61696011274116	-0.607995754144895	1.22006147504073
-0.314980421504039	0.517049413524229	1.14559835170653
-0.32948791379525	1.61994025786423	2.88120403959441
-1.41724034386231	-0.121308968356782	1.53486886532058
-1.38115027630587	1.68359109095229	1.2760143826957
-2.2156204878655	0.062750281359559	0.840458530770269
-1.92759265400411	0.850731588567155	1.51539690738134
-1.74092106971537	0.211558162143839	1.10219939100412
-0.477318451301829	-0.683695435349939	2.83234401522047
-1.4761896540819	0.0961604203476357	2.71746292285282
-2.85120761466041	0.449512178657734	2.97254730666879
-1.09430930523435	1.47945296986901	2.56762160413724
-1.54225019652494	-0.814610553701111	1.86326118701394
-2.66862528272762	-0.784299900591857	1.81902121989968
-3.12364923070742	-0.324018963836194	1.82026449360035
-2.44098057535547	2.01274963519161	2.23291003361041
-1.76464652111953	0.0856427658972224	1.94475895575998
-0.841980868283381	0.460371684448174	2.18876964145761
-0.676801658650179	0.175734985225864	2.14192308279626
-0.724071096813388	-0.649516911569628	2.21615827789352
-0.527457598799906	1.7176353854751	1.09070243900264
-0.436728379091879	1.27591862659473	0.427933509632994
-1.78740799203403	-0.489285624614841	2.00056317684986
-1.69614418295275	-0.684186211476101	1.64405893123111
-1.78202640400205	-0.547968087752739	1.42744066481556
-1.4827714249451	-2.09072887910006	2.25091285900816
-0.769022690315477	-1.29646996228459	1.98066201341783
0.292308957270452	-0.262646703266439	2.43022604820356
-0.393975090773517	0.0420341088356797	2.87912647063023
-1.75394076680873	-1.7411702960376	2.98046789153792
-0.540710211343512	-2.29292612467805	1.54521234801779
-0.132756719026683	-0.570485032821955	2.13171437433969
-0.222270712334336	0.209737337257443	2.9061578377603
-0.392292046506193	0.627329328903977	2.96469659930514
0.268888431212568	-0.419876630145616	1.77773879605125
-0.512346610973331	0.874212010551473	1.21740881692934
-0.71136729359905	-0.822619047399895	1.20915075948535
-1.12634079027454	0.26531248930675	2.16158202896673
-1.06636573811355	0.771103815908364	2.2980841600247
-0.0780614960651035	0.916470725058658	3.61232595251655
-1.19670861521197	0.663238274753561	2.22409398185305
-0.988692121422067	0.420200807411945	2.53953343113648
-1.23376081722382	1.00690384742466	2.63127584681751
-0.279039066312012	1.2795133860591	2.87756024587636
-0.773921616737457	0.926764003271717	3.89040406573301
-1.92488109601353	-0.0662719998659527	2.01057195877445
-2.0129711533482	1.49769225248816	2.37953435227669
-1.85856553670058	0.0825379427713726	2.26005320332407
-1.86689454642461	0.444114685577243	2.24422726585145
-2.70705007306342	-0.44911381039032	1.91166878073307
-2.70893341585177	1.5527694523348	2.25523337669896
-1.24583251049635	0.227420030466742	2.09807008424068
-1.48787705336376	-0.2483391808149	1.34066094766518
-1.12093356412491	0.958936971221302	2.43245124779378
-1.11875474970009	-0.255181039357154	2.61842427432419
-0.533982229561875	0.608651500240678	4.77181321614689
-0.895023743873628	-0.0060400924125118	3.50005545667581
-0.318005685238267	-0.576945178705488	3.9323860640255
0.997549385971494	0.0156638676094214	3.98507298386683
-0.636486507940849	1.54165174011592	1.69879876283679
-0.339696083910896	2.34155454239445	1.83727021913935
-0.769174041212507	2.29728738261309	0.759073925606794
-1.33834729896748	0.680930323162074	2.26941754645265
-0.578750077380652	1.04279737387545	2.24615498808674
-0.564281354724572	1.37317754421793	1.52670527069499
0.510138274011285	-0.0215371278629156	2.91252534882154
-0.306951670101062	-0.419332371924326	2.12469476883987
-0.970020786509587	-0.807805047081975	1.50987402356876
-0.421284142420088	0.738066939621345	2.17344706143422
-0.352979981094194	0.351984544012294	2.40476418906371
-1.67689456760481	0.231403904265595	2.50595884093736
-0.688866596187264	0.0325981147232614	2.99669186815987
-1.40442862589939	-1.069167702296	2.94404605948883
-1.48839072506171	-0.00675972680062058	3.2120837234791
-0.0363119488727155	0.795877043492833	2.90871226637313
-2.3888637056744	0.429696744107607	2.55818699374438
-1.59912206662574	0.818866498205665	1.72806264395666
-2.99104005864106	0.420560935029219	1.71259948897533
-0.401408544763431	0.687730696319312	1.6701588311943
-0.792620515559192	-0.429950654590125	2.05221111323522
-0.0475713898816076	0.704927856326578	4.14764694946595
-0.00268164169891377	0.891335130196189	2.18991317799976
-1.170301129414	-0.526860381847052	3.50894732515778
-1.24833231054488	-0.608670938738102	2.72982227566481
-1.36753650207161	0.877440801692752	2.13860708221362
-0.673431993125042	0.0925835499207218	2.64221295029039
-1.42893269853278	-0.929509039249511	1.94822449232542
-1.85754379900333	-0.64989516654702	3.0318122731051
-0.66807608652898	-0.282760605612081	2.20002255173953
0.317739697037889	0.940625580859342	2.2020484586251
-1.11344664842425	-0.352367697777826	1.71043407682455
-2.46339480896879	-0.0296550281298553	2.15493046238901
-1.2493056171835	0.0596565540317264	1.10490419590651
-0.591403096587704	1.25645250760484	1.88371930063618
-1.15672351330465	-0.586354934746048	1.457812909601
-1.34784094684547	-0.0171232449238784	1.39126523013461
-1.73677851288118	0.685775477472327	2.64487219618878
-1.48391044612339	0.756195784399082	1.99311944137357
-1.23358874002574	0.698456600146417	1.77173386790096
-0.482950547710209	-0.0021398220925497	3.90458590568326
-0.383337704958145	-0.0888783247238809	3.50992289227981
-1.16911847388564	0.897748643533141	2.13168992243668
-1.43518743918248	-1.00905794347381	0.0492549825284966
-1.23960324017825	0.897161959969191	1.57804990472682
-2.17093286606481	0.517952054768691	2.43178330348133
-1.5696434979274	1.59465233867613	3.15617404309117
-0.455259125034139	0.901555674554138	2.49343502123918
-0.160900455098285	2.31279884268247	2.91546655558187
-0.177634120865507	2.39043219628462	4.20401091561249
-0.139227209372167	2.75447251015138	1.59435229589878
0.235263938164182	2.82263933467108	4.69325833981502
0.405122247868995	1.53297763313688	1.6487790849167
-1.16161437785126	0.42213121497706	0.893228402357949
-1.50435138464547	2.22948274046289	3.17446267749174
-1.43629360970067	0.356180230611324	1.89262904357381
-1.27677988409674	1.80579262930267	3.09869217183684
-0.97740127944001	-0.424274754734459	1.24862250567978
-0.0353648521681936	-0.35129786577383	2.35002627004404
-0.482778512291418	-0.58749749085226	2.37559643392108
0.000702892942519184	0.461859548856862	1.83992976631719
0.109848939343486	2.4996639281326	2.20302230063588
0.148492315079597	1.88301065800924	2.87067519058463
-0.467599452406345	1.16128206333299	2.81350998891308
0.143977159413928	0.568621997906164	1.89533253627185
1.06271308184156	2.09472876831555	2.78841304924482
-0.943785568615343	0.86767914426163	2.54969795853028
-1.75265859370918	0.256495351989285	1.96821037328119
-1.43359371155639	0.822205991041687	2.35646215302432
-1.7310626656235	-0.108799926059002	1.78009627294701
-2.14145743562212	0.747824801841487	2.5865775537035
-1.97443976177686	1.75633343781476	1.92170721724443
-2.19257704294039	0.83590916692508	2.04099297697148
-1.55330026099472	0.734041330150776	2.3624295441553
-0.30690239142755	0.0275173736086188	2.30233212308869
-0.468256254889986	0.0985893626946748	1.98823961152477
-1.10269580846318	0.144983855125662	2.16590876855065
-0.172513915841569	0.573003361391537	3.52142244410665
0.060841604441203	0.877018384883121	3.55580110098642
-0.546362634435244	0.972019787626758	3.5926821661279
-0.420039624877961	0.54794553196712	3.43309433304092
-0.410698511360671	1.80463144151632	3.53062172385868
0.235837541034576	-0.768039224842944	2.71687569978804
0.326663655832196	1.06582014148679	3.41378648648685
-0.225141628943825	0.245146055784313	2.5354272324963
-0.711540496329166	-0.0978876681507787	1.93217055641324
-1.0389639188056	1.53970765536625	2.55979643772895
-0.387302651259911	0.602851413632447	2.26381370576553
-0.902637153153211	-0.15293866564702	2.57386776593617
-0.3926610079377	0.12106964632543	1.44205599469987
-1.33271995036807	-0.514362501097941	2.06178328708244
-1.51724397107109	-0.0839013446027755	0.938518310917796
-0.357064095161508	-0.327560486569537	2.06650110663182
-1.32834340633795	0.330977207040638	2.82323380872525
-0.45200752004869	0.830196564192096	1.7273349251757
-0.561189697516051	1.10390647195075	1.43047456172479
-0.779396308858152	0.668044603145477	1.71657679997537
-0.142734058816585	0.174522039721464	1.95487644567474
-0.278673961188036	-2.23404266648127	1.49832556914812
0.34644133520467	-0.861198126622316	2.00769791652706
-1.39460044839604	-0.365244142689043	2.25403882959235
-1.44897786727425	-1.22769854149148	2.48413409918535
0.211326100450869	0.745427071093143	2.65640415103929
-0.283094579196567	0.33996528566804	2.84701030831009
-1.67473017058855	0.0246361844474646	3.78285229706475
-0.119171304096011	1.32956598790257	2.5090026470512
-0.331327962110157	1.12106596959356	1.02448531302426
-1.4385750407781	-0.0247507312211372	0.942780930662303
-2.88763501866417	0.733782941056687	1.97954971430265
-1.3797450322839	0.500424515477217	2.00433966681857
-1.71847804188575	0.019418689111887	1.37603825407624
-0.871026498230364	0.314298345700435	2.50233811255237
-1.45263921375276	-0.0323438409365154	2.11257032533113
-1.80004629196486	1.02868730394696	0.636953837111641
-1.75134691011813	0.881639330815467	2.20145559691175
-1.01142235018092	-0.3602668303901	1.63715673409763
-1.1174731025013	1.0159623496674	1.55229783719524
0.514261906000267	1.13580958558695	2.00725949300075
-1.42452589018364	-1.22513334118978	2.00500602972006
0.0177501553729232	0.440617265490994	2.05430124075568
-1.73964395331014	0.759072014915161	2.82031510800009
-1.30541430040099	0.96470779893023	1.65056961631126
-0.958305328928633	0.174978463320007	3.16894468015182
-1.26656349174214	-1.06836585124918	2.96788421215664
-1.45862561013209	-0.440363000021898	1.32311393526216
-0.601992151094192	1.43299122385658	0.804933364623644
-1.72010505710998	0.524156048689145	-0.0159304005886588
-1.10953094367089	0.27753194362096	2.02883466828882
-0.758465427905526	0.402481455509426	1.08827557050278
-1.39379244837689	1.43422074456475	1.70149824290055
-1.09206106534118	0.630854595424652	0.978437673384747
-1.65860970064925	0.107971038743946	1.39266536761005
-0.859357515104069	0.0935795895775515	1.22449737260862
-0.884441848131792	-0.112122235644598	2.08655479692945
-1.7590333205704	0.145018715105305	3.28671484008499
0.0995000741998915	0.561265174910662	2.05430292805524
-0.892088508672677	-0.254352616544644	2.13235263280136
-0.984235026775951	0.386180361015618	3.15728468816609
0.755125204014579	-1.27805588455595	3.15907380878393
1.01923902308493	-0.00450844366423964	3.25986214987449
-1.28664838186393	0.468182590536932	0.702105565194684
-0.882698184050532	-0.0911844871305282	2.40964602584458
-0.706960770697066	-0.321145169775276	2.36549374805998
0.333664551983176	1.21017714674803	3.15704278266054
-0.835183423439066	0.675333998774648	2.75333216986531
-1.03966643718073	-0.0480398741414483	2.30203501921652
0.0282187315618769	-0.301203731915496	2.67083081930001
-0.328194919195536	0.624835892370777	3.29192214672768
0.273425717297705	0.560519448469956	3.57361836466654
-0.10300662934664	-0.733266828749119	3.88793533449237
-0.838938880655041	0.73875728684432	3.75592865109772
0.0644480082022287	0.116635666020119	2.30622285551162
-0.608551907723684	-1.15886239019278	2.76722835086724
-0.0823148739374187	0.732065351097759	4.22894426307575
0.584174984971863	1.63243819505211	3.70225383797767
0.7699654111636	1.24622940949077	2.32149893350901
-0.530835413366295	1.71448115385637	2.73439272753049
0.265641789783255	0.732643252255916	2.45829640551676
-0.0876795079800824	0.186309668401949	3.9822287331165
0.307692830851752	1.39741831889127	2.99823511494818
-1.47208211693064	0.917049242846311	2.03261369968982
-0.994468458866476	0.804278194470021	1.72228355692408
0.240644343171809	1.87726120073479	2.50192123308886
-0.653765234544606	0.859261867834076	3.2501199583928
-1.10625346933733	2.34510034947272	3.62855152562645
-0.903151456291861	0.385765408228597	3.84068562759194
-0.954980770722525	1.15279850561296	3.553006876719
-1.38257242114308	1.58993899631398	3.87091637402112
-0.944465149296934	0.45580868750591	2.87859354613204
-0.707255056709566	1.35844880316171	2.98993657839378
-0.893420412526625	2.44288942795421	2.38724048424586
-0.76474427767587	2.47629311207783	1.91226616009809
-1.10227438078734	1.87988573904683	3.42928860069727
-1.52266205761169	1.83580234088793	4.2892711926312
-0.678422632068885	0.709445650509339	4.31466910579385
-0.0219152704594372	0.80988893578523	3.81371959619159
-0.157502178356636	1.05751976684057	2.44379530714721
-0.893481334239406	1.41851619785291	1.38063823197309
0.160231917877461	1.89057191398833	2.32208300316192
-0.0571557534380542	0.322203279667951	2.37250105969049
1.16298762977936	1.51521670871607	2.82961355874691
-0.709560219500417	1.22603468595935	2.41548210911831
-0.144692617148759	2.04794795268124	2.6975512119154
-0.921814315530767	3.01019630781805	1.93511112281717
-1.35550599572795	2.71830303529265	1.63339896724266
-0.205486856399939	2.24568665879658	0.946016084502428
-1.76782154888281	2.13111793001098	2.59903796970228
-0.372287530999157	0.920626858288173	2.28832019512989
-1.7333563585879	-0.0600199320110368	2.59360251890927
-1.2539973546759	1.04191593602472	4.63631071390905
-0.115734762911939	2.13635066948464	4.73082412062977
-0.366212778569226	1.54460071558218	4.14496190064903
-0.362382999250127	1.81821286604521	3.03945755663413
-0.555210052101216	1.85087497839621	2.69197115604248
-1.74763536222645	1.14430982030778	3.37494647567116
-2.60302855622092	0.782967028357227	2.35408922527565
-2.27662574209906	1.91849346294113	2.57079544192185
-1.19961817955382	0.256190860005889	3.25344634002842
-0.881245578871573	1.06232195019236	4.57125663071774
-0.247120897782819	1.00919787529525	3.05777755497317
-0.624921188436231	1.46617336233696	2.91196830191056
-1.7218149980892	0.892284235828621	2.91573029631258
-0.384354242041513	2.00653945128952	2.63998499245001
-0.170061230031565	1.56139656632887	2.64903094298582
-0.166923486163187	0.952149814928262	1.24854490779597
-0.465449180296915	2.19796908651816	2.59298674272548
0.0108170880616885	0.631190011072284	3.00465042083765
-0.109739189499534	0.876556005482345	1.62675399639691
-0.0385800637814503	1.04236372812535	1.98433844378481
0.747074165738177	2.52036273159115	2.50652904754982
-0.918854067488097	1.20793397601643	1.24649791355596
0.173864091554261	0.865900280422898	1.95569899535226
0.548199690618373	1.16984091777048	2.82731423012461
-1.89690233083226	1.7961052225493	3.21786519227528
-1.09769326017362	2.17961302021084	2.4146696209122
-1.01220421633255	1.5248911229382	3.10044280482198
-0.0132296873275868	0.64575154426549	2.68497395842653
0.472837658715888	0.892485182463855	2.79729303439137
1.1131479186878	-0.112404534172725	3.17612676162604
0.307654284399878	-1.11754501120863	2.6578952207819
-1.50056787954794	0.123263063158964	2.78848948693479
-1.34875495895334	0.62226920086677	2.58817308207234
-0.616012192646096	2.53634730444011	2.2664128408072
-0.792911159906988	3.00097822732352	1.93485609146633
0.298452262831775	3.28677123816989	1.23619396937861
1.22885958670212	2.04792985144698	3.07060261710422
0.170186042087758	1.04498606470905	2.43513054289532
0.162245295201086	1.42267034632855	2.26993879436889
-0.117031556692499	1.82296186636452	2.95585885122075
-1.23804307916822	2.32014471443505	2.87497867358495
-1.78173213620429	1.48893475115207	2.99590977292376
-1.04953322424756	2.96517307858046	2.86872013373274
-2.44440636296812	0.757731164928047	2.53085008710455
-2.46095394087917	-0.256994802416615	2.74387225286696
-2.67216117374472	0.152977252858719	2.07124352019706
-1.63956185031865	0.270822490571016	1.64056465011166
-0.985066277989879	0.357259774601883	3.2651339254192
-0.216953962317543	0.283640442857423	2.642336032528
-0.983621420081111	1.13416019362829	2.88808998105914
1.06452494240744	2.2042251224783	2.32723819745655
0.500776488350775	1.83441953566613	2.43653783324262
-1.12598481734133	-0.221040310757726	1.55123156092761
-0.399514840848929	-0.0730998415845502	2.23053451804485
-2.05361826850032	1.06541621926318	2.54618284640179
-2.27301092178697	0.77629208526288	1.65888777969616
-0.477246747254807	1.27836319068976	4.15500187907708
-0.398545503241662	-0.8325273982798	1.12535248309757
-0.27804295752068	0.152944895022422	3.46674890387564
-0.795142171406183	1.14265019597899	3.60462768012521
-0.46852255169086	1.48307377299576	3.98913111006194
-2.4898967586905	1.37309500524521	2.44364991841278
-2.50285346698783	0.476532751640071	0.794204269468599
-1.71844123558493	2.01893916137268	0.807246553590759
-1.33989790225898	1.6494642567447	0.9245091813265
0.174679105605636	3.1146562878221	1.57254215725127
-0.989008294512502	0.594647750349757	2.53510142910404
-0.31167960819097	-0.18655399564366	2.4365560772757
-0.229052580741	1.67430135173035	2.38190267441462
-0.928569803139258	0.755604149316522	1.40734184679832
-0.912318515873217	1.70639395956606	2.50562440554993
-0.134515476333589	1.24218751821327	1.65202174519228
-0.780346291657601	1.17607991639975	1.84269813185534
-0.922328128967795	0.415509964237792	1.03455400011388
0.570242148934354	1.42279484627695	2.55960864544695
-0.461165342850786	-0.589872857164374	2.42498882098035
0.042019939416006	0.181024860249853	0.822206969118084
-0.13243935040241	0.787480751173358	2.75956655792511
-0.277491682098972	-0.393788840078288	2.22262772320891
-0.332764262009991	-0.348843447997656	1.71745071923856
0.0673576963658309	0.646968072109893	2.79285751241662
-0.770021313889908	0.755108878794814	2.21143814054245
-0.66668853279728	0.16122427951856	2.78747542420152
0.503579936695794	0.969302664115833	3.82718479804214
0.897983101469123	1.12572499399874	3.77623373592322
0.0878012824347412	1.11900833177927	3.51795052277748
1.06474042222703	2.03211525574717	4.02983866722878
-0.756896947468152	0.419374029853159	2.63113257519919
-0.262212418030854	0.810386975949591	2.20151188509748
-0.465808971086825	-0.0492837104962867	2.11469593328688
-0.626173031077428	-0.744495758181198	2.98801312623453
0.287209947146042	0.192361282113412	2.53064528220132
-0.848721680262457	0.690365044280298	1.37752608444581
0.44275773771672	0.918359231689433	2.93602824531705
-0.2408408045635	0.624803608283462	3.17844747292574
0.226582204477347	0.86905631523527	2.66162516132543
0.559297705919699	0.483132073565802	2.683725012715
0.996833565219686	1.19048945210935	4.01596443262802
-0.798952799205617	1.17352945825574	4.71773110057239
-0.596605630529585	0.513459683413417	3.19244916879159
-0.788691573169882	1.16645328233949	3.0751462428538
-0.626086424350212	0.501861276422963	0.808740985482622
-1.14613841579575	2.25074478742583	1.24758942347638
-0.766830450289574	1.33601424480685	0.705602395620888
-0.341911822788819	0.647723599474009	2.07335636281273
-0.79595106200289	1.12032114548132	1.85744421009537
-1.61158524666379	0.952115908350883	2.50888798614817
-1.06939056489043	0.52778024362465	1.29754429932995
-1.52511045278816	0.448658977546278	0.838737897842781
-1.23785648537026	2.38470395557322	3.06942298095943
-1.05737884957742	0.0219509567733163	2.53868677262043
-1.29316253562575	0.401601609885416	2.5186483454007
-0.834546444977026	0.975591601049353	2.08629231218377
-0.626200137931888	1.80375123485615	1.82923180225158
0.0816840104465848	0.545224284494435	2.07159534444647
-0.143188035895719	0.929105722546965	3.59868169036627
-1.06134722125862	-0.253764526556344	2.49570145876334
-0.258811186895119	1.01653367928772	4.40786959215708
0.427627684997874	0.0715050583437	3.1811929679984
-0.58746203252975	1.25766804778703	2.25244238006289
-0.494590763483832	0.0295163300061089	2.81374014265819
-0.524827337712592	1.81976830246142	1.89817797749152
-1.00844194933812	0.0887825157941535	1.61269896161267
-1.59051829201802	1.45707703050488	3.12752252964641
-0.906200855847797	0.359776097306644	3.4247033629268
-0.807652211146675	0.82775672766201	2.51325077186473
-0.234558907732598	-0.423181540807459	2.59967068129829
-0.892393991977483	0.993598300232723	2.78173468129886
0.013259357766922	0.435449364213982	2.48831036470578
-1.45354173217234	0.385606800891873	2.69493322430278
-0.455851082476972	0.254940890672171	3.65854474009852
-2.27842371694405	0.563945427941262	1.86416639833007
-0.718405116463332	0.371657703968578	-0.091621684029938
-0.79751777250834	1.019208004268	0.321341022862599
-0.602302977368709	-0.0532050235120694	2.06222401397433
-1.10107205779492	0.172431955156437	3.03754283085329
-0.236880773390153	0.898652639635022	2.51054789463416
-0.127114559717493	0.624039595658189	2.31222852811322
-0.400153434652368	1.1783277017221	1.98457675625643
-1.20466373964084	2.05204478206524	2.11092665914283
-1.58424510640033	2.38891720159776	2.36608564345143
0.117472002203047	3.2797797594788	2.20693218019875
-1.35447111585163	0.715078994214937	2.7552655276238
-1.36803759903062	1.90786372808507	2.23735813951034
-0.44855289306297	0.743684266229548	4.37653629304731
-0.353704753439194	0.446777816278799	3.69197762401861
-0.559231440373425	-0.0311802394850358	3.08273304559117
-0.377630951675011	0.175710275244664	1.94431193548484
0.201332404533689	-1.06509882737193	2.97808410028607
0.321988622026177	-0.450377583543778	2.46851974356575
0.632040815895132	-0.600141231309696	2.50355163819336
-0.271786346103147	0.180126797063858	2.57455774764272
-0.228213328228389	1.11926251860357	3.68300042624995
0.223711306601864	0.984498423879964	3.17043391087031
-0.23685387041748	-0.727073597679644	2.48077171626784
-0.620328792883065	0.255044359180635	2.95780948419673
-0.164036606829551	1.48055154790723	4.67624902015213
-0.0820791687207642	1.35199645031804	2.91889191676378
-1.11120620936252	0.760822850225626	1.58963988322847
-1.55897762093808	1.76347686125987	2.43051908496179
-3.02677802786379	1.45491874189623	2.57652583168635
-2.79130674443933	1.81122069175903	0.732885278443721
-0.53358844179946	1.05357466756326	1.90397526130248
-0.313969886630363	1.85392160614866	2.38334434041304
-1.44179281474244	0.354491075987766	1.19609847965651
-0.541937424526611	2.09179270238745	0.962426094728927
-1.10697212197645	1.87754576024772	0.348149889527284
-1.0126426727055	1.93772401655965	1.23941129535522
0.493631475373906	1.80176559790234	2.2050599296175
-0.138962008922188	-0.160192259796693	1.95538523719921
0.215305498304106	0.157734923358151	3.41871050625446
0.596091480601964	1.35559918643509	4.62713622309535
0.345903262686953	1.08140318852954	4.62233965681878
-1.09933712385624	0.913812347099557	3.90148807255696
-0.7584966670908	0.937619283513605	3.51049453739226
-0.565304100827448	1.0928010382882	3.75093787738384
-0.4483967069928	1.87953781107614	4.75574622367642
-0.6825997304251	0.450253526158027	3.67070169131577
0.229732869782077	1.85344377768745	3.63164011673177
-0.311031907738514	-0.446463077859724	3.08011633728219
1.32997733477424	2.05854621418018	2.91888155488361
-0.538667394023476	1.71209785330973	2.21593440209547
-0.911866462530673	-0.0167819951182504	1.77122267217927
-0.593289294743938	1.45848691785664	2.02664978774729
0.0781709246623911	1.01799933920979	2.38063969671906
0.325670012876066	0.182390929200808	2.70141075255405
-0.761073835329917	0.0615820590282121	1.59766628273946
-0.269861826642605	0.858353907986792	2.76585644249197
-0.974581662426905	0.686622884604346	3.46077880474221
0.238574997244321	1.10267602947141	2.6780549924261
-0.480419099903959	-0.102124291117907	2.58726137222842
-1.21115362332087	0.491190354091427	1.15287477196393
-0.095468346303374	0.786855684492608	2.34346577683656
-0.798348501939301	0.970702590684075	2.81837059273802
-1.7679491417285	1.22784801525839	3.50482014032682
-1.25597739012479	1.99324608162001	3.12906146945493
-0.498567493099623	1.14679798413902	1.57664216899867
-1.34504883703278	1.00148303755837	1.90482215957505
-1.65427990397536	0.915327443540328	2.34659337824312
-1.0914930680657	0.326064603743273	0.11457121001813
-1.25916560751534	1.42599183044322	1.50447518250822
-2.14917057573405	0.209360277586067	1.84542981921647
-1.91372963780955	0.97733900005409	2.84216006624706
-0.686494513683322	1.58866736942721	2.9105245209254
-0.306895766661255	1.8852953882761	1.86300316046487
-0.814692471758919	0.828790558296676	3.70452540630667
-1.78934507250481	1.40881951499611	4.16380391299585
-1.82799270685865	0.964023467557224	4.71321746762694
-1.47080638417205	1.42573886122247	5.58185609738094
-0.255262057141631	0.690616803885874	5.2295285473144
-0.19734298883593	0.992117038637823	1.92838976132196
0.42612970480844	1.3245898567799	1.92275387959283
-0.354070969765247	1.46423493936426	2.32710942779618
-1.43874754803076	0.289058249820761	1.55789876602799
-1.62529336374365	0.283238999672552	1.03232719554607
-1.08536086608855	0.656716588701178	2.56452967695609
-0.527489860082524	1.22836187776712	3.30874209298854
0.0218004017492766	0.699444910668827	2.36939714052959
-1.90187559421484	0.0120065984736272	1.72430990957684
-1.43706244010412	-1.00535686401368	1.73143925612547
0.100986809392659	1.11575554626308	2.24383583819029
-0.980460564038563	-0.551741821251244	1.49651225393313
-1.22382826420085	0.64805296052226	2.54349178927659
-0.461330188814208	0.73802676194108	2.27262859041772
-1.11637754535485	0.203404708326891	2.32462208961798
-0.464699646898388	0.860384128597544	2.68690806063942
-0.686301024213601	0.287648016031111	2.04248785126052
0.364587084641202	-0.193193014695751	1.67525245009341
-1.04898782593243	1.14794974455934	2.06838686404668
-0.144172376792118	0.266645435022428	2.19180922601686
-0.68783556900569	-0.740036008630918	2.05863996511416
-1.04569399373662	0.483468088011818	2.32661728962542
-0.780175852102502	0.178432808925958	2.74018845774513
-0.384197885939492	0.595247771095435	2.05479725309751
0.0218000963990231	1.15986807571687	2.33180577595304
-1.28803031292986	1.75748632940924	2.19460715082421
-1.40407238905734	1.95856446147492	2.20938646098977
-1.49158147866503	1.34692129016379	0.42822771191426
-1.2376339834552	1.82133516537305	2.65220991124557
-0.633378440220996	0.909070557037654	2.784183757475
-0.904583565990755	1.24234348335873	2.142238740078
-1.81315596186234	0.777484961710284	2.06258207150389
-0.807936268529109	0.309453273315268	1.84212529250434
-1.12461805209827	1.82867689744208	1.4064228717092
-1.29436506519436	1.27393891892428	-0.549618309162277
-1.084378781424	1.93321517390212	0.541020168053948
-0.767327079103678	2.19747232343538	1.83068647429108
-0.821580511166867	0.715763228963073	2.20263616890312
-0.706897646699992	-0.727727669459156	1.94595148187077
-0.75178497218781	0.0839557471701535	2.7541834981951
-1.55552831133885	-0.282849450596339	1.45485933827118
-0.170712935193548	1.77535981499895	2.07226202001871
-0.845290568297976	0.0881135213128917	1.69786144287251
0.277756198504979	0.794943688277254	3.18390704015456
-0.823322315404337	1.42034773764367	3.68487437595122
-0.859604060375261	1.03184225734025	3.65578031007671
-1.26048984320503	0.583939619447474	2.33353178213568
-0.843414644655115	1.43943003650647	2.22414779998747
-0.676856330272368	0.793345262773999	3.29228072981658
-0.198959555262356	-0.185504013791824	3.50967700545397
-0.853592490877188	0.93522955612169	2.2450922147998
-1.90022987047567	0.717546927449046	2.86125583858424
-1.05739096635468	2.00610273874268	3.01591110419759
-1.51870007984258	1.09926703278377	2.46240824182944
-1.18117691149117	0.0530333769051417	3.60631055770988
-1.33183816216845	0.998265384957876	4.5518876142227
-1.54127697238618	0.668647976381131	3.5084405769121
-0.781446865142982	0.825836648251081	3.36924876158318
-0.84169295708902	0.442398841890488	1.94818729652902
-2.40524067195955	0.996350946852613	2.57922237948334
-1.79294274876523	-0.789274851703214	1.7741162715694
-0.512302923337952	1.14621534162339	2.36028046612816
-0.244802954741605	0.710965239159872	1.96196769032107
-1.2323217455412	1.44039925080112	1.70210329672036
-0.313481124663355	0.391943004481606	1.5103474947763
-2.20209565564403	0.787847229840331	2.12098946276345
-2.85908864942318	0.671175214619436	1.75154696917245
-2.27152008037918	1.16475516615355	2.4475024029454
-3.18750102519941	0.639023522473511	3.01439317053078
-1.16789181278786	-0.102676026912669	1.35453443250275
-0.0341219354557983	0.597319062600068	2.57607143213141
-0.354384319645891	0.575033303009542	2.55971546384443
-0.0996530509917781	0.637994269486735	1.91217230715676
-0.919187312903322	0.393174441007738	1.05305937119634
-1.41562011837894	0.839271284852373	2.00036577105366
-0.738760406080505	-0.0487312011519925	2.58974385501496
-1.73977514681236	1.78792689148419	3.98877262506235
-0.439481410523499	1.42204411511543	3.35346558792054
-0.384039140982528	1.6454837542561	2.34676225878361
-0.462066973634185	-0.274869917771853	1.71337335601421
0.0832882836530561	0.863857476176428	1.45210408736083
-0.287051680592976	-0.605674795357316	1.21732083511438
-1.45287113990371	0.0778051386381377	2.2615649109878
-0.805469099175677	0.289583852385063	2.62280656512967
-1.45482913537666	2.45321805404048	1.44381328363548
-1.24903357233566	2.5570141100919	0.659826891656273
-1.67768383758788	1.73418531318337	1.30999117394153
-0.741815591319403	0.83730956651681	1.0388592613415
-1.68742032122402	0.388461299319355	1.61186665825614
-0.817594025282799	-0.00829626384363413	3.13781870453169
-0.491356167510385	0.283636886823216	3.07849030414847
-0.287437482654831	-0.182338071912703	2.56400457712215
-0.817295404978488	0.0878742908479577	2.64330942216152
-0.708025812555016	0.785391460110613	1.11136325614198
-0.712058919895725	0.798349944490022	1.15817643550245
-0.0755036331459069	0.282657516181766	2.16628255351182
-0.418782793440137	0.359445713815974	2.75532830840299
-0.568255754128338	0.920615899484525	3.08978004282301
-2.28756685305821	-0.494166961025868	2.06908280168243
-0.803091282701274	1.74537783631474	2.33430057774821
-0.618488034970654	-0.321975678057264	3.40326816124809
-0.332600533729904	2.4758787496108	3.44779982015803
-0.898920820440581	1.30971605143366	1.72907633049325
0.235662507034444	1.76904666953918	2.61379663441019
-0.563192106623568	0.0966235870691267	2.38608055766562
0.521033677260555	0.816127200293177	2.6762290324566
-0.520706958682058	-0.529552070611676	1.94894994847019
-0.612957651186138	-0.352813688269472	2.57486980782089
-0.349840744861759	0.593226755205266	1.77989051357596
-1.0734574534996	2.08455963951317	2.75241393435057
-1.57893751147368	1.22904857973861	1.83829237219153
-0.198484729518141	0.962282336653692	2.07139405145811
-0.657476894996831	1.47852041260634	1.58187320959873
-0.788031088245855	2.41609317006205	1.47376718276715
-0.580507526540681	1.21099278179238	1.61851646271367
-1.56009035085528	1.71253511361178	1.07628803088567
0.837977406844863	1.12088809764739	2.17784515587635
-0.879149568938328	0.708063404218952	1.86383549947094
-2.00771192225297	-0.338811814793509	2.93308976866996
-1.7695202093038	-0.391786614476161	3.84875244461582
-2.67260620206765	2.05178633831556	4.36462906705618
-3.08847965942079	1.92501334407059	3.79893926799839
-1.76542165537794	1.75918984301676	4.65287119976344
0.97981281373715	1.2232853705108	4.12451596765367
0.520445695702517	-0.450152836424829	3.93008543400147
0.52327473902929	1.15435538702034	4.40349517182764
0.159872813395939	1.09246018724937	4.89538176037643
-0.734305764566945	-0.703837361236763	3.63057089989314
-0.856939428619996	0.773446270969472	3.10008157938076
-1.27321975123297	-0.142493323477058	2.32310390427879
-2.51722180129142	-1.16872853444274	2.34099769669531
-1.73549547586248	0.0650897110654478	3.73673229154726
-2.57414503423875	0.692761228834201	3.17015298555785
-1.58329367431152	-0.465127078196469	3.18017497374695
-0.764177786153838	1.1521988356267	3.10753237345272
-2.11696652354611	-0.822552591632336	2.55271990875395
-2.07505729169064	0.180278432462463	2.40346226359764
0.157827872849787	0.411222517268899	1.84674734635233
-0.0933875355336531	-0.838538542182928	2.59134278101803
-1.58672378030319	0.497184083401979	1.60220651932551
-1.77679977061617	-0.476814030690378	1.68796896699376
0.397073178513435	0.785830355614585	2.73117284078089
-0.079376887351742	-0.565544473069893	2.53148681788786
1.23625138878005	-0.450817494580728	3.46015999489149
-1.2511725869114	-1.07373726019165	1.92353995083542
-0.898993485456747	1.91052303379226	4.51434201015325
-1.09451074800283	0.282492722504236	3.32504324516911
-1.42704758966863	0.200084007104225	2.85658976423013
-1.38879639626879	0.926386563440669	2.81223652455788
-0.596135573778228	1.53823104939509	2.47417755556988
-0.310919228988722	1.53031636412849	3.12133052798908
-0.303920449163829	1.08764730091818	3.44260374871013
-1.55268281896249	0.0346346236632166	2.15905422836801
0.171583271208209	0.557735884164426	1.91277389255499
-1.68028992764175	0.412108738521762	1.72747841753545
-2.28797604720351	1.36825901052799	1.80970619655859
1.1745729494262	0.634049892685988	2.9650535687261
0.0629422492495169	0.215398313437358	2.67471033650353
-0.390308820680093	1.49256251897556	2.46244663957791
-1.99689896030761	1.72800625858271	2.87105506083733
-1.75045816552412	0.224736164862618	1.24939435644018
-0.258471604965356	2.68780731938023	1.86572024335295
-0.357919124729443	-0.22478932971281	1.77192478019192
-1.27352065212894	0.685032611016326	1.94035543561877
-1.78164383877294	0.462892606611532	3.3811449718704
-0.320052116433195	0.194226150491828	2.19741317641879
-0.52618931181326	2.52363396961757	2.29945443549308
-1.82256494415701	3.22481561214388	0.921232615460801
0.064876756459148	3.32679328977948	1.95806823586346
0.0381825335465805	2.11114733365466	2.47523600070993
-0.556846383580109	2.73137735575679	2.32432683980622
-1.90105903297169	2.74295707942426	1.54397335004282
-0.101821774554804	1.32625903996639	2.8512104640599
-0.703208596803313	0.733333943155492	1.90306262590507
-1.515824792756	1.48379343501099	2.32151703140436
-0.987076284723782	1.07867121959917	1.72817893824101
0.209149066007511	2.12703888682618	1.79642272686558
-0.802272769238773	-1.01690710791119	1.92772424932527
1.14026587591812	0.32670082651536	3.53735794113013
-0.0223128839967592	0.265381966675313	1.73542436128493
-0.766598586186705	0.287839761790193	2.482500879059
-0.701322524024814	0.0435431049409883	1.9852735381755
-0.882614747903782	-0.0866324467651303	1.70889026234278
-1.14251509699825	0.561932335466684	2.71740606536459
-0.923615953660717	-1.71006125403129	2.05135076070422
0.00124618215623068	-0.316031423424881	3.13038575405474
-2.09036182450262	-1.10637270718458	2.06803159395846
-1.52744487348309	0.944977100255423	2.73230235378165
1.20395251340921	-0.904979081891033	3.27529703688047
0.357724214283157	-1.6623656305047	2.65362794946081
0.943144864361241	0.474414890612381	3.5570219325899
-0.6530208188634	1.60597409070706	2.94725618612213
-1.02890494924074	2.00921214128358	1.73837902518168
-3.59365350338397	0.0953590888727206	1.16834800580135
-2.38746017847829	2.36083678878305	3.84027872327928
-0.768925950871032	2.93185104071414	1.54232751625273
0.66186306210249	2.30674928643949	2.25657419327404
-0.263620939205488	2.05289745375798	0.970239652018535
-1.11057627453183	1.1967486527669	2.38530223540199
-0.831016422142881	1.66131799201143	1.7323664898691
-1.03650458310842	1.8737697488508	3.06763387555039
-2.05177172849163	0.513742467092939	1.44710327541865
-2.93791040640436	1.0917281215596	3.14363768254723
-2.04789951248675	2.32707039824709	4.72764683644531
-3.12869781693243	3.78298174933201	5.19814186918882
-1.55187383232804	2.67722772798256	3.85610959320276
-1.18837410124379	2.06079164389252	1.32950442727683
-0.264293987257801	1.93970351717288	2.68259117098138
-0.0365406438276971	0.568563511183217	2.20691519801808
-2.76103216862391	-0.0353831723369489	2.07907687219319
-1.40273259544443	1.04182387541066	3.66891639478633
-0.972372001360526	0.223982632118627	2.80773639562278
-1.00994072567278	-0.175710912611602	2.76695969643148
-1.77975606779196	-0.589054294567774	1.91808189247063
-1.57069755761409	-1.33387416792672	2.81312370602452
-1.15978006049988	-0.743948253115461	3.44928430710914
-0.409317029301064	0.922047897835274	2.68224769597146
-1.11078602955988	0.334822936384681	3.12785820082524
-0.381153119192699	0.484802310158136	2.32734078005724
-0.387383646095685	1.00704194037185	3.06656260853658
-0.674115505949545	-1.85219229139009	1.8499264424542
-1.01292968045233	-1.26658071618697	2.35589995436544
-0.306474523670806	0.21046049088569	2.55254230784207
0.106169350032082	-1.09381228019938	2.12076881775098
-1.51516823467069	0.343907638520383	2.26501669494149
-0.872707927369117	0.286427975784922	2.56181669214729
-0.464799884678904	1.55333041592467	2.23313217852473
-0.134074042300521	0.302460668806969	2.37998134912715
-2.06050192402215	-0.507627214304742	2.06977395979534
-2.31551880461208	-1.17104652008426	2.08917274981132
-2.47898910780861	0.678960147931318	1.84079849156827
-1.6656139245171	3.10047598945184	2.46397826720002
-1.27788986163381	1.10966365219171	2.94058592586577
-1.41456576718648	1.38700960472355	2.71314071866491
-1.61389658000904	-1.46207710061034	3.06390786070281
-1.86685556596248	-0.0780871814683476	2.56590318088743
-1.49857568146705	0.187518824768062	2.6436884990978
-1.98729481288098	0.152439259988033	3.43226871986908
-0.562653853472455	1.21735379569298	2.12328970601673
-0.725929972481509	0.304542195563022	2.58206632432234
-1.1875788593257	0.549386119428961	2.74494049528014
-1.49887145402364	0.344325997523203	3.10819335910368
-1.49224812156117	0.516987634366624	1.94543247654839
-0.638840332999995	0.360201226109071	2.21632022055721
-0.877187863622368	1.89932263285861	1.67344513940953
-0.721174731596586	0.741793539794769	0.413133619521873
-0.236375709593675	1.61621093971934	2.47034730597156
0.91449969328686	1.52715149356714	3.42861105471709
0.469908211626406	0.655156527302455	3.67823426146951
-1.07111196824357	-0.333965273418952	4.86863215671437
-1.00894503732234	-0.964980335812723	3.67012256259638
-0.0517824690727474	-1.15952716918573	2.20860466790612
0.192143630133212	0.365142111068113	3.61020971792949
-0.279050093421885	-0.612677888939744	3.63246449321536
0.129811723462313	1.60569154318465	3.93193013308674
-0.613126889769046	1.32215174357881	3.723306942466
0.193110382920686	0.542131241171563	3.21685813160693
-0.649030212256094	1.65953352722525	2.88610388723956
-0.108656207305992	1.86362754802887	1.65574106737906
-0.429256708286169	1.21024043558117	2.82699039596104
-0.260471507228955	0.640152963986872	2.03036803700443
-1.67202108480993	-0.394084786212522	0.614097767211814
0.807340789119245	0.852242737750429	2.97982143885178
-0.445036314558916	1.27487788747126	4.20659351147973
-1.71967137526574	0.395675096753652	1.08012183125291
-0.666954066786856	0.840988947667506	1.38649740450057
-0.817177772481257	-0.333407695902074	2.22520056235518
-1.1421348382409	0.600302384643601	1.76231770721917
-1.2396530603726	-0.34140176703486	0.595645244233982
-1.68048545187606	-0.271170662248895	1.87583742644656
-1.26855473629586	1.23961964007917	4.22209287406849
-0.989589387998745	0.411614292086473	3.33569207590501
-1.77316571193258	0.134192447045804	4.29894671181578
-0.413556604907391	0.401889418774151	3.24961111334695
0.253238777023096	1.70196637066488	3.73655462741238
-0.875868742267723	1.38185318102415	3.85066305776067
-1.53585360756088	-1.62551607103856	2.3213684208439
0.231219579022845	-3.03680541732356	1.86100373302584
-0.458818458865904	-0.651981892059907	1.63174090294824
-0.0659995900734778	-0.0192672601093745	2.77347277449959
-1.36994437344942	-0.231304771561805	1.63596051988153
-0.581792432817846	1.10493505978464	2.83806100273728
-0.458740172278749	-0.258579816446489	1.27997127682057
-0.269131187092189	-3.31964569305618	2.10580840957889
-0.415812882451566	-2.73015058246468	1.94528483167586
-1.25477688043088	-2.21311617682444	1.89214101338625
-0.428601490982778	0.496221007479044	2.46514488238103
-1.08390093630125	-0.125478097850131	1.76043860373236
-1.97790056269497	0.694719946029752	1.99073594947569
-3.7038404779081	-0.351209418926356	1.63198487408924
-1.00531652596207	-1.20979676586991	0.634547863674405
-1.30653259725898	-1.28838467194741	0.947695855716205
-0.645102943183564	1.07149751662287	1.66509750765769
-1.92753294317684	-0.385218598258563	1.59048887478334
-0.999313909977839	-0.637868442058502	1.46008210424435
1.1099691437123	0.250029742558016	2.6448822031277
-0.525136555874873	0.331828663805213	2.16260199304906
-1.1777674856769	-1.02872582765637	2.67083432787755
-2.19072241761897	-0.108802795232156	3.87344450844884
-0.870967691492688	-1.03025265953211	2.96544578173844
-0.026041400177004	-0.530594067865841	2.52040522386613
0.820746514857127	0.0125725706478236	2.48655524975164
-0.180257694976889	0.231475559554747	1.46957568411684
-0.863874433950775	0.553219594251648	3.80961089182112
0.0708480627525341	-0.144751348733779	3.74374370445582
-0.0512956982311764	-0.153793521283896	1.73897953984972
-1.2116328860787	-0.218413985236246	1.94045869015168
0.12342455214205	0.698248444150295	2.29017585381881
-1.20188602512499	1.29638058085615	2.78785598179547
-0.849683324806756	-0.188409052534974	2.60327450570785
-0.160918223477693	0.70926724046934	2.67058206268529
-0.643951964736669	0.866961346206323	1.97361630947631
-0.853722898310382	-0.628434795211469	3.37075184476587
0.155302161629429	0.671410938066139	3.34678882763626
-0.457792438394859	1.02902387043392	2.80821133435978
-2.04188857437251	-0.853702806823588	1.33347946343991
-1.11558358856669	-0.465611810911356	2.05925285490611
0.800879278019477	0.200664839907342	2.43080340272138
-1.2225020312717	-0.184281048249423	2.80760919714023
-0.978672164960558	-0.291836864441932	3.62161640779532
-2.06677793477508	-0.590568026504934	2.52426737500438
-1.76533534139708	-0.161995609850651	2.18718733594605
-0.468844703124714	1.41397724667351	2.00557117319959
-0.364447268949708	-0.879191078607172	1.34461165733811
-1.14863351898218	0.0223848004458379	1.76227918399866
-0.687811552129416	0.76360583114626	2.41622508285324
-0.418936796190445	-0.800419600618045	3.64607583259273
-0.712921801004442	-0.693793451826139	2.91917815600852
-0.0198630328665335	-0.641943501618527	1.4923040665388
-0.322784739318149	0.656629684195347	2.54833337629749
-1.09093392006786	0.0905932725851405	2.41064670685946
0.276219701952721	1.92739053761082	2.98315222505226
-0.251100133636331	2.85692705019757	1.90169315399841
-1.71225074058373	1.01589386867981	0.182106718726745
-0.899967407274959	1.19430346990424	2.08693264309742
-0.253614944033509	0.895177203259421	2.60134145288936
-1.58251056058354	-0.632519951526389	1.40223962970314
-1.77798192388931	0.206002068794519	2.54919016663179
-1.80526693358542	0.921991358434111	2.88240673520668
-3.47290563644133	1.4571861696568	3.10202028190462
-3.75854456316731	0.265641943608525	3.91968919584907
-1.99541018686552	0.0163372924197117	3.75445487729886
-2.30031268590624	-0.683938821613666	2.05783541970753
-0.577908209270868	2.10437048578958	1.90903835004379
-2.4545110570822	0.170034120949294	2.47052156974502
-0.986121224468551	0.404990342066471	3.04371832185511
-1.18176606170743	-1.04335277478226	1.29966488067442
-2.29389047030755	0.507244383834394	1.26377674408545
-0.613157185235424	0.844639313271932	2.03800931059625
-2.21420418796655	0.443576302425448	3.50747987702891
-0.767387984950649	0.337100006739627	3.50300128256287
-0.804694962839972	0.847870677080457	2.22379926802492
-0.17892826349602	0.149376978115152	2.02554021561566
-0.531679569750139	-0.647868665484676	2.10689925117974
-1.52733945809398	0.642819370191592	0.355110610895838
-1.14051816164365	0.704073675363616	2.31496161924082
-1.08228773337893	0.0602641303519365	2.64135404275757
-1.04034291920061	1.51007001172459	0.774439607203025
-2.85457159194213	1.36715948903815	0.815217086405662
-1.63654403821611	0.176146558404091	1.36337002621734
-1.035924370338	0.0466443787708941	1.94750968962883
-1.40416530967821	-1.60564647610611	2.72686241204229
-0.903163630450837	-0.208859297768985	3.7308002468177
0.418932681340433	0.864809611299252	2.10713994963548
0.168384962330545	0.715051017022625	3.17065222785213
0.0877208702806994	-0.929431309601717	2.68735883541909
-1.24931398122268	0.767259994489475	2.25589316498856
-0.484596161848247	-0.0216599005136153	1.73586851382617
-0.273858007014531	-0.825953796518842	2.61552998660132
-1.14442816650739	1.03110766765606	1.57482765574148
-1.78105895563496	0.163268458356047	1.64780826436247
-0.79332243519917	0.827075123968345	1.77760172423183
0.127896381194074	0.941182556533765	1.77007344918811
-0.21220117791499	1.53816833244004	1.46594096929873
-0.534078815962133	1.47305342534239	1.9982773895556
-1.63678201282599	-0.240029373854486	0.849052294493815
-0.866945537146895	0.957690144091069	1.59215920183062
-0.597665567892567	1.59043661290955	1.54770505074968
-1.0230739290508	1.27251672923757	1.83463197463209
-1.19227468024694	2.30400090174693	2.88174747789363
0.143210046388009	1.59007404627536	1.41456333985587
-0.819805412760325	0.617096388534518	1.43098207524849
-0.9348154682799	0.850673821845139	2.07208124333805
-1.67802710694807	0.824590739957913	2.4382510152117
-1.49140743254239	1.47715216019573	2.4037967600067
-2.13294844904766	0.701708230386014	2.41661699411184
-1.46347512316518	0.619477721697516	2.14725925279638
-0.835993194594325	0.888591048322523	3.08807975849741
-1.76620018363722	-0.509978980034546	2.49275691475251
-0.62018032580354	-0.769158326971437	2.38579941145211
-1.3512021749069	2.24767441182576	2.1253718369307
-1.87900923809157	0.360014542525512	1.34512413999253
-1.04029558395942	0.260932681499911	1.84698012661516
-1.36116318657578	1.59399714261813	2.2001972323343
-0.919214361848827	0.696742681936776	1.18095675712366
-2.49560178140598	-0.360027191440216	1.64670710072849
-1.65702555487393	1.25116549903345	2.3087431454966
-1.87936686434173	1.05669318450667	2.25507927112771
-0.748840426094689	1.8142122672475	1.55030373473557
-0.716717731177961	2.72907798209118	2.90927998924922
0.191371899027371	1.71130179132622	2.11586395688585
0.171242317981141	1.32538570887912	2.23330992951763
-1.15290546216168	0.0514311067678885	1.67302841203208
0.692250949835236	0.698467664729384	2.56714837018862
-1.1338792558419	1.93792727292606	1.62110960123924
-1.54675675172591	1.32175567832841	1.26575579396499
-0.235522766062066	1.91649876178363	2.30160188007611
-1.11652789424127	-0.543641275488909	1.43925013941396
-0.831418108942139	-1.02313903751071	1.5985288950826
8.98572223488325e-05	0.677138958980642	2.80743468913908
-1.35302953678587	-1.17088668111798	1.96715123657603
-0.616115064794965	-0.402816164701741	1.16682011388504
-1.88243755523741	0.0182511032889466	2.32149334917075
-1.48845621330193	1.30706782214422	1.87936607110486
-1.48372346913753	1.46853743453289	2.34057683475624
-0.563841493432093	0.640297664185394	1.41339270912762
-1.67615316190432	1.08607218943245	0.895667596653713
-1.84575428821275	1.12700280168044	2.69425829394359
-0.955777916230653	1.05422648608784	2.43510875055416
-1.18084836792824	-0.831427368072475	1.14884626087803
-2.3897986905909	-0.776382944224347	2.17605626914845
-1.22954144074285	1.23151482637127	2.64300366267952
-2.61057836189539	2.31655351235878	2.62062764472775
0.48961609083691	2.68932535159448	2.90431046781243
0.504993360786246	0.757151754080661	2.93689006103668
1.07299036877936	0.895530549082811	3.32810065575747
-0.051526922828836	1.04627633554988	3.89677070896602
-1.00765123111405	-1.72437027995183	1.97033151453127
-0.636232621553385	-1.12612950715593	1.05747179337609
-1.59599467505692	0.830106447005461	3.32515410563863
-0.874573097422013	0.337972669549504	2.61391090033266
0.764158766484758	0.440016288850479	2.14559524509967
-0.523436241522566	2.7918721025169	3.9984234472666
1.9759977048276	1.00593763747678	3.91279232523745
0.15080224244022	0.0372192184499776	2.74901392977783
0.181369829047607	0.724711088692707	1.92981974623289
-1.62339466575096	0.603058086021231	3.82597879535838
-2.11749067352068	0.57776554805034	3.52955772645537
-1.24266577165428	-1.08822380931638	2.62324648697123
-0.223949402718805	1.32273236578607	3.46664321954733
-0.611666117976904	1.22047471324372	3.17128295698925
-0.349173103003033	-0.572802887681553	3.23946328489014
-1.11498023911012	-1.72357471434265	3.40299775391553
0.381343421392033	-1.66469422826086	2.30678554785536
-0.397447568620878	-0.780710340348996	2.32328641578959
-0.670104958208106	-1.3510539541951	2.0534090367004
-0.121428178936684	0.508655652431781	3.3812795454705
-0.388386004938667	0.745516509315991	3.03095791168899
-0.301350854333944	0.400591492635438	2.35664848506231
-0.113841466359655	-0.339159129725549	3.05645376822702
-0.746819937968126	1.02588904327679	2.13812660144503
-0.292534476352851	-0.420672474461016	1.42473989706002
-0.745415836489645	0.972077831216351	1.24269487052682
0.230187460832985	0.391347297840009	2.55462421986038
-0.735359490585046	-1.34808224915166	2.86723315547003
-1.1430270536652	-1.98777302277851	1.41608883040767
-0.97922599935538	-0.729526230884086	0.730343274173243
0.0343484101266398	2.32857043404981	2.63374895345077
0.268450724662219	-0.180595059321947	1.78883042718361
0.491856842761987	-1.35577615822678	2.2455837654641
-0.748007314133259	-0.157919857098883	2.35253517900002
-0.557307306087551	-0.0754155736911529	2.98768669007796
0.0799836632320095	0.718227297733848	2.29015803445742
-2.28153247359221	1.00832043811626	2.09568743611557
-1.57050218915087	0.0282483270184185	2.31433274088379
-0.565697102366511	1.83901874830501	2.82441115894413
-1.38163664514854	0.0942833527591797	2.3717099012123
-2.63713240740698	1.19609348621991	2.33932592675586
-0.427835596388284	-0.025678147816199	1.59336623008216
0.0957140406694258	0.852151397617101	1.7465684613648
-1.48694058212895	-0.208498723715731	1.55574822383129
-1.05598530736286	-0.254863121377467	0.936622544844264
-0.201954145209983	0.166491053805402	2.11085135210947
-1.32454749526474	1.42339402894426	0.785725693497427
-0.831224875609297	1.47790517941737	2.14869057450335
-0.161678833491756	0.184781694835603	2.58715378321042
-0.0781646854037766	0.275901028183131	2.21213254956136
-0.989246783245407	0.698319002319546	1.47135142521135
-0.610759118473377	0.0650894143503407	1.46069013852908
-0.843276944504097	0.348738799079577	3.98495526702553
-0.458622805240008	0.868593507606072	3.21802487943939
1.16976707775192	0.462878716633056	3.41509903711205
-0.331207406362828	0.606856080478065	2.22781494678924
-0.119098477311775	0.449785129686979	2.56241324321617
-1.16471931605435	0.88553632729372	3.00688008238819
0.0697760558716533	0.111646396536473	2.29747659346736
-1.92487929672953	1.19823431750459	1.99726498875734
-0.751650500865023	1.39029148605486	2.21398305623557
-0.755414114401941	0.943352335581304	0.947359251534521
-1.76803125460902	0.122067489791447	2.04495638030158
-1.18035302361463	1.02512790032102	3.06087481208601
-0.785619481922171	0.157342677537838	1.94918078807156
0.153260877733256	1.77009910584409	2.34107329391365
-1.13374472167953	1.28604890987515	2.87360603460056
-0.99747457893466	1.19583320069722	2.55578796133898
-0.912137143920645	1.30419072517657	2.57620197745709
-0.0586074982103432	1.58505310829115	2.80085558787018
0.0191229202129044	0.265429964543786	2.88095592527887
-1.83165349392907	0.336707243284723	1.7475531725412
-0.535167887245232	0.634799157706765	1.99476651125316
-1.08949616677028	0.722310612159223	2.17361487537295
-1.02354205834979	0.872555938993063	1.14450038967451
-1.52557428029283	0.612717753129133	2.67301022488805
-0.538474036721406	1.33384341495455	2.71414489325936
-1.04849141347099	0.48868898486061	2.62760981782185
-1.86062317868665	0.96683618390364	2.38486420158255
-1.89412082232932	0.429691069861179	3.01077309576411
-1.40281653258294	0.182817937205345	2.93612045376255
-1.96769106696699	0.890185128835838	2.86916111246516
-1.2212877771448	-0.0117972443895354	0.857492150070287
-2.57574378978969	0.852989853648652	2.45299554343922
-0.381989448227495	0.908760047657164	2.57566050278602
-0.160216779114003	0.999582671667627	3.65670128290954
0.526851812337815	0.682104027897528	3.89358243432048
0.302374519008259	0.865524544450285	2.71508264464818
0.196559738303144	0.852441315746384	2.37713551451287
-1.09062884278534	0.0548723995889564	2.44618765497082
-0.111300022965395	0.776611196499241	1.81327721346924
-0.188141284371161	-0.24510071012039	4.14369069558627
-0.521913250336664	0.50101927829284	3.49803937379146
0.895046733305705	0.381311943178972	2.37140381017006
-0.474356701375155	0.770838252915555	2.53323111602891
-0.52900783585384	0.710978617326129	1.42945283138
-0.848158271218368	1.20954821386147	1.10959061182236
-1.20051584362499	0.331926006304	2.52248346345214
-2.36220287457896	0.385419104146969	1.39088541104226
-0.224900758758944	-0.179781190660377	1.6234496932865
-0.0781296488773326	1.38949632043197	3.33871130207975
-1.18619238740643	1.40676050523134	3.35450902011991
-0.490786884469967	0.711101309536195	2.920739357136
-0.898000811690187	-1.04522747042262	1.64205480328711
-0.730076558584743	-0.297664015924532	2.91348217026235
-0.847304652208776	-2.94179523536425	2.03146971882424
-0.422851497694855	-0.937249032813443	2.84940776988457
-0.0192560303053724	0.208269138156859	2.4334356153701
-1.30323904017199	0.171535476760318	2.64250025719027
-0.724970709338004	-0.205161223227123	1.21830498862334
-0.271098342462526	0.969472789025668	2.29953529707942
-1.88550824111912	0.346420220219828	2.46306330391652
-2.52338142518508	-0.478283256875607	2.46666033501154
-1.93138271522029	-1.57162266221878	1.44177356106757
-0.861052016440065	0.43480895378681	2.91039946638287
-1.25122352682948	1.43140352016722	2.88882794134126
-1.21567455053332	2.70833624900813	1.75366957064159
-1.1856117035403	3.34427907422293	3.29252820861474
-1.727527089404	2.23632985569682	2.38372832411444
-1.23278583336227	-0.075800198901089	1.26345531309052
-2.10056392850427	1.15801764396629	0.676399170698415
-1.99931369651167	-1.11354786718452	0.885573993045024
-1.58050101133418	0.995444487894225	2.82872428133093
-0.973360177055921	0.169132090493158	2.75084166375982
-1.96092825939569	-0.0256179276774611	1.65914856335445
-1.89290314886286	0.148190289383647	2.79434421907055
0.055578108562996	1.33795048272563	1.77301646871264
-0.348251248180893	-1.20950098649495	1.90787254659029
-0.479667757992728	-1.38565535528757	1.39000729891817
-0.936558733920307	-0.519543441031816	1.72368367289802
-0.810472548500719	-0.186666338109861	1.57513866019186
-1.52277204080601	-0.885688223501906	1.16953344120709
-1.36074181934515	-0.451857472579068	2.36616772995819
-0.708136936456346	0.62043290862339	1.83113416242204
-1.28004906402001	0.566253577355247	3.0536520710469
-0.226656273165134	0.735725902592558	2.00770775147745
-0.107695576592457	-0.0393666574290301	1.92610908649403
-1.5184413206809	0.270767169961343	2.39511028545287
-1.04426120173427	0.629613260349796	1.57565722620808
-0.777741934670132	-0.333816252350268	1.65636597403656
-1.20546886246267	-0.315846373990393	2.57248736946978
-1.01281320071396	1.68068945227504	2.17580191677745
-0.509084931740008	0.518462757286358	1.41478981809143
-1.81676147658888	0.518223145998937	1.86807829406925
-1.23818870078163	1.53421391770242	1.36384541871031
0.331458038231096	1.18441764437971	1.09449192273445
0.186676799736136	1.41507260361551	1.73914845995366
-1.93649354792018	0.49037630920499	1.28413238508446
-0.44495520691868	1.04268323790118	0.744630085799476
-1.45570706955146	1.37856246261725	0.693662905751364
-0.790227039800311	-0.844544557574023	1.43201772849676
0.048514949154234	-0.472762774237155	2.51088346068997
-0.471113982113815	1.39968828710463	3.53879312582617
-0.644526704063115	0.455581142753325	4.13314023812397
-1.6968063544734	1.49129977984566	3.76505559509866
-3.40576816132774	1.69310831485607	1.74772550789446
-1.58926967900119	0.884460528663917	2.92979925187912
-1.50820913060557	-0.0692530558889383	1.59768898758811
-1.59856187527904	0.0888740053335062	2.34717188714495
-1.56605407200228	-0.466926740189441	2.39161848098414
-1.133241757352	0.665157276258061	3.00186498650489
-1.12572575403954	0.644337879964924	3.10960385135897
-2.53713991981685	-1.32651303419599	1.09899268651048
-1.7714885660502	-0.0616934177583294	1.6345553507167
-2.22934804838379	0.0651293043755163	2.53049161284734
-2.28285707783882	-0.829925727061828	3.02621959396633
-1.78850658064503	0.237460359196636	1.06640680795933
-2.13772635354741	-0.0319094307732991	0.650974042365674
-1.85606511918443	-0.204298446961228	1.57911533634262
-2.36453867356799	0.322624528505428	1.01856091121734
-2.74411702692882	0.806610919753827	1.48204660114723
-2.24045515954486	0.886040314160717	0.561994803292017
-1.68781844745913	0.8141321225602	1.69535650729954
-1.05938316277419	-0.321938602576122	0.755213622749547
-1.46869023503658	-1.00878922116377	2.02838681187304
-0.990583107392511	-2.18405049015957	1.40476473981265
-2.38557249204032	-1.90831168466765	1.04638911557966
-1.41013796344276	1.01149216084428	1.49254696885496
-1.15097298097257	0.632427886633615	1.48291870817688
-3.03685949001654	-0.426277554386748	0.599580351558609
-0.651428211790972	0.994985851377239	0.074730535585842
-1.83241939173209	1.12477473227239	1.81927765115701
-1.52230301126718	-1.04363435024224	0.0985768568123267
-0.232929305922061	-0.589693006721814	1.30737119223911
-1.859141763866	0.041847705534714	1.04709937388782
-3.3570118697849	0.203417076212032	0.914538436803066
-2.53592556158824	-1.69391497555463	0.517287268869814
-2.68549221987032	0.260258922267183	1.42413792385879
-1.24100801602653	0.00855084942387019	0.912068164458648
-1.0989717432111	-0.040244989492514	1.0284810662145
-2.61024153861454	0.011031777999875	1.88741808437876
-1.62509898551827	-0.0324603211711509	1.15409795337039
-2.49116026043115	0.664423020393494	0.712583698196209
-2.20345093053066	0.67451742745545	1.47976112021261
-1.99676827870339	-0.524128907395949	0.310782675270754
-3.16781098479215	0.939179406314951	0.903180687366698
-1.32261563480096	1.69263752455738	0.336671080682157
-2.11343476992434	0.211541106649414	0.124257987984785
-1.79727084404827	-1.79083117581759	1.01991161644479
-2.48819506963866	-1.27663249906842	0.804306922995032
-1.81377897777855	-0.230936469350175	1.13376203526908
-1.39771718329378	-0.025315818588705	1.20972534297532
-1.50095666406944	0.698021498396996	0.858782850105454
-2.08598273388753	0.330435078329314	0.603177456098871
-2.77727103290484	-0.0795342470055442	1.6877854399846
-2.25793720451112	-2.07140240537516	0.655646455601751
-2.82169715681153	-1.20646854745845	1.66963586876979
-2.96345657613295	-1.53497025745394	0.352041230157849
-2.56650621206658	-1.08513498809593	0.846777980830349
-3.08153017896832	0.0594192330926898	1.26852681254244
-3.37257855087612	-1.74296267235603	1.33254995396548
-3.1125420233208	-1.58946794447384	1.41488395126366
-2.69716910396282	-2.4355589462868	1.11584277646453
-2.78433362138211	-0.00742986451918237	1.56969001221984
-1.75050472624629	-1.78682688864947	0.27502746647231
-1.780136328556	-2.65491916767127	0.252463177660872
-2.09374475181725	-1.81854841417627	0.851733965342318
-1.51380212796008	-1.554721885996	1.01165899526271
-2.21356412764756	-0.722226403140613	0.890579525364099
-0.869023917933154	-0.0814982565792405	1.47247164585675
-1.36859378188764	0.52062313233326	2.02117715979834
-1.4088417928639	1.47379256106858	1.19040231852853
-0.487246520950192	0.22801104626815	0.471230985868732
-1.50945255720796	-0.395818403394374	1.41022989561464
-2.23761756474709	-1.72061651194466	1.62983427912429
-1.22049529147491	-1.04056255240218	1.69617039581452
-1.27617764129612	-0.697682067844066	2.39167407366012
-2.06313506934468	-0.52228699621909	0.562413109498124
-3.89556742447518	-1.64609018146711	0.990721694768068
-1.8214036774941	0.566028997596022	1.50913512419198
-3.15376691836034	-0.3978733708009	1.22083100699021
-3.53239246446664	-1.5452681155726	2.1428722862565
-3.88589147768706	-0.182619837230601	0.672549157251722
-4.7281785403576	-0.439006929185047	0.565555998081289
-2.60675185631567	-0.154545485473325	1.2577607283652
-2.86720742037972	0.603853082733623	1.5809686007328
-2.67686216552385	-1.48880528595419	1.66293545503093
-1.73429322968569	0.01347569223584	1.33587232115973
-1.92308687136753	0.246730693473368	1.17217539302228
-1.60906920091349	-1.03236985624275	0.802675634799932
-1.42848904339627	-0.793141946117807	0.899114680848318
-0.675438786002692	-0.546493038607091	0.591501336947301
-2.41426128256247	-0.177677766346234	-0.0514615555466345
-2.59236550139646	0.568928759108289	1.38659826285509
-2.76701697288631	-0.582947219248568	0.872368781946785
-2.23682532936797	-0.293604372605543	1.95065254290928
-0.286900120765721	0.046982141399794	2.32706826616639
-1.99480681790926	-0.612432208840962	1.74475062565298
-1.29639651336732	0.42937765080103	1.41015448491751
-1.01239325359992	-0.503150539959561	1.37929541820425
-1.56807500171857	0.807186876831969	1.88676341545296
-1.33174561936703	-0.218442572762691	0.849422874917886
-1.54084050823889	0.817756845406628	0.610042485075952
-0.409819051643794	1.32562196929048	1.97138573365226
-2.73750331406909	-0.0130438981814609	1.86882418274766
-2.19008218199394	-1.34166901049571	1.38413296583612
-1.03214129759694	-0.622039621116838	2.03059780499044
-1.76716503241032	-0.0364729803471786	1.47674287196899
-0.379435953743967	0.170618024894873	2.40577897676113
-0.561411451618036	-0.332794189245664	2.10886278333985
-1.07335110967608	-0.662123212238494	1.2243838968709
-0.678786409522386	-0.0192128766267956	3.70721737597517
-1.13447479181407	-1.32157209359445	3.36180287254723
-1.36847958350381	-1.15081418509132	2.40842013228111
-1.74781368783057	-1.09936910240198	0.977011179443963
-1.30292599203659	-0.580870679441716	1.10010919646131
-0.937722967228814	-0.786759600679091	1.00747414119749
-1.67764011059138	0.523696025270917	1.01127607343574
-2.80661328473633	1.92231777737381	0.497081660645668
-1.0335115638653	1.73481346227992	1.84582459236321
-2.05635709609615	1.36009281680702	2.75882075401845
-0.681539481990678	0.278238130577354	1.64094563680789
-1.49928306683451	-1.2492469337563	1.14624250219472
-1.92144812635844	-0.993236134145519	1.28334679753899
-1.77148286840021	0.57887548543984	2.75049017949875
-1.56797828804962	-0.780098981174432	0.589217961609689
-0.826470429977148	-2.01162312308079	1.21248724773891
-1.62037473704116	0.819894793330588	1.71426468194628
-1.55270833983167	-2.21745558831378	1.27976348283037
-0.984275063408181	0.56285006685544	2.03851812517172
-0.901131589135078	-1.22768169663571	2.04521577250888
-0.351796036087942	-1.49968647687049	1.65180038526087
-1.1315396183157	-2.71697759857534	1.17597743886521
-1.09163437536448	0.317703634723102	3.77632477043149
-1.91547943322883	-0.996862571388765	3.63811301230202
-0.415090414984412	-1.37075268599043	1.43486800181422
-1.90564957834202	-0.423920433891637	2.22039481698792
-1.71779178417786	0.648714053790957	2.82006698440936
-0.390137755592226	0.985955579869195	1.73329030231299
-1.41318899542485	-0.814932004585595	0.983448651864943
-1.14397910553533	-1.16451363021832	0.978544477915977
-0.836992259588984	-0.774084639716473	1.69501498809201
-1.16564358958415	0.374559440425489	1.55826943083065
-1.73944125263026	-1.76309309034792	1.58644694970606
-2.18428656312062	-1.73654435938909	1.33180681030391
-1.24447943562864	-0.763556979868724	1.05335922041719
-0.470330295940593	-0.436112918486195	1.33729827707572
-1.41453842111444	-1.07179335305615	2.20841166923942
-2.61264946027059	-1.31576324196496	1.35653471685155
-3.4283678842227	0.90429322123392	1.78529310975168
-3.31985723217712	-0.966964568810436	0.937201745908507
-1.68191852394738	2.21419400197246	0.727818965751848
-0.842796111642668	0.484455606373456	2.09142535651137
-0.824213170781956	2.12808095708971	2.40787080338031
-0.0460167364169542	1.11571726535305	2.71677604427287
-1.13980192320602	0.345280757936179	1.53136142540063
0.130457048298118	0.46649564185539	2.76246494655613
-2.53411567688629	-0.86263771646936	2.25195820095658
-1.04761653912391	0.985727713623483	1.8703296823662
-1.69674512751695	-1.4785179907337	2.46477632871621
-2.29512917183492	1.22328088959959	0.923097360703588
-0.398305559405317	0.93411376123736	0.851250388811097
-1.02161659611445	0.829878433668763	1.6879707642359
0.156030023232916	1.66140995874953	2.23513279138795
0.100585604650568	2.06438342392163	0.884517417838049
-1.08406996706707	0.874240259504133	-0.304157969468018
-0.878836984624547	-0.493245136966828	0.927319578812056
-1.41246655894912	-1.02481250832201	1.22362885144613
-1.42983913121764	-1.89199147908901	2.14700303929811
-1.27599857528868	-1.38155075086789	1.76948340309186
-1.0762208328634	0.40661532399718	1.43910743012748
-1.33422296717632	-0.029267740746079	1.48117485993534
-1.78160662524454	0.617537181500696	2.17652850253844
-1.75710555889025	-1.6212229042642	1.68130221908771
-0.826023086236762	-0.159299821046116	1.49990713445679
-1.36478377433042	-0.715633649838601	1.23977733906094
-1.10149423115742	-0.379812588982636	1.30076121753933
-1.22887137558519	-0.678400013883216	1.89707438679786
-1.00928364063349	-0.0192575083607288	2.17211196544078
-1.45859744297647	-1.28052380338881	1.13316146143886
-2.27484674706795	-0.779789784538935	1.40683915334763
-1.55562100987608	-0.562605672813719	1.28734294074558
-2.05192656925179	-0.91676461296363	1.03650057948958
-2.10664944228657	-0.202936885395136	0.384296956322135
-1.55135172139341	0.0792771646511551	1.25247215849953
-0.981537481154316	1.37682813232674	2.71987473083637
-2.33193522482057	1.60367204082172	3.28921334592132
-2.33288067108852	-0.974710219706298	2.15640393038159
-1.54981448566042	-0.989926546653177	2.22879566704745
-2.00609648590295	-0.571677004986145	1.23590916625389
-1.45872620419431	-1.14603477000552	0.226620813371672
-1.96164862381986	1.60072502252924	1.12333426991831
-2.68305339557072	-0.14988587180742	1.30382422568769
-2.41423442869149	-1.28928206837036	2.47357474456935
-2.59266162640248	-1.78071993484806	0.855314261772606
-1.91626654784323	0.0498859615162319	1.95903764316661
-1.96650106217618	-1.67204165566081	2.71441321379871
-2.61838054163391	-0.253658313995941	2.43810886286042
-1.10440920205732	-0.439772145600866	3.08260566489894
-1.05984351304177	-1.31583881155755	1.14361552920474
-1.12271363682949	-1.522237187479	1.66289047254132
-0.623358874731411	-0.957086757338869	0.994217642768829
-1.58263007118203	1.10147541731012	1.37417060237695
-1.26648097651331	0.780135728121537	1.63262768015124
-0.423797051292517	-0.408390180336454	0.799618610206664
-0.563542559129175	0.556827702967249	2.09593204978448
-0.950437538350324	-0.192052976811747	0.695299292106576
-1.5271143645508	-1.53220600742431	1.82819333495691
-1.58311531072083	-2.02738590440765	2.69732990420173
-1.10735392153689	0.517274903912604	1.69665557713369
-1.38884424058531	-2.38221653312176	1.86428448511851
-1.36657772879256	-0.740784169063263	1.50566407918001
-1.30927401454232	-1.20164629377075	1.55773063299092
-1.24273977819459	0.200861023771174	2.29454921011502
-0.290783875283091	-0.0247007570195079	2.36079247605798
-0.747446986548205	-1.385058325745	2.11902418653646
-2.04059115050697	-3.24220824111448	1.95420383310543
-1.54073156281157	-1.71644971799998	2.97753380695851
-0.284325152101449	-0.502023488994901	2.54290671471109
-1.04528304719621	-0.594543353123984	2.12642221310686
-1.27325280470493	-0.111310564788214	1.62000863535895
0.0180383718657038	-0.0528832347120602	2.68050473189319
-0.803470682440667	-0.376855294667435	3.68110447710786
-1.59820286626579	0.793020421650955	2.80691671824522
-2.92998460347239	-1.04195810336959	2.72278126369765
-2.4463685138883	-1.23137128836902	1.77227112454194
-0.617043869988022	-1.80232467996212	1.9472838983594
-1.7650566165396	-2.76225819467403	2.35126196080047
-0.654771098048705	-1.03313040652719	2.33063322611048
-2.00205732872933	-3.01489431269239	0.922591859640126
-1.58223664778064	-2.53159943083341	1.76222799385169
-1.38745489763091	-1.07532996189815	0.96896979073727
-0.86738688933817	-0.85498590264105	1.44496864952269
-2.24482647666548	-1.41003225211733	-0.356890252023393
-2.12756093531147	-2.06263080584482	-0.741064360686327
-1.75192627470361	-2.10451012175058	2.2071215065308
-2.0582296646627	0.595739943463796	1.69497317753773
-1.36211923627253	0.0623353976422394	1.32635447089466
-0.758233238680992	1.25183956633529	1.26823892112953
-3.85267787942328	-1.94244069944496	-0.496703607022732
-2.21066884961284	-3.14588121949533	-0.23622735104958
-1.36446906705201	-2.60758938355376	2.06855522233272
-1.20733413848949	-1.27611417360439	2.22642480514051
-1.2974306804249	-1.8528203236052	0.759808860537243
-1.47782815149603	-1.07129024925551	0.887174746845513
-2.80264628025863	-2.05791755298467	1.4828310521726
-1.94428441003274	-1.05185776887939	0.698452510839728
-1.30302797409809	-0.79471458307762	0.8665776311944
-2.10390399875141	-0.511715900241794	1.40876549526904
-0.741118927646756	-0.105531970554016	1.86500020158257
-0.49682904869028	0.585129498499624	2.09003247830688
0.0944896988928678	1.06774759428207	3.03360425001353
-1.12899566266427	-1.14107125794185	2.18599181776673
-1.3570601376496	-1.10962657437666	3.4708748389774
-0.0874387722782888	-2.77652577218323	2.39830742833866
-1.84241080083646	-3.81432009337621	2.06013875784065
-2.3870199608143	-1.04621511788583	1.5156575051511
-2.45754783776409	0.767966945265677	3.13000181851591
-2.00766074305481	1.54697379261843	2.93161252898508
-2.20057882299054	-0.988847994764697	2.27547748333629
-2.36961420636726	-1.19694351792376	0.745132779113881
-2.20432130888117	-0.681132972022414	3.14205097264971
-2.34066024198257	-3.11311537768539	0.626699406405524
-1.54215450516872	-1.58552741063348	2.18233214104678
-2.8005559460775	-2.08320144080138	3.10385759858809
-2.26691723349884	-2.15996804626327	0.650529324096723
-2.98742921511729	-0.303380035071989	2.16657798849687
-3.25208985780167	0.564521818499557	1.42447230409812
-4.38232117110903	0.554001381082626	2.49111399585856
-2.22076352303369	-0.946453693430463	1.02437730073883
-3.25765517545819	-2.2249901284757	1.03447759265297
-1.84110261394819	-1.25356072746863	1.31362495920139
-2.40634031982684	-2.63569684509468	1.39751415328128
-2.86506796523454	-3.61455566287245	1.65953183085217
-3.29636020748424	0.48539870302933	3.13152781083253
-3.41199648586847	-0.579269030482994	1.18061325134393
-2.64028060379313	-0.361155052381371	1.43097317386587
-1.70337499797273	0.384570585502109	1.27468492352212
-2.63623388386866	-2.44412896021337	0.601011547112949
-1.14622820084436	-1.60200465239777	2.3170364666387
-2.1187011843125	-1.00278793152069	2.3238181599519
-0.764964891050528	-0.954306464264509	2.4536756293547
-1.28041573751787	1.87820816183356	0.843046373830592
-1.91999576759299	-0.312750572400285	0.700469546543715
-2.15966388399276	-2.25163363054047	0.103853373791036
-1.70418198614278	-0.0310723784858546	1.0595747669184
-1.60326989745059	-1.41635521226811	1.31813584505776
-1.41894019442088	-2.22964661491556	2.12863736190027
-1.43996338646498	-1.81214410705453	1.89559738682222
-2.6251151087622	-1.63578554325026	1.52690477456785
-2.7022642854723	-3.18424297819462	0.817161912429476
-2.21585339903715	-1.67953856957068	1.1760237293816
-2.42423687970478	-1.75673168983028	0.631261717144455
-1.49109523943505	-2.72602604001324	1.19480705599053
-2.59967998040571	-2.02282497244763	1.05210018308044
-1.5159211769679	-2.16070995385618	1.60954168411291
-0.550371106289328	-1.29932885793075	2.2976513789718
-1.17957408292089	-1.78344626877985	2.16446613699443
-2.81314057277605	-1.29168143031584	1.53715569927804
-2.33970597447533	-1.33574953379312	0.890871017040035
-2.27586842524249	-0.740232811241486	1.2470531355046
-2.87318877922712	-0.52689048969058	0.84682134650886
-1.76522575423337	-0.620335278379496	0.853916967037869
-1.20326217127344	-0.377338968727369	2.13030794137914
-1.01254007794142	-0.894610100509776	2.25263533011206
-0.828627922617816	-1.20046409101066	1.59465727502022
-2.29862994184516	-3.31454911837677	0.976660691459782
-1.44173554998041	-1.51401148605639	1.80516210579167
-1.26600465707594	0.664611161919584	2.60824694539129
-2.25373341012621	0.204526410216881	1.78524938801565
-1.70619484119941	-0.328656404317596	1.85337950691931
-0.808436844413475	-1.10545614143944	1.77585118404412
-1.34026315415405	-0.629491392131869	1.37041329476564
-1.45322562560333	1.20712984499608	3.17277006879587
-2.3091828622299	0.235656029128295	1.97250377463091
-2.16306154928866	0.581006152520911	1.96443359427489
-0.935407672212922	-0.465125491428614	1.54282727248316
-2.18815806101464	0.485481705618355	2.35044961099059
-2.35554855242915	-0.614271179642615	2.85515104363173
-2.06016881086691	-1.517007646547	1.97042448793874
-3.80869928579419	-1.10012143525571	1.38741206962657
-4.44166949201471	0.331670591154758	1.48108161070213
-4.63709163407302	0.717401710548496	2.06125465126635
-3.86961056223734	-0.0918055917838941	1.7154726668711
-2.25075923447529	-0.648102525532513	2.82252254100548
-1.25688136665994	0.186699557812574	2.21108654256857
-1.1998194673104	-1.65261452878867	0.923841514941684
-0.367972934337116	-1.87926160540876	2.17216686973354
-1.8367749193742	-4.17658400445471	1.40310001360509
-1.7797676572574	-3.77884937493131	1.22928096369791
-1.9731192520342	-2.26678390922105	2.50727424302325
-1.21759372957772	0.0135903423746094	2.38249573961964
-2.24059366096248	-1.99415244896734	2.44726930826894
-1.61428117272286	-0.196100798979814	0.973988299399269
-2.67249293454305	0.242781067414162	1.9776152717177
-0.34582495502077	0.12525873216852	1.38571429835695
-2.13955426994533	0.0900296434358711	2.29754593665375
-1.92430013170174	-2.33536449931601	1.9403325881506
-2.43703970049689	-1.5291610162047	2.87447736443328
-1.6507350129408	-1.20533935222927	2.19269245499085
-0.892267911159128	-0.797772918182922	1.91135691756917
-2.67185791870844	-1.49507160629224	2.12413944553943
-3.2992022122739	0.57864985213913	2.13376421009549
-2.44269759594599	-0.742660751692402	2.0277725126215
-1.31683834581628	0.829857181089947	1.55416630657365
-2.09807937963896	-0.191574642901152	1.72981774800226
-0.936924473389097	0.26243584066332	0.288026893103072
-1.74298350741778	-0.630298245127557	2.36162859345791
-1.27755893548618	0.381128465276282	1.83998528969551
-2.54681609777304	0.119903878151111	2.49094703226522
-1.98610343294951	1.24178207082376	1.14753057180277
-1.42997227606942	0.241468186488911	0.849937720621265
-0.823847099818403	0.699695936680103	1.71882494655771
-2.11570003207905	0.509043659137684	2.37526859486235
-1.66988172534855	0.0706889580024223	1.83605140666697
-0.928873068873074	-0.0473229867980775	2.85209769942357
-0.339915001546088	0.333345352784718	1.54628218276298
-0.57780126543478	0.299682339497095	1.42390663884199
-0.665770056035192	0.389280038161114	2.3069381568654
-2.08495867476132	-0.482838071281199	2.37093034889965
-1.09388430483259	0.413707281697337	2.23392538990854
-2.37455382959232	0.117768859822241	1.60851793185731
-2.2213241439971	1.5037642434316	2.4657285836523
-0.916642804151308	0.520376444954775	1.56035433848259
-1.56339518078549	0.775453220113155	1.87465599070614
-0.00652143708024383	0.301395001747474	2.34917621306216
-0.475708082558059	0.38664125707533	1.60331436974772
-1.24807923212082	0.045559832983843	1.69286011694102
-1.065230062717	-0.113089696512163	1.26172081905288
-1.42338615865985	-0.319686368039716	0.848031060850806
-1.3073670318742	1.42367958433146	2.86244524243279
-2.11662093385148	0.00339159751007234	0.562747115460854
-1.60959157048491	0.811024317809941	1.70583445382838
-2.3203131059867	-0.117140344179543	1.87153328971816
-2.01265238160559	0.662018537681692	1.87818015776485
-1.85838139906972	0.630256436998185	1.26364153962008
-0.971523524733199	0.323094482543412	2.54316903208402
-0.44314203500207	0.356655815496675	1.88103296603624
-1.168430366566	0.1718690802952	1.57871021777499
-1.8188910970414	0.0766495296746325	1.73091420542003
-0.536465259538954	0.92435720380228	2.55149684863097
-1.0518400902594	0.263909198709472	1.37129808794562
-1.65860743833177	0.292315322511921	1.74945580588421
-0.61313225590812	0.17354579319246	1.07501928622579
-0.738877795182272	0.215034194214217	0.89545023533593
-0.764939252605768	0.514308436561743	1.6941625848658
-0.13026923823143	0.941927978140408	1.87672357452077
-1.60114294265879	0.756700788419637	2.02146354881275
-1.24959717879314	0.447120787555255	2.67311597468151
-2.43703709154074	1.95471371097545	3.66334326338536
-0.861761835292937	0.719033829773426	1.52401615183625
-0.760175448945127	0.0981425940017742	0.927366202593156
-0.643696396400124	1.0022889945098	1.60504655504139
-2.22946582834569	1.47951558736111	2.1593014594327
-2.65071334110437	0.649528212421604	2.12998238490832
-2.04039296097791	0.848431944443195	1.75313472683568
-0.153449076075966	0.500526414087671	0.746419108156287
-0.562788976927829	0.484805014697483	0.333572945291053
-1.14550111059074	2.1630860392737	1.37600900729493
-1.56327335169508	-0.37984951864561	0.409327019889807
-1.61234838133909	0.619688768422073	1.38273514906202
-2.21770001696447	1.36563884805873	2.54305254222977
-0.644515570391133	0.680176390379215	4.06645773534581
-1.68105226499429	1.02529355682283	4.0660177525852
-1.59898682035322	0.945451080774937	1.39637576725472
-2.15298619430091	0.669357781274981	2.10853736276458
-1.45376901012374	0.464568606323185	3.31304474676472
0.102997591013897	0.837740095229401	3.69200675317684
-0.90467209045664	0.6564351808329	3.80565239371307
-0.948948417336861	0.303988862460188	2.55105468217816
-0.50588082886569	0.707779226256186	2.02737577282017
-2.19920079318509	0.222865955247075	2.88554265823846
-1.8090865980816	0.0824448038764661	2.59231250607392
-1.18444314088987	0.307722880682343	2.31963104140588
-1.56238282529165	-0.424197522925999	1.82763819170925
-0.821952627350893	1.13349991058131	3.18285680905863
-1.25812264078083	-0.831624253211303	3.19991768438429
-0.530252980978404	1.11483392496169	2.19967120184277
-0.62914783967961	0.889679798590288	1.90965308499812
-0.330155398670303	0.603505517260078	0.524713818743025
-1.02578801125093	0.746025838723835	1.71809583427637
-0.382777177736989	1.40874870667327	1.40741261763244
-1.94971699336572	0.0353604710813372	0.0187716258101307
-0.535188798750715	0.749730180448888	0.649831437386787
-1.99826869186905	0.948517634820476	2.10997146824907
-1.79286433839618	2.03380635983252	1.74870247097609
-1.86242146169428	1.33796993961281	2.18677397284588
-1.69399000348783	-0.188822567815077	1.1369485374497
-1.98258309081595	0.575122788383659	2.23134744719488
-1.31178108981727	1.26942778773584	1.86495417447003
-1.14705948406236	0.660379412769836	2.47468136655748
-0.763360957549056	0.385126020361407	1.0760442015509
-0.760117609791463	2.09003104519227	0.330815822724041
-1.95129176273998	0.849401266883384	-0.302899961101474
0.634502414511905	1.19464293229106	1.6239116217299
0.873432458623025	1.55118051346831	3.34812296798239
1.08937950843085	0.676441125509345	2.56569458027284
0.960407406927882	1.07550196803811	2.88977046758453
0.0672805463341542	0.550754852480907	3.7769165431967
0.395341349418358	0.682332017809648	2.91586551364282
-1.90949820807011	0.618279004854037	3.97380986311113
-0.695903520450292	1.1012335688161	2.89964875811015
-0.309567826011323	1.15825918522601	2.57054711208897
-0.244873736586618	1.22275879258945	1.71989780643369
-0.244873736586618	1.22275879258945	1.71989780643369
-0.907893223621572	0.0674054072966116	1.9467100105223
-1.24111104670877	0.434193951072928	0.742960710295502
-0.960248529333746	0.326822967857403	1.44825507514542
-0.920082998582768	0.651599491103397	1.35995995105544
-0.201887024862436	0.389794080735933	1.77910962063338
0.802660336364369	0.713937605971254	2.06202732485217
-0.428125198014821	-1.02804972015824	2.06052322041831
-1.57506813688752	1.2076948709205	2.54762727095353
-1.21565103284326	1.58882335755332	2.79347368894627
0.421840240077432	1.40278472015541	3.18949292716947
0.524897796772327	0.62408074277957	2.80602985630801
-0.525694085211304	-0.576908046092517	2.05605065193641
-0.733192531065751	0.0798719190052858	3.15647334187737
-1.07783646504324	1.58619568111121	3.19422303645741
-0.343883556148782	1.73185140870437	2.65795844311461
-2.11205895035425	0.95057610873489	2.19356280142389
-0.725909137566039	-0.705429750932145	2.79826326264023
-1.06355284443448	0.317665569972003	2.77372822032194
-1.83310615558429	1.11094720301173	2.11052709412247
-1.26178828727762	-0.0363890583549591	2.64266361642954
-1.61829863997579	-1.00455489868407	0.961358165606121
-2.11678169981445	0.907217705005183	1.48131812947525
-1.01800912385425	0.0787548547205999	1.75641833362358
0.267488264836049	0.219541394842389	2.29247801414128
-0.635720704020885	0.409485660717833	2.38010123314298
-1.60904314126974	0.69007181823242	2.63112965898332
0.325958832969288	0.88929570108028	3.37954485701687
-2.08961976343147	0.370623932949082	2.23083979892627
-2.54477849417896	0.00845856461907024	1.37421386803281
-0.110232074276737	1.18553804030897	1.75196647591269
-1.74032310336125	0.807385487605288	2.23746240600742
-0.901738827686285	0.699736278426314	2.06434773800396
-1.20539497576719	0.844952254221249	1.7790638693794
-1.28281492462311	0.635529869724031	1.97224138964365
-0.180893760644404	1.11214273074751	1.48250870591502
-0.807497009101823	0.0674265313213296	2.59741775753201
-1.15310247037814	-0.443093937543091	2.3133280776496
-1.48663258595227	0.139540731217395	2.31707870290506
-1.78910975154153	0.65818876381525	2.08652993431415
-1.68798165268707	0.771523800368947	3.81386413467647
-0.56816281086077	2.57594982456649	4.86130979472461
0.0126763243125937	1.12080520576887	4.16151122689872
0.0872606365931313	0.283498049415202	1.44242688376322
-0.628565190964801	0.31230086843659	3.35845887794418
0.0762611973042486	0.897996695575584	2.50027740379397
0.0350354519320016	0.408083362598353	1.53794838829942
-0.432734073302014	0.155328309938018	1.80711009391519
0.230656751902523	0.164277895944729	1.76718006001725
-1.44249369994971	1.7923499796288	1.59294340849672
-2.33713462803671	0.947572335047419	0.93348565642366
-0.884543183622007	1.82488943326777	2.34107906252438
-0.68035988059442	1.49660290175908	2.4383062000781
-1.07933514656412	0.384424786301358	1.58834567515611
-0.391103521407272	1.8832153556399	2.49324111032513
-1.64310366585235	1.23516226348971	2.1931862774067
-1.57508068848131	0.123677919225764	1.07195977871151
-1.48455188522778	0.573995443663191	2.17782570239404
-1.44033943462124	0.0432736320401211	2.86807601408079
-1.94131305581853	1.93965233118354	2.14616629130205
-1.59383873380333	0.826194765812282	1.19786317989835
-1.70947826312262	0.715137342430229	2.13086449201099
-0.8046717308851	1.02826185252579	2.13382108673602
-0.65062104751818	0.907525269910013	1.55742705863627
-0.0395332724945724	1.27903977526925	1.91333966986927
0.428382229315057	1.79791890918969	2.04927311086862
-1.56591797313957	0.476213244742748	1.80021897692861
-2.11071826388087	1.21399859837402	2.83872944450439
-1.67050261906167	-0.23918527985386	0.791768535350146
-0.228977944760409	0.495716723220035	2.5221991228256
-0.156272727900851	1.31225786979906	2.7318820557384
-0.250461480237375	-0.34727949284756	2.13753196141435
-0.944183701672041	0.833178814046536	3.38220813480763
-1.92042293703618	-0.30810080283114	2.59229248205244
-0.793917776560513	0.187305300901277	4.13619964589459
-0.835010456911964	1.04791885304425	4.29508539132054
0.619279966398471	0.229948289063996	3.89559676318951
-0.549171885873959	-0.986313152934277	4.07533066362109
-2.11050848055475	-1.48565909347385	3.20520876416296
-0.254180125093497	-0.749386738594562	3.14679652885528
0.00611809537742744	0.199548684090205	3.26191112905493
-0.813630611086418	-0.293612829409726	2.59425769871222
-0.245189937068358	0.356992349222012	3.20402882658858
-1.83951788942031	0.148708899498844	4.22056900083814
-1.03059564489878	2.08179953922377	4.51141841440447
-0.471860144593204	0.715901274347417	4.19797117599637
-0.829949984888145	-0.0437673101159846	1.70035308544012
-0.276351289677538	1.11709950963356	2.73331822037528
-0.814990291225902	-0.936495111964419	1.64226674170847
0.0376063173453283	0.643614038483314	3.26693214006048
-2.61371107883255	-0.191917362625348	1.12860630709215
0.207009181898283	2.49056523781175	0.910986351947632
-0.787849368293461	1.95555373016005	2.22447220161567
-1.03788064575571	-0.118152068017388	0.952067408895506
-1.19442480231019	-0.258925485974389	1.95242013455133
-0.544349859525935	1.76231869427013	2.6584177957042
-0.600178781287353	1.42677950461748	2.44407289053714
-1.02677933530511	0.532428767568363	1.94064428729408
-0.737654569065823	2.1587973296144	2.19006904030763
-0.396733762059257	0.826542954396553	1.57042144109949
0.691164972749716	1.23763076025432	0.561924824487234
0.464067368420849	2.43638963893875	2.6240559537049
-0.1106720842383	-0.212136886324476	2.53542765930798
-0.684988613012683	1.24360295402928	3.25734729631453
-1.08865097680671	-0.223354640649649	2.49313489515632
-0.710176897198313	0.264799925299517	2.84771408336925
0.187109695952789	2.15540272202107	4.11625230751311
-0.63906054227936	0.0645664990837457	2.33492702282569
-0.332704475255139	0.691992581582322	2.61728474144894
-1.19066471595967	1.07312494558699	3.35603116987541
0.0147602739979023	1.0287946771235	3.80381583277531
-0.466427575970781	0.389279171115911	4.7019919586404
-0.621388602299865	1.70252214212918	3.79643393155101
-0.677626389289365	1.56591704094061	2.3911488130262
-0.80309006060893	0.476581254845065	1.81442902375536
0.658932591128035	2.22655084898747	2.74458509806883
0.294115758193322	0.451780189670788	3.15899756816645
-0.203975140461637	0.113438265290036	4.10761735902733
-1.2445397422284	-0.383526302521791	2.95508504157026
-0.130248039749329	1.44196651351263	2.08679902508288
-0.0779616680868419	2.75512484897846	2.21936815278522
0.0446017878716576	2.12693922078933	1.7165807549944
-0.463657618715251	1.41084262622308	2.41445029759623
-1.40533991410194	-0.235795093545712	3.51224795772753
-0.32537370580408	0.814101962960016	4.49286882831351
0.134976035437623	0.960957825227379	5.0700754337237
-0.137539084915295	0.125940221640655	5.18186224859747
0.119171639660748	-0.538225602510722	2.36023455041415
0.626061509624233	-0.881663094663258	2.08661327636365
-0.0905671011116364	-0.446748208395481	4.35058021952708
-0.858836714159956	1.04284057044152	4.54159741267994
-1.35294100990312	1.09332835480109	3.71725999073
-0.111090327242993	1.65910824653831	3.64605389529783
0.157593640554975	1.77308376100468	1.51048063897705
0.354892525827841	1.21659007608844	2.61566068127219
0.16101004339144	0.86461520338937	3.87992854147072
0.91710566992062	1.06909694291839	2.281241306459
-0.490126376876467	3.36458193952752	3.04160112058813
-1.25679292587814	1.56931439029278	3.09919137351608
0.00979655873624838	1.60762235126595	0.994401869442731
0.0110160828811178	1.85631340744553	2.3966551211021
-0.352585575806773	0.424910444608537	1.51153822306632
-0.774433669857342	0.818754885335387	1.94540983187407
-0.406803382946802	2.33549441500337	2.9950521523105
-0.253770911034552	1.55387430337679	2.48217650942616
0.00604336258378366	2.54757628970974	3.99636561259213
-0.0934507319846962	-0.313109007302872	3.17768350937091
-0.27425489845755	0.334158262084026	3.46175166560552
-0.383036668960661	0.868712951138581	2.74043931589408
-0.595751228542977	1.96596081264614	3.7437235710839
-1.00139316598194	1.55364237920587	3.45348648450421
-0.61010897410957	1.58716912254585	4.09222645621093
0.374630198255236	1.99959417921013	2.78306057363575
0.058134410148575	0.755489283241363	3.22403676394604
-0.354828874093944	0.852266563278204	3.78094170708755
1.02543346279315	0.771477861903068	3.10281301248797
-0.432029565495997	0.108305038479453	2.47665509902402
0.760261282190855	0.156699914624293	2.63324596112084
0.198727974811304	0.447726216322011	3.14199900872019
0.0563675799359695	1.01598778959135	3.00114916256067
0.535610356261979	0.195181689740672	2.69147741269259
-0.155251219636819	1.06327286860208	3.10554458735532
0.642255346272133	0.706234536538431	3.8604378898513
0.676249700133028	1.21254907035211	2.61117280930662
-0.313995659243079	0.345008957149322	2.23018594686185
-0.360256679487079	-0.119315394192053	2.86086548351071
1.14469985063033	1.54605917691694	2.70726073858083
0.772745626157591	0.317222704364413	2.67439014519554
0.0856373188598154	1.67210980569272	3.13004050094664
-1.11311271705106	2.79695975256047	4.26837752983156
-0.0729679928614329	2.59161973704094	3.93551769128599
-0.224865277218834	2.24683617120819	2.55586068350921
0.440396847055187	0.797669672800475	2.46689163177486
-0.548206259514648	1.11060285048733	3.92051351582611
0.471848687207225	0.95660199931286	4.58018772778664
-0.412569343631274	0.668016139419997	4.56121845507637
-0.660094633184126	0.181025418939447	1.85487276369852
-0.251677265670243	1.86988948457399	1.54985840938516
-0.966901055347244	2.34661003420776	1.77476901369562
-0.393221910134079	1.83858587094028	3.16717469214797
-0.125707985385314	0.306320271638592	2.27187375926806
-1.08581166199548	-0.989768621497285	1.77966483678905
-0.211900255852108	-1.0600379888726	2.56896234532372
0.0690893685976857	0.460399904460108	1.94955017273307
0.00376914819028948	0.228822051922116	3.02458985195966
-1.11868869003986	1.03788348837896	2.97443473835412
0.0042304435654934	0.573808725811451	2.48063501373564
-1.61026623808725	1.19466143650651	2.26857617300387
-0.696202702730884	0.525606354898102	2.94185334823209
-1.37020366032462	1.61837380410113	2.85832561345215
-1.74533291676326	1.36405008642568	3.05247552145666
-0.540186313383833	1.88361712889951	2.0369815230299
-0.240530452486407	-0.640035086561111	3.2685127558951
-0.257767180834083	-0.106177719244289	2.38635023099775
0.314704457389217	0.147431252443822	3.90012045274272
0.279337588160363	-0.336018993101721	1.87400435533215
0.219324680573883	0.637596940088853	1.69196586570113
-0.271164640545807	0.8309138305589	2.9066466886311
0.522839544456472	0.957573428762686	2.43709027494882
0.338758707854101	1.43594338227461	2.24733470128106
0.0168867278989926	2.35676343645887	3.80795662264676
-1.61016491665255	0.336335890073884	3.45610149779017
-1.12658955148963	-0.165671515139901	2.87741690522715
-0.282551321056797	0.405990610554061	2.80243048724864
-2.00463974473439	1.16914768709932	2.45314344765065
-1.14403927394978	1.07419033663252	2.57398012533692
-0.100956175925289	1.36866276695723	1.76437105588572
-0.69194868258395	1.0018394454912	1.97812235252924
-0.184677068733119	3.00714339845873	3.03928049935284
0.913219236261303	1.49097247261136	1.73924738596524
-0.897778188696637	0.34503682665474	2.77073474364373
-0.352109232200545	0.507096493900818	2.32794833891695
0.0652349978309244	0.625499426281813	2.36266595689366
-0.259686126597178	0.530339078305688	2.13957948998966
0.575741884648119	1.24179853890863	3.68889401852434
-1.1802977640556	0.839558755219989	3.12093926708535
1.85113240339402	0.15406755284697	3.70365390179725
0.442375812261819	-0.849223266514072	3.53274087503709
-0.312815736624203	-0.0871713370185648	3.39665583824886
0.179664400245562	-1.00749605412765	4.27155333348619
-0.127998965409794	0.615954620389853	4.09843835406476
0.944579681132954	0.555766021378521	3.53400578420136
-0.788350205479385	1.4813753227337	3.62550725250037
0.218059184448729	1.43457075547331	4.34910012530272
0.2773668971364	1.17328614218693	4.10630393282887
-1.38595266412407	-0.450752917518985	3.26639032060143
-0.831909745575769	1.12167402848663	4.47242871276487
0.813711987576272	-0.0985007922125116	4.57454956181996
1.1986343813472	0.280535421063935	3.85785601793017
0.259999566137781	-0.0635395513919467	2.84951220937013
-0.285435797918693	0.810146857623076	4.56972307274072
-0.25865833502356	0.26605828168437	4.33370127319663
-0.851592090096516	-1.02727850406082	3.17903432465601
0.047320688190359	0.444530419149967	2.83056449925934
0.238122700776288	1.60824693386178	3.40372371792339
-0.600981922766218	-0.515936393315958	2.58603834804621
-0.956679565915774	-0.384393833479357	3.80296701365263
0.360009483758019	1.62864461626156	4.08599598578489
0.0807588941292311	1.31531872564502	3.9028579235515
0.452786833165381	-0.471211720225876	3.08387949209722
-0.447662076183982	1.0364575045441	2.24047857898224
-0.422000429066072	0.887111287130494	2.28504206014785
-0.839042275536313	0.184544613471082	2.74928828413136
-0.245335149178955	1.0792507855334	2.60152280014105
-1.28897465612897	0.554692399529985	2.16883355171015
-1.70728657775821	0.13883556004169	1.72863407404869
-0.830333871064447	1.53582700530647	2.7598406083361
-0.950605650152214	1.74682455938765	2.56823939491962
-2.09217759382054	1.30169937957105	2.74172332149224
-1.78928024721346	1.80351515435494	2.82258992605754
-0.918982212073794	0.697232412987331	2.1110565068514
-0.313200602566316	0.505400880628173	1.69232042249653
0.210902141929723	1.51743325254787	2.22321218637415
-0.27287734899401	2.75118656265033	1.7449401795361
-1.22756661898084	2.41063605645728	1.063292532653
-0.457182213849047	1.22183636110697	2.78448862221702
-0.33787933913068	3.00876403777595	2.87950938227911
-0.0235201759089037	1.0706433955448	2.24540754099174
-1.28884407104567	0.915404928249779	2.49940470894839
-1.80502774734434	0.595643174982657	2.73391673951656
-0.0628611578827528	1.24147652111365	4.37275464674627
-0.885648900549651	0.210908363961451	2.98660408854802
0.18115338800614	0.721499518454161	2.84774076073549
0.624521727845662	1.19702878110307	2.18679390604992
-1.21275744323715	2.41490785753148	1.51672972060794
-1.92684487831171	1.33259652529621	1.41810081041713
-0.698759343242162	1.14004409808302	1.19102925614613
-0.012132106782454	1.65548296711131	3.64949654474995
-0.392921669420777	1.42809123753971	3.15244325481002
0.283605074859323	0.0160608538109692	3.1281719270562
0.455724087143058	1.13303495053197	2.86272022948571
0.401571912862352	0.168019591453396	2.88342218522079
0.663974123394226	-0.645035899595827	2.20776958020748
-1.10102437576954	1.13889302811387	2.04291982508592
-0.865697613197817	1.56605808137999	2.51659711937516
-0.203755923503789	1.11922620396712	2.80545572863773
-0.717460872830082	1.05580567275252	1.99428461634192
1.18044855417516	1.46753573962489	3.14148601382875
-1.86075231514873	1.88928952086774	2.37658592145049
-1.59302134789713	1.14191744132604	1.82471216378006
-1.58160504668535	0.704292981782429	1.80393682315981
-0.186082412600654	1.86243035972331	1.81770585171817
-0.0756311971635113	-0.373156863205614	1.92380560835099
0.395847544670347	0.967103651531077	1.96626195831181
-0.638190955374658	1.50016750806965	1.64921932776574
-1.3957839809051	1.2265338720542	2.93243498854932
-2.37359479336791	1.08060174146719	1.67150711573179
-0.921776656026564	0.583548571665123	2.47066107667035
-0.854130932795876	1.51239100869126	2.58252431051855
-0.205337448646183	1.68890849809774	3.04738174149637
-0.435628510612274	1.40161734757904	3.81122158684127
-0.69346647206896	0.384504434254685	3.21358477736135
-0.894212971191687	1.63176881666956	4.67942631090082
-0.68433495933825	1.95851851457341	4.12013396531707
-0.724456912688807	2.71901296171046	3.5134571370809
-0.910000858175218	2.47023534172301	3.91035284171941
0.174036165864008	3.13174219266345	3.97464698017933
-1.10051674269282	2.22713881514789	3.85216846413353
-1.79977325530899	2.85433167404106	3.85884399546554
-1.74748186088909	2.01055221657566	4.70848659623946
-0.799988834206607	2.25285577796249	3.50978854536272
0.978678902020329	1.97895443440559	2.98205578015226
0.433479526360775	1.81508896697547	4.20618440799616
1.09215220222062	1.4523222223524	4.0058078804613
0.227930081527133	1.96015569086113	2.74094513133588
-0.304956452096823	2.42088686519425	2.88831725240592
-0.415966018341924	1.81055353578474	3.87335886369939
0.868073897723064	1.80657539537019	3.60672088964049
0.890014902106041	2.97448669969219	4.23722702492218
1.93664330795956	2.52175645144864	4.87759678321805
0.378823777800157	1.77449416062241	3.33552320336122
-1.05642011462508	2.04372986067899	2.27488980303484
-1.61641836226217	1.14164531087339	2.74849034767988
-0.438096555724501	2.21642156280221	4.88237374773319
0.228635833123835	2.10270716951117	4.18111408830078
-0.397117163315942	2.21441018333996	3.42450893937816
0.348675903117686	1.73542401162715	2.49199316414121
0.716402093436732	1.15245088944642	2.54166943622862
0.318187473705548	2.5934277407794	2.88614862266108
-0.292678739895817	1.33912070438465	2.01814622148943
-0.222833992444108	2.26609078362833	4.23874164382389
-0.143436819748178	2.425412101313	3.72832323236768
1.38422742172147	1.41624964899865	3.46704891998698
1.96841700776751	1.76238917288153	4.90678087098647
0.948999315217067	3.22035631690635	3.39261335942757
0.51142706411726	1.52577705725405	3.40480012483823
-0.0318076773213142	1.58852189321524	3.30829257353042
0.149184629912511	1.75838082946559	3.78259819616934
1.29444720385424	2.49629073922031	3.52839257729366
1.11243699997685	2.28964745362197	4.9824424345101
0.777707711206698	1.96992958547409	3.28341976742079
-0.443074849992981	2.59445386979524	2.80206700472884
0.980619600445254	2.44103139323106	3.53065189513595
0.608517224912077	0.726226516027877	2.54107385966769
1.21446409764692	1.70833934290988	3.84487256036919
0.674019140822025	0.706753966277347	2.8780197412579
1.65278701708906	1.53936607780105	3.63707849444399
1.53587721914277	1.90189820380134	3.48209696446009
0.675746472373096	1.86316991584776	3.9538988950369
0.0454306554774039	2.32105794388193	2.09329179677861
0.145330667480188	2.49475304284166	3.35634308673378
-0.317527642967657	2.65655792146918	4.90452825586532
-0.891031710862582	2.29017244435467	3.82717940420275
0.0813288063333865	2.11652567289142	3.7861261219311
1.07033440100226	3.21510123937485	4.13274934731173
-1.38407385194275	1.21649910844221	3.88293613251911
-0.223382450810008	2.73611738216528	3.09442988201418
-0.328170233214485	1.50222245090336	2.94045653486217
-0.350961210114571	3.2311474484955	3.8658450792802
1.22545412185849	2.41382566976875	3.17256677485719
0.306218131979228	1.73506589232683	2.74473745681432
1.56253707981533	2.38878943647777	4.13432541605367
1.33326701146193	2.8408608092856	4.24266965494731
0.500032767053721	2.3996960639813	3.75829342153807
1.00801198716818	2.52458432628538	4.46575145017579
0.904301714743751	2.52762052369806	4.48513026225037
-1.18038230004849	0.573438877506691	2.68453925730844
-0.814662557537224	2.27803872851906	3.54871313496943
-0.468539853485144	2.33787751318746	3.71770091079067
-0.985645312393896	2.67246806085495	3.84946975070495
-0.164720310408729	2.97966219542416	4.92065758213819
-0.313215794672209	2.14793309301378	4.26922193793798
0.726632906706805	1.6579788057578	3.97336914021476
0.211379040557656	2.51225608307888	3.67501414611985
1.63604940017778	1.25446086350892	4.92841288422389
0.646010971498019	2.46974686800602	6.11331174542488
-0.763323833840465	1.11461922520128	4.9632745941054
-0.578772664140562	2.01530532201778	3.61009296315801
0.241691465812499	1.46321328709205	3.1662647826101
0.334228320967486	0.813633080625842	4.31901351637313
-1.43766324156872	1.97730699156863	3.00490180051711
0.297117690766653	0.508553657187633	3.39563561734484
1.4244103326736	2.53687353939255	3.9675200831237
0.473347623816232	0.908383623960263	2.97304131501223
0.319646442745662	1.99682578037549	2.58386215450186
0.684732888779425	1.42492455229325	2.51327443880349
-0.158701386618304	1.18350560242788	2.39470043173663
0.0570914859307633	3.04668881307456	2.77963219152355
-0.623600811719241	2.25808442060683	2.95500064625667
-1.62286122741876	1.71833582812395	2.8752232187569
0.289508259225855	1.8252095387744	2.8913476207234
0.499727090945718	2.13280685786794	2.21484298583248
-1.08054839518746	1.65296367003088	2.73318840652324
-0.812848121660609	1.7180971158585	2.4339755030363
-1.34847391321499	1.52303422762019	2.34764363423905
-1.63494236408649	0.54454356332976	2.12749619752563
0.142713892213379	3.28862820296835	3.52091085460607
-0.633691063786173	1.86273167716239	2.70603881110683
-0.826573078119227	1.5109742615019	3.22936047330788
0.00636430315986325	2.30165718873374	3.38960013905388
-0.110200032553888	2.34862610872071	3.68692511627264
-0.936717228622709	1.86810814708484	3.41042676229193
1.17528200764248	1.52366759788729	4.52034095392359
2.07156293420351	2.38697683943182	3.43549326050344
1.05743885701889	2.27026979239338	3.15385290024843
1.79960855178994	0.593582737727428	3.86143120657811
1.91273332691872	1.8382442324063	3.71091535257565
1.35092412040196	1.91281589608276	3.18960453975025
0.408930287124929	1.55808951605274	3.60666632448166
0.232721025408535	1.46720112668105	3.20132730243521
0.186971700437951	2.61761797780652	4.11814147099166
0.484657235962514	-0.291848614768542	3.06639208659982
-0.368719590488508	1.93971627803922	3.29272856612002
0.347783969546375	1.06254424663436	3.98039506794012
0.362386814530012	0.258162044872071	2.39292193648636
0.910228334870575	2.64665757047071	3.69541631044342
-0.976264490946366	1.70653737231708	3.97266873428472
-1.15414943442291	0.922024517768658	2.68392356674864
-0.271822874564064	1.13411653281654	3.07696643697768
0.251613584219712	0.663206376365642	3.45946501711793
0.503569342161658	0.58653058226549	4.12308065131802
2.56248773797471	1.76657327457401	4.05533086521252
0.776894597617391	0.717558516200779	2.57498503959905
1.37898908513823	2.3943477169825	3.83670165579101
-0.250355859787365	3.91168394305356	3.84563791004036
-1.66556234916243	3.02513918967456	3.90353550175204
-0.306408734635255	2.35937405869624	3.74420958407822
-0.0256899095898615	2.15829421528747	1.78960130795391
-0.207455096053542	1.06212781586726	2.49494983319007
0.993321837669828	2.74409400915953	3.43684820436324
0.33746281990318	0.741005635983882	3.47139286629293
0.21769583639747	0.501751784688253	2.67350302229275
-0.910513459832603	2.89356300793481	2.63565310236278
0.169371179155479	3.03078510642565	3.23362723122513
0.955306967649198	1.37266603183268	3.61465691126059
0.0318861305214817	1.37220823535115	3.47827627148287
-0.231415926816173	1.29575916966213	3.42494070258166
-1.07130651635118	1.51623353200382	1.13153381662783
-1.42299547053839	2.7831027586848	2.38273608950316
-1.72158924778195	2.66677930612247	3.16195300210162
0.515078746568177	2.68691485530583	3.9068950267768
0.75840095769164	-0.211931652965046	2.63708461559648
0.482757867960522	0.0568923862921378	3.08005537404641
-0.478178570178714	3.36389124117445	3.3202143709169
-0.307365285332201	2.84475141984843	3.38383728448898
-1.36062853215206	2.0921421692047	3.24955808111851
-0.863138081568443	1.79187278030721	3.15334682058137
-0.68153180955439	1.71503378118539	3.20098997172878
-1.48185527696608	1.50721086713411	3.86514415819015
-1.58819273303392	0.799604306889443	3.51973231144638
-2.31587288368211	1.16847753447802	3.59360829942404
-1.44088396532606	0.830772130142516	2.37185851507271
0.0714785699226188	1.25315322897735	3.59510300404495
1.11475640813327	-0.113467078157431	2.39745271641295
0.623662157354591	1.65919276961099	3.4502500836159
0.360482429266965	0.78132299813417	1.99498214243443
-0.588289507271425	0.71421452142625	1.31786412199454
0.98535654017897	1.91767785189312	2.87903733626127
1.67225769668696	1.64205609025724	3.55172633279338
0.834386491821316	0.961695010294473	2.3027805952292
0.485451837846854	1.92288164933507	2.98566256733134
-0.169104525189183	0.833911609452118	3.75924359482952
1.28035865369318	2.03079407239595	3.63343645838548
-1.28170049235808	1.69890482787804	4.25073353920711
-2.04831847666193	0.886955452768123	4.29981073598883
-0.664329179020549	0.504412943473206	2.94278686825555
0.164993632302217	0.341222142097847	2.9942985576388
-1.98922186564661	0.700789631921575	1.11146177788249
-0.282482591629565	1.99255262315332	2.46546167503652
0.18130870235351	1.69755362447487	2.5887469008039
1.33995752351847	2.08695184494595	3.58864524518482
1.72935993230666	1.95339598416297	3.47266402233659
-0.316175105005806	0.975754172111526	4.55515335219097
-0.700955459023744	1.3423661023481	2.65505135408911
-2.73255969272588	0.936940151473262	1.7745841423785
-1.11117155445013	2.91440384900634	2.46133160870076
-2.06763953395125	3.02381402577149	3.97212828612584
-1.7366320890095	1.79425612180593	3.30435788953354
-1.54999133328623	1.31264953078922	2.1371447027602
-1.3902829556591	2.69135016849682	3.49256833719746
-1.21048189205019	2.50715313106818	2.01912489012718
0.112941220511779	2.33911512479867	2.24525934791899
-1.48391522832841	1.55534828492413	2.47850649042172
0.161646038068864	1.397678547294	2.2332613437423
-0.0669111747452526	1.16956965296483	2.41399196180948
-1.49666481057836	1.1756059700217	2.16650034266928
-1.57094499938113	0.8107107851824	2.58994477174969
-0.404547048213086	1.85825073850553	2.35673007539245
-0.786507649942219	1.85140857318752	1.8647386512706
-0.933562477785629	1.63098679721751	3.35971186666811
0.330043155245536	-0.0126687347861187	2.75250323548178
1.33730364612746	1.49495176466877	2.78893517884076
-1.18013244223823	1.07993317068665	3.22085386818886
-0.434705640803378	2.657421017869	2.32591518960683
-1.1365010816962	0.709155658099287	2.31969820833436
-0.511276525242568	0.261313854875272	1.97750133508105
0.537586477030663	-0.435672731505889	2.900608243558
-0.0955762877343065	-1.62911014392758	3.11181413017118
-1.08560609763749	0.469430275397012	2.88194319788941
0.652533930503493	1.00348002834144	3.13277763819197
0.73898262621948	2.14995802176707	2.40831302413087
0.143785844179847	1.28505337144924	3.25507033648636
-2.83949353089381	0.462940739353448	3.25195726025212
0.0315707076585958	1.67734861359723	3.3391638519377
-0.397988652071244	2.44877611476023	3.85106174106551
0.204039918395696	0.819912733125942	2.13039040619503
0.212048036046169	1.32907933197712	2.68090097484051
0.603358800036783	1.90440328630408	3.16176402735898
-0.165219181594652	2.29079907193987	2.74979516345276
-0.447171897941546	1.87317981740552	2.63771440220596
-0.223150433977285	1.56586582696718	3.56737549430527
0.419516930378623	3.24438973239606	2.68904090004594
0.280873931657183	1.77264810377254	2.50301242447297
1.12520107919444	1.18886025032379	2.92989484774137
0.111421714809	0.679747603888459	2.91412802460274
-0.626387003866373	1.38600609989066	3.06844272662535
-1.74008956273626	1.63994557119678	2.45445153735795
-1.84297691128566	1.64439251893076	3.17529063353716
-1.89649155430991	2.15602023673813	3.35940997898922
-1.86587657990701	2.21254456144951	3.32060095776583
-2.18730781642379	2.51385049799082	2.55065133970807
-1.66629668643037	2.33602241299882	2.35501953029759
-1.88918593840355	2.68434505380567	3.17401447581756
1.01067922200486	1.46805147183405	3.02768021493887
0.697430528458145	1.38290736786596	2.66542652707231
-0.545799690990435	1.16991859207377	2.80010516894658
0.561588621684315	1.52144884149913	3.10107016332066
-0.762088528290123	-0.835400414686201	3.31167512419422
-1.29331057964179	0.495461245099463	4.16822322476897
0.228132970457411	1.62693540800086	3.69665890570358
0.478234344985864	1.0744074717464	3.42012936367279
0.871926135415652	-0.200164733171625	2.72786347728812
0.601221134500054	-0.131693597350849	3.33086625579993
0.138858952771827	-0.271775022030105	3.71449159812393
-0.175679159299784	-0.391011015763745	2.87870824222343
0.0904720111219383	0.707906862132144	3.3832373607457
-1.09513313903908	0.309046944862886	3.24683573111115
-0.305560380830796	-0.669576575628775	2.23108362414462
-1.34318208176788	3.05027807901376	3.43392274385364
0.0503490869079341	4.35641702871064	1.81254119114747
0.984244160407301	2.85869924168212	2.51508192067178
0.887035712482703	2.4945255833068	2.28369304658871
0.485311710077883	1.88710193345709	2.954214735332
1.21889871180143	2.74670432027552	2.94827664089202
0.284020310099248	3.5045173179844	2.03916034468088
0.857568376185628	2.40033062313397	2.76049657080794
-0.508230397150457	0.276655922461559	1.38261447018644
-1.40363715753486	1.42870550560421	2.21295406624034
0.0386024034197741	1.03392770692571	2.48157778327441
-0.856779689691514	0.627702263240188	3.59530897178453
0.48738589321341	1.40671511426583	3.77818396250302
-0.311392765542916	2.19516063865999	2.54138781364323
-0.972478670505131	-0.0783940723188366	2.82936847308598
0.098312315471621	0.764235724600567	2.4399980484279
-0.0524289451269553	-0.418034551997706	2.80095241686096
0.193035014437918	-0.0722450626569517	2.46530643317346
0.602914821933495	0.588609064323488	2.64888872738436
-0.136945065975693	0.159620747279543	2.49181588192963
0.362146162304566	-1.03500655777585	2.3437579243808
-1.55235256971252	-0.026151886500021	1.7675118897579
-0.819094537987712	0.701106533801455	2.14390850144054
0.437256016352897	2.58755364165448	2.70628307079278
0.312208549367146	3.80372546172415	2.65210829548272
-2.07238552684075	2.42893257499611	2.67410613695357
-1.01705323296923	-0.611059917390023	1.72262761507521
0.69893350031319	1.24962247145523	2.81894958733947
0.571504233141674	2.55325344067793	3.91859328309539
0.620381345009178	0.560219829933773	2.64469109813304
-1.09238336027809	1.34029768086367	2.70327102163921
-0.82557173023173	0.578541360756443	2.16456428670953
-0.570188161240429	0.646235378334648	2.00459121796175
0.47000330328745	-0.501562808675675	2.8801174753156
-0.611017351745349	1.34258737643632	3.07405654041047
-2.77779799680974	2.24479005259967	3.61527675988791
-3.80121692499757	0.302292028565122	2.15195689810033
-2.15257907566673	-1.87466472468759	2.79177116824708
-0.239085110732877	1.99703315057394	2.8687967699769
1.03223884583762	3.68404675247384	2.20033614750802
0.363075746098498	1.18876135297582	1.48915157057212
0.317944683418882	1.75027533440535	3.32682121338106
-0.953876975742942	0.307657957197011	2.42105568896731
-1.06160631419301	-0.0265399145180136	2.49854728573825
-0.603040087076666	0.53931973693499	1.16629140790833
-0.520163615688498	0.0880365427398844	1.67409921759796
0.7205358624466	1.74211051772418	2.53277821469055
-0.142153937278546	-1.00078842154822	2.37447017019934
-0.0797975808071049	0.879337559590205	3.42555373529266
-0.304780617213592	0.303109539539927	2.11622723342902
-0.442023176205913	-0.286058559505402	3.27520202983216
0.716848439646833	0.0122043807985404	3.22164888176901
0.728659109260736	-0.116089523829521	3.42788448907981
1.11465025417861	1.90390879219384	4.00085483209107
1.23273401380109	2.37115756988429	3.62728413355098
-0.644376770292756	2.21864584455485	3.07087415712594
-0.309377986800987	2.5797259436525	2.71469011783822
-1.07362525172197	1.36738356708796	3.46972693789658
1.1083024570021	1.0332128431886	2.44328631445377
0.208596079581659	0.0588640158543384	2.70060388914403
-0.356724300402687	1.62430993198808	3.43906351142805
-0.789958753986656	0.942297783140587	3.81561665384856
0.286162520283449	1.76873740774043	1.73845475277231
-0.416453395105231	1.83198148574849	2.60032398567622
0.515930635570546	1.94445535653079	3.0760432123169
-0.555710249201935	1.08760271615941	2.02174889168442
-0.240130570729061	1.46127515991056	2.57868753266844
-1.67051170059571	0.78190320344562	2.23123081587105
-1.44895156858904	-0.028351850413215	2.44458083077148
-1.73145034172071	0.489861441902615	2.22175684891871
-2.03145658806952	0.108110261359192	1.47371119795577
-0.518867313637801	0.107451558248932	1.01347441064542
0.0879513428820293	1.72243222800963	0.620245478038974
-1.3042398150797	1.76999833247069	1.51294051146548
-1.29750214849724	2.23696045865198	1.2961405715257
-0.572597735356555	0.677532551029258	2.08658252664835
0.0935669823726986	0.486941529212517	2.84709019029487
-0.727169353321274	1.79825463693953	2.42333508650461
-1.03946616315956	0.964654019807875	1.6646448729065
-1.0443688078277	0.030914179347878	2.37294771137181
-0.0541830994588448	0.127355511312072	2.53752569714524
-0.538518928958606	-0.561802160710881	2.71764072720243
0.714281201435664	1.04719449298844	2.8354152695931
-1.34807525099639	1.08026738706149	3.17318466012307
-0.14736451862671	0.171386299162517	3.11777735392252
-2.29028613651228	-0.649106009269899	2.71025470356371
-1.55036148985107	0.507333918824369	1.62745004508737
-1.11920930556608	1.34342987105824	2.16055731351845
-0.315079170816753	2.04977656918123	2.72061518462424
-0.94766575921707	0.828469144303555	2.0729759771846
-0.574818245546759	1.83943082086244	2.2746828303764
-0.265680970110763	2.45017321622981	2.54975624857627
0.0102201485324942	0.454443337254587	1.93456557506321
-2.51834030430115	1.86510823089843	3.67171128729049
-1.76068037758012	-1.01210495871765	2.40691581882636
-0.734005386365126	0.671220513273044	2.01174424837677
-0.772548089841775	-0.561201834523955	1.68487423868491
0.00852208073368677	0.679122938031079	3.0330545503071
-0.598214580540741	1.16872362443942	4.57628815071219
-0.792716965273497	-0.822353028900704	1.86360723447184
-0.122587758534292	-0.133897510972064	1.7599686519156
0.103847062431369	1.84703724857475	2.45357997575591
-1.18883740266226	0.346123638908211	2.9154208968535
-0.531635594258798	0.522699375340308	2.50625317561505
0.166041789311607	0.184867468877702	2.49096838187503
-0.441029124477909	-0.270063836433137	1.54095769386561
-2.43316447264617	1.31246125267255	2.98735399276573
-1.85149551508689	0.278708849280875	1.50465336354098
-1.2735368297448	1.81546797142634	3.45522873627131
-1.56527414004342	0.8785725055041	2.58130764871065
-1.44648306345568	0.166917129969758	3.29155313302132
-0.0294146199661224	1.27953323649947	3.79230248672773
1.22317980490322	0.921197031483018	3.20220275430693
1.30597036579202	-0.118072746866682	3.31985896752116
-0.133431508681026	-0.645076239588343	3.06958621138168
0.160708948114604	1.66636628506818	2.76641373654861
0.229951545690049	0.682264159147089	2.05548261658534
0.787838471996192	1.67031459844284	2.76733480421863
-0.347488066137847	1.0399861012754	2.69212674319288
-0.353073060401746	-0.416339663936986	2.67402590811895
0.558502952283941	2.07382044753936	2.49544451086608
-0.640363922196591	1.56029765702847	1.77980144698342
-1.41901564342579	1.00172875698769	3.32185431446005
-1.17556890227682	0.738432041340232	3.16426259961901
-0.885717205844299	0.991101452956977	1.8760677763623
-0.887012815574335	0.38618910160992	2.62339858253152
-0.608657753216878	0.71225679304688	2.92895107007493
-1.80031791664323	1.38064583719166	2.25572541952706
-1.47132211217897	1.47548326225972	1.56814546541353
0.17928916679655	2.05018119800629	3.5511708233276
-0.0139043400316838	2.24141090813058	1.55721745610274
-0.372665379619894	3.97893381299986	2.55181059284777
-0.431255008355578	2.56451356822762	3.66580785315892
-0.227613926394478	0.581445874587715	2.85287950375989
1.04594322126105	1.19726054611948	3.16141076273436
0.275347053394654	0.749313867033176	2.35566477472045
0.460442316909741	0.160779881639758	2.19616717449831
-0.358465402015917	0.0223457605279586	2.05154524083967
-0.372698963713371	0.594357335268724	1.87450959303513
-0.225885022231868	-0.160558678493505	2.50501263178167
-0.463789709991715	0.943069344891718	3.6962968179011
-0.291778942248686	0.0566322004389873	2.53133291407736
-0.745224855529412	1.57982870356345	3.48049163652425
-0.503344234250942	1.84632366904985	3.86744697388152
0.058883965358001	1.86459158370827	3.61873574907096
0.0419525325713352	1.31058663128914	3.18739215576602
-0.261378283037811	1.59871715326439	3.77345768357311
0.410794476622302	1.33444355291692	3.09297220146581
1.6380199062967	2.10257905017786	3.78456499332523
0.842170064303481	0.895110325491975	4.57770572173106
0.80481569199535	0.772297871932429	5.17863361337534
1.07585907495305	0.355666644637913	4.56581601097197
0.5309623779889	2.17583258295442	4.21094662021709
-0.00864049320836346	1.16237658688936	3.1991405658805
-0.17584773154908	1.51760264227251	5.70758525346881
-0.620365447934616	-0.394241424279596	4.23745662405926
0.283961360351759	2.49271488464483	5.66481287464799
-0.190515987515299	-0.0232702206212653	4.55034075996218
-0.398372678255993	-0.224112008420953	4.13430507272067
0.106225923190952	-0.189315486488305	3.37464160323072
-0.351171768513467	-0.240376230612592	3.3114420344891
0.546343785485595	1.32413168081715	2.16847597936331
-0.481691457683943	0.889328537668217	1.95903212590191
0.865599317808778	1.74260164187853	3.90417361981097
-0.427242493860222	2.21289911877688	3.38405067254458
0.210376340376172	-0.946528783044027	2.5410189868512
-0.264374403780423	0.934895237429944	3.3067490113352
1.35195561652301	0.0463630059817028	4.01483205717577
0.101824663243011	0.423011822581248	2.41365865863813
0.453904576841859	1.79154446332048	3.11809250608819
-0.325741805938683	0.933052898215467	2.51564175546359
0.148134675319017	2.57497323391747	2.53144714163127
-0.0398814869679535	0.468904197136957	1.51621344400865
1.18670686751755	0.976973157978072	2.59311723154364
0.431387596344727	0.570622061553006	2.50332870857807
-0.0333346807997148	1.57727951411602	1.8707471767815
0.734832541194567	1.89337742708478	2.67507103609989
0.458409420496245	1.12908417867234	3.68513540259267
0.180538919720091	2.55570875530485	4.54374252273056
-0.504008342141398	1.04962616609305	2.89975654571859
-0.509235302764884	1.40933192117081	2.6803366830561
0.688844660648891	1.82693954914193	2.85350537872297
-0.364477440297015	1.81828213685132	2.70147320131553
0.266873734342526	2.53557045150244	3.43866175955347
0.510860883900234	1.90065929989304	2.56212139838843
0.624663540569769	2.95448140782838	3.72337541770215
0.0954613968050046	3.57865943729189	3.50739675196785
-0.0535375123049706	2.28069625147959	2.73499268042475
-0.593138768667397	2.29818569291433	3.26624431045066
-0.15384937047369	2.12352535054893	2.59789007676135
0.472097094209074	2.4613624858712	2.43427808478681
0.660469303670486	4.43899898394487	2.82317062242557
0.0639411113065803	2.44917166960835	3.74852094235483
-0.0831742102201359	1.15636711761404	2.19808442142268
0.414650517312045	0.918281191030164	2.97835893395211
0.231888862657498	1.67635361979324	3.46772107704283
-0.555889316824727	0.550785152289011	3.63777192064274
0.735395916849474	0.106027094992777	1.71623880917821
0.156019878871774	0.389013582003985	3.19761014252219
0.233266838023855	1.60328653234771	4.36022860825331
0.343555773462994	2.70565747285493	4.08294668669648
0.031565499881229	1.1867681555928	4.0626786228321
0.582748328577361	0.829712214127222	2.1106685380523
-0.579890024355228	-0.2025276858937	2.62246030232088
1.21478112152019	2.59297202333128	2.56294324039839
-2.31774585237599e-05	1.97845630037945	3.20183243463099
-1.23979480021026	0.732546825073152	4.55718049849503
-0.0525293422388826	1.15681049845003	3.91456621781676
-0.695933524219572	0.345850107940027	4.2247937925966
-1.84505619799148	0.38682838276056	3.99672032081933
-1.2280058421524	-0.674606006065358	3.89109088763883
-1.70775396590781	-0.890888106511902	3.61096195707025
-0.133839136546249	1.76384827704843	2.79766222886946
-0.215346383414499	0.567126834860816	2.55098524835809
-1.05600506657783	0.0748377985542934	1.19005689264698
-1.30436244144103	0.465876545724755	2.9594997175598
-1.688216341571	0.224413215724428	3.87340578333219
-0.687728048067645	-0.842291314394556	1.99593981135788
-0.992355023472406	1.14113007916722	3.47782437655311
-0.781243243389771	1.7053717078241	2.08974349249342
-1.04431458515475	0.404005320812741	2.88742716516078
0.113909055695708	-0.90564866592862	3.56481158690401
-0.579027027865141	-2.65934847467136	3.37575232162685
-1.3320779501908	0.115888786996144	3.67598283826712
0.00049633879049249	1.16293001170842	2.88620505775088
-0.992543780475807	-0.923091664197036	2.71265017318415
-0.117862297180126	0.117930003507977	1.72716528259401
-0.180319109682104	-0.139720440165708	2.33237596020368
-0.549593110686575	1.24828080788527	2.39256056095871
-0.576660340125675	1.13461211321018	2.99805672743007
-1.17122578858164	0.233895810364828	2.50756579834845
-0.167910396218445	-1.20349774782918	2.26108683239086
-0.269349698449975	1.14344443115778	1.86853744654271
-0.0473463948233853	1.26929021638151	1.46762125398237
-0.411364659533173	-0.264946994133116	2.29915615618159
0.560003460860128	0.714487000007678	3.43345152149621
0.23464284687308	1.74870868506631	3.77137880680739
-0.832149755080731	0.506720709266782	2.15723735923898
-0.658374195676828	1.00931604463615	2.9211180252777
-0.36535336258694	0.41227928491343	2.07086686664781
-0.535284169404954	2.0011886754221	2.8321126672146
-0.870088174175463	0.72986345801817	2.88129602565233
-0.107293386088405	1.61168874475513	1.53335924058028
-0.946525430780678	2.3479408377226	3.04876515681245
-0.327647078237664	0.970336565985307	3.12359875813955
0.122864776658904	0.307400107488692	3.53066619906363
-0.442139790399639	0.526781404410279	2.07987393804426
0.12312658052294	0.766915937865848	2.23298569903394
-0.699099588497873	1.12399248810814	-0.545235582250078
0.0970912802481234	1.81606554918856	0.657343968714974
-1.38332655401043	2.54919641352878	2.31621433126755
-1.07654388277517	1.38600945560552	2.06967698422317
0.0449833260431389	2.72750874756821	2.77257859962837
1.46679341022742	2.81470829255261	3.2752964213037
-0.613423738433517	0.825173734156239	2.89569192256862
0.396978834854157	-0.984194681931926	2.4097135042986
-0.0121382216059827	0.721650754470463	1.85075298005964
0.533131353557169	0.224577236012637	2.28639916480672
-1.30725999226504	0.692958732049299	3.51003744743205
-1.31295406338976	1.90444951691167	3.92481520325864
-2.06165212968226	1.94739045017335	2.80084618644593
-1.2813257214616	0.873633447189503	2.07754346725897
0.0933053477133966	-0.186124245658736	2.50464879070092
-0.352710197622373	1.66155883303399	2.20608188002443
-0.534536576704077	3.08328070831614	2.31312857210574
-1.06491768847283	2.48737886956854	1.27686495105221
0.383409223459553	3.79262445512187	1.63559026805458
-0.142157447211811	1.84279195479131	2.53529336108423
-1.33708981428027	1.00584009170577	1.52323646409974
-1.91804076507264	-0.548627972678307	1.29946577485606
-0.64604089935742	0.32362341796081	1.69365928562892
-0.636905866576496	0.62285054174269	2.35340658576563
-0.859595260186391	1.03540763558899	2.70274741607455
-0.125630631332168	0.316271151535238	2.69070449590414
-0.674746483622345	1.59322145810366	5.16236438886136
-1.7902198916212	1.63891653190326	3.57392769993596
-1.65713444861746	1.61123211452887	2.58981075566005
-0.819887043388853	1.91285494680539	1.82479946163935
-0.37591949365295	1.35788148835917	2.82209668562073
0.160159135819479	1.03833396922827	2.29513338068766
-1.1898171576469	-0.634184974835628	2.73496459348046
-0.915710969924694	0.433834319112523	2.29044222706986
-0.591335388943538	2.24044907990285	3.25837528051197
0.150858394430558	0.964436537130946	3.89226424894547
0.56341634753035	0.371917510188122	2.48518278937625
0.913528073419885	-0.0812673075453413	4.87678397168823
0.173508239245526	0.500819422577857	4.34200767223072
-1.10109845668173	0.966612039466779	3.20280427404338
0.211478640006009	1.37008266780848	2.6173879304295
0.937924973099899	2.05675574241423	2.74600218954971
0.764899960567281	2.94975563885075	4.30236429721179
-0.84743095500792	1.26829209512175	5.16287887949187
-0.3686456234701	-0.350540613377245	2.50675409522639
0.231845761639445	1.08878925562984	2.55461410361034
-0.46267831772349	1.00169769858558	2.61522217805914
-0.312368350263078	1.52789927748201	2.60975438876743
0.196873708813319	2.16708009975378	2.64876499186402
0.829592529657178	0.610941344606559	3.53382357924857
-0.974757052684246	0.0924556122283317	3.93782785607347
0.20960893812052	0.471820961245767	2.12368477858775
-0.149712997288127	1.23875802090939	2.85633601136396
-0.701757718201609	0.92877759392521	2.36860715536626
-1.24611080869693	0.0760387679145852	1.54036909626661
-0.768482163472312	2.24904950862393	1.08886942105508
-0.906476973372494	2.42482854642019	1.80708000538575
-1.29276985923804	2.68348371135769	2.27016603548217
-1.19509243565602	0.567547407422311	2.14963463682641
-0.26984735395553	1.93140301125453	3.61950279779577
0.72280260161635	0.923026014551419	2.64265905560777
0.833667741077419	1.04121816751089	2.73273469060746
0.93692987229932	0.880715791011807	3.18289404699137
-0.743258001879067	1.03857524125815	2.61275483762351
-0.35932922921128	1.88298044828888	3.26581544539266
0.50976602706999	1.8354184759527	3.03159070514376
0.441676051154052	0.71398764926628	1.99922291310055
-0.587755477205613	0.859081427877347	1.65470680370876
-0.561285617870136	1.56253956017437	3.15621140411255
0.0975252302363321	2.57841883754219	1.94305009561646
-0.0704238451994016	2.03545758223161	0.742921726409536
-1.12552240603032	1.02910182925962	0.142924460079136
-1.10951297765957	1.56432186282146	3.19120167465578
-0.135321791895463	1.46326403860416	2.01235884761741
-0.769899172478099	1.33069677157949	2.86286061832776
-1.35136208183756	0.873414062721283	4.30640194055164
-0.651052068572921	1.88220576142613	3.40576188307978
-1.81038487129856	0.894105235714746	1.27173359073661
-0.947350620771325	1.36614227830878	1.9745693834717
-1.49095167649062	0.719611218021414	2.48458826111016
-1.16130643416345	0.807833274570671	2.74264516600557
-1.59489501455464	1.1297286395224	3.78797598294136
-0.809817162183472	0.572000516038501	4.29641133923728
-0.253137510529986	-0.206380590454937	2.75217238523322
-0.178524156737039	1.01939287836612	2.4553201181575
-0.131675365834198	-0.00141078886740317	1.87866294975057
-0.702855569678235	1.24381081298914	0.648926506950583
-1.1143265110268	1.30324055691805	0.482474323592019
-0.985670471773633	1.22798193862627	1.75525145136226
-1.83475095869362	0.335268910734638	1.40530330181484
-0.117993671334941	1.15598077559964	3.11526276691112
-0.910389921249062	0.433871369567239	2.66085591003886
-2.10029781082307	1.53428794368636	2.27110114860267
-1.8174517206123	0.730952737720379	2.27538933706047
-1.65013540851819	0.885460332203079	0.840339130596417
-0.932526553775381	0.382547282758604	0.981847770725233
-1.97081372306606	0.888047994272455	1.60541012870172
-2.41751035346653	0.818708088892144	1.84113067869044
-1.78621301293631	0.18352361059231	1.84581184811845
-0.902927189098982	0.536205521159192	2.68971233895575
-0.296195849696	0.390508299861182	2.77172925748089
-0.278155430512785	0.342250250414377	2.5607069387747
0.307650929118011	0.365070213989538	1.8725079381797
0.283532681759871	0.937354015265812	2.50238202186483
-0.412906485287991	1.01555818046653	2.47766061388962
-0.40728078399872	1.00107737158982	3.1654144947599
-0.566377921834025	0.159117690489277	2.38101471791665
-1.60753197120234	0.448558423159601	2.89314490528941
-1.77387511122279	1.00579097743125	2.65353935378086
-0.872775576222252	0.331236326110529	3.11362394856828
-1.54576854453871	0.663480353043726	3.32031111182884
-0.559666411266428	1.14886777270819	2.37121649342425
-0.271154052052068	0.576278422618072	3.25443949877749
-1.59960991038952	0.17360629700362	2.47863632765399
-1.33455017981037	1.09001391025508	2.91124876520084
-0.549091609779659	0.157403958253805	2.65475897939582
0.997540138336906	0.934883360120855	3.60910725520064
-0.0381486871005786	0.0134327030300448	3.21864615673806
-0.78198260423391	1.33671962009157	3.9012554195155
-1.46315700541963	1.11969342870459	4.17286828069785
-1.82175289494332	-0.149829798166257	2.58515054076287
-1.07697057615234	-0.0499095414440731	1.14746136808111
-0.627438394516311	0.168365848410308	1.10516021556262
-0.734938175904969	0.644937898788336	1.1316159282137
-1.2099696876387	0.492948427218728	1.38074842253603
-1.70255840485022	2.24836226533101	2.79831970859182
-2.17778437498187	0.428212838926011	1.34189201887063
-1.36184773082262	-0.465340438585991	1.4132946359183
-0.433261964906794	1.33512791585691	2.17976108935082
-1.58232021973516	1.07717460571844	3.06943382353381
0.402685533410792	1.38805961218752	4.63697086545035
0.358902682260808	-0.234802681568661	4.45766672202336
-0.440104012063799	1.4758963237474	4.73936280679738
-0.143648330890743	1.36170543517901	4.33222139600044
-0.504294621327366	0.992450707578465	3.32980577631032
-1.13403255542375	-0.263526570679433	4.09056259949537
-0.338927895046265	-0.457120500690123	4.09052278613515
0.234563868283919	0.964288425458379	2.86071960703669
-1.52341681862712	0.781367266327511	2.67451499508828
-1.44541154347146	0.609739937975601	2.15796787605078
-1.4190438756193	0.204420231813897	0.588689413649966
-1.98857603627597	0.211047492391424	2.2578246521325
-2.81437502982166	0.604750662543758	3.05708516524736
-0.673490218134322	-0.0312245695922917	3.0039765321732
-1.07422058851685	1.03350334047245	2.65206385299403
-1.24474014997714	1.47734273709672	3.57702920865339
-1.05652353307744	0.292217024916034	2.09602113366683
-1.18508646696004	0.363132161016607	2.34282877365806
-0.966110507403573	0.705600267112104	1.50172894860095
-1.29119806864893	-0.607255507563727	0.726282088094162
-0.54636737739581	1.02240076652709	1.22143241077038
-1.23127236935315	-0.277255263217535	1.69672174383388
-1.54908959419065	-0.160148392669881	3.00728285672399
-1.87159662227499	-0.316657938708827	2.87378964401072
-2.26164176940962	-1.52866575945244	2.76848522373279
-0.442781928394373	0.219776190823108	4.54309835634306
-1.25778184255707	-0.340889663684517	2.99602264144035
0.0827569107104462	-1.64292482482181	1.70062361720684
-1.33259942400538	0.831350135956717	3.71865791787861
-0.813849190922602	-0.472496948810572	3.05520177139774
-0.926273058618709	-0.654015110547515	2.42138810408372
-1.19092820727417	-0.110844500215472	2.86633987673376
-1.64270269345868	0.557277317276778	2.86919336274462
-1.12354777403228	-0.292672379415213	1.09428592713986
-0.457969803581859	1.18824085116743	2.51325283396561
0.156816669946778	-0.623431906098778	2.39715645001808
-0.881395149923493	-0.30287905264474	2.14564889922834
-0.531051714997892	1.26884461842841	3.67709649855722
0.182682439219321	0.488617040011111	2.69863436719263
-1.54679006067457	-0.0174192307770911	2.95909214855727
-3.11445151378423	0.122832141259845	1.90317268627642
-1.83927406772608	0.6773715750195	0.0239311473774485
-1.14484037886015	-0.128184398498738	-0.170412913484733
-1.99290016173381	0.50295089081473	0.473570103932151
-1.35548171764576	-0.0748178287548088	1.37637369061129
-1.65078211465454	-1.14989146759026	1.68070032829996
-0.136003307015402	0.630561958193675	1.31556007517635
-3.01092437809896	2.36387630896714	1.86625688150187
-1.15724832315755	-1.35344521490678	2.72803972401211
-1.65498577857627	-1.64293620550231	2.2253450115548
-1.068811603376	-0.60977845131158	2.28559539021821
0.154866387979694	-0.387915409098576	1.86995924077159
-1.40759884277234	-0.129948928341169	2.29712475861793
0.446804681790138	-0.346870613903514	1.81443249279057
-0.0546080510049316	-3.27942258849677	0.752993742451172
0.812636801941823	-1.57308909228682	1.70743642254104
-0.238498129823771	-1.59698560756719	2.2574310537194
-2.63932084980429	-1.95638170472093	0.286377497131641
-1.50507713367529	1.61107609434851	2.33840377881611
-2.29578952499491	-0.963069613502105	0.812744974120719
-1.8961537815892	-1.09452731296571	1.60902618967195
-1.03908567114385	-0.496997716906777	0.963874727323596
-1.13809441492768	0.0723082365907667	1.66748737894275
-0.000876018691350622	0.136125033588565	2.40624398914359
-1.2484132786969	-0.993973633727605	2.66475095171634
-1.61241715645627	-0.236849223323496	2.06510344529784
-1.22959450585885	-0.436218699591041	1.15962702210579
-0.287364222356166	-0.307486487205593	2.00128777048975
-1.89467133282622	-0.291254757671199	2.17960019647787
-1.5598321681143	-0.429620632396305	1.85780644598687
-2.1053400428021	-2.10649223997883	1.36320708079743
-1.09065436514503	-1.33719333454093	2.41624356405039
-0.840825059923114	-1.17036966844019	2.75345014765213
-1.62853519437666	-2.19852922727179	1.89512495611972
-2.69070707392728	-1.15777090415602	1.72841433455658
-0.707520694565679	0.731648421044801	2.63164817146959
-1.42372945676154	0.827195857902516	0.87379114595412
-1.36948944292336	0.979560247773564	1.37327983813396
-1.0773236030894	1.0423169906295	1.87544231653058
-1.56853905644024	0.0446335710007328	2.08457234203095
-1.02279372128855	-0.889361763514627	2.9208632247141
-0.893182716799374	-0.659478003397782	3.20808874389481
-0.828894342323176	1.14026320731027	2.07807967101441
-0.384155252699428	0.419386639851148	3.01977689191816
-1.01088584484012	0.841646540338811	2.54343544457235
-1.15056522358906	0.725125510426809	2.17343412094014
-1.17572593805145	-0.670806934906146	2.44233223172614
-0.984560238419076	-0.0807881505023914	2.45844167259704
-1.21851563783318	-0.58883616777062	1.69503673130299
-1.00042358381703	0.055651299254756	3.2435760346232
-1.73623168109658	-0.878995359773164	3.25134041709754
-1.93821484279498	-1.14326142035933	2.73026833942865
-1.3359465337215	-0.785229682983268	1.07130115442608
-0.791127337335926	0.204519346843997	1.79926594535737
-1.47403792750398	-1.26880683982045	2.18625374497636
-0.742069268054164	-0.213353844425911	2.84032101500343
-0.821370399749851	0.901469071877107	3.0933747319031
-1.02201682506479	0.0377716689918552	0.961483464452746
-0.995513237325708	0.473554862273207	3.14060697566394
-1.23503146232159	1.27701712591359	2.73859895499678
-0.673445620713389	0.701840705853465	3.82970681852839
-1.48995465060757	0.362522454539918	3.44486114822723
-1.6794527550091	0.269393612940043	2.31366371396712
-1.71243482852785	-0.222350330789181	2.99205683208059
-1.5965798868019	-2.39295633913271	2.64702691902478
-1.69689220852522	-1.41414710111791	3.38852869900053
-1.60454032373879	-1.93782324466187	1.05581340773937
-1.20244893543144	-3.08752455462591	1.02402022819507
-0.767483164513078	-1.59257124898966	1.66423728607021
-1.21654956057822	-1.13073101876769	1.03961642823167
-2.40745114173572	-0.637123614887367	2.40143705515192
-1.26499598573295	0.122961835395275	3.24533618410472
-0.914459336683112	-1.74358836927842	2.27228554983884
-0.448522679107027	0.741649422616434	2.37573453613331
-1.14094990096603	-1.6805466960024	2.56167314390044
-1.66563685941431	-1.06824559703006	2.82355243994558
-1.55118241290585	-0.328568158218758	2.46666685421732
-1.44976545820213	-1.44198508526716	2.16447777832016
-0.671055175265018	-0.168907643620473	4.46272800928728
-1.73891030009223	-2.92600637003092	2.51705412389774
-1.29069392395892	-1.11393815687381	1.53600747894162
-1.13038391939601	-0.0288740189151776	0.206818709727993
-2.25076265196884	0.250401267489917	0.539640392939956
-1.06208075738151	0.922748116727544	0.781965270131391
-1.68430570641358	-1.27709694918127	1.4859730382109
-1.72987360111081	0.238537397635718	0.760086910530176
-1.85606016374824	0.704545731431283	0.93737505805305
-0.87531518386737	0.0773092695164408	1.38479043477058
-1.19907499483797	-1.41901744979188	0.88511604891051
-1.55663668889643	-0.598738862238333	3.19357563276879
-0.931557152852054	-1.946687432339	3.58143626083367
-1.93319389529523	-2.025116558953	2.52211223860997
-1.18017129810579	-1.80559714220834	2.89740471494229
-0.382821918256979	-0.226990464224652	1.83456949572595
-1.34035548823597	-0.503567990791381	4.04617511620293
-1.91467581222039	-0.743224271578127	2.87867235751074
-0.489970997862727	-1.09301280533006	2.01275165830474
-0.429675049375454	-1.25222887254289	2.90557072836184
-1.23522455537443	-0.543432675751291	1.90831517581891
-1.94759182728814	0.0255538810771744	2.57764345636305
-0.762115346454028	-0.167347567092192	1.54955073340335
-0.913483350723319	0.800534075519199	1.35829080295867
-0.149502251849815	0.487415423885925	1.77002835142339
-0.784427917130608	2.57761485179258	0.610677587434094
-2.43069926637081	1.05750798203691	0.492284445531529
-2.58898952230462	1.26830293677935	0.325484922405215
-2.01355362024655	1.80409743384447	2.65353624230286
-2.10945469174319	0.567582935985343	2.25219221303113
-1.61052793024137	-0.178466995419845	2.39374500581421
-2.26635705882869	-1.51520105924053	1.68800028826999
-2.0221142765902	0.687403702643677	3.38418300277735
-0.0200995836526865	-0.398924783866613	1.88660289574325
-1.61729146465423	-1.87962331168837	2.8738379634077
-1.17077730518116	-0.572424579306171	1.5529416251636
-1.12747117774949	1.30992215832871	2.24239419831688
-3.1968160717135	-0.178482108762246	1.02465987332654
-1.87989139090015	-0.0682584826050548	1.98943372613511
-2.11499608305231	-0.375702141783984	1.42118250568061
-3.30028686246489	-0.06723139160514	1.08208532811634
-1.92231115569629	-0.287708313057849	1.60732677081485
-2.24488007943171	-0.319637413509988	0.231747415607854
-1.67869812952401	-0.356439944921159	0.496094553497681
-1.52193756401943	-1.30377466286552	1.16390028102227
-0.680981108683609	1.03952092518753	2.9525486159018
-2.07023963832872	0.57396304980671	3.224473140969
-2.49894096775501	-1.03343995439629	1.65245986881646
-3.02802391214491	-0.393013559326584	1.76364532240022
-3.69989433717906	-1.11749612074968	1.48936504633669
-2.1604254837503	0.365147731765221	1.98235478783336
-1.39603243076052	-0.00998901354236135	1.84362485111132
-2.18288196443599	0.643622772140495	2.05970636960483
-0.906651279973643	-0.345555885338464	0.604647208989559
-0.807924929112095	-0.255806239245601	1.64636901223453
-0.0641069264878031	-0.817172370023286	2.09986534680301
-0.567291504158731	-0.30647327970878	1.95626200757337
-0.800045008238582	0.05399911552847	2.26155027166354
-1.74551121613481	-0.0253244522488754	2.28722433418759
-0.618925836737823	0.255718240683278	1.71333190921588
-1.74603926291768	-0.396841426318152	3.03444286037222
-1.81918522306245	-0.251612539516347	2.63583859969649
-0.496147657403274	-1.17868904130026	3.50563167959078
-1.07013831414397	-1.22149681370168	1.96265306473333
-1.29747267099118	1.03474881690801	2.2882447085336
-1.57803079913997	0.447838757363358	1.23069896465964
-2.13606667210862	0.824752714128475	0.187653716030998
-0.676110079415092	-1.34082225908048	2.17449911345727
-0.341426116542791	-0.304437660805603	2.8626683278643
-2.14733736690019	0.219016926277591	2.01099860625759
-2.01770138448405	-0.146985837398879	2.10978219014947
-1.21808962481039	0.0415920333484654	4.82016374398775
0.339725736161498	-1.22604330353978	2.74161481382692
-1.03404414497301	-1.69262841913786	2.20212231545143
-2.28982018297864	-0.310477942109899	1.72300264926894
-2.31310896640597	-0.0962569096548505	2.96651316861253
-1.07141079465758	-0.87701903372117	1.14104047556446
-2.45016630515583	1.69280687453397	2.27730471022646
-2.59259345071447	1.37028766961689	2.59311038516034
-2.26723835906987	-1.59447033259327	0.765222672772197
-1.80853707321999	-0.187065887574097	3.14787814374422
-0.425471339228025	-0.0920058642718895	1.87540453082831
-1.22213815384901	-0.884627786493153	0.362630462237511
-1.00016415826236	1.11188604358066	2.10995760608256
-2.32320876463833	0.210600720398568	-0.0574265693621532
-1.29826870013414	-0.510391434480128	0.295166809195598
-2.10967974632142	-0.622218733681528	1.42561550599668
-2.5921214068862	-1.64494304175406	0.275635809398443
-2.08780628689011	-0.214544701305164	1.71621366086568
-0.801049411317259	0.220789206860356	4.36491836352424
-2.00191427663867	1.24962388716961	4.60553980058787
-1.82708752180363	-0.405718035446652	3.16466998099442
-1.23274369904421	-1.50027805648065	3.51146981798446
-1.11115447517564	0.49363646955417	3.93074962966906
-3.04720345597078	-0.780458979900636	3.30540351861753
-0.669678123689073	0.12609559420279	2.27519672412938
-0.653707884119605	-0.964762228519223	1.66846712435843
-1.02095788337249	-0.956541394580245	2.1975139874544
-2.73371929605779	-0.677378982222279	1.39848329742629
