1	1	1
0.776746332675478	0.538302433812359	1.83114274047722
0.311698128387121	0.917144445878556	2.01390731799714
1.11392815173938	-0.388756078524977	2.17005461853659
0.458084493212324	0.895558550204817	2.93984826759195
0.125917518184722	-1.38011947570633	2.75098407496112
-0.241779784374246	-0.214832552273325	2.43017654554569
0.0952965746409692	-0.111122969126142	2.31294827167747
-1.08098946234907	-0.116247497225502	2.34730919788874
-0.976273439097922	-0.0189374612915389	2.19543095712271
0.256764819566547	-0.977374770972306	1.48435536193548
-0.331394937019838	-0.314174039933054	1.85104408480831
0.161774640667167	1.67094613942983	2.90604193723189
-0.1351022741632	2.20332752223909	3.00084670318799
-0.998735582819072	1.92661403702693	2.61311064119424
-0.998735582819072	1.92661403702693	2.61311064119424
-1.26726646794081	0.681553976414412	3.09242920152187
-1.15198605335308	1.8738880297381	2.59678160388327
-2.00204918482439	-0.0758293283621037	4.04987298641303
-0.338058578395538	-0.894585565545248	3.12874342854072
-0.622653255672828	-0.439002682186206	2.15210466862633
0.221231277295955	-0.780956278425569	2.60758295569369
-1.75983402976392	-0.165531535075089	2.36283648543522
-1.1428830935633	0.473426249566599	1.96741633356248
-1.20050173326905	-0.139302448745112	1.62818254176683
-2.29648544877107	-0.597260565179725	2.19415965839544
-2.56385620999222	-0.808935167422716	3.05404457100312
-2.08773877972714	0.401290100316779	2.15717649989767
-1.23328873230253	0.375577750017873	1.55906375238239
-1.97353412484193	0.504747332019414	1.93566852842108
-2.44163613929079	-0.0242007799950121	1.93176407845982
-0.763292744918517	0.330006056446374	0.953016750748156
-1.29244872324281	0.716070364174859	1.85528551208349
-1.16360914512772	1.8676192792004	2.09166148655109
-1.8537915139019	2.18613095457183	2.9288720517456
-0.345058531453036	0.834001864065075	1.14166426384279
-0.561980339243932	0.389529067433637	1.65266616850649
-1.54598536241068	0.142045383829825	2.58729352725054
-1.55860735615491	0.156136066650158	2.21115180938341
-0.678233297008015	-0.948569160334107	1.50155494156426
-0.984317001897404	-0.522087179989093	2.06321698377972
-2.23804687280854	0.0176122300134778	2.71128478490511
-0.485366144213781	1.05438646423375	1.63787716115038
-1.5722311400633	0.998177030519462	3.17369085506217
-0.831010398153266	0.762936677127531	1.59979478123872
-0.961368249879001	0.503272526516549	1.06386275117271
-0.816288619658298	-1.09559397131523	2.08924928525725
-0.997665664264816	-1.45539489260765	1.65554743478016
-1.11034164487365	-1.44625729209059	0.670040170424697
-0.97199360009194	0.271768395938147	1.4446970418336
-1.31132536772857	0.0595600081614791	1.7224221077487
-1.2097937042154	0.40712187890075	1.93858485177141
-0.890186344328381	0.062679687141447	2.16929158399233
-1.39324464373344	-1.87148925393609	2.03740851246757
-1.12213125326631	-1.93358786517117	2.32945100895209
-0.0597059155589178	0.193727106838196	1.83139704447401
0.834965384935392	-0.983502096399371	1.36817393514753
-0.686028476383297	-3.11615445868492	1.47268275366139
-1.05776105301728	0.212572973669353	1.54454382734622
-0.957096508849642	-0.601548280172044	1.64863860220101
-1.40146688505737	-0.596080924894561	2.39108301165406
-1.64066380246228	-1.2198165149452	2.42984475819315
-0.879995652546727	-1.28567985894272	3.04315070408365
-0.577064308480532	-1.54293034843496	1.27946172227033
-1.8336611861634	-1.42342265893062	2.72572182227561
-0.959889691647622	0.803754419047068	2.27733593871916
-0.553809888492698	-0.0595095172392014	2.63928708821929
-0.792659872538306	-0.00198596636774387	2.12010112293188
-1.57756818146789	0.482271224846207	2.5858802246861
-1.71855599485584	0.259431899308748	1.4347027852576
-1.62220867010744	-0.329454342132926	1.37368147583816
-1.89593761222258	0.781401756237114	1.7791628360267
-0.99721842365713	0.286653810906246	0.831938606639372
-1.06686183958419	-0.959813427655584	1.45851528480452
-1.0349471719766	-0.568613722129035	0.851885769443647
-0.824826846548554	-0.432984755291959	1.38582761258026
-2.08919026335132	-1.33964638290134	1.30413408469013
-2.15496537564139	-0.126076005133215	2.17619199965343
-1.85354686454319	0.454487203724228	1.1830621317526
-1.93012397495816	1.64656069908631	2.98368868508572
-1.13467324321818	0.239376758608369	2.35908293332329
-1.24291020076994	0.0554374432706686	2.17933508198348
-1.01669594361305	0.421673138716883	1.46812324646684
-1.25668697357845	0.274080953033049	0.906516056489316
-0.896564269893421	-1.22984165941784	1.64722287759789
-1.00881722071577	0.026234496144525	2.23260233675969
-0.614645779136499	1.00034966204429	1.30492180379716
-2.31552719530463	1.58722465112049	1.07213695331134
-2.28695672267053	-0.727948407466417	1.35357413279835
-2.24571932394744	0.934738845178081	1.40687245398986
-2.47372500491367	-0.6004892913275	1.8599222859238
-3.3948663951563	0.0326395838335627	1.52004810388031
-2.5876955611438	-2.10921588196802	0.39783087349433
-2.834712642773	-1.87095481018442	1.17257430460498
-3.16074439706048	-1.8702006426028	1.85481566578811
-2.48664989670426	-1.61201775100721	0.815958306577615
-1.28652858043518	-1.89809232329659	1.1404124924225
-1.90722787672271	-0.00505741863344456	0.381367423462603
-1.90758483267696	-0.473514233974563	0.613807680795866
-2.76131973583405	1.02522856171968	1.41023978485708
-3.12839720293429	0.44023761644997	1.71487204928594
-1.61183455550596	0.700431047654926	1.6462758590725
-1.93771963820403	1.34628361982393	0.469764775474061
-2.67862163908094	0.235274908208929	2.3267402779559
-0.542849555132658	0.401428901553336	2.03546942052875
-0.868126271855286	0.573968497862335	2.14734950553133
-0.122080562132275	-0.958969683823688	1.61479891645112
-0.512723924978724	-0.456723274938057	3.0138415319798
-0.559310508817382	-0.896819758075992	2.87608564158127
-1.40047757305863	-1.03097489716528	2.35602902720445
-0.923583731799853	-3.00525089938563	2.11260808614055
-1.17802651484333	-1.92427139791239	2.4328918587366
-0.749525623598755	-1.67698455541874	1.47544214275229
-1.4088875764056	-1.53035785740491	1.16983104351824
-1.80399789015631	-1.56151401201286	1.06234599034686
-2.42928505077688	-0.00337780301730062	2.77399144620114
-1.31685168314982	0.726403731028777	3.1723884463069
-0.861694750007545	-0.240786500335697	1.35826312588684
-1.07502062053534	0.826582241209102	2.66203254368999
-0.269175687605032	1.02494431863218	0.821488344886896
-0.486379848023542	0.981915931842935	2.10986942310398
-0.14658393368774	1.32984512825042	2.51878134160858
-1.42278349302417	-0.0109446142978429	4.46566941190092
-0.934010038415433	0.316140691381934	2.39692611275976
-0.763189758915455	0.574416668221249	2.0091477233045
-1.08959165450428	0.106444020998312	1.34737663748764
-0.406559101701669	-1.03366565118367	1.55785394732596
-1.58490259007626	-1.58620257659375	2.91982172577371
0.182657756488836	-0.868686781806503	2.25687989888144
-0.13788104953133	0.48279443934284	2.76488176368297
-0.81072172733221	0.782350191942984	2.89355747221442
-0.0137871956774712	1.47069013835973	2.25402986604746
0.0540378569064282	0.0882507147989564	2.26554899775578
0.0500515338897862	-0.769062886903324	2.3854527610239
-0.649182546332559	-0.299600271822274	2.4450180464621
-0.451253449057699	0.0842993579257543	1.5658337425807
-1.91614332785269	0.814448440661214	1.74275639030856
-1.91614332785269	0.814448440661214	1.74275639030856
-2.45421421587451	0.642291443834699	2.39578409892482
-1.46641987925581	0.233052356370403	2.24191443926204
-0.866364915148129	0.456814914813805	2.03116125028054
-0.863589871431863	-0.074409124458612	2.46699877318016
-0.736795089923778	0.835072666508683	1.80538927356376
-1.21662415169396	-0.148697869527284	1.461211921412
-1.63202281913557	-0.179227411307719	1.2007105602577
-1.0793532823185	0.190753861420418	1.80541946035383
-0.770649298925154	0.393620304304978	1.6505530085026
-0.752889239097539	0.255251127323757	1.15594381451492
-2.4181565498792	0.0132435399627755	1.06519440929451
-0.935882182853888	0.761573582815576	2.06239746397942
-0.750979547907517	-0.484768166342012	3.0673560109856
-0.846683047805801	-0.687458570784728	2.05004475331256
-0.86311807146451	0.815636462413751	2.08589297005222
0.0267901823474839	-0.172797217084047	1.29906897873629
-0.0483666397440321	0.922785127991183	1.69145738442092
-1.84518816159689	0.678376647823334	2.27397688451119
-3.33154809814011	1.79403070796783	0.930579388684406
-2.42849202252553	0.591955425536419	1.85240598688885
-2.39004202176544	-1.00147676279263	0.000951436225149926
-2.58279254883854	-0.00302580314640399	0.289613153432915
-1.54301212721403	0.18033249456888	-0.44068623418437
-2.17248499909671	-0.46990893925445	1.8300129422761
-0.88854285701762	-1.64584500941212	1.43021925008405
-0.913415859155443	-0.135929978641675	2.79089986518888
-1.98203057791807	0.475270525581111	2.41961785038459
-1.01437304747922	0.382483282168299	1.71133898602615
-2.21279909154137	0.596798920531995	1.93924174212454
-1.6627484159812	1.78781142858496	1.88664951094442
-0.0361120008846144	-0.557639012903091	1.61945942624634
-1.34012714178748	-0.853876602848123	1.18156889242834
-0.179815255772153	0.27120572287902	2.12255308550747
-0.415102076792192	1.76181841112458	2.20923360912739
-0.446711093097422	1.40026818943317	2.24305606565514
1.07941649416398	0.629338448925996	1.57171979681449
-0.499574340957486	-0.120103403112089	1.79596526495291
-1.61945101158186	0.105976547953418	2.16751152258116
-1.99994795328914	0.45368678896187	1.91627188668894
-2.74482238581833	-0.446461738365032	1.48990400403698
-2.47620705300501	-0.331713878442931	1.84625807440958
-3.12161563761659	0.384293883710843	2.23143801081947
-0.183530771351406	-0.0410889140493368	1.28494478189438
0.0589425226948003	0.286199493747632	1.38652191005739
0.556754684488298	0.082844788292847	2.31147820973954
0.361786485952494	0.30511254924721	2.92266812526762
0.257716305576555	0.153917714787175	3.37403600423005
0.376804755644214	-1.08548147870936	3.05950845709708
0.579167912504725	-0.318016827700734	2.42780302670549
-2.25947764432969	-1.0873039645416	4.07418403137695
-1.10437330337237	-1.80476307746195	2.12537144318854
-1.24395230538074	-1.33305592068628	1.63037994217439
-0.7469868951163	-0.877622169418394	1.31227797497477
-0.433938480454531	-0.491336747737047	2.12852821340434
-0.832946701443744	-0.153535586770922	3.11237807657557
-1.74389649057457	0.839960377127837	4.06700097817745
-0.656279455801642	-1.22604011828329	2.70668368186829
-1.28874436544118	-0.277490722734596	2.85782086003474
-0.807458687969248	0.886632550460289	1.51561553753894
-2.73243392043308	1.39255187490042	3.73989890398665
-1.95149069693746	1.02046740453556	2.43820893497438
-0.978243744954283	0.379010982015907	2.194492036553
-2.07314720029387	-0.421897274236611	2.71236933560732
-1.36389910283974	-1.0255281728276	1.93812557936792
-1.16271940440753	-1.32732833995409	1.64661430530723
-0.753469734766096	-0.1259122954214	1.90062442335103
-1.01836343844379	0.703924897433119	2.19170485956872
-1.01836343844379	0.703924897433119	2.19170485956872
-0.888450755063945	-0.121702151406813	1.48639494756855
-0.815251034645005	-0.913080204814753	1.78065050603688
-1.441153320736	0.980008520084935	2.32065001065575
-0.686541000829896	0.136558676494354	3.22367986901069
-1.56184200676377	-0.483394753531936	3.17498546160039
0.428846603069332	0.369781938516327	1.02004507468289
-1.32319127935475	-0.0228372130994348	1.86371585228526
-1.34930943004952	-1.90836701075843	1.49834850926068
-1.08760287538982	-3.34691345107939	1.59084552013352
-1.34327604733716	-2.52441832303229	1.71869201330815
-2.10306504992178	-1.21654592008549	1.77944103758766
-1.21474498459904	-2.88674669173745	1.31878794900866
-1.42683819702033	-2.40130409223033	0.83004883895957
-2.40104102847541	-2.23041085745131	1.81885973771915
-1.33081151905185	-0.758209643184922	1.61662016793904
-1.50423737660801	0.0959447036678982	1.53759013193927
-1.15091362633038	0.412694306831426	1.16951604410747
-1.15236787873013	-1.12861753480076	0.594064106972822
-1.45780549414092	-1.45114953671846	1.74994863933165
-1.52886473689868	-0.52500609844116	1.95356842506715
-1.01507024391792	-0.295010862392065	0.941648518244978
-2.25996372321531	0.397989291680965	3.66839322496346
-0.755227579609757	-0.224062997208152	1.96728115537317
-1.7687979079898	-1.14739524411361	3.00682328438468
-0.37459318041759	-0.703778256346784	1.72982754220568
-1.65711407746694	-0.317506147885637	1.36175467357488
-1.27554630399402	-0.0213286678940925	1.64411258431068
-1.87447902786238	-1.04200838160392	1.90146320796246
-1.56822803103258	-1.38500488460467	2.24605974986935
-1.17161165711742	-0.836330700394142	2.90785265986122
-1.142039212704	-2.14671611390992	2.46147947885899
-2.12885776081213	-2.47405537577365	2.59633386900086
-1.8879759202908	-0.66330491285011	2.76089881351906
-2.53303451896988	0.258412227745167	1.75578637296291
-2.20394832852835	1.53724696117348	1.67153009744021
-2.36979572122665	0.717974194470436	1.32244724116611
-2.69129377145062	0.32210348357833	1.45964564320745
-1.11664716060429	-1.19276767404007	2.30539518895838
-0.235024641355721	-0.716543250861354	2.95073048846668
-1.14526124993936	0.0477760911994541	2.23030623911465
-1.12303574332886	-0.0953460635468958	2.45810846533861
-1.58583285161012	0.382017788426739	3.42712546245736
-1.42608185863808	0.460383762255601	3.17589587281493
-1.36426080604327	1.02117429547036	1.42716630190997
-1.07995232465497	1.78165017876923	2.15072474274562
-0.646575479207677	0.437927457003658	3.28156643026609
-0.76157270915798	0.67112235131403	4.15141711715554
-0.965921947638887	0.690170345107984	3.24900296293253
-0.361595593789998	0.441788913959049	2.15342495547305
-0.49709799927652	0.799114981929657	0.702667264111686
-0.85294667244713	-0.208570486663186	3.11549076803257
-1.91573039403832	0.471940912590055	3.47012700079039
-0.751996900091546	-0.0108859737311978	2.18612086444698
-1.02389587379616	-0.135332996224889	3.5142334249407
-1.02602444630814	-1.53164236733443	3.68393297934977
-0.764580021061969	-1.44764490188354	1.55954543940323
-1.50478256341003	-0.712215494662381	2.25764940084774
-2.14561713966984	0.0891158747824609	2.35580247442924
-1.83696402581103	0.612904029247104	3.11605290731254
-1.77407175715625	2.26126307931891	2.4522405383892
-1.00222457256909	0.0908939117946586	0.742500862846452
-0.434426744458838	0.405979468856647	3.05016274225505
-0.761324998609931	0.0938158889149565	4.28363384544175
-1.0549395478714	1.40129653894365	4.98053536498201
-0.72526881951279	0.934757886938472	1.16989756753696
-1.88141402658333	0.989778608775359	4.44138815670894
-0.90717454640535	-1.2553531861489	3.7576399641716
-0.823321346220505	0.0423376836519143	1.60134259372176
-0.425908028270505	-0.179179728695394	3.66331308591955
-0.838209617575179	-1.09071254271558	3.33613815143595
0.157505484273985	-0.404038983277443	1.84263404751017
-0.733570031813852	-0.135044203566088	3.51802299366805
-1.40483720230006	-0.250317330603625	2.77281075066269
-0.0721059117851462	-0.583052600511436	1.40000007489087
-0.480252839334183	0.787004175397879	3.26969757314562
-0.918066620807206	-0.958478235021584	4.26342502732808
-0.256910978285946	-1.56699769644435	3.57094253961339
-1.42582477496838	-1.59312951499341	2.63543995311747
-1.5532354747869	0.508230031854301	2.33249665764791
-0.985302729332664	0.106505381564846	1.94684422045676
-1.64963617788646	0.76972719978449	2.0702668493555
-0.928561381328608	1.10719506729874	1.94577260017644
-0.702322740612062	-0.0382803818109485	1.18775723705999
-1.36648428751689	0.120844201041312	2.03832713111912
-0.48066127477002	-0.33519932583228	1.8335473759292
-0.872714760944389	-0.121293555609292	2.56336030828684
-1.22007277822604	0.734566750050595	1.15658341330518
-1.38370155425277	-1.12261053366906	1.08907132479251
-1.50706262328859	-1.88214014963761	1.04182879751335
-1.49969293868143	-0.846871361018112	1.98568082299578
-1.83160179507439	-0.104366354400982	3.3395153485128
-0.728312865473417	0.118808873082636	1.9282185813666
-2.50500450407915	-0.027583563212253	1.88187385339489
-1.15930564962637	0.00688907816626877	0.0246227502740477
-2.020402275324	0.0366405563286643	-0.0464809870096552
-2.48246030000495	-0.581618434783273	0.286046802034223
-3.11042075419446	0.454414980295541	2.0957616785104
-3.12491551718096	-0.093090041867053	2.81263547388312
-2.46775119860128	0.39712167743198	1.58343613878278
-1.84962564525027	-0.0282895930150519	0.94748212554827
-1.6832169975489	-0.10376070082158	2.25100747432753
-1.35128334217531	1.17513992508405	0.994612704214683
-1.16680537785291	0.732936909064825	1.96685649321586
-1.40957808364402	-0.77529221463443	2.06859055904512
-1.33317619621774	-0.178883153015919	1.79923524836306
-1.38978943489631	-1.44612002090699	0.46870950215412
-0.565765327408738	-0.659111557760722	1.76274229192736
-1.6648892551423	-1.34753727982513	2.67365638941591
-0.675607907562528	-0.534306944342332	2.17845450257482
-1.70505261009995	0.643785634341703	2.98563647469776
-0.139626857172094	0.454608592558994	1.79967074410136
-0.273402792702256	1.17555960041968	3.82490831832603
-1.5651812844494	0.411823579653174	4.02857557429709
-0.608298673492771	0.633129239992676	3.13906458521644
-0.936131815812493	-0.366828077285464	2.09408196251954
-1.19444042847908	-1.00586568017543	2.84388371474322
0.802296602393202	0.272288300230591	2.31511324642113
0.00308007114279032	0.402764725718184	2.17168814118124
0.0394305230724316	1.02147781705894	2.13149930398672
-0.320240101873838	2.19359117262756	0.138687350088436
-1.02561165567122	1.3026785960585	0.218899724091663
-1.84900706470285	-0.024394085661697	-0.0389722038858673
-1.33427899475938	0.681302356202097	0.437511774110995
-0.284874351611299	-0.554861328108842	1.11734506095001
-2.03569820444605	0.706571400426696	2.97374303648748
-1.64051103133106	0.115996056825583	3.10810012917097
-0.501747109699028	-0.644821526150716	2.20976494624884
-1.11485942029635	-0.0204200858905881	2.81105838924146
-1.10486212041568	0.835854621391727	2.5386254798101
-0.795656574985665	0.434166414355802	2.04407553684519
-1.92190960862774	-0.110645939193291	2.66350009089881
-2.40938650385407	0.200490316377326	3.26775511165177
-1.41945581574376	-0.252030748398809	0.650066323853782
-1.6791560236413	-0.27116675795145	1.39705848319713
-2.04041998363494	-0.58232850500246	1.71495393718163
-2.59478700140014	0.0612950709843827	1.17964618042627
-1.67515558550417	-0.992530797817151	0.626936114388799
-1.18849262512365	-1.30517899464144	0.731014174796345
-1.33752927322786	0.121798814834474	1.88126212998897
0.117969363308298	0.178950760380828	1.61933706154131
-0.23827015693211	-0.363265117360233	1.68886746712978
-0.848558023753564	0.372595004779762	2.49082217171402
-1.55215902148569	0.670932612319994	4.35024526831531
-1.31862560774923	0.537462277084526	4.00852716147636
-1.19047987495209	1.20355684581085	3.25625329258634
-1.03484658663267	0.579686056205067	3.27599774093515
-0.381255926685333	-0.468064585614839	1.37701591482969
-1.87891256178291	1.56988477859734	3.10597918742509
-3.03486079428155	1.33636608515124	2.48958673151124
-2.52080846425075	0.595902772672506	2.9623026406045
-2.14387026449545	-0.786634245214685	2.0812465996535
-2.13253730991886	0.34275665902139	2.81138461193638
-3.13945974412588	-0.0426599074906696	3.5611232828372
-2.5272293442189	0.0292241883754083	2.21124844838018
-0.908338507615343	1.36789139321211	0.967903214185208
-0.910108748408743	0.763101585253821	1.77119011324548
-1.5643274430921	1.37131693933479	2.87885232441083
-1.00016123054195	0.414202959728691	2.49228186079576
-1.37990723913789	0.611961435188261	3.03753393598674
-0.833778850972979	-0.552205809781174	3.27338002055089
-0.917710534029215	1.9061067658643	4.33490340855777
0.190826188763089	2.02259856184619	3.58972189294168
0.0633719164902742	0.686628333642127	3.12175882600023
-0.915010768731983	0.734117475231905	3.57575262089173
-0.706016302665744	1.37473614475146	3.85691667687311
-0.415993585938819	0.0826168925571523	4.84090179795628
-0.444518318318408	0.156938655509037	3.39144306605858
-0.112142714962103	0.598010255778092	1.75121956115261
-1.4065199893858	0.677788327149734	2.22538634073873
-1.88202390990051	0.458989290712416	2.15572073411108
-1.70319438761429	0.0240679656463632	2.14147394622228
-1.78804656289625	0.879320709177121	2.02637506955744
-1.26152227107719	-0.405904212256234	1.3462728046855
-1.30405517586417	-0.88241642180565	0.845807426512249
-0.462989167416809	-1.21263205815581	2.12710049518576
-0.895732825302727	-2.02307494625541	2.13436203997583
-1.76808733993685	-0.143702326604624	1.56310883221695
-2.37600939895653	0.191636391405043	1.77338342247058
-0.782489036814672	2.52628332876617	2.70215149778828
-1.77061179262385	1.09687792379859	3.89913040347358
0.305252488948469	0.218636781853738	2.65452053895984
-1.18965866571435	-0.301440931849168	2.97111910306952
-1.08751838724907	-0.441862892093404	2.94650554644322
-0.396935586748838	0.214999070436386	2.24443832876454
-0.396935586748838	0.214999070436386	2.24443832876454
-1.50175206501472	2.28456512852488	2.45435400276023
0.113201079500712	-0.69462747768824	3.19447602401886
-0.439829645748793	-0.119271709303331	2.71261996011865
-1.26858643195637	-1.04824523304986	2.38747575138576
-1.2026101176232	1.03291428022383	0.437244747963614
-1.35686470348472	1.44658950156925	2.55646775619425
-0.035093083130062	0.26081693075969	1.95636631994175
-0.282380102338117	1.51895728951713	1.63856666572385
-1.40215259528292	0.831690851196359	2.19184009920736
-2.3861399216174	1.03808916485339	1.74465557861373
-2.65300392698854	0.164525151903396	2.75815407148271
-2.04686747144753	0.70624987206536	2.15799660399408
-1.99808482995558	1.54084735255346	1.95521991465099
-2.85497997321699	-0.596943202376114	2.02009552334142
-3.09195035624941	1.99405792451323	3.33565524754755
-1.32274472195308	1.79392932356438	1.56169869951966
-0.592938044090968	1.85185669548223	1.18450766791835
-1.46176769666824	0.789535578202602	2.28435822100773
-1.22358402597284	1.04658875135546	2.06631996514335
-0.350718193919771	0.795003229889141	3.2319224740119
1.11395889016529	-0.326177066965069	0.96530293709714
-0.738955426684557	-0.0014685046413373	1.65229295715734
-1.20903308988961	0.281456255300863	1.77855857821158
-1.2434353517711	0.970426035192706	1.67027379917032
-1.21532340474889	0.876156803641342	2.11191077109002
-1.32134963646259	1.21404274236192	2.31216147892613
-1.18453389468663	1.00167852380265	2.96031627488131
-0.564702472571521	-0.865828161970837	2.9478324228306
-0.223452071058143	0.40784689123155	2.68603566228249
-0.781436233119031	0.838400613177334	2.4781734882676
-1.77990968065289	0.447767377645716	3.1322294656071
-0.822044061530607	0.199726074050038	2.30836102943557
-0.554210021978322	0.25994944295883	2.10266114856979
-0.676552446091013	0.970213350009499	2.50996306881513
-0.179813761643915	1.10861319663038	2.00362744179668
-1.79386280578785	0.808379957380661	3.14416619506986
-1.15841380847808	1.36020179506781	2.82809793248399
-2.62393285364688	0.541002445174358	2.48495781933165
-1.52344619779147	0.336647911934302	1.52648741664338
-1.51741855837254	0.0973899410932926	2.45788344856257
-1.38905917979753	1.48246768772979	2.15255816075138
-2.00301584925213	1.48348723864307	2.86029674527594
-1.64539528684096	0.503026207516665	1.21827979922047
-0.920979287598618	-0.0427265258565893	2.4063068712049
-1.69155301902335	-1.07725275744622	3.17220147419834
-0.111507538380061	-1.01862312856503	2.2090341113895
-0.72420631270508	-0.0912200449937471	3.49732176824524
-0.543511641172755	0.490117763330988	2.72983162287097
-0.545493546547941	-0.786445298031102	2.86284305116857
0.7960630407083	0.838700005715253	2.35010889844616
0.0823774070267531	0.783254110545373	4.07559006328829
0.423799716126822	0.950236781524233	3.00462372921725
-0.0503212084579711	0.67934713787584	2.41671381691607
-1.60238019181963	-0.0656655250230644	2.24190426921626
-1.67071946334497	0.146791651152832	2.7424595719322
-0.115548871269699	-0.633148225083103	1.80902929429794
-1.39539207161804	1.60392436900339	3.21705221467981
-0.136801894721346	2.87207616988435	2.60688238035468
-0.716393539105322	2.49937859557239	3.42390216758398
-0.394568879131085	3.00716000042477	3.30146563783814
-0.964189377080328	0.395751951573899	4.47626751613752
-1.17534369020392	0.812933361295194	2.54865616593168
-1.48274232200219	0.978256791853447	2.92791927377686
-0.951099215072344	1.00836765356678	3.44495912663092
0.0645133060036691	-0.075218351833376	3.46938551172505
-0.177285773518333	-2.95860700727198	2.85617333432415
-1.61267291273219	0.0191835896042907	3.92680614031404
-0.456215118521001	0.616484003243961	3.91275854989018
-1.41527358487672	0.733239731200523	3.18538340029136
-1.78768150428746	0.76317143693717	1.58700274316229
-1.94707490637452	0.164534537740997	2.49726989122707
-0.899361961726834	0.29309815117539	2.87966809296429
-0.576091220668372	0.204345232643015	3.15971040932995
-0.417952938095473	0.954065349645747	3.44650096482168
0.0849241020946389	0.585570071821038	2.56307842383154
-1.27049479370431	1.79297036960398	3.09076298985791
-2.18434221770945	0.769179137838262	1.61373229503635
-1.8412208507698	0.406119664111495	1.1974072241071
-1.85842919934821	-1.50952231036493	1.76316088866915
-1.18689846691298	0.768006947051362	1.68773313060795
-2.05011338373545	-0.555636808102609	3.27972815965013
-0.682794515280929	0.591240851140583	3.03082913366658
0.679281620246691	0.134918343311057	1.74171675922872
-0.21194766936093	0.165578477569203	3.19198195110794
0.267075782182437	1.15562133695618	3.65978601915084
-0.395308205516755	-0.0313782234466562	3.07427782596027
-0.733967567097447	0.276109046324732	1.8532675181658
-2.35678905818417	0.0834168853960054	3.16195463110371
-1.17767197135203	-0.61743679724093	3.99214782755283
-0.945324855815459	1.58367732704906	4.45531503313788
-0.0326254823521578	0.674752122059272	2.50359106616174
0.470322300062469	0.239093581443372	2.73540210174411
-0.309022921364394	-0.00114510614083425	2.72799926929593
-0.097178536119215	0.293753839271194	2.46964396474775
-0.353421473945168	2.07251727051923	3.68934843170834
-0.846978285027361	1.37299505894943	3.64996805202622
-1.12765687016711	2.07452284334347	4.62510803620683
0.189920490848334	1.96488916503887	3.69536052811838
-1.02494408507088	1.66670595362875	4.16511166308615
-1.34039379227801	1.0893328455288	3.66681989331705
-0.490423043597332	1.13873905782205	1.908450381966
-0.00321314298827627	0.317502745234622	4.2325449726661
-0.907058858485817	-0.0920998828030953	4.58332470367372
-1.36089220912382	1.42037319143093	4.52967829734276
-0.304753701808967	1.54993041673357	2.96585711941936
-0.175333361045356	0.487506106700696	2.6005565890787
-0.434302780059615	0.471223417583422	2.88476823153824
0.182325308294232	1.41084470263321	3.35354678914268
-1.29882074930997	1.02704558058677	3.792854081809
0.177249798731127	1.08004275616444	3.39690787140032
-0.683913452202531	0.59409222790381	2.18211725483953
-0.275095935570949	0.720878984893246	3.00477924846205
-0.418678655577911	1.07907742440515	2.46896820609727
-0.666168908830329	0.822390464091333	2.5460211819856
0.12339680500711	1.36424181852692	2.97208784541843
-0.193176508684972	0.788984239925361	2.09569600192217
-0.0896697111916675	1.38734146124539	2.80681456549369
-0.193487417728075	1.32058281286632	2.97483834114847
-0.447865445813025	0.906715407455491	3.78321605916804
-0.0886598240970626	0.381447040599575	2.88050082358648
0.245764737739714	1.27677208724147	2.60330831020447
0.263676956556956	1.59656797485738	4.2871648211019
-0.331699048282246	0.662814157541872	3.77804486942621
-0.710229734139594	0.794220342699627	1.58836872389127
-0.426202938381569	0.618177065244351	1.97492485834302
-0.69133142097973	1.19701000808143	2.57724472257145
-1.69705134150334	1.05116168323281	1.72730425757514
-1.52784656973241	0.390062137293743	2.01724974920641
0.20378268988959	0.800128667911837	2.93741980771384
-0.782423035098979	-0.794142228660665	2.77503217643513
-0.815841920559923	-0.534128834367361	2.54147812715026
-1.57736124866955	-0.757085539683445	1.55238595346596
-1.3683239559892	-0.291203799876967	1.86722780373076
-0.856477532427977	-0.0566602322063305	1.67850303033793
-0.967932726011064	0.254126450866457	2.9783594358687
-0.783277340878865	0.379005676680199	3.33542705878476
-0.679875087187307	0.683462482757378	3.54500793330679
-0.937602189925366	0.614979667045811	3.63523744070116
-0.443809280926991	0.510924372035023	3.54221439769255
-0.462975929020742	1.74516283915983	3.75464426437595
-0.166138805613281	0.422073200653337	2.71541501364638
-0.200447690986989	-0.392024035236685	2.85261253860367
0.237004905997784	1.20169122641172	2.41250249687205
-0.988215737083223	0.476234976697068	2.37377205651336
-0.642839184808711	0.780694591501112	3.4020331695908
-1.27429977851594	1.66302867799864	3.49127701811062
0.416292447812519	1.8227760459442	3.55561444380334
-0.364194144462226	1.64720241041928	3.61414749450815
0.846259391431775	1.02769276018049	2.5367846846404
0.289809744446422	1.71152355622912	2.27131153925379
-0.880512225869892	2.41251551198155	3.99862392699716
0.829038969670248	2.38630403996832	3.0486086033605
0.153685701113455	-0.336213701720073	4.00401743797753
-0.732999076473044	1.13949127753844	4.45673595553397
-0.0562446462875147	0.532431738743565	3.56694506116909
0.190436743543861	1.42118793849394	3.07579881308708
0.0244802552340142	2.1572683071541	3.01396785900897
1.0069142419048	1.13027211445928	1.93424942391399
0.140456012207261	0.390546857871006	3.40285879743035
-0.679843158457268	2.04771277356318	3.07678302315665
-0.431345156515979	2.38930893800068	3.13551664782524
-0.116089950980728	1.09237135928439	2.65064765077668
-1.11631266032889	0.179206004629189	3.00996305846714
-0.362270241359972	0.557689093602253	3.88934833696138
-0.556974576248071	-0.817644083429306	3.23651804657484
0.168026697659417	-1.15803847479041	2.97123842629428
0.168026697659417	-1.15803847479041	2.97123842629428
-0.246819784710416	-1.07243342481351	2.99642536969751
-0.349259255570343	-0.478223797390925	2.46681976698224
-1.04263180830095	0.703496546434802	3.07760102557182
-0.0490556401202018	1.54431198872262	2.91319892632336
0.052712989898652	0.71508479630012	2.99410365564248
0.271921913674439	1.70712425773481	4.05705864872945
0.552421481735545	-0.952938647635414	2.65515731908194
0.67432756631566	1.01176058598422	3.63162518112029
-0.0822652998232783	0.410063779585218	1.70662891618377
-0.096036944266513	-0.0413090782025952	1.75023163396579
-0.245691063827549	0.695916523535339	2.48712919121519
0.0922771994914234	1.35944423304974	2.68708854274605
-0.265344617466747	1.34667554124568	1.99405207899048
-1.92668396643855	0.395497136369464	2.66064731885888
-1.25999296923165	0.326955373172825	1.03661226318951
-1.26932825724114	0.0405003786541336	1.18081843287452
-0.268708770053864	0.525999140196528	2.00033677821402
-2.8186688895499	1.98817012303631	3.75603243097843
-1.77968322669943	-0.0112717459465159	1.90554994484458
-0.338595801936166	0.401520283004176	0.838000414612893
-1.06711076989851	-2.68778485753461	1.84310194404466
-2.45298121354849	-1.50515166032253	3.39124312178442
-1.99502227463698	-3.04197380550935	0.873059883428888
-2.33631680319302	-3.39718258063876	3.51568340198257
-0.824744269216753	-3.60974654509028	2.42890681465592
-0.530911271561656	-2.24009801464615	1.86101489277594
-0.077888968350722	-0.290423863453808	1.10852886355384
0.556150036291683	0.35559217142398	2.75093999584573
-0.829414981083822	-0.485065123511748	2.0001062709089
-1.50438212081519	-1.74851991441068	2.8518810287772
-0.326836180252176	-1.16744030453612	2.33824323655436
0.316109388909275	-2.20274188716269	2.63042280607847
0.0854915967700847	-1.69902745123298	2.57634197470565
0.381396274283135	-1.50272266162816	2.29496969517724
-0.463539100285319	-0.301586522057178	3.29619047154906
-0.716304127208345	-2.23634818290525	1.98620663446068
-0.3810355649351	-1.65293057297677	2.90115384402845
-0.340293477982374	-1.52104343613545	2.45829667269819
-1.3881174509473	-0.525134364751603	2.66846299795035
-0.417594536058146	0.927555945920151	2.16471547569928
-1.80776816998524	1.60674646566652	2.46013622340175
-1.54063954556236	-0.435962674044174	2.7854322796684
-0.398029446149675	1.84388066264427	2.45504514829591
-0.674022544611806	0.389705608417799	2.0908319111969
-0.468471674346968	-0.903275151762994	1.85184939429219
-0.902277560567924	-0.768453827753132	2.4547626452777
-0.83006831716548	-0.132145545164787	2.2912989229562
-0.0884206440678044	-1.11721703275253	2.4895671206061
-1.23086401093489	-1.60821843196976	2.47743885062093
-1.5018106653163	-0.496843926284086	1.82303594028499
-1.34826130296582	-0.717096741848042	2.32770490339187
-0.983036093243948	-0.419669170046715	1.94388059071027
-0.757108361845251	0.281780905268552	2.10833942343394
-0.707592701890786	-0.52888768944231	2.53628185118847
-0.800832636201666	-0.989608969431217	1.80927482612366
-0.889041198608848	-0.930572634630735	1.32935976432975
-1.22281510809336	-0.714636328687166	1.2088783174481
-1.04608287967162	1.02587793506959	2.15767152399094
0.0534899796994116	-0.93359173777275	2.12640203087818
-1.1588079258826	1.15858939364478	3.38615197405397
-1.49379269842306	0.8445283938325	2.08187363824853
-1.17677725953809	-0.854204975751423	2.10126645892542
-1.94560766613858	-0.319013185996092	1.76506945359564
-0.700478999640309	0.655230584863934	1.33642788290807
-1.48809815994195	1.29198183583091	3.09167704237264
-1.31992747534435	0.867869826566794	3.04026784862164
-0.520221545472774	-0.295734635516106	1.94524187729522
-0.78999536882206	0.939545937150314	2.82282597617494
-0.390875810398336	0.993524401259038	1.92702100031299
-1.04833637247143	0.987952865742362	2.33204811070316
-0.0134139869342665	1.37724204746158	1.11517110185184
-0.768713288565251	-0.621286611404637	2.08856882271916
-0.444258360192861	-0.612963022350958	2.6529656734155
-0.250877333504597	-0.671500940024993	2.4910458979365
-1.43137678922038	-0.835276100857704	2.36077572882997
-1.13511574101396	-0.188364682896669	1.76163130179757
-2.12163784092336	-1.38850201262535	2.47414068215113
-2.07060824915027	-0.717658691214442	2.35783687140806
-2.08528628164967	-1.17014829399026	1.11520312735889
-1.53383474701394	-1.19386012098489	0.624961437705394
-2.44374222738156	-0.854305667788114	0.872434046677329
-1.19946477656084	-0.267176224186094	0.887852774583066
-1.57040995007146	-0.617556464924876	0.866533687065128
-1.24015635691288	-1.4460902839451	1.06638842280865
-1.18519344432145	-0.689549934015573	1.34092257125736
-0.602929929208024	0.130652831389382	0.729979335820085
-1.66960431177455	0.762537368130847	2.50638201031816
-2.33476584282298	0.0275908430179841	2.56920292760566
-1.23633569263992	-1.23337812247568	0.647216772907616
-2.33309182887961	-0.522554649029215	1.51406117869593
-1.53841685059498	-0.328905112616396	1.037348088782
-0.358144424192125	-0.77052850002188	2.12116516796978
-0.368785128226785	-0.305169710491099	2.43903673667809
-0.726337092605301	0.162642957616999	1.83046424733618
-0.588186841439742	-0.333547899837064	2.56315228012544
0.560234977266013	-2.61029460233375	1.84800037243752
-0.396445201803301	-3.1698922298688	2.64702278079167
-0.820345763567649	-2.1928006645211	2.91544375017645
-0.753439243814554	-0.829871233777339	2.02116326774155
-0.753439243814554	-0.829871233777339	2.02116326774155
-0.452575964482526	0.839897872151634	1.68548027797096
-0.281770282548588	0.370326013910376	1.91448803637432
-1.06533268573788	0.716337565857827	2.79597277866747
-1.6475684364567	0.134850435524606	2.33006568356725
-1.43900745810038	-2.47837490725141	1.0335867899038
-1.96836345508256	-0.606593897597216	1.77451493938292
-1.37972043796121	-2.41421447808784	3.35430395504585
-0.201053445053154	-1.56049887757133	2.35420205829977
0.726138850730589	-1.21874261655997	2.39100836951523
-0.0455372590112814	-0.113561742423694	2.55910684994345
-0.180133308324561	-1.61230046617523	2.92751495132929
0.401488041677197	-0.745523232263148	2.43555998406829
0.0744873109207952	-0.2026279940529	2.69096258623392
0.0744873109207952	-0.2026279940529	2.69096258623392
-0.588060658857025	-0.0665563819736904	2.76832781284533
-1.04327231450805	-0.0222059728094465	2.11308981057766
-0.692182863184703	0.550539960279146	2.35510807071415
-0.252553606061394	-0.662706649495504	2.14252726533365
-0.587444791832394	-0.665332483189291	2.34621892615992
-0.713879225491131	-0.466728430077346	1.19935623828151
-0.790742088936835	-0.305308560746304	1.9323923749701
-0.0949222823692552	0.131630325293101	1.70633189544984
-0.80579106866308	-0.788266127143423	1.96564533470389
-0.0492717517434738	1.18437509683086	1.47139067649607
-1.80472366432625	1.45075624945624	2.21992687914812
-1.68031390914343	-0.314813991914844	1.03866361942488
-2.43438777264243	-0.633758102681174	2.74110329472004
-0.568336940616302	-0.714118422175097	1.96592557143064
-0.589908234342885	0.164590872440338	2.43368077903723
-1.44906780176309	0.338877516281522	1.37034687969453
-2.39030570100891	1.53648519353486	3.35313226403728
-1.48397021961123	0.0465724805684978	2.18257750739282
-0.859587616918751	-0.28135976113497	1.52012726129439
-1.58268185119804	0.0561102784691271	0.647684526186306
-2.48464402849986	-1.44098973119163	0.559125305900085
-2.26216538647357	-1.92586213019598	0.943126144717968
-1.94323823377322	-0.601220555675884	1.82423458425773
-1.22381466527223	-0.164145050230411	2.15323497942616
-0.735708001791957	-0.115580780666823	2.62735467813422
-0.446524487817422	-0.19186266083094	1.98864561530766
-0.191806143003081	2.48864525865381	3.20104965340638
-0.0513504598160245	0.504043588000975	4.25136441114429
-1.01836708525021	0.0194755680556924	2.69781692305829
-1.23530447375453	-0.401423561272292	3.57729246118443
-0.446295593959615	-0.472208824834392	1.83500795488047
-1.58999166276204	0.0286732655890322	2.94941203558375
-0.127975535154659	-1.46000513186432	1.3968183389319
-0.874007460029124	0.542769169043022	1.38136214917787
-0.668524141198541	-0.341295345456653	2.39099235371571
-0.539766190955065	-0.262218296335127	2.7883552924606
-0.929489994316682	0.77739303112589	2.0649699566676
-0.925074662936025	0.678099669525066	1.65558857302976
-0.709937762188955	0.723637076853369	2.63811083056281
-1.03006439572519	0.0121363030291085	2.27831426603899
-0.22204567886373	-0.95082320795322	2.24357276387178
-0.540929150305161	-1.15033979794662	1.99474325805573
-0.746640276690189	0.63460633128281	3.01092393840019
0.252499740632462	0.570533059708162	2.38156047902533
-1.4619286760441	1.44159614102461	3.36632998960849
-0.360138054833576	0.794075900971785	2.14408634955667
-0.465810041667718	0.791723302189036	2.32091497005955
-0.465810041667718	0.791723302189036	2.32091497005955
-1.29293477277452	0.429153116624352	2.07806190459399
-0.844786975937582	-0.291593418410804	2.12815923591697
-0.685140869806063	1.78359046026225	2.74976642948177
-1.94211679396937	-0.27286325250562	2.50627730156594
-1.95283073896019	-2.13750582375129	1.04295692010571
-2.21379701370487	-1.76100011597716	1.9131514502166
-1.71726957645022	-1.53026848621178	0.939673519533024
-1.67914442182275	-1.46585724240431	0.479431674600366
-0.174140575795061	-0.793355007690326	1.95336126228361
-1.26992496423292	-2.20253779040838	2.87034216956054
-0.27976362001577	-0.369530815502879	2.19328348527435
-0.0886613498438563	0.370203893365848	2.22085857814295
-0.982549717957862	-1.155795084986	3.02599684722041
-2.88702816264658	-1.64420115374739	3.59628533770796
-1.63298044746107	1.01301671598673	2.00694093970993
-1.73447204772548	1.05509004186222	1.26017027876543
-1.47013140354297	1.47132202334433	2.43751045690038
-0.589643345942461	0.388839917217827	2.02427013614368
-2.09087968649375	0.495973080156444	1.20969927555835
-2.73107848508607	0.636757859827507	1.17251552329206
-2.7189404364231	1.17679889499944	2.7621024162951
-1.22770073956684	1.5178703735057	1.36500797279547
-0.845736890061466	-0.655105222564977	0.88235539696674
-1.4189141125114	0.0842709758620599	1.9471263662433
0.101849963293093	-0.570135138133418	1.21606148115165
-0.535581992464311	1.0444711335044	2.52303822872604
-1.35838312288332	0.270160558778868	3.44130642101718
-0.368135755279312	1.53914718971789	0.507918009620449
-0.623349238224375	0.876437471541209	0.635228887901518
-1.74640405679794	1.284398154581	2.06912330747909
-1.77425236133703	0.237824051607666	2.53913547082165
-1.42713852735712	0.147421143170035	2.20050373611016
-0.662107219608222	0.0659159070440026	2.56230435808111
-0.725837028418331	0.63640497932909	1.82781309245454
-0.961287265368296	0.672379896795096	2.43741001562986
-0.825229290212852	1.86228774395222	2.24037201963692
-0.515598674345197	1.409266169254	2.36062701192496
-0.709730466926033	2.00852794868509	3.2436684073263
-1.17530999342854	0.447729297310745	3.67894899336261
-1.40394577459686	1.19265322716361	2.48113869805174
-1.55431575340403	0.744955613117445	2.78960266308593
-1.46465297731527	0.195936018530402	1.60557821736473
-0.366420497543703	0.0816380491326307	1.26791338641163
-0.542390399228735	0.103774555107431	2.15970808679152
-1.02959798925648	0.335499987494823	3.13189574897753
-1.16636323086198	0.0386095278218565	3.89272076117668
-1.34224265652421	0.0177886955038855	2.41653311470792
-0.752178100809964	1.38544780330816	3.67000089485773
-0.964888830702204	1.15334328083764	3.04848958915447
-0.645929429959771	0.310423700571577	1.61945336391987
-1.37155784954791	0.632042496209697	3.29424622445299
-0.600013614144915	-0.334876901347323	2.91030991015173
-0.13563691833553	0.550467465343054	3.98735984115647
-0.321046891297349	1.1731370851502	3.69957598519653
-1.21591419488016	-0.296159744528938	1.68144881878148
-0.0540009371922575	-0.296517201324616	1.94505182393505
-0.677014726354105	-0.466799133810151	1.70782989530791
-0.23522628897336	-0.558275869734931	3.18638785307268
-0.881793663406473	-0.0653715914593298	5.52759592100044
-0.952582882019452	0.271121914258825	3.17344384380464
-1.19131208957492	1.26972597284435	2.95067926794929
-0.914797561390626	1.26378399227512	3.50213126931095
-0.368641129925521	0.0341871995086785	2.54135822248526
-1.22746863995116	-0.0630748697888701	1.5124391721204
-0.909399065349771	0.145965865522607	2.52763864534779
-1.28280823688496	1.09927015791724	2.54354200060243
-0.794833280761695	0.168680124906095	3.82785592293045
-1.20049618454519	0.919789743723937	2.64269516049078
-1.34556194063583	0.363200036246253	1.49703596931644
-1.46886775250489	1.54285647710814	2.1700834544432
-1.3913419349198	0.111389912561107	0.830532824786302
-1.795291292771	-0.459295481657005	1.54331802173536
-0.938829057413629	-0.801501759478321	1.56780510608416
-0.34582761432449	0.117731543576496	1.83240568522348
-1.43678971674189	0.663986930449069	2.16903559864618
-0.74262519494353	0.216796579184384	2.05847991991375
-0.838051529437858	0.888861225167381	2.1383099481433
-0.838051529437858	0.888861225167381	2.1383099481433
-1.21268711845383	1.74990704323523	2.56385849719513
-0.905068825689287	0.469213499537649	1.70166024187403
-0.692243542422429	1.09759794795614	2.71745111368957
-1.47605641550351	0.572880933838814	2.55295101677793
-1.16007190292523	0.574826837111901	1.35650486505227
-1.50014882286771	0.175502047263654	1.00690051978007
-1.31251123599003	0.579767961292665	1.24058629927623
-0.310321890679468	0.136229216040438	-0.253331015345906
-0.743462162562871	1.01405167320506	1.58594330387834
-1.53600861023428	0.671136143850094	2.75153552658975
-2.56855341414579	1.07916945552278	2.45383717296494
-1.65512897219735	0.430564862983424	3.62696238481203
-2.10636993247587	0.16595669442346	3.65856588636637
0.229057507217322	0.650926547520997	3.31039759122689
-0.984594407647694	0.15912320693929	4.70453523590477
-1.11324386247669	-0.0410522830105356	3.33234606496515
-1.21341478736209	0.0174989759106073	1.42211761051521
-0.85427890435871	-1.19080446767278	1.56260379006746
-1.35126377968346	-0.560121936315069	2.08548550587719
-1.55741805485757	-0.498025160304839	1.70614738119087
-2.2901832391292	-0.427884120258611	0.532618121120922
-2.18637075892085	1.08481408525608	1.77049288350133
-1.25542815091826	0.678949729219119	0.864472212876191
-1.02702877175752	0.764780502592198	1.63686957527997
-1.17754868840848	1.27488155712609	1.03068135106458
-1.32502640705607	1.76717305357498	3.96615214089055
-0.657874727217452	0.758537735769236	2.28841429702129
-0.172405365058299	0.115296029433706	3.06570619163118
-2.4160868862586	0.2212575213781	1.11958513026558
-1.5319343425266	-0.127300418387952	0.370269018204617
-1.44886300825089	0.654845002647151	1.9800490423704
-2.84693262541021	0.981020617009435	2.02447970994567
-2.08839275078741	0.393678028157256	2.33684793755148
-1.65650482141962	1.0684001868486	1.59898806247805
-1.72096783613512	0.980407900919529	1.98586810307317
-2.73084545355375	0.588918706445533	3.29963736824128
-1.74784796353864	-0.793703765954222	2.84004296671281
-1.91827409306737	-0.192595129630821	1.44256257625118
-3.07847176625845	-1.56696316776667	3.3088183363035
-1.80881398638856	-0.921427165366097	0.839911294857136
-2.14757005938038	-0.315758268407107	1.51997341791815
-2.03133182336991	2.07916852769126	2.96484226613297
-0.901642615924338	0.382210863989372	1.54285315980754
-0.435784261219754	1.46416376232071	2.16924282812806
-0.372922436078313	1.23191277051735	2.85791116354533
-1.10555131030367	-0.0931598772386573	2.48387121974656
-0.209434346524667	0.548978947768051	2.49597029398732
-1.1160258045558	-1.13220659396573	1.66627625333144
-0.931590502649562	-2.69698687821051	0.919151354809746
-2.45176535923515	-2.41421862576057	1.05812215270795
-2.70957025597888	-0.790498180438364	1.5289956106778
-1.87751971891572	-1.79030210761447	0.436057033263826
-3.01884269272412	0.926484607093407	1.64113522540824
-2.88682213584	1.86407109041558	1.28942650711604
-1.92352574820116	1.1797881293605	2.47392828871723
-2.18706762919455	1.58405467684213	1.46484180303592
-2.79084907606306	2.87773026060985	1.77861901228413
-1.84134353432877	3.54237886235457	1.85720324038713
-1.50592664302965	1.3456008967286	1.92318912612934
-2.67986162840014	1.600425080622	1.10711129491151
-1.92285436788777	0.723572536901254	2.53958504947467
-1.51062522228737	0.0142024845632486	1.30473171090713
-1.45574513323231	1.10937153531576	2.37224660471316
-0.810244529197115	0.734076580840262	1.55728309179762
-2.12668852694004	0.79404993998312	2.95919769280238
-1.43553393326523	1.19685183226445	2.83805960199642
-2.33687665407035	0.765224672581176	1.51286375009761
-1.15657166102892	1.66277435720731	2.46733354626387
-1.53100633783078	0.0796012273812476	1.64455711818896
-1.51751538821365	-0.771348398078583	0.837015930642471
-2.14469009854175	-0.260801885432424	2.83069987000844
-1.3905183810725	-1.6155006158752	3.02701942538959
-1.68839673850356	-1.61021498279716	2.30495377000406
-0.488556791148465	-2.1614268345756	1.68367697419946
-1.20830698785133	0.219839810961513	1.85250276989147
-1.06911402417903	0.681097756918062	1.33267375308297
-1.14417730994536	0.202449220893995	1.2946352757134
-2.12737784517721	-0.301550612432536	1.69590422557122
-1.95057982822709	-0.0850472089954137	1.67698239053136
-1.34423658949004	0.237115974408861	0.805849355823858
-1.74720173426542	-0.564660023672125	2.1918119500227
-1.19009260029501	-1.34520645847587	2.1709646886297
-0.988152985162603	-1.01134877585541	2.32169728722426
-1.64687843644248	-0.235983608787334	2.85376234145358
-1.9006913625278	0.116096370320692	2.82497922112896
-1.67623544626229	-0.653480905483149	1.9205128164753
-1.39432563521417	-0.188002961052627	1.33782453592141
-1.32235372248506	0.496974950182605	0.883900505602698
-2.78695409663724	-0.586685850024858	2.44146245198272
-2.63171494025639	-0.53057637150023	2.10803621027646
-2.84864109394318	-0.836364600008846	1.7697661606848
-1.44285873439382	-0.574993363305855	1.17046302545689
-1.7627739483917	-1.48822780236591	2.54949083313408
-2.39975710535814	-2.02097533031537	1.99556998422492
-2.47404212550778	-2.99508261413091	0.954219043143078
-2.51596466843482	-2.93299809068259	1.54474926705491
-1.83453449524927	-3.17681377133656	2.53439792325966
-2.44574524845479	-2.87579715925478	3.85724736815056
0.23671079751529	-0.382204724468942	1.52734159764227
-0.731199847121119	2.52792122376677	3.28455377480825
-0.181817565698877	1.17029563383589	2.63477612285034
0.439734437441807	-0.998879516845354	3.806575154673
1.78590246728685	0.581938334913944	1.97720044119741
1.6774719479354	0.893818071770077	2.57030339910764
1.5405363689784	0.485573160413428	2.94835043467228
1.26785493453056	0.525416997226091	3.5413992832251
1.26497030896402	-0.228809428601008	2.8316079900888
-0.854467550355562	1.45511617066663	2.3040591995628
-0.159086374540378	0.144577950179174	2.71344730685549
-0.935498301601465	0.322891254031506	3.10340288720677
-1.47235948044143	0.33258794767558	3.31189463134534
-1.71613032408675	0.168740263658613	2.4107213039478
-2.42673328550017	0.564786704580805	2.13944063043039
-2.26474138760974	-0.0794533649279825	2.27744207149008
-1.41379003970244	-0.175103946988909	2.61061327201567
-1.30226684619682	0.272574354765658	3.63624042502315
-1.50969692076402	0.608023435935941	1.85345730419039
-2.98732842684444	-0.668484509596676	2.75268999526387
-2.73413958535245	-1.1043044358934	1.82425319136008
-2.32636454737823	-2.92547533133279	0.965862013314682
-2.42296385260414	-3.21032607439525	0.742890907942553
-1.71571178128488	-2.56495856783631	1.71360642707204
-3.46315909579617	-0.596330856053041	2.50182227096746
-3.8850161694681	0.766319719327458	3.48633627670359
-1.52736820451833	0.472341130076368	1.81906157663327
-0.700299126359718	-0.190689207754831	1.70308962234501
-1.01328963431904	0.787084893018312	1.41233804532017
0.662928051392344	-0.15733538051967	4.1173875095498
0.853558887269213	1.36423638714435	3.68803904262801
0.283677839850127	1.41201982659024	2.631440286891
-0.536668314609883	1.14587247843473	2.10402414729874
-0.507666585621101	0.925359040691914	2.10060019619221
-1.45333169661872	0.918277271415728	2.2475033331933
-3.21018781066919	0.224564572814635	2.14368952422514
-2.23401966883434	-1.3864276947009	0.623931262774383
-0.23525262714896	0.102764362830763	1.99315084985535
-2.05954495221597	1.19020805326057	4.51580119093238
-1.74549513099509	1.7579562478038	2.75539742439521
-1.87966056379652	0.405345293423934	0.68743999908172
-1.83018324267738	0.821211182387368	2.34324521892645
-1.61786367093184	1.24344429134761	2.51748185927345
-0.654077063019484	0.742495511790236	0.47412208142995
-1.33189304231874	0.625765213310051	2.52925235575831
-0.70637077559784	0.876777977983077	1.87555098019159
-0.985751976400133	0.126430831938559	2.23459465742304
0.213592058292508	-0.165074013285407	3.24472848061916
0.232649675705105	-0.34332317467284	2.85649361503645
0.358774723958974	0.287204432604723	2.92335096054565
-0.828727967362963	1.26442448198416	3.69184346328463
-0.915490644142658	0.805844673715432	4.11718844421453
-0.810511280867431	1.51350245233825	2.51801498198913
-1.36613891085049	0.792463130847788	2.99754563871476
-1.91020997044909	0.642784737851079	3.59412845714813
-1.24236793935622	-0.533063366112928	2.98613004703887
-0.779735538971644	1.52668000470812	3.14101435173768
-0.190347034639568	-0.392016582786377	2.55880269527505
-0.509673594217722	-0.561102879954377	2.460804722386
-1.1643365449538	-0.768690266289488	3.51786342108197
-1.41568293857996	0.57125637698258	2.787845024528
0.170076445123609	0.0171251291065774	1.77573136287488
0.256192710584194	-0.775368898551668	3.65382744124443
0.556174602087355	0.297902820056313	2.78523405450701
0.183232828204004	0.210894949748459	2.5986226323789
-0.145610623489928	0.678134839224276	2.47569405292752
-1.04751581611388	0.585118832850791	2.7402479582062
-1.59386020883488	0.0325717640744702	2.05091303505992
-1.42503496172235	-0.3433553064897	0.870668374775002
-1.20172182919404	-1.11713424446535	1.4503200773718
-0.253825980009037	-0.433769001976091	2.04474370226532
-0.662226883282184	-0.526422872178585	2.33413126560771
-1.32665858405895	-0.693977417377746	1.80429293477023
-1.45278100508155	0.116012793870741	1.68679783105825
-1.82476773161374	-0.957379946530418	1.12386178941117
-1.31750454426862	1.58318364380544	0.684996603762309
-2.66544256356209	0.845683925717708	1.8829227183047
-0.263135351563613	0.28239608110614	1.71973111699681
-0.182286307691414	0.670832404317597	1.9914030161566
-0.431821517105986	0.584727431836589	1.50856368331993
-1.9912932431626	-0.278784001817421	2.73969608366686
-1.29484114245998	-1.19788355673943	2.38551440713824
-2.60396105005928	-0.217673452590094	2.37521203009674
-1.72409825829564	0.377478429102029	1.12298120030262
-0.875223655026231	0.531255903209605	2.18879284769934
-1.14296302315859	0.318348482198327	1.99819184913959
-1.94085068538553	0.111244102945996	2.81239794601776
-1.16561273891168	0.925853369560412	1.88796872221664
-0.978295590723124	1.1940037505734	1.21596242357513
-1.48368433845356	0.284839366227418	1.15746635580844
-1.34273297482203	0.82588624272324	1.32876830602769
-1.6334605012035	0.486395188795524	1.22644481915166
-2.56954582418086	-0.472206388333771	1.26442134171483
-2.56954582418086	-0.472206388333771	1.26442134171483
-1.61718874591214	1.17060323938377	1.75409722819541
-1.49023694915206	1.97611586929457	2.12563007698735
-1.23551660240681	0.137800306427501	1.33379299051637
-1.01512033707437	-0.450233968836155	2.15274001600484
-0.841919708171564	0.485195172060562	2.24836322805475
-2.34932072636296	-0.407678297213823	1.84498169989759
-1.70142688375853	0.0833371660706936	0.884107548070876
-1.56754536191413	-0.142064365374162	0.638638160069248
-2.41243008423928	0.201908472357852	0.894788775119714
-1.23480936991163	0.291708833213968	0.684205879028381
-1.74864274411974	0.874697871281856	1.62976470653545
-0.800666733937741	0.463472649488178	1.87207008264602
-1.66488202697752	0.963609636236588	1.8434037214621
-1.68473499506941	0.50198343484205	1.11331776819384
-1.49482825102559	0.163937894827669	0.247010658348098
-1.52657606178914	0.316164069329307	1.11817058778206
-0.524490186439015	0.540826402147589	2.6847222774198
-0.85289973665789	0.689130538615503	3.74760740830596
-1.19818200416993	0.406103257131587	3.23092646134603
-2.0597589301562	1.28105138385186	3.95905092554463
-0.841888655064229	0.794169716644585	2.77391023315222
0.0313000465021914	1.13283003923203	2.14448477012343
-1.44736768460192	0.65252014512471	2.51465361267861
-0.972923810423855	-0.136363687590405	2.30248989733203
-0.535346301078008	0.804427484669405	1.09404046496604
-0.378099410399873	0.253281624968563	1.45161087989387
-0.378099410399873	0.253281624968563	1.45161087989387
-1.04722268926017	0.883436389091395	1.74113464261284
-0.61381520946948	-0.0818976585399174	1.99958096423722
-0.971220828446347	1.7995817955509	2.03875861723959
-0.84445036576236	1.54942596035985	1.94949046388777
-1.39653805929079	0.999441455024579	2.7556317165359
-1.18828082654606	0.645109338836584	0.816759129758829
-0.898623170877252	0.247270132941941	1.78484096072699
-0.681109619221808	0.552884598806465	2.54143492460084
-0.500488116567194	0.250104849294365	1.93503932569806
-0.636645452532884	-0.193493713383917	1.72255471932963
-0.147858220340915	-0.375710938596742	2.31033776280342
-1.21057919239973	-0.0628940803421904	3.95393994200488
0.00417634048068841	0.503230584729674	2.74393483943293
-0.363146709488392	0.8273493475103	1.37519075046805
-0.714104334276418	1.31412608826904	2.2155378594006
-1.046985715977	0.15176004055497	3.13578886014462
-0.801302386956488	-0.669411177118947	2.86533916842582
-0.472844037240109	0.0993648071318098	2.26151643736265
-0.751897623756826	0.326366735992583	2.87748831299668
-0.714271713745408	0.667434142228366	2.66684082792919
-1.39767009001685	0.743565760295845	3.21963304930567
-0.356586442687824	-0.299111872487023	1.92788033509952
-1.35042091835398	-0.84082916661157	2.21767618002453
-0.574933265351106	-0.187364735071133	4.2692081054782
-0.649721508954429	-0.584969540507001	3.52977286468414
-0.688305703854225	-0.440471474301404	1.70930829364565
-1.9682019631241	0.713623028313036	2.1381832376742
-1.87428135301538	0.0823375095367142	0.998670799872189
-0.198295166748302	1.74310436113998	0.272635548277924
-0.425648646963853	1.82983475909438	1.13256664654271
-0.0770015120409766	1.27420589374646	2.09319460368724
0.897805901732559	0.577493468836928	2.85027765990323
-0.332461372044253	0.712864235170749	3.93403943895663
0.271586546462056	1.81725319385829	3.01878009503935
-0.334453703977465	0.712934234540636	4.52750002635517
-0.280459585141077	0.528295188351045	4.36259644801531
-0.55448539960176	1.7071185646884	4.11161857015462
-0.475768292448292	0.708054374806889	4.07112811659237
0.0708540001704231	0.386730749693732	2.36501378070756
-0.68863403403196	1.10548697812263	3.57120803782453
-1.6027176716531	1.98575952317987	2.9954215657834
-0.654654357257469	2.13698882033051	4.48154008703499
-0.214615372919696	0.354237735839768	3.2160424714279
-0.953781525298841	1.00330692513837	2.86413280449249
-1.26997066111814	1.64993343020215	2.4525082721712
-1.2813827543528	1.3472315272356	1.67676568043886
-1.29649179133456	0.355891574998579	0.656579069278892
-0.838880921345379	0.400648412494601	1.84804857718499
-0.744692706241557	1.67153696925362	3.8410464974997
0.14961406626542	1.71321151687864	2.76300531084784
-1.58703961986051	2.33068083645033	4.65823527998618
-0.800517818803135	2.35970454780044	3.5444339301903
-0.0889064319848261	1.02267922971103	3.9723723047161
-0.431037497734862	1.90933722547926	4.83252954641487
-0.266690630611936	2.80092237387098	3.31908813203001
-0.90457308822224	1.82656822129361	3.43183698847719
-0.756154958640152	1.35485679330924	3.07717854135421
-1.032481213421	-0.661787026706745	1.56051369283055
-0.643389555078134	-0.758134464905251	2.06210144437043
0.384771959968615	1.72299804644238	2.24024541657116
-0.38526386971813	0.187374598920297	1.69480644563547
-0.659375594968177	1.04881674680354	1.1272814111315
-0.638955250265492	0.297374749837307	2.01225820409592
-1.47355230827962	0.793425524284353	2.67606836230309
-1.05313948610555	0.329692187955676	1.62053596369742
-1.36309648886815	0.466590728981896	1.3304354587356
-0.692226284788336	0.512510203955017	1.54981314113629
-1.61177165838786	0.771402102605128	2.39489016218635
-0.372725980006429	0.543377595949068	1.90704684252133
-0.273400243907158	0.207036386095203	2.74495529880379
-1.56860411934059	0.991808888823375	2.43769406817535
-1.15870189734428	0.94883423785417	1.86046940499339
-1.96240721500992	-1.14323073192531	2.29231010827514
-0.638907858617537	-0.314745550606746	2.38169840039874
-0.419216253570372	-0.0673100334173342	2.30664121017852
0.171056867733779	1.34557367733925	2.18156642743102
-1.23363379856971	2.58512127579119	2.67441154216174
-0.274335731398023	2.3612289461189	1.13439572615701
-0.686023695463947	2.01144969360602	0.0679324958137071
-1.45124730639551	0.579023378581387	1.01005250781036
-1.55837237023086	-0.116789673854372	0.506550304166681
-2.22507655076777	-0.0970113896284462	2.79229721470143
-1.3489841158963	0.25888414610206	3.24893516895417
-1.41526171032145	-0.425757951223285	2.00671015900791
-1.28848911058957	-0.634596297988156	3.37947316091675
-1.53043135601527	0.0227393874614684	1.80430582516434
-1.66586044128066	-0.717336891745891	3.15808328829823
-0.639146029816689	0.903892431478857	1.66481045289402
-0.915035296558638	0.906378290673548	1.65106280788251
-1.60972461956237	0.381967734198961	2.4727301841342
-0.97509011136698	-0.262661117967588	2.52230052020658
-0.797181524829319	1.30298293268958	2.33532167686365
-2.63986745962003	0.0298718824870081	2.50888185504473
-2.17026521184854	0.380010489355031	1.6360221641852
-1.77933689443054	0.615960333222896	0.638641575637544
-2.57632134380595	0.28945770672678	1.82587121958949
-2.155782578963	1.0440980139581	2.37862363938313
-0.871718112085997	0.914931005315189	1.83052106488105
-1.08767925819684	0.227014723851626	1.52050016118362
-1.30034864791316	-0.0272213732317831	2.10983689868305
-1.97458515855771	0.184548643986954	1.45735825595255
-1.59140168771234	0.0460908886119563	2.78965144413815
-1.13670427761531	-0.688286949187348	2.58265675312641
-0.994865388931277	1.28830468920112	2.14864837348175
-1.06102745545869	1.06973830302592	2.18396141676894
-0.130314151408592	0.790798240355659	1.4351647764006
-1.46987722366904	-0.102710518973439	3.2114042229728
-0.376068823483148	0.292405257582176	2.29989446658403
-1.67171052786349	0.683871036155066	2.81900842478818
-0.0938753737506947	0.947669079175428	1.92898371242475
-1.09438503231659	0.935982700529571	2.76751124072987
-0.474451319816853	1.08951388300129	-0.430476880062344
-1.17685957920783	0.547671468955702	1.47946383618463
-0.724095486159115	0.634739916057179	2.86782405603121
-0.840817977863625	0.422528634340529	2.69776257912006
-0.808675098625968	1.7825457408	2.67397446928423
-0.572084518049283	1.08040307982797	2.10021242677081
-0.112951731633354	0.259019784924907	1.53708335495302
-0.685079817627619	-0.0614179548266511	1.61344481629156
-1.30673551103445	0.0675740320003548	2.54935262525785
-0.704638271359247	-0.0486394152297456	1.6980299105277
-2.09385547588904	0.0638533161705781	2.57178193833389
-0.262171825771608	0.548823195853831	2.42671141703851
-1.36206098133451	0.945403019064012	2.58856318320898
-0.161726510067962	1.41959875133195	3.39978038724075
0.485399625653899	0.381819656388844	3.05009802623482
-1.58150388125616	0.152952553041819	3.77207725614874
-0.804574535147081	0.454759149331212	2.39512650166176
-1.73370205734791	0.349720063386527	2.5618387427843
-0.954853862822659	0.183785415587454	2.56350537348304
-1.74335379713658	-0.547174917899788	1.31971941544557
-0.725037322676426	0.344541870725278	1.36187127341134
-1.37670467549081	1.23159930097978	2.16899226651575
-1.96217739248973	0.85741669840479	2.36003268420007
-2.19107373496854	1.02471211960714	1.25086524229706
0.012950966055175	0.724304689797032	1.39446949752383
-1.55252406073987	-0.209797748007613	3.05796254454369
-0.268338256262216	0.624400046837268	2.34062886972629
-0.171025764313923	1.24457819777176	2.86556939104414
-0.748132388078752	0.129985676035079	3.72510693127033
-0.345846086989761	0.351267684010737	1.44102727527827
-1.63289021719738	0.537010953109257	1.33270705545925
-1.88495938060472	0.822454014771481	1.39742013621775
-1.1963580762272	0.776613198905434	0.528657038380959
-2.62415811526904	-0.629585082610111	1.28065521087716
-1.22631161873861	-0.903645235464197	1.49891631040844
-2.25044166930805	-0.136259243516819	1.01236189120823
-1.21874627856711	0.693314452323996	1.38536496364884
-1.81204097433197	0.963865739022379	1.53769839466609
-1.77321611575717	1.36648986591559	2.23355721642069
-1.76502776470384	1.19122983973043	1.41725855544244
-2.13749122058402	1.14022284707674	1.32188081529341
-2.05581012134247	-0.402623154851924	0.766349163487133
-1.58459286294114	0.322455914412316	1.19771112466234
-0.700459871168864	0.947313831319637	1.47378137568373
-2.00434685663548	0.311368734408409	2.67577924966755
-1.25901756953769	0.859698734927013	1.68078466604997
-1.58136819140698	-1.15857230461053	1.02022743635135
-1.68676595917894	-0.783129044512794	1.63438119904044
-1.09479214117748	0.277521355112055	0.74696879818694
-1.58806489284832	0.474347448362868	1.34972015430245
-2.06454375404469	0.727999553551114	1.2346726675845
-1.93631937564584	1.3482598580009	1.64688874612691
-1.80451969838392	1.80113823246167	1.97305071997409
-2.29409493134923	0.573804840491414	0.99700963126506
-1.05141352745267	0.822291795920874	1.12115002223455
-2.40194160127051	-0.354969741310417	1.81661580480553
-2.80192706389843	1.14662762870198	2.82687465890431
-1.96778122871748	1.67873091262882	0.823415405850804
-1.00333590089116	-0.0476859832986032	0.356046079208048
-2.21207888101153	0.193139306357266	2.6811452766842
-1.84915137328239	-0.455122492892828	0.801996065492918
-2.09920556739442	-0.204001172916009	1.29087461363991
-3.15040987231382	0.583147103354396	1.31782069969905
-2.31923130039211	1.30796828959687	1.97913772806565
-1.76733804388331	0.534189245461566	1.44303736544095
-1.95806155876315	-0.0157472516493749	1.68468004447941
-0.697581907617046	-0.22883334705384	1.73895289846331
-0.697581907617046	-0.22883334705384	1.73895289846331
-1.34336612188728	1.07017495388096	2.31785265680367
-1.26308430617544	0.268823837634672	0.927451697470056
-0.162228742164482	0.467695376212225	2.15362047777084
-0.597667176115131	0.292465112255282	2.8589847921596
-1.33496229227039	-0.304081707899071	2.23817897134506
-1.49506322371266	-0.287471981168913	2.99706807630645
0.192093010364787	-0.400380227830627	2.48304717476603
-0.296967069389198	0.420013383096992	2.8547550780712
-0.894389421573454	-0.744807420964068	1.78399454489323
-1.09718288100898	0.367020876901598	3.32969303871447
-0.515997408944929	1.40579689904956	3.6886632588526
-0.866818425311665	0.922099645277296	3.22155410679108
-1.22639223341201	-0.376993742179085	2.87706374515006
-1.37613306210472	0.305721608089463	0.851965389473135
-2.17251851639	0.184047884704218	1.46708706254173
-1.52053030236386	1.0894836789137	-0.147152997549161
-1.29117366730488	1.24746953064328	-0.379244200257932
-1.42869187237673	1.19608441023311	0.8958515350667
-1.08158171649054	0.193407264610603	1.96660135685729
-1.47890853819113	0.307726977261984	3.46850347636416
-2.49717524149232	0.481324002168097	2.51330082491966
-1.24089861662411	-0.648050784943974	1.42777522551629
-2.15223922968279	0.539212757056619	0.373456933928183
-2.18859975130869	1.09034292406262	2.88576827650483
-2.19360731592598	0.687018423998341	1.26390614317748
-0.385890849087104	-0.415031171212883	1.72132466261262
-0.879181966322936	0.426882937310217	2.41209942454533
-0.435929826471531	1.90400244772826	4.30096712500746
-0.377003692326721	-0.115140040880856	4.33309329920988
-0.308217171332647	-0.0742841532414175	2.2312759665112
-0.520183956487564	-0.684666670594991	3.1185375806313
-0.924621895044182	0.3734151536064	3.93973158292997
0.487213713265958	-0.744202270956931	2.74820638900182
-0.0395014577728846	0.082840796074213	3.27065876940868
0.242814926518854	1.39876262419733	3.25651354185648
-0.365127036512678	0.0202386018876801	3.76946306796331
0.524577920882411	0.642114905320554	3.82584835610158
-0.440217414694475	0.579053225674487	2.21254006399229
-0.782280038938542	-0.0136056180755756	1.85480988900012
-2.00177019037399	0.103232552758864	2.08987964147591
-1.78756974549907	0.702928185365896	1.06562987804132
-1.19470568248217	1.05209744043741	0.94903551032639
-1.92328386820768	1.46422586677188	3.47672440605882
-0.656174269217019	1.61109725849084	2.87002873049713
-0.45067996590466	1.14467115215099	2.45794442676521
-1.0638950364547	0.372258981596133	2.68229318612399
-0.871274399082996	0.331082889228037	3.21439649218628
-1.47750434408	1.32060232735267	2.6176038024913
-3.02503913862961	0.542126854812139	2.84098505757525
-2.21238709042499	0.103536603998252	2.05295403972297
-1.78674238141996	0.429476198801983	1.4253750575036
-0.683345765778515	0.432956552384372	3.00341765652691
-1.17240479145888	1.18917360194845	3.61149707710638
-0.477534280310527	0.131158501683084	2.50215434139439
-2.11870215979062	1.61859172620989	3.32985777048029
-1.75774994760903	0.688275038459204	2.42061055549185
-0.380236104241858	1.89973528617447	1.2262797769579
-0.685499791852707	0.572370104884395	2.54756818309028
-1.24411373529647	1.79746331143381	2.27701113974973
-0.569444411222016	1.13462830976401	2.494341365487
-0.832985275798272	0.575513368184602	3.05152845742219
-0.65664893031889	1.1286944515288	2.2604560905225
-2.03321983189624	-0.163026077506801	2.01230794214455
-1.59981993368487	-0.0536905763129093	2.42364614812733
0.0942218183880872	-0.271889152794643	2.00059971611937
-0.533190918108181	0.0658565630824896	2.6081590767882
-0.272936753101482	0.384958328779245	1.80312557250827
-1.15315600704676	0.817118127947571	2.50243030880502
-2.29331290665475	0.0687169800999732	2.38428389867798
-2.11660595370877	0.427915041449752	2.52724295697274
-1.63673751102311	-0.0648499275765777	1.39920830143447
-1.99780935062136	-0.218746188350019	1.08023822984133
-1.80222850752364	-0.135924721522235	1.10951497591338
-1.7970452458649	0.148206611886929	1.56013059946543
-1.52532975131296	0.662047243105963	1.36174661082166
-0.367643018171736	0.348749212600269	2.61809864347386
-0.662228993446419	1.24736848692275	2.44716784043757
-0.0635095809302103	0.406100115843011	1.39312867848244
-1.75823510078622	0.728847618728782	2.3733389142627
-0.540213137979959	0.73184183229041	1.70748822762386
-0.0106229648871545	-0.00367133989042179	2.30515212985966
-1.666225711052	0.749060373842093	2.74747567466379
-1.49440109838563	-0.172939473334632	1.08749110579315
-1.55692183587409	-0.170690519949856	1.37040451352919
-1.99131722166219	0.40636884144223	1.42836432590974
-2.39864206381619	0.604300743647431	2.0288553675694
-2.39864206381619	0.604300743647431	2.0288553675694
-2.39864206381619	0.604300743647431	2.0288553675694
-1.71500930554582	0.130414721488602	2.37958666148631
-1.20006167852058	0.337430548368713	1.4598002502601
-1.62947119812648	0.738431815439502	2.45396117883459
-0.978441630031156	-0.127127281154488	1.58638163870202
-0.483408671215378	0.375335171292432	2.32571952293304
-2.07390622276217	0.710776592692765	0.788678120643188
-1.15971435035452	0.88306809732951	2.18095483470882
-1.24195144913532	0.698317074129563	0.637847564138759
-1.84960198123489	0.945413910809321	1.77376792809025
-1.8654726011755	0.547198104746558	0.724020134926716
-2.09780559973161	-0.0853115244136385	0.00999620402771639
-2.11797803606135	0.0539177692967447	0.113318361863154
-2.59833095731578	0.610384734409173	0.838070799238642
-0.708026876717144	0.214512894451913	1.09191325813089
-0.936471865122124	0.931097965896226	2.19746939028795
-0.729962244665728	0.417243299161727	1.7237494750644
-1.11689831462142	-0.0676153057375625	1.63882680955538
-2.1585220819855	0.177286589757267	1.55102379562578
-1.9414881049887	0.652808123536877	1.37452083519015
-2.05885755586825	0.0496799799851975	1.82346800052213
-1.28245313943471	0.274844165338885	1.29541563822638
-2.36211573475999	0.772717171241809	0.742225061709836
-1.90425491248953	0.320857439929134	2.12603360883879
-2.15468240639033	-0.256653155845282	2.1349915473893
-2.30316011399585	1.15033578275125	1.66806995175158
-2.80932280153618	0.656587217609275	0.955470397300494
-1.54119684476521	0.913978874897217	2.73779893867413
-0.921368897268407	0.0930628541122602	1.81226160670259
-1.59215735297096	0.219468046191363	1.13130299857778
-1.44490588598824	-0.162417307136161	0.835238473738685
-1.26602830658933	0.379519973955679	2.62942503097748
-1.31411455230373	0.624358558399122	2.16496537809749
-0.851841320455608	1.13028958058778	2.01119080183807
-0.741514564472817	-0.00223621785978223	2.5587881746488
-1.15258528414287	1.09119619441017	2.35028080219621
-1.75480528234267	0.0480805217610521	2.81283410215698
-1.99258839901397	-0.671122491512936	2.39342221852355
-0.971531554038762	0.354577416055584	1.12273348688357
-1.25408135561665	1.35181036101689	2.31423919638682
-1.4024099155568	0.686852277911902	0.509796719274215
-1.1544817360238	-0.256699249138036	-0.0115618773108709
-1.15146271666115	-0.16255139649267	1.28002666138838
-1.14924794741283	1.58694635045657	1.74659419494401
-0.504718434390472	1.43279965285944	1.80726180636926
-1.39168864741689	0.580201370271975	2.68532100016585
-1.30600491932104	0.999944182263081	2.74481104735277
-1.36971217747797	0.0445014851319445	1.54297306166052
-1.33673568070939	0.689998932721226	1.80553512463205
-1.39189185846111	-0.179973922624439	1.46103059837663
-0.915094668041764	-1.80160852472246	0.191934599970098
-1.16132334317188	-1.10569980631741	0.0896450812880079
-1.91992329853366	0.406529817631445	1.80676082404457
-1.58917618244898	0.326508280767399	2.17377530259801
-1.9650963259428	0.479972441973654	1.68093322682924
-1.10251044500712	0.423135215183563	1.81306106541501
-1.26781269896797	0.661969457712624	2.55927949214207
-1.29035205656438	-0.167147304350041	1.36553278424624
-0.441868237352715	-0.482336443223236	1.66399631857083
-1.11951298375364	1.41005290551533	2.40148744519435
-1.54489929722124	0.838413231527949	1.70025063626298
-1.24499829183824	0.214441598385596	1.41550869249995
-0.876660442745563	0.273192934894118	1.47488484253735
-0.422802092172818	0.283248071357747	2.74835568194235
-1.42150424012393	-0.268821824474085	2.02165155778366
-1.00373131995593	0.0250654609629763	1.88505151685234
-1.06463928726963	-1.40054042869667	1.76006020109733
-0.489527934152283	-0.968388107080598	1.97889053918378
-1.0059138118213	-0.389963707279396	0.878433236829783
-2.18441977913936	-0.270335549162932	2.21994025385308
-1.92623889299652	0.201297130950613	1.96243780571731
-1.53567478003065	-0.0516085852164004	3.38689125318105
-1.04772311608534	0.0148156257134353	2.7421280797215
-1.76313559881458	0.46766674170653	1.90038315632876
-1.1921452796818	0.328479053151995	1.43653007471762
-1.79428515373407	0.0657951198105781	1.25210790511541
-1.04898461089663	-0.407985210412778	1.79002032523625
-1.02792167994858	-0.562290701123159	1.90648819377546
-1.71689828633652	-0.157939164909729	1.33578522213942
-1.49772515490146	-0.388970601219516	0.866639167190684
-2.07663999348787	-0.522017252607462	2.49468289402183
-1.61795885497203	0.0366014396232988	3.04646272693951
-1.20384907155328	-0.321716111649684	1.94611576487766
-2.26351451070023	-0.803002430184834	1.55504983125247
-2.14330180449089	-1.69465254370096	0.383785485700912
-1.62941969561592	0.647734235164891	0.150994659903954
-1.19449913002477	0.813696399439824	1.53749234614388
-2.25923897046988	-0.777389205709538	1.52369295428873
-2.51365565915372	-0.199931617725272	2.68550913182858
-2.43948671904185	0.684791314042766	4.21163418542168
-1.23954805816426	1.30151449185201	3.16899955906663
-0.791213771016071	0.839610131071224	3.65961778971311
-0.641697202818764	1.2069898212115	2.87488555645004
-0.711069718922173	-0.317564056018993	1.95029673644768
-1.05367542322368	1.11250548223303	2.17650335078904
-1.26169597880584	0.620064561008363	2.02561413564188
-0.960254268207014	0.488055636745998	2.22294544424682
-0.960254268207014	0.488055636745998	2.22294544424682
-1.30964841866066	1.05686729982181	2.24940452638648
-0.954206077358304	0.564740074346432	1.54925394160065
-1.63434507489108	1.47628572701275	2.44964359889484
-1.41670120661413	-0.264951882913979	2.95501274857636
-0.544342685440598	0.992608422061903	1.21232594570611
-0.940950622592183	0.363015544188952	1.22031552145929
-1.4916375206976	-0.231052936676859	-0.0240553377619966
-2.82752184383275	-0.0985657039017593	0.186064944824089
-3.03791781612159	0.0593474311878968	0.572769063048652
-2.64087292439774	0.601549233850004	1.21303426562947
-2.93530650008432	0.379815924543178	1.81017505825371
-2.96663466408864	1.33238101488454	2.00588577637698
-1.71449315910871	-0.922967784019586	0.594770134215271
-2.98428382877014	-0.193976443066374	2.30241827686588
-1.91760344021599	0.800987122775218	1.72248952294917
-1.51480012432243	-0.157451198087689	1.92599088794825
-1.85281732242694	1.13872829501383	1.48961038809017
-2.46626755091066	0.278431579825837	0.85005476291481
-2.46282335607127	0.133020632713833	1.09259458263886
-1.76153913697898	0.0423097278184016	1.98843601097752
-1.39435815876496	0.0957828602900372	0.764900002748242
-0.236124864279075	0.365670390875323	0.887571564619211
-0.581554137453647	0.91785486709579	1.16721414836444
-0.867782274226528	0.658871990782355	1.88974043745539
-0.418047744997618	0.717952171902949	2.14824682598841
-2.15675553578814	-0.250513259674506	1.91401299337509
-1.51287662032584	-0.758605692892594	0.335162531186057
-1.56322804810138	-0.0127165641871583	2.52915133468607
-1.13977821135791	0.428698440619775	1.35862108164716
-2.95175478314498	0.960462225045608	3.69937414590494
-2.355455308005	0.848857927088398	3.23329340625345
-2.09845387673264	-0.440498374837049	1.92571550645169
-1.70942135481432	1.20978831556094	1.6623183273556
-1.7866782296794	1.8137860207726	2.30772939605128
-0.428209037948937	1.35811986452232	1.39499818328378
-1.44291623454921	1.14484861799687	2.04589746054706
-1.22484071591443	0.282177580048991	1.69272653476368
-2.00983725268891	-1.02423816022706	1.04869355580812
-1.57665421290497	-1.01118582368931	1.229721080213
-1.37940385634055	1.26707198885475	0.125266016309927
-2.58301972962384	0.829977506484612	0.338780129752606
-1.57664298964538	-0.0531885630985312	0.885976261927861
-1.67978002443521	0.195569317529447	3.24893482706749
-1.14923857516162	1.06791623392321	2.99008231877148
-1.08356431617524	0.877568798579142	2.74347966807723
-1.14481759777688	0.0759619042959012	3.7049580617416
0.156245232914544	0.35367192298905	1.28463135823641
-0.466178364994716	-0.180640224070749	1.97613709188384
-1.4086259170937	-0.539734137610811	3.30902079161916
-2.36654207532398	0.646272438448723	3.17960475110635
-1.81213471376868	1.10581342819459	3.41262384682499
-0.808959243986882	-0.755849972098596	2.46278963111194
-0.835725955710247	0.198089278310332	2.07461962452037
-1.06222743198055	0.0197730425650486	2.62583367697118
-1.09300259759339	-1.16275129484418	2.46333627057919
-0.275606406969003	0.844893239170086	2.76389329441418
-0.756574563547972	0.916281973160949	2.95764348169571
-1.31017395753433	0.995539074661361	2.83470893264368
-1.21084643696418	1.41184925710115	3.5594617396024
-0.174893321070006	0.98289548367084	2.86085134238381
-1.17482047145916	2.13400701705205	2.7886049688242
-0.366672742686616	1.21747156575628	3.13611382999088
0.579717083999599	1.33999593457975	1.28389075946689
-1.29934435954746	2.90312460838423	2.65784134137354
-1.19459419585613	1.63075079733194	2.0171816618622
-0.132510619831404	1.40665445830706	1.35581563371709
-1.12279606643926	0.811311176898605	1.85403086159933
-0.954046662728549	0.48105402576893	1.33134099662384
-0.281568103075405	0.238446155005078	2.73965453804317
-0.0620185765614314	0.58346837707212	2.51636834898401
-1.10458132782612	0.652709878081558	2.8495728772892
-0.0624956863322028	1.19566045458492	3.26569904396924
-0.631494725722926	0.977959898221107	2.4565884868958
0.384274828547396	0.66017175951597	2.3308241577878
0.340212540933999	-0.97943917625686	2.40898907366353
-0.374228954793174	-0.983063189776002	2.43158801291036
0.0164468844648715	0.290305202098901	2.172981111858
0.0668105609681348	0.292624147435977	2.51562358954804
-0.972472399840351	0.676360136817659	4.23511935146886
-1.36291582991224	2.26653381231159	3.37183468040708
-1.20592780907883	1.95805378019277	2.92175930181504
-1.46167009080927	0.463379180225456	2.6649896506678
-0.956369434546565	0.0761708329061375	1.70335769693179
-0.45278697633909	1.52371238718945	2.06302729507351
-1.11482782973316	-0.197111983247103	3.08087729853328
-0.193711276766997	0.788764210606586	2.07566816043919
-1.39812735945685	1.76393628676033	2.14421233456291
-0.857863772354476	1.21308352373023	2.1616259955925
-1.67260652401352	0.649845158532632	1.21726684344523
-1.67260652401352	0.649845158532632	1.21726684344523
-1.53435103344454	1.15538660003222	2.3076816828424
-1.47520291076521	0.101840822194542	1.8484060975619
-1.49791369175843	-0.844356160241754	3.03319439475602
-1.84035956044992	-0.807226611744976	2.10693725857086
-2.32300054238449	-0.505250029172931	2.39086120104314
-1.43061117216118	-1.62916866483773	1.95546400638177
-0.526287698917173	0.767842307025964	3.77288486163292
-0.326369863544381	1.59364603536113	3.28526084446597
0.209004151059162	1.24856787160503	2.8713720789117
0.583809979965509	1.82406576622754	3.53543264664045
0.161054333132723	1.77114888278908	3.17979911204789
-1.33269268384124	1.09274037912593	3.25798737847531
-0.657064382805425	-0.72746988214262	2.6754583479717
-0.542492679963212	-0.92711790825534	2.14015113890439
-0.269535095850338	0.528073186163322	2.09225770637807
-1.49111763980131	1.35990249349197	2.20938951013681
-0.609212294904726	0.896481963774274	1.97756610256621
-2.65578243743375	-0.0839736486358906	2.63226717203001
-1.20270018176783	0.995864342295559	2.99158336304259
-0.887859163310901	1.28702981661667	2.56413910675204
-0.0932774830389939	0.684087012767092	2.67391987124449
-0.495983879284986	0.364750640574652	2.43048373411726
0.00735143772050256	0.52560033569344	2.27025050651755
-0.3747944467227	0.742345783351871	2.26976253722468
-0.586276593434155	0.573461302576854	1.66758765841414
-0.434765317744455	0.982450957979578	2.51828469096064
-0.0168654371937137	2.90125204704131	2.93707032046291
-0.44819769353777	1.72953650268442	2.40235857098705
-1.4119985916862	1.09263214287407	2.2029571129061
-1.26951941162579	1.15839080798043	1.87902536559572
-2.17902813700704	1.26991467146642	3.30185225348088
-0.761209547833235	0.552952331501921	1.64927107996063
-0.594462155376954	-0.324092092187236	1.9852342431528
-1.13326108911607	-0.69399643772128	2.03880141671911
-2.55296983295084	0.31530031755982	1.97980015975229
-1.98191943321799	0.240288401295562	1.01544547234321
-0.419534657581201	0.704387405224067	1.77195843522303
-0.953943050184566	1.4030495915722	2.79026270077929
-1.32850971800573	1.25825745066792	3.33259151514167
-1.4108736176516	1.14055602498189	2.37265016275391
-0.674509019130438	0.891168378972598	2.03091789698827
-1.67019305210287	1.37741193559162	3.11640473911988
-0.579407525907182	-0.317280491989783	2.04298615908814
-0.256377632576498	-0.321855045019148	2.21680290859481
-1.86832217017054	0.385357230773602	1.42345730239928
-2.22489459494262	0.762004931318655	2.01635136601002
-1.13956513562608	1.19718024962622	1.48182932098519
-0.916578656409623	1.07508823032042	0.864389472443796
-1.67615569791581	1.18375208087718	1.99366396827916
-0.946839243447411	0.256109539216518	2.56200388901307
-0.185864187831278	0.229703664842637	1.90341975468451
-1.27553177474688	0.869071086145692	2.42218434014634
-0.278371571846423	1.42037890750698	2.09416482244171
-0.315578237610879	1.32603070208358	3.30045807777225
-0.29038036981123	1.06787629597828	1.96444592416908
0.517064902210405	0.155306072898351	0.960501425204812
-0.829042673262908	0.544418268037478	1.62859099280263
-1.34354594798288	1.46634644090489	2.164489569836
-0.93861036062902	2.07566452420654	2.0109378558547
-1.69828586812372	1.171118888607	2.55629223845538
-0.944320355290712	1.59767398532168	2.96633633813588
0.163802013680957	-0.0398465848798282	4.24089546006886
0.131258889001966	0.25808120289206	3.1113770960087
-0.164345668247942	0.509657622381987	2.80947726183623
-0.868555069843483	1.15535775874009	2.80113517138222
-3.50896226293989	0.139661464684668	3.32694923583691
-0.933272832496723	0.384349065625369	2.54693624752238
-0.5175648149154	0.224648448166499	1.96769682518316
-1.7660774099888	1.3619762409241	2.4715116459739
-0.851166650841216	1.2826344455568	3.53622254515963
-0.159525758951239	1.20908358081657	2.90011717673301
-0.422371811096424	2.11149113882834	2.84113225554127
-0.106537283117424	1.73771938659812	2.99830366901497
0.357367266554905	1.44357451230144	2.90835978541402
0.955367357111435	0.920372716824737	2.16081481971066
0.616417305563385	0.459487024669027	2.7780545170288
-0.959503196732444	1.28389406191631	2.41697134620486
-1.04358579508398	0.876731985720129	2.6435885355054
-0.686437834116895	0.893149496666897	3.31071152925302
-1.26094027767034	0.734994812292816	3.43382849911241
-0.777073236308745	0.380367083531957	1.5135313655143
-0.289269844832368	0.0111006173122849	1.94187016989075
-0.79055559789786	1.5593524656223	3.58443593633803
-1.39177313046159	-0.399635927306236	2.77386932058931
-0.542335484905984	-0.066850614771676	1.92460131792916
-1.51854479445109	0.986671577064537	2.51296459078204
-1.40395518692001	-0.0870461786261059	1.67302441539823
-1.39241636383618	1.19230459596963	2.1556780402095
-2.09043058888114	1.00943884640968	2.10860794200376
-2.54534947074263	0.841984632863352	2.05289207993925
-2.0641392749584	0.312508621965045	2.1894270267054
-0.865658523284711	-0.120723528131126	1.52683207950846
-1.18439949455218	1.00108853951315	2.96203589892384
-0.0495226002781493	0.569999605227097	2.27978357676896
0.18107733642433	0.583850363557035	2.99989011789899
-0.143854656404394	0.768436078218906	2.96923017848839
-1.79186307901992	1.6305325409074	2.53863577388318
-0.877975150441167	1.44889930088789	1.70700378967781
-0.651142872444973	1.62892113488559	2.89296826466471
0.133735330501442	1.09466493887527	2.61283554120517
-0.135523970862837	1.31894695176985	2.11926970493352
-0.466387962253944	0.942353381167052	1.59865468889899
-1.6250485743883	0.573442090111534	1.46692378147985
-0.44237458847591	-0.477824973146421	1.02001498332421
-0.601028851895121	-1.08106422072339	1.88827428127993
-2.20998118156575	-0.141254276843817	1.03999193193079
-1.32400297361654	0.124278331527939	1.2737283428919
-1.40988308226834	-0.982136623640907	1.30444391255377
-1.3862885521773	-0.0749400453681407	2.00887508772579
-1.72127879027306	0.753864779671478	2.57842261551752
-2.05991872728884	0.239133524731417	2.828884384408
-2.29294295671847	-0.551024827682201	1.01125253894548
-2.07610291770675	0.308314807547372	1.60183459493693
-2.64927827197786	-0.0123550009606604	1.69694053786053
-2.18755753061844	0.419969318674764	1.75922690083173
-1.23146220341401	0.207546145123215	2.03621422171853
-1.15826663164772	0.238457207935674	2.29913944624108
-0.76862664367786	0.337864570710618	3.13152296705404
0.294255437413653	1.77487044494775	2.00752314244581
-1.34701687944014	0.499379765482854	0.670280285868776
-1.72181114764588	0.842806719331489	2.06993285017346
-1.54288369886498	0.0855937614287192	2.36962290371877
-1.65099282352159	0.151295041318855	0.583767253938514
-1.6132788705557	0.0266219243715302	2.11585941327221
-1.57664468066177	0.696090588393053	2.57666164684752
-0.988390512768742	0.0457394080152863	1.50094013410535
-1.38518946102151	0.234351421158676	2.34690299093267
-1.53613937257779	0.938003934988048	2.12380809383844
-0.879464843161843	-0.0177872133055431	2.44628484248125
-0.857338598194933	0.337321832884066	1.53302015904151
-1.26132879038571	-0.184439024147085	1.78532032337925
-1.66839542589499	-0.40459032180902	2.3265639964465
-0.97185512167303	1.44737792318796	1.59675423153845
-1.65999754164657	1.82761693663978	2.79706236762924
-0.0323076520174163	1.72244511313086	1.39229887744145
-0.701488415511977	1.82747700084068	2.90686609833036
-0.11737821700783	-0.564879780795822	1.55563447099159
0.540712526444767	2.33055592297793	3.82554558379701
-0.030068522217808	1.55482050001605	3.36942498614125
-0.308636981716309	-0.410995048159498	3.60968060579882
-0.220574715018891	0.365834479185386	4.14031148696363
-0.221606158048331	0.70952338794746	4.15154698870282
-0.0594764546313806	-0.296005015567062	2.70365388229439
-0.334463935852302	0.0915367793101063	3.74771419484998
-1.24039638358824	1.27848227023744	3.15849123028387
-0.259292725402889	0.512639083298796	1.85606626142013
-0.979900898950529	0.868319001399533	3.15572194477328
-0.187133849134796	2.01673338600909	3.50081658965468
0.41740910713323	1.28537770782219	3.57691278216528
-0.177009727678005	0.0589632811631879	3.36122256815037
-0.295296560846246	1.03041128280308	3.84404686159266
-1.50927598741688	0.757621380806451	2.45606820148071
-0.942482704976455	0.962832235925908	2.51096914593595
-1.6263182941733	-0.296253717567542	1.86179483022822
-1.63787444037628	0.33341734695106	2.15570219187678
-0.246372475880191	0.542899128857561	2.06842414042793
0.168481206397934	0.723905800547837	2.78008892026188
-0.3889405136342	1.32251845033945	2.3765312467262
0.535669010365641	1.94662157316159	2.60042075222333
0.306123122761815	2.02873409520509	2.62946685742398
0.275560152796495	1.58490144652046	3.38924841326029
0.275560152796495	1.58490144652046	3.38924841326029
-0.541215935351776	2.35272917655449	3.86333896934143
-0.671914724999982	1.04405234004558	3.88084243581433
0.582911974585674	2.47457513828789	2.03033966866321
-0.913220733933321	2.65777280027841	4.37055640889362
-0.625610281231816	1.5572180990404	2.83431130843357
-0.678647524596679	0.997897967352853	3.25834473830392
-0.0906748208292943	0.90878890302909	2.25308486683958
-1.76071373947617	1.37439908615307	3.51227525600943
-0.266634405116975	0.951453999527879	1.69094005769115
-1.3002255705605	1.79386011466677	2.33705607919008
-0.606749101689431	0.627055166770328	1.85120995863641
0.583712790636478	0.98935234228098	2.96123690072414
0.482587087193218	1.8297499000016	3.48852497890616
-0.0213531352632931	1.34583061811677	3.3563195561454
-0.0657813024587313	1.07316282269321	3.81208429242309
-0.72939445482883	1.77435729266954	3.86126338571414
-0.622711118450714	1.84715748122289	3.81385563791249
0.297614440088524	1.37162679702052	4.28883477053939
0.118489650770572	2.30602468015223	2.59561985496013
-0.91333095336355	1.74539141300455	2.83981250036508
-1.15736004535333	0.806293218919039	2.39938660179231
-1.23813392679612	0.231875176316272	2.77784767619602
-2.85979238094828	1.75785011588301	3.59107822375323
-1.27135107254487	2.14860179029571	1.80627809237223
-1.9282773795728	0.964167455407497	2.10147866093999
-1.91019454084636	1.02764866162421	2.63254944806755
-0.869056748550047	1.3567352113097	2.31030862885079
-2.39489556135812	0.421375505754318	4.07603200166203
-0.645787804348628	0.876045423755345	2.57780440604547
-0.645787804348628	0.876045423755345	2.57780440604547
-0.613526577189334	0.84929210328958	1.8211692129977
-0.455811012254402	1.66132202697459	3.11409105678636
-0.95516147858574	0.339648773515655	2.9395932108611
-0.308944738716613	0.169847015338635	1.28305840961186
-1.01860282561207	1.61370708657237	3.02132240761986
-0.0576305384995524	1.63753427539322	1.75228463442886
-0.224376044108758	1.71544938810434	3.05507717796248
-0.363918645808928	1.21016134379315	2.8838362842383
-0.758708597815199	0.227114810598994	2.37622597743711
-0.881250137176892	0.916170343755044	2.07575153481441
-1.37761390029855	0.738827304267428	2.69283377616743
-0.988097662526065	0.176117818513822	2.904707539401
-0.619481726188377	1.14498706950073	2.1050483405721
-1.1432014009486	-0.309511579516709	1.85682847094607
-0.381658204197821	0.243201233774596	1.47290614156545
-0.481381081163247	0.694687525571924	2.25083423155284
-0.481381081163247	0.694687525571924	2.25083423155284
-0.447577411285234	1.09599157029545	2.04020234176822
-2.35426069822858	2.01230411778825	2.79782161116376
-3.23913044115754	0.960122953296324	1.3647628529651
-3.54833792084715	2.13247415580323	2.4449795151773
-3.23835915117507	2.45936422474584	2.43144867525719
-2.37766030910284	2.98666037038208	2.27557700401368
-2.61102545887886	0.911452483183462	1.86019206565502
-0.554498015740094	-0.64404604989723	2.64521408581921
-0.483725194468048	0.0755840578095465	2.15898847207452
-0.610442428807466	0.157601222557869	2.71144593494049
-0.319018986139288	0.754203444025229	2.30570914196293
-0.319018986139288	0.754203444025229	2.30570914196293
0.532266074426589	-0.976822757953253	1.40326266134678
-0.745791176049797	0.273553079352188	1.42448751756308
-1.88663523305686	1.73808660886292	2.74021182901628
-1.1163028633343	1.71339249242944	2.63215918311265
-2.27439340738225	1.26071344049114	3.10310877146335
-0.539091070626104	1.86750361318463	2.25881695796061
-0.953289619200332	2.17285248089716	2.21105747975032
-0.952699548167152	0.582978552529991	2.08598924370192
-0.316797567320311	0.535040134155556	2.11554863195075
-1.01827382990104	0.586530820807498	3.35361984287987
-0.278869012031152	1.93944708468539	1.11658647351113
-0.469802640651351	2.38896655785436	2.02426567475365
-0.085408186058656	1.72446426758065	2.16089405913368
-0.576704315051625	-0.637042880372029	1.8035136819688
0.086379597674225	1.35927106150213	1.79386855474653
-1.18324396160777	0.728895504428354	2.69501196011263
-0.5743344985984	0.0120386350225403	2.13375646899059
-0.392085972771045	2.23249146809749	1.95641781182808
-0.917447092889289	1.16365771091422	3.04584901518593
0.00434474641804425	1.44849936775904	2.94421016876821
-1.13135609255594	1.50970339458267	2.22841164266607
-1.60862116027495	-0.143611286282652	0.773462903627901
-1.6072535877919	0.976378895952051	1.29817912729548
-0.813039683737616	0.0434996383694395	0.780237070507457
-1.24454050576541	1.57140172702358	2.83320600459821
-1.41571998328637	0.724054793495311	3.15464085896244
0.745751185317677	1.04557699584158	2.68244977870379
0.745751185317677	1.04557699584158	2.68244977870379
-0.548786652475308	-0.351228947191898	1.76000015883808
-1.04628861166949	1.11221375931667	2.17151561714372
-1.13558029132325	0.246633913569783	2.61177575350989
0.729291952021596	-0.00397573986868718	2.5381117167035
0.0409344650465611	0.215844276964304	2.32375248385552
-0.449719815649209	0.873590267947709	2.15941617624914
-1.08122519385322	0.915187227412371	1.42649987468461
-0.677660511321493	-0.0892148499164851	2.47396845781554
-1.24379063389022	0.469074478965119	2.12346118473007
-1.61656634202767	0.714162052437773	2.5729990141699
-0.416003467698944	0.320452363793542	3.28193035187773
-0.527817690842674	1.39150543981824	2.8683889861203
-1.04173608149996	1.22264809964557	3.35290138194509
-0.906032222452941	0.471597289953433	2.79687598119346
-0.673151141789202	0.917223477283281	1.77416825892649
-1.04450019924083	0.726080897218379	4.10819147606119
-0.591884844411921	-0.294634238317589	2.37787656041926
-1.09034029177134	0.612124647578723	3.370397594211
0.0686932191435627	0.702495221386237	2.45348086298933
-0.470251436367958	0.306351993938299	2.99308488822181
-0.152035036462727	0.165771653929638	2.47398239158663
-0.448775072928107	0.106194949740176	2.76432952386411
-1.30136908768531	0.835436762851275	3.17407093031512
-0.34670617837856	0.245487902008115	2.49046999479097
-0.534751509488339	0.674352018557144	2.38356840811776
-0.41141862234003	1.23266523266676	1.99860428003946
-1.65122806623617	0.166113532133389	2.27885915741251
-1.67745774899915	1.08610374588937	1.69364008271433
-1.97306891650066	0.290267849806779	1.79652961655515
-1.97306891650066	0.290267849806779	1.79652961655515
-1.39640951117778	1.08527070609049	1.97608271291733
-0.929099611840152	0.484623015211451	1.97616656543501
-1.20393369084361	0.603319313886129	3.6146083255431
-0.814435702499819	-0.363083465826635	2.70030725849983
-0.820287633501347	1.253158009878	2.33544484341601
-0.781967308997742	-0.0134062515161923	3.66002326140831
-0.147215571376515	0.16209460025088	2.76854286503519
-1.11475427847707	0.321674928631064	3.22197666185831
-0.860287820619403	0.101840589269937	2.23384502531446
-1.48151556715142	0.0404391526778413	0.696472932984703
-1.75547585073131	0.782933938717426	2.08341980116782
-1.59827715538609	0.523705605345786	1.46012476703592
-1.33673923863689	0.438477620468483	2.67135557547797
-1.77228488389546	1.55301397281279	2.44680798435717
-0.292345213150485	1.60545750814963	1.3120338153016
-1.22325305237614	2.09025944581921	2.41762236711823
-2.39553929444367	1.83456944467598	3.9171430070125
-1.22055360114175	0.77446686922677	1.61451891591134
-1.67083131263604	1.57656964237827	3.27833861121973
-0.0352978625496703	1.66999142338468	2.34164263932472
-0.94136239086969	2.65196639076552	3.25187277114483
-0.87573163639489	0.353141810538216	3.57385384182849
-0.720131192668184	0.702535051755228	3.63181696935745
-0.39777576636784	1.54741142384428	3.59268459438754
0.6141202757338	0.87118729157979	3.0892322497009
-1.30222215678086	1.04843460502221	3.86001196845058
-0.756223942250804	1.01220632739794	2.2470293795167
-0.276442082940731	1.61776263206794	2.89946239097592
-0.608585223300405	1.0273516880635	1.23910347837869
-1.01957920781555	0.0435443335192155	2.65058026925515
-1.30748628793699	0.422351316577703	1.78099173215888
-1.53776047488312	1.25324789911294	2.4457758426063
-1.52159273602963	1.54785976708341	2.26241831456924
-1.05338463949639	2.52649024967202	1.39126146947664
-1.34180951483015	1.95312419585047	2.708417006969
-0.675648823171199	1.78921831454988	3.23596693106681
-0.443370497618251	1.92318414391953	3.53206031966667
-0.187486858857932	1.7808239652719	3.5891895237092
0.336970126340931	-0.598031924413497	2.13077456066996
-0.898433606092076	-1.06434472065963	2.4253763819734
-0.84314593934436	-0.955954135056044	3.23577837921297
-1.3707435713999	0.481840048456872	2.95814877791419
-0.726758245179919	-1.59555060962133	2.60945417241203
0.648336799280212	-0.332625942664497	2.6950141943647
-0.683590979688371	0.196697597919969	3.67988695865889
-0.299162557931031	0.139328593398254	3.38453895121141
-0.149461261984118	1.09421852435358	3.52163655096456
0.146081816375428	1.72680105672996	3.03664760254097
-1.06733440444756	1.5173707487573	2.74554019527194
-1.23735257410173	0.0900964207171868	2.17569530202724
-1.75426367372301	0.906433532869551	1.39484611421016
-3.22641551986187	1.19369091800902	2.43259282181029
-1.4053301412997	2.02597514010239	1.47895047337953
-1.58164181689607	1.52197947334679	2.41630728550613
-0.599946295479227	1.40279873425542	2.5263826647271
-1.03698664295758	1.1134154340864	2.68293666295068
-0.918021823808214	1.80662847982649	2.23630324982604
-1.06571309436565	2.45802624154085	2.50779392251091
-2.31788369303931	1.05710324087367	3.13035409113245
-1.79680896559056	0.246044712264967	1.93636577038277
-0.512582132159807	0.254517194982634	2.17894767843235
-1.22810695334291	-0.070232256530424	2.33140523383762
-0.105969022111124	2.2173096537038	2.41904914639549
-0.800030075196659	1.71771514464407	1.7232251662434
-0.417753900485837	1.37771361475604	3.18666642121136
-1.37995370247499	1.43568988389855	1.60039060418227
-1.34572159562593	1.27690009965116	1.16813148366269
-0.933054750759817	0.754895768262191	1.58925631547187
-0.355457764160152	0.840373881558362	2.39852973067879
-0.208302606182357	0.218921339272593	2.54510018714485
-0.0994442055745179	0.606854251933208	3.09917504172323
-1.42065274948431	1.7466212033468	3.1293750327063
0.0413952706298403	1.56962874666126	2.34168798885531
-0.512471909842824	1.07717816385669	3.37972105261262
-0.806854253461899	0.729404667269644	1.55230343543422
-0.0745669954135335	2.48815193148522	0.794878945615059
-1.59316065773638	1.7246243646133	2.09897234214854
-0.676652724324731	0.678843946707726	0.633706262825632
-1.46297529292764	-0.314576415896339	1.82199335414028
-1.2699959386757	-0.673803762434036	2.48836850107283
0.12673786411808	0.88486666628249	2.21451370223756
-1.00304517264863	0.0570178015696622	1.62883140107326
-0.622013439934405	0.755809816805416	2.06069858603084
-0.714640167632771	0.863887697836302	2.77796742105177
-0.402261485176262	2.71662009493791	3.54576490171788
-0.201850830236454	0.941802564528474	2.19767686204373
-1.62310501936115	1.00341233652551	2.00851324084894
-1.0798126175006	1.49436842730989	2.63279157247138
-0.471266014489792	0.339667305534054	3.46909765404769
-0.452508274623151	0.978113249631211	4.28884085786044
0.217347113195757	0.409050163693927	2.41082267539674
0.455558266101992	1.21412013818295	3.22072342837726
-1.12167978355732	0.785097773404214	3.13982947446113
-0.0832071923485226	0.750479860434235	2.75026441445386
-0.726810028207618	0.0966932876581268	2.25427121399938
-0.768785729938115	0.803947701934548	2.30437553246151
-1.10289223667105	0.528377001669187	2.27125872954246
-0.483460972105826	0.126654593068772	1.50622260468019
-0.560821981877133	-0.0621542116773224	1.86307028529085
-0.361563124140867	1.15012938811791	2.28164807614243
0.597154661123603	1.07903237314794	5.07998855281079
0.347695158796772	0.107364342272671	3.97649902648943
0.263733056502579	0.289100191306347	2.42511196317843
0.00212073240405541	0.285889373267952	2.42534227020774
-0.641931468561478	1.01705125416826	2.21622007569057
0.000887042615843825	1.11526691689168	2.05438386479723
-2.51288551213305	1.62074951019314	4.03448844238724
-0.409421186647896	0.774534760835347	1.95293525304726
-0.638164521332047	1.47049304469819	3.40100637907617
-0.207294799398131	0.299996768572415	2.00291294682969
-1.14217857117367	0.224539719991861	2.49097858420877
-1.74990673005613	0.304934925770419	5.65053587913903
-0.910464411953983	0.719054367234476	4.73178067940864
0.713924503344323	0.947118062721158	3.04038377960121
0.507074293876045	0.599059473056957	4.1413132529347
0.0377328254499876	1.20855716236489	4.38772634912827
-0.145442787266847	1.83428957078672	3.66850752398009
-1.15932461346352	1.22764290257369	3.1599422432282
-2.09384806205713	0.834034035947457	3.28629387344666
-2.40937287562578	0.490824113069311	3.28071374137538
-1.48481219590758	0.824626132102377	2.74023826395988
-0.594375054732316	0.674907322533908	1.66336691930664
-0.188139322711317	0.738766954850272	1.83991332977759
-0.537207156756847	0.298122971130158	3.56983004568992
-0.684467859829344	1.30299928750027	2.01718540364794
-0.629084964699812	0.896593822951403	1.84837684980728
-0.0554538720049115	1.49001819315405	2.06588769355203
-0.226403350581754	0.956633757324008	2.83618770882605
-0.852332505482691	0.753611583601219	2.89210100033193
-0.918043825842332	0.518869501009701	2.19659558489367
-0.766409428672981	0.821822432658155	2.58553080378215
-0.679983924844884	0.577539748364143	2.62666632949531
-1.15854934412994	0.93357359243661	2.24966400215262
-1.04931209576007	1.0540917224909	2.26206048293653
-0.0620064913399285	0.64284276783024	2.9414578916102
-0.126051292121347	0.98409834629172	2.11954133172116
-0.707847431887823	1.25414918420394	1.84128640264008
-1.00623176653984	0.0303388302951585	2.06920483907096
-1.32104207032146	1.98240606893393	4.10604629153496
-0.548112364430063	0.499910644625473	2.56754507130545
-1.12369921073857	1.7385172749024	2.8319362388351
-1.0864473426387	0.89895690277749	1.95577855028102
-0.841992240548936	0.578317107544759	1.26821738684104
-1.41084056725453	1.45535157364282	1.77709351662863
-1.17130014413983	1.80278994175126	1.88733483115491
-1.17130014413983	1.80278994175126	1.88733483115491
-0.504348560588592	1.69590042240503	1.67530982397587
-0.941118443807063	1.47171667786745	1.47528538668124
-0.903205490471332	0.724860718065617	1.77779417680194
-0.914256113407065	0.698030185742433	2.73391831621151
-0.589140488667431	0.45495350983339	2.71959447996685
-0.982034588559495	0.817670306893676	1.79391528404131
-0.416575919490648	1.25953777694202	1.14771754527941
-1.20545032904877	1.81790691470541	2.53889063435146
-0.658497278498972	1.62104176803392	1.41144669250976
-1.42579090928173	0.912106974216061	2.07202934199205
-1.49194739036255	0.375700200966475	1.33608321096474
-0.974711656891462	0.372408989445926	1.48289108507343
-1.36561585433005	-0.270737587923647	1.19047585976734
-0.206841096272038	-0.694331059815253	1.88356068613768
-1.30231197517968	-0.030762227840083	1.78057770799765
-0.980704073172748	0.333310609069796	1.28160190130456
-1.28175316051684	-0.00727732698597494	0.751883175392343
-0.764288471211198	0.0783924290212358	1.82879589275088
-0.437559930627973	0.0457661501058724	3.12294803219213
-1.13183211844999	1.49348196238911	3.13017555514738
-1.075373424141	0.50917759517602	2.21583244756651
-1.65016424755289	0.697073690410217	3.40112146891033
-1.14690403747162	-0.103959110500451	2.14041477948065
-1.94939792336931	-0.377800309821355	4.43610350244852
-0.943190020333737	0.153641947189231	2.89470563681575
0.331871075133174	0.135919362198222	3.06227365050816
-0.604503027816297	0.599965425409556	4.13121012322617
-0.80115138394551	1.16154430638728	1.63857666115574
-1.20506861731377	0.832294648640757	3.78746999351747
-0.900489654167757	0.913463513938988	1.90408181253174
-0.982566133209105	0.187011750768624	2.02487358182103
-1.56718118239491	0.055298831777276	1.73941142807862
-3.58503106758803	0.337841903249628	3.59922623385385
-2.01300075892187	1.01527040068497	2.44761720427446
-1.53576576207692	0.15355357607166	0.787231407193478
-1.95100173351122	-0.0856725249842052	1.64227793299537
-1.83186729369486	-0.122406367500309	2.0446477430448
-1.87222497789479	0.152710148289593	2.3426908066928
0.439294246992443	0.0155996109453724	1.46928414025647
-0.930423314565714	-0.428810726909551	3.08650065920612
-0.522478164317651	-1.31984133471707	3.85653030080124
-0.417808586757854	-0.718071885929663	5.08922816771817
-0.20688573947314	0.993279430067537	3.11271568419819
0.355767923529902	0.874465289156096	2.83519898813925
-0.817547650236775	1.82424876885836	4.56446511129119
-0.189346994920958	3.33190030931681	3.84827181777977
-0.0338692661245323	0.627913782624359	4.53069992414235
0.138030110318533	2.09901251289282	5.05970807890763
0.82830594695352	1.32574167920305	4.34502111059607
-0.54084370168325	-1.29174675608097	4.64629422225878
0.98610708524352	1.42957343002187	4.43704019625138
0.95817861747285	0.680051737693847	3.12897774557666
-0.0645708496686649	-0.57087965969392	3.8224654737248
-0.125500428818089	1.06241382214523	4.26482004407787
-0.513947180115373	-1.11920797790196	4.74299130033297
-1.10610081900081	1.05624079531783	3.90351068997793
0.254840023887422	0.176250619636236	2.77358218934426
-0.779410079793547	0.375709487214654	3.95564024267831
-0.564167422225659	1.07365212470227	3.80051468867163
-0.286798052749513	1.40271535575445	3.08875115075578
-0.527743217176664	0.885773260750437	1.90810658179286
-1.60912203457584	0.35416501504818	3.50011426922565
-0.47992163358047	-0.867792719010254	0.998399679553902
-0.681426467890653	-1.49351480526973	1.90016100681907
-0.73261830596439	2.43256677085342	0.872582326192298
-0.681171955247475	1.77310459444936	0.321864361049488
-1.16734114962594	0.799029000413242	1.8662676904864
-1.3802462743382	-0.474358629593053	1.31429840960648
-1.21751070630063	0.51944067031889	0.986351541940986
-0.425580621552193	0.727784075453135	1.50439136221738
-1.51162153031858	1.36892956773206	2.41830944414382
-0.868737743321429	1.20949442062298	0.402370439194692
-0.450907586801483	1.95078229339649	1.71476799086983
-0.889648296241798	3.10399358516776	2.60600676458147
-0.123008532393864	1.61111795421396	2.26158243869273
-1.07407056336997	0.0369449453917592	1.28861466366519
-1.79188891375497	0.0731971622375616	2.67980031315831
-1.58249740014437	1.46875886704401	2.21782303944996
-0.846755319323053	0.968531611737636	3.07263331373056
-0.136094034685472	1.0912490803564	2.1371218779615
-0.832511774967921	0.578911315699711	3.13482082722097
-0.799556731628322	0.249714988257334	2.78486536511258
-1.62630066393681	-1.07911258322351	3.43972315851621
-0.655856449531644	-0.375112570341212	2.74524050484102
-0.655734157886969	-0.242768233035477	2.94399953619381
-1.05493829570188	0.548120473409596	2.21703151430884
-0.953159922847999	0.120940505116492	3.82065625018109
0.149313886981809	-0.0986471267659527	2.72393365362241
-0.39288712881429	-0.225476160887426	1.23441771138296
-0.718208845617154	0.893399123997735	2.12087081994777
-1.07796790759228	0.864327302097717	2.26571856389708
-1.80120675847697	0.46665214282194	2.15691871136117
-0.351575763269525	-0.338404144977253	1.23055561851621
-1.66826610262096	1.36196638696732	1.4586345774167
-1.86292590787733	0.872072459082916	1.2989270271872
-1.70858240056098	0.626707189431804	1.31776919270846
-1.99505174511365	0.388975447603574	2.55697358076827
-2.60223810119282	1.27197419909006	3.29186270224293
-3.61857143218691	-0.0728368232155097	3.70776551537653
-0.748128108600956	0.225677400482201	1.37184344165463
-1.683833781575	0.66690781206225	2.805367525094
-1.66535807609477	-0.12863972598359	2.77395910669323
-0.930642935184671	-0.0863236672776771	2.23763017457899
-2.08243819139611	0.486248986723749	2.23789533490543
-1.75278432060741	0.396345956900372	0.713958221041898
-1.37874826118438	0.23700832084722	2.10555815761267
-1.0912590376249	0.23307921166683	3.12407866141307
-0.645881012084718	-0.324833752072471	3.32145829011666
-0.85408812372581	2.03897079803339	3.15273511947262
-1.70018457012555	1.9289868697913	2.25301534938188
-1.03861351877743	-0.433843043120001	1.16510439991406
-1.98282417683254	0.674914489508699	2.24166937029239
-1.44718782629395	1.71537475600018	1.68484198402333
-0.600815848270094	2.26833291017542	2.52911992204557
0.553016830288931	1.51573335198952	2.88031849225406
-0.353165251973594	0.595814610722524	2.48468184598903
-1.18086935687521	0.785481597679192	1.7152011135617
-1.8066182880334	0.654037733635433	1.28603769850687
-1.70773300149527	-0.674486060917611	1.72231849710514
-3.72938620826254	0.645462597157078	1.98621113256262
-2.09197321210328	2.77001116317184	2.36541528158219
-1.44487233950455	1.3122777394771	2.64056583069091
0.0226422811029432	0.920041132918641	2.63078415236283
-0.975887448549957	1.56397874494716	2.78832586376298
-0.558222023384221	1.15161962142865	2.07011838121447
-1.65631909699589	1.03588355021655	2.71583268423825
-0.932974420671991	-0.457862355718092	1.25203155201108
-0.899956174346668	0.237910701581461	0.981819055355919
-0.959905716619571	1.30470600503211	2.00299130528464
-0.905831470290091	-0.239552812002414	2.54425592820436
-0.949094002265445	0.397807340277419	2.12908970153463
-0.657604696183592	1.72783801928203	2.62932269358328
-0.703269405503898	0.870635865220123	2.5516152628004
0.480632261982892	0.3778992143525	2.3201529447719
0.411536783983716	-0.895779209861586	3.45138865392813
0.44145927044411	1.23743873023576	2.74189558267794
0.176357359211337	0.708320391032067	3.25489304343127
0.0375827750109969	-1.3775263569473	2.51328340621873
-1.11853874220336	0.901056805546793	3.21191491775305
-2.49861879198452	-0.556164951141989	1.74999946563299
-2.16852784993032	-0.0962687568293188	3.48357992013584
-0.907990107458605	1.21619656845696	1.60003134450965
-1.48964934749817	0.725249340466358	2.26537439491056
-1.97857617108501	-1.38976287303174	2.09837764791843
-1.56332207963148	-1.07528930464225	1.86784913469953
-1.32072420172133	-1.69704258052024	1.22417215161505
-1.68596037786144	-1.2274674136254	1.41460160281187
-1.39260719149853	-0.0832425182944243	1.69189138462724
-2.12698364638382	-0.293468513267447	1.58242355430187
-1.60954980978636	0.347014744049662	2.87560488772058
-0.334960547874258	-0.064853882349182	1.84254129096091
-0.534950848435156	-0.0058485418428545	2.33354382874854
-1.79979580998283	1.87791536926416	4.20555207686042
-1.67070363954774	-0.487264015959052	2.70895363608193
-0.812431639319182	-0.913075110664267	2.07810290225017
-0.991464571993644	0.602358102082903	3.09368927747775
-0.656282147987455	1.21319115844843	2.80564455529243
-0.414259327280854	0.322102690938154	2.37508389649731
-0.127559995375701	-0.0806139682606094	1.97014608568913
-1.28022469187404	-0.559916892427857	2.4069664439294
-1.18954252509569	-0.411036095809479	1.89030499336875
-1.42883668982436	-1.07347042182731	2.67713323429553
-1.98509434845464	-0.631028314011663	1.71123414068795
-1.66579498656156	-0.709305235596933	2.20709882371864
-2.12418042026536	1.41140737016349	2.64346082561869
-1.8738191575471	0.574632930929888	1.87080859254771
-2.65520902767804	-0.778356647165896	2.59657681370362
-2.2419734142307	-0.817864649705036	1.70693997502274
-3.14042258860745	0.0536859934057045	1.72249032343474
-2.71384931796981	0.861296055720168	1.85031964184479
-1.78473666456292	-0.525416455496476	1.27713856120803
-0.633451858456077	-1.28138170663425	1.52683378501693
-1.45466272486292	-0.272447474603138	1.08075754764657
-3.05117705898064	0.137780469831472	3.53778622898118
-2.33376135443906	1.29184340995849	3.22675246399732
-2.74902106327271	2.32139866220754	2.61328518577989
-2.72228440813189	2.78001385469976	3.48635486528616
0.563944419419673	0.784318337889001	2.37250209377707
0.71144450982264	-0.140327074678664	2.9210905886643
1.01196735317621	-3.20126436047894	2.84038219246896
-1.64134140873807	-2.48330465055901	3.2729101454014
-2.22010994698744	-1.09029509629356	2.08695042066187
-0.959633077750559	-0.750729875556586	2.25340868923428
-0.959633077750559	-0.750729875556586	2.25340868923428
-1.06103528686221	0.221824236216834	1.99361321656419
-0.721031236403821	0.492334576949393	2.03195462926389
-1.54758353160297	0.492088085504776	2.99141372484927
-0.31962322233443	-0.579926033236105	3.07568797702689
-0.519961587010061	0.766994351983851	2.41788579285685
0.258345675852592	1.57664643148968	2.17216463785568
0.257978039697504	1.41024163866875	2.10683693470613
-0.397229588748776	0.771290596838987	2.7928917322559
0.090937200098775	-0.0926805337550258	2.4523815235862
0.228235392847081	0.381840600875249	2.84583794322499
-1.74008850682088	0.976665151877218	2.50736528328864
-0.601496302209175	0.242799672091273	1.82342237417846
-2.17518593372947	0.832246258254008	2.95992886629174
-1.91402465155257	1.27035611867678	3.13680483151859
-0.378009697030785	1.66745555077301	2.1118999304852
-1.84055476321925	0.987744573210074	2.42213479415855
-1.97166871022912	0.875407362214657	2.75015386756788
-1.81962933099722	1.41482741818854	2.88370178146108
-1.81513395667648	0.479991836650123	4.32109923452398
-0.976441936621707	0.203698807140461	2.41533814027325
-2.29085578287944	0.325009171510482	2.15467436345023
-1.40928888031717	-0.220970219203259	2.39751524979564
-0.47322242854472	0.421009349303406	1.20246640110887
-0.688958578035227	-0.00894558804941537	1.50852090245348
-0.434650850723334	0.430210394758755	1.63481091954682
-2.29775245076	0.646337750520987	1.39000633836438
-2.82901766174189	0.874761386163489	2.0656443184149
-1.34028659621187	0.926979092692322	1.59441898217189
-1.94048885728172	1.95819330826771	1.91263421825696
-1.35305324931119	1.98110632026836	1.64491909647317
-1.8573864477013	0.897320165717094	1.9980836150648
-0.369390996038061	0.345199697325564	1.39063570253549
-1.13460966968451	-0.984925397948019	2.05217598668663
-1.19977239231964	-0.515524475881625	1.73311635985698
-1.4733781460199	-0.967216101498054	1.42785875000256
-0.625531725206304	0.647707411111687	0.995815215456358
-0.687549358064053	-0.285891264053861	1.65051844289939
-1.30733827395783	0.413859645243196	2.26571415676782
-0.35372528191859	0.826367678939264	2.70698822142385
0.237750458970643	-0.268065698867139	2.25889678228286
-1.45922645588075	0.23547436228495	4.50069225798748
-0.00736578897982865	0.934406439431184	2.26169824967236
-0.215668129975729	-0.667466924251714	2.23964454193714
-0.190002096032543	0.350531177325713	3.30031304062264
-0.173986082831721	2.20931383887095	2.93336071037253
0.0315070862867499	0.624564811242304	3.66892359756973
-1.23718976755876	1.40571437241	4.38130410159781
-1.51540221498226	-0.408916890690298	2.48561223683289
-0.276311627557761	0.418642065568529	2.26203581774283
-1.02373999043342	1.04011403702719	0.799649480635426
-0.673140075168671	-0.857880326977334	1.62005627144481
-0.725471422314294	-1.67371029680984	1.99964767099277
-0.287758947930177	1.37718806419365	2.27780859472147
-0.921216953195417	1.53176433381532	0.770371923753256
-0.770359496092673	0.963159980303648	1.93250688738834
-0.954565733864143	1.61204971969097	1.77165864392976
-1.56453230894984	1.28940460175734	2.64571363139182
-2.47833977935779	2.18345065412259	2.34883235012051
-2.11684975322377	1.05112183855243	3.00749330577345
-0.987782416111346	1.15460889481234	1.38161128511453
-0.663401821028284	1.99776845235718	2.39426306576752
-0.667619001585782	0.527797618691016	1.07741729121399
-1.68690633848038	3.57539597518676	2.30905017641942
-1.05758627473649	0.372536634178593	2.24424584233002
-1.35908585698579	1.50758808981638	3.10843171432328
0.282949409740622	-0.079505429482838	3.36441548809465
0.142545490851501	-2.19927605842917	2.46241654214164
-1.52496802871823	-2.1308546227477	2.34624179621176
-1.07827157915866	0.272076252402899	1.92799540977202
0.663013874258239	0.50561701850823	2.54374174129171
0.52335204415037	0.401819936217658	3.09774282777081
0.0107255423868647	1.05556921661253	2.43000072838208
-0.133061340854906	-0.109371396491783	2.4046861601831
-0.960997125095571	0.946456763502872	2.66731772449691
-0.898230122018169	0.762157585517677	1.69546782414418
-0.7229793117538	0.906927505553914	1.57809853391827
-0.36633938849454	0.933368255822788	2.34866853358427
-0.382232451278783	0.866644280051945	0.745815284997227
-0.950400303045215	0.344419149043955	1.40433897860517
-0.741402764570408	0.335388737299425	1.77543491412187
-1.56348579761633	0.40030443995105	3.19093436195293
-1.21830809751531	0.105146675413733	2.26034707939408
-1.23627137129208	-0.595892567644162	1.9233462777713
-1.49901593039174	0.557713186991869	1.51066648289183
-1.29039672286362	0.915209313817887	1.53751853324493
-0.499164340483987	0.862242089553984	0.962407589815217
-1.04527760682373	-0.582186932540019	1.33654873491063
-1.08793673112608	1.82709075132876	1.64841846595347
-0.861593796495086	1.55044187950687	1.12051809936073
-0.252008979215046	0.0437466571076851	4.7300658871373
0.334615723785233	0.0960230673003419	4.24952646598781
-0.47409225363949	0.796253385292228	3.47570686148927
-0.460792609693687	1.45868716753731	4.62466547629365
-0.397254049890599	-0.806100691486932	4.06006143528668
0.166705442599588	-0.466851474855098	3.55143652785664
0.711685466782242	0.405228076964861	3.5702706631092
0.504941447493789	0.6259489643947	3.25807289293493
-1.019311588194	0.383864666162944	1.90041898144615
-0.0929420427159033	-1.79764256615177	1.8212674202557
-0.0844399683108889	0.6558572721346	3.0030065636546
-0.302792154857852	0.869272367223615	2.40837049450873
-1.6849543463124	-0.20017605532235	2.72266265980648
-1.61146626545877	0.527523744399019	3.08988829779007
-1.34381590386092	1.10072396175053	2.78677315831337
-2.22225513941849	0.608649426924227	1.52704173788267
-1.90057474335898	-0.837582145369022	1.38385346089354
-1.62063992766859	1.49720123949755	2.17646280671293
-1.15120081555836	1.44157523053663	2.70649154649618
-0.802631953901398	0.0421835560633251	3.36935650366231
-0.411804432795255	-0.22437753862309	2.68221825807377
-1.01045127225483	0.478749668684357	2.89019021508176
-0.896864170413894	0.0904034145262855	2.6821074335726
-0.584427356001801	1.10575889724757	2.40576727284198
-0.655891659619044	1.12666796258277	1.83254040266847
0.365838134176321	0.923783113674654	2.12961947420044
-0.655602209944816	1.31504934823522	2.73157823339905
-0.792485060580851	0.631116739743262	2.5315028355921
-1.77406470301288	0.678738086436054	2.02604959665258
-3.39076815071949	-0.893746826331284	4.35988773004038
-0.41447539105219	0.171468688766255	1.69118803193973
-1.49330386481283	-0.82531686351329	2.47470101259904
-1.9962351941779	0.469880930853803	2.84738669481665
-0.982692657222325	0.403330640461413	1.31855726495438
-1.6590411143511	0.311205819474749	1.0523416576335
-0.462241278245649	0.348150935646905	2.80119527232453
0.0399748557770881	0.296652960663618	3.36445170826876
-0.307278592372677	0.326213485459166	3.41195059392954
-0.339621564583378	1.538337807072	2.29172584840754
-0.0260075943653794	-0.335406677615725	1.75412778059302
-0.34128267608214	-0.315041919313069	2.50711635965955
-0.193990167295768	-0.188874817858286	2.46086795257768
-1.89744351999329	0.094966647467069	3.31404760796781
-2.13192264518629	-0.225208731737889	2.36481020783546
-0.69166647620047	-0.616686674481398	1.47859584204235
-1.30259431938638	0.679259930026263	0.666030433984616
-0.280398603125925	0.407222270908273	1.71412094632447
-0.826457997285161	0.237939381886457	2.10325467365129
-0.826457997285161	0.237939381886457	2.10325467365129
-0.826457997285161	0.237939381886457	2.10325467365129
-0.826457997285161	0.237939381886457	2.10325467365129
-1.42197941396706	1.14165164019371	2.38971570209492
-1.30331265283234	-0.822928050096369	0.509760457193403
-2.22949954037494	-0.701555181602451	1.51995476970916
-2.55280875952551	-0.856356627921711	1.66148967822593
-2.31418905002686	-0.336563490884946	1.41182546807074
-1.67759177007176	0.161320172425603	1.74377941742256
-1.58291713015004	0.398353997431803	2.37185019212453
-1.01739828649642	0.290673288673609	2.09972936874357
-0.844016212211792	0.59416271311259	2.02028984831183
-0.680068845422222	-0.448045382550647	1.55018529087713
-0.918871091679297	-0.545542428261503	1.44708215738272
-1.83425430754637	1.06571374850443	3.61655022364565
-1.22451022966947	0.410053044551118	2.60037930467771
-0.479567566416029	0.66601357366687	1.36492804925483
-0.703551663594193	-0.287014379382286	1.85982384465135
-0.886435203753349	-0.226894138561154	2.32831306913765
-0.391680260065484	-0.247659166482915	2.01397115678023
-0.550909570326632	2.86249852394609	2.32624568309981
-0.212770012395543	0.726098645092499	3.20687943908583
-0.491303720374562	0.496509620109314	1.69309186055515
-0.624683940542142	0.50874689712978	1.33316940815293
-0.632843660946155	0.57056565869623	2.43852159916434
0.169149084335471	0.19051399393008	1.73279337423233
-0.307043272815146	0.0898065333073948	1.40021517103646
-1.77649418514467	0.854428361609077	1.81539499829875
-1.7605753985223	0.865496268884785	2.3529699317963
-0.821189657341206	0.743599395648259	1.86879735762826
-0.391052254407215	0.973837789392002	1.9127817667536
-0.0166178806970891	1.17280893456045	2.06023153659286
0.548901463498687	1.82041407772653	1.5233117675242
-0.660460905364219	-0.0710277679125348	1.824088465505
-0.978286613304845	-0.8016395192684	1.87472650651439
-1.23451570957297	0.233598683902271	2.10760923642635
-1.8687933210349	0.314342020908142	1.93116264704948
-0.0550643912142856	0.888619396128053	2.11817919092563
-0.361844898194067	1.24574161847488	2.14869380916332
-0.892456491400471	-0.0377853679026327	1.46113470643823
-2.25960808756376	1.07239088771031	2.44417279823374
-1.41608722679625	0.0299618647981665	2.2924525616341
-2.11393731801233	-0.422891950348697	2.15148442274853
-1.39961912973183	0.018768634852607	1.45485521281593
-1.12866340552155	0.995385793454103	2.02101451505289
-0.346589445134341	0.156269850057822	1.88298553902992
-0.948519018471908	0.807425556399693	1.65473244548454
-0.359048205298237	0.00956152827823831	1.79437959488354
-0.698433216297185	-0.145600456652245	1.5971667350017
-1.1776693059254	0.198211160397079	2.30837573865321
-1.00065928469493	-0.0642147877754475	2.21242900182197
0.267524868954467	-0.062454802993463	1.35992678705804
-0.0260025444311506	0.744124629937565	1.64432676342044
-1.29832006753273	0.886545827112877	2.8102363728031
-1.18828678412601	0.38973448531907	1.45980053792464
-2.48946305135817	-0.0594850486696221	1.76790268915915
-2.6858739393048	-0.0615566946345131	2.32760785228408
-0.883470410404422	-0.940664990766198	1.98384316880764
-1.54584370919088	-0.766574947353614	2.76880535077794
-2.23951569143199	-1.10519176927336	3.14623449202866
-2.10728290315544	-2.0956521005586	2.14383458341318
-2.64731805946678	-1.42311998123225	2.573824837992
-1.90138218260967	-0.848631955128486	1.66000284549571
-1.1637368744291	-0.983756254161877	2.46095074767558
-0.391455698443345	-0.844514292243934	1.53344446222469
-0.91973003734122	0.571632789571189	3.25647921744851
-0.734048823909108	1.06645078172449	3.15819605694483
-0.204214015680804	1.31263890337102	1.61486585058779
-0.65851912605827	0.452892129033858	1.75102981640795
-1.97644998530144	0.943465124390207	3.03308103568875
-2.23694319845239	2.14620526096116	2.44333665257614
-2.06392785991145	2.685110977889	3.36929216656953
-2.11346778621215	2.46518020690293	3.71832954785906
-2.04082588065436	1.91118253627495	3.60858046398617
-2.59002628399551	1.42288534278229	2.7644054790857
-2.34790346762243	1.1977775625589	3.43917078937085
-1.88066357915982	1.54846962340952	1.89184482586489
-2.09071343850524	-0.127292828180257	2.48307658283837
-1.71059761317062	-0.382401820006206	1.66730678341128
-0.672889473053142	-1.34326098898085	2.73904203193523
-0.307216304282894	0.108025891064036	2.05694180987022
-0.0929547708483118	1.03713338754141	1.88535347476586
-0.279977270493983	0.553291003773987	2.2369159696576
-0.50907284809492	-0.784538092637455	1.69546593971344
-0.988103249464939	-1.10855040704326	2.33781685068628
-0.933302262711779	-0.159304105422892	1.45199447260665
-0.0930976857014015	-2.15211436754061	2.457947761558
-1.00259024586551	-0.21389477193168	3.55911448741105
-0.916930606264269	0.449739281372754	2.62186744780797
-0.182426154295023	-0.64192905184743	2.19438161022588
-0.12850039376767	0.0688521066956498	3.22287787076527
-0.977375987137463	0.740853188934775	1.99144125143002
-0.708476110099179	-0.208643209376219	3.33677596898976
-0.0596939904215885	-0.258740746337936	2.99248860112277
0.681298223642528	0.0420234965022303	2.26859880823445
-0.930002546373552	0.571634751098808	3.69982499526014
-0.684921521319423	-0.226872252150348	2.04339094549629
-0.97526713892498	-0.957142869416638	2.48412894021785
-0.196095384301683	0.114556073716039	3.15672766787331
-1.42247035861623	-1.34199269862468	2.11755060845652
-1.54007128220135	-0.795092400928083	2.64349748481795
-0.593804276439948	-0.297069754710828	2.65786078796176
-0.945746532848356	-0.286733089983034	1.25505524876806
-1.0090280388901	-0.728345125935877	1.74141688373223
-1.96645211387076	-0.0547544465391348	3.02969580998858
-2.40959573102804	0.888972992810171	2.68970826354185
-0.975705911724094	-0.487040194440933	2.93033786335168
-1.87241131548279	1.72031293995698	3.34812577525418
-0.718007185602396	0.528928083096924	3.58406946242869
-1.90542656446514	1.74438693464	3.15459428422671
-2.5331820353206	0.013029035399299	2.61982947352622
-1.49749703637968	0.43338721675438	1.98490081155523
-0.878328560399042	0.985349625789576	2.26409574136463
-0.574083428306693	0.902762170181049	2.95568398182313
-1.34197808330845	2.02934575628799	3.70828597013916
-0.497809789711122	-0.516767010250669	3.37186855292992
-0.752706249011075	1.25933467681893	2.39968551651245
-0.297271623797418	0.994392057450753	2.84112290220807
-0.283059155640634	-1.20281167242319	2.81765603295118
-0.971543475112275	1.14484227910404	3.5005970771271
-1.23791068761699	2.15655994912154	2.93569069490081
-0.541874195333305	1.32623219865697	2.3887541050333
-1.00847925101512	1.10113790434721	1.4819003976633
-0.724388545996025	-0.352279762750005	2.50268255372407
-0.721584089091146	0.623875348252029	2.82802227493537
-0.485517180830295	0.436574540675753	2.99305265386892
-0.590095427441406	1.45889366072581	1.57497334295265
-1.47093795455174	0.536720361024539	1.03705583291706
-1.0297428542651	1.07751802609766	1.67288855585138
-1.17749215649178	0.886207905652298	1.70516145402228
-0.751592794287175	1.0210135849557	2.2279260147089
-0.893376486141233	1.19157981081814	3.00751658344361
0.242329424726563	0.277211171491877	3.57444831416583
-0.325942512580524	1.25649278737537	4.52916620873172
-0.551732813898071	0.9057900293347	3.23108518703802
-0.526730979842292	0.979703861603257	1.78854430587712
-0.127587715770751	0.592552477137055	2.38691187416647
-1.21026265809691	0.911618008317086	3.41351700812746
-1.56179415472044	0.956109007809378	2.27261202089784
-1.4731161910003	1.34659366314667	2.27667749383177
-1.85522332810244	0.915973576113574	2.54788007015562
-1.23454002549522	0.157605747078713	1.475536447717
-1.49089291862841	0.611117637937823	0.725988438741011
-1.18970463467799	0.513944164542197	2.51555959229252
-0.232424855072429	0.950846834681844	1.93559304940792
-1.29331111078823	-0.569875464296291	2.8135228303679
-1.40934741199411	0.677543467245789	2.57700836387076
-0.517060195092877	0.217854479177437	2.19539659774644
-1.16961836230827	0.938854149139543	3.33376362281753
0.781304004860502	1.20300005580859	2.79835091418818
0.325418971430413	0.0891443860078032	3.3407842118032
-1.80992503196989	0.959713427283583	2.74391289145472
-0.55349716845526	1.13882763730923	2.94281047015153
-0.250545671811793	0.641735290468087	2.99839118416314
0.203072092787756	0.822119652227845	3.00132509803911
-0.0933470024100714	0.452953629212553	3.87763713997262
0.811615037663908	0.920199086729468	2.02163599666855
0.039073429268483	-0.261417294378597	1.97755250038261
-0.487039118571765	0.471028199965353	2.48939955503276
-0.177909655918374	-0.290656845225557	1.81064706931827
-0.942280503059185	-0.0135260642371623	1.75106886754446
-2.03777810492335	0.0217054608112754	1.8872238909695
-2.19644541978321	-0.154390061746004	1.87733143795979
-1.16422993686502	-0.423582485448117	2.19122182348209
-1.08121487333915	1.86467479194444	1.42190772275218
-2.01543997166347	1.27543789060307	1.6530781342419
-1.80634903002604	-0.0768147012580179	0.936449435472804
-2.17671447646268	0.673146252277456	0.851578417570867
-1.68722331915478	2.6048211882919	1.884740320987
-1.05057875508556	0.902727168574375	1.29933557395849
-1.6491602668012	-0.0744202648666578	1.51545027897022
-1.44581902641237	-0.552005579809206	2.1213210990612
-1.19444957999956	0.864337125122107	2.63094857851664
-1.24022565541845	0.702611186018748	1.67244536850578
-1.10667509228124	-0.869513109458692	1.46961972997827
-1.46590221610048	-0.599015525727774	1.06172316033691
-0.454585860585046	-1.12655093657767	2.11050266278131
-1.09311646314914	-1.69382626953137	2.71250190009881
-0.589388706438709	-1.65012992603997	1.8778625376564
0.265187047121872	-2.52770298952453	2.84625321284193
0.496503669470559	-2.45796300867166	3.53195364609134
-0.15468528988453	-1.06366255382222	3.12824267909073
-0.106925967673514	-0.384375599174563	2.26115038681846
-0.337384430915513	0.462545653252558	2.46426074299249
-0.337384430915513	0.462545653252558	2.46426074299249
-1.88133283663141	-0.49500791978105	3.05910339419819
-1.64406317263406	1.13643815433313	2.54598219897989
-0.332781296849603	-0.162172391307981	1.79919660722092
-1.20773091775555	1.016076592352	1.64905810973793
-0.752715784453158	0.599583414308643	2.32460215127776
-0.509245407015523	-0.817187110890892	1.66391962224629
-1.094248777161	0.467730389075488	2.25081916886283
-2.50841062675135	0.956002958549842	1.98664278363223
-2.13523312876737	0.685237677326449	2.96324858115709
-0.877852762858931	0.272960720844693	3.11970408732185
-0.905499282438567	-0.160705157671769	2.90994009200647
-1.02576169314352	-1.40053565236624	2.73357752070551
-0.44160425429928	0.940168429450933	2.26936732423131
0.531063104286523	-0.26337369304896	0.956310307736137
-1.33455441718837	0.201180817691281	1.7204629854035
-1.99892070088038	0.538810100947558	2.2023540386185
-1.20072633382182	1.08595562093033	1.94728105793051
-1.10597007343784	0.153717224884872	0.830313084932361
-0.639222461796123	0.195478641726388	2.24712194159428
-0.516990057911286	-0.0118139604048244	3.30226850913277
-0.456590200525509	0.184836986229962	2.17661684894216
-0.842525970263677	0.688355688870629	1.8728577338192
-1.29427571889534	0.698698564843289	2.4107164705817
-1.23883295544857	0.103340109187918	1.38981224727324
-1.44305971251109	0.633823534932586	2.41957936827679
-2.25705111154977	0.794614484366839	2.69081683327621
-0.106680727031608	1.25924251844244	2.27537129679364
-1.50334374208324	0.364803566845666	2.51517641567341
-1.10536611601841	1.50604516475895	2.55210031243256
-0.801052893885355	0.299174693423653	2.90363631438831
-0.879385910646817	-0.112957321339672	2.43479591232272
-1.59758117762216	0.512829033826407	2.01476535680081
-0.470217041982199	-0.994513080915418	1.25177579186319
-1.67932550807449	0.41266352161732	1.52206712877291
-2.76239206563452	0.423062661394086	1.26447320486546
-2.19917469273837	-0.0507651946012912	0.498900284133198
-1.66744805897092	0.267706867364001	1.13669383511541
-1.28432215751808	0.373756735869916	2.0120652024923
-0.513526694859807	0.29181662985553	1.94371215412676
-1.95643616881732	-1.13134447549912	2.42672198445614
-1.89204985525912	0.102246726099778	2.12263977585596
-1.93814160001304	0.231351494251022	1.21451393352878
-1.7909920622201	1.12734354108729	3.15125554909361
-2.6548833214435	-0.443872219823369	2.00534833618503
-2.53453876148587	0.375376357420561	2.37726913608211
-1.46481487502066	1.49141830923868	0.958578394282497
-0.549531979901917	-0.244089185500678	1.21744438891866
-0.94690621649723	-0.303595493745132	2.0314166038911
-0.123791628976059	-0.453276000393703	0.778590269789351
-1.2271730569995	0.0236672406919651	2.35828495174062
-1.72754828111759	-1.28784013240099	1.5151994716294
-1.9331280287326	-1.7960129652729	1.22035105787148
-2.22311143489398	-1.31626329314105	2.42726814584164
-2.16497730979869	-0.255854066560152	1.9004283193028
-2.54184099620819	-0.294687666249754	1.51085081252952
-2.11886079359888	0.0483279519250692	1.46539039356643
-2.60982281026522	-0.809712823517071	2.28077164192016
-2.82100124022472	-0.268593342420921	1.27868123075683
-2.48133149872242	-0.846862046884165	1.81941116662219
-2.78369436661504	0.561338126349587	1.86024997614395
-3.08448161825078	0.00340647657812576	2.1821724122926
-2.26624309708121	0.459933705042313	-0.676541539407813
-1.97695044977565	0.478887146806014	0.786503296673021
-1.79420857437829	0.242204645518437	1.53058708311856
-0.131953993508294	1.27827541389618	0.853350169146373
-1.15450652065007	1.64311324919212	2.02068260218133
-1.28823031767977	0.0617809866184373	1.08400456003771
-2.12366725390183	-0.0452048374546409	0.928605317634985
-1.79313260051009	0.162069301667121	0.659704408563142
-3.23319037861404	-0.275877591381856	2.0338481656082
-2.74571903517244	-1.10871409884902	1.87043263995466
-3.13229833776066	-0.391674557924666	0.661361198191016
-4.09315511579011	0.47527524234343	1.03004099651256
-2.52552414376628	-1.38635620147164	0.978543810233898
-2.12932564294944	-1.27745930852842	1.93827180114224
-1.99667900553631	-1.99263259103117	0.591465893793931
-1.0719900826691	-1.71288916148342	1.33274787151926
-0.86520060613179	-0.967895562341914	0.60397193492399
-1.78270498284538	-1.17688864742449	1.36738147410612
-2.14687970146658	-2.02854326805139	1.08704673520314
-1.5727592190294	-1.18476535280907	0.626352292102864
-1.36805238411669	-0.95865338928814	1.01495916396332
-2.24168567641465	-0.686364513777385	1.29513072640707
-1.81301313814087	-1.90606894578483	1.92194870153785
-1.72804447950155	-1.43721631305408	-0.00739167979283834
-3.73180301947439	-1.7298175448974	0.111506228958314
-4.04495398006397	-1.58611234287355	0.951392991208243
-2.92743317999209	-1.47523587131874	0.0195462014878547
-3.51019965553012	-1.50978172575721	0.271566677100387
-4.03865115557485	-1.1779413657611	0.833851867471218
-2.93335995421881	-3.02870445647554	-0.753142113742337
-3.27024537815849	-0.909705528579928	1.30447984928417
-1.43115408342873	-0.152595876333741	0.863191911005664
-1.91869076716298	0.328602431709093	0.691642032524979
-1.20720414032761	-0.0119293890148376	0.504609859473929
-2.41215958934855	-0.580779663540094	2.31124954632154
-2.71526016291975	0.503989139144968	2.07040036887635
-1.34849291889981	0.211817231574175	1.16604370550206
-1.30252513125653	-0.0723319069212539	1.61028727226721
-1.30252513125653	-0.0723319069212539	1.61028727226721
-1.30235944712982	-0.273013605798133	1.38237299917902
-0.877867114554912	-0.943189038925588	1.33327515290444
-1.7445102049933	-1.00326578194846	0.766703952908837
-3.52250946244556	-1.66409903780713	1.68393277461899
-3.51100080245999	-1.50202554342368	0.944695007761884
-2.14732784751834	-1.35587925669485	1.43509079658081
-1.57388548073658	-1.517837221258	1.20039330538717
-2.96431166012129	-0.0325687329619494	-0.20614705139495
-2.90222252875751	-1.23679151451838	1.40338250129958
-2.41591640751653	-0.840136854870308	1.5106883121303
-1.80319493275812	-1.39390838872622	1.04021863474841
-2.41627605963144	-1.37923871169726	1.12235265255933
-2.71486149313982	-0.463343109363968	0.686275762072599
-1.60865762784852	-1.54012530910905	1.08065237917804
-0.9276699747978	-0.916733131332595	1.27599730105741
-2.3443612443814	-1.06190723927605	1.19115335868166
-0.905377987415037	0.0774578339914003	2.06767687221358
-1.07702798456299	-0.0630340382100138	1.67718813457922
-0.439790580912444	0.697784884634971	2.00926047098133
-1.83761509158199	0.558138460753133	1.48322040807614
-2.10795878793924	0.625181149238977	1.43958549825432
-2.60933113773839	-1.14235462381683	1.44430588608815
-1.14814629358945	-2.04995447912731	2.21131061619924
0.526490731179578	0.63328356921181	2.69369979654676
-1.45098997795676	0.581454428147385	2.70932762492202
-0.651586904054988	-0.665822207868968	2.31503955912806
-0.878237947857114	-0.0778618977204155	1.93249752514211
-1.81092833500893	1.53615497365586	2.31756311535689
-2.61591838792037	2.03954516263864	2.75064592835274
-2.5145356501059	0.20662263685181	2.28454264099525
-1.63385604063838	-1.80785343134912	0.585926081065133
-0.992410089466152	-0.927091624242417	1.11597022314731
-1.64684473740291	-0.417001187579448	1.99897093253333
-1.29977862638273	0.0193993569936074	2.66430835927193
-1.70020483315674	-0.762320471832403	2.76766410341383
-0.361931029834445	-0.0795056391278219	1.8230915331103
-1.18416988138784	0.937548972356289	2.9244029913224
-0.588033668378056	0.453965609170519	3.00565489698153
-0.547902142435511	0.169029780317962	2.14430905352142
0.164742243897427	1.31756239113507	1.37938624942037
-2.26379802732969	0.620064701996173	3.07143806614512
-0.560382083348867	0.232771535919963	1.63527563395097
-1.51393432784417	-0.721407655401959	2.95668387832828
-0.998950149397603	-0.102847120539002	3.72307449004832
-0.595052303022174	0.0758463417907291	2.99383420692543
-1.13229534412897	0.397772456865549	2.23569011197091
-1.76951378712958	-1.67369441635189	0.315194950971433
-1.46457629885436	-0.936209568439804	1.96257466389165
-1.6836136955807	0.1565354924543	1.72323788925987
-0.982951140228957	0.573468236247989	1.00839748521362
-0.829099502879366	0.727170657091766	1.7037192376764
-1.50074650624781	-0.133212688931457	3.27694936697192
-0.497088605823109	-0.873200304472884	2.19125170580451
-0.668423667470652	-0.564470025342082	2.17066340430737
-1.50309295306152	-1.06992731803166	1.17563798421602
-1.10428902960249	-1.61308093370848	1.87741442056102
-1.67483196049674	-1.57404822313501	0.456469426611543
-2.00232130491269	-1.23496015344499	0.773535712419847
-1.89490487954877	-1.10089175131604	0.0331056759904483
-1.83726995069997	-0.690140279883054	-0.204533021932496
-2.33295406306645	-0.927385892727747	0.460930970715541
-2.41606230466242	-1.30106692331144	1.00092585213648
-2.35797841735239	-1.32387476065432	1.56640709214726
-0.982288189408781	-2.85787420197987	1.32393551257031
-1.26558562084736	-2.7929732983466	2.73380227936394
-0.77367796315739	-2.78602172789433	2.53569391436264
-1.3121757139267	-1.54677451624187	3.45792725629292
-1.06515135335374	-2.49857983031391	1.79232935696127
-2.22659462069965	-0.236938104614229	2.47190966954095
-2.28689530542909	0.53603204961286	1.29576124965917
-2.01178221158776	0.486403744797556	1.63477501310543
-1.09139592691883	-0.283599544571292	1.36798698526373
-1.85946006415677	0.274968566320598	1.72952718513785
-1.86680410958144	-0.492482069453508	1.4165565666408
-0.728226841063126	-3.07306852898473	1.56862614391347
-0.911162666293184	-3.29582689809932	1.89224466138875
-0.641140663533727	-0.00178070700643396	2.79568001172065
-2.10903854861796	-1.15281572953699	2.82204831374403
-1.24328444662795	-0.758454553372118	1.3815005284585
-1.50325568841419	0.398987256155446	1.82138685636523
-1.45135831591475	-0.524289173702623	1.56780026167244
-1.83683834053268	0.210004893640293	3.13458270551166
-0.766254635356748	-0.955583899534077	1.29227399622852
-1.94355385203352	0.186979459222871	1.0097990010424
-1.85404297140744	0.262405284265366	1.58559404648625
-2.09304314105498	-1.57792514599451	0.914608074188573
-1.98504500520397	0.0127749701644482	1.84508568764515
-1.19753445981794	0.128414646118226	1.70866865415342
-1.14944258133817	0.279087235725232	1.61115204560131
-1.61339367714663	0.0212786424069808	2.30688067673024
-1.90361577093747	0.20591040711836	2.94213417158019
-0.886003496858896	-0.493227596974084	3.17029763174287
0.20580516345646	0.368908054068548	2.08559553445481
-0.142219764717945	0.0990162543508092	2.58860756872769
-0.948286359240022	-0.208713829331893	1.46137523411913
-0.967942970328074	-1.02958447474189	1.64206794276212
-1.21808516798179	-0.945952904299493	2.29423305498062
-2.05841046871189	0.0558433977378188	1.27631822359599
-2.96365744917935	-0.0226419114995536	2.53209498993496
-1.56686373834519	-0.336474005733632	0.687906959747298
-2.43600454575817	1.21098904712895	1.97294009213031
-0.662230213431002	0.292140399214258	1.44314956282679
-2.38052029769281	-1.33821308147402	1.56143695973503
-3.31501418401711	-1.14006080096556	1.6111790974711
-3.6495190841434	-1.03497908533759	1.21802075548089
-3.28064154063347	-1.26297265190104	1.27147592515798
-2.11762250225251	-0.205864814894815	1.55486874112486
-1.47528196221583	0.564658206789153	1.423922681129
-0.743556280335366	-0.0642632320218011	1.88667946219246
-2.26075585823559	0.697504874612251	3.60655725729407
-1.62239004365481	0.683500971423807	3.18902940343274
-2.7480289620478	-0.773415821770579	1.80776297088235
-1.68412595585318	-2.52899777385148	1.98147758017263
-1.52744742479216	-0.0438841930700117	0.624208071165399
-1.74672580605483	2.37798447869968	2.32575475809044
-3.52771177066211	2.46913403476093	2.9525579570535
-2.74290007326933	-0.763548623713745	1.68079087394485
-3.38156628581284	-1.82906452229104	2.42982209987601
-3.01636092073924	-0.326976831186172	0.984136066315639
-1.49441580715865	-0.0814752980196799	0.164559768364701
-2.43063642898229	1.50639121307367	1.94066607948009
-2.49469058317926	1.55205165790935	1.62837701969664
-1.66261820693918	0.101543454345779	1.48823608152938
-1.26730336674392	-0.136772517107999	2.18280500943651
-1.36596153930634	-1.73527054941809	1.47779839682459
-2.08421999439272	-0.803663249878925	1.54767976097271
-1.75320016289453	0.165810506914047	1.61628903313469
-1.56560572667962	-1.06696782886313	1.64647656106512
-2.16393404407147	0.283980419141271	1.71481636011098
-2.32039594875534	-0.971202497559239	1.00611414032944
-0.757479818995783	-2.01648533112028	1.35274108667996
-1.24063224892783	-1.85814951910774	1.58650969793287
-1.94141282272565	-1.14716265927599	2.83810576451048
-1.11160339212849	-0.579231646153721	1.54306580764864
-0.881889943678599	0.211744965915464	2.24267954705838
0.0375950876341945	0.537680512921812	1.85391434443604
-0.785446271441785	0.915831647570665	1.75126111848869
-1.03529603880952	1.44471988367729	2.25258969490543
-1.82298648749725	0.963939088999837	2.54301771209096
-0.75656820113461	0.0606223378184383	1.7049738621097
-1.08175944675147	1.14797492351868	3.39731690209418
-1.09984597874151	1.11148307382732	1.83172157579726
-0.73784179797124	0.184520067237385	1.95449001652684
-1.01309930917154	-0.0737615812077295	1.65959498800219
-1.40586947813015	-0.448406831777799	1.14829609693014
-1.40586947813015	-0.448406831777799	1.14829609693014
-1.88596471772187	-0.440667833489606	1.0971408044666
-2.60710576195816	1.10242656231681	1.52453785637026
-1.81771116326437	0.0393716706678535	0.773968951573461
-2.13785739488382	0.910376177893934	2.05175113121554
-1.95842942720699	-0.871282448967669	1.69998526981327
-1.46763082944592	-1.13425419405879	1.0689218078777
-0.75962520701181	-1.1774414573285	1.18801306861067
-0.432788200606319	-0.994965657642748	0.979123887137964
-0.833531814453599	-2.19881295950463	1.8077647519738
-2.0941424455731	-1.85416881938037	3.73845064632928
-0.627085430811981	-2.27400916040654	2.39436271476636
-0.922191095640158	-1.98265587081534	2.50410484550065
-0.368696415570614	-3.0309694995088	1.66369408029651
-1.0531172350676	-3.71484929067449	2.40862340333363
0.126235399012257	-2.77733980497362	2.04483930045711
-0.654705846879697	-1.7606853772277	2.62911313920855
-0.016030791026111	-0.75953009210389	2.53977476726013
-0.016030791026111	-0.75953009210389	2.53977476726013
-0.755365952143735	-1.96341301545631	1.39671128449058
-0.938213056385541	-2.1389075835994	1.00056641263405
-2.02007132320337	-2.33638077609301	1.86351133232008
-1.59777579698701	-4.11436710063486	1.35247454293908
-2.33069948800773	-3.61205986706392	1.26763837706841
-1.23139971282611	-3.25792829054837	1.04651446982473
-0.583254543226538	-2.51139537990189	1.82123683970176
-2.34648727028618	-3.42989263748961	0.126670241620703
-3.28253918624054	-2.29250290957558	0.0721152206640019
-3.17309502771819	-1.23316061934281	0.296789654934738
-2.1837097891904	-0.581135794351001	0.581785779129948
-2.04861958076658	-1.63160774679664	1.18868061617424
-2.88047121004785	-0.0343909796626183	2.78628521139145
-1.88575142073213	-0.821255858068437	0.848104540557446
-1.16604166331751	-2.08045142604643	1.25453865342185
-2.07028149156469	-1.46065124161264	1.15374020720114
-0.691080075186845	-1.73578538002236	2.68330855427998
-0.664722765844781	0.395489942231643	1.20554893419651
-0.454970375520813	0.63983335465341	1.85787269110984
-0.0119683781732811	1.0341606117554	2.33068416641695
-2.09293015467773	-0.248367273649819	1.48573718459917
-2.35879555336503	0.295520391224678	2.23942490103531
-2.19228362622894	0.0360019669446848	3.33413670310734
-2.40095221818033	-0.825748220294915	1.73836805640948
-3.09065474495834	-1.37923164969123	1.23581747741604
-2.16925734558956	-0.608640216083578	0.974149468276934
-2.19218637973114	0.687221808658889	2.21654578088054
-2.64259515199662	0.119273829767395	1.44914865980534
-2.00183087329359	-1.30839888162635	2.60440967308875
0.209459586939112	-1.75491424863287	1.74428729927163
-0.839054452893951	-4.15103884083285	2.54093249685567
-2.33231771517206	-3.00215538628152	3.20029370913594
-1.80099147953086	-2.24240062494908	0.852715201621337
-2.80339397443906	-2.34464558542387	1.18856516341004
-2.87197497091795	-2.27607781599329	0.833367166929922
-1.88165826831128	-1.76363032154641	0.755333203995275
-2.0648537179747	-1.92340005127095	1.0504465859632
-2.23422970103339	-0.250823176642116	1.41352620090119
-1.8408713018968	0.146133487906111	1.28614000644568
-1.9424646921202	-0.859632653616492	0.768785111743925
-1.9810153111366	-1.38727021443864	1.42751068847344
-3.23174493551451	0.281387198310536	2.00358941999391
-1.81362666308246	1.11790092900884	0.593198911611306
-3.36191374346898	1.93130654826956	3.24192196131682
-2.91212344420627	1.19308441721761	2.09998344420895
-3.72037768412369	-0.704206991931942	1.33899557892614
-2.34798970943114	0.114413154813133	0.495681146201882
-2.6203590788188	0.91055471309312	1.46426069569696
-2.50073785231551	1.36966827297626	1.47779810530041
-3.15752410514679	-0.984021807840596	-0.145179068115856
-3.66549977138356	-0.873489740177078	1.47011653392797
-2.20572070747592	1.04316677879944	0.976556030614204
-2.07683411115498	0.0538431428616258	1.37418682927429
-1.05070665262764	-1.32744985856523	0.75517205798759
-2.42256329922068	0.425319427103979	2.02297632405073
-1.96534508985153	-0.570645880003599	1.73808102696506
-2.32177101500862	-0.0192039538867378	1.28458273822846
-2.88867493377631	1.22674126284558	1.63184331497877
-1.5473553446353	1.50712094551719	0.964370376360043
-2.35101973958949	1.94479515155222	0.950034922944688
-1.98456265683282	-0.0625737601595564	1.05356426721673
-2.08558740862173	-1.01915787355659	0.791852840664506
-2.14682209756029	-0.282717635100427	1.61550734419593
-2.32262508781408	-0.0424167956522966	2.0694375282425
-2.52503417009735	-0.322918390822073	1.87364994256025
-2.97214550453536	0.70132216160364	2.15406843913001
-2.55354526217146	-1.57191570592348	2.18894657650406
-2.84109954398618	0.703551727609274	1.89404897939828
-3.4534391995545	0.399193847875857	2.02526870053974
-2.19240455193609	-1.90844525963532	0.682753713782634
-2.97040146190006	0.454217180266613	1.52636297376155
-3.16715077653873	0.632935592616389	2.11862270393435
-1.95169730272864	0.869991360616713	0.759588271543194
-2.03161909031375	-0.751883450718125	1.03102708303467
-2.37572486243452	-1.89188668601928	1.01644444840851
-0.469105525641847	-2.21158390040378	1.83416222816913
-0.0842224346196609	-0.549506542991354	1.57300838522852
-1.94714353651558	1.49543910273675	2.18059946178081
-0.774427549657802	-0.890656670581634	0.333081441231528
-1.90716113685143	-0.361660434177037	0.529918827648485
-1.74318584941311	0.063968800994975	0.994063881507344
-1.78372182727751	-0.496236415650138	1.84786708260831
-1.6506426807183	-0.723003430467521	1.6473018887834
-3.19553131104766	-0.670238900434998	1.40014670118305
-0.888999752063027	-0.867359234697858	1.00974066119574
-1.14471370169792	-0.303842875645229	0.680611350835666
-1.81050537813735	0.581167803368213	2.23443685353241
-1.64503844306008	0.858115707886406	2.39321322929734
-2.39026248724092	0.355591432002327	1.42185629585818
-1.91956206618037	-0.257587933885317	0.661143746885024
-2.02291082279826	0.276092532373878	1.34982579326427
-1.617986722133	0.31083648804656	0.867651888743786
-1.94363323917046	0.0984512119163396	1.08208874558012
-1.1802721718319	0.10062967862745	2.0592213698392
-1.22419692757549	-1.09093968074166	0.460380986222041
-2.24878242660976	-1.1671333640371	1.70496812931117
-1.90109173708538	-2.51708962056399	1.10398527360782
-1.60483114612831	-3.18464450965091	0.36196162463931
-1.87675570862828	-0.421261903673567	0.824620763504096
-1.63711393841437	-0.296864004742692	1.20687231556427
-1.39933040689381	-0.652357511966297	2.0243975762634
-0.844507744188173	-0.205565283366559	2.0743872053299
-0.716907798983438	0.102135043442981	1.7604752130572
-0.644938247550653	0.550627295457571	4.41788769182925
-0.373694131882034	-0.647337488793073	2.27029858718844
-1.04841317479494	-2.23984335387376	2.89478376543139
-0.7442044233545	-1.77066642784265	2.62958360970397
-0.700474088410241	-0.342748292540242	2.50139376523645
-0.410232896152501	-1.18255180895118	2.25195347328026
0.660723741026161	0.142646489496821	3.99313077002387
1.15445335964511	-1.81670104856776	3.68147032829443
0.583239375496525	0.489174593442958	2.98705623943519
-1.74042884459614	0.214731579266673	2.83632599640923
-0.924181940960702	-0.117369047058943	2.55475306535804
-1.23783897018227	0.541607475917258	2.89286481208457
-0.618783895074808	0.175147636487935	2.02631190627411
-0.64737934743429	0.919238054094649	0.870108347120983
-1.78228718282584	-0.326554237554054	0.881633428610869
-1.52900719959748	-0.52255322719807	1.19626644423094
-1.43387452338782	-0.815170608357115	1.34536640884172
-2.18193837969998	-1.66951899844937	1.30520445119071
-1.62468673020086	-1.17723317338991	1.18794543731545
-1.23281310982229	0.46640081526168	0.499627106803567
-1.17674371739246	-1.59042859884715	2.72364449578879
-1.13645992095339	-0.643607549842406	1.80593520401154
-0.780951498217462	1.70582469807905	3.39105501288947
-0.271862299082274	-0.146298345587086	2.54407791455291
-1.19004709225032	-0.271481816771681	3.12684677664723
-0.948189294908722	0.302810095581676	2.66956678434919
-0.9666213815166	0.207908843586169	2.47350804268468
-1.46519681796742	-0.0426964818714626	3.86397573928611
0.220799317125566	0.631770107765484	2.40733904485127
-2.15155212711294	0.654108337457731	1.51105897342139
-1.94024842608662	0.196940579326578	1.66406478747156
-1.78554302002132	0.191151665963884	1.01985895558853
-1.99419639702894	-0.061055350412056	1.4370728472145
-1.4977010353589	-0.131704417327996	2.42952934738566
-1.53186388681961	0.116906239662316	1.580665230445
-1.58817729167952	0.468848879245808	0.71776397664965
-1.88168410726778	0.38454370517622	1.70359635104867
-1.78780322586844	0.759017316545872	1.47389704449594
-1.00633029636643	1.4333830609513	1.25155104421503
-1.13826126791427	1.69487330716293	2.29407371101662
-1.99357090158378	1.44092230210085	2.78054944808792
-1.34381303269061	1.36870213141452	2.84336993977415
-0.915116228486601	0.627962870482483	2.4949751427452
-0.29933214753016	0.430106217398833	1.84355187992764
-1.78585724938285	-0.0983760201683853	1.7037581098131
-1.99526131783103	-0.0293746163348901	1.11736441664892
-1.22553473641147	0.985202017069038	1.55229470832009
-2.05953176337267	0.221575502740174	1.88725734128953
-0.869256750005624	0.0863229762861023	1.60337360801752
-1.99492612678174	1.27937412443528	2.22123445039593
-1.79557793108443	0.112756331735982	1.51445565782325
-1.21566054002113	0.0508144240729082	1.75895016068468
-1.53219906926422	0.86419895511768	2.07065283980256
-1.11544164864343	0.0805660574936669	1.82001204889742
-1.69200747569959	0.516973243013716	2.16258029949545
-1.57336485844876	0.230818345411346	1.97161899937007
-1.49986654558792	0.128499259759485	1.86653616242458
-0.899587337452199	0.237347546302453	1.76041096665417
0.255006216391987	0.59108583334347	1.72853020805413
-1.18858893485744	0.670143779473593	2.19035273518191
0.0690870549843047	-0.356162840600576	1.50368973410599
-1.69597303938367	-0.264646267306674	1.47584343531866
-0.238759458700145	0.555149260853421	0.965423827797567
-0.743996775743407	0.208874381537754	1.72521433565996
-0.743996775743407	0.208874381537754	1.72521433565996
-0.743996775743407	0.208874381537754	1.72521433565996
-1.50599954612997	-0.583165810002955	1.81019552228582
-0.428747859798124	0.115379959010818	1.58377612365596
-0.226958791550899	0.782497354600846	2.00761435748844
-1.23556874496275	0.650822670136617	1.68595265554982
-1.04532647844296	1.04089881381846	1.21035644066876
-1.67902500603375	0.19371027162548	1.45314721985941
-1.78375498721879	-0.115255838524951	1.74782178496792
-1.4203221085623	0.73730831984428	0.939292302657289
-2.26046417190559	0.0818814409591482	1.06875219594108
-0.890255989419146	-0.494539946917074	1.54197259773279
-0.752455918923444	-0.110292884323284	2.20008438877772
-1.24865988447128	0.825870506002566	2.7624859873612
-0.621192683630452	0.678936323516974	2.03370020668027
-0.740663478673658	0.606092743647579	1.3370965759324
-1.08527461728816	1.07859854276749	1.54332403351735
-2.28686021689913	0.0509650694303253	2.10254844534318
-1.36028261053971	0.624428939720184	2.43832553908661
-1.78237994429459	-0.318102871503051	2.20499885561711
-1.37465169756303	0.414696962226566	1.98661599179168
-0.936822469401786	0.697888800637293	0.965782301149591
-1.55278232039367	-1.22182579228704	1.17163394301242
-1.32313094303735	0.960388099107061	2.70165597854571
-1.39573205740375	1.00655321336179	3.43814288811081
-1.99084367453611	0.816490405717947	4.0569948405023
-0.781568995953331	0.201150126255836	1.89932274214264
-1.56724610959632	0.645910918304279	1.59842508110373
-1.59408979558442	-0.348372076310892	2.40544806615734
-0.71013440402099	0.709202886757836	2.15046303348413
-1.38427867422283	0.280056185460064	2.01283523087396
-0.833402358343056	0.179658389401744	3.91450767626277
-0.21862686492908	0.631194161397881	3.01717189578541
-0.100894901990331	0.422683894921548	2.52210652419972
-0.380840089958145	0.592316043926506	1.95311317955216
-0.310128122735972	1.17573869146584	2.78773424447463
-0.966271254793141	1.16823413066404	1.49348274507754
-1.61124556435704	0.723881329482464	2.47493142094016
-0.578064785796182	0.846198768096606	1.12677191444474
-0.907692674286974	1.12547774451136	2.79608286699697
-0.841527244167095	0.217031262834566	2.37148610333965
-1.11282678382792	1.29482043407098	3.08301368883025
-0.113197040996909	-0.0549086101535979	2.49314643511307
-0.891713885513514	0.816621616507577	2.92679261866179
-0.486220945543148	1.17739360471249	2.0675103365925
-0.0126622000049288	1.8681109498575	2.23830902752085
-0.674687250331629	0.149770476483841	2.91278960852779
-0.464728198205298	-0.678855959092772	2.38082965633822
-1.00710213012914	0.0305461616227957	2.84215510360044
0.343130365728738	1.15565222248363	1.59323605284117
-1.48730198284503	2.27952593032994	2.85401147598717
0.129294089958672	-0.852368021093694	2.49561362228189
-0.235222020914816	1.01245596144092	4.9896188138199
-0.234251796484494	1.91240409335911	3.24941302955449
-0.781400097013451	1.51981538815526	2.076230303577
-1.83054555685992	0.979045765092635	2.46029460005329
-0.60597694746467	1.34753067963406	2.56340450541987
-0.716607923983801	1.0980579286696	2.57122952330788
-0.333925693895908	1.27172793450369	2.15733779336034
-1.03313391638327	0.493105944578048	3.16910268248648
-0.332409580548057	0.463440196436379	2.96803877352765
-0.332409580548057	0.463440196436379	2.96803877352765
-0.412226369644109	0.855541963146662	1.7788091706911
-1.13929397961534	1.27997517585705	3.34597507463127
-1.23852666255248	-0.00464031283633402	2.89732553021483
-0.423317330117744	0.238221389197182	2.54510416190304
0.50544756189703	0.574646077925958	2.56495986311569
-0.0490988799809182	-0.591835950925514	1.7327154220597
-0.869168116275079	-0.369895770971282	4.05857762268612
-0.665237579459591	0.597915307268209	3.24428304568801
-0.528808664816576	0.399920830248104	2.77884789117367
0.0982135099315116	0.650629043124042	1.87137498659155
-0.718045677341517	1.20458720566762	1.83006207727746
-1.1723838056917	0.505897197329151	2.09314190790567
-1.97807431958557	-0.336813678294809	2.40421243292973
-2.31014994668695	1.25030800531328	3.47471632770226
-2.63980977506813	-0.411154011164244	2.71582932375784
-2.1661801632967	-0.464054933344633	1.4439021701724
-0.840181419481324	-0.0309808535399656	1.82396934462736
-1.07717173766549	0.568424906053345	1.3877837621876
-1.11451177534757	1.14300808664421	2.75852169118293
-1.22786105026975	1.38001821365127	2.77041637301555
-0.905460583642562	1.21942364951141	1.99155870821525
-1.73973506847821	1.05803467662392	1.88457940658816
-0.846223096521586	0.0378731202468445	2.6677139520846
-1.35642037116712	1.04438036293429	2.95087887974175
-0.822054136355428	0.81354492406043	2.74888618644208
0.205156712866611	0.173374810051026	1.95979462022263
-1.10401419763407	1.83124966915443	2.79458766259054
-1.56193633075131	0.918111758823537	2.5934570603215
-1.33763411728294	0.697876815101575	2.61619322719451
-1.79901517505238	0.385228990659328	3.29069294769415
-1.19707987119663	0.643963615161152	2.39147848454604
-0.401092742742955	1.47173634994791	2.84623897948557
-0.776168671018801	1.60946043813198	2.99126386857176
-0.725244577548388	1.39551830361865	3.85591536667667
0.261429655089093	1.39543835163046	1.60779985058914
-0.465575715181962	1.95998622283876	3.87681611347015
-1.98383197569875	0.297103541822185	3.42561754175712
-0.644813289643096	-0.476933290593198	2.03369413407304
-1.09239125443895	0.456141923576009	3.44240105747007
-1.51048276367043	0.448185006630461	2.21521644703129
-2.73050734749329	0.296264985388801	3.07320095819114
-1.84223809405122	0.853069944499844	1.90877849817028
-0.512628355357484	0.941443149345891	3.2916929059218
0.388632751821051	1.81082689426311	2.43503459879547
0.286355350104132	1.00047970105153	2.02437535883936
-0.00711136741179552	0.423307676856194	2.66297634834372
0.541971991265621	-0.018059850928434	2.62515811761473
8.25935851302695e-05	0.0892721524691694	3.68390937289775
1.13884280055237	1.66849481557834	2.82792314366101
0.253577172176148	1.34200428772118	2.81788082451951
0.817060597236767	1.98112887025489	2.36386479080984
0.374769220957683	1.81229644212562	3.25647708413982
0.497762101042475	0.943996183726249	2.86295574292903
-0.297223240048563	-0.396984197750782	2.08525859051268
-0.66140537059425	-1.76680319752826	2.02202191524338
-0.977708771143945	0.474072274897569	3.36939836626458
-0.710778835866587	0.734079270187377	2.235127976223
-0.134566102257028	0.273963560573315	2.43034640399858
-0.710806072432512	0.191718647912968	2.16471411240209
-0.627382429773779	-1.12654355184672	2.02398632108749
-1.08474248235905	-0.3226245278398	2.36812491583483
0.0378588859605571	0.714537244240864	2.82793759117535
-1.11751417599771	1.33366719192307	1.70429827097549
-1.41535611902182	0.612717009357576	1.39176706483526
-0.831573925570517	-0.307940874593081	2.07425856327958
-0.192933021242502	1.16490217399879	3.22603205075546
-0.354368750557391	1.23956143829961	2.9274922892231
-0.957689590082469	2.23645054451126	2.89875001892713
-0.644497684865612	1.43917250549298	1.42249875125094
-0.219008969405552	0.240581717184811	2.19990233398878
0.487542111821075	2.03849128682563	4.15312710652485
-0.236517735559993	1.57527004056645	1.56606905536026
-0.403902646096744	0.111921763164346	1.28277302320141
-0.604480402531982	0.0880104489646843	2.37981786783537
0.0606193870392976	-0.628583404525392	3.10205587407092
0.0620960957736592	-0.457038234080955	3.67206925298109
-0.432430964182099	2.67329242908497	3.82124149028153
-1.44724245890467	2.50239757020218	4.72011406266947
-0.369445652481505	1.19719920253569	1.69651567630048
-1.08515653631706	1.35761902170201	2.56606645743862
-0.471266606326011	0.609048879457487	2.43315317963551
0.190052114495603	0.573122534994393	2.09942593901888
0.00474653688184717	2.80945916606727	4.15906082254611
0.0639973905120516	2.74488700834433	4.39376584750096
0.572801580029405	1.50973889890532	3.63376504662908
-0.401245350282457	0.845639278196438	3.74581213358238
-0.494406160490893	0.0738467952914037	2.32991180710046
-0.123839997248147	-0.00769915672681262	2.2676581707121
-0.346208077058304	0.422268627360912	2.37917023380012
-0.554791438301518	2.27673101733377	3.25914254711535
-0.416899924666277	1.52401301580904	3.40217990461143
0.0291209252004316	1.48073815367383	4.57340467907651
-0.826865007578451	-0.3767865728218	3.97705300894441
-0.551040729396312	0.165329815598006	4.20442413708323
-0.502498026064412	0.595208431530005	5.25742402072226
0.0753578884359586	-0.207324632975765	3.32812394824177
-0.881388754958018	-0.817588177889347	3.43573594347768
-0.961819257059847	0.259893177438624	3.11418207672658
-0.456414183725981	-0.670064655971014	2.86854877881215
0.556443079939455	-1.12447188750475	2.8821770424005
0.0839281831443956	-0.923217358033028	3.38495838878658
0.24240705720766	0.422413117222605	3.38668208173938
0.0756741980256178	-0.344205045103568	2.91441171165113
-0.0352363123123272	1.56019398617113	3.15757392492287
-0.145490268014575	1.06451662050711	3.93994676799709
0.0831196583483054	-0.018776894295303	2.82700247052124
-0.192865080439712	1.70689638030617	3.13432994949771
-0.227760784954999	1.89966476864741	3.43372169376432
-0.616576022340977	1.452308286838	3.51885253488555
-0.542081189358588	-1.00792334576344	3.43416422540298
-0.292915359620391	-1.17758111174577	2.79621846981488
0.260145409272319	-1.05963439819214	4.44171254021019
-0.742991700368154	0.806442824992059	3.7593221219773
0.63712878034926	1.13059162515249	3.36014120472175
-0.164885433240275	0.899341644038735	4.33972386568877
-0.74608138248046	1.31557992546635	4.22056791148192
-1.31144733630913	1.80039559522996	4.29408646013183
-1.95894958813344	-0.432236541349789	3.66878482524728
-1.41075912579753	0.664566306985157	2.77670756578217
-1.22227627254669	-0.384047011160131	3.24914743262705
-0.615517998871104	-0.643656625059969	2.82516189491473
-0.617068276040573	-0.697053025422409	3.91176673555696
-0.697562900423341	-0.0218685808012666	3.49998382707249
0.0341188670085729	2.41019676654175	2.79736092900128
-0.56388835764245	1.20174060682924	2.4967373154632
-1.15833832376208	1.70432594978302	1.28785961929838
-1.04983561447276	2.40033973541863	2.6915075950229
-0.270745593948057	1.67919610738823	2.0423190107886
-0.690985552544626	1.43233341107812	2.94272659373759
0.609005318016019	1.35016786037278	2.53716374053389
-0.122854316360806	1.51216865251017	2.39450484371728
0.242271951721924	0.251605925516549	3.34385004145426
0.212131530225294	-0.5832364340182	2.40740229043389
-1.23071724991609	0.774295582329837	2.01772962859144
0.172388052445805	0.732593503698621	1.76878445924929
0.157712307335695	0.25844620642165	2.72712899294615
-0.0729686012786025	0.163197709657369	2.33251059858113
0.507317845725676	-0.423507190179166	2.1308044515506
0.127413202519548	-0.933324119409681	3.16906581165534
-0.673568194678486	0.361261799701189	4.66938722520735
-0.861202375285362	-0.29016184927263	3.85907934182565
0.47693782136935	0.68507309319097	3.13872971672999
-0.405011751658102	2.90493512307427	2.92610715067518
-0.33379647759662	0.167056288919748	1.29519277710894
-0.924699383768801	-0.786816192087752	2.46461292828987
-1.27735961807653	-0.556953184374435	2.85672959834576
-1.35742038140329	0.205960609588701	3.57562055390507
-1.27437243665591	1.76219703109728	4.72290675328262
-0.0942780447517709	-0.0436600795230849	3.43351131652447
-0.0957367025635112	0.0652331010399692	2.63329910842117
-0.598558337920122	0.301487154556003	3.48882272667613
0.192645293714271	0.537123735162339	2.29144048913456
0.236722810526611	-0.151217107181119	3.32162525275566
0.308349106357031	-0.00899477206666621	3.01306417308618
0.376012029687003	-0.4198130621214	3.08078747362683
0.521782807209097	-0.518816637331202	3.3041156740783
0.058048753385805	0.566967159411511	2.7871681826375
0.30967104669417	0.727368428953382	2.02045280887102
-0.119391720799527	0.25429642564625	2.77300082949404
0.0647945473837154	1.31435445746983	3.69555636012063
-0.228468136135942	2.40348338383729	2.70196884268023
-0.30213470987577	0.770576972540192	2.56189924547211
0.0147494478922595	0.391145395038215	2.62155556644097
0.179557007290843	0.773942120379032	3.51524698727193
0.00576951920837115	1.6468226756562	3.856443613891
0.196125759878823	0.705430442897414	3.66726196541267
-0.044685045851712	0.45121852453875	3.55093530486017
0.364916313527117	1.01713508735913	2.5320234098334
0.342562787516219	-0.292331978894296	3.63446801131235
0.328575204897715	-0.0964832631099078	2.70111813622563
-0.262795398351086	-0.982496030233749	2.24820456830321
-0.783133394270166	0.0696650230757644	3.60341876864245
-0.145229419162773	-0.835278261516864	3.16353269401937
0.349311884911084	-0.205687893369731	3.89808586507029
-0.232777964014018	2.07368374567595	3.07414136194266
0.787615347051761	0.676853780669282	3.09804219574728
-0.420272713652696	-1.29821268454959	2.76197885615666
-0.851446035242195	-0.860353133212198	2.1200110363865
-0.975919913534663	1.16417318221256	4.61077544396852
0.0703317157668322	1.01584185321543	3.63405918610406
0.367239319376374	0.464413871626101	2.55087648087587
0.519734042601092	0.547086416945402	2.91351083519115
-0.15595217888215	0.79923513244166	3.3273469576202
-0.0624344225942384	0.61466521089206	2.64802301228775
-0.111190038755152	1.40493778016977	3.40164158600178
-0.56162692310411	1.34207789184697	3.68959306842326
1.07374121058168	0.685280489815099	2.8204028098085
-0.756788345335456	-2.2340586714757	2.39758132332101
-0.732045253845709	-2.29722148147713	2.08365988171063
-0.822379433042623	-2.20452775488718	1.8277162801978
-0.81320767737226	0.440222272785401	1.48554255240424
-1.29342382489911	0.232969196470777	1.50925429711949
-1.04708598188164	-1.05898106673098	2.87243716400156
-1.34213649568178	-1.12922417891818	2.18677437800259
-0.10542347574479	-1.88200857586395	1.77647074059273
-0.338135284137211	-1.01238048910348	2.42992335655696
0.19241951163629	0.74381341816716	3.41786975017107
0.377562968269422	-0.481689812048489	2.82255746265078
-1.06823832252229	0.285546725455702	3.96965490607152
-0.61755809915689	-0.0777460058816054	2.49710992023076
-0.128548619195747	-0.101411260350212	2.00452390901475
-0.608777956126989	0.899609705347531	2.56831381078014
-0.614895961973904	2.05042719564483	2.54266642397155
-1.44671041190195	1.24080266807781	2.8394874855464
-1.61858089663715	1.07980574582813	1.73756443870826
-1.17359080870371	1.60892400952184	2.76996140739973
-0.3258386024555	1.01027541344371	2.80493592467267
-0.907538263152636	1.07633550459744	3.22901071411697
-0.72372371121322	1.27696210337208	2.16555854125873
-0.432096236750275	1.31678483125975	3.38858619080086
-0.849908735043115	1.23092186332388	3.82365212182901
0.680606094853665	1.23272818451175	2.9112639050171
0.386956201516848	-0.256740039487095	2.27737165927702
0.227985419324076	0.640469506928003	3.81873090725803
-0.132468243608811	0.225391291503663	3.07776861042243
-0.70405251301479	0.0939989649051024	2.14063387641654
-0.13995957053056	1.28803907988376	1.99635815558876
-1.61830056861151	0.964469641735789	2.9810252629928
-0.602641822539685	0.990203025801262	2.78481969461389
-0.413744278125963	0.652292417095636	2.5366646297357
-0.513337628184759	0.0184538463404161	2.72034351622678
-0.5519108895371	1.20761176326118	2.61040818632316
-1.06432039125117	1.25711231054898	3.29138409629646
-1.70693313866886	1.29012448378456	4.24959732170567
-0.797761699004417	1.80939310169307	3.95769492854894
-0.583947322693863	1.57958507315802	4.22692494217086
-0.389184663883978	1.17447994470885	3.60227260256952
0.199722722409072	1.71954820048401	2.80410137401142
-0.189112060862738	1.77852257111759	2.2669890073066
-0.985992300517428	0.536462072496218	2.32513436954003
-0.40316416135079	0.674184603748543	1.70539562011416
-0.504318244834209	2.43617277367928	2.55091590352681
-2.1459488767797	0.872115050440411	2.77779350311133
-0.801243201594519	1.72590093887095	1.03503168528852
-0.892586846095625	1.25133199575008	2.18163349664775
-1.33184558943779	2.44522618403446	2.90619851977253
0.24112962268406	1.84895819027403	2.19209552443644
-0.438233074156927	1.39951202616192	3.42465848005957
-0.626735383510828	1.37865084128845	3.74132352589558
-0.148838630334148	2.02740774307706	3.53376978982451
0.741803191930963	1.64005125390186	3.57610955458542
0.741803191930963	1.64005125390186	3.57610955458542
-0.145942008543738	1.61918065301357	3.13043771854797
-0.586925599289272	0.104158635918304	3.39240779537949
-0.980780613034227	0.997335383268558	3.53524909973955
-0.068263309731528	1.15467585394591	2.32650453691193
-0.992146171857233	-0.313434877569575	2.81428569142242
-2.13678889879302	0.802218027720276	3.49205617619514
-0.440510737276323	-0.0190958636656234	1.85082329185649
-1.21133596050625	0.48905877404665	2.47615400142555
0.042167948052232	1.4502053634062	1.55314027802026
-0.260734855301738	3.58343473762987	1.10133611447503
-0.214304884411425	2.90201097217337	0.857993421710728
-0.468470486891541	1.71141144246662	2.32975795821762
-0.515001039288291	2.45281390807646	3.87869311213758
-0.460940077378192	1.77638423701845	3.19082705901719
0.394561424029315	1.10261343989092	2.5608284960737
0.339674809056084	0.120787935731484	2.87828010581361
-0.110088243261524	0.220253750426964	4.25553570128272
-0.116450838079404	0.353987837482953	2.86155672497908
0.697435499775593	0.955105541838254	5.0110879951445
-0.184384078416697	1.16503862556376	3.99278997022941
-0.378802476421482	1.91867643631648	4.58700785054223
-0.488523382922686	2.40390200773995	4.49949035946067
-0.515487746866683	1.6865808032446	2.9115732339781
-0.0630686226993235	1.64051422097677	3.45315207030277
0.0290177487978808	0.332296190704536	2.74044608786962
-0.947774225596798	1.02452669674167	2.50826761685421
-0.234985015464048	0.752801315667915	3.06623361069712
-0.0539611598697607	0.84228838804583	2.56669863645015
-0.786225795227684	1.46327488578432	2.72002697884588
-1.6303471674094	1.96023724043351	3.32296285518146
-0.910242170957068	1.74743397842788	2.10205543656541
-0.971469186049465	2.72140881556381	4.24199117785633
-0.208719539272219	1.83674500068058	2.45074715394934
-0.779568440618755	1.57043652690062	4.28732523085064
-0.133285432147184	1.32150814022251	4.31713930141397
0.308317771688523	1.02287475878536	3.18193549574579
-0.802542872462056	1.86001527203712	4.23398977575876
0.588006261205768	1.88789902626293	3.72470388567102
0.716587564837049	2.11599178555405	4.01240546913704
0.304107859887455	2.06332155483927	3.74726678387314
0.77432729596924	1.95505522959748	2.93117202098381
0.209979589856284	1.82393382484241	2.81163435033085
0.159038558206787	1.89368741337701	3.26000389069284
-0.00301095994302514	1.23486333804045	2.53426095040603
0.18983286199172	0.576812163439681	3.53307052570874
0.5648446025101	0.951127871910026	3.2212878696058
0.803833734053846	2.59121927208599	3.84745612542073
0.455656097311724	2.59832818020543	2.04327906769433
-0.259884857100047	2.44928846163232	3.98889899096162
0.348760711441503	2.20003744307014	2.57358352466667
1.48804134459538	2.73665945217611	3.64448156160202
0.813724826377106	2.15720127283727	4.44846483016191
1.05357189660762	2.17139435292276	4.22418403134025
1.30581577382481	1.43545148073215	3.69265852472637
1.68397606969253	1.64579554884726	4.12191137807909
1.93831989368755	1.92959464442408	4.20331344262883
1.03038168601079	1.20513505966746	3.27381577696024
-0.239419289248729	2.00019052172682	2.67720947129708
1.44046712960582	1.89998152777896	3.3548288470857
-0.0268639009490046	1.50410539479707	4.12972107687689
-1.16134642424093	1.9683723405343	3.4129410904814
0.320870938529515	1.53281534495733	1.91798797267192
-0.0794220649207675	1.7332047527774	1.84937336001182
-1.34370372671338	2.05820007149712	3.79823103731712
-1.06625600811659	2.18874890949696	2.81563512653823
-0.595049520589998	2.10796520834976	3.91214104736902
0.958173436078235	2.8454168357129	3.48063679555548
1.47431429828133	1.6123669151199	4.27819940400977
2.32890977333134	1.25231183171132	4.41639480286013
1.72846976552265	0.566135480479477	4.11519614064052
0.584801463681444	0.953357687683082	4.22925562120265
0.626022053066813	1.00101362554462	4.17376581407431
0.455917412728772	1.5358294123849	4.30443204768696
0.507166413226877	2.07450660330893	3.98196571947449
1.32800713668078	2.49783112318033	3.52349307275335
1.8441316630471	2.63291850744349	4.01204460861453
2.78082849240716	1.65567935021574	2.26281845389322
1.44869519634723	1.1856187298963	3.89856507770644
1.25774825430016	1.06287340423331	3.63761201872987
-0.413700239829207	1.90861041112628	3.64649400147836
-0.217729466501789	1.49937759634726	2.97261825618565
-0.81003186744178	1.15247437657372	3.34355772982529
-0.381014664381535	1.98654493721461	3.5399912189059
-0.0723571982342727	1.52325778774417	3.43983489998291
-0.886983850522496	1.81661472461641	3.26617713418192
-1.55550697061028	1.92182546076499	4.57484096014372
0.34083379695128	3.14199379314334	3.3085448922868
0.248395843147874	2.87117571650623	3.80467977064799
1.43733780582179	1.88046932738607	3.67548586746901
1.36375715403266	1.93418261979768	4.0489571701421
1.47354707163255	2.26306908793453	3.80864566820458
1.47354707163255	2.26306908793453	3.80864566820458
1.47289179025673	2.80575127032074	4.21689442501812
1.54027244946146	2.39891871559444	3.95595491214152
2.42600605100091	2.7760821908706	3.5908974969218
1.64466250375686	3.85694610221672	4.36019414714764
1.05621036365891	2.02597650504129	3.41391584378478
1.17941764372012	1.74779275179205	3.50598190624309
-0.525912446366833	1.31452952651231	4.15148043842346
0.107646969366906	3.04895662005315	3.56234381831378
-0.769231989810568	2.75602115168974	4.15862274398672
-0.738186221174916	1.66206664605779	3.12216447578466
-0.019942275663426	2.87222565682045	3.12062667094431
0.00999526330794692	2.66786475079359	3.88459318534
0.925352913594041	3.18937862184241	4.90342500667517
0.0243157555017551	2.59124003503332	5.57603119290066
0.34376213709776	2.30455460505423	3.89680300725074
0.00334284189904222	2.53106511957862	3.02194344245389
-0.0976572138920108	2.70607979476324	3.72260642018036
0.303698581360083	2.32972815063949	2.79265027033666
-0.967867465172385	2.37498471240622	3.76208148475166
-0.701893431760061	1.64585914193739	3.68289326697856
-0.918165131503011	1.61849726902798	3.624249367652
0.0645590988495719	2.22310791684173	2.56806788966715
0.189667200309879	2.09312745250193	2.99965485496166
-1.04499152857053	1.3517808149404	3.49474232719565
-1.08334492289259	1.72083902490118	4.51083027224905
-1.00315292711025	1.34611163370202	3.80317338359763
-1.81380559402619	2.06066210721651	3.10766591178599
0.129033931451859	2.46981381351325	1.99716789752306
-0.836985234103782	2.42139734888288	3.37609638665578
-0.866672511274327	2.77443916648943	2.78705251310886
-0.694549106310776	1.87883568998726	3.01406073660645
0.580444251687606	1.0208713977838	1.42036461686057
-0.652492729953875	1.83375902269084	3.86358827256115
-0.0531579858220591	2.54270199918925	3.40682164319312
-0.317440263137227	2.81402107534252	2.78949703037032
-1.94185466053302	2.28300222332909	3.2850124814238
-0.25837772581746	1.89800302483472	2.40252852535281
0.221010915690425	1.62057905111509	3.09050711422981
-0.507143307149893	1.12324650884998	3.63421271226756
-0.0617921661400014	0.390748962171109	3.81838554371133
-0.640644094797778	1.42714275910885	2.95793772325712
-1.38120974523465	1.41852878627252	2.81616345569924
-1.12221271118553	1.17568018723744	1.65941632178189
-0.282108237026005	1.97967080467743	2.88800438413147
0.10880599290854	0.617921035019747	4.52219251404232
1.67462736678576	1.2250727032906	3.03879968389902
1.19050389977763	1.05503069578777	3.43065350252007
0.514478032430072	1.35102539736865	3.54167986388691
0.983627293301752	1.28507320140165	3.74176107658207
1.21938374287094	1.68251166172456	3.76435071624561
0.335516451611725	1.86132127228721	4.11793461750601
-0.299564827907226	2.33079709005536	2.83038446224765
1.86129787236593	2.73359130729533	2.84801895085365
-0.0797535109218403	2.30404424315231	4.64783185466566
0.768439412574136	1.42513558792258	3.21562139403687
-0.664669143186931	1.10725915619533	2.11637077894821
0.493183521380729	2.05989021734074	3.04280769354383
0.00948272936227539	2.17383865415553	3.64136926800946
1.19129030904577	3.03037822184878	2.28630987905464
0.435116114154272	3.02386697820639	3.52107505334848
-0.0522948474953895	3.35033596548514	4.11531863208419
-0.0522948474953895	3.35033596548514	4.11531863208419
1.3099132826991	2.32006985319339	3.02164702241839
0.165535248206305	2.10629391210881	3.2613287487134
-0.84139785878249	2.53280854798789	2.78688165860209
-0.890701394231007	3.46535049414266	3.01017204722832
-0.899343674137807	4.14717576614048	3.05988111560738
-0.164176940861124	2.44225293801169	2.84590688216734
-1.01170430997914	1.84036486428294	3.12889196690631
0.400919599312482	1.77928140730899	2.10562077116504
-0.405239278136283	0.808169930898999	3.53903069117615
0.0436765078525123	0.153503820370809	3.61647261643129
0.669145614068228	1.38488364640235	3.37964914911556
-1.37691883818801	1.20252905071361	3.49265511978457
-0.826239134002139	1.53241912407022	4.23602153083087
-0.73625221944742	2.55225824299628	3.54438458362424
-0.640663950708708	3.06358069578254	4.29764960116932
-2.46731794071005	1.21029058521305	5.16752720690346
-1.31373047362876	1.7495731035685	3.3710159992942
-0.189874442357912	2.20848893716338	3.3182469752138
0.515134021217401	1.64715222611604	2.83753178599682
-1.15615471374978	2.2579852620121	2.97746079747119
-0.466819047487123	2.32662556926058	4.44281832009441
-0.0631481759594215	3.17090300666008	3.89746849112143
-1.22290401984059	2.25494169041931	3.46090177981584
-1.05226693094697	2.10300775792967	2.09489592099535
-0.593117684250428	1.69693040916733	2.72748878682991
0.522146320877992	1.23665542237776	3.37530595507603
0.795724155506034	2.32658682913351	3.60430225793094
0.31817905293371	2.56880047331515	3.48088645147463
0.636590644653215	2.20960132348216	3.81724506795176
1.15330525725692	0.0744469378976263	4.52827157148824
-0.308749983240191	1.19974844090829	2.5709164871265
-1.04625470551604	0.969717945864769	2.70206489464245
-1.85270436664397	1.58377867493408	4.42525772891617
-1.04035376855682	1.28293776028558	3.20468318999453
-1.00514110165752	1.08301242631783	3.67054305002598
-0.976299737950059	2.34548138896114	3.18833382485646
-0.96885483243499	0.834856149479277	2.03651088409379
-1.62763022123732	0.903908506289804	2.52403265863418
-1.82779889690327	1.64279914090662	1.75447201061404
-2.09459736031654	1.55089717938908	0.785454340503061
-0.764369024550163	0.889827714370878	0.574038282464502
-0.154651912391386	1.85279814089356	1.46412579118417
-1.15039217300226	1.78886769377328	2.54998328719333
-0.366658089709212	1.21010401041892	2.16893542021027
-0.2802472337801	0.946897400055406	3.03218773996611
-0.231230209161986	1.92792835478163	3.45979367128407
0.280318191179743	2.31101141748052	2.79275305656073
0.734762528584764	1.40644013824844	2.76859842658136
0.98359916281268	1.65439919170187	3.84527646545761
0.614733916381062	1.66192346962411	3.8674625351772
0.819295087036426	1.06281752614052	3.30530241416192
-0.560424064295734	0.471672522523177	3.43980649376222
-1.71716181373662	0.853579362653611	3.74143337081655
-0.117079469361596	2.64793497878228	3.81945966462837
-0.114735583530516	1.58696225472011	3.79561642983913
-1.56949309299829	2.02548752651877	3.25091665299548
-1.4764480461147	1.50750657110321	1.31593249262532
-0.747514648461549	-0.0804850350921028	2.44643021831475
-1.79325438501513	-0.462526262504418	2.84084703073301
-1.74145921852999	0.490439614613543	1.67236965177257
-1.70203829574593	1.56578567247937	2.91112669336141
-1.14452857274202	0.352730017268459	2.74957622528645
-0.22814644015903	0.445057399617804	2.82925781641801
-0.295880323610537	2.02734529233725	2.61381607173128
0.413903739557881	2.11336642669441	2.12437179641638
0.550458118454052	2.13608269424372	2.8586787228173
0.216025598111674	2.02470549883703	3.26659507930186
0.284777105164262	1.79993395189105	1.44239239954522
-0.307770871312535	1.24483955274161	2.86278298958867
-0.537308024671238	1.55179407044688	2.96618438257296
-0.870240481478271	0.969502846428145	2.93640731241921
-0.0740138025401328	0.769936816656841	2.11756552514196
-0.425511032497147	0.898631729934943	3.71249159757503
-1.08965813994517	0.099645423690175	3.29525617337474
-0.231834609664715	0.586698717655249	3.70868376120131
-0.0433044286325583	0.239573827984232	2.39582178811606
0.00584884716469564	1.9473320789778	3.15843061337013
-0.28315674471707	1.75376131599351	1.84975541678611
-1.35822076023035	0.530219368447557	3.64235762618395
-0.65288400121198	-0.463584039515276	2.65663055389562
0.346386194214937	2.38513280379238	2.7406447475898
0.104212967190753	1.902046273651	3.07431889610891
0.134293094339179	1.69685517668637	2.69001458695381
0.134293094339179	1.69685517668637	2.69001458695381
0.32869423267603	1.41986343717454	2.50458921768986
-0.816661075973822	0.84823494904021	3.63716413511782
-0.707024178211027	1.24942511645039	2.31270428428021
-0.828388227520977	0.737557534643456	1.74930659058764
-0.999842880328559	0.943726467425732	2.04860844295375
0.186363727249372	1.06225339959351	1.98903774474092
-0.655713740974159	1.39949812495404	2.60449690312015
-0.324699931825579	1.64974196001407	3.13139945091464
0.184202071436442	1.51109314255018	2.57470498474811
-0.204744979523036	1.41182155155609	3.09144096295201
-0.322219964909618	0.633901031627621	3.01930105488034
0.587731115029418	-0.0215525636919952	2.91420076647341
-0.124423933435836	1.87189315590938	2.28647979849912
-1.01906072047574	2.36990957470744	3.16349761388753
0.153896285585801	2.14513194974429	2.78324539744457
0.252499279801109	1.57978930001163	3.26163742933929
0.471893665622661	-0.22993353648649	2.1623276326231
-0.0675523210790047	0.142095845945964	3.05022582944001
-0.417484982790984	1.15553631383	3.47388888912766
-0.205093905106679	1.38202624246374	3.49150503296831
1.14809488951467	1.16695279957905	3.22206004232462
1.35355366827547	0.616147028750786	3.15248297474765
0.547308669285936	1.03256439101729	3.61533543906284
-0.0729981160719836	1.36657138272762	3.31352755596914
-0.00207542007706352	0.349968775731846	2.66523744852691
-1.00146233855099	1.86673934077909	2.29713349930605
-1.55571722052796	0.867269795926392	3.37354461969234
-1.17389317464897	0.554561317787073	3.57945245687023
-0.836000816482163	-0.0845258591850805	3.08882678684539
-0.806570030642099	-1.42741319497583	1.70070120783957
-1.15236551360902	-0.0865209113138695	3.20815724001284
0.287846938851425	0.733915821255682	3.5814387092948
-1.21114498375132	2.6343833238003	3.94123965084304
-0.152748470634439	2.13552574583413	3.00836659522149
0.117036115913822	0.789261700946309	2.60229041310612
-1.27186640337173	1.32124129447384	3.53413502368628
-2.02262801534045	1.31352011964437	4.29911824216237
-1.75853654913481	0.247749167675422	3.34653391759358
-2.44674687196342	1.0495108650303	2.51882759756794
-1.51217845559096	2.53802324234239	3.64169434141922
-0.483765377745565	2.50112981556696	2.53995648531489
-0.558389810608318	1.35604121306208	1.57232669607832
-1.3015803036371	0.402518192063127	2.82791806118428
-1.47140462408961	-0.937828688211883	2.03589629920544
-0.458842950467014	0.24822749400879	2.26174857127657
-0.140279787140511	0.726308897489442	2.59891574121254
-0.546631637101528	0.943613549557221	2.60366200341238
-0.0327603985938865	1.8874277554844	2.2635299640434
0.948409354210101	0.942518277261977	2.688707027103
0.948409354210101	0.942518277261977	2.688707027103
1.12533679841101	-0.0333785788937868	3.88102346057605
1.93590910097878	-1.12922313563874	3.26723104768475
0.403584226216865	-2.86360740651898	3.42726340810047
-0.0418527049806286	-2.0314754843523	3.43082659052751
-1.52115854364306	-0.460266450007935	2.77733524993534
-2.13140578814325	-1.52242962623671	2.00465945704501
-1.95915391111256	-0.671477923706963	2.3722245136586
-1.6394112816563	1.37103674506163	2.24307733715976
-1.9516554845542	1.98997445240216	3.74341618214243
-0.739800457725199	-0.548517891115594	2.50815563808809
-2.258320707793	1.50863519675441	2.9745394897102
-2.09591536211482	-1.995578636855	2.38050915054404
-1.10807198985873	-1.28764336094585	2.55699565432432
0.0577123397089439	1.13487920808994	4.00228404872739
-0.414343821458077	1.26057901900018	3.520201056676
0.191883644237873	1.2161792675961	2.57978182248781
-1.49179233927882	1.73550289328601	2.43315883224777
-1.24562777900227	1.95834060438692	2.40618848088732
-1.66189251688416	0.0527593888197816	2.58210350380654
-1.75911456260666	-0.103380589092692	3.00778824812241
-0.43337465760628	-0.290576653136092	2.35302473694254
-0.472857839060787	-0.304368002296994	1.88340445495228
-2.29598126201129	-0.862599829488819	3.38154167607576
-2.55935426904285	-0.0487151437903234	3.63138802519486
-1.78219752051949	-0.749395102208554	2.54788246689148
-2.31604238846801	-0.506743221589514	2.79487925119756
-1.56314029444105	-0.160337878451012	2.52312887306876
-0.560198677873045	-0.193717974230404	3.52073392072219
-0.672827493860177	-0.146314857562701	2.14956738272355
-0.218384209643432	-0.389472055571751	1.81564068949186
-0.639668605342411	-1.82561499534482	2.25459734474844
-0.792262280455399	-0.853915992960973	1.50191792843915
-2.1229967637177	-0.450108424761766	3.50088414754385
-0.411365667651764	1.01704327905167	2.67043238421739
-0.329315289922384	0.368453138040768	2.55505933627492
-0.614587295686496	0.58469781340091	3.37383489276527
-0.297979554905897	0.566670726226152	3.74446024449892
-0.383148944863809	1.02021578793171	3.16859241960601
-0.475819450109982	0.446791461527468	3.51968698028882
-0.179446595259507	0.885846234938604	2.96878567036455
0.365394343032453	1.47409963809504	2.48852485105384
0.0164449857908791	0.70465866862776	2.98386371807514
-0.550474832615971	1.4420445517209	2.36965731915269
-0.950609200939274	0.58768456257654	2.92515579153149
-0.62708191803563	2.0171940083319	3.20465133500019
-0.181479528605147	0.693216825407841	3.23793122824168
0.336972929730445	1.73998891155912	2.80243382493162
0.110466022534435	0.760207379817343	2.39632731792897
0.17833246670845	1.2204407910373	3.11320655512999
0.339793840112782	1.52207845103874	2.32215004360368
-0.519498810712706	-0.0449802252890842	1.80950254385912
-1.71174330513446	-0.546248173736157	1.76914590880045
-2.71549657931007	0.606024427447597	2.48494740451545
-1.56539097876166	0.864720143863087	2.61558687605204
-1.40218465488555	0.698732199625148	2.75992350819443
-2.08971628394764	0.93756502204038	1.54491212582715
-3.20290876277585	0.497321330916967	2.57207013552763
-2.0756567033381	0.29507540828382	2.39207916884396
-1.28573241201669	1.23851894360845	1.6906887035507
-0.875254700081045	0.972606832376065	1.6279245796223
-1.48154510500771	0.364417732046635	3.19745210110441
-0.917467236594669	0.241518227088092	2.88233914109372
-1.13924512309721	-0.0179387087856257	2.63240415598962
-0.619527833570532	0.452801024027919	2.5053062736369
-1.29555704380134	0.021695463625122	2.7096427693717
-1.23710030186738	-0.495511923432829	2.38884800305492
-1.76358381897301	0.866052129726572	2.72523619603307
-2.75179488169776	0.416368937482837	1.69299436496766
-2.36216965190337	0.0853260494837973	1.11564540046987
-3.57259325767027	0.317137278731899	2.01054645959905
-2.97468193655906	0.58168229662422	1.64279662006799
-2.26439394376733	0.0590325193368848	1.25636568548871
-1.64246624285442	0.0172187270825968	1.30043316887451
-1.21154442922806	-0.566784327557932	1.27897032230519
-1.54318733093523	-0.564270815756764	1.90380681248031
-1.94962038680952	-0.789401664282056	2.56254733020867
-1.39517238305127	-1.19785762245933	1.26474480887916
-2.23702228596055	-0.621215098515942	2.23795859240974
-2.13135254800514	0.396488742019756	1.30493460783367
-1.72378847658528	-1.60907282643875	2.36688823743352
-1.91914624644615	-1.44383731023722	0.831658236324736
-2.61206027842131	-0.160678981708693	2.23769545786238
-1.68683050382489	0.837365104308196	2.52569258602028
-1.22393713756451	0.463937845225761	2.34936317819209
-1.19926747982606	-0.0697716291726633	2.55388126488671
-1.23338918548683	-0.709223301665291	3.11292289725879
-0.779784754266143	-0.681129674723863	1.81271410723557
0.638736822146158	0.0903515740854676	2.22867825875865
-0.369074324675466	-0.564893061563767	2.5765416163064
-0.118179335130007	0.239365006917671	2.78987984793193
-1.60535279636168	1.48262649782532	2.31244877648962
-1.81984952026304	-0.452021689746214	1.61898543588708
-1.68712900345784	1.1731720585177	1.75279133827853
-1.13002635779971	1.99172781080018	2.25960875397285
-2.11297414618263	0.55162970048453	2.37303154565975
-1.62487516335971	0.988262973988149	1.54171295838805
-2.91205490930257	1.33654746630591	2.21534784236881
0.0345871520901028	1.66031073104751	1.72408454477429
-0.648546425836445	0.280988316284172	2.09989916895569
-0.224686352936518	-0.347864757671811	2.56732786181891
-1.69842040195992	1.01507707652921	3.60515651268328
-0.212856559240092	-0.421768253215354	3.0770772495202
-0.212856559240092	-0.421768253215354	3.0770772495202
-0.104009795324246	0.505569111035858	3.59642383275519
-0.343395166246292	-0.772292280966695	2.12141926099974
-0.258151626513669	-0.282293761392028	2.94574644732786
-0.3968253499986	0.615418989232629	3.04053041123962
0.216078481832252	-0.174040630462411	2.814943571069
0.43828039914063	1.24873616163552	3.83540891530825
-0.295092718289586	1.53310206540309	2.97522278297657
-0.365253484150303	1.18850468092257	2.03821818410028
-0.363959974796995	2.00011821523934	2.73153093586918
-0.893404138778519	1.61993970909287	2.21611467628788
-1.56002867807107	0.357993546057193	2.1482822482215
-1.60535322536139	0.826786076503822	2.39962673961608
-1.17917406563332	0.97315421784435	1.84268813407871
-2.36496530374021	0.404973069008827	3.57770832394793
-1.17907466791806	1.09452324121423	2.36708668732678
0.0992432488980474	2.09981967651773	3.41341479037237
-0.267753052153656	1.39232523126348	2.31477057032931
-0.722961901141658	0.719549822533488	2.60465115263108
0.10988298825546	1.15579431036233	2.06300309316818
0.0743607487450635	0.992884731678732	2.31154826611378
-0.893953963380994	1.30502645604354	2.85554998091404
-0.094403400867967	-0.842517188132286	2.4670190771079
-0.323632449850939	-0.427553298949312	3.41307078390564
0.989588939376554	-0.778455545532555	3.5031786095389
0.995598435637385	0.0118024486196696	3.65818341499804
0.55809461348313	-1.03873416388912	3.25771252298118
0.355209121828308	-0.584542623552095	4.34646150568897
-0.180538966415461	0.522726723105828	3.35236425679688
-0.369131470756318	-0.00951883343487647	3.00471545557996
-0.928316051047931	-0.504260754896737	2.66393331703616
-0.55088366733356	0.440581104374768	3.47995243490677
-0.0568743573060123	1.6549789168263	2.40806568496227
-0.566000332633437	0.974751313992158	2.73144436005082
-0.488328993470356	0.59638466622488	2.61350469448287
-0.301636488267393	1.48218578184803	3.20603117971553
-0.116240458828091	2.14309029659455	3.87855129073068
-0.462750691194335	2.72853252286059	3.74976006085818
0.297850593993898	2.4508424656922	3.61291028182595
0.305911161973022	2.16261207077401	4.10578603129671
0.0375450878156244	-0.147913636217723	2.58344310900888
-0.0340251274792179	0.754089561502514	2.80142648241506
-0.333686117757983	0.961523292644438	3.4979179558693
-0.348133034789456	1.15638684084505	3.07747164324677
0.13990465205862	1.71732052763221	3.04204718937416
0.605895140390325	2.44526969947311	4.95102041591508
0.950219758844318	1.69681256770183	3.50806596145104
0.784750830554531	2.5856908002649	4.46323712566415
0.512466731146501	1.37667950686012	3.31451251098173
-0.422711653617666	1.3690814464401	4.11856689923091
0.501522037126489	1.20502639263493	2.90407659301072
-0.76935618705862	0.30760234491968	4.40681475142729
-0.560122541548862	0.963729784139534	3.67081301902485
0.71262434920187	1.42175142817086	2.57789462566699
-0.38207968562609	0.404041215908533	3.61265806882311
0.374101502079184	1.64667840549054	3.65363842164899
0.604981165742329	2.87305588534489	4.2957552258025
0.753136863202422	1.99912312018509	2.96757463079248
1.32328448416286	3.37990113507602	1.43676344896571
-0.589735734629307	2.56021196617303	4.3195312781236
0.551275024119307	2.68474356712286	3.27262012538578
1.0525608480499	0.748844341887416	3.02297138600839
0.942256625705828	0.124485341956015	3.2762701210601
1.01767326912215	0.0716357596153879	3.47736400809395
0.295037353004016	0.272313850790455	3.40412275697529
0.673961764117709	-0.271106587174082	3.68612439485261
-0.00113531202313633	-0.961175665150999	4.21701669678385
0.787089407788268	-1.04206402859843	4.16199011035824
0.575689019908452	0.297217614113383	3.77955995320925
0.57327515116076	1.34784134186824	3.00624395115629
0.539376192399506	-0.394272466581351	3.97642849514798
-0.232897495210313	0.72165837087355	4.29024472659916
-0.288471642840646	1.40555638238578	3.18574814482731
-0.490673626029856	1.5021787877591	4.35772734793554
-0.522826089582213	1.31280817019254	3.93091246850663
0.134783472248116	1.27829347067662	3.55621800184744
-0.114087710583795	1.34176076637678	3.11149551744957
-0.379954852825182	1.84071165221773	4.12541794177162
0.962358032355903	2.53963995416189	3.37447054614601
-0.0113241024437329	2.73684417815089	3.90435384620069
0.101611096913417	0.850075694108883	3.35724248828572
0.556052494401131	2.00889067502633	3.06061101457052
0.967428942148586	0.479635754085643	3.30121707783937
0.639687531470617	0.890631967987283	3.07175656096307
-0.577223806961586	0.877194717558782	2.32247072601231
-1.16890367168676	0.46422637835454	3.38300872677236
-0.748583990661532	1.30497634286368	2.46745238821045
0.0241247372049383	1.37872600822966	2.94116007688668
0.113379159197357	0.109478372379649	2.22049942731063
0.446483293239035	0.60270615920361	3.28522148038078
0.228708697806573	-0.218553550723097	3.58555772211392
0.212704864084762	-0.268272678389296	2.3528983041949
0.0875458645829074	-0.23124681807521	3.25661594766971
-0.50273012567298	0.77002630418794	2.93726358903659
-0.41787750366467	0.177931833858888	2.70646286360729
-1.74100648703329	1.08379036170021	2.36842165108117
-0.499954302442727	0.228652398397958	0.624998006803067
-1.26029042475821	0.883678543283486	2.84300453206567
-1.27061285318114	1.1008479232919	2.87665923389613
-1.05506221723566	0.772418784536768	1.44444948516296
-1.62723369685265	-0.022500868971545	2.55167812138172
-1.04027483446068	0.346512963752758	2.99502696612076
0.137934905290801	0.472026585431896	3.84580191452749
-0.5094202873966	-0.624040986444382	5.09212974392477
0.860940748043326	0.169599649025711	3.33531023119987
0.0380883622347193	0.146423162914451	2.59902907135552
0.822412472108234	-0.385203595222172	2.82922030598306
0.465741053507285	1.20957271684683	3.45213253022285
-0.906524591060278	0.582183403529385	3.03312568891031
-0.312438648061208	0.737751833740362	2.38351540611744
-1.0908345245614	0.298951543202781	2.93795916223587
-1.06946417954031	-0.60568679231663	2.62481255344221
-0.596422887280746	0.244076736087241	1.51475008704802
-0.716556433993526	1.16818871062899	2.06197145898426
-0.65843201943214	1.44112142130572	3.2779892404445
-0.540857418792224	1.47107662177225	1.99894511814401
-0.848649564218456	0.518517542126311	1.60981279914355
-0.515277187302719	2.20220550572133	2.83590723413846
0.196470603088491	0.206609040716177	3.36928351565083
-0.616092954172635	0.251464757315231	2.9039056604155
-1.04384200073933	-0.637282814290712	2.79890295275959
-0.11580086872552	-0.68910417071293	1.35866907942487
-0.515743429857472	-0.313186648250711	2.03736121966131
-0.00227883931485146	0.414170914458902	2.97784648242963
-0.738298557243663	1.9715345844856	3.98441322820187
-0.580600861007157	0.848253325928275	4.2154118449576
-0.0474876910917743	-0.491887030887222	2.34755052636347
-0.739943165583518	-0.0533578219428694	3.09136917838498
-0.696979591680518	1.51519576046059	1.92217612810743
-0.691873343335104	-0.114752547537234	1.5345036468249
-1.3005697914781	1.11965574079492	3.5827458868646
-1.3005697914781	1.11965574079492	3.5827458868646
-0.567061807846099	1.31495828645516	3.34521140967341
-0.396817034377608	1.24699475824053	3.46035373730419
-0.22569492840874	1.42105155896943	2.17365923665339
-0.861057832033958	1.06985817079355	3.00513646567421
-0.0403935361415004	0.729894068305795	2.14623533171445
0.244677643120235	-0.0182788911860984	2.3097357445783
-0.957715002992963	-1.51582027504647	1.84215343548575
-1.52291967444443	0.0492438076481427	2.04639062129216
-0.405179949927259	0.0643435988813027	1.4806143125766
-0.23356077463436	-0.0529743945767717	2.43754918214174
-0.563641497190004	1.12224922231297	2.99397617776478
-0.36992443604445	1.03647350233386	1.602911794402
-0.140671433819325	1.72131530671816	3.93553218131778
-0.56431226479832	2.70828327180691	4.1091815840594
-1.0831346654901	1.96225288243954	4.11650116784709
-1.79089079845258	1.7593353758752	4.5908985309823
0.136192539949615	2.39194982474749	2.98804897310261
-0.0555092341138385	2.25593967606156	3.17188287603941
-0.932701842863908	1.37285045803034	4.57384473991678
-0.862538457377307	1.23874601256186	3.6308409133161
-0.277405967497103	0.648848104864574	2.26928412566271
0.0136919050725908	1.25221004114189	3.55215557564123
-0.258559541956759	1.37155456620425	4.04473165284527
0.101158189348055	1.20360843537215	2.85246245132519
0.50708870496394	0.255536252494721	3.50949158815123
-1.13159963164115	1.5121796014613	2.28146362579508
-1.05241741694397	1.05679756912573	1.97082788356841
-1.05241741694397	1.05679756912573	1.97082788356841
-0.813958723946983	1.38713596996335	2.62960643081805
-0.669231642450424	0.937823649350613	1.04892990798057
-1.80093944743506	0.480028083374844	3.63426670226499
-1.58953309602814	0.740176212468033	3.97210029805633
-1.72836633895106	1.66547981798855	2.64189052655861
-0.553662692283984	1.32269330060417	2.48859502160271
-0.866441276309259	1.74835803493803	2.40036552609493
-1.07159827744083	1.41063844105821	3.18558068838307
-1.2905665162672	-0.551991776354368	1.34777912469958
-0.850712675806231	0.215673001393706	1.56551139740407
-0.850712675806231	0.215673001393706	1.56551139740407
-0.499680344698306	1.02520637734871	1.57928895498642
-0.632385681403874	1.23297184826083	2.1098991201525
0.00926799769208681	1.90235646046092	3.30741778187533
0.596455974604099	1.4835221840751	2.45710950776429
0.0160730775479326	1.19521887434185	2.77385171678509
0.341988757864839	1.30387673425577	2.17856630433448
-0.492528248255985	0.993978067454042	2.69464457639158
-1.35513974938874	1.85151703193119	2.97601323624022
-1.23388380089172	0.280882851641701	3.507872428458
0.620715124226034	1.104357682942	2.85820604610541
-0.875546008302001	0.551388714634555	3.88488259745704
-0.642416401409137	0.782100321223206	2.65366614831819
-0.991707414592036	0.999256341591122	2.02134931112254
-1.17971528299263	0.110164449902184	2.5590703571724
-1.20797972695904	0.983057760902502	2.47129913439975
-0.587088998953235	0.938140224173967	1.82408309829483
-1.06645437391468	0.748847706338249	1.99260358467423
-1.80066839438033	0.0999112725529782	3.79978394968022
-1.3385218253923	0.701368033589364	4.83701443650463
0.414464189876816	0.0775047656805454	2.54521953667223
0.634305735867723	0.669920356216877	3.24134622132403
0.131934737936661	0.0498045202507961	3.67568420300265
-0.677467714375876	-0.0426175318448237	4.26725904934234
0.151976002861645	1.73386783175236	4.33897055412574
0.683959041181549	1.26546864060758	3.48316674893015
-0.718224968528649	1.01346913494244	3.4736334012037
-0.543771098536895	0.999854405926296	3.69885308151785
-0.391294536466732	1.12152920911471	4.51218809879621
-0.693132873394934	1.2363980319823	4.03444826678028
-1.12309969877195	1.67883773189492	2.28395194529205
-0.738804592910735	0.609882870083058	3.30112911880891
-1.41430818875257	1.51346725489167	3.03948428275077
-0.208559556440575	1.67462507216485	2.21380389901449
-1.41039720388034	1.9390814624219	3.42911466712107
-1.9008419677623	1.38056853642569	2.76884555894082
-1.52231845743195	1.52913065717009	3.77997958734579
-0.417345012307485	1.44609556722302	3.66207223546684
-0.709516473258462	1.04161210144047	4.55441321154713
-0.813591881300414	1.02203028416381	3.03934357852173
-0.2165201156272	1.7477502489093	1.90555297002005
-0.894131787069504	0.541288327422699	2.98561631178897
-0.109283074339669	0.549436080023591	3.18349665955463
-0.808223796006099	0.13915418830973	2.05605098002396
-1.90299640505634	0.87755450066542	1.94184475470857
-0.474066341189417	1.47828468968962	3.37573690833101
-0.861942514064583	1.15336342139714	3.37215155333797
-1.05387279688386	0.432595614815804	3.04746047160998
-1.26773957483083	0.254722434163386	2.22529784630369
-1.67475228664501	0.425151367327036	1.40040564026731
-0.77067771524512	0.472921485821627	0.920666711305408
-1.54341395399086	0.394959073625428	2.3397061720052
-1.53839683203692	0.953518557395088	1.95242280905108
-2.13659288264113	0.937743517676861	0.794623528068582
-0.938303727710803	0.0372640330130402	1.88558903664863
-0.482528662837412	0.801883569615403	2.17522244528265
-0.731816782854845	1.97675903254569	3.21155846188122
0.00981495532776633	0.455858154372733	3.1302978870324
0.203417435516279	1.03859344987969	3.12001474193706
-0.241349943641131	1.29645104028459	2.09297614011492
-0.943111346534669	1.07644997151804	3.19764171910101
-0.106515028802032	0.739199565566438	2.33872910044873
-0.751088134916667	0.886081682528337	2.06813625505457
-0.612496315780922	0.528764792295567	2.46334451712388
0.314195302374817	0.484155822930778	3.2032520665783
0.343581983143173	0.602398955250003	4.16613789533239
0.300849409826644	0.832675905690945	3.17777167571192
0.300849409826644	0.832675905690945	3.17777167571192
-0.528769940098127	0.582847187712584	4.01914208338851
-0.696379816275227	0.275439080341597	3.3049386160794
-0.507718234586197	0.187507442431376	3.08574875367871
-0.315684965597091	0.791002225483974	3.02634945191463
0.384338998420651	0.530625327289514	2.75000083484184
0.307434855238662	0.839195411391482	4.01066458564964
0.383461827155855	1.05012493951031	3.72780250228273
-0.44824816292969	0.523530292840221	1.98188581360401
-0.921114618501408	0.935673644263753	1.97154168803672
-1.26594740616788	1.2585446397747	1.25356663184687
-1.22636085724751	0.874291041555612	1.33005442703251
-1.45729670184272	0.695059431109492	1.67924606405512
-2.0662695686168	0.421458330755834	2.72398989830322
-1.1150926848978	0.323152037897836	1.43982554592931
-1.36417386908233	0.456156776134019	2.6215644443578
-0.546438253444186	0.0427327202987579	1.77649993002759
-0.46743627013601	-0.380808609403259	1.70264751631052
-1.03697899622633	0.352885001143528	1.91265886560428
-1.63460063736613	0.666067019411428	2.09118519532688
-0.951965458373945	0.935941095731495	3.2144338128723
-1.67518009440898	0.730346630359093	3.35277864718737
-1.69750775351747	0.363756323573362	2.22335640533708
-1.58804499957445	0.410440122737083	1.4642761222149
-1.47796617995749	0.647573890680719	1.64516796794776
-1.47796617995749	0.647573890680719	1.64516796794776
-1.20712749920336	-0.537839165984617	0.977662039815322
-1.97888046999563	-0.573547682460517	1.83604219787014
-1.71963327947654	-0.116100533912645	1.73118923868902
-0.988737680935552	0.323218871898074	1.7839962676331
-1.38979082341567	-0.499536804540989	3.9995838381541
0.00776892969533061	-0.0112317273913346	2.63171061052488
-0.698765656266503	-1.26412371377948	3.51742251992919
0.181190367887021	-1.795811111469	3.36422571875754
0.731069396134813	-0.0234985568662776	4.37462382586149
-0.886200249218005	0.0247103358549451	5.29750151744019
0.0628148226713431	-0.773109113736993	2.61056855695812
-1.46759977363508	1.88618122757059	4.34067451461088
-1.66470457388875	1.51060609099309	5.37623190587851
-0.049701832018597	1.38496803678465	3.29852594291045
0.603653088737204	2.29860121390998	2.28403481103607
1.04370157126804	1.61891371868181	3.34248789533101
-0.751312994622192	0.730150737664516	5.20662979576174
0.0461545719591316	1.11219338890329	3.44119969901031
-0.384398148836696	0.317458159633693	6.21741006510928
0.95542756493348	-0.127838800406437	4.15792311861931
0.0070705121606548	0.00446842946003859	5.81890431851641
-1.29408258474783	0.697652741390558	6.847890117058
0.487268805538598	0.809320322575049	4.63069248770052
0.652546850936389	-0.463994209827151	6.21963360496392
1.08839327202934	0.0338513171360941	5.05131955572945
0.94385380514347	0.1111183069762	3.82356583007458
-0.205724525231835	1.29071767082863	4.07491354439082
0.180832761782246	-0.593114753068716	4.22953334661529
-0.362494589888127	0.758064031861047	3.62571385405776
-0.741769149886622	0.505011615941559	3.06103075598023
-0.485105260487042	1.23962530488163	2.99346925205117
-1.34605897418441	0.754465482404422	3.15129039364325
-0.781384844691214	0.0345450205357624	2.53211555012671
-0.396065197553436	0.157422322169512	2.08492122626614
-0.535322968649908	2.02726687973158	2.8394067325285
-0.795156013605723	2.34787408879307	1.13212904012946
-1.91056212738076	1.26186828160632	3.83323579832102
-0.499625716483087	1.72533137754686	2.66761839554898
-1.11817898509397	1.41456477581889	2.06737673350564
-1.85970563782467	0.433887449316359	1.29177035622613
-2.47929908333247	0.192203671213603	1.05642000857766
-1.63488227260361	0.245233809480465	1.89324296108155
-2.07461505507028	-0.163327534138347	3.11597361086913
-0.694455182502886	-0.689732845138367	2.82046307949682
-1.17482259363021	0.83214688105856	2.16497582175931
-0.63468673267333	1.26024110166026	2.72934588653589
-0.614908187162348	0.825219967772601	2.33542171550208
-1.05728114143449	0.797116868604997	3.52757346856516
-0.805963748206135	-0.0168410589218605	2.3740392458242
-2.05905149920259	-2.08720453935273	1.39803359870486
-1.29332505574525	-0.941236344048496	0.357706405313157
-1.79456694145051	-0.60017161665338	1.93945124711402
-1.79909198628132	-0.112614715280029	2.11115128046004
-1.79909198628132	-0.112614715280029	2.11115128046004
-1.33101463140614	0.201500067432697	2.5561870322376
-1.00176883886506	-0.12250003774481	1.64477502661382
-1.00176883886506	-0.12250003774481	1.64477502661382
-2.01395728248628	-0.482798368560259	1.93172838603019
-2.21756542195748	-0.162702920253585	1.67975245149375
-1.44356906196133	0.11468476833178	1.44015606620128
-0.617473191341504	-0.0290058883651352	1.70873965541481
-1.17085657567116	0.456278890247655	0.990097774748215
-1.550062869141	-0.0439247648899143	1.32363878982441
-2.20695451265248	0.0410451977001284	2.76364875657388
-0.74517729301064	-0.0347452059694915	3.62000619811394
-0.746880079479985	0.739627980667494	3.22510299620021
-1.33854243325848	1.08760168138708	2.35558454261936
-0.995772517688535	0.258890879496962	2.69837705665557
-0.664513558179427	-1.25940811383408	2.97033364224492
-1.48765928804838	-1.50323951479987	3.68865974526295
-0.333296096377964	-0.793555322514087	2.46730447271269
-1.48552251754333	-1.04525581084937	2.28678050686513
-1.60084076177837	-2.62106106089247	2.33897685684862
-0.895726397203941	-2.87107771927027	0.910156542106179
-1.31298517996649	-2.09690551520465	2.23769197787995
-0.755579620266097	-0.504370116312914	1.54230803021038
-0.624125341128063	-0.0413162250998909	1.7034113204922
-1.39386627729574	-0.90522338425018	1.9531455499796
-0.928017384504307	-1.51804270594458	1.25465814107957
-1.42260800862515	-1.33207244070279	2.1738770527559
-1.18231575379124	-1.07899270524689	2.06624083353637
-1.78192507263477	-1.46303114063184	2.38018153970613
-1.63727812330518	-0.84256514833865	1.35023038953191
-1.62018885619711	-1.54408259219983	0.712880706428085
-1.80811382409684	-1.67638663523661	1.51387836582992
-2.68361207836172	-1.9168306395998	2.16259117097431
-1.13914835678198	-1.78174066707508	1.66133158215821
-1.61748503325195	-0.00467988183145052	2.01547209360044
-1.09927340150466	-0.718577015433804	3.16687256357103
-1.56776625321631	0.596581312116245	2.2168015472365
-1.90210848927296	-0.415715093880091	2.73664560892272
-1.52727213169315	-0.431159883440602	1.90928098087571
-1.53360000285711	1.46996978190719	3.63892896209036
-1.15226173644618	1.75350599161163	2.71300662257096
-0.461755518148224	0.057166570406898	1.58702950013265
-1.63791834499404	0.737507213208455	2.6475916398397
-1.24237544419606	1.89598073956267	4.14635644208474
-1.13582568582538	0.324801506933579	4.38962516914769
-1.21780245027303	0.756933507842309	0.462681216733806
-0.864646521624174	1.70225112368748	0.606897682987519
-0.716942396055305	1.12151439001022	2.54522157998291
-1.4506912997107	1.82712470784794	2.74463209868873
-2.45619340004273	1.14717201485011	1.49680371432341
-2.65694310739724	0.0896324698439697	1.80398825033068
-1.71251785229776	-0.896103769861124	1.98534864295502
-1.29040306785913	0.166546776925568	1.50376609619239
-1.18454188511209	0.444053009391015	1.82754399851239
-1.03615059402037	0.543072062521563	2.0126913684653
-0.69884413926768	-0.473147884089652	1.96876625894722
-0.688591116752505	-0.518413892964278	3.00430665467439
-0.64822773555168	-1.57753682609214	2.50573376154385
-0.796926746237128	-1.31544650790259	2.22609921287481
-2.0381698986638	-1.82570642396681	1.83794147561695
-2.22911301306027	-1.83169118909747	1.05007353619128
-2.08474239998301	-0.512024633428085	-0.107067711102481
-1.71761451756574	-0.475174752691219	1.85096678384334
-1.35349350760243	-0.237213867002914	2.16453423338876
-0.607960126125579	1.42367246993813	1.9774978678894
-1.44478013009003	-1.08274986021113	2.69652708992548
-1.44861424460493	0.0727681029149153	0.478194773257759
-1.64042455447898	-0.610201970325424	1.98421858320521
-1.24115829841195	-0.108194717959461	1.61135940880381
-1.02903174231719	1.14524892532082	1.50737361858933
-1.373049286066	1.74399681363174	2.20771446694382
-1.27150704164994	0.203114781319338	2.82148765477963
-0.826284169957456	-0.258101152931607	-0.0560990441942109
-2.22737330064007	-0.745345043217495	2.18557743767344
-1.73178870842931	0.11348606552906	2.84387677030643
-0.643637144495659	-1.37213913504935	2.70901439579769
-0.85705700301561	-2.56627953564564	1.81080753662011
-1.18524224880367	0.400074954940626	1.58762047279776
-1.15789607654944	-0.47867734586234	1.77787780182324
-1.88545911803176	1.00789351677173	2.70947834201038
-2.09280596634277	-0.26155741136895	3.31402517651064
-1.12588131796093	0.328350465826428	2.46765863242593
-0.161356526147335	0.181166465369508	2.37280898096063
-0.399765033655101	-0.810798288724376	3.05458593870485
-0.459440857325074	-1.71209321281021	2.55237467526282
-0.387009514019436	0.916316278205986	2.75054557511606
-1.43530994403597	-0.949475694017416	3.57385179140404
-1.06675936103543	-0.13240451349439	3.07088621835355
-0.542650217505808	1.09065328619779	1.5810979462429
-0.646541762402596	0.549693813957802	1.38694124304659
-0.553832434844578	1.02847560202742	2.15197079100997
-1.97623054827331	1.32151218275503	2.45154054665626
-0.857333526537135	0.775668174434452	2.53259904356793
-1.28169061668173	0.373561005157197	2.2441710511148
-1.10898102864013	0.0727370312326805	1.49953044189621
-1.73385187832468	-1.40542296102146	2.92607865420996
-2.15559974290376	-0.517691884164785	2.39153727323711
-0.376831550667864	-0.0419881776834809	2.10743807012229
-0.10458112390679	-0.401046618964659	2.04138352675454
-2.08049431082374	-0.0154204445991399	2.20129664121875
-3.26180153579799	-0.405745195361629	0.825009909799354
-2.70360058837064	-1.05474748662305	1.40810529409955
-2.33003488389052	-0.536046212775983	0.930929950334908
-2.72592828671953	-0.39429209491737	0.959627433343655
-1.86956666637194	-0.215357704777367	0.287679685924821
-1.71876124589826	-0.385440098093942	1.26020076119447
-1.34902815570419	-0.415002822769327	1.95819891485538
-1.38678632600557	-0.475226223638027	2.43162657226705
-1.63696474611306	-0.323847240553704	1.29766071672804
-2.31333490183185	-0.98558747578396	1.98474234369505
-2.5320438715497	-0.0453415771884453	2.01079994971796
-1.07982791482082	-0.449659883187925	1.8947743739271
-0.768808178302024	-0.0903142864261362	1.17118971594721
-0.822925105347943	0.53408407833231	1.33373463297279
-1.24796851494465	-0.45353330181734	1.13308799359781
-1.49998711024973	-0.479360556762594	1.69985591025157
-1.74896316015492	-1.51486965161731	2.24358275466914
-0.383419077354538	-0.961065535166555	2.86200769951994
-0.927684067406126	-0.259604243900175	1.61316067665027
-0.371621338984365	-1.27363207336981	3.52859040071726
-0.273155174423477	-0.559548223164109	1.49173773246729
-1.45264191716665	-1.60427584090504	4.38829344883575
-0.737416329923368	-0.983894244706679	3.89981167018746
-0.88645253400352	-0.28472297049725	2.65261690575668
-0.88645253400352	-0.28472297049725	2.65261690575668
-2.56136750303838	-0.515203208064751	2.29140924853954
-1.66277253126062	-0.88212344089384	1.62732730057295
-1.31105137900936	-0.123768266898457	2.92505516415889
-1.63671688545553	-0.725262094258273	2.03545769281922
-1.13901346899469	-0.168875701705938	2.47224315360163
-1.00129279135853	0.298614477390297	1.56981682965441
-0.346798867433749	0.120117895452286	2.52383959770273
-0.262025798577043	-1.5840627756942	1.88999829006847
-1.14505313505125	-0.132276821531984	4.20551261633877
-0.531492975990017	0.689562080769763	3.015665593884
-1.68946269916543	0.0916767602741755	2.30374352633316
-1.96361453794281	1.63567919201638	3.2599678610215
-1.22970533403693	0.0150979879990326	2.70091991170112
-1.5112143905112	-0.162711389118858	1.3523602320083
-1.80547827890279	-0.399685988542215	1.34437745073586
-2.10932013747029	-1.65862210417593	2.47159912517858
-2.03497177094127	-1.11043516894966	1.61670560757334
-1.55308707102164	-0.717800577002411	1.8933709554223
-0.508989824998041	-0.375358061564161	1.41157776151621
-1.1822432769618	1.89710558152309	2.41410147430228
-0.753765740312497	0.509885251826329	1.96395805977671
-0.972574025410206	-1.61211655253458	2.48063161422972
-1.61148418703534	0.619933642552041	2.62785057135039
-0.633262645314782	-0.388651480243191	2.50779557139914
-1.85910917752915	1.16676824498444	3.77313670124995
-1.0746743978707	-0.521218765206836	1.54359748328694
-1.91618542229957	-0.283962252380742	2.3977096447516
-2.52599474270512	-0.135147917769654	1.92271168439226
-1.87970944943772	0.608777097352117	2.39690247031958
-0.66848824277532	-0.54961760026116	2.65987650109216
-0.5143596106868	-0.524341246361608	3.60257936402892
-0.970620636715248	-0.627148023879275	2.43509380239931
-1.92776115055745	-1.13668953717757	2.62008873519031
